episode,train_batch_id,target_load,actual_load,memory_load,core_load,num_gpus,num_pods,reward,balance_score,success_rate,failure_rate,allocated_count,failure_count,objective,loss,epsilon,steps,eval_objective,eval_balance_score,eval_success_rate,eval_failure_rate,best_eval_objective,best_episode,patience_counter
1,0,1.0,1.0535714285714286,1.0,1.0535714285714286,3,18,13.188947011313308,0.20829164581581544,0.8888888888888888,0.11111111111111116,16,2,1.3472639097397399,0.0,0.995,16,,,,,,,0
2,1,1.0,1.0,1.0,0.5294117647058824,3,14,14.865251355831631,0.13373781241345242,1.0,0.0,14,0,1.8662621875865475,0.0,0.990025,14,,,,,,,0
3,2,1.0,1.0375,1.0375,0.9558823529411765,3,21,18.964546801465314,0.12691600572314943,0.9523809523809523,0.04761904761904767,20,1,1.6826078038006598,0.7298703193664551,0.985074875,20,,,,,,,0
4,3,1.0,1.0,0.6354166666666666,1.0,3,18,13.975078097600562,0.28575343694868854,0.9444444444444444,0.05555555555555558,17,1,1.4920243408290892,0.480873167514801,0.9801495006250001,17,,,,,,,0
5,4,1.0,1.0972222222222223,1.0972222222222223,0.9464285714285714,3,19,13.632601119195602,0.24744958663757943,0.8947368421052632,0.10526315789473684,17,2,1.3314977817834732,0.6088038682937622,0.9752487531218751,17,,,,,,,0
6,5,1.0,1.046875,1.046875,0.75,3,17,12.943464152503129,0.18468493622862361,0.9411764705882353,0.05882352941176472,16,1,1.5800209461243175,0.7782321572303772,0.9703725093562657,16,,,,,,,0
7,6,1.0,1.109375,1.109375,0.8928571428571429,3,16,10.481019488344442,0.3641565770354369,0.8125,0.1875,13,3,0.8858434229645631,0.4776049256324768,0.9655206468094844,13,,,,,,,0
8,7,1.0,1.0208333333333333,1.0208333333333333,0.484375,3,10,8.392678518404932,0.13931332136825553,0.9,0.09999999999999998,9,1,1.4606866786317445,0.7252790331840515,0.960693043575437,9,,,,,,,0
9,8,1.0,1.0375,1.0375,0.8833333333333333,3,19,13.446387181512629,0.3339115355603141,0.9473684210526315,0.052631578947368474,18,1,1.455562148650212,0.8325890302658081,0.9558895783575597,18,,,,,,,0
10,9,1.0,1.015625,0.9375,1.015625,3,23,18.386935022535322,0.12701655868192713,0.9130434782608695,0.08695652173913049,21,2,1.5251573543615509,0.5221858024597168,0.9511101304657719,21,,,,,,,0
11,10,1.0,1.0357142857142858,0.6875,1.0357142857142858,3,18,10.820035582023799,0.33974793222447464,0.8888888888888888,0.11111111111111116,16,2,1.2158076233310808,0.5732837915420532,0.946354579813443,16,,,,,,,0
12,11,1.0,1.0,1.0,0.6617647058823529,3,13,13.169269236352235,0.10099810534832132,1.0,0.0,13,0,1.8990018946516787,0.4236057698726654,0.9416228069143757,13,,,,,,,0
13,12,1.0,1.03125,1.03125,0.65,3,14,11.837830656212146,0.2514157444218836,0.9285714285714286,0.0714285714285714,13,1,1.4628699698638308,0.6348442435264587,0.9369146928798039,13,,,,,,,0
14,13,1.0,1.0454545454545454,1.0454545454545454,1.0,3,19,13.429404883321187,0.22700659290680575,0.8421052631578947,0.1578947368421053,16,3,1.141414459724773,0.29694265127182007,0.9322301194154049,16,,,,,,,0
15,14,1.0,1.0535714285714286,1.0138888888888888,1.0535714285714286,3,17,12.395611853220997,0.16972170977353285,0.8823529411764706,0.11764705882352944,15,2,1.3596900549323494,0.7032543420791626,0.9275689688183278,15,,,,,,,0
16,15,1.0,1.0138888888888888,1.0138888888888888,0.8653846153846154,3,15,13.057458916677465,0.264426610104893,0.9333333333333333,0.06666666666666665,14,1,1.4689067232284403,0.8045084476470947,0.9229311239742362,14,,,,,,,0
17,16,1.0,1.0166666666666666,0.7222222222222222,1.0166666666666666,3,19,15.361368107637595,0.2964435969338363,0.9473684210526315,0.052631578947368474,18,1,1.4930300872766897,0.8325819969177246,0.918316468354365,18,,,,,,,0
18,17,1.0,1.0625,1.0625,0.78125,3,16,12.883794980513525,0.22240228218219338,0.875,0.125,14,2,1.2775977178178066,0.578728437423706,0.9137248860125932,14,,,,,,,0
19,18,1.0,1.0357142857142858,0.9375,1.0357142857142858,3,16,9.572920070755927,0.12570787221094176,0.9375,0.0625,15,1,1.6242921277890583,0.29960501194000244,0.9091562615825302,15,,,,,,,0
20,19,1.0,1.0,0.95,1.0,3,22,16.791630016426126,0.16515513829872863,0.9545454545454546,0.045454545454545414,21,1,1.6530266798830897,0.3932379186153412,0.9046104802746175,21,,,,,,,0
21,20,1.0,1.1071428571428572,1.1071428571428572,0.7142857142857143,3,12,8.670892131093112,0.246777753510793,0.8333333333333334,0.16666666666666663,10,2,1.0865555798225406,0.37587103247642517,0.9000874278732445,10,,,,,,,0
22,21,1.0,1.025,1.025,0.828125,3,21,18.49059628608901,0.2658653487898698,0.9523809523809523,0.04761904761904767,20,1,1.5436584607339396,0.6904084086418152,0.8955869907338783,20,,,,,,,0
23,22,1.0,1.0454545454545454,1.0454545454545454,0.984375,3,20,15.627282262422842,0.15517685921589058,0.9,0.09999999999999998,18,2,1.4448231407841094,0.5592408180236816,0.8911090557802088,18,,,,,,,0
24,23,1.0,1.0,0.85,1.0,3,16,12.201007665206564,0.19629729530370216,0.9375,0.0625,15,1,1.553702704696298,0.38757267594337463,0.8866535105013078,15,,,,,,,0
25,24,1.0,1.0416666666666667,1.0416666666666667,0.6666666666666666,3,11,9.384558807985735,0.27369647376640904,0.9090909090909091,0.09090909090909094,10,1,1.362667162597227,0.36653465032577515,0.8822202429488013,10,,,,,,,0
26,25,1.0,1.0625,1.0625,0.9375,3,18,9.567552176414972,0.28626363727376425,0.8333333333333334,0.16666666666666663,15,3,1.0470696960595693,0.4531981647014618,0.8778091417340573,15,,,,,,,0
27,26,1.0,1.0,1.0,0.95,3,18,13.394890307017926,0.1927996722157137,0.9444444444444444,0.05555555555555558,17,1,1.584978105562064,0.11831863969564438,0.8734200960253871,17,,,,,,,0
28,27,1.0,1.0178571428571428,1.0178571428571428,0.671875,3,13,10.393721726641619,0.11507964370178633,0.9230769230769231,0.07692307692307687,12,1,1.5772280486059063,0.40252602100372314,0.8690529955452602,12,,,,,,,0
29,28,1.0,1.0333333333333334,0.6625,1.0333333333333334,3,18,15.532433711449034,0.17340735051886394,0.9444444444444444,0.05555555555555558,17,1,1.6043704272589137,0.08131511509418488,0.8647077305675338,17,,,,,,,0
30,29,1.0,1.0138888888888888,1.0138888888888888,0.85,3,18,13.195920901590522,0.22068376230395717,0.9444444444444444,0.05555555555555558,17,1,1.5570940154738204,0.09604448825120926,0.8603841919146962,17,,,,,,,0
31,30,1.0,1.0535714285714286,1.0535714285714286,0.6166666666666667,3,12,9.354494372898737,0.37183731222331884,0.9166666666666666,0.08333333333333337,11,1,1.2948293544433478,0.17394095659255981,0.8560822709551227,11,,,,,,,0
32,31,1.0,1.1071428571428572,1.1071428571428572,0.7321428571428571,3,17,11.010735442243151,0.4292116684646594,0.8823529411764706,0.11764705882352944,15,2,1.1002000962412228,0.04719410836696625,0.851801859600347,15,,,,,,,0
33,32,1.0,1.0625,1.0625,0.6607142857142857,3,13,11.00527213059583,0.1065247768840897,0.9230769230769231,0.07692307692307687,12,1,1.5857829154236027,0.04059544950723648,0.8475428503023453,12,,,,,,,0
34,33,1.0,1.0535714285714286,1.0535714285714286,0.5333333333333333,3,9,6.5854345447515605,0.22131979416025627,0.8888888888888888,0.11111111111111116,8,1,1.334235761395299,0.12597210705280304,0.8433051360508336,8,,,,,,,0
35,34,1.0,1.0416666666666667,1.0416666666666667,0.734375,3,17,13.077045961888787,0.24313152012513117,0.9411764705882353,0.05882352941176472,16,1,1.52157436222781,0.07894054055213928,0.8390886103705794,16,,,,,,,0
36,35,1.0,1.0,1.0,0.5,3,10,6.433932397855729,0.40129866262280506,0.9,0.09999999999999998,9,1,1.198701337377195,0.09944804012775421,0.8348931673187264,9,,,,,,,0
37,36,1.0,1.0,0.8611111111111112,1.0,3,17,13.498443346263528,0.15565048369043538,0.9411764705882353,0.05882352941176472,16,1,1.6090553986625058,0.11176779866218567,0.8307187014821328,16,,,,,,,0
38,37,1.0,1.0625,1.0625,0.796875,3,19,13.078043378095911,0.41781005896703943,0.8947368421052632,0.10526315789473684,17,2,1.1611373094540132,0.08736635744571686,0.8265651079747222,17,,,,,,,0
39,38,1.0,1.0416666666666667,1.0416666666666667,0.984375,3,21,16.90748012319036,0.15220651879762356,0.9523809523809523,0.04761904761904767,20,1,1.6573172907261857,0.18282577395439148,0.8224322824348486,20,,,,,,,0
40,39,1.0,1.03125,1.03125,0.8382352941176471,3,19,14.065981384916874,0.08937044039996643,0.8947368421052632,0.10526315789473684,17,2,1.4895769280210862,0.0808907300233841,0.8183201210226743,17,,,,,,,0
41,40,1.0,1.0,0.875,1.0,3,17,12.922357799423935,0.23696012415257828,0.9411764705882353,0.05882352941176472,16,1,1.5277457582003628,0.2708032727241516,0.8142285204175609,16,,,,,,,0
42,41,1.0,1.03125,1.0,1.03125,3,21,15.852962470965615,0.17849439097031353,0.9047619047619048,0.09523809523809523,19,2,1.4405532280773055,0.22215303778648376,0.810157377815473,19,,,,,,,0
43,42,1.0,1.0,1.0,0.875,3,16,9.710488317599587,0.4455975291985105,0.8125,0.1875,13,3,0.8044024708014894,0.24188461899757385,0.8061065909263957,13,,,,,,,0
44,43,1.0,1.0,1.0,0.7666666666666667,3,16,13.640062120505458,0.062360956446232366,1.0,0.0,16,0,1.9376390435537676,0.17270135879516602,0.8020760579717637,16,,,,,,,0
45,44,1.0,1.078125,1.078125,0.8392857142857143,3,14,10.299404183502165,0.13569235574928917,0.9285714285714286,0.0714285714285714,13,1,1.5785933585364251,0.14211271703243256,0.798065677681905,13,,,,,,,0
46,45,1.0,1.0,1.0,0.703125,3,17,13.689761559326366,0.2885682273658518,0.9411764705882353,0.05882352941176472,16,1,1.4761376549870893,0.19220271706581116,0.7940753492934954,16,,,,,,,0
47,46,1.0,1.0,1.0,0.9333333333333333,3,17,11.010924945178145,0.23823962359454648,0.8823529411764706,0.11764705882352944,15,2,1.2911721411113357,0.1782417893409729,0.7901049725470279,15,,,,,,,0
48,47,1.0,1.0714285714285714,0.8295454545454546,1.0714285714285714,3,20,13.182388661510565,0.14810727155980183,0.9,0.09999999999999998,18,2,1.4518927284401983,0.12178802490234375,0.7861544476842928,18,,,,,,,0
49,48,1.0,1.0,0.8977272727272727,1.0,3,20,14.080457768624688,0.38386581266367215,0.9,0.09999999999999998,18,2,1.2161341873363278,0.0743556022644043,0.7822236754458713,18,,,,,,,0
50,49,1.0,1.0625,0.9886363636363636,1.0625,3,21,13.932651822050863,0.2017056310949778,0.8571428571428571,0.1428571428571429,18,3,1.2268657974764505,0.03508831933140755,0.778312557068642,18,,,,,,,0
51,50,1.0,1.0125,1.0125,0.6323529411764706,3,16,13.239060815431802,0.24330485090701948,0.9375,0.0625,15,1,1.5066951490929805,0.01700587570667267,0.7744209942832988,15,,,,,,,0
52,51,1.0,1.0454545454545454,1.0454545454545454,1.0357142857142858,3,20,13.978328312048971,0.24121762767921923,0.85,0.15000000000000002,17,3,1.1587823723207806,0.0404352992773056,0.7705488893118823,17,,,,,,,0
53,52,1.0,1.0277777777777777,1.0277777777777777,0.6470588235294118,3,14,11.908509383672268,0.20772166239184797,0.9285714285714286,0.0714285714285714,13,1,1.5065640518938666,0.02109464630484581,0.7666961448653229,13,,,,,,,0
54,53,1.0,1.015625,1.015625,0.6833333333333333,3,13,9.4841692098441,0.23835663980013058,0.9230769230769231,0.07692307692307687,12,1,1.4539510525075618,0.021177086979150772,0.7628626641409962,12,,,,,,,0
55,54,1.0,1.0,1.0,0.7941176470588235,3,19,17.417959752827667,0.1362388489673864,0.9473684210526315,0.052631578947368474,18,1,1.6532348352431396,0.0356689877808094,0.7590483508202912,18,,,,,,,0
56,55,1.0,1.0,1.0,0.7916666666666666,3,15,12.29253945307956,0.3140994280206242,0.9333333333333333,0.06666666666666665,14,1,1.4192339053127092,0.035289306193590164,0.7552531090661897,14,,,,,,,0
57,56,1.0,1.05,0.7727272727272727,1.05,3,20,13.037880281108738,0.17860862707794006,0.95,0.050000000000000044,19,1,1.6213913729220597,0.023713860660791397,0.7514768435208588,19,,,,,,,0
58,57,1.0,1.046875,1.046875,0.7,3,14,12.25769883212527,0.2069448956683091,0.9285714285714286,0.0714285714285714,13,1,1.5073408186174053,0.09578433632850647,0.7477194593032545,13,,,,,,,0
59,58,1.0,1.0535714285714286,1.0535714285714286,0.6617647058823529,3,15,10.309780597953587,0.15914051647173427,0.9333333333333333,0.06666666666666665,14,1,1.574192816861599,0.0668206438422203,0.7439808620067382,14,,,,,,,0
60,59,1.0,1.0,1.0,0.71875,3,14,12.899461657997715,0.20577128319484794,1.0,0.0,14,0,1.794228716805152,0.05245405063033104,0.7402609576967045,14,,,,,,,0
61,60,1.0,1.0113636363636365,1.0113636363636365,0.9821428571428571,3,18,9.87063576541079,0.3574916678916921,0.8333333333333334,0.16666666666666663,15,3,0.9758416654416413,0.15101280808448792,0.736559652908221,15,,,,,,,0
62,61,1.0,1.0,0.8068181818181818,1.0,3,17,11.196773695319422,0.15340779190537862,1.0,0.0,17,0,1.8465922080946213,0.20126448571681976,0.7328768546436799,17,,,,,,,0
63,62,1.0,1.0416666666666667,0.8625,1.0416666666666667,3,17,13.740507012759904,0.15938144181242356,0.8823529411764706,0.11764705882352944,15,2,1.3700303228934587,0.19820964336395264,0.7292124703704616,15,,,,,,,0
64,63,1.0,1.0166666666666666,0.775,1.0166666666666666,3,16,12.1475685360341,0.24419419526414674,0.9375,0.0625,15,1,1.5058058047358533,0.11426687240600586,0.7255664080186093,15,,,,,,,0
65,64,1.0,1.046875,1.046875,0.9333333333333333,3,17,11.246649775483743,0.2581910705114559,0.8235294117647058,0.17647058823529416,14,3,1.0359265765473675,0.11093296110630035,0.7219385759785162,14,,,,,,,0
66,65,1.0,1.0,0.925,1.0,3,17,12.06294176972331,0.3841907820465982,0.8823529411764706,0.11764705882352944,15,2,1.145220982659284,0.1613278090953827,0.7183288830986236,15,,,,,,,0
67,66,1.0,1.0,1.0,0.96875,3,22,13.975684164279349,0.3191801442855944,0.8181818181818182,0.18181818181818177,18,4,0.9535471284416785,0.13950327038764954,0.7147372386831305,18,,,,,,,0
68,67,1.0,1.0833333333333333,1.0833333333333333,0.8035714285714286,3,17,11.76149217071184,0.20681750040976132,0.8823529411764706,0.11764705882352944,15,2,1.322594264296121,0.12077084183692932,0.7111635524897149,15,,,,,,,0
69,68,1.0,1.03125,1.03125,0.7307692307692307,3,13,8.973697802153048,0.2642069603078882,0.9230769230769231,0.07692307692307687,12,1,1.4281007319998043,0.1094912737607956,0.7076077347272662,12,,,,,,,0
70,69,1.0,1.0138888888888888,1.0138888888888888,0.7833333333333333,3,17,10.699523633306466,0.36408057839318125,0.9411764705882353,0.05882352941176472,16,1,1.4006253039597598,0.0537455752491951,0.7040696960536299,16,,,,,,,0
71,70,1.0,1.046875,1.046875,0.9038461538461539,3,15,7.929724350978441,0.25062422069704277,0.8666666666666667,0.1333333333333333,13,2,1.216042445969624,0.026757225394248962,0.7005493475733617,13,,,,,,,0
72,71,1.0,1.0125,1.0125,0.90625,3,18,11.835562841150248,0.22742561540125356,0.8888888888888888,0.11111111111111116,16,2,1.3281299401543019,0.023783160373568535,0.697046600835495,16,,,,,,,0
73,72,1.0,1.0625,1.0625,1.03125,3,19,9.01471719146723,0.2406127241537558,0.8421052631578947,0.1578947368421053,16,3,1.1278083284778229,0.04800055921077728,0.6935613678313175,16,,,,,,,0
74,73,1.0,1.0416666666666667,1.0416666666666667,0.5166666666666667,3,9,7.585078815104199,0.17406101941033847,0.8888888888888888,0.11111111111111116,8,1,1.381494536145217,0.1337922215461731,0.6900935609921609,8,,,,,,,0
75,74,1.0,1.0178571428571428,1.0178571428571428,0.796875,3,16,11.567181405618879,0.17550632221034795,0.9375,0.0625,15,1,1.574493677789652,0.06601737439632416,0.6866430931872001,15,,,,,,,0
76,75,1.0,1.0972222222222223,1.0972222222222223,0.890625,3,17,9.499510810724178,0.2602545791867154,0.8823529411764706,0.11764705882352944,15,2,1.2691571855191668,0.06709647178649902,0.6832098777212641,15,,,,,,,0
77,76,1.0,1.0416666666666667,1.0416666666666667,0.8269230769230769,3,15,9.880287609413712,0.2099787499010936,0.8666666666666667,0.1333333333333333,13,2,1.2566879167655731,0.09950250387191772,0.6797938283326578,13,,,,,,,0
78,77,1.0,1.025,1.025,0.7647058823529411,3,17,12.648541894310585,0.2856562959053475,0.9411764705882353,0.05882352941176472,16,1,1.4790495864475937,0.05990986526012421,0.6763948591909945,16,,,,,,,0
79,78,1.0,1.0555555555555556,1.0555555555555556,0.75,3,14,12.587115265281138,0.1941806291945952,0.9285714285714286,0.0714285714285714,13,1,1.5201050850911193,0.053569093346595764,0.6730128848950395,13,,,,,,,0
80,79,1.0,1.0,1.0,0.609375,3,14,10.939550750443468,0.21532244952747864,0.9285714285714286,0.0714285714285714,13,1,1.4989632647582358,0.06667234748601913,0.6696478204705644,13,,,,,,,0
81,80,1.0,1.0892857142857142,1.0892857142857142,0.8,3,18,12.614420808337119,0.16499158227686112,0.8333333333333334,0.16666666666666663,15,3,1.1683417510564724,0.13124370574951172,0.6662995813682115,15,,,,,,,0
82,81,1.0,1.0892857142857142,1.0892857142857142,0.9464285714285714,3,18,14.942368468740883,0.10299850001317651,0.9444444444444444,0.05555555555555558,17,1,1.6747792777646011,0.10098762810230255,0.6629680834613705,17,,,,,,,0
83,82,1.0,1.109375,1.109375,0.8928571428571429,3,16,9.82772288804007,0.1819245769945794,0.875,0.125,14,2,1.3180754230054206,0.22828243672847748,0.6596532430440636,14,,,,,,,0
84,83,1.0,1.0166666666666666,0.9722222222222222,1.0166666666666666,3,18,13.349400900571453,0.03830161731427135,0.9444444444444444,0.05555555555555558,17,1,1.7394761604635063,0.11915306746959686,0.6563549768288433,17,,,,,,,0
85,84,1.0,1.015625,1.015625,0.6875,3,17,12.056232697114778,0.21133871255854664,0.9411764705882353,0.05882352941176472,16,1,1.5533671697943945,0.13614419102668762,0.653073201944699,16,,,,,,,0
86,85,1.0,1.0555555555555556,1.0555555555555556,0.734375,3,20,10.912467822377941,0.43699763959194804,0.75,0.25,15,5,0.5630023604080518,0.174504816532135,0.6498078359349755,15,,,,,,,0
87,86,1.0,1.0,0.825,1.0,3,19,10.77812484662831,0.3849803586460092,0.8947368421052632,0.10526315789473684,17,2,1.1939670097750434,0.16379964351654053,0.6465587967553006,17,,,,,,,0
88,87,1.0,1.03125,0.7386363636363636,1.03125,3,20,14.668246307893757,0.09412818398946206,0.95,0.050000000000000044,19,1,1.7058718160105377,0.07731213420629501,0.6433260027715241,19,,,,,,,0
89,88,1.0,1.0,0.8611111111111112,1.0,3,19,12.386123284645368,0.23944379801459512,0.9473684210526315,0.052631578947368474,18,1,1.550029886195931,0.14033639430999756,0.6401093727576664,18,,,,,,,0
90,89,1.0,1.0357142857142858,1.0357142857142858,0.7166666666666667,3,14,9.05160454043627,0.32155904261219237,0.9285714285714286,0.0714285714285714,13,1,1.392726671673522,0.09610716253519058,0.6369088258938781,13,,,,,,,0
91,90,1.0,1.0178571428571428,1.0178571428571428,0.9107142857142857,3,14,10.648971306378858,0.12923385349392352,0.9285714285714286,0.0714285714285714,13,1,1.585051860791791,0.01718250662088394,0.6337242817644086,13,,,,,,,0
92,91,1.0,1.0833333333333333,1.0833333333333333,0.48333333333333334,3,10,7.882696005627739,0.4789836081980987,0.9,0.09999999999999998,9,1,1.1210163918019014,0.04693340137600899,0.6305556603555866,9,,,,,,,0
93,92,1.0,1.0,1.0,0.7142857142857143,3,16,14.704052595656627,0.19481116212601604,1.0,0.0,16,0,1.805188837873984,0.07416927814483643,0.6274028820538087,16,,,,,,,0
94,93,1.0,1.05,0.90625,1.05,3,23,17.27476547902446,0.1960296668146294,0.9130434782608695,0.08695652173913049,21,2,1.4561442462288487,0.04686601459980011,0.6242658676435396,21,,,,,,,0
95,94,1.0,1.0972222222222223,1.0972222222222223,1.0333333333333334,3,21,11.875183056272014,0.08498365855987972,0.8571428571428571,0.1428571428571429,18,3,1.3435877700115486,0.1251082569360733,0.6211445383053219,18,,,,,,,0
96,95,1.0,1.0138888888888888,1.0138888888888888,0.7692307692307693,3,16,12.208925595165983,0.23513880949923285,0.9375,0.0625,15,1,1.5148611905007672,0.053662098944187164,0.6180388156137953,15,,,,,,,0
97,96,1.0,1.0138888888888888,1.0138888888888888,0.75,3,14,12.041718939500324,0.35752933232684536,0.9285714285714286,0.0714285714285714,13,1,1.356756381958869,0.12520334124565125,0.6149486215357263,13,,,,,,,0
98,97,1.0,1.125,1.125,0.7692307692307693,3,12,7.210555556980885,0.2860694492441571,0.8333333333333334,0.16666666666666663,10,2,1.0472638840891764,0.06697417795658112,0.6118738784280476,10,,,,,,,0
99,98,1.0,1.03125,1.03125,0.6,3,12,9.187964153648146,0.28275260163361937,0.9166666666666666,0.08333333333333337,11,1,1.383914065033047,0.23507288098335266,0.6088145090359074,11,,,,,,,0
100,99,1.0,1.0416666666666667,1.0416666666666667,0.9166666666666666,3,18,14.935910586355968,0.08802713988918395,0.9444444444444444,0.05555555555555558,17,1,1.6897506378885938,0.037886783480644226,0.6057704364907278,17,1.10990129972267,0.2234735455155484,0.8333437113095546,0.16665628869044538,1.10990129972267,100,0
101,100,1.0,1.0,1.0,0.6730769230769231,3,11,12.07150198889372,0.06152009608430585,1.0,0.0,11,0,1.9384799039156941,0.07417348027229309,0.6027415843082742,11,,,,,1.10990129972267,100,0
102,101,1.0,1.015625,1.015625,0.78125,3,16,12.991231434198276,0.2418492809229426,0.9375,0.0625,15,1,1.5081507190770573,0.2339993119239807,0.5997278763867329,15,,,,,1.10990129972267,100,0
103,102,1.0,1.025,1.025,0.8333333333333334,3,17,12.683712358523518,0.3188184677628595,0.8823529411764706,0.11764705882352944,15,2,1.2105932969430229,0.16850629448890686,0.5967292370047992,15,,,,,1.10990129972267,100,0
104,103,1.0,1.0375,1.0375,0.6527777777777778,3,17,15.790668533218449,0.11507964370178633,0.9411764705882353,0.05882352941176472,16,1,1.6496262386511549,0.1338202953338623,0.5937455908197752,16,,,,,1.10990129972267,100,0
105,104,1.0,1.0,1.0,0.5555555555555556,3,15,14.609681256401203,0.10393492741038729,1.0,0.0,15,0,1.8960650725896127,0.20614445209503174,0.5907768628656763,15,,,,,1.10990129972267,100,0
106,105,1.0,1.0,1.0,0.95,3,21,17.897350756490184,0.21268793772378336,0.9047619047619048,0.09523809523809523,19,2,1.4063596813238357,0.17884202301502228,0.5878229785513479,19,,,,,1.10990129972267,100,0
107,106,1.0,1.078125,1.078125,0.671875,3,16,12.044339161272289,0.2041241452319315,0.875,0.125,14,2,1.2958758547680684,0.13986900448799133,0.5848838636585911,14,,,,,1.10990129972267,100,0
108,107,1.0,1.0,1.0,0.5588235294117647,3,16,15.988957428556379,0.07944638692263939,1.0,0.0,16,0,1.9205536130773606,0.11892224103212357,0.5819594443402982,16,,,,,1.10990129972267,100,0
109,108,1.0,1.078125,1.078125,0.8928571428571429,3,19,14.075863285066987,0.06530580449545043,0.8947368421052632,0.10526315789473684,17,2,1.5136415639256022,0.13067898154258728,0.5790496471185967,17,,,,,1.10990129972267,100,0
110,109,1.0,1.0,1.0,0.7333333333333333,3,14,12.659849898748124,0.1711886548681178,1.0,0.0,14,0,1.8288113451318821,0.06050160527229309,0.5761543988830038,14,,,,,1.10990129972267,100,0
111,110,1.0,1.0535714285714286,1.0535714285714286,0.45588235294117646,3,12,9.9462433411478,0.056961379595583006,0.9166666666666666,0.08333333333333337,11,1,1.6097052870710835,0.14175905287265778,0.5732736268885887,11,,,,,1.10990129972267,100,0
112,111,1.0,1.0833333333333333,1.0833333333333333,0.95,3,17,11.784447994282388,0.2174498569965651,0.8235294117647058,0.17647058823529416,14,3,1.0766677900622583,0.03079155460000038,0.5704072587541458,14,,,,,1.10990129972267,100,0
113,112,1.0,1.0,1.0,0.9107142857142857,3,16,11.670228070945097,0.14864493053830558,0.9375,0.0625,15,1,1.6013550694616945,0.11479178816080093,0.567555222460375,15,,,,,1.10990129972267,100,0
114,113,1.0,1.0,1.0,0.7333333333333333,3,14,11.379766776025562,0.29590318825190054,0.9285714285714286,0.0714285714285714,13,1,1.4183825260338139,0.05521472170948982,0.5647174463480732,13,,,,,1.10990129972267,100,0
115,114,1.0,1.0138888888888888,0.9659090909090909,1.0138888888888888,3,22,19.98124547714913,0.20355651853085807,0.9090909090909091,0.09090909090909094,20,2,1.4328071178327781,0.10447204858064651,0.5618938591163328,20,,,,,1.10990129972267,100,0
116,115,1.0,1.0,0.9583333333333334,1.0,3,18,10.184224606855272,0.3325898805457602,0.7777777777777778,0.2222222222222222,14,4,0.778521230565351,0.09277153760194778,0.5590843898207511,14,,,,,1.10990129972267,100,0
117,116,1.0,1.0,1.0,0.6617647058823529,3,15,11.754519581017718,0.38792663690095314,0.9333333333333333,0.06666666666666665,14,1,1.3454066964323803,0.024368012323975563,0.5562889678716474,14,,,,,1.10990129972267,100,0
118,117,1.0,1.0535714285714286,1.0535714285714286,0.5625,3,13,12.557154877897638,0.12150745769266663,0.9230769230769231,0.07692307692307687,12,1,1.5708002346150258,0.04718512296676636,0.5535075230322891,12,,,,,1.10990129972267,100,0
119,118,1.0,1.03125,1.03125,0.6166666666666667,3,19,17.39339934722462,0.16204530402191714,0.9473684210526315,0.052631578947368474,18,1,1.627428380188609,0.06946590542793274,0.5507399854171277,18,,,,,1.10990129972267,100,0
120,119,1.0,1.03125,1.03125,0.9375,3,18,17.23690945085238,0.10274023338281628,0.9444444444444444,0.05555555555555558,17,1,1.6750375443949614,0.03897242993116379,0.547986285490042,17,,,,,1.10990129972267,100,0
121,120,1.0,1.0,1.0,0.7666666666666667,3,17,13.473015244226342,0.2603280623693011,0.8823529411764706,0.11764705882352944,15,2,1.269083702336581,0.11997474730014801,0.5452463540625918,15,,,,,1.10990129972267,100,0
122,121,1.0,1.0,1.0,0.5588235294117647,3,14,11.909632064299196,0.2006200915284176,0.9285714285714286,0.0714285714285714,13,1,1.5136656227572969,0.2607337534427643,0.5425201222922789,13,,,,,1.10990129972267,100,0
123,122,1.0,1.0694444444444444,1.0694444444444444,0.7058823529411765,3,16,12.39669527226424,0.24594473333582734,0.875,0.125,14,2,1.2540552666641727,0.19274818897247314,0.5398075216808175,14,,,,,1.10990129972267,100,0
124,123,1.0,1.0,0.9027777777777778,1.0,3,14,11.361004111498982,0.22698356969698857,0.9285714285714286,0.0714285714285714,13,1,1.4873021445887258,0.1824120283126831,0.5371084840724134,13,,,,,1.10990129972267,100,0
125,124,1.0,1.0192307692307692,0.8068181818181818,1.0192307692307692,3,19,16.139537801013496,0.19370969001435517,0.9473684210526315,0.052631578947368474,18,1,1.595763994196171,0.08950118720531464,0.5344229416520513,18,,,,,1.10990129972267,100,0
126,125,1.0,1.0,1.0,0.9166666666666666,3,19,17.012427345545245,0.14163943093313291,0.9473684210526315,0.052631578947368474,18,1,1.647834253277393,0.157728910446167,0.531750826943791,18,,,,,1.10990129972267,100,0
127,126,1.0,1.0625,1.0625,0.921875,3,18,7.4795629795137355,0.5013334389660001,0.7222222222222222,0.2777777777777778,13,5,0.3875554499228887,0.06660687923431396,0.5290920728090721,13,,,,,1.10990129972267,100,0
128,127,1.0,1.0555555555555556,1.0555555555555556,0.890625,3,15,8.948707834780455,0.2890848525024517,0.7333333333333333,0.2666666666666667,11,4,0.6442484808308815,0.1151958703994751,0.5264466124450268,11,,,,,1.10990129972267,100,0
129,128,1.0,1.0,0.7916666666666666,1.0,3,17,15.069038188757268,0.16447821376626992,0.9411764705882353,0.05882352941176472,16,1,1.6002276685866712,0.1727394461631775,0.5238143793828016,16,,,,,1.10990129972267,100,0
130,129,1.0,1.0666666666666667,1.0416666666666667,1.0666666666666667,3,19,13.50695459166629,0.0825503098123864,0.7894736842105263,0.21052631578947367,15,4,1.075344427029719,0.059674814343452454,0.5211953074858876,15,,,,,1.10990129972267,100,0
131,130,1.0,1.0,1.0,0.640625,3,13,11.248030027818249,0.24920831067627888,0.9230769230769231,0.07692307692307687,12,1,1.4430993816314137,0.1249181479215622,0.5185893309484582,12,,,,,1.10990129972267,100,0
132,131,1.0,1.0333333333333334,0.75,1.0333333333333334,3,20,18.150578607778005,0.09697847514745149,0.9,0.09999999999999998,18,2,1.5030215248525487,0.13544200360774994,0.5159963842937159,18,,,,,1.10990129972267,100,0
133,132,1.0,1.015625,1.015625,0.8676470588235294,3,17,13.645621657159259,0.2614939501378182,0.8823529411764706,0.11764705882352944,15,2,1.267917814568064,0.15678100287914276,0.5134164023722473,15,,,,,1.10990129972267,100,0
134,133,1.0,1.0625,1.0625,0.71875,3,15,14.491958469211383,0.07275444918727103,0.9333333333333333,0.06666666666666665,14,1,1.6605788841460623,0.19869235157966614,0.510849320360386,14,,,,,1.10990129972267,100,0
135,134,1.0,1.025,1.025,0.8,3,17,14.06085906552297,0.27075174195522916,0.9411764705882353,0.05882352941176472,16,1,1.493954140397712,0.039472468197345734,0.5082950737585841,16,,,,,1.10990129972267,100,0
136,135,1.0,1.0694444444444444,1.0694444444444444,0.7666666666666667,3,17,14.303191321025187,0.08264902208626934,0.8823529411764706,0.11764705882352944,15,2,1.446762742619613,0.06467980146408081,0.5057535983897912,15,,,,,1.10990129972267,100,0
137,136,1.0,1.109375,1.109375,0.875,3,16,10.998158652476164,0.2565115030736154,0.8125,0.1875,13,3,0.9934884969263846,0.1170794814825058,0.5032248303978422,13,,,,,1.10990129972267,100,0
138,137,1.0,1.0227272727272727,1.0227272727272727,0.875,3,20,18.168693705208995,0.2755745206976249,0.95,0.050000000000000044,19,1,1.524425479302375,0.14187563955783844,0.500708706245853,19,,,,,1.10990129972267,100,0
139,138,1.0,1.0340909090909092,1.0340909090909092,1.0166666666666666,3,23,14.958262701360015,0.30350189979704134,0.782608695652174,0.21739130434782605,18,5,0.8269328828116544,0.14755214750766754,0.4982051627146237,18,,,,,1.10990129972267,100,0
140,139,1.0,1.0192307692307692,0.775,1.0192307692307692,3,18,15.757441316046801,0.2086778922794942,0.9444444444444444,0.05555555555555558,17,1,1.5690998854982834,0.11258828639984131,0.49571413690105054,17,,,,,1.10990129972267,100,0
141,140,1.0,1.0208333333333333,1.0208333333333333,0.953125,3,18,15.379200268030598,0.11947307002732643,0.8888888888888888,0.11111111111111116,16,2,1.436082485528229,0.17939826846122742,0.4932355662165453,16,,,,,1.10990129972267,100,0
142,141,1.0,1.0,1.0,0.8,3,14,11.89181154394208,0.25310408485910996,0.9285714285714286,0.0714285714285714,13,1,1.4611816294266045,0.13732925057411194,0.4907693883854626,13,,,,,1.10990129972267,100,0
143,142,1.0,1.0694444444444444,1.0694444444444444,0.6875,3,17,14.790783754068123,0.09750416429341668,0.9411764705882353,0.05882352941176472,16,1,1.6672017180595244,0.12402980774641037,0.4883155414435353,16,,,,,1.10990129972267,100,0
144,143,1.0,1.0,0.8068181818181818,1.0,3,20,17.321444595994315,0.121156168343902,0.9,0.09999999999999998,18,2,1.4788438316560981,0.14305251836776733,0.4858739637363176,18,,,,,1.10990129972267,100,0
145,144,1.0,1.0340909090909092,1.0340909090909092,0.9833333333333333,3,17,13.635056775649431,0.09428090415820631,0.8823529411764706,0.11764705882352944,15,2,1.435130860547676,0.17314699292182922,0.483444593917636,15,,,,,1.10990129972267,100,0
146,145,1.0,1.0375,1.0375,1.0208333333333333,3,17,12.712189143104393,0.13569235574928917,0.8235294117647058,0.17647058823529416,14,3,1.158425291309534,0.0766272023320198,0.4810273709480478,14,,,,,1.10990129972267,100,0
147,146,1.0,1.0,0.8863636363636364,1.0,3,20,10.790555559255976,0.3874955789225072,0.75,0.25,15,5,0.6125044210774928,0.055832743644714355,0.47862223409330756,15,,,,,1.10990129972267,100,0
148,147,1.0,1.05,1.05,0.95,3,18,13.406371038247169,0.2153140240161842,0.8333333333333334,0.16666666666666663,15,3,1.1180193093171493,0.08212942630052567,0.47622912292284103,15,,,,,1.10990129972267,100,0
149,148,1.0,1.0,0.75,1.0,3,16,9.643597324718293,0.38301617314271325,0.8125,0.1875,13,3,0.8669838268572867,0.10257188975811005,0.4738479773082268,13,,,,,1.10990129972267,100,0
150,149,1.0,1.0178571428571428,0.9722222222222222,1.0178571428571428,3,19,15.531107918115344,0.15017673886999192,0.8947368421052632,0.10526315789473684,17,2,1.4287706295510607,0.054472338408231735,0.47147873742168567,17,,,,,1.10990129972267,100,0
151,150,1.0,1.05,0.8888888888888888,1.05,3,17,10.779776099625387,0.2818929609063373,0.7647058823529411,0.23529411764705888,13,4,0.7769305685054273,0.02733439765870571,0.46912134373457726,13,,,,,1.10990129972267,100,0
152,151,1.0,1.05,0.9722222222222222,1.05,3,19,14.447310421012443,0.23177388938892396,0.8421052631578947,0.1578947368421053,16,3,1.136647163242655,0.18383446335792542,0.46677573701590436,16,,,,,1.10990129972267,100,0
153,152,1.0,1.0357142857142858,1.0357142857142858,0.8392857142857143,3,14,13.221411328827074,0.07665775330249851,0.9285714285714286,0.0714285714285714,13,1,1.6376279609832158,0.08921044319868088,0.46444185833082485,13,,,,,1.10990129972267,100,0
154,153,1.0,1.0555555555555556,1.0555555555555556,0.6346153846153846,3,12,10.001400482818404,0.20332554077449871,0.9166666666666666,0.08333333333333337,11,1,1.4633411258921678,0.02212686836719513,0.46211964903917074,11,,,,,1.10990129972267,100,0
155,154,1.0,1.0,0.925,1.0,3,20,18.82753303837203,0.07012513203591916,0.95,0.050000000000000044,19,1,1.7298748679640807,0.1544734388589859,0.4598090507939749,19,,,,,1.10990129972267,100,0
156,155,1.0,1.0125,1.0125,0.75,3,15,14.91229869960883,0.16391242768813255,0.9333333333333333,0.06666666666666665,14,1,1.5694209056452009,0.07245694100856781,0.457510005540005,14,,,,,1.10990129972267,100,0
157,156,1.0,1.046875,1.046875,0.9038461538461539,3,16,9.592958790030382,0.4090455101829744,0.8125,0.1875,13,3,0.8409544898170256,0.09988761693239212,0.45522245551230495,13,,,,,1.10990129972267,100,0
158,157,1.0,1.0,1.0,0.75,3,12,10.549451373099298,0.2580061510106919,0.9166666666666666,0.08333333333333337,11,1,1.4086605156559746,0.1598014533519745,0.4529463432347434,11,,,,,1.10990129972267,100,0
159,158,1.0,1.0227272727272727,1.0227272727272727,0.9333333333333333,3,21,15.836811366702133,0.26926919376550007,0.8571428571428571,0.1428571428571429,18,3,1.1593022348059283,0.05878613144159317,0.4506816115185697,18,,,,,1.10990129972267,100,0
160,159,1.0,1.0384615384615385,0.9204545454545454,1.0384615384615385,3,17,15.259458099272074,0.21894561101669305,0.9411764705882353,0.05882352941176472,16,1,1.5457602713362482,0.20220127701759338,0.4484282034609769,16,,,,,1.10990129972267,100,0
161,160,1.0,1.0,1.0,0.85,3,17,12.027254986286653,0.2978767868670103,0.8823529411764706,0.11764705882352944,15,2,1.231534977838872,0.17960281670093536,0.446186062443672,15,,,,,1.10990129972267,100,0
162,161,1.0,1.0694444444444444,1.0694444444444444,0.7666666666666667,3,17,11.624952265472967,0.29017475577466917,0.8235294117647058,0.17647058823529416,14,3,1.0039428912841541,0.10419020801782608,0.4439551321314536,14,,,,,1.10990129972267,100,0
163,162,1.0,1.0,1.0,0.9,3,19,16.02744263613949,0.17271153259278887,0.8947368421052632,0.10526315789473684,17,2,1.4062358358282638,0.11864940077066422,0.4417353564707963,17,,,,,1.10990129972267,100,0
164,163,1.0,1.0416666666666667,1.0416666666666667,0.703125,3,15,11.493288558169052,0.10548243081137511,0.8,0.19999999999999996,12,3,1.094517569188625,0.09301847964525223,0.43952667968844233,12,,,,,1.10990129972267,100,0
165,164,1.0,1.0535714285714286,1.0535714285714286,0.578125,3,11,9.902767708099066,0.19483591164752484,0.9090909090909091,0.09090909090909094,10,1,1.4415277247161113,0.04647447541356087,0.43732904629000013,10,,,,,1.10990129972267,100,0
166,165,1.0,1.05,0.8636363636363636,1.05,3,19,15.02264328108015,0.20057167688348299,0.8947368421052632,0.10526315789473684,17,2,1.3783756915375698,0.2694794535636902,0.4351424010585501,17,,,,,1.10990129972267,100,0
167,166,1.0,1.0892857142857142,1.0892857142857142,0.6833333333333333,3,14,11.068990886412347,0.129982266564563,0.8571428571428571,0.1428571428571429,12,2,1.2985891620068655,0.11864344775676727,0.43296668905325736,12,,,,,1.10990129972267,100,0
168,167,1.0,1.0555555555555556,1.0555555555555556,0.7352941176470589,3,14,11.297278650249838,0.24627642192627827,0.8571428571428571,0.1428571428571429,12,2,1.18229500664515,0.1384393870830536,0.43080185560799106,12,,,,,1.10990129972267,100,0
169,168,1.0,1.0535714285714286,1.0535714285714286,0.71875,3,12,6.646253957630588,0.38950843506611543,0.8333333333333334,0.16666666666666663,10,2,0.9438248982672179,0.17972153425216675,0.4286478463299511,10,,,,,1.10990129972267,100,0
170,169,1.0,1.0,1.0,0.6964285714285714,3,14,12.417413461287579,0.16153446987105496,0.9285714285714286,0.0714285714285714,13,1,1.5527512444146594,0.12199660390615463,0.42650460709830135,13,,,,,1.10990129972267,100,0
171,170,1.0,1.0416666666666667,1.0416666666666667,0.8529411764705882,3,19,13.699119910612824,0.3375039098778872,0.8421052631578947,0.1578947368421053,16,3,1.0309171427536916,0.2638886272907257,0.42437208406280985,16,,,,,1.10990129972267,100,0
172,171,1.0,1.0138888888888888,1.0138888888888888,0.8333333333333334,3,17,11.328826608528523,0.31110881723758754,0.8235294117647058,0.17647058823529416,14,3,0.9830088298212358,0.04819714277982712,0.4222502236424958,14,,,,,1.10990129972267,100,0
173,172,1.0,1.0,0.875,1.0,3,18,14.64867724220218,0.22045292342647882,0.9444444444444444,0.05555555555555558,17,1,1.557324854351299,0.13341689109802246,0.42013897252428334,17,,,,,1.10990129972267,100,0
174,173,1.0,1.0178571428571428,1.0178571428571428,0.4,3,12,11.254440010834571,0.13339770995982675,0.9166666666666666,0.08333333333333337,11,1,1.5332689567068398,0.17885786294937134,0.4180382776616619,11,,,,,1.10990129972267,100,0
175,174,1.0,1.0,1.0,0.9558823529411765,3,20,17.276174647786704,0.06546689754059423,0.95,0.050000000000000044,19,1,1.7345331024594055,0.10468137264251709,0.4159480862733536,19,,,,,1.10990129972267,100,0
176,175,1.0,1.03125,1.03125,0.6666666666666666,3,15,12.698032683276903,0.2993763044543576,0.9333333333333333,0.06666666666666665,14,1,1.4339570288789758,0.09099780023097992,0.41386834584198684,14,,,,,1.10990129972267,100,0
177,176,1.0,1.046875,1.046875,0.71875,3,17,11.685028796714942,0.41353538050674127,0.8823529411764706,0.11764705882352944,15,2,1.115876384199141,0.16801667213439941,0.4117990041127769,15,,,,,1.10990129972267,100,0
178,177,1.0,1.0714285714285714,1.0714285714285714,0.7794117647058824,3,17,11.257005930048297,0.23043839057729046,0.7647058823529411,0.23529411764705888,13,4,0.8283851388344741,0.04786764085292816,0.40974000909221303,13,,,,,1.10990129972267,100,0
179,178,1.0,1.0555555555555556,1.0555555555555556,0.828125,3,20,15.56933638098549,0.20780390387471198,0.85,0.15000000000000002,17,3,1.192196096125288,0.20641741156578064,0.40769130904675194,17,,,,,1.10990129972267,100,0
180,179,1.0,1.05,1.05,1.0,3,22,18.606876954074657,0.07071067811865475,0.9090909090909091,0.09090909090909094,20,2,1.5656529582449814,0.14258553087711334,0.40565285250151817,20,,,,,1.10990129972267,100,0
181,180,1.0,1.046875,1.046875,0.5625,3,12,9.794153090616032,0.33437155485586684,0.9166666666666666,0.08333333333333337,11,1,1.3322951118107997,0.15962931513786316,0.4036245882390106,11,,,,,1.10990129972267,100,0
182,181,1.0,1.0138888888888888,1.0138888888888888,0.7166666666666667,3,16,14.592748728010653,0.1940074454470469,0.9375,0.0625,15,1,1.5559925545529532,0.13200980424880981,0.4016064652978155,15,,,,,1.10990129972267,100,0
183,182,1.0,1.0,1.0,0.8823529411764706,3,19,13.409324973429559,0.2707558085854227,0.8421052631578947,0.1578947368421053,16,3,1.097665244046156,0.3274097144603729,0.3995984329713264,16,,,,,1.10990129972267,100,0
184,183,1.0,1.05,0.9375,1.05,3,20,14.302768175947659,0.22814681198804504,0.85,0.15000000000000002,17,3,1.171853188011955,0.1760476976633072,0.3976004408064698,17,,,,,1.10990129972267,100,0
185,184,1.0,1.0375,1.0375,0.953125,3,19,17.341793926918978,0.12765420000642397,0.9473684210526315,0.052631578947368474,18,1,1.661819484204102,0.09363096952438354,0.39561243860243744,18,,,,,1.10990129972267,100,0
186,185,1.0,1.09375,1.09375,0.765625,3,17,10.623377259876147,0.18737135504488944,0.7647058823529411,0.23529411764705888,13,4,0.871452174366875,0.15644119679927826,0.3936343764094253,13,,,,,1.10990129972267,100,0
187,186,1.0,1.0138888888888888,1.0138888888888888,0.6911764705882353,3,17,15.893810281093241,0.1727475636943004,0.9411764705882353,0.05882352941176472,16,1,1.5919583186586408,0.0960559993982315,0.39166620452737816,16,,,,,1.10990129972267,100,0
188,187,1.0,1.0333333333333334,0.9270833333333334,1.0333333333333334,3,20,17.313589709049896,0.15117353779762444,0.9,0.09999999999999998,18,2,1.4488264622023757,0.1320631355047226,0.3897078735047413,18,,,,,1.10990129972267,100,0
189,188,1.0,1.0,1.0,0.9,3,18,14.690072975809624,0.19741570722380833,0.8888888888888888,0.11111111111111116,16,2,1.358139848331747,0.1124635636806488,0.3877593341372176,16,,,,,1.10990129972267,100,0
190,189,1.0,1.0,0.9027777777777778,1.0,3,20,18.91522152083253,0.07319898678180031,0.95,0.050000000000000044,19,1,1.7268010132181995,0.12363515049219131,0.3858205374665315,19,,,,,1.10990129972267,100,0
191,190,1.0,1.03125,1.03125,0.703125,3,15,13.78564927566505,0.12771737702858493,0.9333333333333333,0.06666666666666665,14,1,1.6056159563047485,0.28333884477615356,0.38389143477919885,14,,,,,1.10990129972267,100,0
192,191,1.0,1.0208333333333333,1.0208333333333333,0.65625,3,18,12.213378075618468,0.3996990136095817,0.8888888888888888,0.11111111111111116,16,2,1.1558565419459736,0.1310769021511078,0.3819719776053028,16,,,,,1.10990129972267,100,0
193,192,1.0,1.0,1.0,0.5735294117647058,3,14,12.404338831004498,0.3280836614171588,1.0,0.0,14,0,1.6719163385828413,0.0829075276851654,0.3800621177172763,14,,,,,1.10990129972267,100,0
194,193,1.0,1.0,1.0,0.9166666666666666,3,17,16.513052442991572,0.11336105329107368,0.9411764705882353,0.05882352941176472,16,1,1.6513448290618675,0.2311198115348816,0.37816180712868996,16,,,,,1.10990129972267,100,0
195,194,1.0,1.0416666666666667,1.0416666666666667,0.96875,3,18,13.147239635761002,0.2610283114184882,0.8333333333333334,0.16666666666666663,15,3,1.0723050219148453,0.14584574103355408,0.37627099809304654,15,,,,,1.10990129972267,100,0
196,195,1.0,1.0,0.875,1.0,3,15,11.157638186819351,0.24773270744809295,0.8666666666666667,0.1333333333333333,13,2,1.2189339592185737,0.17782217264175415,0.3743896431025813,13,,,,,1.10990129972267,100,0
197,196,1.0,1.0,1.0,0.9107142857142857,3,14,13.173992643652328,0.1243902307827641,0.9285714285714286,0.0714285714285714,13,1,1.5898954835029504,0.08817719668149948,0.37251769488706843,13,,,,,1.10990129972267,100,0
198,197,1.0,1.0576923076923077,1.0555555555555556,1.0576923076923077,3,19,15.124682013795884,0.08677997442469138,0.8421052631578947,0.1578947368421053,16,3,1.2816410782068874,0.135076642036438,0.3706551064126331,16,,,,,1.10990129972267,100,0
199,198,1.0,1.015625,0.95,1.015625,3,19,17.327654537753286,0.07383970779967089,0.9473684210526315,0.052631578947368474,18,1,1.7156339764108552,0.17634272575378418,0.36880183088056995,18,,,,,1.10990129972267,100,0
200,199,1.0,1.09375,1.09375,0.6029411764705882,3,12,11.393674516223356,0.09634659502195861,0.9166666666666666,0.08333333333333337,11,1,1.5703200716447079,0.019326312467455864,0.3669578217261671,11,1.1988260621578024,0.1950890050217687,0.8484787667948928,0.15152123320510721,1.1988260621578024,200,0
201,200,1.0,1.0178571428571428,1.0178571428571428,0.8333333333333334,3,17,15.833890817916561,0.20293943328058967,0.9411764705882353,0.05882352941176472,16,1,1.5617664490723515,0.2450966238975525,0.36512303261753626,16,,,,,1.1988260621578024,200,0
202,201,1.0,1.0384615384615385,0.8875,1.0384615384615385,3,18,11.314355531538522,0.3826261091063477,0.7777777777777778,0.2222222222222222,14,4,0.7284850020047635,0.0783468708395958,0.3632974174544486,14,,,,,1.1988260621578024,200,0
203,202,1.0,1.0125,1.0125,0.95,3,20,19.585253022222687,0.06874649261535877,0.95,0.050000000000000044,19,1,1.7312535073846411,0.16431966423988342,0.3614809303671764,19,,,,,1.1988260621578024,200,0
204,203,1.0,1.0,0.9625,1.0,3,19,15.264853439651299,0.2111320838965025,0.8421052631578947,0.1578947368421053,16,3,1.1572889687350763,0.25714969635009766,0.3596735257153405,16,,,,,1.1988260621578024,200,0
205,204,1.0,1.03125,1.03125,0.6153846153846154,3,13,11.27063667571322,0.2815127944074708,0.9230769230769231,0.07692307692307687,12,1,1.4107948979002218,0.32537081837654114,0.3578751580867638,12,,,,,1.1988260621578024,200,0
206,205,1.0,1.0,0.7954545454545454,1.0,3,20,18.948455466787642,0.12644169019873314,0.95,0.050000000000000044,19,1,1.6735583098012667,0.13980859518051147,0.35608578229633,19,,,,,1.1988260621578024,200,0
207,206,1.0,1.125,1.125,0.5892857142857143,3,11,7.94229183718328,0.2946278254943948,0.8181818181818182,0.18181818181818177,9,2,0.9780994472328781,0.13792040944099426,0.3543053533848483,9,,,,,1.1988260621578024,200,0
208,207,1.0,1.0,1.0,1.0,3,20,15.329964494978661,0.1675858014702682,0.85,0.15000000000000002,17,3,1.2324141985297317,0.11050920933485031,0.35253382661792404,17,,,,,1.1988260621578024,200,0
209,208,1.0,1.0666666666666667,0.825,1.0666666666666667,3,20,14.647087087024165,0.32682899635429974,0.9,0.09999999999999998,18,2,1.2731710036457005,0.03455262631177902,0.3507711574848344,18,,,,,1.1988260621578024,200,0
210,209,1.0,1.0,1.0,0.7333333333333333,3,18,18.35046412591517,0.14374832258817344,1.0,0.0,18,0,1.8562516774118265,0.1885678768157959,0.34901730169741024,18,,,,,1.1988260621578024,200,0
211,210,1.0,1.0,1.0,0.796875,3,16,13.013599041820704,0.29246591728200877,0.875,0.125,14,2,1.2075340827179912,0.18213830888271332,0.3472722151889232,14,,,,,1.1988260621578024,200,0
212,211,1.0,1.0,1.0,0.9464285714285714,3,18,15.08946875000706,0.14499225797402795,0.8888888888888888,0.11111111111111116,16,2,1.4105632975815274,0.22311337292194366,0.3455358541129786,16,,,,,1.1988260621578024,200,0
213,212,1.0,1.015625,1.015625,0.9107142857142857,3,18,15.446880073662417,0.1473139127471974,0.8888888888888888,0.11111111111111116,16,2,1.408241642808358,0.14213845133781433,0.3438081748424137,16,,,,,1.1988260621578024,200,0
214,213,1.0,1.0277777777777777,1.0277777777777777,0.8,3,14,12.163653221846692,0.21067057926253285,0.9285714285714286,0.0714285714285714,13,1,1.5036151350231814,0.16172918677330017,0.3420891339682016,13,,,,,1.1988260621578024,200,0
215,214,1.0,1.0178571428571428,0.9204545454545454,1.0178571428571428,3,17,12.184714958430922,0.24673336883818556,0.8235294117647058,0.17647058823529416,14,3,1.0473842782206377,0.048778340220451355,0.3403786882983606,14,,,,,1.1988260621578024,200,0
216,215,1.0,1.0,1.0,0.9166666666666666,3,21,15.322393375684118,0.22908491722753038,0.8095238095238095,0.19047619047619047,17,4,1.0090103208677077,0.045974619686603546,0.3386767948568688,17,,,,,1.1988260621578024,200,0
217,216,1.0,1.0,0.9166666666666666,1.0,3,20,18.318830681577456,0.10393492741038725,0.95,0.050000000000000044,19,1,1.6960650725896125,0.15110251307487488,0.33698341088258443,19,,,,,1.1988260621578024,200,0
218,217,1.0,1.0375,1.0375,0.9375,3,19,16.57603756818603,0.07103675351359437,0.8947368421052632,0.10526315789473684,17,2,1.5079106149074584,0.15492448210716248,0.3352984938281715,17,,,,,1.1988260621578024,200,0
219,218,1.0,1.025,1.025,0.9666666666666667,3,19,17.567001254391982,0.160696247116303,0.9473684210526315,0.052631578947368474,18,1,1.6287774370942232,0.1858472228050232,0.33362200135903064,18,,,,,1.1988260621578024,200,0
220,219,1.0,1.0555555555555556,1.0555555555555556,0.8970588235294118,3,18,15.820717493475296,0.12266334536566456,0.8888888888888888,0.11111111111111116,16,2,1.4328922101898909,0.03801187500357628,0.33195389135223546,16,,,,,1.1988260621578024,200,0
221,220,1.0,1.0,1.0,0.6617647058823529,3,16,14.856983719559459,0.1830828626258002,0.9375,0.0625,15,1,1.5669171373741997,0.13557863235473633,0.3302941218954743,15,,,,,1.1988260621578024,200,0
222,221,1.0,1.0,1.0,0.8928571428571429,3,15,11.904156710535561,0.20521960799708494,0.8666666666666667,0.1333333333333333,13,2,1.2614470586695818,0.11849850416183472,0.32864265128599696,13,,,,,1.1988260621578024,200,0
223,222,1.0,1.0555555555555556,1.0555555555555556,0.75,3,15,10.322894191181248,0.2547768934422797,0.8,0.19999999999999996,12,3,0.9452231065577203,0.06417574733495712,0.326999438029567,12,,,,,1.1988260621578024,200,0
224,223,1.0,1.0972222222222223,1.0972222222222223,0.9464285714285714,3,19,15.945948833646138,0.2093154700850105,0.8947368421052632,0.10526315789473684,17,2,1.3696318983360423,0.14382238686084747,0.3253644408394192,17,,,,,1.1988260621578024,200,0
225,224,1.0,1.0178571428571428,1.0178571428571428,0.6,3,12,11.02655481976348,0.228428947269424,0.9166666666666666,0.08333333333333337,11,1,1.4382377193972424,0.5625777244567871,0.3237376186352221,11,,,,,1.1988260621578024,200,0
226,225,1.0,1.109375,1.109375,0.7857142857142857,3,14,11.774643528893288,0.0785674201318386,0.8571428571428571,0.1428571428571429,12,2,1.35000400843959,0.3420909643173218,0.322118930542046,12,,,,,1.1988260621578024,200,0
227,226,1.0,1.0555555555555556,1.0555555555555556,1.0,3,17,14.180025570445773,0.17540931633799905,0.8823529411764706,0.11764705882352944,15,2,1.3540024483678832,0.06337632238864899,0.32050833588933575,15,,,,,1.1988260621578024,200,0
228,227,1.0,1.0,0.75,1.0,3,19,17.015231545538338,0.2150808996315722,0.9473684210526315,0.052631578947368474,18,1,1.5743927845789538,0.3077741265296936,0.31890579420988907,18,,,,,1.1988260621578024,200,0
229,228,1.0,1.0277777777777777,1.0277777777777777,0.6470588235294118,3,15,13.499932494855404,0.2530056266845486,0.9333333333333333,0.06666666666666665,14,1,1.4803277066487848,0.08778926730155945,0.3173112652388396,14,,,,,1.1988260621578024,200,0
230,229,1.0,1.0,1.0,0.71875,3,19,17.95092411631005,0.07469356779920253,0.9473684210526315,0.052631578947368474,18,1,1.7147801164113237,0.1412702202796936,0.3157247089126454,18,,,,,1.1988260621578024,200,0
231,230,1.0,1.0138888888888888,1.0138888888888888,0.7833333333333333,3,19,11.668020584359521,0.43018388455879436,0.8421052631578947,0.1578947368421053,16,3,0.9382371680727843,0.2015949785709381,0.3141460853680822,16,,,,,1.1988260621578024,200,0
232,231,1.0,1.078125,1.078125,0.45588235294117646,3,12,8.578087584516542,0.2435590024086997,0.8333333333333334,0.16666666666666663,10,2,1.0897743309246337,0.39043834805488586,0.3125753549412418,10,,,,,1.1988260621578024,200,0
233,232,1.0,1.0125,1.0125,0.8833333333333333,3,19,16.707412189272592,0.1420239434487356,0.8947368421052632,0.10526315789473684,17,2,1.436923424972317,0.2644358277320862,0.31101247816653554,17,,,,,1.1988260621578024,200,0
234,233,1.0,1.0113636363636365,1.0113636363636365,0.8823529411764706,3,23,18.50376267320597,0.2667954199196535,0.9130434782608695,0.08695652173913049,21,2,1.3853784931238244,0.12078875303268433,0.30945741577570285,21,,,,,1.1988260621578024,200,0
235,234,1.0,1.0,1.0,0.85,3,19,13.303716966605954,0.3458295709011544,0.8421052631578947,0.1578947368421053,16,3,1.0225914817304242,0.20256084203720093,0.3079101286968243,16,,,,,1.1988260621578024,200,0
236,235,1.0,1.015625,1.015625,0.75,3,12,10.615436737001353,0.24575306040044825,0.9166666666666666,0.08333333333333337,11,1,1.4209136062662182,0.16391631960868835,0.3063705780533402,11,,,,,1.1988260621578024,200,0
237,236,1.0,1.0166666666666666,0.8229166666666666,1.0166666666666666,3,18,17.195659157345297,0.16799237920576088,0.9444444444444444,0.05555555555555558,17,1,1.6097853985720167,0.10056508332490921,0.30483872516307353,17,,,,,1.1988260621578024,200,0
238,237,1.0,1.0,1.0,0.8846153846153846,3,17,16.720362920467494,0.088766467314893,0.9411764705882353,0.05882352941176472,16,1,1.6759394150380482,0.2402544617652893,0.3033145315372582,16,,,,,1.1988260621578024,200,0
239,238,1.0,1.0147058823529411,0.875,1.0147058823529411,3,19,18.124250365962656,0.114904851942814,0.9473684210526315,0.052631578947368474,18,1,1.6745688322677121,0.11395235359668732,0.3017979588795719,18,,,,,1.1988260621578024,200,0
240,239,1.0,1.0,0.9375,1.0,3,16,16.45843905778704,0.0736569563735987,1.0,0.0,16,0,1.9263430436264013,0.05609138682484627,0.30028896908517405,16,,,,,1.1988260621578024,200,0
241,240,1.0,1.0277777777777777,1.0277777777777777,0.875,3,16,12.949598764590966,0.22413913806235558,0.875,0.125,14,2,1.2758608619376444,0.10827739536762238,0.2987875242397482,14,,,,,1.1988260621578024,200,0
242,241,1.0,1.0178571428571428,0.859375,1.0178571428571428,3,15,9.847102359599472,0.29352979097091336,0.8,0.19999999999999996,12,3,0.9064702090290868,0.2301146537065506,0.29729358661854943,12,,,,,1.1988260621578024,200,0
243,242,1.0,1.0,0.7045454545454546,1.0,3,19,20.97681953806965,0.03897559777889522,1.0,0.0,19,0,1.9610244022211047,0.24305590987205505,0.29580711868545667,19,,,,,1.1988260621578024,200,0
244,243,1.0,1.0,0.75,1.0,3,20,14.628224234212432,0.2877531762328589,0.9,0.09999999999999998,18,2,1.3122468237671412,0.20180270075798035,0.2943280830920294,18,,,,,1.1988260621578024,200,0
245,244,1.0,1.0,0.6805555555555556,1.0,3,18,17.792831730060946,0.1600991928249792,1.0,0.0,18,0,1.8399008071750207,0.32954835891723633,0.29285644267656924,18,,,,,1.1988260621578024,200,0
246,245,1.0,1.0178571428571428,1.0178571428571428,0.6166666666666667,3,12,11.239169109189792,0.10002961130233619,0.9166666666666666,0.08333333333333337,11,1,1.5666370553643303,0.11583183705806732,0.2913921604631864,11,,,,,1.1988260621578024,200,0
247,246,1.0,1.0416666666666667,0.8888888888888888,1.0416666666666667,3,18,16.914269583986638,0.07795119555779044,0.9444444444444444,0.05555555555555558,17,1,1.6998265822199872,0.18423190712928772,0.28993519966087045,17,,,,,1.1988260621578024,200,0
248,247,1.0,1.0,1.0,0.875,3,19,8.897825851176318,0.47864503823016735,0.7368421052631579,0.26315789473684215,14,5,0.46872338282246406,0.3899061977863312,0.2884855236625661,14,,,,,1.1988260621578024,200,0
249,248,1.0,1.046875,1.0113636363636365,1.046875,3,20,13.984435512527096,0.19613144351275763,0.8,0.19999999999999996,16,4,1.0038685564872425,0.13438697159290314,0.28704309604425327,16,,,,,1.1988260621578024,200,0
250,249,1.0,1.03125,1.03125,0.8833333333333333,3,17,13.423067701277766,0.20439483588707041,0.8823529411764706,0.11764705882352944,15,2,1.3250169288188118,0.10067040473222733,0.285607880564032,15,,,,,1.1988260621578024,200,0
251,250,1.0,1.0192307692307692,0.9375,1.0192307692307692,3,18,13.794076620253035,0.19445436482630055,0.8888888888888888,0.11111111111111116,16,2,1.3611011907292547,0.09348168969154358,0.28417984116121187,16,,,,,1.1988260621578024,200,0
252,251,1.0,1.1071428571428572,1.1071428571428572,0.8928571428571429,3,18,10.426681021093282,0.1446712962222198,0.7222222222222222,0.2777777777777778,13,5,0.744217592666669,0.10681157559156418,0.2827589419554058,13,,,,,1.1988260621578024,200,0
253,252,1.0,1.075,1.075,0.9,3,19,13.907301081150042,0.25849523566864896,0.8421052631578947,0.1578947368421053,16,3,1.1099258169629298,0.1353464126586914,0.28134514724562876,16,,,,,1.1988260621578024,200,0
254,253,1.0,1.0,1.0,0.984375,3,20,13.713275335407484,0.2750410559335082,0.8,0.19999999999999996,16,4,0.924958944066492,0.318930447101593,0.2799384215094006,16,,,,,1.1988260621578024,200,0
255,254,1.0,1.075,1.075,0.95,3,19,8.029969762306456,0.45704974652345326,0.6842105263157895,0.3157894736842105,13,6,0.27979235873970465,0.18118199706077576,0.27853872940185365,13,,,,,1.1988260621578024,200,0
256,255,1.0,1.0192307692307692,0.9375,1.0192307692307692,3,18,14.55716785015563,0.16650526650462094,0.8888888888888888,0.11111111111111116,16,2,1.3890502890509344,0.11069212853908539,0.27714603575484437,16,,,,,1.1988260621578024,200,0
257,256,1.0,1.0375,1.0375,0.9464285714285714,3,20,18.150924965086805,0.15178875963637412,0.9,0.09999999999999998,18,2,1.448211240363626,0.17831450700759888,0.2757603055760701,18,,,,,1.1988260621578024,200,0
258,257,1.0,1.0666666666666667,1.015625,1.0666666666666667,3,18,10.331606192110776,0.3419318335953655,0.7777777777777778,0.2222222222222222,14,4,0.7691792775157456,0.2326589971780777,0.2743815040481898,14,,,,,1.1988260621578024,200,0
259,258,1.0,1.078125,1.078125,0.5666666666666667,3,13,7.914788126390826,0.28531442478019636,0.7692307692307693,0.23076923076923073,10,3,0.7916086521428807,0.06667647510766983,0.2730095965279488,10,,,,,1.1988260621578024,200,0
260,259,1.0,1.0535714285714286,1.0535714285714286,0.6785714285714286,3,11,9.769512200070317,0.2939292885688651,0.9090909090909091,0.09090909090909094,10,1,1.342434347794771,0.1549915075302124,0.27164454854530906,10,,,,,1.1988260621578024,200,0
261,260,1.0,1.0833333333333333,0.9875,1.0833333333333333,3,17,10.721960954538632,0.29892206467858656,0.7647058823529411,0.23529411764705888,13,4,0.7599014647331779,0.0752892792224884,0.2702863258025825,13,,,,,1.1988260621578024,200,0
262,261,1.0,1.0192307692307692,0.9722222222222222,1.0192307692307692,3,18,13.492171067537244,0.21695904598205473,0.8333333333333334,0.16666666666666663,15,3,1.1163742873512787,0.14250284433364868,0.2689348941735696,15,,,,,1.1988260621578024,200,0
263,262,1.0,1.0384615384615385,0.75,1.0384615384615385,3,14,10.730309572470144,0.24551425905808877,0.8571428571428571,0.1428571428571429,12,2,1.1830571695133396,0.19985216856002808,0.26759021970270175,12,,,,,1.1988260621578024,200,0
264,263,1.0,1.0,1.0,0.875,3,18,14.570641503283838,0.3012878897211076,0.8888888888888888,0.11111111111111116,16,2,1.2542676658344478,0.1653534322977066,0.2662522686041882,16,,,,,1.1988260621578024,200,0
265,264,1.0,1.0375,1.0375,0.9666666666666667,3,20,10.573361293696333,0.3837694071569958,0.7,0.30000000000000004,14,6,0.4162305928430041,0.21293963491916656,0.2649210072611673,14,,,,,1.1988260621578024,200,0
266,265,1.0,1.0714285714285714,1.0714285714285714,0.5666666666666667,3,13,12.291691356856177,0.14660510071465985,0.9230769230769231,0.07692307692307687,12,1,1.5457025915930327,0.05372060090303421,0.26359640222486147,12,,,,,1.1988260621578024,200,0
267,266,1.0,1.09375,1.09375,0.75,3,18,12.643291713987896,0.12101678283773314,0.7777777777777778,0.2222222222222222,14,4,0.9900943282733781,0.18185552954673767,0.26227842021373715,14,,,,,1.1988260621578024,200,0
268,267,1.0,1.0694444444444444,1.0694444444444444,0.8088235294117647,3,20,11.894844504454761,0.34763091206110874,0.75,0.25,15,5,0.6523690879388913,0.293265163898468,0.2609670281126685,15,,,,,1.1988260621578024,200,0
269,268,1.0,1.015625,1.015625,0.7205882352941176,3,18,15.342871461908622,0.27473331625729047,0.9444444444444444,0.05555555555555558,17,1,1.5030444615204872,0.2657521963119507,0.25966219297210513,17,,,,,1.1988260621578024,200,0
270,269,1.0,1.0535714285714286,0.9375,1.0535714285714286,3,19,13.391424549912331,0.3093592167691145,0.8421052631578947,0.1578947368421053,16,3,1.0590618358624644,0.037768058478832245,0.2583638820072446,16,,,,,1.1988260621578024,200,0
271,270,1.0,1.0625,0.9659090909090909,1.0625,3,20,17.486402260038744,0.1141483990246954,0.9,0.09999999999999998,18,2,1.4858516009753047,0.06033363193273544,0.2570720625972084,18,,,,,1.1988260621578024,200,0
272,271,1.0,1.0441176470588236,0.8863636363636364,1.0441176470588236,3,24,23.591885387119014,0.061527934537046344,0.9583333333333334,0.04166666666666663,23,1,1.7718053987962872,0.23262780904769897,0.25578670228422234,23,,,,,1.1988260621578024,200,0
273,272,1.0,1.078125,1.078125,0.8333333333333334,3,18,12.560298344349793,0.266717298434036,0.7777777777777778,0.2222222222222222,14,4,0.8443938126770751,0.12042097747325897,0.25450776877280124,14,,,,,1.1988260621578024,200,0
274,273,1.0,1.0,1.0,0.9615384615384616,3,21,15.735464630589378,0.23990643423409871,0.8095238095238095,0.19047619047619047,17,4,0.9981888038611395,0.18582794070243835,0.2532352299289372,17,,,,,1.1988260621578024,200,0
275,274,1.0,1.0,0.8888888888888888,1.0,3,21,18.42036703434445,0.1408261296015479,0.9047619047619048,0.09523809523809523,19,2,1.4782214894460712,0.03647538274526596,0.2519690537792925,19,,,,,1.1988260621578024,200,0
276,275,1.0,1.0625,1.0625,0.6875,3,13,12.241373454837923,0.16770900179443968,0.9230769230769231,0.07692307692307687,12,1,1.524598690513253,0.17944727838039398,0.2507092085103961,12,,,,,1.1988260621578024,200,0
277,276,1.0,1.05,1.05,0.953125,3,25,15.527296066272829,0.300969702314032,0.76,0.24,19,6,0.739030297685968,0.23971545696258545,0.2494556624678441,19,,,,,1.1988260621578024,200,0
278,277,1.0,1.0166666666666666,0.925,1.0166666666666666,3,19,15.069112078912301,0.19351988632468675,0.8947368421052632,0.10526315789473684,17,2,1.385427482096366,0.25929272174835205,0.24820838415550486,17,,,,,1.1988260621578024,200,0
279,278,1.0,1.0166666666666666,0.9479166666666666,1.0166666666666666,3,24,21.848524755542446,0.14240344898895752,0.9166666666666666,0.08333333333333337,22,2,1.524263217677709,0.2788999080657959,0.24696734223472733,22,,,,,1.1988260621578024,200,0
280,279,1.0,1.0277777777777777,1.0277777777777777,0.890625,3,18,13.884336031312625,0.21979837822240586,0.8333333333333334,0.16666666666666663,15,3,1.1135349551109277,0.10406571626663208,0.2457325055235537,15,,,,,1.1988260621578024,200,0
281,280,1.0,1.0,1.0,0.7678571428571429,3,16,16.653352061430994,0.07081971546656649,1.0,0.0,16,0,1.9291802845334336,0.13183915615081787,0.24450384299593592,16,,,,,1.1988260621578024,200,0
282,281,1.0,1.0,1.0,0.953125,3,20,14.651443830941824,0.314082122800383,0.85,0.15000000000000002,17,3,1.085917877199617,0.18671803176403046,0.24328132378095624,17,,,,,1.1988260621578024,200,0
283,282,1.0,1.03125,1.03125,0.6428571428571429,3,14,10.63381281792182,0.2359877714620791,0.8571428571428571,0.1428571428571429,12,2,1.1925836571093493,0.23936665058135986,0.24206491716205145,12,,,,,1.1988260621578024,200,0
284,283,1.0,1.0625,1.0625,0.9038461538461539,3,15,10.268925656266688,0.298785492735978,0.8,0.19999999999999996,12,3,0.9012145072640223,0.2951543927192688,0.2408545925762412,12,,,,,1.1988260621578024,200,0
285,284,1.0,1.05,1.05,0.8088235294117647,3,20,13.81497072331823,0.16106321127026915,0.85,0.15000000000000002,17,3,1.2389367887297307,0.16486431658267975,0.23965031961336,17,,,,,1.1988260621578024,200,0
286,285,1.0,1.0833333333333333,1.0833333333333333,0.7352941176470589,3,16,9.017550218001576,0.17651460961463616,0.6875,0.3125,11,5,0.5734853903853638,0.24439182877540588,0.2384520680152932,11,,,,,1.1988260621578024,200,0
287,286,1.0,1.0178571428571428,0.9861111111111112,1.0178571428571428,3,18,13.34516032132375,0.23279893258747558,0.8333333333333334,0.16666666666666663,15,3,1.100534400745858,0.37328192591667175,0.23725980767521673,15,,,,,1.1988260621578024,200,0
288,287,1.0,1.0,1.0,0.4264705882352941,3,13,12.464473485472412,0.11938632509130145,0.9230769230769231,0.07692307692307687,12,1,1.572921367216391,0.05854968726634979,0.23607350863684065,12,,,,,1.1988260621578024,200,0
289,288,1.0,1.0625,1.0625,0.8888888888888888,3,23,16.37008880492862,0.2553441154284755,0.8260869565217391,0.17391304347826086,19,4,1.049003710658481,0.1599133014678955,0.23489314109365644,19,,,,,1.1988260621578024,200,0
290,289,1.0,1.0,0.7638888888888888,1.0,3,16,14.173922576550819,0.1607246353892518,0.9375,0.0625,15,1,1.5892753646107483,0.052119530737400055,0.23371867538818816,15,,,,,1.1988260621578024,200,0
291,290,1.0,1.0277777777777777,1.0277777777777777,0.96875,3,17,15.592981110774735,0.037768844872372614,0.9411764705882353,0.05882352941176472,16,1,1.7269370374805686,0.09711892157793045,0.23255008201124722,16,,,,,1.1988260621578024,200,0
292,291,1.0,1.0277777777777777,1.0277777777777777,0.9375,3,20,11.886038475965115,0.35337654313067385,0.75,0.25,15,5,0.6466234568693261,0.19891002774238586,0.231387331601191,15,,,,,1.1988260621578024,200,0
293,292,1.0,1.0277777777777777,1.0277777777777777,0.59375,3,15,12.52991958008606,0.2728733708942847,0.9333333333333333,0.06666666666666665,14,1,1.4604599624390486,0.14968803524971008,0.23023039494318503,14,,,,,1.1988260621578024,200,0
294,293,1.0,1.0,0.9625,1.0,3,23,14.644929910967459,0.26239355644898377,0.782608695652174,0.21739130434782605,18,5,0.8680412261597119,0.18693256378173828,0.2290792429684691,18,,,,,1.1988260621578024,200,0
295,294,1.0,1.0416666666666667,1.0416666666666667,0.9375,3,20,16.862665255695575,0.18575837219222766,0.9,0.09999999999999998,18,2,1.4142416278077725,0.10529321432113647,0.22793384675362674,18,,,,,1.1988260621578024,200,0
296,295,1.0,1.0,0.95,1.0,3,19,15.645816088974385,0.24674239512870455,0.8947368421052632,0.10526315789473684,17,2,1.3322049732923482,0.20310014486312866,0.22679417751985861,17,,,,,1.1988260621578024,200,0
297,296,1.0,1.0,1.0,0.8,3,13,8.677697237265395,0.3428472447140801,0.8461538461538461,0.15384615384615385,11,2,1.0417681399013043,0.20254027843475342,0.22566020663225933,11,,,,,1.1988260621578024,200,0
298,297,1.0,1.0208333333333333,0.6875,1.0208333333333333,3,16,13.290056551290382,0.15309310892394862,0.875,0.125,14,2,1.3469068910760513,0.04323763772845268,0.22453190559909803,14,,,,,1.1988260621578024,200,0
299,298,1.0,1.0,0.975,1.0,3,20,15.8100385878961,0.25741303118708736,0.85,0.15000000000000002,17,3,1.1425869688129124,0.2157263457775116,0.22340924607110255,17,,,,,1.1988260621578024,200,0
300,299,1.0,1.0357142857142858,0.9375,1.0357142857142858,3,18,15.78354010347038,0.16072096559654173,0.9444444444444444,0.05555555555555558,17,1,1.6170568121812359,0.3214632272720337,0.22229219984074702,17,1.3013551574230289,0.18742919585250764,0.8721960883188841,0.12780391168111588,1.3013551574230289,300,0
301,300,1.0,1.0333333333333334,1.0,1.0333333333333334,3,20,14.532064651432348,0.11785113019775792,0.85,0.15000000000000002,17,3,1.282148869802242,0.14903989434242249,0.2211807388415433,17,,,,,1.3013551574230289,300,0
302,301,1.0,1.0333333333333334,0.7840909090909091,1.0333333333333334,3,19,17.217354532747684,0.2527706178638181,0.9473684210526315,0.052631578947368474,18,1,1.536703066346708,0.17744091153144836,0.22007483514733558,18,,,,,1.3013551574230289,300,0
303,302,1.0,1.0,0.7638888888888888,1.0,3,13,10.281015459542797,0.3492256009867755,0.9230769230769231,0.07692307692307687,12,1,1.343082091320917,0.0504816472530365,0.2189744609715989,12,,,,,1.3013551574230289,300,0
304,303,1.0,1.0625,1.0625,0.8928571428571429,3,17,11.580587754198817,0.28036393617151606,0.8235294117647058,0.17647058823529416,14,3,1.0137537108873074,0.048598550260066986,0.2178795886667409,14,,,,,1.3013551574230289,300,0
305,304,1.0,1.0,1.0,0.390625,3,10,8.419563551891047,0.2443766516892167,0.9,0.09999999999999998,9,1,1.3556233483107833,0.11361810564994812,0.2167901907234072,9,,,,,1.3013551574230289,300,0
306,305,1.0,1.0,0.9444444444444444,1.0,3,15,12.095557708904598,0.27702761099043993,0.8666666666666667,0.1333333333333333,13,2,1.1896390556762269,0.08325742930173874,0.21570623976979014,13,,,,,1.3013551574230289,300,0
307,306,1.0,1.0113636363636365,1.0113636363636365,0.921875,3,18,16.256710034457207,0.2111499416043163,0.9444444444444444,0.05555555555555558,17,1,1.5666278361734614,0.142220139503479,0.21462770857094118,17,,,,,1.3013551574230289,300,0
308,307,1.0,1.0,0.9772727272727273,1.0,3,25,25.154848077605138,0.041697215878964536,0.96,0.040000000000000036,24,1,1.7983027841210353,0.18414686620235443,0.21355457002808648,24,,,,,1.3013551574230289,300,0
309,308,1.0,1.0,1.0,0.6964285714285714,3,12,11.020367764714724,0.15261124262132367,0.9166666666666666,0.08333333333333337,11,1,1.5140554240453428,0.2344512641429901,0.21248679717794605,11,,,,,1.3013551574230289,300,0
310,309,1.0,1.0,0.9305555555555556,1.0,3,17,9.54858788802334,0.4928593993560413,0.7647058823529411,0.23529411764705888,13,4,0.5659641300557232,0.05246497318148613,0.21142436319205632,13,,,,,1.3013551574230289,300,0
311,310,1.0,1.0535714285714286,1.0535714285714286,0.7321428571428571,3,14,6.754918499949474,0.4825089674273726,0.7142857142857143,0.2857142857142857,10,4,0.3746338897154846,0.1665506362915039,0.21036724137609603,10,,,,,1.3013551574230289,300,0
312,311,1.0,1.0178571428571428,1.0178571428571428,0.7916666666666666,3,12,9.357924729177007,0.2826915653637701,0.8333333333333334,0.16666666666666663,10,2,1.0506417679695634,0.25054654479026794,0.20931540516921554,10,,,,,1.3013551574230289,300,0
313,312,1.0,1.0384615384615385,0.953125,1.0384615384615385,3,18,15.912692611140582,0.16204530402191714,0.8888888888888888,0.11111111111111116,16,2,1.3935102515336382,0.16303133964538574,0.20826882814336947,16,,,,,1.3013551574230289,300,0
314,313,1.0,1.0,1.0,0.7352941176470589,3,20,17.974564011601835,0.323649795116545,0.95,0.050000000000000044,19,1,1.4763502048834547,0.09217144548892975,0.20722748400265262,19,,,,,1.3013551574230289,300,0
315,314,1.0,1.0208333333333333,1.0208333333333333,0.7,3,12,11.528984232402602,0.1657043566629644,0.9166666666666666,0.08333333333333337,11,1,1.5009623100037022,0.09695109724998474,0.20619134658263935,11,,,,,1.3013551574230289,300,0
316,315,1.0,1.0227272727272727,1.0227272727272727,0.7941176470588235,3,20,19.266458688535664,0.2828046440043362,0.95,0.050000000000000044,19,1,1.5171953559956637,0.3666064739227295,0.20516038984972615,19,,,,,1.3013551574230289,300,0
317,316,1.0,1.015625,1.015625,0.5588235294117647,3,16,12.838217528267755,0.3555175760965697,0.9375,0.0625,15,1,1.3944824239034304,0.1443248689174652,0.2041345879004775,15,,,,,1.3013551574230289,300,0
318,317,1.0,1.0,1.0,0.9107142857142857,3,17,16.732698153893498,0.1599652878227441,0.9411764705882353,0.05882352941176472,16,1,1.6047405945301971,0.1431366205215454,0.2031139149609751,16,,,,,1.3013551574230289,300,0
319,318,1.0,1.0125,1.0125,0.8166666666666667,3,16,14.077909036694926,0.23124351981826696,0.9375,0.0625,15,1,1.518756480181733,0.11061035096645355,0.20209834538617025,15,,,,,1.3013551574230289,300,0
320,319,1.0,1.09375,1.09375,0.71875,3,14,13.249097963809163,0.15523076411754402,0.9285714285714286,0.0714285714285714,13,1,1.5590549501681703,0.10536637902259827,0.2010878536592394,13,,,,,1.3013551574230289,300,0
321,320,1.0,1.109375,1.109375,0.7884615384615384,3,15,11.163820818906641,0.21533810989489843,0.8,0.19999999999999996,12,3,0.9846618901051016,0.13275322318077087,0.2000824143909432,12,,,,,1.3013551574230289,300,0
322,321,1.0,1.046875,1.046875,0.7794117647058824,3,15,14.307469079294414,0.21203127376021974,0.9333333333333333,0.06666666666666665,14,1,1.5213020595731137,0.17698435485363007,0.19908200231898848,14,,,,,1.3013551574230289,300,0
323,322,1.0,1.015625,1.015625,0.8928571428571429,3,17,14.756347479134531,0.24107467601951807,0.8823529411764706,0.11764705882352944,15,2,1.288337088686364,0.0396881029009819,0.19808659230739353,15,,,,,1.3013551574230289,300,0
324,323,1.0,1.0,1.0,0.7833333333333333,3,14,14.827640594575552,0.11785113019775792,1.0,0.0,14,0,1.8821488698022422,0.159439355134964,0.19709615934585656,14,,,,,1.3013551574230289,300,0
325,324,1.0,1.0357142857142858,0.775,1.0357142857142858,3,18,17.289942883694756,0.19335130447951537,0.9444444444444444,0.05555555555555558,17,1,1.5844264732982623,0.15168605744838715,0.19611067854912728,17,,,,,1.3013551574230289,300,0
326,325,1.0,1.0555555555555556,1.0555555555555556,0.6764705882352942,3,16,14.191285437394201,0.2516502798363419,0.9375,0.0625,15,1,1.4983497201636582,0.08101174235343933,0.19513012515638165,15,,,,,1.3013551574230289,300,0
327,326,1.0,1.0333333333333334,0.9166666666666666,1.0333333333333334,3,17,13.98410919745765,0.25743025512171847,0.8823529411764706,0.11764705882352944,15,2,1.2719815095841638,0.3175658583641052,0.19415447453059972,15,,,,,1.3013551574230289,300,0
328,327,1.0,1.0576923076923077,0.8181818181818182,1.0576923076923077,3,20,17.619878009343076,0.12694313545516583,0.9,0.09999999999999998,18,2,1.4730568645448343,0.16780275106430054,0.19318370215794672,18,,,,,1.3013551574230289,300,0
329,328,1.0,1.0,1.0,0.8035714285714286,3,13,10.557689618396521,0.2377865122009066,0.8461538461538461,0.15384615384615385,11,2,1.146828872414478,0.22765684127807617,0.192217783647157,11,,,,,1.3013551574230289,300,0
330,329,1.0,1.0694444444444444,1.0694444444444444,0.7321428571428571,3,15,13.001972171362008,0.09868819383153138,0.8666666666666667,0.1333333333333333,13,2,1.3679784728351354,0.12767215073108673,0.1912566947289212,13,,,,,1.3013551574230289,300,0
331,330,1.0,1.0892857142857142,1.0892857142857142,0.55,3,11,8.704330328860339,0.2432363391232287,0.8181818181818182,0.18181818181818177,9,2,1.0294909336040443,0.1375822275876999,0.1903004112552766,9,,,,,1.3013551574230289,300,0
332,331,1.0,1.03125,1.03125,0.7647058823529411,3,17,15.3853599204415,0.3181759180364065,0.9411764705882353,0.05882352941176472,16,1,1.4465299643165346,0.21006007492542267,0.18934890919900021,16,,,,,1.3013551574230289,300,0
333,332,1.0,1.0,0.9125,1.0,3,19,16.692769937246453,0.12330447289825328,0.9473684210526315,0.052631578947368474,18,1,1.6661692113122728,0.18303543329238892,0.18840216465300522,18,,,,,1.3013551574230289,300,0
334,333,1.0,1.025,1.025,0.8833333333333333,3,16,9.928088728219862,0.5185760099642645,0.8125,0.1875,13,3,0.7314239900357355,0.09906017035245895,0.18746015382974018,13,,,,,1.3013551574230289,300,0
335,334,1.0,1.0208333333333333,1.0208333333333333,0.5208333333333334,3,10,9.44969375865238,0.15726060950783255,0.9,0.09999999999999998,9,1,1.4427393904921675,0.09581273794174194,0.1865228530605915,9,,,,,1.3013551574230289,300,0
336,335,1.0,1.0375,1.0375,0.95,3,18,15.867529633226454,0.08010853911230562,0.8888888888888888,0.11111111111111116,16,2,1.4754470164432498,0.10899964720010757,0.18559023879528855,16,,,,,1.3013551574230289,300,0
337,336,1.0,1.0357142857142858,1.0357142857142858,0.671875,3,14,13.379639328553889,0.14226140057329167,0.9285714285714286,0.0714285714285714,13,1,1.5720243137124228,0.16851535439491272,0.1846622876013121,13,,,,,1.3013551574230289,300,0
338,337,1.0,1.125,1.125,0.9038461538461539,3,16,12.65223192760243,0.2685539873446441,0.875,0.125,14,2,1.231446012655356,0.12486813217401505,0.18373897616330553,14,,,,,1.3013551574230289,300,0
339,338,1.0,1.0416666666666667,1.0416666666666667,0.8235294117647058,3,22,20.029176833073176,0.06178839122167347,0.9090909090909091,0.09090909090909094,20,2,1.5745752451419628,0.13582871854305267,0.182820281282489,20,,,,,1.3013551574230289,300,0
340,339,1.0,1.05,1.05,0.9285714285714286,3,17,16.39191605756838,0.08332166115007336,0.9411764705882353,0.05882352941176472,16,1,1.6813842212028678,0.2420339584350586,0.18190617987607657,16,,,,,1.3013551574230289,300,0
341,340,1.0,1.0625,1.0625,0.890625,3,19,16.150538865808365,0.21892323148535076,0.8421052631578947,0.1578947368421053,16,3,1.1494978211462281,0.23905768990516663,0.18099664897669618,16,,,,,1.3013551574230289,300,0
342,341,1.0,1.0,0.6590909090909091,1.0,3,19,18.88860396026497,0.2045582747166557,0.9473684210526315,0.052631578947368474,18,1,1.5849154094938704,0.15157705545425415,0.1800916657318127,18,,,,,1.3013551574230289,300,0
343,342,1.0,1.0,1.0,0.9333333333333333,3,18,15.886768581704441,0.2519716477897026,0.9444444444444444,0.05555555555555558,17,1,1.5258061299880752,0.2547200918197632,0.17919120740315364,17,,,,,1.3013551574230289,300,0
344,343,1.0,1.0625,1.0625,0.75,3,15,14.017957561362925,0.08116195111726549,0.9333333333333333,0.06666666666666665,14,1,1.652171382216068,0.11139741539955139,0.17829525136613786,14,,,,,1.3013551574230289,300,0
345,344,1.0,1.0416666666666667,1.0416666666666667,0.9375,3,18,16.606222813805374,0.1990122796024289,0.9444444444444444,0.05555555555555558,17,1,1.5787654981753487,0.2334313690662384,0.17740377510930716,17,,,,,1.3013551574230289,300,0
346,345,1.0,1.0138888888888888,1.0138888888888888,0.71875,3,17,16.42093585440343,0.13749298523071757,0.9411764705882353,0.05882352941176472,16,1,1.6272128971222235,0.1360728144645691,0.17651675623376062,16,,,,,1.3013551574230289,300,0
347,346,1.0,1.0892857142857142,1.0892857142857142,0.8461538461538461,3,14,9.769724049159924,0.4836252900940513,0.8571428571428571,0.1428571428571429,12,2,0.9449461384773772,0.13475507497787476,0.1756341724525918,12,,,,,1.3013551574230289,300,0
348,347,1.0,1.0625,1.0625,0.859375,3,18,14.032826501960598,0.33255839549748445,0.8333333333333334,0.16666666666666663,15,3,1.000774937835849,0.22922351956367493,0.17475600159032884,15,,,,,1.3013551574230289,300,0
349,348,1.0,1.0138888888888888,1.0138888888888888,1.0,3,16,11.367755731973439,0.27217234466592855,0.8125,0.1875,13,3,0.9778276553340715,0.05125972628593445,0.17388222158237718,13,,,,,1.3013551574230289,300,0
350,349,1.0,1.0555555555555556,1.0555555555555556,0.9666666666666667,3,17,15.348809400820468,0.1813076535146549,0.9411764705882353,0.05882352941176472,16,1,1.5833982288382862,0.2629827558994293,0.1730128104744653,16,,,,,1.3013551574230289,300,0
351,350,1.0,1.0,1.0,0.8392857142857143,3,14,14.749727359067183,0.10474837574980446,1.0,0.0,14,0,1.8952516242501956,0.5821835398674011,0.17214774642209296,14,,,,,1.3013551574230289,300,0
352,351,1.0,1.0178571428571428,0.8636363636363636,1.0178571428571428,3,19,18.50445004766669,0.15440902358111716,0.9473684210526315,0.052631578947368474,18,1,1.635064660629409,0.03516734763979912,0.1712870076899825,18,,,,,1.3013551574230289,300,0
353,352,1.0,1.0166666666666666,0.925,1.0166666666666666,3,20,18.27311869382775,0.17114109080054446,0.95,0.050000000000000044,19,1,1.6288589091994554,0.08956536650657654,0.17043057265153258,19,,,,,1.3013551574230289,300,0
354,353,1.0,1.0416666666666667,1.0416666666666667,0.9583333333333334,3,20,17.170287637346334,0.21930428502169325,0.9,0.09999999999999998,18,2,1.3806957149783068,0.22512978315353394,0.16957841978827493,18,,,,,1.3013551574230289,300,0
355,354,1.0,1.0,1.0,0.8529411764705882,3,19,17.319924322158258,0.22108358000938716,0.9473684210526315,0.052631578947368474,18,1,1.568390104201139,0.03767717629671097,0.16873052768933355,18,,,,,1.3013551574230289,300,0
356,355,1.0,1.015625,1.015625,0.85,3,19,17.15286030584722,0.16123899108422193,0.9473684210526315,0.052631578947368474,18,1,1.628234693126304,0.275081992149353,0.1678868750508869,18,,,,,1.3013551574230289,300,0
357,356,1.0,1.0555555555555556,1.0555555555555556,0.6911764705882353,3,14,11.204183401113454,0.14230520039862415,0.8571428571428571,0.1428571428571429,12,2,1.2862662281728043,0.16595327854156494,0.16704744067563246,12,,,,,1.3013551574230289,300,0
358,357,1.0,1.0,1.0,0.6785714285714286,3,14,11.794325940386297,0.3088180471622343,0.9285714285714286,0.0714285714285714,13,1,1.40546766712348,0.11084765195846558,0.1662122034722543,13,,,,,1.3013551574230289,300,0
359,358,1.0,1.0357142857142858,1.0357142857142858,0.6964285714285714,3,12,10.924574061155147,0.25270583843474415,0.9166666666666666,0.08333333333333337,11,1,1.4139608282319223,0.30736929178237915,0.16538114245489302,11,,,,,1.3013551574230289,300,0
360,359,1.0,1.125,1.125,0.625,3,14,11.693090857846501,0.057116126041937575,0.8571428571428571,0.1428571428571429,12,2,1.3714553025294909,0.10480831563472748,0.16455423674261854,12,,,,,1.3013551574230289,300,0
361,360,1.0,1.0333333333333334,0.7045454545454546,1.0333333333333334,3,17,15.649387434124954,0.11147979895950462,0.9411764705882353,0.05882352941176472,16,1,1.6532260833934365,0.3178476095199585,0.16373146555890544,16,,,,,1.3013551574230289,300,0
362,361,1.0,1.0,0.9875,1.0,3,18,16.781736745849255,0.11294066643951801,0.9444444444444444,0.05555555555555558,17,1,1.6648371113382596,0.14994458854198456,0.16291280823111093,17,,,,,1.3013551574230289,300,0
363,362,1.0,1.0208333333333333,0.8958333333333334,1.0208333333333333,3,17,14.433796100111485,0.14216384142205063,0.8823529411764706,0.11764705882352944,15,2,1.3872479232838315,0.22042879462242126,0.16209824418995536,15,,,,,1.3013551574230289,300,0
364,363,1.0,1.025,1.025,0.9464285714285714,3,21,19.636593826667394,0.08729031312483707,0.9523809523809523,0.04761904761904767,20,1,1.7222334963989723,0.0913352519273758,0.16128775296900558,20,,,,,1.3013551574230289,300,0
365,364,1.0,1.0714285714285714,1.0714285714285714,0.6607142857142857,3,13,9.89027987877341,0.3359365868316785,0.8461538461538461,0.15384615384615385,11,2,1.0486787977837062,0.21502992510795593,0.16048131420416054,11,,,,,1.3013551574230289,300,0
366,365,1.0,1.015625,1.015625,0.8653846153846154,3,17,16.533103793102903,0.1935919782666874,0.9411764705882353,0.05882352941176472,16,1,1.5711139040862538,0.4064350128173828,0.15967890763313974,16,,,,,1.3013551574230289,300,0
367,366,1.0,1.046875,1.046875,0.609375,3,17,15.807316366892213,0.2242147487799331,0.9411764705882353,0.05882352941176472,16,1,1.540491133573008,0.1584886908531189,0.15888051309497406,16,,,,,1.3013551574230289,300,0
368,367,1.0,1.0694444444444444,1.0694444444444444,0.5333333333333333,3,14,10.84603700535651,0.2231098463830645,0.8571428571428571,0.1428571428571429,12,2,1.2054615821883639,0.14300553500652313,0.1580861105294992,12,,,,,1.3013551574230289,300,0
369,368,1.0,1.0,1.0,0.609375,3,14,11.752163422270863,0.3603297611766909,0.9285714285714286,0.0714285714285714,13,1,1.3539559531090235,0.2687138617038727,0.1572956799768517,13,,,,,1.3013551574230289,300,0
370,369,1.0,1.0666666666666667,1.0625,1.0666666666666667,3,20,16.290178220499,0.14065196596643612,0.85,0.15000000000000002,17,3,1.2593480340335639,0.3469596803188324,0.15650920157696743,17,,,,,1.3013551574230289,300,0
371,370,1.0,1.0,0.8472222222222222,1.0,3,16,11.74705934428363,0.45993569695808373,0.875,0.125,14,2,1.0400643030419163,0.319333553314209,0.1557266555690826,14,,,,,1.3013551574230289,300,0
372,371,1.0,1.0,0.8125,1.0,3,19,15.127668970887292,0.266647595005058,0.8947368421052632,0.10526315789473684,17,2,1.3122997734159947,0.09815272688865662,0.1549480222912372,17,,,,,1.3013551574230289,300,0
373,372,1.0,1.0576923076923077,0.8020833333333334,1.0576923076923077,3,17,13.726462374096773,0.2939979710227772,0.8823529411764706,0.11764705882352944,15,2,1.235413793683105,0.2218931019306183,0.15417328217978102,15,,,,,1.3013551574230289,300,0
374,373,1.0,1.05,0.7386363636363636,1.05,3,16,11.346573733307814,0.3595339339717595,0.8125,0.1875,13,3,0.8904660660282406,0.22041866183280945,0.1534024157688821,13,,,,,1.3013551574230289,300,0
375,374,1.0,1.0138888888888888,1.0138888888888888,0.65625,3,15,12.146718962882087,0.23933881875008306,0.8666666666666667,0.1333333333333333,13,2,1.2273278479165837,0.02795317769050598,0.1526354036900377,13,,,,,1.3013551574230289,300,0
376,375,1.0,1.0166666666666666,0.9125,1.0166666666666666,3,19,18.641042508319426,0.09083911510048497,0.9473684210526315,0.052631578947368474,18,1,1.698634569110041,0.06366996467113495,0.1518722266715875,18,,,,,1.3013551574230289,300,0
377,376,1.0,1.0454545454545454,1.0454545454545454,0.9861111111111112,3,24,22.594432850858478,0.11161935817702921,0.9166666666666666,0.08333333333333337,22,2,1.5550473084896372,0.2309626042842865,0.15111286553822956,22,,,,,1.3013551574230289,300,0
378,377,1.0,1.075,1.075,0.796875,3,17,15.034420386015132,0.12744994612733068,0.8823529411764706,0.11764705882352944,15,2,1.4019618185785516,0.3586537837982178,0.15035730121053842,15,,,,,1.3013551574230289,300,0
379,378,1.0,1.025,1.025,0.65,3,15,14.779100778359371,0.17374696490954347,0.9333333333333333,0.06666666666666665,14,1,1.5595863684237898,0.3115484118461609,0.14960551470448571,14,,,,,1.3013551574230289,300,0
380,379,1.0,1.0416666666666667,1.0416666666666667,0.984375,3,21,15.25698543247555,0.24673336883818556,0.8095238095238095,0.19047619047619047,17,4,0.9913618692570525,0.20953607559204102,0.14885748713096328,17,,,,,1.3013551574230289,300,0
381,380,1.0,1.109375,1.109375,0.890625,3,19,14.61339917368793,0.3127214347559142,0.8947368421052632,0.10526315789473684,17,2,1.2662259336651385,0.13944965600967407,0.14811319969530845,17,,,,,1.3013551574230289,300,0
382,381,1.0,1.0625,0.8409090909090909,1.0625,3,17,14.088556656945308,0.14638957588612514,0.8823529411764706,0.11764705882352944,15,2,1.3830221888197571,0.19235041737556458,0.1473726336968319,15,,,,,1.3013551574230289,300,0
383,382,1.0,1.015625,0.9625,1.015625,3,17,16.487559804047113,0.11329913638802591,0.9411764705882353,0.05882352941176472,16,1,1.6514067459649153,0.06267990171909332,0.14663577052834775,16,,,,,1.3013551574230289,300,0
384,383,1.0,1.015625,1.015625,0.671875,3,15,13.811763751171565,0.16524150868262744,0.9333333333333333,0.06666666666666665,14,1,1.5680918246507058,0.10422056168317795,0.14590259167570602,14,,,,,1.3013551574230289,300,0
385,384,1.0,1.0227272727272727,1.0227272727272727,0.9107142857142857,3,20,19.066577395082057,0.048401723659581654,0.95,0.050000000000000044,19,1,1.751598276340418,0.3110358715057373,0.1451730787173275,19,,,,,1.3013551574230289,300,0
386,385,1.0,1.0,1.0,0.65625,3,16,13.858432105270056,0.3137024585411587,0.875,0.125,14,2,1.1862975414588413,0.41991958022117615,0.14444721332374086,14,,,,,1.3013551574230289,300,0
387,386,1.0,1.015625,1.015625,0.7884615384615384,3,15,10.518126543983698,0.3868929987163674,0.8666666666666667,0.1333333333333333,13,2,1.0797736679502994,0.11316485702991486,0.14372497725712216,13,,,,,1.3013551574230289,300,0
388,387,1.0,1.0,1.0,0.47058823529411764,3,13,12.260413230278248,0.19448412293571443,1.0,0.0,13,0,1.8055158770642856,0.044581279158592224,0.14300635237083656,13,,,,,1.3013551574230289,300,0
389,388,1.0,1.0,1.0,0.7,3,13,8.568297097620448,0.4019747735624888,0.7692307692307693,0.23076923076923073,10,3,0.6749483033605883,0.18111930787563324,0.14229132060898236,10,,,,,1.3013551574230289,300,0
390,389,1.0,1.0,0.9722222222222222,1.0,3,17,13.828976901163294,0.21245914639969937,0.8823529411764706,0.11764705882352944,15,2,1.3169526183061828,0.2689164876937866,0.14157986400593744,15,,,,,1.3013551574230289,300,0
391,390,1.0,1.0166666666666666,0.9270833333333334,1.0166666666666666,3,19,19.12234975319517,0.15092307412312736,0.9473684210526315,0.052631578947368474,18,1,1.6385506100873988,0.16321805119514465,0.14087196468590776,18,,,,,1.3013551574230289,300,0
392,391,1.0,1.125,1.125,0.984375,3,20,15.392256237057989,0.35470378916056755,0.85,0.15000000000000002,17,3,1.0452962108394324,0.07206939160823822,0.14016760486247823,17,,,,,1.3013551574230289,300,0
393,392,1.0,1.046875,0.8541666666666666,1.046875,3,22,20.516622274954933,0.16077548259320737,0.9090909090909091,0.09090909090909094,20,2,1.475588153770429,0.020145362243056297,0.13946676683816583,20,,,,,1.3013551574230289,300,0
394,393,1.0,1.0416666666666667,1.0416666666666667,0.8214285714285714,3,17,16.26103301825328,0.19595104897235632,0.9411764705882353,0.05882352941176472,16,1,1.5687548333805847,0.1695471554994583,0.138769433003975,16,,,,,1.3013551574230289,300,0
395,394,1.0,1.0,1.0,0.7333333333333333,3,22,18.373775951606838,0.2980497753511686,0.9090909090909091,0.09090909090909094,20,2,1.3383138610124676,0.1839231699705124,0.13807558583895513,20,,,,,1.3013551574230289,300,0
396,395,1.0,1.015625,1.015625,0.8269230769230769,3,16,14.843438544614797,0.2681658756728145,0.9375,0.0625,15,1,1.4818341243271855,0.2654692232608795,0.13738520790976036,15,,,,,1.3013551574230289,300,0
397,396,1.0,1.015625,0.8409090909090909,1.015625,3,20,15.557031082448699,0.2492447848831828,0.85,0.15000000000000002,17,3,1.1507552151168172,0.2508474290370941,0.13669828187021155,17,,,,,1.3013551574230289,300,0
398,397,1.0,1.03125,1.03125,0.85,3,17,12.52607197635361,0.29741322017005356,0.8235294117647058,0.17647058823529416,14,3,0.9967044268887699,0.05440090596675873,0.13601479046086049,14,,,,,1.3013551574230289,300,0
399,398,1.0,1.0333333333333334,0.9861111111111112,1.0333333333333334,3,18,15.522815151678493,0.1336895626412814,0.8888888888888888,0.11111111111111116,16,2,1.4218659929142738,0.14096404612064362,0.1353347165085562,16,,,,,1.3013551574230289,300,0
400,399,1.0,1.015625,1.015625,0.6323529411764706,3,14,13.378444582314154,0.18018093593895274,0.9285714285714286,0.0714285714285714,13,1,1.5341047783467616,0.1405375748872757,0.1346580429260134,13,1.3514310191245957,0.24424210721362674,0.8989182815845557,0.10108171841544436,1.3514310191245957,400,0
401,400,1.0,1.0555555555555556,1.0555555555555556,0.8076923076923077,3,15,12.60217395801044,0.24521507562497158,0.9333333333333333,0.06666666666666665,14,1,1.4881182577083618,0.16008728742599487,0.13398475271138335,14,,,,,1.3514310191245957,400,0
402,401,1.0,1.05,0.875,1.05,3,19,14.641777788439569,0.21507831261090818,0.8421052631578947,0.1578947368421053,16,3,1.1533427400206706,0.16458776593208313,0.13331482894782642,16,,,,,1.3514310191245957,400,0
403,402,1.0,1.03125,1.03125,0.8571428571428571,3,17,12.40806186867606,0.3068097859096738,0.8235294117647058,0.17647058823529416,14,3,0.9873078611491497,0.07214062660932541,0.13264825480308728,14,,,,,1.3514310191245957,400,0
404,403,1.0,1.0,1.0,0.5714285714285714,3,15,13.40799557479121,0.2760923346174316,0.9333333333333333,0.06666666666666665,14,1,1.4572409987159018,0.1334361732006073,0.13198501352907185,14,,,,,1.3514310191245957,400,0
405,404,1.0,1.0340909090909092,1.0340909090909092,0.9666666666666667,3,20,19.252004670376316,0.1406028195075291,0.95,0.050000000000000044,19,1,1.6593971804924708,0.032121650874614716,0.1313250884614265,19,,,,,1.3514310191245957,400,0
406,405,1.0,1.0535714285714286,1.0535714285714286,0.828125,3,17,16.209943637239085,0.23038013353557968,0.9411764705882353,0.05882352941176472,16,1,1.5343257488173614,0.12388250231742859,0.13066846301911936,16,,,,,1.3514310191245957,400,0
407,406,1.0,1.0,1.0,0.5441176470588235,3,17,16.913395418001784,0.20222941988600107,0.9411764705882353,0.05882352941176472,16,1,1.56247646246694,0.12706489861011505,0.13001512070402377,16,,,,,1.3514310191245957,400,0
408,407,1.0,1.0833333333333333,1.0833333333333333,1.0,3,23,17.681496181240597,0.32680155515297393,0.8695652173913043,0.13043478260869568,20,3,1.1514593144122434,0.20682869851589203,0.12936504510050365,20,,,,,1.3514310191245957,400,0
409,408,1.0,1.0333333333333334,1.0277777777777777,1.0333333333333334,3,17,10.416787472095915,0.4580762200654319,0.7647058823529411,0.23529411764705888,13,4,0.6007473093463327,0.2047097384929657,0.12871821987500112,13,,,,,1.3514310191245957,400,0
410,409,1.0,1.0416666666666667,1.0416666666666667,0.7333333333333333,3,15,14.360455359802934,0.18191504348180965,0.9333333333333333,0.06666666666666665,14,1,1.5514182898515236,0.0794476717710495,0.12807462877562611,14,,,,,1.3514310191245957,400,0
411,410,1.0,1.0333333333333334,0.8977272727272727,1.0333333333333334,3,23,22.73493911505551,0.12208433117215146,0.9565217391304348,0.04347826086956519,22,1,1.7040026253495877,0.21441960334777832,0.12743425563174798,22,,,,,1.3514310191245957,400,0
412,411,1.0,1.0,1.0,0.95,3,20,14.820627906107125,0.2900500298445263,0.85,0.15000000000000002,17,3,1.1099499701554736,0.1541413962841034,0.12679708435358925,17,,,,,1.3514310191245957,400,0
413,412,1.0,1.0,1.0,0.9285714285714286,3,18,17.240532411888914,0.2166744403094001,0.9444444444444444,0.05555555555555558,17,1,1.5611033374683776,0.2311122864484787,0.1261630989318213,17,,,,,1.3514310191245957,400,0
414,413,1.0,1.0178571428571428,1.0178571428571428,0.8,3,14,10.540922982413385,0.2527572229761056,0.8571428571428571,0.1428571428571429,12,2,1.1758142055953227,0.16766594350337982,0.1255322834371622,12,,,,,1.3514310191245957,400,0
415,414,1.0,1.015625,1.015625,0.6333333333333333,3,15,14.526895204324422,0.10535106666842481,0.9333333333333333,0.06666666666666665,14,1,1.6279822666649086,0.4030470848083496,0.12490462201997637,14,,,,,1.3514310191245957,400,0
416,415,1.0,1.0,0.9444444444444444,1.0,3,18,15.599341743402604,0.27340305118096564,0.8888888888888888,0.11111111111111116,16,2,1.2821525043745896,0.18865643441677094,0.1242800989098765,16,,,,,1.3514310191245957,400,0
417,416,1.0,1.0,1.0,0.7678571428571429,3,12,11.249376527048152,0.26465167443436416,0.9166666666666666,0.08333333333333337,11,1,1.4020149922323024,0.07264331728219986,0.12365869841532712,11,,,,,1.3514310191245957,400,0
418,417,1.0,1.0384615384615385,1.0227272727272727,1.0384615384615385,3,15,12.986112084071397,0.1329016505738637,0.8666666666666667,0.1333333333333333,13,2,1.3337650160928032,0.12278294563293457,0.12304040492325048,13,,,,,1.3514310191245957,400,0
419,418,1.0,1.0,1.0,0.9833333333333333,3,18,12.671163021923766,0.33957069908796245,0.8333333333333334,0.16666666666666663,15,3,0.9937626342453709,0.051681336015462875,0.12242520289863423,15,,,,,1.3514310191245957,400,0
420,419,1.0,1.0340909090909092,1.0340909090909092,0.75,3,16,14.84290255876578,0.1282557515368077,0.9375,0.0625,15,1,1.6217442484631923,0.20425386726856232,0.12181307688414106,15,,,,,1.3514310191245957,400,0
421,420,1.0,1.0,1.0,0.9807692307692307,3,17,16.6562042556588,0.12649404366416062,0.9411764705882353,0.05882352941176472,16,1,1.6382118386887805,0.03180399164557457,0.12120401149972035,16,,,,,1.3514310191245957,400,0
422,421,1.0,1.0138888888888888,1.0138888888888888,0.8571428571428571,3,18,15.9587043358801,0.3442830077311679,0.9444444444444444,0.05555555555555558,17,1,1.4334947700466099,0.19555304944515228,0.12059799144222175,17,,,,,1.3514310191245957,400,0
423,422,1.0,1.0555555555555556,1.0555555555555556,0.8833333333333333,3,16,13.504624100417058,0.30307977005014497,0.875,0.125,14,2,1.1969202299498551,0.29330873489379883,0.11999500148501063,14,,,,,1.3514310191245957,400,0
424,423,1.0,1.0,1.0,0.90625,3,19,14.814725671156362,0.4096836694234287,0.8947368421052632,0.10526315789473684,17,2,1.169263698997624,0.17352256178855896,0.11939502647758558,17,,,,,1.3514310191245957,400,0
425,424,1.0,1.0576923076923077,0.6,1.0576923076923077,3,17,15.254792386573664,0.09173393124059481,0.8823529411764706,0.11764705882352944,15,2,1.4376778334652873,0.11036583036184311,0.11879805134519765,15,,,,,1.3514310191245957,400,0
426,425,1.0,1.0535714285714286,1.0,1.0535714285714286,3,19,16.514188200259053,0.20843285774895526,0.8947368421052632,0.10526315789473684,17,2,1.3705145106720973,0.2729482650756836,0.11820406108847166,17,,,,,1.3514310191245957,400,0
427,426,1.0,1.0,0.8645833333333334,1.0,3,19,16.096147803562083,0.3136763502275896,0.8947368421052632,0.10526315789473684,17,2,1.265271018193463,0.13497115671634674,0.1176130407830293,17,,,,,1.3514310191245957,400,0
428,427,1.0,1.0,1.0,0.7321428571428571,3,13,12.374399908557391,0.20718504905171398,0.9230769230769231,0.07692307692307687,12,1,1.4851226432559785,0.1603400707244873,0.11702497557911415,12,,,,,1.3514310191245957,400,0
429,428,1.0,1.015625,1.015625,0.8571428571428571,3,15,12.231279538945538,0.2362536597134826,0.8666666666666667,0.1333333333333333,13,2,1.2304130069531842,0.0532541461288929,0.11643985070121858,13,,,,,1.3514310191245957,400,0
430,429,1.0,1.015625,0.9583333333333334,1.015625,3,24,24.091013264298546,0.12851401816716795,0.9583333333333334,0.04166666666666663,23,1,1.7048193151661655,0.2328672558069229,0.11585765144771248,23,,,,,1.3514310191245957,400,0
431,430,1.0,1.0568181818181819,1.0568181818181819,0.9705882352941176,3,20,19.279092188703668,0.10219426116422625,0.95,0.050000000000000044,19,1,1.6978057388357737,0.19598722457885742,0.11527836319047392,19,,,,,1.3514310191245957,400,0
432,431,1.0,1.0892857142857142,1.0892857142857142,0.90625,3,17,14.630206778504084,0.19249092373416896,0.8823529411764706,0.11764705882352944,15,2,1.3369208409717133,0.09052855521440506,0.11470197137452155,15,,,,,1.3514310191245957,400,0
433,432,1.0,1.015625,1.015625,0.8571428571428571,3,18,14.729190572816746,0.31098959374381274,0.8888888888888888,0.11111111111111116,16,2,1.2445659618117426,0.09040387719869614,0.11412846151764894,16,,,,,1.3514310191245957,400,0
434,433,1.0,1.0166666666666666,0.8611111111111112,1.0166666666666666,3,20,18.75737835881153,0.1992823910114327,0.95,0.050000000000000044,19,1,1.600717608988567,0.23921559751033783,0.1135578192100607,19,,,,,1.3514310191245957,400,0
435,434,1.0,1.0357142857142858,0.75,1.0357142857142858,3,19,17.500302088973072,0.13821839372706998,0.8947368421052632,0.10526315789473684,17,2,1.4407289746939826,0.057102277874946594,0.11299003011401039,17,,,,,1.3514310191245957,400,0
436,435,1.0,1.0,1.0,0.7333333333333333,3,14,11.245690718602201,0.22506168534220425,0.8571428571428571,0.1428571428571429,12,2,1.203509743229224,0.3007785975933075,0.11242507996344034,12,,,,,1.3514310191245957,400,0
437,436,1.0,1.0,0.875,1.0,3,20,19.767145376413396,0.1688942570418793,0.95,0.050000000000000044,19,1,1.6311057429581206,0.08084932714700699,0.11186295456362313,19,,,,,1.3514310191245957,400,0
438,437,1.0,1.0340909090909092,1.0340909090909092,0.890625,3,21,20.529894904831917,0.11918214798886606,0.9523809523809523,0.04761904761904767,20,1,1.6903416615349434,0.12628374993801117,0.11130363979080501,20,,,,,1.3514310191245957,400,0
439,438,1.0,1.0208333333333333,1.0208333333333333,0.4807692307692308,3,10,9.149994063844476,0.3300678522712347,0.9,0.09999999999999998,9,1,1.2699321477287653,0.1846354901790619,0.11074712159185099,9,,,,,1.3514310191245957,400,0
440,439,1.0,1.0,0.8875,1.0,3,16,15.17322099364101,0.15590239111558088,0.9375,0.0625,15,1,1.5940976088844192,0.02906922809779644,0.11019338598389174,15,,,,,1.3514310191245957,400,0
441,440,1.0,1.03125,1.03125,1.0,3,18,15.583765350937758,0.20693342742356374,0.8888888888888888,0.11111111111111116,16,2,1.3486221281319917,0.3069441020488739,0.10964241905397228,16,,,,,1.3514310191245957,400,0
442,441,1.0,1.025,1.025,0.9285714285714286,3,19,15.746411996693729,0.16137860641056864,0.8421052631578947,0.1578947368421053,16,3,1.20704244622101,0.07466759532690048,0.10909420695870241,16,,,,,1.3514310191245957,400,0
443,442,1.0,1.0714285714285714,0.7625,1.0714285714285714,3,20,19.51022476936251,0.0814302462546331,0.95,0.050000000000000044,19,1,1.7185697537453668,0.2599412500858307,0.1085487359239089,19,,,,,1.3514310191245957,400,0
444,443,1.0,1.0125,1.0125,0.95,3,18,16.795757732931904,0.1275775907699572,0.9444444444444444,0.05555555555555558,17,1,1.6502001870078205,0.1783066838979721,0.10800599224428936,17,,,,,1.3514310191245957,400,0
445,444,1.0,1.0208333333333333,0.925,1.0208333333333333,3,19,11.469032055302609,0.5424481849396097,0.7894736842105263,0.21052631578947367,15,4,0.6154465519024956,0.16327862441539764,0.10746596228306791,15,,,,,1.3514310191245957,400,0
446,445,1.0,1.0178571428571428,1.0178571428571428,0.6666666666666666,3,13,10.94041908432416,0.3342647713243269,0.9230769230769231,0.07692307692307687,12,1,1.3580429209833655,0.15706655383110046,0.10692863247165257,12,,,,,1.3514310191245957,400,0
447,446,1.0,1.0625,1.0625,0.625,3,12,9.308889858149822,0.28885797734272267,0.8333333333333334,0.16666666666666663,10,2,1.0444753559906108,0.17814770340919495,0.1063939893092943,10,,,,,1.3514310191245957,400,0
448,447,1.0,1.03125,0.90625,1.03125,3,20,17.500352959119414,0.22185815568748624,0.9,0.09999999999999998,18,2,1.3781418443125137,0.2728050947189331,0.10586201936274783,18,,,,,1.3514310191245957,400,0
449,448,1.0,1.0,0.7,1.0,3,18,16.049411588957238,0.21296662677462086,0.9444444444444444,0.05555555555555558,17,1,1.5648111510031568,0.06730841100215912,0.10533270926593409,17,,,,,1.3514310191245957,400,0
450,449,1.0,1.0625,0.8625,1.0625,3,22,18.97136768349113,0.1617062477098956,0.9090909090909091,0.09090909090909094,20,2,1.4746573886537406,0.031947724521160126,0.10480604571960442,20,,,,,1.3514310191245957,400,0
451,450,1.0,1.046875,1.046875,0.8,3,17,16.044754068294555,0.18488418967639125,0.9411764705882353,0.05882352941176472,16,1,1.5798216926765498,0.11397983878850937,0.1042820154910064,16,,,,,1.3514310191245957,400,0
452,451,1.0,1.015625,1.015625,0.734375,3,16,15.102722438805984,0.11456930326628431,0.9375,0.0625,15,1,1.6354306967337158,0.10555126518011093,0.10376060541355137,15,,,,,1.3514310191245957,400,0
453,452,1.0,1.03125,0.9861111111111112,1.03125,3,23,20.50086804358989,0.20968081267711008,0.9130434782608695,0.08695652173913049,21,2,1.442493100366368,0.06343330442905426,0.1032418023864836,21,,,,,1.3514310191245957,400,0
454,453,1.0,1.0208333333333333,1.0208333333333333,0.8035714285714286,3,17,15.784741074707824,0.1446712962222198,0.9411764705882353,0.05882352941176472,16,1,1.6200345861307213,0.03979002684354782,0.10272559337455119,16,,,,,1.3514310191245957,400,0
455,454,1.0,1.0416666666666667,1.0416666666666667,0.875,3,17,13.892787124374701,0.16906056670266634,0.8823529411764706,0.11764705882352944,15,2,1.360351198003216,0.06083699315786362,0.10221196540767843,15,,,,,1.3514310191245957,400,0
456,455,1.0,1.0138888888888888,0.975,1.0138888888888888,3,22,21.146205908251147,0.1624774616151342,0.9545454545454546,0.045454545454545414,21,1,1.6557043565666842,0.09830696880817413,0.10170090558064004,21,,,,,1.3514310191245957,400,0
457,456,1.0,1.03125,1.03125,0.9285714285714286,3,18,17.755573890195233,0.15861553764658037,0.9444444444444444,0.05555555555555558,17,1,1.6191622401311974,0.10751844942569733,0.10119240105273684,17,,,,,1.3514310191245957,400,0
458,457,1.0,1.0,1.0,0.5882352941176471,3,13,12.851399801783193,0.18270679485505084,0.9230769230769231,0.07692307692307687,12,1,1.5096008974526416,0.3516738712787628,0.10068643904747315,12,,,,,1.3514310191245957,400,0
459,458,1.0,1.046875,1.046875,0.8928571428571429,3,16,14.711350630101343,0.2823293439640278,0.9375,0.0625,15,1,1.4676706560359722,0.6630297899246216,0.10018300685223579,15,,,,,1.3514310191245957,400,0
460,459,1.0,1.0,1.0,0.42857142857142855,3,9,8.044158319797996,0.18731241603017673,0.8888888888888888,0.11111111111111116,8,1,1.3682431395253787,0.21283304691314697,0.0996820918179746,8,,,,,1.3514310191245957,400,0
461,460,1.0,1.0138888888888888,1.0138888888888888,0.8,3,16,15.127040451384886,0.25162147857407036,0.9375,0.0625,15,1,1.4983785214259298,0.14543986320495605,0.09918368135888474,15,,,,,1.3514310191245957,400,0
462,461,1.0,1.046875,1.046875,0.8928571428571429,3,18,15.318916783523672,0.295633644760128,0.8888888888888888,0.11111111111111116,16,2,1.2599219107954274,0.1692396104335785,0.09868776295209031,16,,,,,1.3514310191245957,400,0
463,462,1.0,1.0,1.0,0.75,3,15,12.061915898845392,0.25376515692008694,0.8666666666666667,0.1333333333333333,13,2,1.2129015097465798,0.07935240864753723,0.09819432413732986,13,,,,,1.3514310191245957,400,0
464,463,1.0,1.0972222222222223,1.0972222222222223,0.7678571428571429,3,16,13.936631221142765,0.09010604332199512,0.875,0.125,14,2,1.4098939566780049,0.05350043624639511,0.09770335251664321,14,,,,,1.3514310191245957,400,0
465,464,1.0,1.03125,1.03125,0.7794117647058824,3,18,16.360701393380968,0.20481320958474644,0.8888888888888888,0.11111111111111116,16,2,1.350742345970809,0.10609263181686401,0.09721483575406,16,,,,,1.3514310191245957,400,0
466,465,1.0,1.0375,1.0375,0.859375,3,18,17.211550651198007,0.15017673886999192,0.9444444444444444,0.05555555555555558,17,1,1.6276010389077857,0.03250309079885483,0.09672876157528969,17,,,,,1.3514310191245957,400,0
467,466,1.0,1.0,0.975,1.0,3,20,15.703376259866795,0.31088735134044204,0.85,0.15000000000000002,17,3,1.089112648659558,0.08496935665607452,0.09624511776741324,17,,,,,1.3514310191245957,400,0
468,467,1.0,1.0125,1.0125,0.796875,3,20,14.39289615759739,0.48441481075155957,0.9,0.09999999999999998,18,2,1.1155851892484405,0.2399473786354065,0.09576389217857617,18,,,,,1.3514310191245957,400,0
469,468,1.0,1.0,0.9583333333333334,1.0,3,21,19.327609393531986,0.15246937355933904,0.9047619047619048,0.09523809523809523,19,2,1.46657824548828,0.14038485288619995,0.09528507271768329,19,,,,,1.3514310191245957,400,0
470,469,1.0,1.0416666666666667,1.0416666666666667,0.7708333333333334,3,15,14.150219061919836,0.29226044119032396,0.9333333333333333,0.06666666666666665,14,1,1.4410728921430094,0.10042174160480499,0.09480864735409487,14,,,,,1.3514310191245957,400,0
471,470,1.0,1.0555555555555556,1.0555555555555556,0.8392857142857143,3,18,14.780553823381343,0.2624652105736337,0.8888888888888888,0.11111111111111116,16,2,1.2930903449819215,0.20369847118854523,0.0943346041173244,16,,,,,1.3514310191245957,400,0
472,471,1.0,1.03125,0.9895833333333334,1.03125,3,22,18.674954415860924,0.18476939701581077,0.8636363636363636,0.13636363636363635,19,3,1.2697760575296437,0.045615214854478836,0.09386293109673778,19,,,,,1.3514310191245957,400,0
473,472,1.0,1.0694444444444444,1.0694444444444444,0.7833333333333333,3,14,12.161041387965819,0.23385358667337133,0.9285714285714286,0.0714285714285714,13,1,1.480432127612343,0.14249297976493835,0.09339361644125409,13,,,,,1.3514310191245957,400,0
474,473,1.0,1.0384615384615385,0.828125,1.0384615384615385,3,13,11.943120662776852,0.21341542071332525,0.9230769230769231,0.07692307692307687,12,1,1.4788922715943673,0.12757214903831482,0.09292664835904782,12,,,,,1.3514310191245957,400,0
475,474,1.0,1.0,1.0,0.9333333333333333,3,14,13.813952868228906,0.15551853666008938,0.9285714285714286,0.0714285714285714,13,1,1.5587671776256251,0.051653310656547546,0.09246201511725258,13,,,,,1.3514310191245957,400,0
476,475,1.0,1.025,1.025,0.9,3,18,10.860020655861888,0.5214513253564491,0.7777777777777778,0.2222222222222222,14,4,0.5896597857546622,0.0727003887295723,0.09199970504166631,14,,,,,1.3514310191245957,400,0
477,476,1.0,1.0178571428571428,0.9375,1.0178571428571428,3,17,15.934007338170506,0.19652080729477628,0.9411764705882353,0.05882352941176472,16,1,1.5681850750581647,0.02908000722527504,0.09153970651645797,16,,,,,1.3514310191245957,400,0
478,477,1.0,1.0,1.0,0.6617647058823529,3,14,12.78068169078136,0.19641855032959654,0.9285714285714286,0.0714285714285714,13,1,1.5178671639561179,0.03998991474509239,0.09108200798387568,13,,,,,1.3514310191245957,400,0
479,478,1.0,1.0,1.0,0.765625,3,20,16.63946477234744,0.30817786338155195,0.9,0.09999999999999998,18,2,1.2918221366184481,0.008177063427865505,0.0906265979439563,18,,,,,1.3514310191245957,400,0
480,479,1.0,1.0416666666666667,1.0416666666666667,1.0,3,17,14.633238838172081,0.2194091576070254,0.8823529411764706,0.11764705882352944,15,2,1.3100026070988569,0.08204515278339386,0.09017346495423652,15,,,,,1.3514310191245957,400,0
481,480,1.0,1.0625,1.0625,1.05,3,23,17.15442378264262,0.3460683948296183,0.8260869565217391,0.17391304347826086,19,4,0.9582794312573382,0.15022672712802887,0.08972259762946533,19,,,,,1.3514310191245957,400,0
482,481,1.0,1.0125,1.0125,0.95,3,19,16.691978265718205,0.1692865274380555,0.8947368421052632,0.10526315789473684,17,2,1.4096608409829972,0.18344368040561676,0.089273984641318,17,,,,,1.3514310191245957,400,0
483,482,1.0,1.0,0.8875,1.0,3,16,12.874123770816714,0.2929308841509043,0.875,0.125,14,2,1.2070691158490958,0.019195955246686935,0.0888276147181114,14,,,,,1.3514310191245957,400,0
484,483,1.0,1.0113636363636365,1.0113636363636365,0.8958333333333334,3,17,13.304433264968416,0.4010477573285924,0.8823529411764706,0.11764705882352944,15,2,1.1283640073772898,0.12661786377429962,0.08838347664452084,15,,,,,1.3514310191245957,400,0
485,484,1.0,1.0113636363636365,1.0113636363636365,0.9666666666666667,3,19,16.086473854532088,0.2661147531457244,0.8947368421052632,0.10526315789473684,17,2,1.3128326152753282,0.15890565514564514,0.08794155926129824,17,,,,,1.3514310191245957,400,0
486,485,1.0,1.0,0.7777777777777778,1.0,3,16,15.657376098634153,0.20158277748897713,0.9375,0.0625,15,1,1.5484172225110229,0.2500188946723938,0.08750185146499175,15,,,,,1.3514310191245957,400,0
487,486,1.0,1.0227272727272727,1.0227272727272727,0.9444444444444444,3,24,23.26039782176682,0.0834778838900785,0.9583333333333334,0.04166666666666663,23,1,1.749855449443255,0.10994735360145569,0.08706434220766679,23,,,,,1.3514310191245957,400,0
488,487,1.0,1.0277777777777777,1.0277777777777777,0.8833333333333333,3,21,18.578080927874016,0.3573097981590575,0.9047619047619048,0.09523809523809523,19,2,1.2617378208885615,0.2990090250968933,0.08662902049662846,19,,,,,1.3514310191245957,400,0
489,488,1.0,1.109375,1.109375,0.953125,3,20,17.44658079798261,0.16754392270068416,0.9,0.09999999999999998,18,2,1.432456077299316,0.11298778653144836,0.08619587539414532,18,,,,,1.3514310191245957,400,0
490,489,1.0,1.03125,1.03125,0.8,3,17,16.08134917869873,0.25310408485910996,0.9411764705882353,0.05882352941176472,16,1,1.5116017974938312,0.06633059680461884,0.08576489601717459,16,,,,,1.3514310191245957,400,0
491,490,1.0,1.0138888888888888,1.0138888888888888,0.890625,3,19,16.904712066994662,0.2925566448433377,0.8947368421052632,0.10526315789473684,17,2,1.286390723577715,0.12534064054489136,0.08533607153708872,17,,,,,1.3514310191245957,400,0
492,491,1.0,1.078125,1.078125,0.75,3,17,16.588987074957195,0.13760238166078903,0.9411764705882353,0.05882352941176472,16,1,1.6271035006921521,0.2012426257133484,0.08490939117940327,16,,,,,1.3514310191245957,400,0
493,492,1.0,1.0178571428571428,1.0178571428571428,0.796875,3,18,17.487442558922,0.1395662080819252,0.9444444444444444,0.05555555555555558,17,1,1.6382115696958524,0.1317252218723297,0.08448484422350626,17,,,,,1.3514310191245957,400,0
494,493,1.0,1.0340909090909092,1.0340909090909092,0.7333333333333333,3,19,17.81111939717816,0.20918575610102033,0.9473684210526315,0.052631578947368474,18,1,1.5802879281095057,0.12248051911592484,0.08406242000238873,18,,,,,1.3514310191245957,400,0
495,494,1.0,1.0,1.0,0.625,3,14,15.192813304383964,0.12880025688188476,1.0,0.0,14,0,1.8711997431181153,0.24980834126472473,0.08364210790237678,14,,,,,1.3514310191245957,400,0
496,495,1.0,1.0227272727272727,1.0227272727272727,0.9833333333333333,3,19,17.670864338860675,0.12668996496258977,0.8947368421052632,0.10526315789473684,17,2,1.4522574034584628,0.08028420805931091,0.0832238973628649,17,,,,,1.3514310191245957,400,0
497,496,1.0,1.0,0.765625,1.0,3,16,15.388885906721772,0.2764917451312363,0.9375,0.0625,15,1,1.4735082548687637,0.08376055955886841,0.08280777787605056,15,,,,,1.3514310191245957,400,0
498,497,1.0,1.03125,1.03125,0.9558823529411765,3,21,18.48602714506118,0.20585997230585446,0.9047619047619048,0.09523809523809523,19,2,1.4131876467417646,0.11912435293197632,0.08239373898667031,19,,,,,1.3514310191245957,400,0
499,498,1.0,1.0166666666666666,0.8875,1.0166666666666666,3,17,12.542455057758,0.34040482563854163,0.8823529411764706,0.11764705882352944,15,2,1.1890069390673406,0.10063421726226807,0.08198177029173696,15,,,,,1.3514310191245957,400,0
500,499,1.0,1.015625,1.015625,0.875,3,16,15.343845722187636,0.09182373899567184,0.9375,0.0625,15,1,1.6581762610043282,0.24690061807632446,0.08157186144027828,15,1.3548085310080134,0.2385505760161898,0.8983397767560508,0.1016602232439492,1.3548085310080134,500,0
501,0,1.0,1.0535714285714286,1.0,1.0535714285714286,3,18,17.370971163992223,0.21606040536255616,0.9444444444444444,0.05555555555555558,17,1,1.5617173724152216,0.0317496582865715,0.0811640021330769,17,,,,,1.3548085310080134,500,0
502,1,1.0,1.0,1.0,0.5294117647058824,3,14,13.596167795037347,0.1540726202368999,0.9285714285714286,0.0714285714285714,13,1,1.5602130940488146,0.16281861066818237,0.08075818212241151,13,,,,,1.3548085310080134,500,0
503,2,1.0,1.0375,1.0375,0.9558823529411765,3,21,20.514379325237886,0.1533525756730844,0.9523809523809523,0.04761904761904767,20,1,1.6561712338507248,0.0938425362110138,0.08035439121179945,20,,,,,1.3548085310080134,500,0
504,3,1.0,1.0,0.6354166666666666,1.0,3,18,17.801001274317798,0.14376607091905821,0.9444444444444444,0.05555555555555558,17,1,1.6340117068587194,0.07215330004692078,0.07995261925574046,17,,,,,1.3548085310080134,500,0
505,4,1.0,1.0972222222222223,1.0972222222222223,0.9464285714285714,3,19,17.06723198606183,0.1918464343521966,0.8947368421052632,0.10526315789473684,17,2,1.387100934068856,0.06910102814435959,0.07955285615946175,17,,,,,1.3548085310080134,500,0
506,5,1.0,1.046875,1.046875,0.75,3,17,15.917136067483082,0.2410478418532606,0.9411764705882353,0.05882352941176472,16,1,1.5236580404996805,0.2094690501689911,0.07915509187866444,16,,,,,1.3548085310080134,500,0
507,6,1.0,1.109375,1.109375,0.8928571428571429,3,16,11.03015904163851,0.4054049862222289,0.8125,0.1875,13,3,0.8445950137777711,0.10884766280651093,0.07875931641927113,13,,,,,1.3548085310080134,500,0
508,7,1.0,1.0208333333333333,1.0208333333333333,0.484375,3,10,9.618843482129861,0.18884422436186304,0.9,0.09999999999999998,9,1,1.411155775638137,0.05829855799674988,0.07836551983717477,9,,,,,1.3548085310080134,500,0
509,8,1.0,1.0375,1.0375,0.8833333333333333,3,19,17.568338393525778,0.07312418393169998,0.8947368421052632,0.10526315789473684,17,2,1.5058231844893526,0.13875389099121094,0.07797369223798889,17,,,,,1.3548085310080134,500,0
510,9,1.0,1.015625,0.9375,1.015625,3,23,16.540960628936013,0.4118647935374947,0.8695652173913043,0.13043478260869568,20,3,1.0663960760277227,0.0687655508518219,0.07758382377679894,20,,,,,1.3548085310080134,500,0
511,10,1.0,1.0357142857142858,0.6875,1.0357142857142858,3,18,16.137265128878816,0.129095535255728,0.8888888888888888,0.11111111111111116,16,2,1.4264600202998274,0.08513863384723663,0.07719590465791494,16,,,,,1.3548085310080134,500,0
512,11,1.0,1.0,1.0,0.6617647058823529,3,13,12.680718406505562,0.1052587161853065,0.9230769230769231,0.07692307692307687,12,1,1.587048976122386,0.1180720329284668,0.07680992513462537,12,,,,,1.3548085310080134,500,0
513,12,1.0,1.03125,1.03125,0.65,3,14,13.855341994042687,0.10573584071650122,0.9285714285714286,0.0714285714285714,13,1,1.6085498735692132,0.07969756424427032,0.07642587550895225,13,,,,,1.3548085310080134,500,0
514,13,1.0,1.0454545454545454,1.0454545454545454,1.0,3,19,14.484038824316087,0.3062208025816995,0.8421052631578947,0.1578947368421053,16,3,1.0622002500498793,0.08864754438400269,0.07604374613140748,16,,,,,1.3548085310080134,500,0
515,14,1.0,1.0535714285714286,1.0138888888888888,1.0535714285714286,3,17,14.291834351855721,0.2677750850443402,0.8823529411764706,0.11764705882352944,15,2,1.261636679661542,0.07288502156734467,0.07566352740075044,15,,,,,1.3548085310080134,500,0
516,15,1.0,1.0138888888888888,1.0138888888888888,0.8653846153846154,3,15,15.177195919540631,0.0903147463739022,0.9333333333333333,0.06666666666666665,14,1,1.6430185869594311,0.04617059975862503,0.07528520976374668,14,,,,,1.3548085310080134,500,0
517,16,1.0,1.0166666666666666,0.7222222222222222,1.0166666666666666,3,19,18.793280221629207,0.11815678594423443,0.9473684210526315,0.052631578947368474,18,1,1.6713168982662916,0.04783332347869873,0.07490878371492794,18,,,,,1.3548085310080134,500,0
518,17,1.0,1.0625,1.0625,0.78125,3,16,12.751681262591688,0.2904705957504375,0.875,0.125,14,2,1.2095294042495626,0.18557627499103546,0.0745342397963533,14,,,,,1.3548085310080134,500,0
519,18,1.0,1.0357142857142858,0.9375,1.0357142857142858,3,16,13.340337633812021,0.2969042374835299,0.875,0.125,14,2,1.2030957625164702,0.04016958922147751,0.07416156859737154,14,,,,,1.3548085310080134,500,0
520,19,1.0,1.0,0.95,1.0,3,22,17.869691834083955,0.37620415005650687,0.8636363636363636,0.13636363636363635,19,3,1.0783413044889476,0.057833582162857056,0.07379076075438468,19,,,,,1.3548085310080134,500,0
521,20,1.0,1.1071428571428572,1.1071428571428572,0.7142857142857143,3,12,9.822795950922897,0.17364719438766754,0.8333333333333334,0.16666666666666663,10,2,1.1596861389456659,0.17703543603420258,0.07342180695061275,10,,,,,1.3548085310080134,500,0
522,21,1.0,1.025,1.025,0.828125,3,21,15.498008454078429,0.4683968631244328,0.8571428571428571,0.1428571428571429,18,3,0.9601745654469955,0.02518332749605179,0.07305469791585968,18,,,,,1.3548085310080134,500,0
523,22,1.0,1.0454545454545454,1.0454545454545454,0.984375,3,20,16.082611111529406,0.1676102956468952,0.85,0.15000000000000002,17,3,1.2323897043531047,0.17069344222545624,0.07268942442628039,17,,,,,1.3548085310080134,500,0
524,23,1.0,1.0,0.85,1.0,3,16,15.546287901742364,0.25334922935350057,0.9375,0.0625,15,1,1.4966507706464993,0.041833147406578064,0.07232597730414898,15,,,,,1.3548085310080134,500,0
525,24,1.0,1.0416666666666667,1.0416666666666667,0.6666666666666666,3,11,10.48075613841949,0.24937598536316313,0.9090909090909091,0.09090909090909094,10,1,1.386987651000473,0.08355772495269775,0.07196434741762824,10,,,,,1.3548085310080134,500,0
526,25,1.0,1.0625,1.0625,0.9375,3,18,15.52791365211785,0.212581153245559,0.8888888888888888,0.11111111111111116,16,2,1.3429744023099963,0.2310703694820404,0.0716045256805401,16,,,,,1.3548085310080134,500,0
527,26,1.0,1.0,1.0,0.95,3,18,17.281300039117152,0.16339374529879802,0.9444444444444444,0.05555555555555558,17,1,1.6143840324789798,0.22269822657108307,0.0712465030521374,17,,,,,1.3548085310080134,500,0
528,27,1.0,1.0178571428571428,1.0178571428571428,0.671875,3,13,12.667194277606507,0.07856742013183865,0.9230769230769231,0.07692307692307687,12,1,1.6137402721758538,0.14062762260437012,0.0708902705368767,12,,,,,1.3548085310080134,500,0
529,28,1.0,1.0333333333333334,0.6625,1.0333333333333334,3,18,18.247024447673482,0.10152142159734205,0.9444444444444444,0.05555555555555558,17,1,1.6762563561804356,0.08875638991594315,0.07053581918419231,17,,,,,1.3548085310080134,500,0
530,29,1.0,1.0138888888888888,1.0138888888888888,0.85,3,18,15.761913917342916,0.18135214355322887,0.8888888888888888,0.11111111111111116,16,2,1.3742034120023265,0.11897540092468262,0.07018314008827135,16,,,,,1.3548085310080134,500,0
531,30,1.0,1.0535714285714286,1.0535714285714286,0.6166666666666667,3,12,10.814909120383128,0.2596423491022762,0.9166666666666666,0.08333333333333337,11,1,1.4070243175643904,0.18790529668331146,0.06983222438783,11,,,,,1.3548085310080134,500,0
532,31,1.0,1.1071428571428572,1.1071428571428572,0.7321428571428571,3,17,16.705685447908024,0.16935581963664056,0.9411764705882353,0.05882352941176472,16,1,1.5953500627163006,0.29690301418304443,0.06948306326589085,16,,,,,1.3548085310080134,500,0
533,32,1.0,1.0625,1.0625,0.6607142857142857,3,13,11.658138871972616,0.14120763233210604,0.9230769230769231,0.07692307692307687,12,1,1.5511000599755864,0.15987689793109894,0.0691356479495614,12,,,,,1.3548085310080134,500,0
534,33,1.0,1.0535714285714286,1.0535714285714286,0.5333333333333333,3,9,8.626418069248437,0.1607313371637944,0.8888888888888888,0.11111111111111116,8,1,1.394824218391761,0.14362092316150665,0.06878996970981359,8,,,,,1.3548085310080134,500,0
535,34,1.0,1.0416666666666667,1.0416666666666667,0.734375,3,17,14.74495650610038,0.26293232532794386,0.8823529411764706,0.11764705882352944,15,2,1.2664794393779384,0.2079516053199768,0.06844601986126451,15,,,,,1.3548085310080134,500,0
536,35,1.0,1.0,1.0,0.5,3,10,8.891318665033735,0.31911446436592017,0.9,0.09999999999999998,9,1,1.28088553563408,0.12942960858345032,0.06810378976195819,9,,,,,1.3548085310080134,500,0
537,36,1.0,1.0,0.8611111111111112,1.0,3,17,15.357213931529587,0.30180145415892445,0.9411764705882353,0.05882352941176472,16,1,1.4629044281940167,0.1480380892753601,0.0677632708131484,16,,,,,1.3548085310080134,500,0
538,37,1.0,1.0625,1.0625,0.796875,3,19,18.38635017395451,0.17972297355158084,0.9473684210526315,0.052631578947368474,18,1,1.6097507106589453,0.12471459060907364,0.06742445445908266,18,,,,,1.3548085310080134,500,0
539,38,1.0,1.0416666666666667,1.0416666666666667,0.984375,3,21,19.183525192327398,0.037300631173767244,0.9047619047619048,0.09523809523809523,19,2,1.581746987873852,0.117863729596138,0.06708733218678724,19,,,,,1.3548085310080134,500,0
540,39,1.0,1.03125,1.03125,0.8382352941176471,3,19,17.12517381105407,0.23039344341444418,0.8947368421052632,0.10526315789473684,17,2,1.3485539250066085,0.10777610540390015,0.0667518955258533,17,,,,,1.3548085310080134,500,0
541,40,1.0,1.0,0.875,1.0,3,17,14.479487551361814,0.3598450075866134,0.8823529411764706,0.11764705882352944,15,2,1.1695667571192687,0.10718362778425217,0.06641813604822402,15,,,,,1.3548085310080134,500,0
542,41,1.0,1.03125,1.0,1.03125,3,21,16.165979318884773,0.3842753202042358,0.8571428571428571,0.1428571428571429,18,3,1.0442961083671924,0.09733577072620392,0.0660860453679829,18,,,,,1.3548085310080134,500,0
543,42,1.0,1.0,1.0,0.875,3,16,14.391333089448072,0.1451998195272154,0.875,0.125,14,2,1.3548001804727847,0.056755565106868744,0.06575561514114299,14,,,,,1.3548085310080134,500,0
544,43,1.0,1.0,1.0,0.7666666666666667,3,16,15.29689416358306,0.1253912883548479,0.9375,0.0625,15,1,1.6246087116451522,0.0175456739962101,0.06542683706543727,15,,,,,1.3548085310080134,500,0
545,44,1.0,1.078125,1.078125,0.8392857142857143,3,14,11.795454640094977,0.20376192383218925,0.8571428571428571,0.1428571428571429,12,2,1.224809504739239,0.0552351139485836,0.06509970288011008,12,,,,,1.3548085310080134,500,0
546,45,1.0,1.0,1.0,0.703125,3,17,17.276979474870934,0.1941676944737351,0.9411764705882353,0.05882352941176472,16,1,1.570538187879206,0.10631559789180756,0.06477420436570952,16,,,,,1.3548085310080134,500,0
547,46,1.0,1.0,1.0,0.9333333333333333,3,17,12.151111519677666,0.3319946463690303,0.8235294117647058,0.17647058823529416,14,3,0.9621230006897932,0.19660556316375732,0.06445033334388098,14,,,,,1.3548085310080134,500,0
548,47,1.0,1.0714285714285714,0.8295454545454546,1.0714285714285714,3,20,17.206130034930375,0.30609467905110427,0.9,0.09999999999999998,18,2,1.2939053209488958,0.13725042343139648,0.06412808167716157,18,,,,,1.3548085310080134,500,0
549,48,1.0,1.0,0.8977272727272727,1.0,3,20,18.389448894393972,0.21503342141389797,0.9,0.09999999999999998,18,2,1.384966578586102,0.1477218121290207,0.06380744126877576,18,,,,,1.3548085310080134,500,0
550,49,1.0,1.0625,0.9886363636363636,1.0625,3,21,19.13242059376222,0.20517035690217272,0.9047619047619048,0.09523809523809523,19,2,1.4138772621454463,0.14273622632026672,0.06348840406243188,19,,,,,1.3548085310080134,500,0
551,50,1.0,1.0125,1.0125,0.6323529411764706,3,16,13.826786163413367,0.28737221595890283,0.9375,0.0625,15,1,1.4626277840410973,0.1419764906167984,0.06317096204211972,15,,,,,1.3548085310080134,500,0
552,51,1.0,1.0454545454545454,1.0454545454545454,1.0357142857142858,3,20,18.127222325278446,0.16953390306330635,0.9,0.09999999999999998,18,2,1.4304660969366938,0.04068559408187866,0.06285510723190912,18,,,,,1.3548085310080134,500,0
553,52,1.0,1.0277777777777777,1.0277777777777777,0.6470588235294118,3,14,13.620367624632742,0.17415973407545868,0.9285714285714286,0.0714285714285714,13,1,1.5401259802102558,0.03301050141453743,0.06254083169574957,13,,,,,1.3548085310080134,500,0
554,53,1.0,1.015625,1.015625,0.6833333333333333,3,13,11.903236723554404,0.27002871317043187,0.9230769230769231,0.07692307692307687,12,1,1.4222789791372605,0.14750121533870697,0.062228127537270826,12,,,,,1.3548085310080134,500,0
555,54,1.0,1.0,1.0,0.7941176470588235,3,19,18.13751209355626,0.18794558374236453,0.9473684210526315,0.052631578947368474,18,1,1.6015281004681616,0.040352217853069305,0.06191698689958447,18,,,,,1.3548085310080134,500,0
556,55,1.0,1.0,1.0,0.7916666666666666,3,15,14.283279592145215,0.18731241603017673,0.9333333333333333,0.06666666666666665,14,1,1.5460209173031567,0.12123379111289978,0.061607401965086545,14,,,,,1.3548085310080134,500,0
557,56,1.0,1.05,0.7727272727272727,1.05,3,20,18.969866017731697,0.26575359318114505,0.95,0.050000000000000044,19,1,1.5342464068188548,0.1139540895819664,0.06129936495526111,19,,,,,1.3548085310080134,500,0
558,57,1.0,1.046875,1.046875,0.7,3,14,13.798888145022072,0.12071395632055244,0.9285714285714286,0.0714285714285714,13,1,1.593571757965162,0.07252141088247299,0.0609928681304848,13,,,,,1.3548085310080134,500,0
559,58,1.0,1.0535714285714286,1.0535714285714286,0.6617647058823529,3,15,13.729781364338105,0.24452397891928057,0.9333333333333333,0.06666666666666665,14,1,1.4888093544140528,0.02673989161849022,0.060687903789832374,14,,,,,1.3548085310080134,500,0
560,59,1.0,1.0,1.0,0.71875,3,14,13.688239370983307,0.06879216242877026,0.9285714285714286,0.0714285714285714,13,1,1.6454935518569442,0.061212219297885895,0.06038446427088321,13,,,,,1.3548085310080134,500,0
561,60,1.0,1.0113636363636365,1.0113636363636365,0.9821428571428571,3,18,15.53259400417569,0.14175928526430795,0.8888888888888888,0.11111111111111116,16,2,1.4137962702912474,0.08903944492340088,0.06008254194952879,16,,,,,1.3548085310080134,500,0
562,61,1.0,1.0,0.8068181818181818,1.0,3,17,15.631738848318072,0.26253499916892953,0.9411764705882353,0.05882352941176472,16,1,1.5021708831840117,0.14738687872886658,0.05978212923978115,16,,,,,1.3548085310080134,500,0
563,62,1.0,1.0416666666666667,0.8625,1.0416666666666667,3,17,16.466819601339875,0.1288002568818848,0.9411764705882353,0.05882352941176472,16,1,1.6359056254710564,0.11171160638332367,0.05948321859358224,16,,,,,1.3548085310080134,500,0
564,63,1.0,1.0166666666666666,0.775,1.0166666666666666,3,16,13.257396796875774,0.3468279591854546,0.9375,0.0625,15,1,1.4031720408145454,0.037806861102581024,0.05918580250061433,15,,,,,1.3548085310080134,500,0
565,64,1.0,1.046875,1.046875,0.9333333333333333,3,17,14.715740974146716,0.16627452789086267,0.8823529411764706,0.11764705882352944,15,2,1.3631372368150196,0.08324475586414337,0.058889873488111255,15,,,,,1.3548085310080134,500,0
566,65,1.0,1.0,0.925,1.0,3,17,17.16145603597878,0.12390724272951337,0.9411764705882353,0.05882352941176472,16,1,1.6407986396234278,0.0841464176774025,0.058595424120670696,16,,,,,1.3548085310080134,500,0
567,66,1.0,1.0,1.0,0.96875,3,22,17.54941375518673,0.2762497427353913,0.8636363636363636,0.13636363636363635,19,3,1.1782957118100632,0.037859659641981125,0.05830244700006734,19,,,,,1.3548085310080134,500,0
568,67,1.0,1.0833333333333333,1.0833333333333333,0.8035714285714286,3,17,16.41457071331927,0.22486869430003886,0.9411764705882353,0.05882352941176472,16,1,1.5398371880529023,0.05085170269012451,0.058010934765067,16,,,,,1.3548085310080134,500,0
569,68,1.0,1.03125,1.03125,0.7307692307692307,3,13,11.421583627415469,0.27206935790614206,0.9230769230769231,0.07692307692307687,12,1,1.4202383344015503,0.16598787903785706,0.05772088009124167,12,,,,,1.3548085310080134,500,0
570,69,1.0,1.0138888888888888,1.0138888888888888,0.7833333333333333,3,17,15.827991915728031,0.2564249983975643,0.9411764705882353,0.05882352941176472,16,1,1.508280883955377,0.03503652662038803,0.05743227569078546,16,,,,,1.3548085310080134,500,0
571,70,1.0,1.046875,1.046875,0.9038461538461539,3,15,8.601111465669492,0.35191122452902457,0.7333333333333333,0.2666666666666667,11,4,0.5814221088043086,0.06736275553703308,0.05714511431233153,11,,,,,1.3548085310080134,500,0
572,71,1.0,1.0125,1.0125,0.90625,3,18,14.547759063038873,0.34207976351430736,0.8888888888888888,0.11111111111111116,16,2,1.213475792041248,0.16698287427425385,0.05685938874076987,16,,,,,1.3548085310080134,500,0
573,72,1.0,1.0625,1.0625,1.03125,3,19,10.668791617506342,0.4065576221750653,0.7368421052631579,0.26315789473684215,14,5,0.5408107988775661,0.15763597190380096,0.056575091797066025,14,,,,,1.3548085310080134,500,0
574,73,1.0,1.0416666666666667,1.0416666666666667,0.5166666666666667,3,9,8.183155868531315,0.25516778127730655,0.8888888888888888,0.11111111111111116,8,1,1.3003877742782488,0.1399429887533188,0.056292216338080694,8,,,,,1.3548085310080134,500,0
575,74,1.0,1.0178571428571428,1.0178571428571428,0.796875,3,16,11.753328840254754,0.3437731693004694,0.8125,0.1875,13,3,0.9062268306995307,0.09068222343921661,0.05601075525639029,13,,,,,1.3548085310080134,500,0
576,75,1.0,1.0972222222222223,1.0972222222222223,0.890625,3,17,14.043843550265162,0.11423589265763445,0.8823529411764706,0.11764705882352944,15,2,1.415175872048248,0.08218753337860107,0.05573070148010834,15,,,,,1.3548085310080134,500,0
577,76,1.0,1.0416666666666667,1.0416666666666667,0.8269230769230769,3,15,11.089908519237731,0.32430383608719593,0.8666666666666667,0.1333333333333333,13,2,1.1423628305794709,0.022399598732590675,0.0554520479727078,13,,,,,1.3548085310080134,500,0
578,77,1.0,1.025,1.025,0.7647058823529411,3,17,14.563897889056923,0.252473023951111,0.8823529411764706,0.11764705882352944,15,2,1.2769387407547712,0.06653175503015518,0.05517478773284426,15,,,,,1.3548085310080134,500,0
579,78,1.0,1.0555555555555556,1.0555555555555556,0.75,3,14,11.260628297198588,0.3223151993041795,0.8571428571428571,0.1428571428571429,12,2,1.1062562292672489,0.04279731959104538,0.05489891379418004,12,,,,,1.3548085310080134,500,0
580,79,1.0,1.0,1.0,0.609375,3,14,12.01386102357495,0.251738548032737,0.9285714285714286,0.0714285714285714,13,1,1.4625471662529774,0.17334827780723572,0.05462441922520914,13,,,,,1.3548085310080134,500,0
581,80,1.0,1.0892857142857142,1.0892857142857142,0.8,3,18,15.350407750135904,0.2681765922845578,0.8888888888888888,0.11111111111111116,16,2,1.2873789632709975,0.05112914741039276,0.0543512971290831,16,,,,,1.3548085310080134,500,0
582,81,1.0,1.0892857142857142,1.0892857142857142,0.9464285714285714,3,18,12.103614108605967,0.36782932699579673,0.7777777777777778,0.2222222222222222,14,4,0.7432817841153143,0.02422979660332203,0.05407954064343768,14,,,,,1.3548085310080134,500,0
583,82,1.0,1.109375,1.109375,0.8928571428571429,3,16,13.038960321586767,0.1841807687576401,0.875,0.125,14,2,1.3158192312423598,0.048924386501312256,0.05380914294022049,14,,,,,1.3548085310080134,500,0
584,83,1.0,1.0166666666666666,0.9722222222222222,1.0166666666666666,3,18,16.00367029784494,0.1604009134006316,0.8888888888888888,0.11111111111111116,16,2,1.3951546421549237,0.07230521738529205,0.05354009722551939,16,,,,,1.3548085310080134,500,0
585,84,1.0,1.015625,1.015625,0.6875,3,17,15.904468642699614,0.23028815737456673,0.9411764705882353,0.05882352941176472,16,1,1.5344177249783744,0.09420943260192871,0.05327239673939179,16,,,,,1.3548085310080134,500,0
586,85,1.0,1.0555555555555556,1.0555555555555556,0.734375,3,20,13.223244811452412,0.4714045207910317,0.8,0.19999999999999996,16,4,0.7285954792089684,0.08454971015453339,0.053006034755694834,16,,,,,1.3548085310080134,500,0
587,86,1.0,1.0,0.825,1.0,3,19,19.902734676761114,0.12767205771423776,1.0,0.0,19,0,1.8723279422857622,0.06854497641324997,0.052741004581916356,19,,,,,1.3548085310080134,500,0
588,87,1.0,1.03125,0.7386363636363636,1.03125,3,20,18.12616385063218,0.2520363193608182,0.95,0.050000000000000044,19,1,1.5479636806391817,0.07163353264331818,0.052477299559006776,19,,,,,1.3548085310080134,500,0
589,88,1.0,1.0,0.8611111111111112,1.0,3,19,17.105926362051466,0.2971434197638045,0.9473684210526315,0.052631578947368474,18,1,1.4923302644467216,0.0913655161857605,0.052214913061211746,18,,,,,1.3548085310080134,500,0
590,89,1.0,1.0357142857142858,1.0357142857142858,0.7166666666666667,3,14,10.078464437821676,0.31652607886264855,0.8571428571428571,0.1428571428571429,12,2,1.1120453497087799,0.10030458867549896,0.05195383849590569,12,,,,,1.3548085310080134,500,0
591,90,1.0,1.0178571428571428,1.0178571428571428,0.9107142857142857,3,14,13.636631282017948,0.08498365855987972,0.9285714285714286,0.0714285714285714,13,1,1.6293020557258346,0.03585916757583618,0.05169406930342616,13,,,,,1.3548085310080134,500,0
592,91,1.0,1.0833333333333333,1.0833333333333333,0.48333333333333334,3,10,9.003151754980008,0.2381406748289337,0.9,0.09999999999999998,9,1,1.3618593251710664,0.028190094977617264,0.05143559895690903,9,,,,,1.3548085310080134,500,0
593,92,1.0,1.0,1.0,0.7142857142857143,3,16,13.136864048572539,0.46849537853057877,0.9375,0.0625,15,1,1.2815046214694212,0.07349095493555069,0.051178420962124486,15,,,,,1.3548085310080134,500,0
594,93,1.0,1.05,0.90625,1.05,3,23,20.184607310106095,0.24060137010094734,0.9130434782608695,0.08695652173913049,21,2,1.4115725429425308,0.08409029245376587,0.05092252885731386,21,,,,,1.3548085310080134,500,0
595,94,1.0,1.0972222222222223,1.0972222222222223,1.0333333333333334,3,21,19.004300662999995,0.10516938702240576,0.9047619047619048,0.09523809523809523,19,2,1.5138782320252133,0.04828156530857086,0.05066791621302729,19,,,,,1.3548085310080134,500,0
596,95,1.0,1.0138888888888888,1.0138888888888888,0.7692307692307693,3,16,15.970726898412542,0.1419336387651451,0.9375,0.0625,15,1,1.608066361234855,0.03371061384677887,0.05041457663196215,15,,,,,1.3548085310080134,500,0
597,96,1.0,1.0138888888888888,1.0138888888888888,0.75,3,14,11.536017944329709,0.2755547164863716,0.8571428571428571,0.1428571428571429,12,2,1.1530167120850567,0.09369456768035889,0.050162503748802344,12,,,,,1.3548085310080134,500,0
598,97,1.0,1.125,1.125,0.7692307692307693,3,12,9.902506676184183,0.16023574568658186,0.8333333333333334,0.16666666666666663,10,2,1.1730975876467515,0.0532831996679306,0.05,10,,,,,1.3548085310080134,500,0
599,98,1.0,1.03125,1.03125,0.6,3,12,10.31145133591284,0.36209966372642804,0.9166666666666666,0.08333333333333337,11,1,1.3045670029402385,0.016387417912483215,0.05,11,,,,,1.3548085310080134,500,0
600,99,1.0,1.0416666666666667,1.0416666666666667,0.9166666666666666,3,18,13.202169690696264,0.355549917279936,0.8888888888888888,0.11111111111111116,16,2,1.2000056382756195,0.07521392405033112,0.05,16,1.258130854775083,0.274232326606136,0.8830907953453047,0.1169092046546953,1.3548085310080134,500,1
601,100,1.0,1.0,1.0,0.6730769230769231,3,11,10.067154820119821,0.11330653461711779,0.9090909090909091,0.09090909090909094,10,1,1.5230571017465184,0.022181302309036255,0.05,10,,,,,1.3548085310080134,500,1
602,101,1.0,1.015625,1.015625,0.78125,3,16,15.108491432209583,0.3098171313326464,0.9375,0.0625,15,1,1.4401828686673537,0.056718021631240845,0.05,15,,,,,1.3548085310080134,500,1
603,102,1.0,1.025,1.025,0.8333333333333334,3,17,14.573384520510835,0.3228518310368907,0.9411764705882353,0.05882352941176472,16,1,1.4418540513160505,0.07140231132507324,0.05,16,,,,,1.3548085310080134,500,1
604,103,1.0,1.0375,1.0375,0.6527777777777778,3,17,14.68487061796362,0.17775553604987437,0.8823529411764706,0.11764705882352944,15,2,1.3516562286560079,0.190463125705719,0.05,15,,,,,1.3548085310080134,500,1
605,104,1.0,1.0,1.0,0.5555555555555556,3,15,14.42708504500423,0.21539549640335773,0.9333333333333333,0.06666666666666665,14,1,1.5179378369299756,0.08887074887752533,0.05,14,,,,,1.3548085310080134,500,1
606,105,1.0,1.0,1.0,0.95,3,21,20.422390526436008,0.1929122562346064,0.9523809523809523,0.04761904761904767,20,1,1.616611553289203,0.19473733007907867,0.05,20,,,,,1.3548085310080134,500,1
607,106,1.0,1.078125,1.078125,0.671875,3,16,13.019626560812519,0.31056262199209456,0.875,0.125,14,2,1.1894373780079055,0.07248865067958832,0.05,14,,,,,1.3548085310080134,500,1
608,107,1.0,1.0,1.0,0.5588235294117647,3,16,15.332263172840687,0.3013446400087677,0.9375,0.0625,15,1,1.4486553599912324,0.16451489925384521,0.05,15,,,,,1.3548085310080134,500,1
609,108,1.0,1.078125,1.078125,0.8928571428571429,3,19,18.065857753502083,0.10644463276629156,0.9473684210526315,0.052631578947368474,18,1,1.6830290514442345,0.18303325772285461,0.05,18,,,,,1.3548085310080134,500,1
610,109,1.0,1.0,1.0,0.7333333333333333,3,14,12.96862259594091,0.3060682887676117,0.9285714285714286,0.0714285714285714,13,1,1.4082174255181026,0.12090843915939331,0.05,13,,,,,1.3548085310080134,500,1
611,110,1.0,1.0535714285714286,1.0535714285714286,0.45588235294117646,3,12,10.714869122777893,0.3667759373594605,0.9166666666666666,0.08333333333333337,11,1,1.299890729307206,0.15624433755874634,0.05,11,,,,,1.3548085310080134,500,1
612,111,1.0,1.0833333333333333,1.0833333333333333,0.95,3,17,12.753262711875227,0.3240317165122999,0.8235294117647058,0.17647058823529416,14,3,0.9700859305465235,0.1690688133239746,0.05,14,,,,,1.3548085310080134,500,1
613,112,1.0,1.0,1.0,0.9107142857142857,3,16,9.307306965169172,0.5870775933781225,0.8125,0.1875,13,3,0.6629224066218775,0.1129470020532608,0.05,13,,,,,1.3548085310080134,500,1
614,113,1.0,1.0,1.0,0.7333333333333333,3,14,14.101319089402558,0.24608038433722332,1.0,0.0,14,0,1.7539196156627768,0.07560968399047852,0.05,14,,,,,1.3548085310080134,500,1
615,114,1.0,1.0138888888888888,0.9659090909090909,1.0138888888888888,3,22,17.769416808388918,0.3091503548720873,0.8636363636363636,0.13636363636363635,19,3,1.1453950996733673,0.12059818208217621,0.05,19,,,,,1.3548085310080134,500,1
616,115,1.0,1.0,0.9583333333333334,1.0,3,18,14.303170848707099,0.29826849776947073,0.8888888888888888,0.11111111111111116,16,2,1.2572870577860846,0.07800936698913574,0.05,16,,,,,1.3548085310080134,500,1
617,116,1.0,1.0,1.0,0.6617647058823529,3,15,12.918858282859459,0.28210878416668667,0.9333333333333333,0.06666666666666665,14,1,1.4512245491666467,0.12806682288646698,0.05,14,,,,,1.3548085310080134,500,1
618,117,1.0,1.0535714285714286,1.0535714285714286,0.5625,3,13,12.698274694762272,0.13220301593225575,0.9230769230769231,0.07692307692307687,12,1,1.5601046763754367,0.11409002542495728,0.05,12,,,,,1.3548085310080134,500,1
619,118,1.0,1.03125,1.03125,0.6166666666666667,3,19,18.533419826664648,0.11969406542157301,0.9473684210526315,0.052631578947368474,18,1,1.669779618788953,0.03596240282058716,0.05,18,,,,,1.3548085310080134,500,1
620,119,1.0,1.03125,1.03125,0.9375,3,18,16.8220770624372,0.08707440599393389,0.9444444444444444,0.05555555555555558,17,1,1.6907033717838438,0.2382054179906845,0.05,17,,,,,1.3548085310080134,500,1
621,120,1.0,1.0,1.0,0.7666666666666667,3,17,13.90083247000854,0.31670790923506353,0.8823529411764706,0.11764705882352944,15,2,1.2127038554708187,0.08335429430007935,0.05,15,,,,,1.3548085310080134,500,1
622,121,1.0,1.0,1.0,0.5588235294117647,3,14,12.434390517210375,0.31139022403146954,0.9285714285714286,0.0714285714285714,13,1,1.4028954902542448,0.09192908555269241,0.05,13,,,,,1.3548085310080134,500,1
623,122,1.0,1.0694444444444444,1.0694444444444444,0.7058823529411765,3,16,15.731137038365036,0.1494199856185899,0.9375,0.0625,15,1,1.6005800143814102,0.12755560874938965,0.05,15,,,,,1.3548085310080134,500,1
624,123,1.0,1.0,0.9027777777777778,1.0,3,14,8.032648186183478,0.4921607686744467,0.7857142857142857,0.2142857142857143,11,3,0.6506963741826961,0.16314294934272766,0.05,11,,,,,1.3548085310080134,500,1
625,124,1.0,1.0192307692307692,0.8068181818181818,1.0192307692307692,3,19,17.46936513143168,0.3229735958259162,0.9473684210526315,0.052631578947368474,18,1,1.46650008838461,0.06453807651996613,0.05,18,,,,,1.3548085310080134,500,1
626,125,1.0,1.0,1.0,0.9166666666666666,3,19,12.928722802675107,0.48635824116902493,0.7894736842105263,0.21052631578947367,15,4,0.6715364956730805,0.06700361520051956,0.05,15,,,,,1.3548085310080134,500,1
627,126,1.0,1.0625,1.0625,0.921875,3,18,13.982997782501181,0.3085056811121467,0.8888888888888888,0.11111111111111116,16,2,1.2470498744434086,0.21011993288993835,0.05,16,,,,,1.3548085310080134,500,1
628,127,1.0,1.0555555555555556,1.0555555555555556,0.890625,3,15,12.602949541576947,0.21615617058084668,0.8666666666666667,0.1333333333333333,13,2,1.2505104960858202,0.05231582000851631,0.05,13,,,,,1.3548085310080134,500,1
629,128,1.0,1.0,0.7916666666666666,1.0,3,17,15.894073150087104,0.17398140902791293,0.9411764705882353,0.05882352941176472,16,1,1.5907244733250283,0.0755530595779419,0.05,16,,,,,1.3548085310080134,500,1
630,129,1.0,1.0666666666666667,1.0416666666666667,1.0666666666666667,3,19,13.113347071363117,0.38699510964148587,0.7894736842105263,0.21052631578947367,15,4,0.7708996272006194,0.08772575855255127,0.05,15,,,,,1.3548085310080134,500,1
631,130,1.0,1.0,1.0,0.640625,3,13,8.796964471106403,0.3556477235860077,0.8461538461538461,0.15384615384615385,11,2,1.028967661029377,0.048256099224090576,0.05,11,,,,,1.3548085310080134,500,1
632,131,1.0,1.0333333333333334,0.75,1.0333333333333334,3,20,16.316402766124945,0.32389411086316766,0.9,0.09999999999999998,18,2,1.2761058891368324,0.02993687242269516,0.05,18,,,,,1.3548085310080134,500,1
633,132,1.0,1.015625,1.015625,0.8676470588235294,3,17,11.382808977502998,0.4784327043758228,0.8235294117647058,0.17647058823529416,14,3,0.8156849426830006,0.09287469834089279,0.05,14,,,,,1.3548085310080134,500,1
634,133,1.0,1.0625,1.0625,0.71875,3,15,14.56790413219708,0.1439485439981709,0.9333333333333333,0.06666666666666665,14,1,1.5893847893351625,0.2319222092628479,0.05,14,,,,,1.3548085310080134,500,1
635,134,1.0,1.025,1.025,0.8,3,17,14.408472028343379,0.22394377285955802,0.8823529411764706,0.11764705882352944,15,2,1.3054679918463243,0.036076851189136505,0.05,15,,,,,1.3548085310080134,500,1
636,135,1.0,1.0694444444444444,1.0694444444444444,0.7666666666666667,3,17,14.711107511117943,0.27064383579920526,0.8823529411764706,0.11764705882352944,15,2,1.258767928906677,0.0660630613565445,0.05,15,,,,,1.3548085310080134,500,1
637,136,1.0,1.109375,1.109375,0.875,3,16,8.414093913518112,0.4952780215902667,0.75,0.25,12,4,0.5047219784097332,0.10940351337194443,0.05,12,,,,,1.3548085310080134,500,1
638,137,1.0,1.0227272727272727,1.0227272727272727,0.875,3,20,19.882756337811735,0.14291052518928252,0.95,0.050000000000000044,19,1,1.6570894748107172,0.11666467785835266,0.05,19,,,,,1.3548085310080134,500,1
639,138,1.0,1.0340909090909092,1.0340909090909092,1.0166666666666666,3,23,17.401835026738212,0.27956249615538453,0.8695652173913043,0.13043478260869568,20,3,1.1986983734098329,0.12051813304424286,0.05,20,,,,,1.3548085310080134,500,1
640,139,1.0,1.0192307692307692,0.775,1.0192307692307692,3,18,16.84305815632081,0.1996486374123766,0.9444444444444444,0.05555555555555558,17,1,1.5781291403654012,0.1307370364665985,0.05,17,,,,,1.3548085310080134,500,1
641,140,1.0,1.0208333333333333,1.0208333333333333,0.953125,3,18,17.104751088237887,0.11675309567427655,0.9444444444444444,0.05555555555555558,17,1,1.661024682103501,0.05062972009181976,0.05,17,,,,,1.3548085310080134,500,1
642,141,1.0,1.0,1.0,0.8,3,14,12.924367503116546,0.31035371843178117,0.9285714285714286,0.0714285714285714,13,1,1.4039319958539331,0.031998563557863235,0.05,13,,,,,1.3548085310080134,500,1
643,142,1.0,1.0694444444444444,1.0694444444444444,0.6875,3,17,16.400199481125785,0.1773526726306644,0.9411764705882353,0.05882352941176472,16,1,1.5873532097222767,0.23648741841316223,0.05,16,,,,,1.3548085310080134,500,1
644,143,1.0,1.0,0.8068181818181818,1.0,3,20,18.159478794349077,0.19705484159252817,0.95,0.050000000000000044,19,1,1.6029451584074716,0.10595875233411789,0.05,19,,,,,1.3548085310080134,500,1
645,144,1.0,1.0340909090909092,1.0340909090909092,0.9833333333333333,3,17,13.684088607273893,0.24370714595613863,0.8823529411764706,0.11764705882352944,15,2,1.2857046187497436,0.050279513001441956,0.05,15,,,,,1.3548085310080134,500,1
646,145,1.0,1.0375,1.0375,1.0208333333333333,3,17,13.42246094680793,0.2913277809289081,0.8823529411764706,0.11764705882352944,15,2,1.2380839837769742,0.1548815220594406,0.05,15,,,,,1.3548085310080134,500,1
647,146,1.0,1.0,0.8863636363636364,1.0,3,20,17.355948569474155,0.17497606581520847,0.95,0.050000000000000044,19,1,1.6250239341847914,0.045389775186777115,0.05,19,,,,,1.3548085310080134,500,1
648,147,1.0,1.05,1.05,0.95,3,18,14.144514021638237,0.3057291359763926,0.8333333333333334,0.16666666666666663,15,3,1.027604197356941,0.0938277319073677,0.05,15,,,,,1.3548085310080134,500,1
649,148,1.0,1.0,0.75,1.0,3,16,15.041662846462263,0.18283280782839234,0.9375,0.0625,15,1,1.5671671921716077,0.033699508756399155,0.05,15,,,,,1.3548085310080134,500,1
650,149,1.0,1.0178571428571428,0.9722222222222222,1.0178571428571428,3,19,16.622797061314053,0.16637524792145325,0.8947368421052632,0.10526315789473684,17,2,1.4125721204995993,0.08084948360919952,0.05,17,,,,,1.3548085310080134,500,1
651,150,1.0,1.05,0.8888888888888888,1.05,3,17,12.381208800584439,0.373366657600254,0.8823529411764706,0.11764705882352944,15,2,1.1560451071056281,0.04694747179746628,0.05,15,,,,,1.3548085310080134,500,1
652,151,1.0,1.05,0.9722222222222222,1.05,3,19,14.699536088213968,0.2359159920026661,0.8947368421052632,0.10526315789473684,17,2,1.3430313764183865,0.061987072229385376,0.05,17,,,,,1.3548085310080134,500,1
653,152,1.0,1.0357142857142858,1.0357142857142858,0.8392857142857143,3,14,11.883527929672631,0.24537933854623767,0.9285714285714286,0.0714285714285714,13,1,1.4689063757394767,0.07112500071525574,0.05,13,,,,,1.3548085310080134,500,1
654,153,1.0,1.0555555555555556,1.0555555555555556,0.6346153846153846,3,12,10.671987844476858,0.3380407114141763,0.9166666666666666,0.08333333333333337,11,1,1.3286259552524902,0.2268776297569275,0.05,11,,,,,1.3548085310080134,500,1
655,154,1.0,1.0,0.925,1.0,3,20,16.243529288553876,0.33661210420750987,0.9,0.09999999999999998,18,2,1.2633878957924902,0.09041592478752136,0.05,18,,,,,1.3548085310080134,500,1
656,155,1.0,1.0125,1.0125,0.75,3,15,11.89594197209066,0.3773221216824504,0.8666666666666667,0.1333333333333333,13,2,1.0893445449842165,0.05621391534805298,0.05,13,,,,,1.3548085310080134,500,1
657,156,1.0,1.046875,1.046875,0.9038461538461539,3,16,11.191129575798897,0.422401114722608,0.875,0.125,14,2,1.077598885277392,0.26926398277282715,0.05,14,,,,,1.3548085310080134,500,1
658,157,1.0,1.0,1.0,0.75,3,12,10.613548046304764,0.2420335656754663,0.9166666666666666,0.08333333333333337,11,1,1.4246331009912,0.09313016384840012,0.05,11,,,,,1.3548085310080134,500,1
659,158,1.0,1.0227272727272727,1.0227272727272727,0.9333333333333333,3,21,17.746129740535597,0.14700051469033,0.9047619047619048,0.09523809523809523,19,2,1.4720471043572891,0.2690970003604889,0.05,19,,,,,1.3548085310080134,500,1
660,159,1.0,1.0384615384615385,0.9204545454545454,1.0384615384615385,3,17,13.59464812427391,0.20938324679202777,0.8823529411764706,0.11764705882352944,15,2,1.3200285179138544,0.13627123832702637,0.05,15,,,,,1.3548085310080134,500,1
661,160,1.0,1.0,1.0,0.85,3,17,14.847218084351017,0.1822645008748464,0.8823529411764706,0.11764705882352944,15,2,1.3471472638310358,0.041339050978422165,0.05,15,,,,,1.3548085310080134,500,1
662,161,1.0,1.0694444444444444,1.0694444444444444,0.7666666666666667,3,17,14.469025118701854,0.23823977499425514,0.8823529411764706,0.11764705882352944,15,2,1.2911719897116272,0.02929091267287731,0.05,15,,,,,1.3548085310080134,500,1
663,162,1.0,1.0,1.0,0.9,3,19,13.424301188270595,0.37777767292736214,0.8421052631578947,0.1578947368421053,16,3,0.9906433797042167,0.06243104860186577,0.05,16,,,,,1.3548085310080134,500,1
664,163,1.0,1.0416666666666667,1.0416666666666667,0.703125,3,15,10.482723709775767,0.29597833343994717,0.8666666666666667,0.1333333333333333,13,2,1.1706883332267197,0.06629334390163422,0.05,13,,,,,1.3548085310080134,500,1
665,164,1.0,1.0535714285714286,1.0535714285714286,0.578125,3,11,8.867482610037865,0.1935163721075884,0.8181818181818182,0.18181818181818177,9,2,1.0792109006196846,0.07589541375637054,0.05,9,,,,,1.3548085310080134,500,1
666,165,1.0,1.05,0.8636363636363636,1.05,3,19,16.14518999612607,0.17709896381337117,0.8947368421052632,0.10526315789473684,17,2,1.4018484046076816,0.040908947587013245,0.05,17,,,,,1.3548085310080134,500,1
667,166,1.0,1.0892857142857142,1.0892857142857142,0.6833333333333333,3,14,12.11446694785643,0.20442610468645617,0.8571428571428571,0.1428571428571429,12,2,1.2241453238849722,0.15361881256103516,0.05,12,,,,,1.3548085310080134,500,1
668,167,1.0,1.0555555555555556,1.0555555555555556,0.7352941176470589,3,14,12.258803112377059,0.323649795116545,0.9285714285714286,0.0714285714285714,13,1,1.3906359191691693,0.054590001702308655,0.05,13,,,,,1.3548085310080134,500,1
669,168,1.0,1.0535714285714286,1.0535714285714286,0.71875,3,12,7.27534173055436,0.3618462819981044,0.8333333333333334,0.16666666666666663,10,2,0.971487051335229,0.12250298261642456,0.05,10,,,,,1.3548085310080134,500,1
670,169,1.0,1.0,1.0,0.6964285714285714,3,14,14.143483121190355,0.11242281302693367,1.0,0.0,14,0,1.8875771869730664,0.11389100551605225,0.05,14,,,,,1.3548085310080134,500,1
671,170,1.0,1.0416666666666667,1.0416666666666667,0.8529411764705882,3,19,13.630252337995959,0.30726155761482393,0.8421052631578947,0.1578947368421053,16,3,1.0611594950167549,0.057112205773591995,0.05,16,,,,,1.3548085310080134,500,1
672,171,1.0,1.0138888888888888,1.0138888888888888,0.8333333333333334,3,17,14.339151281491562,0.38436413407196107,0.9411764705882353,0.05882352941176472,16,1,1.38034174828098,0.08101283013820648,0.05,16,,,,,1.3548085310080134,500,1
673,172,1.0,1.0,0.875,1.0,3,18,13.123166908129189,0.23361801992098957,0.8888888888888888,0.11111111111111116,16,2,1.3219375356345657,0.03448837995529175,0.05,16,,,,,1.3548085310080134,500,1
674,173,1.0,1.0178571428571428,1.0178571428571428,0.4,3,12,11.303594104243514,0.21904428334670675,0.9166666666666666,0.08333333333333337,11,1,1.4476223833199597,0.04302111268043518,0.05,11,,,,,1.3548085310080134,500,1
675,174,1.0,1.0,1.0,0.9558823529411765,3,20,14.580526288815964,0.27243531849350483,0.85,0.15000000000000002,17,3,1.127564681506495,0.08182406425476074,0.05,17,,,,,1.3548085310080134,500,1
676,175,1.0,1.03125,1.03125,0.6666666666666666,3,15,11.377744859262595,0.3559595137759059,0.9333333333333333,0.06666666666666665,14,1,1.3773738195574274,0.08459492027759552,0.05,14,,,,,1.3548085310080134,500,1
677,176,1.0,1.046875,1.046875,0.71875,3,17,12.574986145248362,0.44910860033512623,0.8823529411764706,0.11764705882352944,15,2,1.080303164370756,0.11350060999393463,0.05,15,,,,,1.3548085310080134,500,1
678,177,1.0,1.0714285714285714,1.0714285714285714,0.7794117647058824,3,17,12.464050841357354,0.39649707615483065,0.8235294117647058,0.17647058823529416,14,3,0.8976205709039928,0.08304694294929504,0.05,14,,,,,1.3548085310080134,500,1
679,178,1.0,1.0555555555555556,1.0555555555555556,0.828125,3,20,15.07747551977921,0.3025261715805948,0.85,0.15000000000000002,17,3,1.0974738284194052,0.16686883568763733,0.05,17,,,,,1.3548085310080134,500,1
680,179,1.0,1.05,1.05,1.0,3,22,14.520569850186972,0.3459258429796729,0.8181818181818182,0.18181818181818177,18,4,0.9268014297476002,0.05122653394937515,0.05,18,,,,,1.3548085310080134,500,1
681,180,1.0,1.046875,1.046875,0.5625,3,12,9.448149989548309,0.34066810364194555,0.9166666666666666,0.08333333333333337,11,1,1.325998563024721,0.04142225906252861,0.05,11,,,,,1.3548085310080134,500,1
682,181,1.0,1.0138888888888888,1.0138888888888888,0.7166666666666667,3,16,15.301457860771357,0.1518448709652154,0.9375,0.0625,15,1,1.5981551290347846,0.029993310570716858,0.05,15,,,,,1.3548085310080134,500,1
683,182,1.0,1.0,1.0,0.8823529411764706,3,19,12.614143394033889,0.4275209766881253,0.8421052631578947,0.1578947368421053,16,3,0.9409000759434534,0.17510095238685608,0.05,16,,,,,1.3548085310080134,500,1
684,183,1.0,1.05,0.9375,1.05,3,20,13.383042962826263,0.4196972784440126,0.85,0.15000000000000002,17,3,0.9803027215559872,0.08423766493797302,0.05,17,,,,,1.3548085310080134,500,1
685,184,1.0,1.0375,1.0375,0.953125,3,19,15.001652832573978,0.24650528066364363,0.8947368421052632,0.10526315789473684,17,2,1.332442087757409,0.11002695560455322,0.05,17,,,,,1.3548085310080134,500,1
686,185,1.0,1.09375,1.09375,0.765625,3,17,14.650266198750053,0.3539994893702151,0.9411764705882353,0.05882352941176472,16,1,1.4107063929827262,0.1578698754310608,0.05,16,,,,,1.3548085310080134,500,1
687,186,1.0,1.0138888888888888,1.0138888888888888,0.6911764705882353,3,17,15.85004558616281,0.28236704181213246,0.9411764705882353,0.05882352941176472,16,1,1.4823388405408087,0.03264301270246506,0.05,16,,,,,1.3548085310080134,500,1
688,187,1.0,1.0333333333333334,0.9270833333333334,1.0333333333333334,3,20,14.290542181931169,0.316865862221,0.85,0.15000000000000002,17,3,1.0831341377789998,0.10642238706350327,0.05,17,,,,,1.3548085310080134,500,1
689,188,1.0,1.0,1.0,0.9,3,18,13.565049971457483,0.33717402186498385,0.8888888888888888,0.11111111111111116,16,2,1.2183815336905714,0.10975185036659241,0.05,16,,,,,1.3548085310080134,500,1
690,189,1.0,1.0,0.9027777777777778,1.0,3,20,15.06155774611985,0.31585898049214434,0.85,0.15000000000000002,17,3,1.0841410195078556,0.1133858934044838,0.05,17,,,,,1.3548085310080134,500,1
691,190,1.0,1.03125,1.03125,0.703125,3,15,13.99278120149642,0.17420216329122135,0.9333333333333333,0.06666666666666665,14,1,1.559131170042112,0.04654932767152786,0.05,14,,,,,1.3548085310080134,500,1
692,191,1.0,1.0208333333333333,1.0208333333333333,0.65625,3,18,16.64926515732099,0.24192192894913886,0.9444444444444444,0.05555555555555558,17,1,1.535855848828639,0.03041643649339676,0.05,17,,,,,1.3548085310080134,500,1
693,192,1.0,1.0,1.0,0.5735294117647058,3,14,12.221511406748741,0.2594005401180585,0.9285714285714286,0.0714285714285714,13,1,1.4548851741676558,0.08211198449134827,0.05,13,,,,,1.3548085310080134,500,1
694,193,1.0,1.0,1.0,0.9166666666666666,3,17,13.980327340277094,0.3499167340302278,0.8823529411764706,0.11764705882352944,15,2,1.1794950306756544,0.05752803385257721,0.05,15,,,,,1.3548085310080134,500,1
695,194,1.0,1.0416666666666667,1.0416666666666667,0.96875,3,18,12.113910936410965,0.3059629730595478,0.8333333333333334,0.16666666666666663,15,3,1.0273703602737856,0.20732146501541138,0.05,15,,,,,1.3548085310080134,500,1
696,195,1.0,1.0,0.875,1.0,3,15,10.753791299038847,0.346921825520842,0.8666666666666667,0.1333333333333333,13,2,1.1197448411458248,0.12864331901073456,0.05,13,,,,,1.3548085310080134,500,1
697,196,1.0,1.0,1.0,0.9107142857142857,3,14,9.935713719280898,0.3503008212152517,0.8571428571428571,0.1428571428571429,12,2,1.0782706073561767,0.02590044029057026,0.05,12,,,,,1.3548085310080134,500,1
698,197,1.0,1.0576923076923077,1.0555555555555556,1.0576923076923077,3,19,15.98587055843091,0.16406724541578882,0.8947368421052632,0.10526315789473684,17,2,1.414880123005264,0.23039571940898895,0.05,17,,,,,1.3548085310080134,500,1
699,198,1.0,1.015625,0.95,1.015625,3,19,12.158038523133666,0.24759641076320338,0.8421052631578947,0.1578947368421053,16,3,1.1208246418683754,0.16476485133171082,0.05,16,,,,,1.3548085310080134,500,1
700,199,1.0,1.09375,1.09375,0.6029411764705882,3,12,8.859745702829207,0.2854871998601425,0.8333333333333334,0.16666666666666663,10,2,1.047846133473191,0.07952870428562164,0.05,10,1.2703641750501897,0.2911586582882312,0.8903807083346053,0.10961929166539479,1.3548085310080134,500,2
701,200,1.0,1.0178571428571428,1.0178571428571428,0.8333333333333334,3,17,15.313022718086481,0.3185476350518912,0.9411764705882353,0.05882352941176472,16,1,1.44615824730105,0.11916638165712357,0.05,16,,,,,1.3548085310080134,500,2
702,201,1.0,1.0384615384615385,0.8875,1.0384615384615385,3,18,11.36341193611531,0.48176500645838494,0.8333333333333334,0.16666666666666663,15,3,0.8515683268749485,0.03374423831701279,0.05,15,,,,,1.3548085310080134,500,2
703,202,1.0,1.0125,1.0125,0.95,3,20,12.697934521006706,0.35517900021555227,0.85,0.15000000000000002,17,3,1.0448209997844475,0.04603912681341171,0.05,17,,,,,1.3548085310080134,500,2
704,203,1.0,1.0,0.9625,1.0,3,19,14.38589359046664,0.3460763844080231,0.8947368421052632,0.10526315789473684,17,2,1.2328709840130296,0.06814464181661606,0.05,17,,,,,1.3548085310080134,500,2
705,204,1.0,1.03125,1.03125,0.6153846153846154,3,13,9.76111362850444,0.20124444310352535,0.8461538461538461,0.15384615384615385,11,2,1.1833709415118592,0.03551008552312851,0.05,11,,,,,1.3548085310080134,500,2
706,205,1.0,1.0,0.7954545454545454,1.0,3,20,12.043660646480529,0.35883084350526995,0.85,0.15000000000000002,17,3,1.0411691564947299,0.16338889300823212,0.05,17,,,,,1.3548085310080134,500,2
707,206,1.0,1.125,1.125,0.5892857142857143,3,11,8.059527110086535,0.3254216258349425,0.8181818181818182,0.18181818181818177,9,2,0.9473056468923304,0.0974232628941536,0.05,9,,,,,1.3548085310080134,500,2
708,207,1.0,1.0,1.0,1.0,3,20,17.499201185561493,0.19987204555204763,0.95,0.050000000000000044,19,1,1.6001279544479523,0.1648350954055786,0.05,19,,,,,1.3548085310080134,500,2
709,208,1.0,1.0666666666666667,0.825,1.0666666666666667,3,20,16.0761735141021,0.2204005698364318,0.9,0.09999999999999998,18,2,1.3795994301635683,0.09088823199272156,0.05,18,,,,,1.3548085310080134,500,2
710,209,1.0,1.0,1.0,0.7333333333333333,3,18,16.163819058784632,0.31639407381008666,0.9444444444444444,0.05555555555555558,17,1,1.461383703967691,0.10973884165287018,0.05,17,,,,,1.3548085310080134,500,2
711,210,1.0,1.0,1.0,0.796875,3,16,14.048885185450796,0.1649915822768611,0.9375,0.0625,15,1,1.585008417723139,0.052501875907182693,0.05,15,,,,,1.3548085310080134,500,2
712,211,1.0,1.0,1.0,0.9464285714285714,3,18,9.256720511966629,0.5415335005441018,0.7777777777777778,0.2222222222222222,14,4,0.5695776105670094,0.05519159883260727,0.05,14,,,,,1.3548085310080134,500,2
713,212,1.0,1.015625,1.015625,0.9107142857142857,3,18,14.977746879539191,0.20831270069728397,0.9444444444444444,0.05555555555555558,17,1,1.5694650770804937,0.053464628756046295,0.05,17,,,,,1.3548085310080134,500,2
714,213,1.0,1.0277777777777777,1.0277777777777777,0.8,3,14,11.926327444062618,0.1466976881731492,0.9285714285714286,0.0714285714285714,13,1,1.5675880261125652,0.06823664158582687,0.05,13,,,,,1.3548085310080134,500,2
715,214,1.0,1.0178571428571428,0.9204545454545454,1.0178571428571428,3,17,10.17651780460465,0.4082986824934376,0.8235294117647058,0.17647058823529416,14,3,0.8858189645653858,0.025800427421927452,0.05,14,,,,,1.3548085310080134,500,2
716,215,1.0,1.0,1.0,0.9166666666666666,3,21,14.209105155850793,0.38037355661773564,0.8571428571428571,0.1428571428571429,18,3,1.0481978719536926,0.15168318152427673,0.05,18,,,,,1.3548085310080134,500,2
717,216,1.0,1.0,0.9166666666666666,1.0,3,20,16.06982525465648,0.3126550785420033,0.9,0.09999999999999998,18,2,1.2873449214579968,0.10742571949958801,0.05,18,,,,,1.3548085310080134,500,2
718,217,1.0,1.0375,1.0375,0.9375,3,19,13.953908323872032,0.3742530209204,0.8421052631578947,0.1578947368421053,16,3,0.9941680317111787,0.17817570269107819,0.05,16,,,,,1.3548085310080134,500,2
719,218,1.0,1.025,1.025,0.9666666666666667,3,19,11.473000098709683,0.4891739676576087,0.7894736842105263,0.21052631578947367,15,4,0.6687207691844965,0.09832940250635147,0.05,15,,,,,1.3548085310080134,500,2
720,219,1.0,1.0555555555555556,1.0555555555555556,0.8970588235294118,3,18,10.173374070806098,0.5714861915327405,0.8333333333333334,0.16666666666666663,15,3,0.761847141800593,0.12090091407299042,0.05,15,,,,,1.3548085310080134,500,2
721,220,1.0,1.0,1.0,0.6617647058823529,3,16,13.75861954926169,0.3640882174823944,0.9375,0.0625,15,1,1.3859117825176055,0.0918637216091156,0.05,15,,,,,1.3548085310080134,500,2
722,221,1.0,1.0,1.0,0.8928571428571429,3,15,9.63492692926651,0.46444183007057555,0.8,0.19999999999999996,12,3,0.7355581699294247,0.054970838129520416,0.05,12,,,,,1.3548085310080134,500,2
723,222,1.0,1.0555555555555556,1.0555555555555556,0.75,3,15,8.633906413543258,0.556267314082442,0.8,0.19999999999999996,12,3,0.6437326859175583,0.19104449450969696,0.05,12,,,,,1.3548085310080134,500,2
724,223,1.0,1.0972222222222223,1.0972222222222223,0.9464285714285714,3,19,15.624974343077767,0.23895347964007296,0.8947368421052632,0.10526315789473684,17,2,1.3399938887809797,0.045925211161375046,0.05,17,,,,,1.3548085310080134,500,2
725,224,1.0,1.0178571428571428,1.0178571428571428,0.6,3,12,11.091881622733274,0.2507534465522461,0.9166666666666666,0.08333333333333337,11,1,1.4159132201144204,0.07101673632860184,0.05,11,,,,,1.3548085310080134,500,2
726,225,1.0,1.109375,1.109375,0.7857142857142857,3,14,6.733397603141841,0.4933953099035646,0.7857142857142857,0.2142857142857143,11,3,0.6494618329535782,0.06044001132249832,0.05,11,,,,,1.3548085310080134,500,2
727,226,1.0,1.0555555555555556,1.0555555555555556,1.0,3,17,9.31801807209348,0.5315711656640516,0.8235294117647058,0.17647058823529416,14,3,0.7625464813947718,0.09267845749855042,0.05,14,,,,,1.3548085310080134,500,2
728,227,1.0,1.0,0.75,1.0,3,19,14.795962826092465,0.30209275148383136,0.9473684210526315,0.052631578947368474,18,1,1.4873809327266947,0.09212296456098557,0.05,18,,,,,1.3548085310080134,500,2
729,228,1.0,1.0277777777777777,1.0277777777777777,0.6470588235294118,3,15,10.997904979460115,0.37236416284074425,0.8666666666666667,0.1333333333333333,13,2,1.0943025038259226,0.18190184235572815,0.05,13,,,,,1.3548085310080134,500,2
730,229,1.0,1.0,1.0,0.71875,3,19,15.57268817329882,0.2715260663820003,0.9473684210526315,0.052631578947368474,18,1,1.5179476178285258,0.0433071032166481,0.05,18,,,,,1.3548085310080134,500,2
731,230,1.0,1.0138888888888888,1.0138888888888888,0.7833333333333333,3,19,13.424462517965143,0.4819991805392842,0.8947368421052632,0.10526315789473684,17,2,1.0969481878817684,0.07965485751628876,0.05,17,,,,,1.3548085310080134,500,2
732,231,1.0,1.078125,1.078125,0.45588235294117646,3,12,11.003007385421341,0.26176269724674617,0.9166666666666666,0.08333333333333337,11,1,1.4049039694199204,0.08419369161128998,0.05,11,,,,,1.3548085310080134,500,2
733,232,1.0,1.0125,1.0125,0.8833333333333333,3,19,16.37414642701008,0.29147440763235266,0.9473684210526315,0.052631578947368474,18,1,1.4979992765781736,0.05074644088745117,0.05,18,,,,,1.3548085310080134,500,2
734,233,1.0,1.0113636363636365,1.0113636363636365,0.8823529411764706,3,23,15.76359987496446,0.4962596630490007,0.8695652173913043,0.13043478260869568,20,3,0.9820012065162167,0.050290003418922424,0.05,20,,,,,1.3548085310080134,500,2
735,234,1.0,1.0,1.0,0.85,3,19,10.866013442208803,0.396020493379198,0.8421052631578947,0.1578947368421053,16,3,0.9724005592523808,0.0542248860001564,0.05,16,,,,,1.3548085310080134,500,2
736,235,1.0,1.015625,1.015625,0.75,3,12,9.601201579711113,0.3259754225962623,0.9166666666666666,0.08333333333333337,11,1,1.3406912440704042,0.11412090808153152,0.05,11,,,,,1.3548085310080134,500,2
737,236,1.0,1.0166666666666666,0.8229166666666666,1.0166666666666666,3,18,15.378370141697156,0.2359539203025472,0.9444444444444444,0.05555555555555558,17,1,1.5418238574752305,0.05251476913690567,0.05,17,,,,,1.3548085310080134,500,2
738,237,1.0,1.0,1.0,0.8846153846153846,3,17,13.852907398027684,0.1846334373098207,0.9411764705882353,0.05882352941176472,16,1,1.5800724450431205,0.17644940316677094,0.05,16,,,,,1.3548085310080134,500,2
739,238,1.0,1.0147058823529411,0.875,1.0147058823529411,3,19,10.210905592945585,0.3785744336255301,0.7894736842105263,0.21052631578947367,15,4,0.7793203032165752,0.03435315936803818,0.05,15,,,,,1.3548085310080134,500,2
740,239,1.0,1.0,0.9375,1.0,3,16,10.812519623869715,0.37550310461985337,0.875,0.125,14,2,1.1244968953801466,0.04963410645723343,0.05,14,,,,,1.3548085310080134,500,2
741,240,1.0,1.0277777777777777,1.0277777777777777,0.875,3,16,10.517949971611309,0.26011494312625805,0.875,0.125,14,2,1.2398850568737418,0.06683672964572906,0.05,14,,,,,1.3548085310080134,500,2
742,241,1.0,1.0178571428571428,0.859375,1.0178571428571428,3,15,13.241100952621474,0.2570344506528798,0.9333333333333333,0.06666666666666665,14,1,1.4762988826804535,0.21164382994174957,0.05,14,,,,,1.3548085310080134,500,2
743,242,1.0,1.0,0.7045454545454546,1.0,3,19,16.30860232717415,0.17121007466474278,0.9473684210526315,0.052631578947368474,18,1,1.6182636095457834,0.08270899951457977,0.05,18,,,,,1.3548085310080134,500,2
744,243,1.0,1.0,0.75,1.0,3,20,17.75380276759588,0.12842529172852035,1.0,0.0,20,0,1.8715747082714795,0.17076468467712402,0.05,20,,,,,1.3548085310080134,500,2
745,244,1.0,1.0,0.6805555555555556,1.0,3,18,16.54234949875693,0.17084662332376124,0.9444444444444444,0.05555555555555558,17,1,1.6069311544540164,0.11665225028991699,0.05,17,,,,,1.3548085310080134,500,2
746,245,1.0,1.0178571428571428,1.0178571428571428,0.6166666666666667,3,12,10.27007581902212,0.21765404148568696,0.9166666666666666,0.08333333333333337,11,1,1.4490126251809796,0.05967634916305542,0.05,11,,,,,1.3548085310080134,500,2
747,246,1.0,1.0416666666666667,0.8888888888888888,1.0416666666666667,3,18,14.309867363102525,0.15713484026367724,0.9444444444444444,0.05555555555555558,17,1,1.6206429375141005,0.10765150189399719,0.05,17,,,,,1.3548085310080134,500,2
748,247,1.0,1.0,1.0,0.875,3,19,10.12209038836218,0.44054441577885206,0.8421052631578947,0.1578947368421053,16,3,0.9278766368527267,0.06963689625263214,0.05,16,,,,,1.3548085310080134,500,2
749,248,1.0,1.046875,1.0113636363636365,1.046875,3,20,15.120388185605286,0.2252163738454619,0.9,0.09999999999999998,18,2,1.374783626154538,0.05289816856384277,0.05,18,,,,,1.3548085310080134,500,2
750,249,1.0,1.03125,1.03125,0.8833333333333333,3,17,13.508433570562023,0.1822645008748464,0.9411764705882353,0.05882352941176472,16,1,1.5824413814780947,0.022422343492507935,0.05,16,,,,,1.3548085310080134,500,2
751,250,1.0,1.0192307692307692,0.9375,1.0192307692307692,3,18,10.96251688260378,0.43865295699902107,0.8333333333333334,0.16666666666666663,15,3,0.8946803763343125,0.2609878480434418,0.05,15,,,,,1.3548085310080134,500,2
752,251,1.0,1.1071428571428572,1.1071428571428572,0.8928571428571429,3,18,15.396105696613516,0.20332554077449871,0.9444444444444444,0.05555555555555558,17,1,1.574452237003279,0.16307857632637024,0.05,17,,,,,1.3548085310080134,500,2
753,252,1.0,1.075,1.075,0.9,3,19,11.936242382913537,0.34734936234140257,0.8421052631578947,0.1578947368421053,16,3,1.0210716902901762,0.07336995005607605,0.05,16,,,,,1.3548085310080134,500,2
754,253,1.0,1.0,1.0,0.984375,3,20,13.69053077361862,0.3568252037065601,0.9,0.09999999999999998,18,2,1.24317479629344,0.07052315771579742,0.05,18,,,,,1.3548085310080134,500,2
755,254,1.0,1.075,1.075,0.95,3,19,10.101066676532627,0.4624905453934718,0.7894736842105263,0.21052631578947367,15,4,0.6954041914486335,0.1747182160615921,0.05,15,,,,,1.3548085310080134,500,2
756,255,1.0,1.0192307692307692,0.9375,1.0192307692307692,3,18,13.768588052550125,0.13567125049124315,0.8888888888888888,0.11111111111111116,16,2,1.4198843050643122,0.28284788131713867,0.05,16,,,,,1.3548085310080134,500,2
757,256,1.0,1.0375,1.0375,0.9464285714285714,3,20,16.024257120553322,0.2798075764578171,0.9,0.09999999999999998,18,2,1.320192423542183,0.10056783258914948,0.05,18,,,,,1.3548085310080134,500,2
758,257,1.0,1.0666666666666667,1.015625,1.0666666666666667,3,18,10.412588079185022,0.35107583657938657,0.7777777777777778,0.2222222222222222,14,4,0.7600352745317245,0.12699298560619354,0.05,14,,,,,1.3548085310080134,500,2
759,258,1.0,1.078125,1.078125,0.5666666666666667,3,13,9.414508088474186,0.31896277760415953,0.8461538461538461,0.15384615384615385,11,2,1.065652607011225,0.07332257181406021,0.05,11,,,,,1.3548085310080134,500,2
760,259,1.0,1.0535714285714286,1.0535714285714286,0.6785714285714286,3,11,7.083654190765403,0.4319318768365513,0.8181818181818182,0.18181818181818177,9,2,0.8407953958907217,0.09794171154499054,0.05,9,,,,,1.3548085310080134,500,2
761,260,1.0,1.0833333333333333,0.9875,1.0833333333333333,3,17,7.327010656376592,0.5208698323037844,0.7058823529411765,0.2941176470588235,12,5,0.3026595794609217,0.12732383608818054,0.05,12,,,,,1.3548085310080134,500,2
762,261,1.0,1.0192307692307692,0.9722222222222222,1.0192307692307692,3,18,12.80387129000165,0.4659580630580852,0.8888888888888888,0.11111111111111116,16,2,1.0895974924974703,0.03277617692947388,0.05,16,,,,,1.3548085310080134,500,2
763,262,1.0,1.0384615384615385,0.75,1.0384615384615385,3,14,8.748210376107972,0.35919542768065016,0.8571428571428571,0.1428571428571429,12,2,1.0693760008907782,0.04676435515284538,0.05,12,,,,,1.3548085310080134,500,2
764,263,1.0,1.0,1.0,0.875,3,18,12.052877103377696,0.5600585629421357,0.8888888888888888,0.11111111111111116,16,2,0.9954969926134196,0.05692308023571968,0.05,16,,,,,1.3548085310080134,500,2
765,264,1.0,1.0375,1.0375,0.9666666666666667,3,20,11.98545920573564,0.44798205302125593,0.85,0.15000000000000002,17,3,0.952017946978744,0.04229796305298805,0.05,17,,,,,1.3548085310080134,500,2
766,265,1.0,1.0714285714285714,1.0714285714285714,0.5666666666666667,3,13,10.04372963812273,0.29328178862659504,0.9230769230769231,0.07692307692307687,12,1,1.3990259036810975,0.043481484055519104,0.05,12,,,,,1.3548085310080134,500,2
767,266,1.0,1.09375,1.09375,0.75,3,18,9.471704957464867,0.457769602220895,0.8333333333333334,0.16666666666666663,15,3,0.8755637311124385,0.15346887707710266,0.05,15,,,,,1.3548085310080134,500,2
768,267,1.0,1.0694444444444444,1.0694444444444444,0.8088235294117647,3,20,16.11627313255108,0.3603332935066855,0.9,0.09999999999999998,18,2,1.2396667064933145,0.06788379698991776,0.05,18,,,,,1.3548085310080134,500,2
769,268,1.0,1.015625,1.015625,0.7205882352941176,3,18,14.292778704153301,0.3357475960535441,0.9444444444444444,0.05555555555555558,17,1,1.4420301817242336,0.17044541239738464,0.05,17,,,,,1.3548085310080134,500,2
770,269,1.0,1.0535714285714286,0.9375,1.0535714285714286,3,19,14.519551988988079,0.19405958164021414,0.8947368421052632,0.10526315789473684,17,2,1.3848877867808385,0.06488832831382751,0.05,17,,,,,1.3548085310080134,500,2
771,270,1.0,1.0625,0.9659090909090909,1.0625,3,20,14.066717821384287,0.16770900179443968,0.9,0.09999999999999998,18,2,1.4322909982055605,0.14722886681556702,0.05,18,,,,,1.3548085310080134,500,2
772,271,1.0,1.0441176470588236,0.8863636363636364,1.0441176470588236,3,24,19.514050156031356,0.31669025040956555,0.9166666666666666,0.08333333333333337,22,2,1.3499764162571009,0.14780953526496887,0.05,22,,,,,1.3548085310080134,500,2
773,272,1.0,1.078125,1.078125,0.8333333333333334,3,18,9.358275673265636,0.5188584879290274,0.7777777777777778,0.2222222222222222,14,4,0.5922526231820837,0.045231785625219345,0.05,14,,,,,1.3548085310080134,500,2
774,273,1.0,1.0,1.0,0.9615384615384616,3,21,15.074074927967771,0.37139461614480496,0.9047619047619048,0.09523809523809523,19,2,1.2476530029028141,0.05878041312098503,0.05,19,,,,,1.3548085310080134,500,2
775,274,1.0,1.0,0.8888888888888888,1.0,3,21,15.75502994508266,0.29792302878879895,0.9047619047619048,0.09523809523809523,19,2,1.32112459025882,0.1417420208454132,0.05,19,,,,,1.3548085310080134,500,2
776,275,1.0,1.0625,1.0625,0.6875,3,13,9.706159856754038,0.27848838634825046,0.8461538461538461,0.15384615384615385,11,2,1.1061269982671342,0.0614175945520401,0.05,11,,,,,1.3548085310080134,500,2
777,276,1.0,1.05,1.05,0.953125,3,25,16.356488196157237,0.4263664814843748,0.88,0.12,22,3,1.0936335185156252,0.13670313358306885,0.05,22,,,,,1.3548085310080134,500,2
778,277,1.0,1.0166666666666666,0.925,1.0166666666666666,3,19,15.839201969758387,0.24552318791199568,0.9473684210526315,0.052631578947368474,18,1,1.5439504962985304,0.05725841224193573,0.05,18,,,,,1.3548085310080134,500,2
779,278,1.0,1.0166666666666666,0.9479166666666666,1.0166666666666666,3,24,16.987926596703083,0.3526605506396313,0.875,0.125,21,3,1.1473394493603686,0.09759664535522461,0.05,21,,,,,1.3548085310080134,500,2
780,279,1.0,1.0277777777777777,1.0277777777777777,0.890625,3,18,13.250192550907261,0.2832499996779121,0.8888888888888888,0.11111111111111116,16,2,1.2723055558776433,0.3133470416069031,0.05,16,,,,,1.3548085310080134,500,2
781,280,1.0,1.0,1.0,0.7678571428571429,3,16,14.366548081228174,0.08777212307427024,0.9375,0.0625,15,1,1.6622278769257297,0.18319764733314514,0.05,15,,,,,1.3548085310080134,500,2
782,281,1.0,1.0,1.0,0.953125,3,20,15.841433909372618,0.17250607861631745,0.9,0.09999999999999998,18,2,1.4274939213836826,0.11322980374097824,0.05,18,,,,,1.3548085310080134,500,2
783,282,1.0,1.03125,1.03125,0.6428571428571429,3,14,10.217139615340749,0.3897087307350914,0.9285714285714286,0.0714285714285714,13,1,1.3245769835506231,0.16259174048900604,0.05,13,,,,,1.3548085310080134,500,2
784,283,1.0,1.0625,1.0625,0.9038461538461539,3,15,6.89881995172185,0.47001172307733863,0.7333333333333333,0.2666666666666667,11,4,0.4633216102559945,0.12005969882011414,0.05,11,,,,,1.3548085310080134,500,2
785,284,1.0,1.05,1.05,0.8088235294117647,3,20,15.579165968703183,0.21731835452560094,0.9,0.09999999999999998,18,2,1.382681645474399,0.18184971809387207,0.05,18,,,,,1.3548085310080134,500,2
786,285,1.0,1.0833333333333333,1.0833333333333333,0.7352941176470589,3,16,10.311115385421793,0.39169785923234524,0.8125,0.1875,13,3,0.8583021407676548,0.0815151184797287,0.05,13,,,,,1.3548085310080134,500,2
787,286,1.0,1.0178571428571428,0.9861111111111112,1.0178571428571428,3,18,11.873998114231952,0.3032714972194991,0.8888888888888888,0.11111111111111116,16,2,1.2522840583360564,0.09984888881444931,0.05,16,,,,,1.3548085310080134,500,2
788,287,1.0,1.0,1.0,0.4264705882352941,3,13,11.340722340065838,0.3104443073583682,0.9230769230769231,0.07692307692307687,12,1,1.3818633849493243,0.22641871869564056,0.05,12,,,,,1.3548085310080134,500,2
789,288,1.0,1.0625,1.0625,0.8888888888888888,3,23,13.24603910008802,0.48918351495886453,0.8260869565217391,0.17391304347826086,19,4,0.815164311128092,0.08149979263544083,0.05,19,,,,,1.3548085310080134,500,2
790,289,1.0,1.0,0.7638888888888888,1.0,3,16,12.541739207357885,0.3830161731427132,0.9375,0.0625,15,1,1.366983826857287,0.27992910146713257,0.05,15,,,,,1.3548085310080134,500,2
791,290,1.0,1.0277777777777777,1.0277777777777777,0.96875,3,17,9.656653596622474,0.41785814369144947,0.8235294117647058,0.17647058823529416,14,3,0.8762595033673739,0.265642911195755,0.05,14,,,,,1.3548085310080134,500,2
792,291,1.0,1.0277777777777777,1.0277777777777777,0.9375,3,20,11.870081337868305,0.3008188771100717,0.85,0.15000000000000002,17,3,1.0991811228899282,0.2575346827507019,0.05,17,,,,,1.3548085310080134,500,2
793,292,1.0,1.0277777777777777,1.0277777777777777,0.59375,3,15,11.01634950328109,0.38738280768994093,0.9333333333333333,0.06666666666666665,14,1,1.3459505256433926,0.09389681369066238,0.05,14,,,,,1.3548085310080134,500,2
794,293,1.0,1.0,0.9625,1.0,3,23,18.773589488421656,0.18781891066731882,0.9130434782608695,0.08695652173913049,21,2,1.4643550023761593,0.10590741783380508,0.05,21,,,,,1.3548085310080134,500,2
795,294,1.0,1.0416666666666667,1.0416666666666667,0.9375,3,20,11.565999791007835,0.42085699854613,0.85,0.15000000000000002,17,3,0.9791430014538698,0.10459455102682114,0.05,17,,,,,1.3548085310080134,500,2
796,295,1.0,1.0,0.95,1.0,3,19,16.979049027083654,0.2020780019626432,0.9473684210526315,0.052631578947368474,18,1,1.587395682247883,0.049998827278614044,0.05,18,,,,,1.3548085310080134,500,2
797,296,1.0,1.0,1.0,0.8,3,13,7.34579296225276,0.5302943704742831,0.8461538461538461,0.15384615384615385,11,2,0.8543210141411015,0.1824358105659485,0.05,11,,,,,1.3548085310080134,500,2
798,297,1.0,1.0208333333333333,0.6875,1.0208333333333333,3,16,7.734476162084492,0.48528833085196593,0.8125,0.1875,13,3,0.764711669148034,0.23866325616836548,0.05,13,,,,,1.3548085310080134,500,2
799,298,1.0,1.0,0.975,1.0,3,20,12.276665945558861,0.5111466196561167,0.85,0.15000000000000002,17,3,0.8888533803438832,0.12864379584789276,0.05,17,,,,,1.3548085310080134,500,2
800,299,1.0,1.0357142857142858,0.9375,1.0357142857142858,3,18,14.10609216018039,0.05205091583734306,0.9444444444444444,0.05555555555555558,17,1,1.7257268619404347,0.07256792485713959,0.05,17,1.198024840392864,0.3340681795528952,0.8830232549864399,0.1169767450135602,1.3548085310080134,500,3
801,300,1.0,1.0333333333333334,1.0,1.0333333333333334,3,20,13.35916115016719,0.38037355661773564,0.9,0.09999999999999998,18,2,1.2196264433822643,0.31421953439712524,0.05,18,,,,,1.3548085310080134,500,3
802,301,1.0,1.0333333333333334,0.7840909090909091,1.0333333333333334,3,19,13.268343752145485,0.24207793847930953,0.9473684210526315,0.052631578947368474,18,1,1.5473957457312166,0.0915171280503273,0.05,18,,,,,1.3548085310080134,500,3
803,302,1.0,1.0,0.7638888888888888,1.0,3,13,6.407577451666811,0.4660729106051069,0.7692307692307693,0.23076923076923073,10,3,0.6108501663179702,0.07846638560295105,0.05,10,,,,,1.3548085310080134,500,3
804,303,1.0,1.0625,1.0625,0.8928571428571429,3,17,9.408468972183163,0.3884338538684603,0.8235294117647058,0.17647058823529416,14,3,0.905683793190363,0.1851472556591034,0.05,14,,,,,1.3548085310080134,500,3
805,304,1.0,1.0,1.0,0.390625,3,10,9.391573486034861,0.26990428127551647,0.9,0.09999999999999998,9,1,1.3300957187244837,0.08871658891439438,0.05,9,,,,,1.3548085310080134,500,3
806,305,1.0,1.0,0.9444444444444444,1.0,3,15,10.48275000477281,0.2640643541217468,0.8666666666666667,0.1333333333333333,13,2,1.20260231254492,0.19159077107906342,0.05,13,,,,,1.3548085310080134,500,3
807,306,1.0,1.0113636363636365,1.0113636363636365,0.921875,3,18,13.702245694372538,0.28071295909726623,0.9444444444444444,0.05555555555555558,17,1,1.4970648186805113,0.04381652921438217,0.05,17,,,,,1.3548085310080134,500,3
808,307,1.0,1.0,0.9772727272727273,1.0,3,25,15.144392886312673,0.4075128275193839,0.84,0.16000000000000003,21,4,0.9524871724806159,0.16546978056430817,0.05,21,,,,,1.3548085310080134,500,3
809,308,1.0,1.0,1.0,0.6964285714285714,3,12,10.941095282758878,0.2559100801762261,1.0,0.0,12,0,1.7440899198237738,0.4044345021247864,0.05,12,,,,,1.3548085310080134,500,3
810,309,1.0,1.0,0.9305555555555556,1.0,3,17,8.715950209449984,0.5416952959286081,0.7647058823529411,0.23529411764705888,13,4,0.5171282334831564,0.06709601730108261,0.05,13,,,,,1.3548085310080134,500,3
811,310,1.0,1.0535714285714286,1.0535714285714286,0.7321428571428571,3,14,9.726676473614582,0.49592320469082707,0.8571428571428571,0.1428571428571429,12,2,0.9326482238806013,0.05615788698196411,0.05,12,,,,,1.3548085310080134,500,3
812,311,1.0,1.0178571428571428,1.0178571428571428,0.7916666666666666,3,12,7.578738272815656,0.33906522302321,0.9166666666666666,0.08333333333333337,11,1,1.3276014436434564,0.11520582437515259,0.05,11,,,,,1.3548085310080134,500,3
813,312,1.0,1.0384615384615385,0.953125,1.0384615384615385,3,18,9.038137651426773,0.5705603349266035,0.7777777777777778,0.2222222222222222,14,4,0.5405507761845076,0.07367104291915894,0.05,14,,,,,1.3548085310080134,500,3
814,313,1.0,1.0,1.0,0.7352941176470589,3,20,16.432509689911978,0.3327504958429065,0.95,0.050000000000000044,19,1,1.4672495041570932,0.15048152208328247,0.05,19,,,,,1.3548085310080134,500,3
815,314,1.0,1.0208333333333333,1.0208333333333333,0.7,3,12,9.726463169992332,0.23036237187588943,0.9166666666666666,0.08333333333333337,11,1,1.4363042947907771,0.18753618001937866,0.05,11,,,,,1.3548085310080134,500,3
816,315,1.0,1.0227272727272727,1.0227272727272727,0.7941176470588235,3,20,14.586165280156735,0.2048292561033131,0.95,0.050000000000000044,19,1,1.5951707438966867,0.16576948761940002,0.05,19,,,,,1.3548085310080134,500,3
817,316,1.0,1.015625,1.015625,0.5588235294117647,3,16,11.94382730035133,0.41226455062466527,0.9375,0.0625,15,1,1.3377354493753346,0.10666560381650925,0.05,15,,,,,1.3548085310080134,500,3
818,317,1.0,1.0,1.0,0.9107142857142857,3,17,12.343715971293225,0.18767893376831266,0.9411764705882353,0.05882352941176472,16,1,1.5770269485846284,0.11678970605134964,0.05,16,,,,,1.3548085310080134,500,3
819,318,1.0,1.0125,1.0125,0.8166666666666667,3,16,11.283427963385478,0.27286055651108154,0.9375,0.0625,15,1,1.4771394434889185,0.061277925968170166,0.05,15,,,,,1.3548085310080134,500,3
820,319,1.0,1.09375,1.09375,0.71875,3,14,9.08625290131081,0.2763561957356736,0.8571428571428571,0.1428571428571429,12,2,1.1522152328357549,0.051511481404304504,0.05,12,,,,,1.3548085310080134,500,3
821,320,1.0,1.109375,1.109375,0.7884615384615384,3,15,10.363703193591334,0.32487673539160794,0.8666666666666667,0.1333333333333333,13,2,1.1417899312750588,0.12175554037094116,0.05,13,,,,,1.3548085310080134,500,3
822,321,1.0,1.046875,1.046875,0.7794117647058824,3,15,9.451068056217425,0.4491096977266704,0.8,0.19999999999999996,12,3,0.7508903022733298,0.04581591859459877,0.05,12,,,,,1.3548085310080134,500,3
823,322,1.0,1.015625,1.015625,0.8928571428571429,3,17,10.826614271341683,0.48725944959640455,0.8823529411764706,0.11764705882352944,15,2,1.0421523151094778,0.06164969503879547,0.05,15,,,,,1.3548085310080134,500,3
824,323,1.0,1.0,1.0,0.7833333333333333,3,14,11.505358636789047,0.2240807033976076,0.9285714285714286,0.0714285714285714,13,1,1.4902050108881069,0.11330721527338028,0.05,13,,,,,1.3548085310080134,500,3
825,324,1.0,1.0357142857142858,0.775,1.0357142857142858,3,18,15.746513837696082,0.24977377413484705,0.9444444444444444,0.05555555555555558,17,1,1.5280040036429305,0.20157377421855927,0.05,17,,,,,1.3548085310080134,500,3
826,325,1.0,1.0555555555555556,1.0555555555555556,0.6764705882352942,3,16,10.515533366743426,0.3180923382382239,0.875,0.125,14,2,1.181907661761776,0.1463228464126587,0.05,14,,,,,1.3548085310080134,500,3
827,326,1.0,1.0333333333333334,0.9166666666666666,1.0333333333333334,3,17,9.201052961583004,0.3300287350325546,0.7647058823529411,0.23529411764705888,13,4,0.7287947943792099,0.11071021854877472,0.05,13,,,,,1.3548085310080134,500,3
828,327,1.0,1.0576923076923077,0.8181818181818182,1.0576923076923077,3,20,15.196044114669252,0.2609847697462402,0.95,0.050000000000000044,19,1,1.5390152302537596,0.11212672293186188,0.05,19,,,,,1.3548085310080134,500,3
829,328,1.0,1.0,1.0,0.8035714285714286,3,13,8.009726940957153,0.31670809496077235,0.7692307692307693,0.23076923076923073,10,3,0.7602149819623047,0.043803147971630096,0.05,10,,,,,1.3548085310080134,500,3
830,329,1.0,1.0694444444444444,1.0694444444444444,0.7321428571428571,3,15,12.498165717215754,0.2609490589591306,0.9333333333333333,0.06666666666666665,14,1,1.4723842743742028,0.06051553785800934,0.05,14,,,,,1.3548085310080134,500,3
831,330,1.0,1.0892857142857142,1.0892857142857142,0.55,3,11,8.487699380179423,0.18432268367976384,0.8181818181818182,0.18181818181818177,9,2,1.0884045890475091,0.22388505935668945,0.05,9,,,,,1.3548085310080134,500,3
832,331,1.0,1.03125,1.03125,0.7647058823529411,3,17,11.57728174371644,0.4769706461246517,0.8823529411764706,0.11764705882352944,15,2,1.0524411185812306,0.047460585832595825,0.05,15,,,,,1.3548085310080134,500,3
833,332,1.0,1.0,0.9125,1.0,3,19,13.168544030439627,0.47278156616095424,0.8947368421052632,0.10526315789473684,17,2,1.1061658022600984,0.0750773474574089,0.05,17,,,,,1.3548085310080134,500,3
834,333,1.0,1.025,1.025,0.8833333333333333,3,16,9.56964259646344,0.4803160502945115,0.875,0.125,14,2,1.0196839497054886,0.12273067981004715,0.05,14,,,,,1.3548085310080134,500,3
835,334,1.0,1.0208333333333333,1.0208333333333333,0.5208333333333334,3,10,8.380695829851232,0.31035371843178117,0.9,0.09999999999999998,9,1,1.289646281568219,0.14590442180633545,0.05,9,,,,,1.3548085310080134,500,3
836,335,1.0,1.0375,1.0375,0.95,3,18,11.994699397674525,0.38006602832094016,0.8888888888888888,0.11111111111111116,16,2,1.1754895272346153,0.42789262533187866,0.05,16,,,,,1.3548085310080134,500,3
837,336,1.0,1.0357142857142858,1.0357142857142858,0.671875,3,14,8.784518472160928,0.3596192076433576,0.8571428571428571,0.1428571428571429,12,2,1.0689522209280709,0.11846543103456497,0.05,12,,,,,1.3548085310080134,500,3
838,337,1.0,1.125,1.125,0.9038461538461539,3,16,9.8751478297617,0.3655020596349171,0.875,0.125,14,2,1.1344979403650828,0.03618944063782692,0.05,14,,,,,1.3548085310080134,500,3
839,338,1.0,1.0416666666666667,1.0416666666666667,0.8235294117647058,3,22,12.762309340789244,0.47688685630595784,0.8636363636363636,0.13636363636363635,19,3,0.9776585982394967,0.1486910581588745,0.05,19,,,,,1.3548085310080134,500,3
840,339,1.0,1.05,1.05,0.9285714285714286,3,17,10.925440258487317,0.37864315923490466,0.8235294117647058,0.17647058823529416,14,3,0.9154744878239187,0.17155742645263672,0.05,14,,,,,1.3548085310080134,500,3
841,340,1.0,1.0625,1.0625,0.890625,3,19,14.234263047206563,0.19407905925585373,0.8947368421052632,0.10526315789473684,17,2,1.384868309165199,0.07078015059232712,0.05,17,,,,,1.3548085310080134,500,3
842,341,1.0,1.0,0.6590909090909091,1.0,3,19,13.497811763020726,0.18294259085029724,0.9473684210526315,0.052631578947368474,18,1,1.6065310933602288,0.09667446464300156,0.05,18,,,,,1.3548085310080134,500,3
843,342,1.0,1.0,1.0,0.9333333333333333,3,18,8.960633294014412,0.6204640917824898,0.7777777777777778,0.2222222222222222,14,4,0.4906470193286213,0.0933879092335701,0.05,14,,,,,1.3548085310080134,500,3
844,343,1.0,1.0625,1.0625,0.75,3,15,10.111575529093821,0.31257572655705845,0.9333333333333333,0.06666666666666665,14,1,1.420757606776275,0.04847335070371628,0.05,14,,,,,1.3548085310080134,500,3
845,344,1.0,1.0416666666666667,1.0416666666666667,0.9375,3,18,9.433197388675572,0.47954032121833967,0.7777777777777778,0.2222222222222222,14,4,0.6315707898927714,0.1595354676246643,0.05,14,,,,,1.3548085310080134,500,3
846,345,1.0,1.0138888888888888,1.0138888888888888,0.71875,3,17,9.864790888144558,0.40717562733065543,0.8823529411764706,0.11764705882352944,15,2,1.1222361373752268,0.09660806506872177,0.05,15,,,,,1.3548085310080134,500,3
847,346,1.0,1.0892857142857142,1.0892857142857142,0.8461538461538461,3,14,9.026260929395471,0.39174884766977885,0.9285714285714286,0.0714285714285714,13,1,1.3225368666159356,0.10917256772518158,0.05,13,,,,,1.3548085310080134,500,3
848,347,1.0,1.0625,1.0625,0.859375,3,18,9.512663573415608,0.2797479447277376,0.8333333333333334,0.16666666666666663,15,3,1.053585388605596,0.19787466526031494,0.05,15,,,,,1.3548085310080134,500,3
849,348,1.0,1.0138888888888888,1.0138888888888888,1.0,3,16,8.630301508492424,0.396477772934269,0.8125,0.1875,13,3,0.853522227065731,0.13682740926742554,0.05,13,,,,,1.3548085310080134,500,3
850,349,1.0,1.0555555555555556,1.0555555555555556,0.9666666666666667,3,17,11.395599547354323,0.26301657998288425,0.8823529411764706,0.11764705882352944,15,2,1.266395184722998,0.08780611306428909,0.05,15,,,,,1.3548085310080134,500,3
851,350,1.0,1.0,1.0,0.8392857142857143,3,14,10.739473326157636,0.17208770358682932,0.9285714285714286,0.0714285714285714,13,1,1.542198010698885,0.19326151907444,0.05,13,,,,,1.3548085310080134,500,3
852,351,1.0,1.0178571428571428,0.8636363636363636,1.0178571428571428,3,19,16.333751412273124,0.2252251429231086,0.9473684210526315,0.052631578947368474,18,1,1.5642485412874174,0.14001651108264923,0.05,18,,,,,1.3548085310080134,500,3
853,352,1.0,1.0166666666666666,0.925,1.0166666666666666,3,20,11.807331769356301,0.3155711219148285,0.85,0.15000000000000002,17,3,1.0844288780851714,0.056142449378967285,0.05,17,,,,,1.3548085310080134,500,3
854,353,1.0,1.0416666666666667,1.0416666666666667,0.9583333333333334,3,20,15.754587728928511,0.17677669529663695,0.95,0.050000000000000044,19,1,1.6232233047033628,0.1331922709941864,0.05,19,,,,,1.3548085310080134,500,3
855,354,1.0,1.0,1.0,0.8529411764705882,3,19,12.166222696370543,0.3789909800629282,0.8947368421052632,0.10526315789473684,17,2,1.1999563883581243,0.11186906695365906,0.05,17,,,,,1.3548085310080134,500,3
856,355,1.0,1.015625,1.015625,0.85,3,19,13.267381140822641,0.4099924728243587,0.8947368421052632,0.10526315789473684,17,2,1.168954895596694,0.02143241837620735,0.05,17,,,,,1.3548085310080134,500,3
857,356,1.0,1.0555555555555556,1.0555555555555556,0.6911764705882353,3,14,9.398123415362267,0.38538300394259584,0.9285714285714286,0.0714285714285714,13,1,1.3289027103431186,0.05122383311390877,0.05,13,,,,,1.3548085310080134,500,3
858,357,1.0,1.0,1.0,0.6785714285714286,3,14,10.647194175415535,0.3637722459363554,0.9285714285714286,0.0714285714285714,13,1,1.3505134683493591,0.11697978526353836,0.05,13,,,,,1.3548085310080134,500,3
859,358,1.0,1.0357142857142858,1.0357142857142858,0.6964285714285714,3,12,7.445770786445935,0.35643019078119065,0.9166666666666666,0.08333333333333337,11,1,1.3102364758854759,0.11755476891994476,0.05,11,,,,,1.3548085310080134,500,3
860,359,1.0,1.125,1.125,0.625,3,14,12.792942565171062,0.10138596041941611,0.9285714285714286,0.0714285714285714,13,1,1.6128997538662984,0.10321508347988129,0.05,13,,,,,1.3548085310080134,500,3
861,360,1.0,1.0333333333333334,0.7045454545454546,1.0333333333333334,3,17,14.6428152250257,0.26186499837946864,0.9411764705882353,0.05882352941176472,16,1,1.5028408839734726,0.08815521746873856,0.05,16,,,,,1.3548085310080134,500,3
862,361,1.0,1.0,0.9875,1.0,3,18,8.472549225791711,0.5326665029782347,0.7777777777777778,0.2222222222222222,14,4,0.5784446081328765,0.2219022959470749,0.05,14,,,,,1.3548085310080134,500,3
863,362,1.0,1.0208333333333333,0.8958333333333334,1.0208333333333333,3,17,11.841488727009418,0.4011174667405525,0.8823529411764706,0.11764705882352944,15,2,1.1282942979653297,0.27599531412124634,0.05,15,,,,,1.3548085310080134,500,3
864,363,1.0,1.025,1.025,0.9464285714285714,3,21,14.37354701685033,0.4167873850019904,0.8571428571428571,0.1428571428571429,18,3,1.011784043569438,0.11208964884281158,0.05,18,,,,,1.3548085310080134,500,3
865,364,1.0,1.0714285714285714,1.0714285714285714,0.6607142857142857,3,13,11.514398725319449,0.25286656141458835,0.9230769230769231,0.07692307692307687,12,1,1.439441130893104,0.1819683015346527,0.05,12,,,,,1.3548085310080134,500,3
866,365,1.0,1.015625,1.015625,0.8653846153846154,3,17,11.671916293085982,0.3287247319781984,0.8235294117647058,0.17647058823529416,14,3,0.9653929150806251,0.09479951858520508,0.05,14,,,,,1.3548085310080134,500,3
867,366,1.0,1.046875,1.046875,0.609375,3,17,10.041950044404793,0.4017406177907575,0.8823529411764706,0.11764705882352944,15,2,1.1276711469151248,0.16110999882221222,0.05,15,,,,,1.3548085310080134,500,3
868,367,1.0,1.0694444444444444,1.0694444444444444,0.5333333333333333,3,14,9.173792093654393,0.3953779255012282,0.8571428571428571,0.1428571428571429,12,2,1.0331935030702002,0.13171254098415375,0.05,12,,,,,1.3548085310080134,500,3
869,368,1.0,1.0,1.0,0.609375,3,14,10.000389962088473,0.4244758088058971,0.9285714285714286,0.0714285714285714,13,1,1.2898099054798173,0.05201467126607895,0.05,13,,,,,1.3548085310080134,500,3
870,369,1.0,1.0666666666666667,1.0625,1.0666666666666667,3,20,16.04828339796581,0.1431047356448862,0.9,0.09999999999999998,18,2,1.4568952643551139,0.17329317331314087,0.05,18,,,,,1.3548085310080134,500,3
871,370,1.0,1.0,0.8472222222222222,1.0,3,16,13.351415740822024,0.16646220105690815,0.9375,0.0625,15,1,1.5835377989430919,0.089925117790699,0.05,15,,,,,1.3548085310080134,500,3
872,371,1.0,1.0,0.8125,1.0,3,19,15.548275124397877,0.10497372540160402,1.0,0.0,19,0,1.895026274598396,0.060230106115341187,0.05,19,,,,,1.3548085310080134,500,3
873,372,1.0,1.0576923076923077,0.8020833333333334,1.0576923076923077,3,17,12.283020665611014,0.30264175752158035,0.8823529411764706,0.11764705882352944,15,2,1.226770007184302,0.05990005284547806,0.05,15,,,,,1.3548085310080134,500,3
874,373,1.0,1.05,0.7386363636363636,1.05,3,16,10.036945063563406,0.44723099110756614,0.875,0.125,14,2,1.052769008892434,0.13158449530601501,0.05,14,,,,,1.3548085310080134,500,3
875,374,1.0,1.0138888888888888,1.0138888888888888,0.65625,3,15,10.974695942909113,0.260957552791528,0.9333333333333333,0.06666666666666665,14,1,1.4723757805418054,0.15096095204353333,0.05,14,,,,,1.3548085310080134,500,3
876,375,1.0,1.0166666666666666,0.9125,1.0166666666666666,3,19,12.684535077064577,0.27970127117994753,0.8947368421052632,0.10526315789473684,17,2,1.299246097241105,0.143093541264534,0.05,17,,,,,1.3548085310080134,500,3
877,376,1.0,1.0454545454545454,1.0454545454545454,0.9861111111111112,3,24,13.690177307859495,0.400140169013818,0.875,0.125,21,3,1.099859830986182,0.1700793206691742,0.05,21,,,,,1.3548085310080134,500,3
878,377,1.0,1.075,1.075,0.796875,3,17,10.408831144838677,0.4088441716223656,0.8823529411764706,0.11764705882352944,15,2,1.1205675930835166,0.08956843614578247,0.05,15,,,,,1.3548085310080134,500,3
879,378,1.0,1.025,1.025,0.65,3,15,13.13644028513335,0.3089560204945639,0.9333333333333333,0.06666666666666665,14,1,1.4243773128387696,0.07719247043132782,0.05,14,,,,,1.3548085310080134,500,3
880,379,1.0,1.0416666666666667,1.0416666666666667,0.984375,3,21,12.750724114825108,0.6088975060217492,0.8095238095238095,0.19047619047619047,17,4,0.629197732073489,0.06509539484977722,0.05,17,,,,,1.3548085310080134,500,3
881,380,1.0,1.109375,1.109375,0.890625,3,19,11.453112507104246,0.513519908081234,0.8947368421052632,0.10526315789473684,17,2,1.0654274603398186,0.07324002683162689,0.05,17,,,,,1.3548085310080134,500,3
882,381,1.0,1.0625,0.8409090909090909,1.0625,3,17,13.958575781369278,0.19350461325801888,0.9411764705882353,0.05882352941176472,16,1,1.5712012690949222,0.08517813682556152,0.05,16,,,,,1.3548085310080134,500,3
883,382,1.0,1.015625,0.9625,1.015625,3,17,9.470048611764081,0.4057119527561613,0.8235294117647058,0.17647058823529416,14,3,0.8884056943026621,0.12706652283668518,0.05,14,,,,,1.3548085310080134,500,3
884,383,1.0,1.015625,1.015625,0.671875,3,15,9.796284498554558,0.3950052413552499,0.9333333333333333,0.06666666666666665,14,1,1.3383280919780836,0.05688340216875076,0.05,14,,,,,1.3548085310080134,500,3
885,384,1.0,1.0227272727272727,1.0227272727272727,0.9107142857142857,3,20,10.635111999521241,0.5029623216052261,0.8,0.19999999999999996,16,4,0.697037678394774,0.07978835701942444,0.05,16,,,,,1.3548085310080134,500,3
886,385,1.0,1.0,1.0,0.65625,3,16,10.413136534652498,0.4318640221814794,0.875,0.125,14,2,1.0681359778185207,0.057989269495010376,0.05,14,,,,,1.3548085310080134,500,3
887,386,1.0,1.015625,1.015625,0.7884615384615384,3,15,7.423179127649669,0.5570920414738907,0.8,0.19999999999999996,12,3,0.6429079585261095,0.14273574948310852,0.05,12,,,,,1.3548085310080134,500,3
888,387,1.0,1.0,1.0,0.47058823529411764,3,13,11.335748874465192,0.2656928094324104,0.9230769230769231,0.07692307692307687,12,1,1.426614882875282,0.06967465579509735,0.05,12,,,,,1.3548085310080134,500,3
889,388,1.0,1.0,1.0,0.7,3,13,7.766722068435498,0.2889155970559953,0.8461538461538461,0.15384615384615385,11,2,1.0956997875593892,0.2588158845901489,0.05,11,,,,,1.3548085310080134,500,3
890,389,1.0,1.0,0.9722222222222222,1.0,3,17,7.298154181266079,0.41470215865588067,0.8235294117647058,0.17647058823529416,14,3,0.8794154884029428,0.1878560185432434,0.05,14,,,,,1.3548085310080134,500,3
891,390,1.0,1.0166666666666666,0.9270833333333334,1.0166666666666666,3,19,15.45549002798092,0.1330109064137856,0.9473684210526315,0.052631578947368474,18,1,1.6564627777967404,0.07289202511310577,0.05,18,,,,,1.3548085310080134,500,3
892,391,1.0,1.125,1.125,0.984375,3,20,12.952953465512547,0.27883876791260265,0.9,0.09999999999999998,18,2,1.3211612320873976,0.27327555418014526,0.05,18,,,,,1.3548085310080134,500,3
893,392,1.0,1.046875,0.8541666666666666,1.046875,3,22,16.222388376105673,0.35170471687112925,0.9090909090909091,0.09090909090909094,20,2,1.284658919492507,0.06540282070636749,0.05,20,,,,,1.3548085310080134,500,3
894,393,1.0,1.0416666666666667,1.0416666666666667,0.8214285714285714,3,17,8.511868368812074,0.46887558519572897,0.8235294117647058,0.17647058823529416,14,3,0.8252420618630945,0.25136274099349976,0.05,14,,,,,1.3548085310080134,500,3
895,394,1.0,1.0,1.0,0.7333333333333333,3,22,16.20916491188416,0.4106375532073552,0.9545454545454546,0.045454545454545414,21,1,1.4075442649744632,0.1173110082745552,0.05,21,,,,,1.3548085310080134,500,3
896,395,1.0,1.015625,1.015625,0.8269230769230769,3,16,8.844682461325323,0.5443024660841865,0.8125,0.1875,13,3,0.7056975339158136,0.17454394698143005,0.05,13,,,,,1.3548085310080134,500,3
897,396,1.0,1.015625,0.8409090909090909,1.015625,3,20,13.446771712826134,0.4168069159183598,0.85,0.15000000000000002,17,3,0.9831930840816401,0.24217604100704193,0.05,17,,,,,1.3548085310080134,500,3
898,397,1.0,1.03125,1.03125,0.85,3,17,9.996378817554321,0.44084560150553753,0.8235294117647058,0.17647058823529416,14,3,0.8532720455532858,0.07332596927881241,0.05,14,,,,,1.3548085310080134,500,3
899,398,1.0,1.0333333333333334,0.9861111111111112,1.0333333333333334,3,18,9.825160014424856,0.3201875664674463,0.8333333333333334,0.16666666666666663,15,3,1.0131457668658872,0.17497853934764862,0.05,15,,,,,1.3548085310080134,500,3
900,399,1.0,1.015625,1.015625,0.6323529411764706,3,14,10.831700281406082,0.32457034079241986,0.9285714285714286,0.0714285714285714,13,1,1.3897153734932945,0.11029253900051117,0.05,13,1.090981933671304,0.3797851198432256,0.8676917633786324,0.1323082366213676,1.3548085310080134,500,4
901,400,1.0,1.0555555555555556,1.0555555555555556,0.8076923076923077,3,15,8.699367568593331,0.5348992032048135,0.8,0.19999999999999996,12,3,0.6651007967951865,0.20439311861991882,0.05,12,,,,,1.3548085310080134,500,4
902,401,1.0,1.05,0.875,1.05,3,19,10.588657817373264,0.49534358723813887,0.8421052631578947,0.1578947368421053,16,3,0.8730774653934399,0.10382433235645294,0.05,16,,,,,1.3548085310080134,500,4
903,402,1.0,1.03125,1.03125,0.8571428571428571,3,17,10.080004730795403,0.5004756197282274,0.8823529411764706,0.11764705882352944,15,2,1.0289361449776548,0.12595237791538239,0.05,15,,,,,1.3548085310080134,500,4
904,403,1.0,1.0,1.0,0.5714285714285714,3,15,9.845288411334895,0.39070293352253355,0.8666666666666667,0.1333333333333333,13,2,1.0759637331441332,0.1510646641254425,0.05,13,,,,,1.3548085310080134,500,4
905,404,1.0,1.0340909090909092,1.0340909090909092,0.9666666666666667,3,20,12.317266051617342,0.3560284486365714,0.85,0.15000000000000002,17,3,1.0439715513634285,0.05305321142077446,0.05,17,,,,,1.3548085310080134,500,4
906,405,1.0,1.0535714285714286,1.0535714285714286,0.828125,3,17,10.092865938507668,0.4967253012007694,0.8823529411764706,0.11764705882352944,15,2,1.032686463505113,0.16912555694580078,0.05,15,,,,,1.3548085310080134,500,4
907,406,1.0,1.0,1.0,0.5441176470588235,3,17,13.708166525913471,0.3051283276390187,0.9411764705882353,0.05882352941176472,16,1,1.4595775547139225,0.11880709230899811,0.05,16,,,,,1.3548085310080134,500,4
908,407,1.0,1.0833333333333333,1.0833333333333333,1.0,3,23,12.518351852553614,0.47391640181308564,0.782608695652174,0.21739130434782605,18,5,0.6565183807956101,0.14386746287345886,0.05,18,,,,,1.3548085310080134,500,4
909,408,1.0,1.0333333333333334,1.0277777777777777,1.0333333333333334,3,17,7.28916354525201,0.5628013827514358,0.7647058823529411,0.23529411764705888,13,4,0.49602214666032873,0.1650739461183548,0.05,13,,,,,1.3548085310080134,500,4
910,409,1.0,1.0416666666666667,1.0416666666666667,0.7333333333333333,3,15,7.800772824974256,0.4852770128030184,0.8666666666666667,0.1333333333333333,13,2,0.9813896538636484,0.12514649331569672,0.05,13,,,,,1.3548085310080134,500,4
911,410,1.0,1.0333333333333334,0.8977272727272727,1.0333333333333334,3,23,19.49979998891353,0.2858435094035188,0.9565217391304348,0.04347826086956519,22,1,1.5402434471182205,0.11091284453868866,0.05,22,,,,,1.3548085310080134,500,4
912,411,1.0,1.0,1.0,0.95,3,20,13.393121249240568,0.448580999896289,0.85,0.15000000000000002,17,3,0.9514190001037108,0.07710001617670059,0.05,17,,,,,1.3548085310080134,500,4
913,412,1.0,1.0,1.0,0.9285714285714286,3,18,12.721555058565603,0.29960267973749416,0.8888888888888888,0.11111111111111116,16,2,1.2559528758180611,0.11418603360652924,0.05,16,,,,,1.3548085310080134,500,4
914,413,1.0,1.0178571428571428,1.0178571428571428,0.8,3,14,9.375225419005059,0.3654475409609612,0.8571428571428571,0.1428571428571429,12,2,1.0631238876104672,0.09391658008098602,0.05,12,,,,,1.3548085310080134,500,4
915,414,1.0,1.015625,1.015625,0.6333333333333333,3,15,11.9658193749845,0.20937648127461783,0.8666666666666667,0.1333333333333333,13,2,1.257290185392049,0.25626140832901,0.05,13,,,,,1.3548085310080134,500,4
916,415,1.0,1.0,0.9444444444444444,1.0,3,18,8.441517517131192,0.6094231247947222,0.7777777777777778,0.2222222222222222,14,4,0.501687986316389,0.10771768540143967,0.05,14,,,,,1.3548085310080134,500,4
917,416,1.0,1.0,1.0,0.7678571428571429,3,12,5.247696659954742,0.6418389364277224,0.75,0.25,9,3,0.3581610635722776,0.1308041363954544,0.05,9,,,,,1.3548085310080134,500,4
918,417,1.0,1.0384615384615385,1.0227272727272727,1.0384615384615385,3,15,8.308363439491648,0.4713142225229676,0.8,0.19999999999999996,12,3,0.7286857774770326,0.16837120056152344,0.05,12,,,,,1.3548085310080134,500,4
919,418,1.0,1.0,1.0,0.9833333333333333,3,18,9.351464077819927,0.3864471296179075,0.8333333333333334,0.16666666666666663,15,3,0.946886203715426,0.10830339789390564,0.05,15,,,,,1.3548085310080134,500,4
920,419,1.0,1.0340909090909092,1.0340909090909092,0.75,3,16,14.007069191054626,0.23732723038797102,0.9375,0.0625,15,1,1.512672769612029,0.09131234884262085,0.05,15,,,,,1.3548085310080134,500,4
921,420,1.0,1.0,1.0,0.9807692307692307,3,17,12.789029470886648,0.27340305118096564,0.8823529411764706,0.11764705882352944,15,2,1.2560087135249165,0.1103031188249588,0.05,15,,,,,1.3548085310080134,500,4
922,421,1.0,1.0138888888888888,1.0138888888888888,0.8571428571428571,3,18,12.84212141639464,0.35736515019541615,0.8888888888888888,0.11111111111111116,16,2,1.198190405360139,0.07443875819444656,0.05,16,,,,,1.3548085310080134,500,4
923,422,1.0,1.0555555555555556,1.0555555555555556,0.8833333333333333,3,16,9.526891629599412,0.35508681693783795,0.8125,0.1875,13,3,0.8949131830621622,0.04600714147090912,0.05,13,,,,,1.3548085310080134,500,4
924,423,1.0,1.0,1.0,0.90625,3,19,9.792178294364728,0.47742040583264583,0.7894736842105263,0.21052631578947367,15,4,0.6804743310094594,0.15070614218711853,0.05,15,,,,,1.3548085310080134,500,4
925,424,1.0,1.0576923076923077,0.6,1.0576923076923077,3,17,14.106422329154768,0.3718697573945896,0.8823529411764706,0.11764705882352944,15,2,1.1575420073112928,0.13687367737293243,0.05,15,,,,,1.3548085310080134,500,4
926,425,1.0,1.0535714285714286,1.0,1.0535714285714286,3,19,13.143080650054568,0.23570226039551584,0.8947368421052632,0.10526315789473684,17,2,1.3432451080255368,0.25060680508613586,0.05,17,,,,,1.3548085310080134,500,4
927,426,1.0,1.0,0.8645833333333334,1.0,3,19,11.406875103342713,0.5032165755921408,0.8421052631578947,0.1578947368421053,16,3,0.865204477039438,0.08024832606315613,0.05,16,,,,,1.3548085310080134,500,4
928,427,1.0,1.0,1.0,0.7321428571428571,3,13,11.205256123291461,0.17722708442145896,0.9230769230769231,0.07692307692307687,12,1,1.5150806078862336,0.09996677190065384,0.05,12,,,,,1.3548085310080134,500,4
929,428,1.0,1.015625,1.015625,0.8571428571428571,3,15,10.540906029289648,0.22315611857331147,0.8666666666666667,0.1333333333333333,13,2,1.2435105480933553,0.06442078948020935,0.05,13,,,,,1.3548085310080134,500,4
930,429,1.0,1.015625,0.9583333333333334,1.015625,3,24,19.737567472821496,0.3056683639470182,0.9166666666666666,0.08333333333333337,22,2,1.3609983027196484,0.13144060969352722,0.05,22,,,,,1.3548085310080134,500,4
931,430,1.0,1.0568181818181819,1.0568181818181819,0.9705882352941176,3,20,14.57447930806137,0.37245026733964637,0.9,0.09999999999999998,18,2,1.2275497326603537,0.29428112506866455,0.05,18,,,,,1.3548085310080134,500,4
932,431,1.0,1.0892857142857142,1.0892857142857142,0.90625,3,17,8.594097330217616,0.4823444734139008,0.8235294117647058,0.17647058823529416,14,3,0.8117731736449225,0.1839567869901657,0.05,14,,,,,1.3548085310080134,500,4
933,432,1.0,1.015625,1.015625,0.8571428571428571,3,18,10.552069946388844,0.5579163422977842,0.8333333333333334,0.16666666666666663,15,3,0.7754169910355493,0.08660174906253815,0.05,15,,,,,1.3548085310080134,500,4
934,433,1.0,1.0166666666666666,0.8611111111111112,1.0166666666666666,3,20,11.76022547102977,0.5561941336856695,0.85,0.15000000000000002,17,3,0.8438058663143304,0.12990136444568634,0.05,17,,,,,1.3548085310080134,500,4
935,434,1.0,1.0357142857142858,0.75,1.0357142857142858,3,19,15.627564458322277,0.2426784259505518,0.8947368421052632,0.10526315789473684,17,2,1.3362689424705008,0.10638462007045746,0.05,17,,,,,1.3548085310080134,500,4
936,435,1.0,1.0,1.0,0.7333333333333333,3,14,9.95939932740981,0.24966026298468133,0.9285714285714286,0.0714285714285714,13,1,1.464625451301033,0.147164985537529,0.05,13,,,,,1.3548085310080134,500,4
937,436,1.0,1.0,0.875,1.0,3,20,16.390258363508313,0.2399479317341161,0.95,0.050000000000000044,19,1,1.5600520682658838,0.1273011714220047,0.05,19,,,,,1.3548085310080134,500,4
938,437,1.0,1.0340909090909092,1.0340909090909092,0.890625,3,21,14.407093739299695,0.3247966481574602,0.9047619047619048,0.09523809523809523,19,2,1.2942509708901588,0.13625216484069824,0.05,19,,,,,1.3548085310080134,500,4
939,438,1.0,1.0208333333333333,1.0208333333333333,0.4807692307692308,3,10,8.95847399679995,0.23643763670198467,0.9,0.09999999999999998,9,1,1.3635623632980154,0.14408160746097565,0.05,9,,,,,1.3548085310080134,500,4
940,439,1.0,1.0,0.8875,1.0,3,16,9.235352920500127,0.5192631927840219,0.8125,0.1875,13,3,0.7307368072159781,0.19722989201545715,0.05,13,,,,,1.3548085310080134,500,4
941,440,1.0,1.03125,1.03125,1.0,3,18,10.424664622882231,0.4481614067952152,0.8333333333333334,0.16666666666666663,15,3,0.8851719265381182,0.12667319178581238,0.05,15,,,,,1.3548085310080134,500,4
942,441,1.0,1.025,1.025,0.9285714285714286,3,19,11.221049807711223,0.580811036869112,0.8421052631578947,0.1578947368421053,16,3,0.7876100157624668,0.040460605174303055,0.05,16,,,,,1.3548085310080134,500,4
943,442,1.0,1.0714285714285714,0.7625,1.0714285714285714,3,20,16.005456379909322,0.1996079127736446,0.9,0.09999999999999998,18,2,1.4003920872263556,0.08160972595214844,0.05,18,,,,,1.3548085310080134,500,4
944,443,1.0,1.0125,1.0125,0.95,3,18,8.658135227011634,0.6392818975017005,0.7777777777777778,0.2222222222222222,14,4,0.47182921360941066,0.11037363111972809,0.05,14,,,,,1.3548085310080134,500,4
945,444,1.0,1.0208333333333333,0.925,1.0208333333333333,3,19,13.21541134825203,0.4714045207910317,0.8947368421052632,0.10526315789473684,17,2,1.107542847630021,0.09411733597517014,0.05,17,,,,,1.3548085310080134,500,4
946,445,1.0,1.0178571428571428,1.0178571428571428,0.6666666666666666,3,13,8.263535223946928,0.45122332511531393,0.9230769230769231,0.07692307692307687,12,1,1.2410843671923786,0.1456793248653412,0.05,12,,,,,1.3548085310080134,500,4
947,446,1.0,1.0625,1.0625,0.625,3,12,9.445663576571551,0.37939262991791245,0.9166666666666666,0.08333333333333337,11,1,1.287274036748754,0.062449343502521515,0.05,11,,,,,1.3548085310080134,500,4
948,447,1.0,1.03125,0.90625,1.03125,3,20,16.259386854427696,0.2903835871076234,0.9,0.09999999999999998,18,2,1.3096164128923766,0.07279761135578156,0.05,18,,,,,1.3548085310080134,500,4
949,448,1.0,1.0,0.7,1.0,3,18,12.587460417982236,0.3177574646961695,0.8888888888888888,0.11111111111111116,16,2,1.237798090859386,0.06817778944969177,0.05,16,,,,,1.3548085310080134,500,4
950,449,1.0,1.0625,0.8625,1.0625,3,22,14.829364043614724,0.3466673872789295,0.8636363636363636,0.13636363636363635,19,3,1.1078780672665252,0.06971889734268188,0.05,19,,,,,1.3548085310080134,500,4
951,450,1.0,1.046875,1.046875,0.8,3,17,12.54106191206117,0.507569391527226,0.8823529411764706,0.11764705882352944,15,2,1.0218423731786563,0.09165659546852112,0.05,15,,,,,1.3548085310080134,500,4
952,451,1.0,1.015625,1.015625,0.734375,3,16,12.775202178273137,0.3097731951066394,0.9375,0.0625,15,1,1.4402268048933606,0.18669664859771729,0.05,15,,,,,1.3548085310080134,500,4
953,452,1.0,1.03125,0.9861111111111112,1.03125,3,23,11.980952786912104,0.42111852982106995,0.8260869565217391,0.17391304347826086,19,4,0.8832292962658865,0.08861866593360901,0.05,19,,,,,1.3548085310080134,500,4
954,453,1.0,1.0208333333333333,1.0208333333333333,0.8035714285714286,3,17,13.788195075189652,0.21270390751385526,0.9411764705882353,0.05882352941176472,16,1,1.5520019748390859,0.01952531933784485,0.05,16,,,,,1.3548085310080134,500,4
955,454,1.0,1.0416666666666667,1.0416666666666667,0.875,3,17,10.686962506300784,0.31602546472450244,0.8823529411764706,0.11764705882352944,15,2,1.2133862999813798,0.11466426402330399,0.05,15,,,,,1.3548085310080134,500,4
956,455,1.0,1.0138888888888888,0.975,1.0138888888888888,3,22,15.971282431216816,0.3954559635649769,0.8636363636363636,0.13636363636363635,19,3,1.0590894909804776,0.17170703411102295,0.05,19,,,,,1.3548085310080134,500,4
957,456,1.0,1.03125,1.03125,0.9285714285714286,3,18,11.939269621959463,0.315256094836817,0.8888888888888888,0.11111111111111116,16,2,1.2402994607187383,0.04989713057875633,0.05,16,,,,,1.3548085310080134,500,4
958,457,1.0,1.0,1.0,0.5882352941176471,3,13,10.534780442297524,0.23488949435585194,0.8461538461538461,0.15384615384615385,11,2,1.1497258902595326,0.07127273827791214,0.05,11,,,,,1.3548085310080134,500,4
959,458,1.0,1.046875,1.046875,0.8928571428571429,3,16,10.179889252890145,0.28322647445799276,0.875,0.125,14,2,1.2167735255420071,0.07343243807554245,0.05,14,,,,,1.3548085310080134,500,4
960,459,1.0,1.0,1.0,0.42857142857142855,3,9,8.573719799981054,0.2252651083049878,0.8888888888888888,0.11111111111111116,8,1,1.3302904472505674,0.055269453674554825,0.05,8,,,,,1.3548085310080134,500,4
961,460,1.0,1.0138888888888888,1.0138888888888888,0.8,3,16,7.198577268871041,0.6392554071618194,0.75,0.25,12,4,0.3607445928381806,0.10824795812368393,0.05,12,,,,,1.3548085310080134,500,4
962,461,1.0,1.046875,1.046875,0.8928571428571429,3,18,10.33151908390885,0.5619889497791105,0.8333333333333334,0.16666666666666663,15,3,0.7713443835542229,0.10376986861228943,0.05,15,,,,,1.3548085310080134,500,4
963,462,1.0,1.0,1.0,0.75,3,15,10.467743153474892,0.2873937797871756,0.8666666666666667,0.1333333333333333,13,2,1.1792728868794913,0.25788381695747375,0.05,13,,,,,1.3548085310080134,500,4
964,463,1.0,1.0972222222222223,1.0972222222222223,0.7678571428571429,3,16,12.789377100594523,0.16180044252598402,0.875,0.125,14,2,1.338199557474016,0.039078496396541595,0.05,14,,,,,1.3548085310080134,500,4
965,464,1.0,1.03125,1.03125,0.7794117647058824,3,18,15.796027486826434,0.16861184099642895,0.9444444444444444,0.05555555555555558,17,1,1.6091659367813487,0.09169001877307892,0.05,17,,,,,1.3548085310080134,500,4
966,465,1.0,1.0375,1.0375,0.859375,3,18,10.471808128848805,0.5077954572447215,0.8333333333333334,0.16666666666666663,15,3,0.8255378760886118,0.08292192220687866,0.05,15,,,,,1.3548085310080134,500,4
967,466,1.0,1.0,0.975,1.0,3,20,14.707895749101969,0.3230038807150131,0.9,0.09999999999999998,18,2,1.276996119284987,0.2013433277606964,0.05,18,,,,,1.3548085310080134,500,4
968,467,1.0,1.0125,1.0125,0.796875,3,20,13.605793792175772,0.38118989725592967,0.9,0.09999999999999998,18,2,1.2188101027440703,0.10158053040504456,0.05,18,,,,,1.3548085310080134,500,4
969,468,1.0,1.0,0.9583333333333334,1.0,3,21,17.051550311959687,0.36989301042710054,0.9047619047619048,0.09523809523809523,19,2,1.2491546086205185,0.07815065234899521,0.05,19,,,,,1.3548085310080134,500,4
970,469,1.0,1.0416666666666667,1.0416666666666667,0.7708333333333334,3,15,10.066322122387742,0.3454158019723317,0.8666666666666667,0.1333333333333333,13,2,1.121250864694335,0.2048359215259552,0.05,13,,,,,1.3548085310080134,500,4
971,470,1.0,1.0555555555555556,1.0555555555555556,0.8392857142857143,3,18,13.669497258074689,0.2792709994773781,0.8888888888888888,0.11111111111111116,16,2,1.2762845560781773,0.09720499068498611,0.05,16,,,,,1.3548085310080134,500,4
972,471,1.0,1.03125,0.9895833333333334,1.03125,3,22,14.118215514726757,0.4669580325595337,0.8636363636363636,0.13636363636363635,19,3,0.9875874219859209,0.0920744389295578,0.05,19,,,,,1.3548085310080134,500,4
973,472,1.0,1.0694444444444444,1.0694444444444444,0.7833333333333333,3,14,8.52631234517162,0.4149245211542,0.8571428571428571,0.1428571428571429,12,2,1.0136469074172283,0.1704004555940628,0.05,12,,,,,1.3548085310080134,500,4
974,473,1.0,1.0384615384615385,0.828125,1.0384615384615385,3,13,6.763906730976283,0.4528587154627627,0.7692307692307693,0.23076923076923073,10,3,0.6240643614603145,0.05634690821170807,0.05,10,,,,,1.3548085310080134,500,4
975,474,1.0,1.0,1.0,0.9333333333333333,3,14,8.102984780697371,0.5411788392166621,0.7857142857142857,0.2142857142857143,11,3,0.6016783036404807,0.05465508997440338,0.05,11,,,,,1.3548085310080134,500,4
976,475,1.0,1.025,1.025,0.9,3,18,9.279116011568442,0.5024697704875759,0.7777777777777778,0.2222222222222222,14,4,0.6086413406235354,0.07412230968475342,0.05,14,,,,,1.3548085310080134,500,4
977,476,1.0,1.0178571428571428,0.9375,1.0178571428571428,3,17,7.895861905945557,0.49521457902127686,0.7647058823529411,0.23529411764705888,13,4,0.5636089503904875,0.08895794302225113,0.05,13,,,,,1.3548085310080134,500,4
978,477,1.0,1.0,1.0,0.6617647058823529,3,14,8.369136282648515,0.4429961728423415,0.8571428571428571,0.1428571428571429,12,2,0.9855752557290869,0.04773543030023575,0.05,12,,,,,1.3548085310080134,500,4
979,478,1.0,1.0,1.0,0.765625,3,20,13.699221444525417,0.4714045207910317,0.9,0.09999999999999998,18,2,1.1285954792089685,0.10208567976951599,0.05,18,,,,,1.3548085310080134,500,4
980,479,1.0,1.0416666666666667,1.0416666666666667,1.0,3,17,9.711175068547885,0.40563063916683784,0.8235294117647058,0.17647058823529416,14,3,0.8884870078919855,0.05762360990047455,0.05,14,,,,,1.3548085310080134,500,4
981,480,1.0,1.0625,1.0625,1.05,3,23,14.447999348217628,0.24454109516034767,0.8260869565217391,0.17391304347826086,19,4,1.0598067309266088,0.04557456076145172,0.05,19,,,,,1.3548085310080134,500,4
982,481,1.0,1.0125,1.0125,0.95,3,19,13.707544316299932,0.28199625684568663,0.8947368421052632,0.10526315789473684,17,2,1.296951111575366,0.05465321987867355,0.05,17,,,,,1.3548085310080134,500,4
983,482,1.0,1.0,0.8875,1.0,3,16,9.13849990471114,0.4305648357384038,0.8125,0.1875,13,3,0.8194351642615962,0.0940239280462265,0.05,13,,,,,1.3548085310080134,500,4
984,483,1.0,1.0113636363636365,1.0113636363636365,0.8958333333333334,3,17,14.381243105388286,0.2752613958339055,0.9411764705882353,0.05882352941176472,16,1,1.4894444865190355,0.07164939492940903,0.05,16,,,,,1.3548085310080134,500,4
985,484,1.0,1.0113636363636365,1.0113636363636365,0.9666666666666667,3,19,12.633654626007573,0.34787772846114756,0.8421052631578947,0.1578947368421053,16,3,1.0205433241704311,0.14974574744701385,0.05,16,,,,,1.3548085310080134,500,4
986,485,1.0,1.0,0.7777777777777778,1.0,3,16,12.712765492813856,0.3079295201149881,0.875,0.125,14,2,1.192070479885012,0.16320161521434784,0.05,14,,,,,1.3548085310080134,500,4
987,486,1.0,1.0227272727272727,1.0227272727272727,0.9444444444444444,3,24,17.393037915474956,0.4268660275554437,0.875,0.125,21,3,1.0731339724445563,0.13322921097278595,0.05,21,,,,,1.3548085310080134,500,4
988,487,1.0,1.0277777777777777,1.0277777777777777,0.8833333333333333,3,21,11.27165640334047,0.6440530112551119,0.8095238095238095,0.19047619047619047,17,4,0.5940422268401262,0.16741009056568146,0.05,17,,,,,1.3548085310080134,500,4
989,488,1.0,1.109375,1.109375,0.953125,3,20,14.827005039947345,0.25792866581091156,0.9,0.09999999999999998,18,2,1.3420713341890884,0.11251983791589737,0.05,18,,,,,1.3548085310080134,500,4
990,489,1.0,1.03125,1.03125,0.8,3,17,10.29800781880202,0.4502358833801169,0.8235294117647058,0.17647058823529416,14,3,0.8438817636787066,0.11738227307796478,0.05,14,,,,,1.3548085310080134,500,4
991,490,1.0,1.0138888888888888,1.0138888888888888,0.890625,3,19,10.433563814362268,0.5725002963112472,0.7894736842105263,0.21052631578947367,15,4,0.585394440530858,0.1178419217467308,0.05,15,,,,,1.3548085310080134,500,4
992,491,1.0,1.078125,1.078125,0.75,3,17,9.388732912268754,0.7136066611563683,0.8235294117647058,0.17647058823529416,14,3,0.5805109859024551,0.04970255121588707,0.05,14,,,,,1.3548085310080134,500,4
993,492,1.0,1.0178571428571428,1.0178571428571428,0.796875,3,18,12.787131024479558,0.49812397421310695,0.8888888888888888,0.11111111111111116,16,2,1.0574315813424484,0.05492383614182472,0.05,16,,,,,1.3548085310080134,500,4
994,493,1.0,1.0340909090909092,1.0340909090909092,0.7333333333333333,3,19,12.429895160358406,0.3016942921266773,0.8947368421052632,0.10526315789473684,17,2,1.2772530762943755,0.12638524174690247,0.05,17,,,,,1.3548085310080134,500,4
995,494,1.0,1.0,1.0,0.625,3,14,11.912750577064845,0.16077551253875313,1.0,0.0,14,0,1.839224487461247,0.09609144926071167,0.05,14,,,,,1.3548085310080134,500,4
996,495,1.0,1.0227272727272727,1.0227272727272727,0.9833333333333333,3,19,15.358370261312277,0.14846912566426984,0.8947368421052632,0.10526315789473684,17,2,1.4304782427567828,0.169467031955719,0.05,17,,,,,1.3548085310080134,500,4
997,496,1.0,1.0,0.765625,1.0,3,16,12.997891203128907,0.4062681397191985,0.9375,0.0625,15,1,1.3437318602808015,0.09436003863811493,0.05,15,,,,,1.3548085310080134,500,4
998,497,1.0,1.03125,1.03125,0.9558823529411765,3,21,17.805460064873255,0.2260083788969075,0.9047619047619048,0.09523809523809523,19,2,1.3930392401507115,0.09179692715406418,0.05,19,,,,,1.3548085310080134,500,4
999,498,1.0,1.0166666666666666,0.8875,1.0166666666666666,3,17,10.055720633215063,0.4405192625484395,0.8235294117647058,0.17647058823529416,14,3,0.8535983845103838,0.05936034768819809,0.05,14,,,,,1.3548085310080134,500,4
1000,499,1.0,1.015625,1.015625,0.875,3,16,10.712344340940597,0.42235118648755904,0.875,0.125,14,2,1.077648813512441,0.05537014454603195,0.05,14,1.1887408399310988,0.3293087380764817,0.879512394501895,0.12048760549810489,1.3548085310080134,500,5
1001,0,1.0,1.0535714285714286,1.0,1.0535714285714286,3,18,13.686870932968521,0.1416394309331329,0.8888888888888888,0.11111111111111116,16,2,1.4139161246224226,0.07431761920452118,0.05,16,,,,,1.3548085310080134,500,5
1002,1,1.0,1.0,1.0,0.5294117647058824,3,14,12.129911886688028,0.3757433043568463,0.9285714285714286,0.0714285714285714,13,1,1.338542409928868,0.07876620441675186,0.05,13,,,,,1.3548085310080134,500,5
1003,2,1.0,1.0375,1.0375,0.9558823529411765,3,21,15.421753237871384,0.22452365072300481,0.8571428571428571,0.1428571428571429,18,3,1.2040477778484235,0.06679082661867142,0.05,18,,,,,1.3548085310080134,500,5
1004,3,1.0,1.0,0.6354166666666666,1.0,3,18,15.40816389634816,0.34418092826140134,0.9444444444444444,0.05555555555555558,17,1,1.4335968495163764,0.119444340467453,0.05,17,,,,,1.3548085310080134,500,5
1005,4,1.0,1.0972222222222223,1.0972222222222223,0.9464285714285714,3,19,9.922196356212956,0.4895416095005327,0.7368421052631579,0.26315789473684215,14,5,0.4578268115520987,0.09232146292924881,0.05,14,,,,,1.3548085310080134,500,5
1006,5,1.0,1.046875,1.046875,0.75,3,17,14.868766820312905,0.33774048776838295,0.9411764705882353,0.05882352941176472,16,1,1.4269653945845582,0.09583283215761185,0.05,16,,,,,1.3548085310080134,500,5
1007,6,1.0,1.109375,1.109375,0.8928571428571429,3,16,8.1225553961684,0.4368682306870299,0.75,0.25,12,4,0.56313176931297,0.04006696492433548,0.05,12,,,,,1.3548085310080134,500,5
1008,7,1.0,1.0208333333333333,1.0208333333333333,0.484375,3,10,9.250483920647904,0.15859709353226314,0.9,0.09999999999999998,9,1,1.441402906467737,0.14148935675621033,0.05,9,,,,,1.3548085310080134,500,5
1009,8,1.0,1.0375,1.0375,0.8833333333333333,3,19,17.151588328282187,0.28787271977714896,0.9473684210526315,0.052631578947368474,18,1,1.5016009644333772,0.07162132859230042,0.05,18,,,,,1.3548085310080134,500,5
1010,9,1.0,1.015625,0.9375,1.015625,3,23,14.475032586569636,0.3946091502300179,0.8695652173913043,0.13043478260869568,20,3,1.0836517193351993,0.052270255982875824,0.05,20,,,,,1.3548085310080134,500,5
1011,10,1.0,1.0357142857142858,0.6875,1.0357142857142858,3,18,12.835764591189012,0.41037494685964593,0.8888888888888888,0.11111111111111116,16,2,1.1451806086959095,0.04442128539085388,0.05,16,,,,,1.3548085310080134,500,5
1012,11,1.0,1.0,1.0,0.6617647058823529,3,13,9.660381499187265,0.46148319815298233,0.9230769230769231,0.07692307692307687,12,1,1.2308244941547102,0.0400935634970665,0.05,12,,,,,1.3548085310080134,500,5
1013,12,1.0,1.03125,1.03125,0.65,3,14,9.05700135539858,0.3119873659831389,0.9285714285714286,0.0714285714285714,13,1,1.4022983483025755,0.07641250640153885,0.05,13,,,,,1.3548085310080134,500,5
1014,13,1.0,1.0454545454545454,1.0454545454545454,1.0,3,19,10.2355971864534,0.5032076128406348,0.7894736842105263,0.21052631578947367,15,4,0.6546871240014704,0.05118263140320778,0.05,15,,,,,1.3548085310080134,500,5
1015,14,1.0,1.0535714285714286,1.0138888888888888,1.0535714285714286,3,17,9.367132608394861,0.3034666602592267,0.8235294117647058,0.17647058823529416,14,3,0.9906509867995967,0.15089574456214905,0.05,14,,,,,1.3548085310080134,500,5
1016,15,1.0,1.0138888888888888,1.0138888888888888,0.8653846153846154,3,15,12.077133097561934,0.20914885265458188,0.9333333333333333,0.06666666666666665,14,1,1.5241844806787515,0.08017635345458984,0.05,14,,,,,1.3548085310080134,500,5
1017,16,1.0,1.0166666666666666,0.7222222222222222,1.0166666666666666,3,19,17.729522478539867,0.04836245929577816,0.9473684210526315,0.052631578947368474,18,1,1.741111224914748,0.04925384745001793,0.05,18,,,,,1.3548085310080134,500,5
1018,17,1.0,1.0625,1.0625,0.78125,3,16,12.321478421370646,0.22782308349079214,0.9375,0.0625,15,1,1.5221769165092078,0.13728377223014832,0.05,15,,,,,1.3548085310080134,500,5
1019,18,1.0,1.0357142857142858,0.9375,1.0357142857142858,3,16,10.640983907074036,0.3849803586460092,0.875,0.125,14,2,1.1150196413539908,0.09558799117803574,0.05,14,,,,,1.3548085310080134,500,5
1020,19,1.0,1.0,0.95,1.0,3,22,17.6132289400326,0.20271829842173103,0.8636363636363636,0.13636363636363635,19,3,1.2518271561237235,0.057705871760845184,0.05,19,,,,,1.3548085310080134,500,5
1021,20,1.0,1.1071428571428572,1.1071428571428572,0.7142857142857143,3,12,9.79724556170444,0.18629831004025654,0.8333333333333334,0.16666666666666663,10,2,1.1470350232930768,0.2591692805290222,0.05,10,,,,,1.3548085310080134,500,5
1022,21,1.0,1.025,1.025,0.828125,3,21,13.454030594929655,0.4254892456526806,0.9047619047619048,0.09523809523809523,19,2,1.1935583733949384,0.06597456336021423,0.05,19,,,,,1.3548085310080134,500,5
1023,22,1.0,1.0454545454545454,1.0454545454545454,0.984375,3,20,13.536255070998408,0.36884833739032963,0.85,0.15000000000000002,17,3,1.0311516626096704,0.06528085470199585,0.05,17,,,,,1.3548085310080134,500,5
1024,23,1.0,1.0,0.85,1.0,3,16,12.040591069016049,0.3085162235415011,0.875,0.125,14,2,1.191483776458499,0.07137933373451233,0.05,14,,,,,1.3548085310080134,500,5
1025,24,1.0,1.0416666666666667,1.0416666666666667,0.6666666666666666,3,11,9.178009521457858,0.36625049910614726,0.9090909090909091,0.09090909090909094,10,1,1.270113137257489,0.11919019371271133,0.05,10,,,,,1.3548085310080134,500,5
1026,25,1.0,1.0625,1.0625,0.9375,3,18,11.980352386225732,0.3466470588597458,0.8333333333333334,0.16666666666666663,15,3,0.9866862744735878,0.0847531259059906,0.05,15,,,,,1.3548085310080134,500,5
1027,26,1.0,1.0,1.0,0.95,3,18,15.204866716420744,0.15712256362470667,0.9444444444444444,0.05555555555555558,17,1,1.620655214153071,0.10994284600019455,0.05,17,,,,,1.3548085310080134,500,5
1028,27,1.0,1.0178571428571428,1.0178571428571428,0.671875,3,13,9.890113764406035,0.34240070921626536,0.9230769230769231,0.07692307692307687,12,1,1.3499069830914272,0.09018026292324066,0.05,12,,,,,1.3548085310080134,500,5
1029,28,1.0,1.0333333333333334,0.6625,1.0333333333333334,3,18,13.911558955546704,0.11556773506379996,0.8888888888888888,0.11111111111111116,16,2,1.4399878204917553,0.09092392027378082,0.05,16,,,,,1.3548085310080134,500,5
1030,29,1.0,1.0138888888888888,1.0138888888888888,0.85,3,18,13.80827694167848,0.2042752923427804,0.9444444444444444,0.05555555555555558,17,1,1.5735024854349973,0.10196661949157715,0.05,17,,,,,1.3548085310080134,500,5
1031,30,1.0,1.0535714285714286,1.0535714285714286,0.6166666666666667,3,12,8.214569228781155,0.3516089781015867,0.9166666666666666,0.08333333333333337,11,1,1.3150576885650798,0.05983539670705795,0.05,11,,,,,1.3548085310080134,500,5
1032,31,1.0,1.1071428571428572,1.1071428571428572,0.7321428571428571,3,17,11.314768581811736,0.4521047196598946,0.8235294117647058,0.17647058823529416,14,3,0.8420129273989287,0.05559937655925751,0.05,14,,,,,1.3548085310080134,500,5
1033,32,1.0,1.0625,1.0625,0.6607142857142857,3,13,7.748173606729216,0.3727284048282578,0.9230769230769231,0.07692307692307687,12,1,1.3195792874794348,0.05620766431093216,0.05,12,,,,,1.3548085310080134,500,5
1034,33,1.0,1.0535714285714286,1.0535714285714286,0.5333333333333333,3,9,8.707500733960247,0.08029710745545654,0.8888888888888888,0.11111111111111116,8,1,1.4752584481000988,0.06191151589155197,0.05,8,,,,,1.3548085310080134,500,5
1035,34,1.0,1.0416666666666667,1.0416666666666667,0.734375,3,17,15.800962181081667,0.1255622770603909,0.9411764705882353,0.05882352941176472,16,1,1.6391436052925503,0.08657938241958618,0.05,16,,,,,1.3548085310080134,500,5
1036,35,1.0,1.0,1.0,0.5,3,10,7.302334629469868,0.39856275290478205,0.9,0.09999999999999998,9,1,1.2014372470952182,0.04304056614637375,0.05,9,,,,,1.3548085310080134,500,5
1037,36,1.0,1.0,0.8611111111111112,1.0,3,17,14.434839621309825,0.1658994679965818,0.9411764705882353,0.05882352941176472,16,1,1.5988064143563594,0.09650620818138123,0.05,16,,,,,1.3548085310080134,500,5
1038,37,1.0,1.0625,1.0625,0.796875,3,19,14.814774358464032,0.26298118322796166,0.8947368421052632,0.10526315789473684,17,2,1.315966185193091,0.06682531535625458,0.05,17,,,,,1.3548085310080134,500,5
1039,38,1.0,1.0416666666666667,1.0416666666666667,0.984375,3,21,12.391400170255718,0.5552019171861216,0.8095238095238095,0.19047619047619047,17,4,0.6828933209091166,0.058917537331581116,0.05,17,,,,,1.3548085310080134,500,5
1040,39,1.0,1.03125,1.03125,0.8382352941176471,3,19,14.911383650252391,0.28256686740854947,0.8947368421052632,0.10526315789473684,17,2,1.2963805010125031,0.08810092508792877,0.05,17,,,,,1.3548085310080134,500,5
1041,40,1.0,1.0,0.875,1.0,3,17,11.324381515640539,0.45143481638807625,0.8823529411764706,0.11764705882352944,15,2,1.077976948317806,0.028445743024349213,0.05,15,,,,,1.3548085310080134,500,5
1042,41,1.0,1.03125,1.0,1.03125,3,21,12.747556001904487,0.4378207667291277,0.8095238095238095,0.19047619047619047,17,4,0.8002744713661105,0.09968337416648865,0.05,17,,,,,1.3548085310080134,500,5
1043,42,1.0,1.0,1.0,0.875,3,16,9.585007520036278,0.44798622628220175,0.875,0.125,14,2,1.0520137737177984,0.1530432403087616,0.05,14,,,,,1.3548085310080134,500,5
1044,43,1.0,1.0,1.0,0.7666666666666667,3,16,13.85276528103568,0.18960917215271916,0.9375,0.0625,15,1,1.560390827847281,0.06564708799123764,0.05,15,,,,,1.3548085310080134,500,5
1045,44,1.0,1.078125,1.078125,0.8392857142857143,3,14,10.261848791183418,0.2514636022475493,0.8571428571428571,0.1428571428571429,12,2,1.177107826323879,0.08419569581747055,0.05,12,,,,,1.3548085310080134,500,5
1046,45,1.0,1.0,1.0,0.703125,3,17,11.19055998784284,0.4504502858462172,0.9411764705882353,0.05882352941176472,16,1,1.314255596506724,0.10501912236213684,0.05,16,,,,,1.3548085310080134,500,5
1047,46,1.0,1.0,1.0,0.9333333333333333,3,17,9.396476414193629,0.431511157130445,0.8235294117647058,0.17647058823529416,14,3,0.8626064899283783,0.09854812175035477,0.05,14,,,,,1.3548085310080134,500,5
1048,47,1.0,1.0714285714285714,0.8295454545454546,1.0714285714285714,3,20,16.19165002975275,0.34396843403134547,0.9,0.09999999999999998,18,2,1.2560315659686545,0.10726135969161987,0.05,18,,,,,1.3548085310080134,500,5
1049,48,1.0,1.0,0.8977272727272727,1.0,3,20,18.717605488754977,0.062652110857302,0.95,0.050000000000000044,19,1,1.7373478891426979,0.09070688486099243,0.05,19,,,,,1.3548085310080134,500,5
1050,49,1.0,1.0625,0.9886363636363636,1.0625,3,21,13.517895459878291,0.41222306346559084,0.8095238095238095,0.19047619047619047,17,4,0.8258721746296473,0.12424996495246887,0.05,17,,,,,1.3548085310080134,500,5
1051,50,1.0,1.0125,1.0125,0.6323529411764706,3,16,12.240524228873884,0.2612177785495073,0.9375,0.0625,15,1,1.4887822214504927,0.058495551347732544,0.05,15,,,,,1.3548085310080134,500,5
1052,51,1.0,1.0454545454545454,1.0454545454545454,1.0357142857142858,3,20,16.308987596897534,0.32489142309318325,0.9,0.09999999999999998,18,2,1.275108576906817,0.06590066850185394,0.05,18,,,,,1.3548085310080134,500,5
1053,52,1.0,1.0277777777777777,1.0277777777777777,0.6470588235294118,3,14,9.468577193145197,0.3217450355992095,0.8571428571428571,0.1428571428571429,12,2,1.1068263929722189,0.06634736806154251,0.05,12,,,,,1.3548085310080134,500,5
1054,53,1.0,1.015625,1.015625,0.6833333333333333,3,13,9.965049189950651,0.3190181594873173,0.9230769230769231,0.07692307692307687,12,1,1.3732895328203751,0.1683371216058731,0.05,12,,,,,1.3548085310080134,500,5
1055,54,1.0,1.0,1.0,0.7941176470588235,3,19,13.549475249714572,0.35082456645207516,0.8947368421052632,0.10526315789473684,17,2,1.2281228019689776,0.14231011271476746,0.05,17,,,,,1.3548085310080134,500,5
1056,55,1.0,1.0,1.0,0.7916666666666666,3,15,9.471363710486514,0.45735727629111933,0.8666666666666667,0.1333333333333333,13,2,1.0093093903755475,0.07248872518539429,0.05,13,,,,,1.3548085310080134,500,5
1057,56,1.0,1.05,0.7727272727272727,1.05,3,20,15.272670357157413,0.3759320221066812,0.85,0.15000000000000002,17,3,1.0240679778933186,0.06252360343933105,0.05,17,,,,,1.3548085310080134,500,5
1058,57,1.0,1.046875,1.046875,0.7,3,14,12.29065704433816,0.2495605962664993,0.9285714285714286,0.0714285714285714,13,1,1.4647251180192151,0.06572268903255463,0.05,13,,,,,1.3548085310080134,500,5
1059,58,1.0,1.0535714285714286,1.0535714285714286,0.6617647058823529,3,15,12.808873970536721,0.3077731252327037,0.9333333333333333,0.06666666666666665,14,1,1.4255602081006296,0.04767809808254242,0.05,14,,,,,1.3548085310080134,500,5
1060,59,1.0,1.0,1.0,0.71875,3,14,11.401536327842152,0.3428215533324004,0.9285714285714286,0.0714285714285714,13,1,1.371464160953314,0.08636054396629333,0.05,13,,,,,1.3548085310080134,500,5
1061,60,1.0,1.0113636363636365,1.0113636363636365,0.9821428571428571,3,18,12.361592579285027,0.3329797734707394,0.8888888888888888,0.11111111111111116,16,2,1.222575782084816,0.15599530935287476,0.05,16,,,,,1.3548085310080134,500,5
1062,61,1.0,1.0,0.8068181818181818,1.0,3,17,15.231449972655163,0.20226147314080276,0.9411764705882353,0.05882352941176472,16,1,1.5624444092121383,0.025480106472969055,0.05,16,,,,,1.3548085310080134,500,5
1063,62,1.0,1.0416666666666667,0.8625,1.0416666666666667,3,17,15.31324232701266,0.26274857466389534,0.9411764705882353,0.05882352941176472,16,1,1.5019573076890458,0.10012742877006531,0.05,16,,,,,1.3548085310080134,500,5
1064,63,1.0,1.0166666666666666,0.775,1.0166666666666666,3,16,14.397948558941152,0.2734701665586352,0.9375,0.0625,15,1,1.4765298334413648,0.0572708323597908,0.05,15,,,,,1.3548085310080134,500,5
1065,64,1.0,1.046875,1.046875,0.9333333333333333,3,17,9.928281202773752,0.5984760812232313,0.8235294117647058,0.17647058823529416,14,3,0.6956415658355921,0.04609745740890503,0.05,14,,,,,1.3548085310080134,500,5
1066,65,1.0,1.0,0.925,1.0,3,17,12.676864586411465,0.23043475446053663,0.8823529411764706,0.11764705882352944,15,2,1.2989770102453457,0.04400034248828888,0.05,15,,,,,1.3548085310080134,500,5
1067,66,1.0,1.0,1.0,0.96875,3,22,18.76572561742694,0.1628013893231271,0.9090909090909091,0.09090909090909094,20,2,1.4735622470405092,0.052767276763916016,0.05,20,,,,,1.3548085310080134,500,5
1068,67,1.0,1.0833333333333333,1.0833333333333333,0.8035714285714286,3,17,14.078307362764527,0.27157886292360095,0.8823529411764706,0.11764705882352944,15,2,1.2578329017822814,0.060489851981401443,0.05,15,,,,,1.3548085310080134,500,5
1069,68,1.0,1.03125,1.03125,0.7307692307692307,3,13,7.326271380634486,0.35961920764335753,0.8461538461538461,0.15384615384615385,11,2,1.024996176972027,0.053780145943164825,0.05,11,,,,,1.3548085310080134,500,5
1070,69,1.0,1.0138888888888888,1.0138888888888888,0.7833333333333333,3,17,14.282566112485313,0.25530121206226825,0.9411764705882353,0.05882352941176472,16,1,1.509404670290673,0.08810164779424667,0.05,16,,,,,1.3548085310080134,500,5
1071,70,1.0,1.046875,1.046875,0.9038461538461539,3,15,6.720070707111634,0.5618676767477809,0.7333333333333333,0.2666666666666667,11,4,0.3714656565855522,0.08537682890892029,0.05,11,,,,,1.3548085310080134,500,5
1072,71,1.0,1.0125,1.0125,0.90625,3,18,14.087920997096685,0.2273495940088922,0.8888888888888888,0.11111111111111116,16,2,1.3282059615466633,0.046239111572504044,0.05,16,,,,,1.3548085310080134,500,5
1073,72,1.0,1.0625,1.0625,1.03125,3,19,9.479641855475906,0.5331347842254114,0.7894736842105263,0.21052631578947367,15,4,0.624759952616694,0.0727429911494255,0.05,15,,,,,1.3548085310080134,500,5
1074,73,1.0,1.0416666666666667,1.0416666666666667,0.5166666666666667,3,9,7.608979894064862,0.30915094838947466,0.8888888888888888,0.11111111111111116,8,1,1.2464046071660806,0.12084624171257019,0.05,8,,,,,1.3548085310080134,500,5
1075,74,1.0,1.0178571428571428,1.0178571428571428,0.796875,3,16,12.795475196274596,0.2923877949250293,0.9375,0.0625,15,1,1.4576122050749707,0.08445952832698822,0.05,15,,,,,1.3548085310080134,500,5
1076,75,1.0,1.0972222222222223,1.0972222222222223,0.890625,3,17,8.821680265697061,0.42877576200986556,0.7647058823529411,0.23529411764705888,13,4,0.6300477674018989,0.11405240744352341,0.05,13,,,,,1.3548085310080134,500,5
1077,76,1.0,1.0416666666666667,1.0416666666666667,0.8269230769230769,3,15,11.794253898247511,0.25221336077206796,0.8666666666666667,0.1333333333333333,13,2,1.2144533058945988,0.07184624671936035,0.05,13,,,,,1.3548085310080134,500,5
1078,77,1.0,1.025,1.025,0.7647058823529411,3,17,13.86083840911102,0.2757372658932484,0.8823529411764706,0.11764705882352944,15,2,1.2536744988126338,0.0975145697593689,0.05,15,,,,,1.3548085310080134,500,5
1079,78,1.0,1.0555555555555556,1.0555555555555556,0.75,3,14,10.965705380870686,0.1972752352379007,0.8571428571428571,0.1428571428571429,12,2,1.2312961933335276,0.09133957326412201,0.05,12,,,,,1.3548085310080134,500,5
1080,79,1.0,1.0,1.0,0.609375,3,14,8.993437856205787,0.5108769028706456,0.8571428571428571,0.1428571428571429,12,2,0.9176945257007827,0.06062409281730652,0.05,12,,,,,1.3548085310080134,500,5
1081,80,1.0,1.0892857142857142,1.0892857142857142,0.8,3,18,12.036027704744305,0.48428425357136756,0.8333333333333334,0.16666666666666663,15,3,0.8490490797619659,0.14229455590248108,0.05,15,,,,,1.3548085310080134,500,5
1082,81,1.0,1.0892857142857142,1.0892857142857142,0.9464285714285714,3,18,10.238507259502128,0.5126310881302933,0.7777777777777778,0.2222222222222222,14,4,0.5984800229808178,0.11126397550106049,0.05,14,,,,,1.3548085310080134,500,5
1083,82,1.0,1.109375,1.109375,0.8928571428571429,3,16,13.252854338901443,0.1084170687971645,0.9375,0.0625,15,1,1.6415829312028354,0.1065935418009758,0.05,15,,,,,1.3548085310080134,500,5
1084,83,1.0,1.0166666666666666,0.9722222222222222,1.0166666666666666,3,18,14.963553098153524,0.2712211554767108,0.8888888888888888,0.11111111111111116,16,2,1.2843344000788446,0.09809765219688416,0.05,16,,,,,1.3548085310080134,500,5
1085,84,1.0,1.015625,1.015625,0.6875,3,17,14.318043081139571,0.24151925226792778,0.9411764705882353,0.05882352941176472,16,1,1.5231866300850134,0.1793421506881714,0.05,16,,,,,1.3548085310080134,500,5
1086,85,1.0,1.0555555555555556,1.0555555555555556,0.734375,3,20,14.458836176990829,0.3701634123955343,0.85,0.15000000000000002,17,3,1.0298365876044657,0.07387113571166992,0.05,17,,,,,1.3548085310080134,500,5
1087,86,1.0,1.0,0.825,1.0,3,19,15.504361457438915,0.25071020438689995,0.8947368421052632,0.10526315789473684,17,2,1.3282371640341528,0.08425765484571457,0.05,17,,,,,1.3548085310080134,500,5
1088,87,1.0,1.03125,0.7386363636363636,1.03125,3,20,18.687558460118794,0.2674622144781746,0.95,0.050000000000000044,19,1,1.5325377855218252,0.1624126136302948,0.05,19,,,,,1.3548085310080134,500,5
1089,88,1.0,1.0,0.8611111111111112,1.0,3,19,14.421996413738913,0.4597769366447295,0.8947368421052632,0.10526315789473684,17,2,1.1191704317763231,0.13682812452316284,0.05,17,,,,,1.3548085310080134,500,5
1090,89,1.0,1.0357142857142858,1.0357142857142858,0.7166666666666667,3,14,12.47518705801243,0.197620604932832,0.9285714285714286,0.0714285714285714,13,1,1.5166651093528825,0.0830175131559372,0.05,13,,,,,1.3548085310080134,500,5
1091,90,1.0,1.0178571428571428,1.0178571428571428,0.9107142857142857,3,14,9.899751043698991,0.3614050498481459,0.8571428571428571,0.1428571428571429,12,2,1.0671663787232826,0.014168545603752136,0.05,12,,,,,1.3548085310080134,500,5
1092,91,1.0,1.0833333333333333,1.0833333333333333,0.48333333333333334,3,10,8.577628547003147,0.2158269849635684,0.9,0.09999999999999998,9,1,1.3841730150364318,0.04896339029073715,0.05,9,,,,,1.3548085310080134,500,5
1093,92,1.0,1.0,1.0,0.7142857142857143,3,16,11.912812091405645,0.4788024412000876,0.9375,0.0625,15,1,1.2711975587999125,0.04839523509144783,0.05,15,,,,,1.3548085310080134,500,5
1094,93,1.0,1.05,0.90625,1.05,3,23,20.037427328300687,0.3288255050637353,0.9130434782608695,0.08695652173913049,21,2,1.3233484079797428,0.08106151223182678,0.05,21,,,,,1.3548085310080134,500,5
1095,94,1.0,1.0972222222222223,1.0972222222222223,1.0333333333333334,3,21,14.099893900637683,0.3515892050899778,0.8571428571428571,0.1428571428571429,18,3,1.0769822234814506,0.07564077526330948,0.05,18,,,,,1.3548085310080134,500,5
1096,95,1.0,1.0138888888888888,1.0138888888888888,0.7692307692307693,3,16,13.384497020200737,0.2783192641363617,0.9375,0.0625,15,1,1.4716807358636383,0.06966185569763184,0.05,15,,,,,1.3548085310080134,500,5
1097,96,1.0,1.0138888888888888,1.0138888888888888,0.75,3,14,12.135896756044136,0.28505429249161973,0.9285714285714286,0.0714285714285714,13,1,1.4292314217940947,0.09876519441604614,0.05,13,,,,,1.3548085310080134,500,5
1098,97,1.0,1.125,1.125,0.7692307692307693,3,12,7.636743779991988,0.3558400622333416,0.8333333333333334,0.16666666666666663,10,2,0.977493271099992,0.04245615750551224,0.05,10,,,,,1.3548085310080134,500,5
1099,98,1.0,1.03125,1.03125,0.6,3,12,9.494015961589275,0.2906994544878029,0.9166666666666666,0.08333333333333337,11,1,1.3759672121788638,0.16701094806194305,0.05,11,,,,,1.3548085310080134,500,5
1100,99,1.0,1.0416666666666667,1.0416666666666667,0.9166666666666666,3,18,11.434923577246453,0.264426610104893,0.8888888888888888,0.11111111111111116,16,2,1.2911289454506623,0.06547810882329941,0.05,16,1.2169922398320692,0.31980280552280926,0.8841987613387197,0.1158012386612804,1.3548085310080134,500,6
1101,100,1.0,1.0,1.0,0.6730769230769231,3,11,10.394902734576723,0.1614926024568047,0.9090909090909091,0.09090909090909094,10,1,1.4748710339068316,0.06051947548985481,0.05,10,,,,,1.3548085310080134,500,6
1102,101,1.0,1.015625,1.015625,0.78125,3,16,13.269701949694287,0.33313067311690236,0.9375,0.0625,15,1,1.4168693268830976,0.13969330489635468,0.05,15,,,,,1.3548085310080134,500,6
1103,102,1.0,1.025,1.025,0.8333333333333334,3,17,11.89138921693002,0.4311964738640401,0.8823529411764706,0.11764705882352944,15,2,1.098215290841842,0.11437917500734329,0.05,15,,,,,1.3548085310080134,500,6
1104,103,1.0,1.0375,1.0375,0.6527777777777778,3,17,12.476442060354973,0.3437876968284853,0.9411764705882353,0.05882352941176472,16,1,1.4209181855244557,0.14581157267093658,0.05,16,,,,,1.3548085310080134,500,6
1105,104,1.0,1.0,1.0,0.5555555555555556,3,15,13.765275178771667,0.2647104399491404,0.9333333333333333,0.06666666666666665,14,1,1.468622893384193,0.07403799146413803,0.05,14,,,,,1.3548085310080134,500,6
1106,105,1.0,1.0,1.0,0.95,3,21,18.093730859948735,0.09107794164796683,0.9523809523809523,0.04761904761904767,20,1,1.7184458678758425,0.03254598006606102,0.05,20,,,,,1.3548085310080134,500,6
1107,106,1.0,1.078125,1.078125,0.671875,3,16,10.750993178034483,0.3375385780420761,0.8125,0.1875,13,3,0.9124614219579239,0.04672947898507118,0.05,13,,,,,1.3548085310080134,500,6
1108,107,1.0,1.0,1.0,0.5588235294117647,3,16,15.113110505749953,0.21396694458036036,0.9375,0.0625,15,1,1.5360330554196397,0.07165402173995972,0.05,15,,,,,1.3548085310080134,500,6
1109,108,1.0,1.078125,1.078125,0.8928571428571429,3,19,15.98150450388954,0.082002811479192,0.8947368421052632,0.10526315789473684,17,2,1.4969445569418607,0.06269600987434387,0.05,17,,,,,1.3548085310080134,500,6
1110,109,1.0,1.0,1.0,0.7333333333333333,3,14,10.43306931287512,0.3963726830315029,0.9285714285714286,0.0714285714285714,13,1,1.3179130312542116,0.08675268292427063,0.05,13,,,,,1.3548085310080134,500,6
1111,110,1.0,1.0535714285714286,1.0535714285714286,0.45588235294117646,3,12,11.003466857517793,0.21941286316170439,0.9166666666666666,0.08333333333333337,11,1,1.4472538035049622,0.10183565318584442,0.05,11,,,,,1.3548085310080134,500,6
1112,111,1.0,1.0833333333333333,1.0833333333333333,0.95,3,17,12.258929383584292,0.20833569131531066,0.8823529411764706,0.11764705882352944,15,2,1.3210760733905715,0.03663984313607216,0.05,15,,,,,1.3548085310080134,500,6
1113,112,1.0,1.0,1.0,0.9107142857142857,3,16,11.6314358373874,0.37373089422746875,0.875,0.125,14,2,1.1262691057725314,0.04597228392958641,0.05,14,,,,,1.3548085310080134,500,6
1114,113,1.0,1.0,1.0,0.7333333333333333,3,14,11.220746694250538,0.3675869821741699,0.9285714285714286,0.0714285714285714,13,1,1.3466987321115444,0.07376325130462646,0.05,13,,,,,1.3548085310080134,500,6
1115,114,1.0,1.0138888888888888,0.9659090909090909,1.0138888888888888,3,22,16.308671920118936,0.3789408897158153,0.8636363636363636,0.13636363636363635,19,3,1.0756045648296393,0.04443586990237236,0.05,19,,,,,1.3548085310080134,500,6
1116,115,1.0,1.0,0.9583333333333334,1.0,3,18,10.755908892065705,0.3065219758620823,0.7777777777777778,0.2222222222222222,14,4,0.8045891352490289,0.05386903136968613,0.05,14,,,,,1.3548085310080134,500,6
1117,116,1.0,1.0,1.0,0.6617647058823529,3,15,9.382039070462936,0.41627779649522917,0.8666666666666667,0.1333333333333333,13,2,1.0503888701714377,0.12996526062488556,0.05,13,,,,,1.3548085310080134,500,6
1118,117,1.0,1.0535714285714286,1.0535714285714286,0.5625,3,13,9.82502210073957,0.37276595713592053,0.8461538461538461,0.15384615384615385,11,2,1.011849427479464,0.07489842176437378,0.05,11,,,,,1.3548085310080134,500,6
1119,118,1.0,1.03125,1.03125,0.6166666666666667,3,19,15.435914789031804,0.2316472024453268,0.8947368421052632,0.10526315789473684,17,2,1.3473001659757258,0.046666860580444336,0.05,17,,,,,1.3548085310080134,500,6
1120,119,1.0,1.03125,1.03125,0.9375,3,18,12.291826052781415,0.3838555324200482,0.8333333333333334,0.16666666666666663,15,3,0.9494778009132852,0.12114256620407104,0.05,15,,,,,1.3548085310080134,500,6
1121,120,1.0,1.0,1.0,0.7666666666666667,3,17,12.513906190216325,0.3841921126155671,0.8823529411764706,0.11764705882352944,15,2,1.145219652090315,0.04224424809217453,0.05,15,,,,,1.3548085310080134,500,6
1122,121,1.0,1.0,1.0,0.5588235294117647,3,14,12.440204939330311,0.2808280411846208,0.9285714285714286,0.0714285714285714,13,1,1.4334576731010937,0.08380138874053955,0.05,13,,,,,1.3548085310080134,500,6
1123,122,1.0,1.0694444444444444,1.0694444444444444,0.7058823529411765,3,16,10.157095931481706,0.32202436971458803,0.8125,0.1875,13,3,0.9279756302854119,0.0820612758398056,0.05,13,,,,,1.3548085310080134,500,6
1124,123,1.0,1.0,0.9027777777777778,1.0,3,14,10.079603155425913,0.1590433812814472,0.8571428571428571,0.1428571428571429,12,2,1.2695280472899813,0.04286321997642517,0.05,12,,,,,1.3548085310080134,500,6
1125,124,1.0,1.0192307692307692,0.8068181818181818,1.0192307692307692,3,19,13.30688290620461,0.5421476563594607,0.8421052631578947,0.1578947368421053,16,3,0.826273396272118,0.030243249610066414,0.05,16,,,,,1.3548085310080134,500,6
1126,125,1.0,1.0,1.0,0.9166666666666666,3,19,15.907760279555669,0.08786019775653091,0.8947368421052632,0.10526315789473684,17,2,1.4910871706645217,0.0903945192694664,0.05,17,,,,,1.3548085310080134,500,6
1127,126,1.0,1.0625,1.0625,0.921875,3,18,11.59572791703679,0.39871076378022485,0.8333333333333334,0.16666666666666663,15,3,0.9346225695531085,0.07845927774906158,0.05,15,,,,,1.3548085310080134,500,6
1128,127,1.0,1.0555555555555556,1.0555555555555556,0.890625,3,15,9.242219444703204,0.40172260217293143,0.8,0.19999999999999996,12,3,0.7982773978270687,0.06771789491176605,0.05,12,,,,,1.3548085310080134,500,6
1129,128,1.0,1.0,0.7916666666666666,1.0,3,17,15.52309221347723,0.2977376597712063,0.9411764705882353,0.05882352941176472,16,1,1.4669682225817349,0.05702254921197891,0.05,16,,,,,1.3548085310080134,500,6
1130,129,1.0,1.0666666666666667,1.0416666666666667,1.0666666666666667,3,19,16.0309957396051,0.03515351381115849,0.8947368421052632,0.10526315789473684,17,2,1.5437938546098942,0.06879716366529465,0.05,17,,,,,1.3548085310080134,500,6
1131,130,1.0,1.0,1.0,0.640625,3,13,9.399449702508374,0.3312558930807761,0.8461538461538461,0.15384615384615385,11,2,1.0533594915346085,0.06199619174003601,0.05,11,,,,,1.3548085310080134,500,6
1132,131,1.0,1.0333333333333334,0.75,1.0333333333333334,3,20,16.167970391802623,0.33906804579731425,0.9,0.09999999999999998,18,2,1.2609319542026858,0.06684793531894684,0.05,18,,,,,1.3548085310080134,500,6
1133,132,1.0,1.015625,1.015625,0.8676470588235294,3,17,13.583193279445585,0.3104624872062143,0.9411764705882353,0.05882352941176472,16,1,1.4542433951467268,0.10513434559106827,0.05,16,,,,,1.3548085310080134,500,6
1134,133,1.0,1.0625,1.0625,0.71875,3,15,12.914113547892848,0.18940040537217195,0.9333333333333333,0.06666666666666665,14,1,1.5439329279611615,0.10060349106788635,0.05,14,,,,,1.3548085310080134,500,6
1135,134,1.0,1.025,1.025,0.8,3,17,13.77849428557467,0.260310056092034,0.9411764705882353,0.05882352941176472,16,1,1.5043958262609072,0.0688643530011177,0.05,16,,,,,1.3548085310080134,500,6
1136,135,1.0,1.0694444444444444,1.0694444444444444,0.7666666666666667,3,17,12.4514557916141,0.4522200597965863,0.8823529411764706,0.11764705882352944,15,2,1.0771917049092958,0.08755843341350555,0.05,15,,,,,1.3548085310080134,500,6
1137,136,1.0,1.109375,1.109375,0.875,3,16,11.629567000959922,0.24192192894913886,0.9375,0.0625,15,1,1.5080780710508612,0.12247024476528168,0.05,15,,,,,1.3548085310080134,500,6
1138,137,1.0,1.0227272727272727,1.0227272727272727,0.875,3,20,16.84594934201539,0.2614274872972089,0.9,0.09999999999999998,18,2,1.3385725127027912,0.1137043684720993,0.05,18,,,,,1.3548085310080134,500,6
1139,138,1.0,1.0340909090909092,1.0340909090909092,1.0166666666666666,3,23,18.011078653378945,0.23815067709206683,0.8695652173913043,0.13043478260869568,20,3,1.2401101924731506,0.07231998443603516,0.05,20,,,,,1.3548085310080134,500,6
1140,139,1.0,1.0192307692307692,0.775,1.0192307692307692,3,18,13.1299202634302,0.37005856922454716,0.8333333333333334,0.16666666666666663,15,3,0.9632747641087864,0.03472192957997322,0.05,15,,,,,1.3548085310080134,500,6
1141,140,1.0,1.0208333333333333,1.0208333333333333,0.953125,3,18,15.09277922001659,0.33031027659745726,0.8888888888888888,0.11111111111111116,16,2,1.225245278958098,0.05741831287741661,0.05,16,,,,,1.3548085310080134,500,6
1142,141,1.0,1.0,1.0,0.8,3,14,10.130092753608185,0.3856211385926205,0.8571428571428571,0.1428571428571429,12,2,1.042950289978808,0.03679177910089493,0.05,12,,,,,1.3548085310080134,500,6
1143,142,1.0,1.0694444444444444,1.0694444444444444,0.6875,3,17,14.469692304376483,0.1417707596340764,0.8823529411764706,0.11764705882352944,15,2,1.3876410050718058,0.04033350944519043,0.05,15,,,,,1.3548085310080134,500,6
1144,143,1.0,1.0,0.8068181818181818,1.0,3,20,17.68077133645678,0.27313729673929066,0.95,0.050000000000000044,19,1,1.5268627032607092,0.06324788182973862,0.05,19,,,,,1.3548085310080134,500,6
1145,144,1.0,1.0340909090909092,1.0340909090909092,0.9833333333333333,3,17,12.182659179114053,0.32423799465986713,0.8235294117647058,0.17647058823529416,14,3,0.9698796523989563,0.11677731573581696,0.05,14,,,,,1.3548085310080134,500,6
1146,145,1.0,1.0375,1.0375,1.0208333333333333,3,17,13.63432045725002,0.10504613764862195,0.8823529411764706,0.11764705882352944,15,2,1.4243656270572602,0.05858965963125229,0.05,15,,,,,1.3548085310080134,500,6
1147,146,1.0,1.0,0.8863636363636364,1.0,3,20,16.96888199736247,0.3051206875094155,0.9,0.09999999999999998,18,2,1.2948793124905846,0.0670916959643364,0.05,18,,,,,1.3548085310080134,500,6
1148,147,1.0,1.05,1.05,0.95,3,18,13.44865053617492,0.2746830794947547,0.8333333333333334,0.16666666666666663,15,3,1.058650253838579,0.12936575710773468,0.05,15,,,,,1.3548085310080134,500,6
1149,148,1.0,1.0,0.75,1.0,3,16,15.276085742545373,0.21425977588112777,0.9375,0.0625,15,1,1.5357402241188722,0.07677628099918365,0.05,15,,,,,1.3548085310080134,500,6
1150,149,1.0,1.0178571428571428,0.9722222222222222,1.0178571428571428,3,19,16.279676743371766,0.02946278254943948,0.9473684210526315,0.052631578947368474,18,1,1.7600109016610865,0.13390547037124634,0.05,18,,,,,1.3548085310080134,500,6
1151,150,1.0,1.05,0.8888888888888888,1.05,3,17,14.040075420997592,0.13666097875104832,0.8823529411764706,0.11764705882352944,15,2,1.392750785954834,0.12028731405735016,0.05,15,,,,,1.3548085310080134,500,6
1152,151,1.0,1.05,0.9722222222222222,1.05,3,19,15.691857172132982,0.2821642814529374,0.8947368421052632,0.10526315789473684,17,2,1.2967830869681152,0.18034815788269043,0.05,17,,,,,1.3548085310080134,500,6
1153,152,1.0,1.0357142857142858,1.0357142857142858,0.8392857142857143,3,14,11.890890572273157,0.283431662323423,0.9285714285714286,0.0714285714285714,13,1,1.4308540519622914,0.03274326026439667,0.05,13,,,,,1.3548085310080134,500,6
1154,153,1.0,1.0555555555555556,1.0555555555555556,0.6346153846153846,3,12,10.72115511210098,0.2457345406412813,0.9166666666666666,0.08333333333333337,11,1,1.420932126025385,0.07464345544576645,0.05,11,,,,,1.3548085310080134,500,6
1155,154,1.0,1.0,0.925,1.0,3,20,18.29537946940654,0.08451806104440954,0.95,0.050000000000000044,19,1,1.7154819389555902,0.10360337793827057,0.05,19,,,,,1.3548085310080134,500,6
1156,155,1.0,1.0125,1.0125,0.75,3,15,12.020417064333463,0.21911170159580887,0.8666666666666667,0.1333333333333333,13,2,1.247554965070858,0.1326778531074524,0.05,13,,,,,1.3548085310080134,500,6
1157,156,1.0,1.046875,1.046875,0.9038461538461539,3,16,13.071200736470178,0.30276116075786985,0.9375,0.0625,15,1,1.44723883924213,0.07716820389032364,0.05,15,,,,,1.3548085310080134,500,6
1158,157,1.0,1.0,1.0,0.75,3,12,8.892019593981013,0.3131368205633065,0.8333333333333334,0.16666666666666663,10,2,1.020196512770027,0.038592200726270676,0.05,10,,,,,1.3548085310080134,500,6
1159,158,1.0,1.0227272727272727,1.0227272727272727,0.9333333333333333,3,21,18.0040099452972,0.22487220663819157,0.9047619047619048,0.09523809523809523,19,2,1.3941754124094274,0.058361589908599854,0.05,19,,,,,1.3548085310080134,500,6
1160,159,1.0,1.0384615384615385,0.9204545454545454,1.0384615384615385,3,17,13.790735065819618,0.11907033741446685,0.8823529411764706,0.11764705882352944,15,2,1.4103414272914154,0.10016768425703049,0.05,15,,,,,1.3548085310080134,500,6
1161,160,1.0,1.0,1.0,0.85,3,17,15.065173728282684,0.1374751275229038,0.9411764705882353,0.05882352941176472,16,1,1.6272307548300373,0.05535222589969635,0.05,16,,,,,1.3548085310080134,500,6
1162,161,1.0,1.0694444444444444,1.0694444444444444,0.7666666666666667,3,17,13.321961319163979,0.34245128103932915,0.8823529411764706,0.11764705882352944,15,2,1.186960483666553,0.07570847868919373,0.05,15,,,,,1.3548085310080134,500,6
1163,162,1.0,1.0,1.0,0.9,3,19,15.7755079072856,0.20758473364830393,0.9473684210526315,0.052631578947368474,18,1,1.5818889505622222,0.04726498946547508,0.05,18,,,,,1.3548085310080134,500,6
1164,163,1.0,1.0416666666666667,1.0416666666666667,0.703125,3,15,13.62651531953524,0.34770038124030445,0.9333333333333333,0.06666666666666665,14,1,1.385632952093029,0.06346645206212997,0.05,14,,,,,1.3548085310080134,500,6
1165,164,1.0,1.0535714285714286,1.0535714285714286,0.578125,3,11,9.985924063141612,0.2414902687442989,0.9090909090909091,0.09090909090909094,10,1,1.3948733676193374,0.06933103501796722,0.05,10,,,,,1.3548085310080134,500,6
1166,165,1.0,1.05,0.8636363636363636,1.05,3,19,17.287048817767037,0.054212581429802564,0.8947368421052632,0.10526315789473684,17,2,1.5247347869912502,0.053502149879932404,0.05,17,,,,,1.3548085310080134,500,6
1167,166,1.0,1.0892857142857142,1.0892857142857142,0.6833333333333333,3,14,11.586787866497342,0.26212170285293085,0.8571428571428571,0.1428571428571429,12,2,1.1664497257184976,0.07215438783168793,0.05,12,,,,,1.3548085310080134,500,6
1168,167,1.0,1.0555555555555556,1.0555555555555556,0.7352941176470589,3,14,13.24814643951043,0.1117872712415175,0.9285714285714286,0.0714285714285714,13,1,1.6024984430441969,0.030873581767082214,0.05,13,,,,,1.3548085310080134,500,6
1169,168,1.0,1.0535714285714286,1.0535714285714286,0.71875,3,12,8.679553845812162,0.307727830403312,0.8333333333333334,0.16666666666666663,10,2,1.0256055029300215,0.029520422220230103,0.05,10,,,,,1.3548085310080134,500,6
1170,169,1.0,1.0,1.0,0.6964285714285714,3,14,13.179649446303845,0.11441044207784955,0.9285714285714286,0.0714285714285714,13,1,1.5998752722078649,0.09152169525623322,0.05,13,,,,,1.3548085310080134,500,6
1171,170,1.0,1.0416666666666667,1.0416666666666667,0.8529411764705882,3,19,15.734536845031855,0.19086997283972215,0.8947368421052632,0.10526315789473684,17,2,1.3880773955813306,0.04504664987325668,0.05,17,,,,,1.3548085310080134,500,6
1172,171,1.0,1.0138888888888888,1.0138888888888888,0.8333333333333334,3,17,14.62149233399467,0.18767224598640106,0.9411764705882353,0.05882352941176472,16,1,1.57703363636654,0.08561764657497406,0.05,16,,,,,1.3548085310080134,500,6
1173,172,1.0,1.0,0.875,1.0,3,18,16.778450161976203,0.1323338142067788,0.9444444444444444,0.05555555555555558,17,1,1.6454439635709988,0.06222688406705856,0.05,17,,,,,1.3548085310080134,500,6
1174,173,1.0,1.0178571428571428,1.0178571428571428,0.4,3,12,10.36903466042824,0.3320059759308807,0.9166666666666666,0.08333333333333337,11,1,1.3346606907357859,0.05249819904565811,0.05,11,,,,,1.3548085310080134,500,6
1175,174,1.0,1.0,1.0,0.9558823529411765,3,20,17.927848509506227,0.20419771204129095,0.95,0.050000000000000044,19,1,1.5958022879587088,0.03619804233312607,0.05,19,,,,,1.3548085310080134,500,6
1176,175,1.0,1.03125,1.03125,0.6666666666666666,3,15,12.18844409161282,0.2336436079479393,0.8666666666666667,0.1333333333333333,13,2,1.2330230587187274,0.0820552408695221,0.05,13,,,,,1.3548085310080134,500,6
1177,176,1.0,1.046875,1.046875,0.71875,3,17,14.687295665285163,0.1326318057939836,0.8823529411764706,0.11764705882352944,15,2,1.3967799589118988,0.02297475002706051,0.05,15,,,,,1.3548085310080134,500,6
1178,177,1.0,1.0714285714285714,1.0714285714285714,0.7794117647058824,3,17,15.184781106537764,0.2386267669326877,0.9411764705882353,0.05882352941176472,16,1,1.5260791154202535,0.0198187455534935,0.05,16,,,,,1.3548085310080134,500,6
1179,178,1.0,1.0555555555555556,1.0555555555555556,0.828125,3,20,19.2941472268136,0.23494324931507204,0.95,0.050000000000000044,19,1,1.5650567506849278,0.06232184171676636,0.05,19,,,,,1.3548085310080134,500,6
1180,179,1.0,1.05,1.05,1.0,3,22,18.425150024026586,0.194358551146821,0.9090909090909091,0.09090909090909094,20,2,1.4420050852168151,0.03169550001621246,0.05,20,,,,,1.3548085310080134,500,6
1181,180,1.0,1.046875,1.046875,0.5625,3,12,9.286195093225668,0.30787970948606896,0.8333333333333334,0.16666666666666663,10,2,1.0254536238472645,0.04968424513936043,0.05,10,,,,,1.3548085310080134,500,6
1182,181,1.0,1.0138888888888888,1.0138888888888888,0.7166666666666667,3,16,12.86001649751393,0.3173576196890574,0.875,0.125,14,2,1.1826423803109427,0.04028909653425217,0.05,14,,,,,1.3548085310080134,500,6
1183,182,1.0,1.0,1.0,0.8823529411764706,3,19,14.598169960370026,0.15730124644361662,0.8947368421052632,0.10526315789473684,17,2,1.4216461219774361,0.11183825135231018,0.05,17,,,,,1.3548085310080134,500,6
1184,183,1.0,1.05,0.9375,1.05,3,20,15.313436730265657,0.24489014597642977,0.85,0.15000000000000002,17,3,1.1551098540235702,0.057606007903814316,0.05,17,,,,,1.3548085310080134,500,6
1185,184,1.0,1.0375,1.0375,0.953125,3,19,16.615323080024652,0.11447266300452219,0.8947368421052632,0.10526315789473684,17,2,1.4644747054165304,0.08987350761890411,0.05,17,,,,,1.3548085310080134,500,6
1186,185,1.0,1.09375,1.09375,0.765625,3,17,14.550812082392941,0.11451450972941096,0.8823529411764706,0.11764705882352944,15,2,1.4148972549764713,0.052597738802433014,0.05,15,,,,,1.3548085310080134,500,6
1187,186,1.0,1.0138888888888888,1.0138888888888888,0.6911764705882353,3,17,14.322243539602704,0.22702269988284376,0.8823529411764706,0.11764705882352944,15,2,1.3023890648230385,0.04700949415564537,0.05,15,,,,,1.3548085310080134,500,6
1188,187,1.0,1.0333333333333334,0.9270833333333334,1.0333333333333334,3,20,17.52018871344445,0.1522243765054373,0.95,0.050000000000000044,19,1,1.6477756234945624,0.03896923363208771,0.05,19,,,,,1.3548085310080134,500,6
1189,188,1.0,1.0,1.0,0.9,3,18,15.353422248781346,0.1722034038789583,0.9444444444444444,0.05555555555555558,17,1,1.6055743738988193,0.09276804327964783,0.05,17,,,,,1.3548085310080134,500,6
1190,189,1.0,1.0,0.9027777777777778,1.0,3,20,18.99324140364237,0.049104637582399115,1.0,0.0,20,0,1.9508953624176009,0.03922145068645477,0.05,20,,,,,1.3548085310080134,500,6
1191,190,1.0,1.03125,1.03125,0.703125,3,15,14.72740486019579,0.13356461422412563,0.9333333333333333,0.06666666666666665,14,1,1.5997687191092078,0.04235650599002838,0.05,14,,,,,1.3548085310080134,500,6
1192,191,1.0,1.0208333333333333,1.0208333333333333,0.65625,3,18,15.391856923985406,0.22645803845741813,0.8888888888888888,0.11111111111111116,16,2,1.3290975170981372,0.06059504300355911,0.05,16,,,,,1.3548085310080134,500,6
1193,192,1.0,1.0,1.0,0.5735294117647058,3,14,12.549311980091042,0.08687151751210101,0.8571428571428571,0.1428571428571429,12,2,1.3416999110593273,0.17076608538627625,0.05,12,,,,,1.3548085310080134,500,6
1194,193,1.0,1.0,1.0,0.9166666666666666,3,17,17.031007928372787,0.11785113019775792,1.0,0.0,17,0,1.8821488698022422,0.05466379597783089,0.05,17,,,,,1.3548085310080134,500,6
1195,194,1.0,1.0416666666666667,1.0416666666666667,0.96875,3,18,12.477435817093982,0.23600881589900058,0.8333333333333334,0.16666666666666663,15,3,1.097324517434333,0.02730484865605831,0.05,15,,,,,1.3548085310080134,500,6
1196,195,1.0,1.0,0.875,1.0,3,15,12.562454949038997,0.16204530402191714,0.9333333333333333,0.06666666666666665,14,1,1.5712880293114162,0.07565340399742126,0.05,14,,,,,1.3548085310080134,500,6
1197,196,1.0,1.0,1.0,0.9107142857142857,3,14,11.731795701397827,0.2219347808249532,0.8571428571428571,0.1428571428571429,12,2,1.2066366477464752,0.07745636254549026,0.05,12,,,,,1.3548085310080134,500,6
1198,197,1.0,1.0576923076923077,1.0555555555555556,1.0576923076923077,3,19,14.64924184219683,0.3023972430036064,0.8421052631578947,0.1578947368421053,16,3,1.0660238096279724,0.06820553541183472,0.05,16,,,,,1.3548085310080134,500,6
1199,198,1.0,1.015625,0.95,1.015625,3,19,16.639501678707074,0.2825089039460212,0.8947368421052632,0.10526315789473684,17,2,1.2964384644750315,0.06301580369472504,0.05,17,,,,,1.3548085310080134,500,6
1200,199,1.0,1.09375,1.09375,0.6029411764705882,3,12,11.19524652698973,0.2110123935778497,0.9166666666666666,0.08333333333333337,11,1,1.455654273088817,0.027718495577573776,0.05,11,1.4252200639875527,0.20536155370377002,0.9076454044228308,0.0923545955771693,1.4252200639875527,1200,0
1201,200,1.0,1.0178571428571428,1.0178571428571428,0.8333333333333334,3,17,15.434117094782625,0.15165243797064504,0.9411764705882353,0.05882352941176472,16,1,1.6130534443822961,0.048415910452604294,0.05,16,,,,,1.4252200639875527,1200,0
1202,201,1.0,1.0384615384615385,0.8875,1.0384615384615385,3,18,16.1946185287199,0.1415031342482433,0.9444444444444444,0.05555555555555558,17,1,1.6362746435295343,0.040471240878105164,0.05,17,,,,,1.4252200639875527,1200,0
1203,202,1.0,1.0125,1.0125,0.95,3,20,17.13711385207527,0.11686903744610994,0.9,0.09999999999999998,18,2,1.4831309625538902,0.0403425469994545,0.05,18,,,,,1.4252200639875527,1200,0
1204,203,1.0,1.0,0.9625,1.0,3,19,17.51550123412163,0.18031434360917006,0.9473684210526315,0.052631578947368474,18,1,1.609159340601356,0.03999903053045273,0.05,18,,,,,1.4252200639875527,1200,0
1205,204,1.0,1.03125,1.03125,0.6153846153846154,3,13,11.44247994763889,0.43201858882754607,0.9230769230769231,0.07692307692307687,12,1,1.2602891034801464,0.045035190880298615,0.05,12,,,,,1.4252200639875527,1200,0
1206,205,1.0,1.0,0.7954545454545454,1.0,3,20,19.469912294931255,0.16526857087050084,0.95,0.050000000000000044,19,1,1.634731429129499,0.06430226564407349,0.05,19,,,,,1.4252200639875527,1200,0
1207,206,1.0,1.125,1.125,0.5892857142857143,3,11,8.224673248318563,0.2927791517722503,0.8181818181818182,0.18181818181818177,9,2,0.9799481209550227,0.06290949136018753,0.05,9,,,,,1.4252200639875527,1200,0
1208,207,1.0,1.0,1.0,1.0,3,20,16.738517110983196,0.2211576689334578,0.9,0.09999999999999998,18,2,1.3788423310665423,0.07263675332069397,0.05,18,,,,,1.4252200639875527,1200,0
1209,208,1.0,1.0666666666666667,0.825,1.0666666666666667,3,20,16.87332379483565,0.3617185734356596,0.9,0.09999999999999998,18,2,1.2382814265643405,0.035409875214099884,0.05,18,,,,,1.4252200639875527,1200,0
1210,209,1.0,1.0,1.0,0.7333333333333333,3,18,16.4681477036696,0.11571582185759821,0.9444444444444444,0.05555555555555558,17,1,1.6620619559201795,0.03594307228922844,0.05,17,,,,,1.4252200639875527,1200,0
1211,210,1.0,1.0,1.0,0.796875,3,16,14.70094699495775,0.20667516079320353,0.9375,0.0625,15,1,1.5433248392067964,0.04606003314256668,0.05,15,,,,,1.4252200639875527,1200,0
1212,211,1.0,1.0,1.0,0.9464285714285714,3,18,14.620697594483024,0.23190114288215097,0.8888888888888888,0.11111111111111116,16,2,1.3236544126734044,0.020307954400777817,0.05,16,,,,,1.4252200639875527,1200,0
1213,212,1.0,1.015625,1.015625,0.9107142857142857,3,18,16.257246387821546,0.1323552199745702,0.9444444444444444,0.05555555555555558,17,1,1.6454225578032076,0.035560429096221924,0.05,17,,,,,1.4252200639875527,1200,0
1214,213,1.0,1.0277777777777777,1.0277777777777777,0.8,3,14,11.077645102849166,0.2732087620392616,0.9285714285714286,0.0714285714285714,13,1,1.4410769522464528,0.07388155162334442,0.05,13,,,,,1.4252200639875527,1200,0
1215,214,1.0,1.0178571428571428,0.9204545454545454,1.0178571428571428,3,17,12.715784434436273,0.31435472871451264,0.8235294117647058,0.17647058823529416,14,3,0.9797629183443108,0.05725502967834473,0.05,14,,,,,1.4252200639875527,1200,0
1216,215,1.0,1.0,1.0,0.9166666666666666,3,21,18.10340435606188,0.10088058584052678,0.9047619047619048,0.09523809523809523,19,2,1.5181670332070922,0.035687558352947235,0.05,19,,,,,1.4252200639875527,1200,0
1217,216,1.0,1.0,0.9166666666666666,1.0,3,20,19.106901318977727,0.10043966422631585,0.95,0.050000000000000044,19,1,1.699560335773684,0.05234634876251221,0.05,19,,,,,1.4252200639875527,1200,0
1218,217,1.0,1.0375,1.0375,0.9375,3,19,14.893101224254366,0.11909549689183016,0.8947368421052632,0.10526315789473684,17,2,1.4598518715292226,0.05341915041208267,0.05,17,,,,,1.4252200639875527,1200,0
1219,218,1.0,1.025,1.025,0.9666666666666667,3,19,15.129632782208834,0.16069624711630298,0.8947368421052632,0.10526315789473684,17,2,1.4182511213047497,0.03282269090414047,0.05,17,,,,,1.4252200639875527,1200,0
1220,219,1.0,1.0555555555555556,1.0555555555555556,0.8970588235294118,3,18,14.325156069272776,0.18530694176919482,0.8888888888888888,0.11111111111111116,16,2,1.3702486137863605,0.09282471239566803,0.05,16,,,,,1.4252200639875527,1200,0
1221,220,1.0,1.0,1.0,0.6617647058823529,3,16,14.752249400539093,0.22043001037248589,0.9375,0.0625,15,1,1.5295699896275141,0.11629369854927063,0.05,15,,,,,1.4252200639875527,1200,0
1222,221,1.0,1.0,1.0,0.8928571428571429,3,15,13.378914564486958,0.12530422171460398,0.9333333333333333,0.06666666666666665,14,1,1.6080291116187295,0.14487121999263763,0.05,14,,,,,1.4252200639875527,1200,0
1223,222,1.0,1.0555555555555556,1.0555555555555556,0.75,3,15,12.091975964655326,0.19232327505870572,0.8666666666666667,0.1333333333333333,13,2,1.2743433916079612,0.07444179058074951,0.05,13,,,,,1.4252200639875527,1200,0
1224,223,1.0,1.0972222222222223,1.0972222222222223,0.9464285714285714,3,19,14.7390844061195,0.20705228265721565,0.8947368421052632,0.10526315789473684,17,2,1.371895085763837,0.17824825644493103,0.05,17,,,,,1.4252200639875527,1200,0
1225,224,1.0,1.0178571428571428,1.0178571428571428,0.6,3,12,10.954604656557574,0.1191695803839591,0.9166666666666666,0.08333333333333337,11,1,1.5474970862827073,0.16794933378696442,0.05,11,,,,,1.4252200639875527,1200,0
1226,225,1.0,1.109375,1.109375,0.7857142857142857,3,14,10.070371365479918,0.1836836857415391,0.7857142857142857,0.2142857142857143,11,3,0.9591734571156036,0.058456093072891235,0.05,11,,,,,1.4252200639875527,1200,0
1227,226,1.0,1.0555555555555556,1.0555555555555556,1.0,3,17,13.529799120402021,0.15653966596057522,0.8823529411764706,0.11764705882352944,15,2,1.3728720987453071,0.05882188677787781,0.05,15,,,,,1.4252200639875527,1200,0
1228,227,1.0,1.0,0.75,1.0,3,19,20.133863938145765,0.10206207261596575,1.0,0.0,19,0,1.8979379273840342,0.029818208888173103,0.05,19,,,,,1.4252200639875527,1200,0
1229,228,1.0,1.0277777777777777,1.0277777777777777,0.6470588235294118,3,15,13.266795356489645,0.16099848319702917,0.9333333333333333,0.06666666666666665,14,1,1.5723348501363041,0.03151259198784828,0.05,14,,,,,1.4252200639875527,1200,0
1230,229,1.0,1.0,1.0,0.71875,3,19,17.522147728535927,0.2652139370834496,0.9473684210526315,0.052631578947368474,18,1,1.5242597471270765,0.057956695556640625,0.05,18,,,,,1.4252200639875527,1200,0
1231,230,1.0,1.0138888888888888,1.0138888888888888,0.7833333333333333,3,19,15.243677172542103,0.17760889248217684,0.8947368421052632,0.10526315789473684,17,2,1.4013384759388758,0.1499004065990448,0.05,17,,,,,1.4252200639875527,1200,0
1232,231,1.0,1.078125,1.078125,0.45588235294117646,3,12,10.066449917028544,0.16621675921761314,0.8333333333333334,0.16666666666666663,10,2,1.1671165741157203,0.05025392025709152,0.05,10,,,,,1.4252200639875527,1200,0
1233,232,1.0,1.0125,1.0125,0.8833333333333333,3,19,15.961300176262998,0.29857710158925765,0.8947368421052632,0.10526315789473684,17,2,1.2803702668317951,0.04066881537437439,0.05,17,,,,,1.4252200639875527,1200,0
1234,233,1.0,1.0113636363636365,1.0113636363636365,0.8823529411764706,3,23,19.520258280819995,0.12932813093050968,0.9130434782608695,0.08695652173913049,21,2,1.5228457821129684,0.06571447849273682,0.05,21,,,,,1.4252200639875527,1200,0
1235,234,1.0,1.0,1.0,0.85,3,19,16.129579292737024,0.20453259843633081,0.8947368421052632,0.10526315789473684,17,2,1.3744147699847218,0.032099053263664246,0.05,17,,,,,1.4252200639875527,1200,0
1236,235,1.0,1.015625,1.015625,0.75,3,12,10.406910525174922,0.30881491953458623,0.9166666666666666,0.08333333333333337,11,1,1.3578517471320803,0.08659255504608154,0.05,11,,,,,1.4252200639875527,1200,0
1237,236,1.0,1.0166666666666666,0.8229166666666666,1.0166666666666666,3,18,16.303289129805098,0.3104941544306732,0.9444444444444444,0.05555555555555558,17,1,1.4672836233471045,0.07657625526189804,0.05,17,,,,,1.4252200639875527,1200,0
1238,237,1.0,1.0,1.0,0.8846153846153846,3,17,14.185500140159704,0.2775381332435861,0.9411764705882353,0.05882352941176472,16,1,1.487167749109355,0.06280038505792618,0.05,16,,,,,1.4252200639875527,1200,0
1239,238,1.0,1.0147058823529411,0.875,1.0147058823529411,3,19,16.180626009633684,0.15301748871240783,0.9473684210526315,0.052631578947368474,18,1,1.6364561954981183,0.06494598090648651,0.05,18,,,,,1.4252200639875527,1200,0
1240,239,1.0,1.0,0.9375,1.0,3,16,11.683741932922697,0.19320038532282716,0.875,0.125,14,2,1.3067996146771728,0.02468453161418438,0.05,14,,,,,1.4252200639875527,1200,0
1241,240,1.0,1.0277777777777777,1.0277777777777777,0.875,3,16,9.910068897544528,0.43096567494210325,0.8125,0.1875,13,3,0.8190343250578969,0.046268511563539505,0.05,13,,,,,1.4252200639875527,1200,0
1242,241,1.0,1.0178571428571428,0.859375,1.0178571428571428,3,15,11.237431505612554,0.20994745080320795,0.8666666666666667,0.1333333333333333,13,2,1.2567192158634588,0.05968669056892395,0.05,13,,,,,1.4252200639875527,1200,0
1243,242,1.0,1.0,0.7045454545454546,1.0,3,19,17.424143720566388,0.3313801280708224,0.9473684210526315,0.052631578947368474,18,1,1.4580935561397037,0.07130441069602966,0.05,18,,,,,1.4252200639875527,1200,0
1244,243,1.0,1.0,0.75,1.0,3,20,18.70162025282007,0.2630631297403596,0.95,0.050000000000000044,19,1,1.5369368702596402,0.030399732291698456,0.05,19,,,,,1.4252200639875527,1200,0
1245,244,1.0,1.0,0.6805555555555556,1.0,3,18,16.301282301707623,0.23315603332603357,0.9444444444444444,0.05555555555555558,17,1,1.544621744451744,0.09602333605289459,0.05,17,,,,,1.4252200639875527,1200,0
1246,245,1.0,1.0178571428571428,1.0178571428571428,0.6166666666666667,3,12,10.34880885443932,0.28027184385178866,0.9166666666666666,0.08333333333333337,11,1,1.386394822814878,0.10100336372852325,0.05,11,,,,,1.4252200639875527,1200,0
1247,246,1.0,1.0416666666666667,0.8888888888888888,1.0416666666666667,3,18,13.073549252018337,0.31986031530302717,0.8333333333333334,0.16666666666666663,15,3,1.0134730180303062,0.052854880690574646,0.05,15,,,,,1.4252200639875527,1200,0
1248,247,1.0,1.0,1.0,0.875,3,19,16.638623459321295,0.18491607230512663,0.9473684210526315,0.052631578947368474,18,1,1.6045576119053995,0.08621872961521149,0.05,18,,,,,1.4252200639875527,1200,0
1249,248,1.0,1.046875,1.0113636363636365,1.046875,3,20,15.977647597600944,0.208354163951266,0.85,0.15000000000000002,17,3,1.1916458360487339,0.04492384195327759,0.05,17,,,,,1.4252200639875527,1200,0
1250,249,1.0,1.03125,1.03125,0.8833333333333333,3,17,15.810235491375733,0.21693774176282798,0.9411764705882353,0.05882352941176472,16,1,1.5477681405901131,0.09781748801469803,0.05,16,,,,,1.4252200639875527,1200,0
1251,250,1.0,1.0192307692307692,0.9375,1.0192307692307692,3,18,14.272917488304776,0.22686342563068396,0.8888888888888888,0.11111111111111116,16,2,1.3286921299248715,0.08070465922355652,0.05,16,,,,,1.4252200639875527,1200,0
1252,251,1.0,1.1071428571428572,1.1071428571428572,0.8928571428571429,3,18,13.10225571488003,0.36996352569001445,0.8333333333333334,0.16666666666666663,15,3,0.963369807643319,0.03150084614753723,0.05,15,,,,,1.4252200639875527,1200,0
1253,252,1.0,1.075,1.075,0.9,3,19,16.53260734130484,0.22293118805726297,0.8947368421052632,0.10526315789473684,17,2,1.3560161803637898,0.07138422876596451,0.05,17,,,,,1.4252200639875527,1200,0
1254,253,1.0,1.0,1.0,0.984375,3,20,16.712457955813342,0.12899591904105373,0.95,0.050000000000000044,19,1,1.6710040809589461,0.05471469461917877,0.05,19,,,,,1.4252200639875527,1200,0
1255,254,1.0,1.075,1.075,0.95,3,19,14.036089407355433,0.21718582639001488,0.8421052631578947,0.1578947368421053,16,3,1.151235226241564,0.06605497002601624,0.05,16,,,,,1.4252200639875527,1200,0
1256,255,1.0,1.0192307692307692,0.9375,1.0192307692307692,3,18,15.675786490232918,0.04664494127632572,0.9444444444444444,0.05555555555555558,17,1,1.731132836501452,0.057767584919929504,0.05,17,,,,,1.4252200639875527,1200,0
1257,256,1.0,1.0375,1.0375,0.9464285714285714,3,20,16.1531533133882,0.18952234767804788,0.9,0.09999999999999998,18,2,1.4104776523219522,0.04762381315231323,0.05,18,,,,,1.4252200639875527,1200,0
1258,257,1.0,1.0666666666666667,1.015625,1.0666666666666667,3,18,14.585188312670416,0.06703186456294952,0.8333333333333334,0.16666666666666663,15,3,1.266301468770384,0.062195658683776855,0.05,15,,,,,1.4252200639875527,1200,0
1259,258,1.0,1.078125,1.078125,0.5666666666666667,3,13,8.826354952978615,0.4627105557628951,0.8461538461538461,0.15384615384615385,11,2,0.9219048288524896,0.02256951294839382,0.05,11,,,,,1.4252200639875527,1200,0
1260,259,1.0,1.0535714285714286,1.0535714285714286,0.6785714285714286,3,11,7.976035837509439,0.18041736757171284,0.8181818181818182,0.18181818181818177,9,2,1.09230990515556,0.07521994411945343,0.05,9,,,,,1.4252200639875527,1200,0
1261,260,1.0,1.0833333333333333,0.9875,1.0833333333333333,3,17,12.559806446742636,0.20829164581581544,0.8823529411764706,0.11764705882352944,15,2,1.3211201188900668,0.05245664715766907,0.05,15,,,,,1.4252200639875527,1200,0
1262,261,1.0,1.0192307692307692,0.9722222222222222,1.0192307692307692,3,18,15.088574138164,0.32144193119308345,0.8888888888888888,0.11111111111111116,16,2,1.234113624362472,0.046406086534261703,0.05,16,,,,,1.4252200639875527,1200,0
1263,262,1.0,1.0384615384615385,0.75,1.0384615384615385,3,14,12.201022224227362,0.19611841419531745,0.9285714285714286,0.0714285714285714,13,1,1.518167300090397,0.05216868966817856,0.05,13,,,,,1.4252200639875527,1200,0
1264,263,1.0,1.0,1.0,0.875,3,18,16.020867360448563,0.2412977558687811,0.9444444444444444,0.05555555555555558,17,1,1.5364800219089965,0.06395727396011353,0.05,17,,,,,1.4252200639875527,1200,0
1265,264,1.0,1.0375,1.0375,0.9666666666666667,3,20,14.093293403370701,0.3894097236863898,0.85,0.15000000000000002,17,3,1.01059027631361,0.10518008470535278,0.05,17,,,,,1.4252200639875527,1200,0
1266,265,1.0,1.0714285714285714,1.0714285714285714,0.5666666666666667,3,13,11.512315898586825,0.17243243141260373,0.9230769230769231,0.07692307692307687,12,1,1.5198752608950887,0.09786368161439896,0.05,12,,,,,1.4252200639875527,1200,0
1267,266,1.0,1.09375,1.09375,0.75,3,18,14.739930644972866,0.11130191949805097,0.8888888888888888,0.11111111111111116,16,2,1.4442536360575045,0.09792277961969376,0.05,16,,,,,1.4252200639875527,1200,0
1268,267,1.0,1.0694444444444444,1.0694444444444444,0.8088235294117647,3,20,15.197810178524811,0.2646028077314794,0.9,0.09999999999999998,18,2,1.3353971922685208,0.08034434169530869,0.05,18,,,,,1.4252200639875527,1200,0
1269,268,1.0,1.015625,1.015625,0.7205882352941176,3,18,16.63530377889704,0.1039307088378224,0.9444444444444444,0.05555555555555558,17,1,1.6738470689399554,0.050511643290519714,0.05,17,,,,,1.4252200639875527,1200,0
1270,269,1.0,1.0535714285714286,0.9375,1.0535714285714286,3,19,15.531794446755022,0.3070627924123339,0.8947368421052632,0.10526315789473684,17,2,1.2718845760087187,0.09619505703449249,0.05,17,,,,,1.4252200639875527,1200,0
1271,270,1.0,1.0625,0.9659090909090909,1.0625,3,20,17.700086585536802,0.04865495194719441,0.9,0.09999999999999998,18,2,1.5513450480528057,0.06573891639709473,0.05,18,,,,,1.4252200639875527,1200,0
1272,271,1.0,1.0441176470588236,0.8863636363636364,1.0441176470588236,3,24,20.99982633323826,0.17412469215978782,0.9166666666666666,0.08333333333333337,22,2,1.4925419745068786,0.11323884129524231,0.05,22,,,,,1.4252200639875527,1200,0
1273,272,1.0,1.078125,1.078125,0.8333333333333334,3,18,13.600178456292152,0.2610368381123987,0.8888888888888888,0.11111111111111116,16,2,1.2945187174431567,0.11448825895786285,0.05,16,,,,,1.4252200639875527,1200,0
1274,273,1.0,1.0,1.0,0.9615384615384616,3,21,18.6352866109766,0.06626178615913886,0.9523809523809523,0.04761904761904767,20,1,1.7432620233646705,0.04589470475912094,0.05,20,,,,,1.4252200639875527,1200,0
1275,274,1.0,1.0,0.8888888888888888,1.0,3,21,18.04802221161148,0.222710952014564,0.9523809523809523,0.04761904761904767,20,1,1.5868128575092453,0.04764440655708313,0.05,20,,,,,1.4252200639875527,1200,0
1276,275,1.0,1.0625,1.0625,0.6875,3,13,11.463027894497257,0.2106944867321195,0.9230769230769231,0.07692307692307687,12,1,1.481613205575573,0.06150537729263306,0.05,12,,,,,1.4252200639875527,1200,0
1277,276,1.0,1.05,1.05,0.953125,3,25,21.18274619340175,0.29276430131524545,0.92,0.07999999999999996,23,2,1.3872356986847547,0.06917267292737961,0.05,23,,,,,1.4252200639875527,1200,0
1278,277,1.0,1.0166666666666666,0.925,1.0166666666666666,3,19,14.301475569695048,0.23078286778336907,0.9473684210526315,0.052631578947368474,18,1,1.5586908164271571,0.07954996824264526,0.05,18,,,,,1.4252200639875527,1200,0
1279,278,1.0,1.0166666666666666,0.9479166666666666,1.0166666666666666,3,24,19.93310384079754,0.277716474667742,0.875,0.125,21,3,1.222283525332258,0.044586025178432465,0.05,21,,,,,1.4252200639875527,1200,0
1280,279,1.0,1.0277777777777777,1.0277777777777777,0.890625,3,18,14.47962703729548,0.24445606454452778,0.8888888888888888,0.11111111111111116,16,2,1.3110994910110276,0.058881327509880066,0.05,16,,,,,1.4252200639875527,1200,0
1281,280,1.0,1.0,1.0,0.7678571428571429,3,16,13.45401754377357,0.24007378586458195,0.9375,0.0625,15,1,1.509926214135418,0.08145225793123245,0.05,15,,,,,1.4252200639875527,1200,0
1282,281,1.0,1.0,1.0,0.953125,3,20,17.329802516953723,0.07968035065136445,0.95,0.050000000000000044,19,1,1.7203196493486355,0.042944639921188354,0.05,19,,,,,1.4252200639875527,1200,0
1283,282,1.0,1.03125,1.03125,0.6428571428571429,3,14,12.396069884705653,0.14129648561156924,0.9285714285714286,0.0714285714285714,13,1,1.5729892286741451,0.13151463866233826,0.05,13,,,,,1.4252200639875527,1200,0
1284,283,1.0,1.0625,1.0625,0.9038461538461539,3,15,11.223089247061479,0.1278834104435234,0.8666666666666667,0.1333333333333333,13,2,1.3387832562231434,0.0511079765856266,0.05,13,,,,,1.4252200639875527,1200,0
1285,284,1.0,1.05,1.05,0.8088235294117647,3,20,15.49096311149418,0.18346332222937006,0.9,0.09999999999999998,18,2,1.41653667777063,0.059242989867925644,0.05,18,,,,,1.4252200639875527,1200,0
1286,285,1.0,1.0833333333333333,1.0833333333333333,0.7352941176470589,3,16,13.65029036844491,0.16670276408667584,0.875,0.125,14,2,1.3332972359133242,0.024015946313738823,0.05,14,,,,,1.4252200639875527,1200,0
1287,286,1.0,1.0178571428571428,0.9861111111111112,1.0178571428571428,3,18,15.198957330088758,0.08022349334811049,0.9444444444444444,0.05555555555555558,17,1,1.6975542844296672,0.030967609956860542,0.05,17,,,,,1.4252200639875527,1200,0
1288,287,1.0,1.0,1.0,0.4264705882352941,3,13,12.611260799359684,0.15843406673339905,0.9230769230769231,0.07692307692307687,12,1,1.5338736255742935,0.023106427863240242,0.05,12,,,,,1.4252200639875527,1200,0
1289,288,1.0,1.0625,1.0625,0.8888888888888888,3,23,19.354711522798027,0.24629692014376842,0.9130434782608695,0.08695652173913049,21,2,1.4058769928997097,0.05160009115934372,0.05,21,,,,,1.4252200639875527,1200,0
1290,289,1.0,1.0,0.7638888888888888,1.0,3,16,14.853018043437626,0.1980254522992654,0.9375,0.0625,15,1,1.5519745477007345,0.027336325496435165,0.05,15,,,,,1.4252200639875527,1200,0
1291,290,1.0,1.0277777777777777,1.0277777777777777,0.96875,3,17,13.278839134425294,0.10626522575714906,0.8823529411764706,0.11764705882352944,15,2,1.4231465389487332,0.050603948533535004,0.05,15,,,,,1.4252200639875527,1200,0
1292,291,1.0,1.0277777777777777,1.0277777777777777,0.9375,3,20,17.060959726927955,0.10627908174441703,0.95,0.050000000000000044,19,1,1.6937209182555828,0.05895369499921799,0.05,19,,,,,1.4252200639875527,1200,0
1293,292,1.0,1.0277777777777777,1.0277777777777777,0.59375,3,15,13.889247172276235,0.2779290774189682,0.9333333333333333,0.06666666666666665,14,1,1.4554042559143652,0.04802919179201126,0.05,14,,,,,1.4252200639875527,1200,0
1294,293,1.0,1.0,0.9625,1.0,3,23,22.431281521470424,0.07422105595742225,0.9565217391304348,0.04347826086956519,22,1,1.751865900564317,0.019469834864139557,0.05,22,,,,,1.4252200639875527,1200,0
1295,294,1.0,1.0416666666666667,1.0416666666666667,0.9375,3,20,16.384797892509944,0.17801644897608387,0.9,0.09999999999999998,18,2,1.4219835510239163,0.05616674944758415,0.05,18,,,,,1.4252200639875527,1200,0
1296,295,1.0,1.0,0.95,1.0,3,19,15.079158094364367,0.19344675886816498,0.8947368421052632,0.10526315789473684,17,2,1.3855006095528877,0.048217013478279114,0.05,17,,,,,1.4252200639875527,1200,0
1297,296,1.0,1.0,1.0,0.8,3,13,11.268884220924747,0.24084810475545404,0.9230769230769231,0.07692307692307687,12,1,1.4514595875522385,0.06669515371322632,0.05,12,,,,,1.4252200639875527,1200,0
1298,297,1.0,1.0208333333333333,0.6875,1.0208333333333333,3,16,14.527944400896509,0.23045274032525442,0.9375,0.0625,15,1,1.5195472596747455,0.022216711193323135,0.05,15,,,,,1.4252200639875527,1200,0
1299,298,1.0,1.0,0.975,1.0,3,20,17.54282014502729,0.16258968181673428,0.95,0.050000000000000044,19,1,1.6374103181832655,0.07225266098976135,0.05,19,,,,,1.4252200639875527,1200,0
1300,299,1.0,1.0357142857142858,0.9375,1.0357142857142858,3,18,16.210202756953443,0.11387805848778837,0.9444444444444444,0.05555555555555558,17,1,1.6638997192899894,0.07646431028842926,0.05,17,1.4645407464912656,0.18959675631940992,0.9135343757026689,0.08646562429733112,1.4645407464912656,1300,0
1301,300,1.0,1.0333333333333334,1.0,1.0333333333333334,3,20,16.55000925404052,0.2951601679456116,0.9,0.09999999999999998,18,2,1.3048398320543886,0.05065922066569328,0.05,18,,,,,1.4645407464912656,1300,0
1302,301,1.0,1.0333333333333334,0.7840909090909091,1.0333333333333334,3,19,16.395980902687725,0.280062808359118,0.9473684210526315,0.052631578947368474,18,1,1.509410875851408,0.030980153009295464,0.05,18,,,,,1.4645407464912656,1300,0
1303,302,1.0,1.0,0.7638888888888888,1.0,3,13,11.907684727516624,0.34566607022151064,0.9230769230769231,0.07692307692307687,12,1,1.3466416220861819,0.03249017894268036,0.05,12,,,,,1.4645407464912656,1300,0
1304,303,1.0,1.0625,1.0625,0.8928571428571429,3,17,14.76995363149085,0.09298177026562739,0.9411764705882353,0.05882352941176472,16,1,1.6717241120873136,0.04688598960638046,0.05,16,,,,,1.4645407464912656,1300,0
1305,304,1.0,1.0,1.0,0.390625,3,10,7.953476771366105,0.15819703690504333,0.8,0.19999999999999996,8,2,1.0418029630949568,0.07883656769990921,0.05,8,,,,,1.4645407464912656,1300,0
1306,305,1.0,1.0,0.9444444444444444,1.0,3,15,11.734527940362923,0.22745848820786674,0.9333333333333333,0.06666666666666665,14,1,1.5058748451254667,0.04022504389286041,0.05,14,,,,,1.4645407464912656,1300,0
1307,306,1.0,1.0113636363636365,1.0113636363636365,0.921875,3,18,15.453109960857304,0.18203928059189262,0.9444444444444444,0.05555555555555558,17,1,1.595738497185885,0.03276947885751724,0.05,17,,,,,1.4645407464912656,1300,0
1308,307,1.0,1.0,0.9772727272727273,1.0,3,25,23.78764764651591,0.12006413011154317,0.96,0.040000000000000036,24,1,1.7199358698884566,0.11560018360614777,0.05,24,,,,,1.4645407464912656,1300,0
1309,308,1.0,1.0,1.0,0.6964285714285714,3,12,9.010490500530452,0.22042280075276877,0.9166666666666666,0.08333333333333337,11,1,1.4462438659138976,0.06153269484639168,0.05,11,,,,,1.4645407464912656,1300,0
1310,309,1.0,1.0,0.9305555555555556,1.0,3,17,13.944618906693593,0.17376134891332867,0.9411764705882353,0.05882352941176472,16,1,1.5909445334396124,0.04767439141869545,0.05,16,,,,,1.4645407464912656,1300,0
1311,310,1.0,1.0535714285714286,1.0535714285714286,0.7321428571428571,3,14,9.497081784370952,0.22641864590113892,0.9285714285714286,0.0714285714285714,13,1,1.4878670683845754,0.05047926306724548,0.05,13,,,,,1.4645407464912656,1300,0
1312,311,1.0,1.0178571428571428,1.0178571428571428,0.7916666666666666,3,12,9.254517395683758,0.1652415086826275,0.8333333333333334,0.16666666666666663,10,2,1.168091824650706,0.11799539625644684,0.05,10,,,,,1.4645407464912656,1300,0
1313,312,1.0,1.0384615384615385,0.953125,1.0384615384615385,3,18,15.57654399739159,0.25389326351665376,0.9444444444444444,0.05555555555555558,17,1,1.523884514261124,0.023546017706394196,0.05,17,,,,,1.4645407464912656,1300,0
1314,313,1.0,1.0,1.0,0.7352941176470589,3,20,17.161730099294335,0.15453135948937208,0.95,0.050000000000000044,19,1,1.6454686405106278,0.2023848295211792,0.05,19,,,,,1.4645407464912656,1300,0
1315,314,1.0,1.0208333333333333,1.0208333333333333,0.7,3,12,8.94012330389329,0.29172551722831647,0.8333333333333334,0.16666666666666663,10,2,1.041607816105017,0.159724622964859,0.05,10,,,,,1.4645407464912656,1300,0
1316,315,1.0,1.0227272727272727,1.0227272727272727,0.7941176470588235,3,20,16.027137847301688,0.13250392260021107,0.9,0.09999999999999998,18,2,1.467496077399789,0.04236945882439613,0.05,18,,,,,1.4645407464912656,1300,0
1317,316,1.0,1.015625,1.015625,0.5588235294117647,3,16,14.948349082462869,0.1566169868510929,0.9375,0.0625,15,1,1.593383013148907,0.07582024484872818,0.05,15,,,,,1.4645407464912656,1300,0
1318,317,1.0,1.0,1.0,0.9107142857142857,3,17,10.966418836889428,0.13324803036803173,0.9411764705882353,0.05882352941176472,16,1,1.6314578519849094,0.02543839067220688,0.05,16,,,,,1.4645407464912656,1300,0
1319,318,1.0,1.0125,1.0125,0.8166666666666667,3,16,10.629051386209081,0.27030630748253975,0.9375,0.0625,15,1,1.4796936925174602,0.08469165116548538,0.05,15,,,,,1.4645407464912656,1300,0
1320,319,1.0,1.09375,1.09375,0.71875,3,14,10.200682805891956,0.33109709847244284,0.8571428571428571,0.1428571428571429,12,2,1.0974743300989855,0.06974990665912628,0.05,12,,,,,1.4645407464912656,1300,0
1321,320,1.0,1.109375,1.109375,0.7884615384615384,3,15,14.126345142806162,0.1826692518065248,0.9333333333333333,0.06666666666666665,14,1,1.5506640815268087,0.04209943860769272,0.05,14,,,,,1.4645407464912656,1300,0
1322,321,1.0,1.046875,1.046875,0.7794117647058824,3,15,11.35294151925444,0.24005932236185876,0.8666666666666667,0.1333333333333333,13,2,1.226607344304808,0.013883967883884907,0.05,13,,,,,1.4645407464912656,1300,0
1323,322,1.0,1.015625,1.015625,0.8928571428571429,3,17,15.232895052544778,0.20351587560335666,0.9411764705882353,0.05882352941176472,16,1,1.5611900067495845,0.27135640382766724,0.05,16,,,,,1.4645407464912656,1300,0
1324,323,1.0,1.0,1.0,0.7833333333333333,3,14,12.929391453417214,0.09182373899567185,0.9285714285714286,0.0714285714285714,13,1,1.6224619752900427,0.12761154770851135,0.05,13,,,,,1.4645407464912656,1300,0
1325,324,1.0,1.0357142857142858,0.775,1.0357142857142858,3,18,16.965257042105485,0.17059644005523297,0.9444444444444444,0.05555555555555558,17,1,1.6071813377225448,0.05600876733660698,0.05,17,,,,,1.4645407464912656,1300,0
1326,325,1.0,1.0555555555555556,1.0555555555555556,0.6764705882352942,3,16,13.776751882981145,0.07378814925672136,0.9375,0.0625,15,1,1.6762118507432786,0.03853096440434456,0.05,15,,,,,1.4645407464912656,1300,0
1327,326,1.0,1.0333333333333334,0.9166666666666666,1.0333333333333334,3,17,13.763240745527078,0.16102348056037463,0.9411764705882353,0.05882352941176472,16,1,1.6036824017925664,0.048154063522815704,0.05,16,,,,,1.4645407464912656,1300,0
1328,327,1.0,1.0576923076923077,0.8181818181818182,1.0576923076923077,3,20,18.56669231845819,0.23602937243925098,0.95,0.050000000000000044,19,1,1.5639706275607488,0.06987938284873962,0.05,19,,,,,1.4645407464912656,1300,0
1329,328,1.0,1.0,1.0,0.8035714285714286,3,13,10.288275952916381,0.2464412181586107,0.9230769230769231,0.07692307692307687,12,1,1.4458664741490819,0.08470825850963593,0.05,12,,,,,1.4645407464912656,1300,0
1330,329,1.0,1.0694444444444444,1.0694444444444444,0.7321428571428571,3,15,11.514554921996739,0.19855716669648169,0.8666666666666667,0.1333333333333333,13,2,1.2681094999701852,0.081053726375103,0.05,13,,,,,1.4645407464912656,1300,0
1331,330,1.0,1.0892857142857142,1.0892857142857142,0.55,3,11,8.13297056494199,0.15957667886193688,0.8181818181818182,0.18181818181818177,9,2,1.113150593865336,0.03388094902038574,0.05,9,,,,,1.4645407464912656,1300,0
1332,331,1.0,1.03125,1.03125,0.7647058823529411,3,17,13.034200064850133,0.2554122965155228,0.8823529411764706,0.11764705882352944,15,2,1.2739994681903595,0.07380582392215729,0.05,15,,,,,1.4645407464912656,1300,0
1333,332,1.0,1.0,0.9125,1.0,3,19,15.941933881730908,0.15805590541304274,0.9473684210526315,0.052631578947368474,18,1,1.6314177787974833,0.07245057076215744,0.05,18,,,,,1.4645407464912656,1300,0
1334,333,1.0,1.025,1.025,0.8833333333333333,3,16,9.967019405604052,0.20071472782532523,0.875,0.125,14,2,1.2992852721746748,0.07992956042289734,0.05,14,,,,,1.4645407464912656,1300,0
1335,334,1.0,1.0208333333333333,1.0208333333333333,0.5208333333333334,3,10,9.08294141674978,0.1640418307085794,0.9,0.09999999999999998,9,1,1.4359581692914207,0.08280549198389053,0.05,9,,,,,1.4645407464912656,1300,0
1336,335,1.0,1.0375,1.0375,0.95,3,18,13.333850729895245,0.1518718210697465,0.8888888888888888,0.11111111111111116,16,2,1.4036837344858089,0.10249805450439453,0.05,16,,,,,1.4645407464912656,1300,0
1337,336,1.0,1.0357142857142858,1.0357142857142858,0.671875,3,14,10.086771241437827,0.21064642791885918,0.9285714285714286,0.0714285714285714,13,1,1.5036392863668553,0.059271201491355896,0.05,13,,,,,1.4645407464912656,1300,0
1338,337,1.0,1.125,1.125,0.9038461538461539,3,16,11.025145411735732,0.38665927139961886,0.875,0.125,14,2,1.1133407286003811,0.061030734330415726,0.05,14,,,,,1.4645407464912656,1300,0
1339,338,1.0,1.0416666666666667,1.0416666666666667,0.8235294117647058,3,22,17.470634515003745,0.2466228890000267,0.9545454545454546,0.045454545454545414,21,1,1.5715589291817915,0.04359402880072594,0.05,21,,,,,1.4645407464912656,1300,0
1340,339,1.0,1.05,1.05,0.9285714285714286,3,17,14.498951842074288,0.18800511254570887,0.8823529411764706,0.11764705882352944,15,2,1.3414066521601733,0.07214344292879105,0.05,15,,,,,1.4645407464912656,1300,0
1341,340,1.0,1.0625,1.0625,0.890625,3,19,13.66852980290035,0.3371971549382598,0.8421052631578947,0.1578947368421053,16,3,1.031223897693319,0.06347913295030594,0.05,16,,,,,1.4645407464912656,1300,0
1342,341,1.0,1.0,0.6590909090909091,1.0,3,19,16.80210306768631,0.3071730052958614,0.9473684210526315,0.052631578947368474,18,1,1.4823006789146647,0.08781252056360245,0.05,18,,,,,1.4645407464912656,1300,0
1343,342,1.0,1.0,1.0,0.9333333333333333,3,18,14.260371254325904,0.17574209190214984,0.9444444444444444,0.05555555555555558,17,1,1.6020356858756277,0.06102968752384186,0.05,17,,,,,1.4645407464912656,1300,0
1344,343,1.0,1.0625,1.0625,0.75,3,15,9.61177927628283,0.28243715057987745,0.8666666666666667,0.1333333333333333,13,2,1.1842295160867893,0.03165081888437271,0.05,13,,,,,1.4645407464912656,1300,0
1345,344,1.0,1.0416666666666667,1.0416666666666667,0.9375,3,18,13.325480982975924,0.12149988990465449,0.8888888888888888,0.11111111111111116,16,2,1.434055665650901,0.14264342188835144,0.05,16,,,,,1.4645407464912656,1300,0
1346,345,1.0,1.0138888888888888,1.0138888888888888,0.71875,3,17,13.975906354865916,0.1790553258828372,0.9411764705882353,0.05882352941176472,16,1,1.585650556470104,0.036569200456142426,0.05,16,,,,,1.4645407464912656,1300,0
1347,346,1.0,1.0892857142857142,1.0892857142857142,0.8461538461538461,3,14,10.541125902091284,0.20564425121031477,0.8571428571428571,0.1428571428571429,12,2,1.2229271773611137,0.09763400256633759,0.05,12,,,,,1.4645407464912656,1300,0
1348,347,1.0,1.0625,1.0625,0.859375,3,18,13.484426986584381,0.25675162107238914,0.8888888888888888,0.11111111111111116,16,2,1.2988039344831663,0.05216345191001892,0.05,16,,,,,1.4645407464912656,1300,0
1349,348,1.0,1.0138888888888888,1.0138888888888888,1.0,3,16,12.772287619596286,0.24409510846141869,0.875,0.125,14,2,1.2559048915385813,0.051362402737140656,0.05,14,,,,,1.4645407464912656,1300,0
1350,349,1.0,1.0555555555555556,1.0555555555555556,0.9666666666666667,3,17,14.234448279349552,0.18432268367976384,0.9411764705882353,0.05882352941176472,16,1,1.5803831986731773,0.058737948536872864,0.05,16,,,,,1.4645407464912656,1300,0
1351,350,1.0,1.0,1.0,0.8392857142857143,3,14,12.0717269529858,0.17533533561521733,0.9285714285714286,0.0714285714285714,13,1,1.538950378670497,0.05966855213046074,0.05,13,,,,,1.4645407464912656,1300,0
1352,351,1.0,1.0178571428571428,0.8636363636363636,1.0178571428571428,3,19,15.375612368039791,0.23666880524646822,0.8947368421052632,0.10526315789473684,17,2,1.3422785631745844,0.07377447187900543,0.05,17,,,,,1.4645407464912656,1300,0
1353,352,1.0,1.0166666666666666,0.925,1.0166666666666666,3,20,19.331619419804504,0.10999438818457404,0.95,0.050000000000000044,19,1,1.6900056118154259,0.05134148150682449,0.05,19,,,,,1.4645407464912656,1300,0
1354,353,1.0,1.0416666666666667,1.0416666666666667,0.9583333333333334,3,20,16.72698624012711,0.12490057121826623,0.9,0.09999999999999998,18,2,1.4750994287817338,0.06606322526931763,0.05,18,,,,,1.4645407464912656,1300,0
1355,354,1.0,1.0,1.0,0.8529411764705882,3,19,16.002938568615253,0.2409231698265094,0.9473684210526315,0.052631578947368474,18,1,1.5485505143840166,0.07914821803569794,0.05,18,,,,,1.4645407464912656,1300,0
1356,355,1.0,1.015625,1.015625,0.85,3,19,13.330741382838736,0.292546988145617,0.8947368421052632,0.10526315789473684,17,2,1.2864003802754356,0.019778797402977943,0.05,17,,,,,1.4645407464912656,1300,0
1357,356,1.0,1.0555555555555556,1.0555555555555556,0.6911764705882353,3,14,10.160737670109576,0.30591773588606913,0.9285714285714286,0.0714285714285714,13,1,1.4083679783996452,0.04175947979092598,0.05,13,,,,,1.4645407464912656,1300,0
1358,357,1.0,1.0,1.0,0.6785714285714286,3,14,10.791825722945145,0.2706396062870188,0.9285714285714286,0.0714285714285714,13,1,1.4436461079986955,0.07222908735275269,0.05,13,,,,,1.4645407464912656,1300,0
1359,358,1.0,1.0357142857142858,1.0357142857142858,0.6964285714285714,3,12,9.42859598658997,0.20831270069728397,0.9166666666666666,0.08333333333333337,11,1,1.4583539659693825,0.0938258022069931,0.05,11,,,,,1.4645407464912656,1300,0
1360,359,1.0,1.125,1.125,0.625,3,14,10.68929475883945,0.3544772084838581,0.8571428571428571,0.1428571428571429,12,2,1.0740942200875703,0.021757200360298157,0.05,12,,,,,1.4645407464912656,1300,0
1361,360,1.0,1.0333333333333334,0.7045454545454546,1.0333333333333334,3,17,15.715463180474774,0.12313821096313914,0.9411764705882353,0.05882352941176472,16,1,1.641567671389802,0.02168254181742668,0.05,16,,,,,1.4645407464912656,1300,0
1362,361,1.0,1.0,0.9875,1.0,3,18,13.358583366053846,0.1294504455643787,0.8888888888888888,0.11111111111111116,16,2,1.4261051099911766,0.04172971099615097,0.05,16,,,,,1.4645407464912656,1300,0
1363,362,1.0,1.0208333333333333,0.8958333333333334,1.0208333333333333,3,17,12.943403714595643,0.22502548438993392,0.8823529411764706,0.11764705882352944,15,2,1.3043862803159483,0.05570244789123535,0.05,15,,,,,1.4645407464912656,1300,0
1364,363,1.0,1.025,1.025,0.9464285714285714,3,21,17.09482451021063,0.23570226039551584,0.9523809523809523,0.04761904761904767,20,1,1.5738215491282934,0.052755892276763916,0.05,20,,,,,1.4645407464912656,1300,0
1365,364,1.0,1.0714285714285714,1.0714285714285714,0.6607142857142857,3,13,10.6899832777825,0.15539087262213083,0.8461538461538461,0.15384615384615385,11,2,1.2292245119932537,0.08315003663301468,0.05,11,,,,,1.4645407464912656,1300,0
1366,365,1.0,1.015625,1.015625,0.8653846153846154,3,17,11.76059094116167,0.25124462158501987,0.8823529411764706,0.11764705882352944,15,2,1.2781671431208623,0.06383296102285385,0.05,15,,,,,1.4645407464912656,1300,0
1367,366,1.0,1.046875,1.046875,0.609375,3,17,15.422937669534218,0.19641855032959651,0.9411764705882353,0.05882352941176472,16,1,1.5682873320233446,0.06275073438882828,0.05,16,,,,,1.4645407464912656,1300,0
1368,367,1.0,1.0694444444444444,1.0694444444444444,0.5333333333333333,3,14,9.690184652537951,0.21742481618122628,0.8571428571428571,0.1428571428571429,12,2,1.2111466123902022,0.094891756772995,0.05,12,,,,,1.4645407464912656,1300,0
1369,368,1.0,1.0,1.0,0.609375,3,14,12.558251582759112,0.29341687400538147,0.9285714285714286,0.0714285714285714,13,1,1.420868840280333,0.1079723984003067,0.05,13,,,,,1.4645407464912656,1300,0
1370,369,1.0,1.0666666666666667,1.0625,1.0666666666666667,3,20,15.876174586467286,0.18382050221941248,0.9,0.09999999999999998,18,2,1.4161794977805877,0.11861290782690048,0.05,18,,,,,1.4645407464912656,1300,0
1371,370,1.0,1.0,0.8472222222222222,1.0,3,16,12.760033158541415,0.16515513829872863,0.9375,0.0625,15,1,1.5848448617012714,0.07149823755025864,0.05,15,,,,,1.4645407464912656,1300,0
1372,371,1.0,1.0,0.8125,1.0,3,19,19.076645833719773,0.15590239111558088,1.0,0.0,19,0,1.8440976088844192,0.06307580322027206,0.05,19,,,,,1.4645407464912656,1300,0
1373,372,1.0,1.0576923076923077,0.8020833333333334,1.0576923076923077,3,17,15.105589908476922,0.2109981042918629,0.9411764705882353,0.05882352941176472,16,1,1.5537077780610782,0.05578949674963951,0.05,16,,,,,1.4645407464912656,1300,0
1374,373,1.0,1.05,0.7386363636363636,1.05,3,16,14.546999669944693,0.1881768276337557,0.9375,0.0625,15,1,1.5618231723662443,0.05562780797481537,0.05,15,,,,,1.4645407464912656,1300,0
1375,374,1.0,1.0138888888888888,1.0138888888888888,0.65625,3,15,11.77532637882041,0.26477844337816187,0.9333333333333333,0.06666666666666665,14,1,1.4685548899551715,0.08569465577602386,0.05,14,,,,,1.4645407464912656,1300,0
1376,375,1.0,1.0166666666666666,0.9125,1.0166666666666666,3,19,15.603336356695124,0.2727970589548623,0.8947368421052632,0.10526315789473684,17,2,1.3061503094661904,0.08762025833129883,0.05,17,,,,,1.4645407464912656,1300,0
1377,376,1.0,1.0454545454545454,1.0454545454545454,0.9861111111111112,3,24,18.029362778896704,0.2165194204858637,0.9166666666666666,0.08333333333333337,22,2,1.450147246180803,0.05460716038942337,0.05,22,,,,,1.4645407464912656,1300,0
1378,377,1.0,1.075,1.075,0.796875,3,17,12.959844588188604,0.12295633929673394,0.8235294117647058,0.17647058823529416,14,3,1.1711613077620895,0.02283410355448723,0.05,14,,,,,1.4645407464912656,1300,0
1379,378,1.0,1.025,1.025,0.65,3,15,12.088699317175656,0.13509220263544364,0.9333333333333333,0.06666666666666665,14,1,1.5982411306978896,0.05054823309183121,0.05,14,,,,,1.4645407464912656,1300,0
1380,379,1.0,1.0416666666666667,1.0416666666666667,0.984375,3,21,16.433029483528497,0.06479922821991077,0.9047619047619048,0.09523809523809523,19,2,1.5542483908277083,0.05047255754470825,0.05,19,,,,,1.4645407464912656,1300,0
1381,380,1.0,1.109375,1.109375,0.890625,3,19,12.636389769023735,0.37344031027138574,0.8947368421052632,0.10526315789473684,17,2,1.205507058149667,0.019891392439603806,0.05,17,,,,,1.4645407464912656,1300,0
1382,381,1.0,1.0625,0.8409090909090909,1.0625,3,17,12.67775340327902,0.28459011913585475,0.8235294117647058,0.17647058823529416,14,3,1.0095275279229687,0.06711658835411072,0.05,14,,,,,1.4645407464912656,1300,0
1383,382,1.0,1.015625,0.9625,1.015625,3,17,14.402920612370345,0.13296938758836407,0.9411764705882353,0.05882352941176472,16,1,1.631736494764577,0.056472234427928925,0.05,16,,,,,1.4645407464912656,1300,0
1384,383,1.0,1.015625,1.015625,0.671875,3,15,11.610187139963003,0.2491849178624842,0.9333333333333333,0.06666666666666665,14,1,1.484148415470849,0.0646592229604721,0.05,14,,,,,1.4645407464912656,1300,0
1385,384,1.0,1.0227272727272727,1.0227272727272727,0.9107142857142857,3,20,15.834813302979207,0.12357439876713712,0.95,0.050000000000000044,19,1,1.6764256012328627,0.045994825661182404,0.05,19,,,,,1.4645407464912656,1300,0
1386,385,1.0,1.0,1.0,0.65625,3,16,14.238471912864249,0.1368767606566694,0.9375,0.0625,15,1,1.6131232393433306,0.027874961495399475,0.05,15,,,,,1.4645407464912656,1300,0
1387,386,1.0,1.015625,1.015625,0.7884615384615384,3,15,11.207699301803364,0.1341626020712573,0.9333333333333333,0.06666666666666665,14,1,1.5991707312620762,0.03291654959321022,0.05,14,,,,,1.4645407464912656,1300,0
1388,387,1.0,1.0,1.0,0.47058823529411764,3,13,11.63122244798422,0.3385501125667286,0.9230769230769231,0.07692307692307687,12,1,1.353757579740964,0.042145684361457825,0.05,12,,,,,1.4645407464912656,1300,0
1389,388,1.0,1.0,1.0,0.7,3,13,11.208146826981523,0.26674296412484966,0.9230769230769231,0.07692307692307687,12,1,1.425564728182843,0.05562203377485275,0.05,12,,,,,1.4645407464912656,1300,0
1390,389,1.0,1.0,0.9722222222222222,1.0,3,17,9.417744147931774,0.31848549807270415,0.8235294117647058,0.17647058823529416,14,3,0.9756321489861193,0.04691595211625099,0.05,14,,,,,1.4645407464912656,1300,0
1391,390,1.0,1.0166666666666666,0.9270833333333334,1.0166666666666666,3,19,16.13918745852004,0.13547211956085325,0.9473684210526315,0.052631578947368474,18,1,1.6540015646496729,0.03242533653974533,0.05,18,,,,,1.4645407464912656,1300,0
1392,391,1.0,1.125,1.125,0.984375,3,20,13.9953124762099,0.2607949648195058,0.85,0.15000000000000002,17,3,1.139205035180494,0.1124330461025238,0.05,17,,,,,1.4645407464912656,1300,0
1393,392,1.0,1.046875,0.8541666666666666,1.046875,3,22,18.19734332690448,0.20066422166819675,0.9545454545454546,0.045454545454545414,21,1,1.6175175965136215,0.056938935071229935,0.05,21,,,,,1.4645407464912656,1300,0
1394,393,1.0,1.0416666666666667,1.0416666666666667,0.8214285714285714,3,17,12.343636997492563,0.10569276466155766,0.8823529411764706,0.11764705882352944,15,2,1.4237190000443245,0.04055849462747574,0.05,15,,,,,1.4645407464912656,1300,0
1395,394,1.0,1.0,1.0,0.7333333333333333,3,22,20.10892931511089,0.1528753203222665,0.9545454545454546,0.045454545454545414,21,1,1.6653064978595518,0.05128218233585358,0.05,21,,,,,1.4645407464912656,1300,0
1396,395,1.0,1.015625,1.015625,0.8269230769230769,3,16,11.607960106795186,0.2389595340490484,0.9375,0.0625,15,1,1.5110404659509515,0.05156685784459114,0.05,15,,,,,1.4645407464912656,1300,0
1397,396,1.0,1.015625,0.8409090909090909,1.015625,3,20,17.634883264719047,0.1281961808740873,0.95,0.050000000000000044,19,1,1.6718038191259126,0.04434240609407425,0.05,19,,,,,1.4645407464912656,1300,0
1398,397,1.0,1.03125,1.03125,0.85,3,17,12.677517836122105,0.18856180831641267,0.8823529411764706,0.11764705882352944,15,2,1.3408499563894696,0.07408919930458069,0.05,15,,,,,1.4645407464912656,1300,0
1399,398,1.0,1.0333333333333334,0.9861111111111112,1.0333333333333334,3,18,12.418937516312495,0.20559134456624462,0.8888888888888888,0.11111111111111116,16,2,1.3499642109893109,0.04183551296591759,0.05,16,,,,,1.4645407464912656,1300,0
1400,399,1.0,1.015625,1.015625,0.6323529411764706,3,14,11.617846528641282,0.19046100442323285,0.9285714285714286,0.0714285714285714,13,1,1.5238247098624815,0.046365879476070404,0.05,13,1.444783461681522,0.20236558514069738,0.9117872617055549,0.08821273829444513,1.4645407464912656,1300,1
1401,400,1.0,1.0555555555555556,1.0555555555555556,0.8076923076923077,3,15,9.61832456581916,0.10525997181276533,0.8666666666666667,0.1333333333333333,13,2,1.3614066948539014,0.01683250442147255,0.05,13,,,,,1.4645407464912656,1300,1
1402,401,1.0,1.05,0.875,1.05,3,19,14.991143614187287,0.09349144746101203,0.9473684210526315,0.052631578947368474,18,1,1.695982236749514,0.04571865499019623,0.05,18,,,,,1.4645407464912656,1300,1
1403,402,1.0,1.03125,1.03125,0.8571428571428571,3,17,13.655062448076876,0.22516770693110028,0.9411764705882353,0.05882352941176472,16,1,1.539538175421841,0.04511863738298416,0.05,16,,,,,1.4645407464912656,1300,1
1404,403,1.0,1.0,1.0,0.5714285714285714,3,15,11.839824495446535,0.2298912999148705,0.9333333333333333,0.06666666666666665,14,1,1.5034420334184628,0.032900530844926834,0.05,14,,,,,1.4645407464912656,1300,1
1405,404,1.0,1.0340909090909092,1.0340909090909092,0.9666666666666667,3,20,13.879199071335915,0.2798964342196751,0.9,0.09999999999999998,18,2,1.320103565780325,0.06750409305095673,0.05,18,,,,,1.4645407464912656,1300,1
1406,405,1.0,1.0535714285714286,1.0535714285714286,0.828125,3,17,13.01126274421928,0.29792302878879895,0.9411764705882353,0.05882352941176472,16,1,1.4667828535641423,0.09132549166679382,0.05,16,,,,,1.4645407464912656,1300,1
1407,406,1.0,1.0,1.0,0.5441176470588235,3,17,14.288412031137309,0.2536483353897686,0.9411764705882353,0.05882352941176472,16,1,1.5110575469631726,0.082893967628479,0.05,16,,,,,1.4645407464912656,1300,1
1408,407,1.0,1.0833333333333333,1.0833333333333333,1.0,3,23,15.551686294398472,0.13420813109475624,0.9130434782608695,0.08695652173913049,21,2,1.5179657819487218,0.08264507353305817,0.05,21,,,,,1.4645407464912656,1300,1
1409,408,1.0,1.0333333333333334,1.0277777777777777,1.0333333333333334,3,17,10.25350521991269,0.2020891048781601,0.8235294117647058,0.17647058823529416,14,3,1.0920285421806633,0.032588664442300797,0.05,14,,,,,1.4645407464912656,1300,1
1410,409,1.0,1.0416666666666667,1.0416666666666667,0.7333333333333333,3,15,9.452678794408662,0.22338531344002838,0.8666666666666667,0.1333333333333333,13,2,1.2432813532266385,0.04585011675953865,0.05,13,,,,,1.4645407464912656,1300,1
1411,410,1.0,1.0333333333333334,0.8977272727272727,1.0333333333333334,3,23,18.457579862675384,0.2542878156449002,0.9130434782608695,0.08695652173913049,21,2,1.3978860973985778,0.03640979528427124,0.05,21,,,,,1.4645407464912656,1300,1
1412,411,1.0,1.0,1.0,0.95,3,20,13.062160894543442,0.3342979986096324,0.85,0.15000000000000002,17,3,1.0657020013903675,0.09458839893341064,0.05,17,,,,,1.4645407464912656,1300,1
1413,412,1.0,1.0,1.0,0.9285714285714286,3,18,12.542080304079878,0.2111499416043163,0.8888888888888888,0.11111111111111116,16,2,1.344405613951239,0.02559492364525795,0.05,16,,,,,1.4645407464912656,1300,1
1414,413,1.0,1.0178571428571428,1.0178571428571428,0.8,3,14,11.196865487347608,0.3476525583629292,0.9285714285714286,0.0714285714285714,13,1,1.3666331559227851,0.03331497311592102,0.05,13,,,,,1.4645407464912656,1300,1
1415,414,1.0,1.015625,1.015625,0.6333333333333333,3,15,10.61447858411455,0.3826018910333868,0.9333333333333333,0.06666666666666665,14,1,1.3507314422999466,0.04742475971579552,0.05,14,,,,,1.4645407464912656,1300,1
1416,415,1.0,1.0,0.9444444444444444,1.0,3,18,12.282229974636167,0.20087355921563965,0.9444444444444444,0.05555555555555558,17,1,1.576904218562138,0.04701688885688782,0.05,17,,,,,1.4645407464912656,1300,1
1417,416,1.0,1.0,1.0,0.7678571428571429,3,12,10.135435323405092,0.2634407229453508,0.9166666666666666,0.08333333333333337,11,1,1.4032259437213157,0.04969797655940056,0.05,11,,,,,1.4645407464912656,1300,1
1418,417,1.0,1.0384615384615385,1.0227272727272727,1.0384615384615385,3,15,9.31801060124074,0.24431691943776737,0.8666666666666667,0.1333333333333333,13,2,1.2223497472288993,0.048200517892837524,0.05,13,,,,,1.4645407464912656,1300,1
1419,418,1.0,1.0,1.0,0.9833333333333333,3,18,14.431643536530338,0.2240807033976076,0.9444444444444444,0.05555555555555558,17,1,1.5536970743801701,0.08924917131662369,0.05,17,,,,,1.4645407464912656,1300,1
1420,419,1.0,1.0340909090909092,1.0340909090909092,0.75,3,16,11.512210438105345,0.2856731600336859,0.875,0.125,14,2,1.214326839966314,0.07121585309505463,0.05,14,,,,,1.4645407464912656,1300,1
1421,420,1.0,1.0,1.0,0.9807692307692307,3,17,13.893105879388836,0.1622967921336504,0.9411764705882353,0.05882352941176472,16,1,1.6024090902192907,0.04221927374601364,0.05,16,,,,,1.4645407464912656,1300,1
1422,421,1.0,1.0138888888888888,1.0138888888888888,0.8571428571428571,3,18,12.152510140800832,0.36976628852736854,0.8888888888888888,0.11111111111111116,16,2,1.1857892670281869,0.06356929242610931,0.05,16,,,,,1.4645407464912656,1300,1
1423,422,1.0,1.0555555555555556,1.0555555555555556,0.8833333333333333,3,16,10.662739064264937,0.15440902358111716,0.875,0.125,14,2,1.345590976418883,0.04323553666472435,0.05,14,,,,,1.4645407464912656,1300,1
1424,423,1.0,1.0,1.0,0.90625,3,19,14.322397181497253,0.1241723776673968,0.9473684210526315,0.052631578947368474,18,1,1.6653013065431292,0.12233012169599533,0.05,18,,,,,1.4645407464912656,1300,1
1425,424,1.0,1.0576923076923077,0.6,1.0576923076923077,3,17,16.447130703002024,0.19627619986518893,0.9411764705882353,0.05882352941176472,16,1,1.5684296824877522,0.06617158651351929,0.05,16,,,,,1.4645407464912656,1300,1
1426,425,1.0,1.0535714285714286,1.0,1.0535714285714286,3,19,13.153835338508092,0.15788807427795984,0.8947368421052632,0.10526315789473684,17,2,1.4210592941430928,0.08299027383327484,0.05,17,,,,,1.4645407464912656,1300,1
1427,426,1.0,1.0,0.8645833333333334,1.0,3,19,16.004875197216812,0.23714869221038015,0.9473684210526315,0.052631578947368474,18,1,1.5523249920001458,0.13768061995506287,0.05,18,,,,,1.4645407464912656,1300,1
1428,427,1.0,1.0,1.0,0.7321428571428571,3,13,11.3374337419842,0.1507493040945508,0.9230769230769231,0.07692307692307687,12,1,1.5415583882131416,0.08576692640781403,0.05,12,,,,,1.4645407464912656,1300,1
1429,428,1.0,1.015625,1.015625,0.8571428571428571,3,15,11.926113218039909,0.16818072751279914,0.9333333333333333,0.06666666666666665,14,1,1.5651526058205343,0.09771806001663208,0.05,14,,,,,1.4645407464912656,1300,1
1430,429,1.0,1.015625,0.9583333333333334,1.015625,3,24,21.870587951371313,0.10679142567433454,0.9583333333333334,0.04166666666666663,23,1,1.726541907658999,0.029718691483139992,0.05,23,,,,,1.4645407464912656,1300,1
1431,430,1.0,1.0568181818181819,1.0568181818181819,0.9705882352941176,3,20,15.763242497493959,0.12981103497650612,0.95,0.050000000000000044,19,1,1.6701889650234938,0.06680537760257721,0.05,19,,,,,1.4645407464912656,1300,1
1432,431,1.0,1.0892857142857142,1.0892857142857142,0.90625,3,17,10.32915805335339,0.38497385464918815,0.8235294117647058,0.17647058823529416,14,3,0.9091437924096353,0.06486557424068451,0.05,14,,,,,1.4645407464912656,1300,1
1433,432,1.0,1.015625,1.015625,0.8571428571428571,3,18,13.28220602837759,0.15726060950783255,0.8888888888888888,0.11111111111111116,16,2,1.3982949460477228,0.06686360388994217,0.05,16,,,,,1.4645407464912656,1300,1
1434,433,1.0,1.0166666666666666,0.8611111111111112,1.0166666666666666,3,20,15.555383814941813,0.08960755486502736,0.95,0.050000000000000044,19,1,1.7103924451349726,0.030388949438929558,0.05,19,,,,,1.4645407464912656,1300,1
1435,434,1.0,1.0357142857142858,0.75,1.0357142857142858,3,19,17.826685093714012,0.2262420068093895,0.9473684210526315,0.052631578947368474,18,1,1.5632316774011366,0.08844740688800812,0.05,18,,,,,1.4645407464912656,1300,1
1436,435,1.0,1.0,1.0,0.7333333333333333,3,14,11.233635505714167,0.2790896453259274,0.9285714285714286,0.0714285714285714,13,1,1.4351960689597871,0.07172781974077225,0.05,13,,,,,1.4645407464912656,1300,1
1437,436,1.0,1.0,0.875,1.0,3,20,14.93012312594278,0.278812387848865,0.9,0.09999999999999998,18,2,1.321187612151135,0.02587488666176796,0.05,18,,,,,1.4645407464912656,1300,1
1438,437,1.0,1.0340909090909092,1.0340909090909092,0.890625,3,21,14.93225764427682,0.31147369749955506,0.9047619047619048,0.09523809523809523,19,2,1.307573921548064,0.02844131551682949,0.05,19,,,,,1.4645407464912656,1300,1
1439,438,1.0,1.0208333333333333,1.0208333333333333,0.4807692307692308,3,10,8.103216510359264,0.2711515808806176,0.9,0.09999999999999998,9,1,1.3288484191193826,0.05429686978459358,0.05,9,,,,,1.4645407464912656,1300,1
1440,439,1.0,1.0,0.8875,1.0,3,16,13.293386352064983,0.16447821376626992,0.9375,0.0625,15,1,1.58552178623373,0.07633465528488159,0.05,15,,,,,1.4645407464912656,1300,1
1441,440,1.0,1.03125,1.03125,1.0,3,18,12.659978868758426,0.28134886046075636,0.8888888888888888,0.11111111111111116,16,2,1.274206695094799,0.07195591926574707,0.05,16,,,,,1.4645407464912656,1300,1
1442,441,1.0,1.025,1.025,0.9285714285714286,3,19,14.968667776186411,0.2269574238842842,0.9473684210526315,0.052631578947368474,18,1,1.562516260326242,0.0354185625910759,0.05,18,,,,,1.4645407464912656,1300,1
1443,442,1.0,1.0714285714285714,0.7625,1.0714285714285714,3,20,15.418066799254953,0.36052383750214123,0.85,0.15000000000000002,17,3,1.0394761624978586,0.07828906178474426,0.05,17,,,,,1.4645407464912656,1300,1
1444,443,1.0,1.0125,1.0125,0.95,3,18,12.07896816310101,0.2983407056931583,0.8888888888888888,0.11111111111111116,16,2,1.2572148498623972,0.05940654128789902,0.05,16,,,,,1.4645407464912656,1300,1
1445,444,1.0,1.0208333333333333,0.925,1.0208333333333333,3,19,14.158132700049288,0.1526009935125786,0.9473684210526315,0.052631578947368474,18,1,1.6368726906979474,0.05705551430583,0.05,18,,,,,1.4645407464912656,1300,1
1446,445,1.0,1.0178571428571428,1.0178571428571428,0.6666666666666666,3,13,11.22020531037311,0.09510890386440327,0.9230769230769231,0.07692307692307687,12,1,1.5971987884432892,0.07381925731897354,0.05,12,,,,,1.4645407464912656,1300,1
1447,446,1.0,1.0625,1.0625,0.625,3,12,9.772561094669058,0.17677669529663687,0.8333333333333334,0.16666666666666663,10,2,1.1565566380366967,0.05169932171702385,0.05,10,,,,,1.4645407464912656,1300,1
1448,447,1.0,1.03125,0.90625,1.03125,3,20,16.171271193126394,0.1578983233867049,0.9,0.09999999999999998,18,2,1.4421016766132952,0.027903910726308823,0.05,18,,,,,1.4645407464912656,1300,1
1449,448,1.0,1.0,0.7,1.0,3,18,13.584973177486392,0.208886665245046,0.9444444444444444,0.05555555555555558,17,1,1.5688911125327316,0.05861446261405945,0.05,17,,,,,1.4645407464912656,1300,1
1450,449,1.0,1.0625,0.8625,1.0625,3,22,16.981858681826974,0.27522194141598666,0.9090909090909091,0.09090909090909094,20,2,1.3611416949476496,0.03430722653865814,0.05,20,,,,,1.4645407464912656,1300,1
1451,450,1.0,1.046875,1.046875,0.8,3,17,13.259378600196767,0.22407155098884576,0.9411764705882353,0.05882352941176472,16,1,1.5406343313640953,0.03666914254426956,0.05,16,,,,,1.4645407464912656,1300,1
1452,451,1.0,1.015625,1.015625,0.734375,3,16,11.727320019712677,0.19324741049962346,0.875,0.125,14,2,1.3067525895003764,0.0970565676689148,0.05,14,,,,,1.4645407464912656,1300,1
1453,452,1.0,1.03125,0.9861111111111112,1.03125,3,23,16.695934964019067,0.1360086286574757,0.9130434782608695,0.08695652173913049,21,2,1.5161652843860023,0.16645877063274384,0.05,21,,,,,1.4645407464912656,1300,1
1454,453,1.0,1.0208333333333333,1.0208333333333333,0.8035714285714286,3,17,12.916474684251847,0.19964863741237665,0.9411764705882353,0.05882352941176472,16,1,1.5650572449405644,0.05676790326833725,0.05,16,,,,,1.4645407464912656,1300,1
1455,454,1.0,1.0416666666666667,1.0416666666666667,0.875,3,17,12.01024050881557,0.3161829766773422,0.8823529411764706,0.11764705882352944,15,2,1.2132287880285402,0.07234364002943039,0.05,15,,,,,1.4645407464912656,1300,1
1456,455,1.0,1.0138888888888888,0.975,1.0138888888888888,3,22,17.18176285683831,0.2656149645790153,0.9090909090909091,0.09090909090909094,20,2,1.370748671784621,0.12766996026039124,0.05,20,,,,,1.4645407464912656,1300,1
1457,456,1.0,1.03125,1.03125,0.9285714285714286,3,18,13.17606251710939,0.16476630033553363,0.8888888888888888,0.11111111111111116,16,2,1.3907892552200218,0.04529934376478195,0.05,16,,,,,1.4645407464912656,1300,1
1458,457,1.0,1.0,1.0,0.5882352941176471,3,13,11.434942899990848,0.21932214272950695,0.9230769230769231,0.07692307692307687,12,1,1.4729855495781856,0.09017676115036011,0.05,12,,,,,1.4645407464912656,1300,1
1459,458,1.0,1.046875,1.046875,0.8928571428571429,3,16,11.348529048883728,0.44643882258850437,0.875,0.125,14,2,1.0535611774114957,0.06168122962117195,0.05,14,,,,,1.4645407464912656,1300,1
1460,459,1.0,1.0,1.0,0.42857142857142855,3,9,6.479143505502327,0.1663395432061089,0.7777777777777778,0.2222222222222222,7,2,0.9447715679050022,0.0779891312122345,0.05,7,,,,,1.4645407464912656,1300,1
1461,460,1.0,1.0138888888888888,1.0138888888888888,0.8,3,16,10.237018577406895,0.47394578458289316,0.9375,0.0625,15,1,1.2760542154171068,0.03548174723982811,0.05,15,,,,,1.4645407464912656,1300,1
1462,461,1.0,1.046875,1.046875,0.8928571428571429,3,18,14.89414376965855,0.3143967265452259,0.9444444444444444,0.05555555555555558,17,1,1.4633810512325518,0.10450094938278198,0.05,17,,,,,1.4645407464912656,1300,1
1463,462,1.0,1.0,1.0,0.75,3,15,11.976842851065816,0.3034461721758753,0.9333333333333333,0.06666666666666665,14,1,1.4298871611574582,0.056267086416482925,0.05,14,,,,,1.4645407464912656,1300,1
1464,463,1.0,1.0972222222222223,1.0972222222222223,0.7678571428571429,3,16,12.54589316721716,0.14472202846989798,0.875,0.125,14,2,1.355277971530102,0.03249406814575195,0.05,14,,,,,1.4645407464912656,1300,1
1465,464,1.0,1.03125,1.03125,0.7794117647058824,3,18,16.094447174834123,0.14181164607573923,0.9444444444444444,0.05555555555555558,17,1,1.6359661317020384,0.09872451424598694,0.05,17,,,,,1.4645407464912656,1300,1
1466,465,1.0,1.0375,1.0375,0.859375,3,18,14.642916935222033,0.18867084566432435,0.9444444444444444,0.05555555555555558,17,1,1.5891069321134532,0.06479773670434952,0.05,17,,,,,1.4645407464912656,1300,1
1467,466,1.0,1.0,0.975,1.0,3,20,16.730021894044857,0.15309310892394862,0.95,0.050000000000000044,19,1,1.6469068910760511,0.13397833704948425,0.05,19,,,,,1.4645407464912656,1300,1
1468,467,1.0,1.0125,1.0125,0.796875,3,20,14.957707005434797,0.16317675919136773,0.95,0.050000000000000044,19,1,1.636823240808632,0.035062216222286224,0.05,19,,,,,1.4645407464912656,1300,1
1469,468,1.0,1.0,0.9583333333333334,1.0,3,21,17.068604608606314,0.18018093593895274,0.9047619047619048,0.09523809523809523,19,2,1.4388666831086663,0.06802992522716522,0.05,19,,,,,1.4645407464912656,1300,1
1470,469,1.0,1.0416666666666667,1.0416666666666667,0.7708333333333334,3,15,10.308380801944086,0.29823698687032474,0.8666666666666667,0.1333333333333333,13,2,1.168429679796342,0.014987782575190067,0.05,13,,,,,1.4645407464912656,1300,1
1471,470,1.0,1.0555555555555556,1.0555555555555556,0.8392857142857143,3,18,14.97016240731137,0.15584757426096948,0.9444444444444444,0.05555555555555558,17,1,1.6219302035168082,0.03961692750453949,0.05,17,,,,,1.4645407464912656,1300,1
1472,471,1.0,1.03125,0.9895833333333334,1.03125,3,22,15.798812908902423,0.2712211554767108,0.9090909090909091,0.09090909090909094,20,2,1.3651424808869255,0.04699148237705231,0.05,20,,,,,1.4645407464912656,1300,1
1473,472,1.0,1.0694444444444444,1.0694444444444444,0.7833333333333333,3,14,9.78975651497294,0.23917018987215882,0.8571428571428571,0.1428571428571429,12,2,1.1894012386992696,0.052554238587617874,0.05,12,,,,,1.4645407464912656,1300,1
1474,473,1.0,1.0384615384615385,0.828125,1.0384615384615385,3,13,9.616999675449907,0.20930451543741543,0.8461538461538461,0.15384615384615385,11,2,1.1753108691779692,0.07891350984573364,0.05,11,,,,,1.4645407464912656,1300,1
1475,474,1.0,1.0,1.0,0.9333333333333333,3,14,10.132034157796134,0.09980998617422566,0.8571428571428571,0.1428571428571429,12,2,1.3287614423972027,0.07650937139987946,0.05,12,,,,,1.4645407464912656,1300,1
1476,475,1.0,1.025,1.025,0.9,3,18,13.348288438017168,0.13677152412491714,0.8888888888888888,0.11111111111111116,16,2,1.4187840314306381,0.05590326711535454,0.05,16,,,,,1.4645407464912656,1300,1
1477,476,1.0,1.0178571428571428,0.9375,1.0178571428571428,3,17,12.557809783016204,0.29608679871562427,0.8823529411764706,0.11764705882352944,15,2,1.233324965990258,0.062285199761390686,0.05,15,,,,,1.4645407464912656,1300,1
1478,477,1.0,1.0,1.0,0.6617647058823529,3,14,11.263260350068467,0.16302560017508794,0.9285714285714286,0.0714285714285714,13,1,1.5512601141106264,0.12988993525505066,0.05,13,,,,,1.4645407464912656,1300,1
1479,478,1.0,1.0,1.0,0.765625,3,20,15.821538435280857,0.1813496621265901,0.95,0.050000000000000044,19,1,1.6186503378734098,0.016269056126475334,0.05,19,,,,,1.4645407464912656,1300,1
1480,479,1.0,1.0416666666666667,1.0416666666666667,1.0,3,17,11.781999973713145,0.21606040536255622,0.9411764705882353,0.05882352941176472,16,1,1.548645476990385,0.1632155030965805,0.05,16,,,,,1.4645407464912656,1300,1
1481,480,1.0,1.0625,1.0625,1.05,3,23,16.378974784840874,0.22686342563068396,0.9130434782608695,0.08695652173913049,21,2,1.425310487412794,0.10019852966070175,0.05,21,,,,,1.4645407464912656,1300,1
1482,481,1.0,1.0125,1.0125,0.95,3,19,14.855189267085604,0.19554313642328047,0.8947368421052632,0.10526315789473684,17,2,1.3834042319977722,0.051826171576976776,0.05,17,,,,,1.4645407464912656,1300,1
1483,482,1.0,1.0,0.8875,1.0,3,16,10.918318463552474,0.15722743551795898,0.9375,0.0625,15,1,1.592772564482041,0.07248684763908386,0.05,15,,,,,1.4645407464912656,1300,1
1484,483,1.0,1.0113636363636365,1.0113636363636365,0.8958333333333334,3,17,14.837977119671077,0.21571560485335742,0.9411764705882353,0.05882352941176472,16,1,1.5489902774995836,0.07508771121501923,0.05,16,,,,,1.4645407464912656,1300,1
1485,484,1.0,1.0113636363636365,1.0113636363636365,0.9666666666666667,3,19,15.20380628670685,0.21308298863044534,0.9473684210526315,0.052631578947368474,18,1,1.5763906955800808,0.034457698464393616,0.05,18,,,,,1.4645407464912656,1300,1
1486,485,1.0,1.0,0.7777777777777778,1.0,3,16,12.516818572435668,0.14013901484464242,0.9375,0.0625,15,1,1.6098609851553576,0.08127830177545547,0.05,15,,,,,1.4645407464912656,1300,1
1487,486,1.0,1.0227272727272727,1.0227272727272727,0.9444444444444444,3,24,18.55144805280772,0.1756330586185314,0.9583333333333334,0.04166666666666663,23,1,1.657700274714802,0.024715958163142204,0.05,23,,,,,1.4645407464912656,1300,1
1488,487,1.0,1.0277777777777777,1.0277777777777777,0.8833333333333333,3,21,13.993676450679553,0.21437759661897354,0.9047619047619048,0.09523809523809523,19,2,1.4046700224286455,0.10928076505661011,0.05,19,,,,,1.4645407464912656,1300,1
1489,488,1.0,1.109375,1.109375,0.953125,3,20,14.09653204104248,0.16848353691057047,0.85,0.15000000000000002,17,3,1.2315164630894295,0.07672277092933655,0.05,17,,,,,1.4645407464912656,1300,1
1490,489,1.0,1.03125,1.03125,0.8,3,17,13.093574887149783,0.2757625597456716,0.9411764705882353,0.05882352941176472,16,1,1.4889433226072695,0.04620235785841942,0.05,16,,,,,1.4645407464912656,1300,1
1491,490,1.0,1.0138888888888888,1.0138888888888888,0.890625,3,19,14.178352792329203,0.2830117681869327,0.8947368421052632,0.10526315789473684,17,2,1.29593560023412,0.05389072373509407,0.05,17,,,,,1.4645407464912656,1300,1
1492,491,1.0,1.078125,1.078125,0.75,3,17,11.899351940377887,0.2627128860163808,0.8823529411764706,0.11764705882352944,15,2,1.2666988786895015,0.07123912870883942,0.05,15,,,,,1.4645407464912656,1300,1
1493,492,1.0,1.0178571428571428,1.0178571428571428,0.796875,3,18,14.345962332696082,0.2103409039347126,0.9444444444444444,0.05555555555555558,17,1,1.567436873843065,0.11220354586839676,0.05,17,,,,,1.4645407464912656,1300,1
1494,493,1.0,1.0340909090909092,1.0340909090909092,0.7333333333333333,3,19,15.259068826656446,0.1558550199827411,0.8947368421052632,0.10526315789473684,17,2,1.4230923484383116,0.10059773921966553,0.05,17,,,,,1.4645407464912656,1300,1
1495,494,1.0,1.0,1.0,0.625,3,14,11.079465632559328,0.2849599180191153,0.9285714285714286,0.0714285714285714,13,1,1.429325796266599,0.12041281163692474,0.05,13,,,,,1.4645407464912656,1300,1
1496,495,1.0,1.0227272727272727,1.0227272727272727,0.9833333333333333,3,19,14.72393146934528,0.22800907440419957,0.8947368421052632,0.10526315789473684,17,2,1.350938294016853,0.08459532260894775,0.05,17,,,,,1.4645407464912656,1300,1
1497,496,1.0,1.0,0.765625,1.0,3,16,15.274877649662747,0.23385358667337133,1.0,0.0,16,0,1.7661464133266287,0.056163329631090164,0.05,16,,,,,1.4645407464912656,1300,1
1498,497,1.0,1.03125,1.03125,0.9558823529411765,3,21,17.040800269592218,0.19060777183064248,0.9523809523809523,0.04761904761904767,20,1,1.6189160376931668,0.026549089699983597,0.05,20,,,,,1.4645407464912656,1300,1
1499,498,1.0,1.0166666666666666,0.8875,1.0166666666666666,3,17,12.93324255931544,0.18498854030973202,0.9411764705882353,0.05882352941176472,16,1,1.5797173420432091,0.048989780247211456,0.05,16,,,,,1.4645407464912656,1300,1
1500,499,1.0,1.015625,1.015625,0.875,3,16,12.440581084238804,0.11610716255621151,0.875,0.125,14,2,1.3838928374437884,0.07360607385635376,0.05,14,1.4332115376571268,0.20103408750934892,0.908561406291619,0.09143859370838105,1.4645407464912656,1300,2
1501,0,1.0,1.0535714285714286,1.0,1.0535714285714286,3,18,10.789521873746859,0.2773716825969547,0.8888888888888888,0.11111111111111116,16,2,1.2781838729586006,0.06335033476352692,0.05,16,,,,,1.4645407464912656,1300,2
1502,1,1.0,1.0,1.0,0.5294117647058824,3,14,12.109717592797754,0.19250990168125176,0.9285714285714286,0.0714285714285714,13,1,1.5217758126044627,0.10695285350084305,0.05,13,,,,,1.4645407464912656,1300,2
1503,2,1.0,1.0375,1.0375,0.9558823529411765,3,21,18.184175846279935,0.12907344899376538,0.9523809523809523,0.04761904761904767,20,1,1.680450360530044,0.05533290654420853,0.05,20,,,,,1.4645407464912656,1300,2
1504,3,1.0,1.0,0.6354166666666666,1.0,3,18,17.284151717320608,0.1405285162836671,1.0,0.0,18,0,1.8594714837163329,0.03361259028315544,0.05,18,,,,,1.4645407464912656,1300,2
1505,4,1.0,1.0972222222222223,1.0972222222222223,0.9464285714285714,3,19,11.494572621082156,0.3507819040973022,0.8947368421052632,0.10526315789473684,17,2,1.2281654643237505,0.03254982829093933,0.05,17,,,,,1.4645407464912656,1300,2
1506,5,1.0,1.046875,1.046875,0.75,3,17,14.592510377129022,0.2475139148471102,0.9411764705882353,0.05882352941176472,16,1,1.517191967505831,0.06382326036691666,0.05,16,,,,,1.4645407464912656,1300,2
1507,6,1.0,1.109375,1.109375,0.8928571428571429,3,16,10.789306326580641,0.2849056888980248,0.875,0.125,14,2,1.2150943111019752,0.05873589962720871,0.05,14,,,,,1.4645407464912656,1300,2
1508,7,1.0,1.0208333333333333,1.0208333333333333,0.484375,3,10,7.343432627870769,0.28613791576902314,0.8,0.19999999999999996,8,2,0.913862084230977,0.06341572850942612,0.05,8,,,,,1.4645407464912656,1300,2
1509,8,1.0,1.0375,1.0375,0.8833333333333333,3,19,16.688978332807928,0.21608397069928334,0.9473684210526315,0.052631578947368474,18,1,1.5733897135112427,0.057078875601291656,0.05,18,,,,,1.4645407464912656,1300,2
1510,9,1.0,1.015625,0.9375,1.015625,3,23,17.44439576340289,0.15448985561444634,0.9565217391304348,0.04347826086956519,22,1,1.671597100907293,0.04378604516386986,0.05,22,,,,,1.4645407464912656,1300,2
1511,10,1.0,1.0357142857142858,0.6875,1.0357142857142858,3,18,13.922716759658927,0.25043365167023557,0.9444444444444444,0.05555555555555558,17,1,1.527344126107542,0.09092732518911362,0.05,17,,,,,1.4645407464912656,1300,2
1512,11,1.0,1.0,1.0,0.6617647058823529,3,13,10.140493882776205,0.19528002125004001,0.9230769230769231,0.07692307692307687,12,1,1.4970276710576524,0.07395058870315552,0.05,12,,,,,1.4645407464912656,1300,2
1513,12,1.0,1.03125,1.03125,0.65,3,14,10.936925425484752,0.0873154045354291,0.8571428571428571,0.1428571428571429,12,2,1.3412560240359992,0.09341877698898315,0.05,12,,,,,1.4645407464912656,1300,2
1514,13,1.0,1.0454545454545454,1.0454545454545454,1.0,3,19,13.303558418349374,0.2746815775882796,0.8947368421052632,0.10526315789473684,17,2,1.304265790832773,0.06916727870702744,0.05,17,,,,,1.4645407464912656,1300,2
1515,14,1.0,1.0535714285714286,1.0138888888888888,1.0535714285714286,3,17,13.313010561244907,0.0945108018517813,0.9411764705882353,0.05882352941176472,16,1,1.6701950805011598,0.06715735793113708,0.05,16,,,,,1.4645407464912656,1300,2
1516,15,1.0,1.0138888888888888,1.0138888888888888,0.8653846153846154,3,15,12.89485620669373,0.1347788266453055,0.9333333333333333,0.06666666666666665,14,1,1.598554506688028,0.04073046147823334,0.05,14,,,,,1.4645407464912656,1300,2
1517,16,1.0,1.0166666666666666,0.7222222222222222,1.0166666666666666,3,19,16.0922434002926,0.3665260455204082,0.9473684210526315,0.052631578947368474,18,1,1.4229476386901179,0.034482501447200775,0.05,18,,,,,1.4645407464912656,1300,2
1518,17,1.0,1.0625,1.0625,0.78125,3,16,12.152361430711881,0.12137585070801207,0.875,0.125,14,2,1.378624149291988,0.1455964744091034,0.05,14,,,,,1.4645407464912656,1300,2
1519,18,1.0,1.0357142857142858,0.9375,1.0357142857142858,3,16,12.634104601758764,0.1419753199978422,0.9375,0.0625,15,1,1.6080246800021578,0.1274532675743103,0.05,15,,,,,1.4645407464912656,1300,2
1520,19,1.0,1.0,0.95,1.0,3,22,19.479184157454593,0.17505784382614223,0.9545454545454546,0.045454545454545414,21,1,1.643123974355676,0.05310383066534996,0.05,21,,,,,1.4645407464912656,1300,2
1521,20,1.0,1.1071428571428572,1.1071428571428572,0.7142857142857143,3,12,8.71244168334262,0.32300698476643086,0.8333333333333334,0.16666666666666663,10,2,1.0103263485669027,0.05998264253139496,0.05,10,,,,,1.4645407464912656,1300,2
1522,21,1.0,1.025,1.025,0.828125,3,21,13.619324657074532,0.2566932161383912,0.9523809523809523,0.04761904761904767,20,1,1.552830593385418,0.08251520246267319,0.05,20,,,,,1.4645407464912656,1300,2
1523,22,1.0,1.0454545454545454,1.0454545454545454,0.984375,3,20,15.0546961130819,0.18797023094528015,0.9,0.09999999999999998,18,2,1.4120297690547199,0.0417943112552166,0.05,18,,,,,1.4645407464912656,1300,2
1524,23,1.0,1.0,0.85,1.0,3,16,15.063182590719698,0.15246179444513994,1.0,0.0,16,0,1.8475382055548601,0.08522293716669083,0.05,16,,,,,1.4645407464912656,1300,2
1525,24,1.0,1.0416666666666667,1.0416666666666667,0.6666666666666666,3,11,8.579498724269865,0.38093863779678083,0.9090909090909091,0.09090909090909094,10,1,1.2554249985668553,0.08266986161470413,0.05,10,,,,,1.4645407464912656,1300,2
1526,25,1.0,1.0625,1.0625,0.9375,3,18,12.670321475392168,0.15772232777421022,0.8888888888888888,0.11111111111111116,16,2,1.3978332277813452,0.04720085859298706,0.05,16,,,,,1.4645407464912656,1300,2
1527,26,1.0,1.0,1.0,0.95,3,18,16.206971639423625,0.041247895569215265,1.0,0.0,18,0,1.9587521044307847,0.06265439838171005,0.05,18,,,,,1.4645407464912656,1300,2
1528,27,1.0,1.0178571428571428,1.0178571428571428,0.671875,3,13,10.249324634624806,0.2825260087898941,0.9230769230769231,0.07692307692307687,12,1,1.4097816835177985,0.05283978581428528,0.05,12,,,,,1.4645407464912656,1300,2
1529,28,1.0,1.0333333333333334,0.6625,1.0333333333333334,3,18,14.978240757655424,0.04908574419354304,0.9444444444444444,0.05555555555555558,17,1,1.7286920335842346,0.11878857016563416,0.05,17,,,,,1.4645407464912656,1300,2
1530,29,1.0,1.0138888888888888,1.0138888888888888,0.85,3,18,13.567428935178043,0.20427529234278038,0.9444444444444444,0.05555555555555558,17,1,1.5735024854349973,0.10429971665143967,0.05,17,,,,,1.4645407464912656,1300,2
1531,30,1.0,1.0535714285714286,1.0535714285714286,0.6166666666666667,3,12,8.789773775159592,0.17881285469452418,0.8333333333333334,0.16666666666666663,10,2,1.1545204786388092,0.04202144593000412,0.05,10,,,,,1.4645407464912656,1300,2
1532,31,1.0,1.1071428571428572,1.1071428571428572,0.7321428571428571,3,17,11.850706363607184,0.39883111931554566,0.8823529411764706,0.11764705882352944,15,2,1.1305806453903366,0.17077338695526123,0.05,15,,,,,1.4645407464912656,1300,2
1533,32,1.0,1.0625,1.0625,0.6607142857142857,3,13,10.88371072577702,0.21165715857182343,0.9230769230769231,0.07692307692307687,12,1,1.480650533735869,0.037628352642059326,0.05,12,,,,,1.4645407464912656,1300,2
1534,33,1.0,1.0535714285714286,1.0535714285714286,0.5333333333333333,3,9,5.599853392802428,0.334405922463878,0.7777777777777778,0.2222222222222222,7,2,0.7767051886472331,0.057271845638751984,0.05,7,,,,,1.4645407464912656,1300,2
1535,34,1.0,1.0416666666666667,1.0416666666666667,0.734375,3,17,13.264728765187938,0.2481108353041906,0.8823529411764706,0.11764705882352944,15,2,1.2813009294016917,0.024269431829452515,0.05,15,,,,,1.4645407464912656,1300,2
1536,35,1.0,1.0,1.0,0.5,3,10,8.254432499891353,0.3453962467873019,0.9,0.09999999999999998,9,1,1.2546037532126981,0.07176325470209122,0.05,9,,,,,1.4645407464912656,1300,2
1537,36,1.0,1.0,0.8611111111111112,1.0,3,17,14.168002344851976,0.20230201485514931,0.9411764705882353,0.05882352941176472,16,1,1.5624038674977918,0.06536055356264114,0.05,16,,,,,1.4645407464912656,1300,2
1538,37,1.0,1.0625,1.0625,0.796875,3,19,13.518754478861915,0.2113870560693772,0.8947368421052632,0.10526315789473684,17,2,1.3675603123516755,0.03828886151313782,0.05,17,,,,,1.4645407464912656,1300,2
1539,38,1.0,1.0416666666666667,1.0416666666666667,0.984375,3,21,15.753149517980905,0.07831441643835733,0.9523809523809523,0.04761904761904767,20,1,1.731209393085452,0.05792355164885521,0.05,20,,,,,1.4645407464912656,1300,2
1540,39,1.0,1.03125,1.03125,0.8382352941176471,3,19,15.331435905646183,0.2587843155440104,0.8947368421052632,0.10526315789473684,17,2,1.3201630528770423,0.04443848133087158,0.05,17,,,,,1.4645407464912656,1300,2
1541,40,1.0,1.0,0.875,1.0,3,17,11.336526772701472,0.3048424622649116,0.8823529411764706,0.11764705882352944,15,2,1.2245693024409707,0.08280184119939804,0.05,15,,,,,1.4645407464912656,1300,2
1542,41,1.0,1.03125,1.0,1.03125,3,21,16.002910938402838,0.09393961564631113,0.9523809523809523,0.04761904761904767,20,1,1.7155841938774983,0.03612478822469711,0.05,20,,,,,1.4645407464912656,1300,2
1543,42,1.0,1.0,1.0,0.875,3,16,13.00888977464869,0.2470081294989342,0.9375,0.0625,15,1,1.5029918705010659,0.03996056318283081,0.05,15,,,,,1.4645407464912656,1300,2
1544,43,1.0,1.0,1.0,0.7666666666666667,3,16,12.595270762390584,0.2566186734923343,0.9375,0.0625,15,1,1.4933813265076656,0.058202750980854034,0.05,15,,,,,1.4645407464912656,1300,2
1545,44,1.0,1.078125,1.078125,0.8392857142857143,3,14,9.370431134725681,0.3528827410539235,0.8571428571428571,0.1428571428571429,12,2,1.075688687517505,0.08727126568555832,0.05,12,,,,,1.4645407464912656,1300,2
1546,45,1.0,1.0,1.0,0.703125,3,17,14.568376921710264,0.15320216934730782,0.9411764705882353,0.05882352941176472,16,1,1.6115037130056333,0.054708875715732574,0.05,16,,,,,1.4645407464912656,1300,2
1547,46,1.0,1.0,1.0,0.9333333333333333,3,17,11.659902142385842,0.220707315345396,0.8823529411764706,0.11764705882352944,15,2,1.3087044493604862,0.07224574685096741,0.05,15,,,,,1.4645407464912656,1300,2
1548,47,1.0,1.0714285714285714,0.8295454545454546,1.0714285714285714,3,20,15.993197781750943,0.1475047281060429,0.95,0.050000000000000044,19,1,1.652495271893957,0.07539539784193039,0.05,19,,,,,1.4645407464912656,1300,2
1549,48,1.0,1.0,0.8977272727272727,1.0,3,20,15.871454958120577,0.27453929091642104,0.95,0.050000000000000044,19,1,1.5254607090835788,0.11457356810569763,0.05,19,,,,,1.4645407464912656,1300,2
1550,49,1.0,1.0625,0.9886363636363636,1.0625,3,21,17.86364626283129,0.09587275225552959,0.9523809523809523,0.04761904761904767,20,1,1.7136510572682797,0.06768325716257095,0.05,20,,,,,1.4645407464912656,1300,2
1551,50,1.0,1.0125,1.0125,0.6323529411764706,3,16,13.340083604578464,0.23193578769877923,0.9375,0.0625,15,1,1.5180642123012207,0.10779595375061035,0.05,15,,,,,1.4645407464912656,1300,2
1552,51,1.0,1.0454545454545454,1.0454545454545454,1.0357142857142858,3,20,16.632985735272158,0.14283658001684293,0.9,0.09999999999999998,18,2,1.4571634199831571,0.029502246528863907,0.05,18,,,,,1.4645407464912656,1300,2
1553,52,1.0,1.0277777777777777,1.0277777777777777,0.6470588235294118,3,14,10.457924354902303,0.17329009723407107,0.8571428571428571,0.1428571428571429,12,2,1.2552813313373574,0.09039334207773209,0.05,12,,,,,1.4645407464912656,1300,2
1554,53,1.0,1.015625,1.015625,0.6833333333333333,3,13,11.776175303310051,0.1095950998289997,0.9230769230769231,0.07692307692307687,12,1,1.582712592478693,0.047443851828575134,0.05,12,,,,,1.4645407464912656,1300,2
1555,54,1.0,1.0,1.0,0.7941176470588235,3,19,15.331194891351847,0.2431375402790392,0.8947368421052632,0.10526315789473684,17,2,1.3358098281420134,0.062214091420173645,0.05,17,,,,,1.4645407464912656,1300,2
1556,55,1.0,1.0,1.0,0.7916666666666666,3,15,11.602510531235936,0.2772942524245588,0.9333333333333333,0.06666666666666665,14,1,1.4560390809087747,0.08934696018695831,0.05,14,,,,,1.4645407464912656,1300,2
1557,56,1.0,1.05,0.7727272727272727,1.05,3,20,17.59042394338528,0.21401848481122332,0.9,0.09999999999999998,18,2,1.3859815151887769,0.11003340780735016,0.05,18,,,,,1.4645407464912656,1300,2
1558,57,1.0,1.046875,1.046875,0.7,3,14,11.730054260184783,0.33704853898885556,0.9285714285714286,0.0714285714285714,13,1,1.3772371752968589,0.17938533425331116,0.05,13,,,,,1.4645407464912656,1300,2
1559,58,1.0,1.0535714285714286,1.0535714285714286,0.6617647058823529,3,15,12.646850419089006,0.24737786226554415,0.9333333333333333,0.06666666666666665,14,1,1.4859554710677894,0.14084777235984802,0.05,14,,,,,1.4645407464912656,1300,2
1560,59,1.0,1.0,1.0,0.71875,3,14,10.053739944774332,0.2430762441391175,0.9285714285714286,0.0714285714285714,13,1,1.471209470146597,0.06970502436161041,0.05,13,,,,,1.4645407464912656,1300,2
1561,60,1.0,1.0113636363636365,1.0113636363636365,0.9821428571428571,3,18,11.297501420528956,0.3198662266172753,0.8333333333333334,0.16666666666666663,15,3,1.013467106716058,0.05702720209956169,0.05,15,,,,,1.4645407464912656,1300,2
1562,61,1.0,1.0,0.8068181818181818,1.0,3,17,14.278015497639545,0.15543346414686768,0.9411764705882353,0.05882352941176472,16,1,1.6092724182060734,0.019363492727279663,0.05,16,,,,,1.4645407464912656,1300,2
1563,62,1.0,1.0416666666666667,0.8625,1.0416666666666667,3,17,14.199187380200929,0.3736158851428802,0.9411764705882353,0.05882352941176472,16,1,1.391089997210061,0.08313415199518204,0.05,16,,,,,1.4645407464912656,1300,2
1564,63,1.0,1.0166666666666666,0.775,1.0166666666666666,3,16,13.326126644738359,0.3088301849124724,0.9375,0.0625,15,1,1.4411698150875276,0.21149086952209473,0.05,15,,,,,1.4645407464912656,1300,2
1565,64,1.0,1.046875,1.046875,0.9333333333333333,3,17,11.658323868221606,0.29294972075847664,0.8823529411764706,0.11764705882352944,15,2,1.2364620439474057,0.055192649364471436,0.05,15,,,,,1.4645407464912656,1300,2
1566,65,1.0,1.0,0.925,1.0,3,17,14.956218800317586,0.09777081417951561,0.9411764705882353,0.05882352941176472,16,1,1.6669350681734256,0.03959945961833,0.05,16,,,,,1.4645407464912656,1300,2
1567,66,1.0,1.0,1.0,0.96875,3,22,18.411323588427592,0.16434301968436027,0.9090909090909091,0.09090909090909094,20,2,1.472020616679276,0.05691095441579819,0.05,20,,,,,1.4645407464912656,1300,2
1568,67,1.0,1.0833333333333333,1.0833333333333333,0.8035714285714286,3,17,14.601826585689656,0.19885696476301434,0.9411764705882353,0.05882352941176472,16,1,1.5658489175899268,0.014532860368490219,0.05,16,,,,,1.4645407464912656,1300,2
1569,68,1.0,1.03125,1.03125,0.7307692307692307,3,13,10.249420060453929,0.16166579848169524,0.9230769230769231,0.07692307692307687,12,1,1.5306418938259974,0.09943553805351257,0.05,12,,,,,1.4645407464912656,1300,2
1570,69,1.0,1.0138888888888888,1.0138888888888888,0.7833333333333333,3,17,13.686448004536457,0.27963974996437946,0.9411764705882353,0.05882352941176472,16,1,1.4850661323885617,0.1163141056895256,0.05,16,,,,,1.4645407464912656,1300,2
1571,70,1.0,1.046875,1.046875,0.9038461538461539,3,15,11.453885765684028,0.16107593448804045,0.9333333333333333,0.06666666666666665,14,1,1.572257398845293,0.09928061813116074,0.05,14,,,,,1.4645407464912656,1300,2
1572,71,1.0,1.0125,1.0125,0.90625,3,18,14.699853886904048,0.15674268285215887,0.9444444444444444,0.05555555555555558,17,1,1.621035094925619,0.1067262589931488,0.05,17,,,,,1.4645407464912656,1300,2
1573,72,1.0,1.0625,1.0625,1.03125,3,19,12.616700542778013,0.1355490973523924,0.8947368421052632,0.10526315789473684,17,2,1.4433982710686604,0.09166273474693298,0.05,17,,,,,1.4645407464912656,1300,2
1574,73,1.0,1.0416666666666667,1.0416666666666667,0.5166666666666667,3,9,6.075789386318116,0.1414213562373095,0.7777777777777778,0.2222222222222222,7,2,0.9696897548738017,0.03717171400785446,0.05,7,,,,,1.4645407464912656,1300,2
1575,74,1.0,1.0178571428571428,1.0178571428571428,0.796875,3,16,12.440179467070532,0.2709820258994188,0.9375,0.0625,15,1,1.4790179741005813,0.031842395663261414,0.05,15,,,,,1.4645407464912656,1300,2
1576,75,1.0,1.0972222222222223,1.0972222222222223,0.890625,3,17,10.67685608575344,0.18767893376831266,0.8823529411764706,0.11764705882352944,15,2,1.3417328309375696,0.041561368852853775,0.05,15,,,,,1.4645407464912656,1300,2
1577,76,1.0,1.0416666666666667,1.0416666666666667,0.8269230769230769,3,15,11.765239152979618,0.09899148817911609,0.8666666666666667,0.1333333333333333,13,2,1.3676751784875507,0.023069612681865692,0.05,13,,,,,1.4645407464912656,1300,2
1578,77,1.0,1.025,1.025,0.7647058823529411,3,17,13.279732322167307,0.3166672036694897,0.9411764705882353,0.05882352941176472,16,1,1.4480386786834514,0.1512770652770996,0.05,16,,,,,1.4645407464912656,1300,2
1579,78,1.0,1.0555555555555556,1.0555555555555556,0.75,3,14,9.07112304883101,0.3172763222229468,0.8571428571428571,0.1428571428571429,12,2,1.1112951063484815,0.0872463583946228,0.05,12,,,,,1.4645407464912656,1300,2
1580,79,1.0,1.0,1.0,0.609375,3,14,11.756757704391,0.20947270530392437,0.9285714285714286,0.0714285714285714,13,1,1.50481300898179,0.027369694784283638,0.05,13,,,,,1.4645407464912656,1300,2
1581,80,1.0,1.0892857142857142,1.0892857142857142,0.8,3,18,14.290524190653919,0.25335156326510316,0.9444444444444444,0.05555555555555558,17,1,1.5244262145126746,0.04167062044143677,0.05,17,,,,,1.4645407464912656,1300,2
1582,81,1.0,1.0892857142857142,1.0892857142857142,0.9464285714285714,3,18,11.8658340216386,0.4446483590858913,0.8888888888888888,0.11111111111111116,16,2,1.1109071964696642,0.06258322298526764,0.05,16,,,,,1.4645407464912656,1300,2
1583,82,1.0,1.109375,1.109375,0.8928571428571429,3,16,10.137607847770095,0.15826303943132428,0.9375,0.0625,15,1,1.5917369605686758,0.05448044091463089,0.05,15,,,,,1.4645407464912656,1300,2
1584,83,1.0,1.0166666666666666,0.9722222222222222,1.0166666666666666,3,18,14.03475143917605,0.2074483343335669,0.9444444444444444,0.05555555555555558,17,1,1.5703294434442108,0.07301658391952515,0.05,17,,,,,1.4645407464912656,1300,2
1585,84,1.0,1.015625,1.015625,0.6875,3,17,11.501886779282096,0.2545223267002846,0.9411764705882353,0.05882352941176472,16,1,1.5101835556526566,0.06777586787939072,0.05,16,,,,,1.4645407464912656,1300,2
1586,85,1.0,1.0555555555555556,1.0555555555555556,0.734375,3,20,15.71859742391937,0.2527431318167611,0.9,0.09999999999999998,18,2,1.347256868183239,0.05605918541550636,0.05,18,,,,,1.4645407464912656,1300,2
1587,86,1.0,1.0,0.825,1.0,3,19,14.942063808741452,0.36122590381776093,0.8947368421052632,0.10526315789473684,17,2,1.2177214646032917,0.071306973695755,0.05,17,,,,,1.4645407464912656,1300,2
1588,87,1.0,1.03125,0.7386363636363636,1.03125,3,20,18.506113129462182,0.13647850992819072,0.95,0.050000000000000044,19,1,1.6635214900718092,0.027339769527316093,0.05,19,,,,,1.4645407464912656,1300,2
1589,88,1.0,1.0,0.8611111111111112,1.0,3,19,17.902326368873048,0.08391004148329563,1.0,0.0,19,0,1.9160899585167044,0.04251565784215927,0.05,19,,,,,1.4645407464912656,1300,2
1590,89,1.0,1.0357142857142858,1.0357142857142858,0.7166666666666667,3,14,11.573156542967357,0.1792373894265324,0.8571428571428571,0.1428571428571429,12,2,1.249334039144896,0.04930727928876877,0.05,12,,,,,1.4645407464912656,1300,2
1591,90,1.0,1.0178571428571428,1.0178571428571428,0.9107142857142857,3,14,11.083951890138863,0.21007441758943007,0.9285714285714286,0.0714285714285714,13,1,1.5042112966962844,0.023617450147867203,0.05,13,,,,,1.4645407464912656,1300,2
1592,91,1.0,1.0833333333333333,1.0833333333333333,0.48333333333333334,3,10,7.063268712885732,0.2774034504063553,0.8,0.19999999999999996,8,2,0.9225965495936448,0.043091848492622375,0.05,8,,,,,1.4645407464912656,1300,2
1593,92,1.0,1.0,1.0,0.7142857142857143,3,16,12.396174983823606,0.283924572057213,0.9375,0.0625,15,1,1.466075427942787,0.03816577419638634,0.05,15,,,,,1.4645407464912656,1300,2
1594,93,1.0,1.05,0.90625,1.05,3,23,18.9154748777028,0.19657574034359826,0.9130434782608695,0.08695652173913049,21,2,1.4555981726998797,0.07174694538116455,0.05,21,,,,,1.4645407464912656,1300,2
1595,94,1.0,1.0972222222222223,1.0972222222222223,1.0333333333333334,3,21,13.319238486727361,0.18522396564229518,0.8571428571428571,0.1428571428571429,18,3,1.2433474629291332,0.03941536694765091,0.05,18,,,,,1.4645407464912656,1300,2
1596,95,1.0,1.0138888888888888,1.0138888888888888,0.7692307692307693,3,16,13.105394241528229,0.241606215734857,0.9375,0.0625,15,1,1.508393784265143,0.06150880455970764,0.05,15,,,,,1.4645407464912656,1300,2
1597,96,1.0,1.0138888888888888,1.0138888888888888,0.75,3,14,11.075828146858608,0.19598293346053342,0.8571428571428571,0.1428571428571429,12,2,1.232588495110895,0.058053236454725266,0.05,12,,,,,1.4645407464912656,1300,2
1598,97,1.0,1.125,1.125,0.7692307692307693,3,12,8.907513297308483,0.28722745470351907,0.8333333333333334,0.16666666666666663,10,2,1.0461058786298143,0.06188708171248436,0.05,10,,,,,1.4645407464912656,1300,2
1599,98,1.0,1.03125,1.03125,0.6,3,12,9.932838463695601,0.2815887329711456,0.9166666666666666,0.08333333333333337,11,1,1.385077933695521,0.021619081497192383,0.05,11,,,,,1.4645407464912656,1300,2
1600,99,1.0,1.0416666666666667,1.0416666666666667,0.9166666666666666,3,18,12.215754042153629,0.4366367364276761,0.8888888888888888,0.11111111111111116,16,2,1.1189188191278792,0.03714064136147499,0.05,16,1.4394426749458946,0.2042922304621835,0.9109337263520196,0.08906627364798048,1.4645407464912656,1300,3
1601,100,1.0,1.0,1.0,0.6730769230769231,3,11,9.949786778836678,0.1841807687576401,0.9090909090909091,0.09090909090909094,10,1,1.4521828676059962,0.02680262178182602,0.05,10,,,,,1.4645407464912656,1300,3
1602,101,1.0,1.015625,1.015625,0.78125,3,16,13.45478212986397,0.06370952701037821,0.9375,0.0625,15,1,1.6862904729896218,0.017346670851111412,0.05,15,,,,,1.4645407464912656,1300,3
1603,102,1.0,1.025,1.025,0.8333333333333334,3,17,11.9754877561994,0.27045212371033656,0.9411764705882353,0.05882352941176472,16,1,1.4942537586426046,0.03301927447319031,0.05,16,,,,,1.4645407464912656,1300,3
1604,103,1.0,1.0375,1.0375,0.6527777777777778,3,17,12.529975513244485,0.1993237898084177,0.9411764705882353,0.05882352941176472,16,1,1.5653820925445234,0.04293076694011688,0.05,16,,,,,1.4645407464912656,1300,3
1605,104,1.0,1.0,1.0,0.5555555555555556,3,15,12.531231328989282,0.3202002450125192,0.9333333333333333,0.06666666666666665,14,1,1.4131330883208142,0.07852412760257721,0.05,14,,,,,1.4645407464912656,1300,3
1606,105,1.0,1.0,1.0,0.95,3,21,17.96357336080688,0.19112858103113473,0.9047619047619048,0.09523809523809523,19,2,1.4279190380164843,0.024386797100305557,0.05,19,,,,,1.4645407464912656,1300,3
1607,106,1.0,1.078125,1.078125,0.671875,3,16,12.145609684124445,0.18659762281311673,0.9375,0.0625,15,1,1.5634023771868832,0.09620299190282822,0.05,15,,,,,1.4645407464912656,1300,3
1608,107,1.0,1.0,1.0,0.5588235294117647,3,16,14.642346892430487,0.1395363436249437,0.9375,0.0625,15,1,1.6104636563750563,0.02670259401202202,0.05,15,,,,,1.4645407464912656,1300,3
1609,108,1.0,1.078125,1.078125,0.8928571428571429,3,19,16.01155223596016,0.06382710000321201,0.9473684210526315,0.052631578947368474,18,1,1.725646584207314,0.08535495400428772,0.05,18,,,,,1.4645407464912656,1300,3
1610,109,1.0,1.0,1.0,0.7333333333333333,3,14,11.206750489707138,0.14713238589958413,0.9285714285714286,0.0714285714285714,13,1,1.5671533283861303,0.07169315218925476,0.05,13,,,,,1.4645407464912656,1300,3
1611,110,1.0,1.0535714285714286,1.0535714285714286,0.45588235294117646,3,12,10.586752713728309,0.22276908886598018,0.9166666666666666,0.08333333333333337,11,1,1.4438975778006864,0.05794603005051613,0.05,11,,,,,1.4645407464912656,1300,3
1612,111,1.0,1.0833333333333333,1.0833333333333333,0.95,3,17,12.519954923281057,0.27813722856422746,0.8823529411764706,0.11764705882352944,15,2,1.2512745361416548,0.05560767650604248,0.05,15,,,,,1.4645407464912656,1300,3
1613,112,1.0,1.0,1.0,0.9107142857142857,3,16,10.709024330169045,0.4436710757619292,0.875,0.125,14,2,1.0563289242380707,0.022739136591553688,0.05,14,,,,,1.4645407464912656,1300,3
1614,113,1.0,1.0,1.0,0.7333333333333333,3,14,8.889130297180177,0.42970970584256274,0.8571428571428571,0.1428571428571429,12,2,0.9988617227288656,0.040997691452503204,0.05,12,,,,,1.4645407464912656,1300,3
1615,114,1.0,1.0138888888888888,0.9659090909090909,1.0138888888888888,3,22,17.285582947693026,0.2552238604413636,0.9090909090909091,0.09090909090909094,20,2,1.3811397759222726,0.025597479194402695,0.05,20,,,,,1.4645407464912656,1300,3
1616,115,1.0,1.0,0.9583333333333334,1.0,3,18,14.14614886461322,0.05892556509887896,1.0,0.0,18,0,1.941074434901121,0.06508704274892807,0.05,18,,,,,1.4645407464912656,1300,3
1617,116,1.0,1.0,1.0,0.6617647058823529,3,15,12.064850798276584,0.1485513998284729,0.9333333333333333,0.06666666666666665,14,1,1.5847819335048605,0.04927637428045273,0.05,14,,,,,1.4645407464912656,1300,3
1618,117,1.0,1.0535714285714286,1.0535714285714286,0.5625,3,13,10.058098733060318,0.25196955891732575,0.8461538461538461,0.15384615384615385,11,2,1.1326458256980587,0.03431626409292221,0.05,11,,,,,1.4645407464912656,1300,3
1619,118,1.0,1.03125,1.03125,0.6166666666666667,3,19,14.974484876829894,0.2635557027310286,0.8947368421052632,0.10526315789473684,17,2,1.3153916656900242,0.05366424098610878,0.05,17,,,,,1.4645407464912656,1300,3
1620,119,1.0,1.03125,1.03125,0.9375,3,18,13.77253100705517,0.21785768660155327,0.9444444444444444,0.05555555555555558,17,1,1.5599200911762243,0.05715341866016388,0.05,17,,,,,1.4645407464912656,1300,3
1621,120,1.0,1.0,1.0,0.7666666666666667,3,17,12.40499820423716,0.2983342095119203,0.9411764705882353,0.05882352941176472,16,1,1.4663716728410208,0.06655853241682053,0.05,16,,,,,1.4645407464912656,1300,3
1622,121,1.0,1.0,1.0,0.5588235294117647,3,14,11.44599613333461,0.22376600026489113,0.9285714285714286,0.0714285714285714,13,1,1.4905197140208233,0.07000233978033066,0.05,13,,,,,1.4645407464912656,1300,3
1623,122,1.0,1.0694444444444444,1.0694444444444444,0.7058823529411765,3,16,10.229393240314941,0.3061448239221441,0.875,0.125,14,2,1.193855176077856,0.034147389233112335,0.05,14,,,,,1.4645407464912656,1300,3
1624,123,1.0,1.0,0.9027777777777778,1.0,3,14,10.643114437211093,0.2737535213133388,0.9285714285714286,0.0714285714285714,13,1,1.4405321929723756,0.07551790028810501,0.05,13,,,,,1.4645407464912656,1300,3
1625,124,1.0,1.0192307692307692,0.8068181818181818,1.0192307692307692,3,19,15.022225259825474,0.3656714896429729,0.9473684210526315,0.052631578947368474,18,1,1.4238021945675532,0.049267515540122986,0.05,18,,,,,1.4645407464912656,1300,3
1626,125,1.0,1.0,1.0,0.9166666666666666,3,19,15.425742529633844,0.20603955937407525,0.9473684210526315,0.052631578947368474,18,1,1.5834341248364507,0.0726410448551178,0.05,18,,,,,1.4645407464912656,1300,3
1627,126,1.0,1.0625,1.0625,0.921875,3,18,12.57022567807654,0.13420813109475624,0.8888888888888888,0.11111111111111116,16,2,1.421347424460799,0.10071995854377747,0.05,16,,,,,1.4645407464912656,1300,3
1628,127,1.0,1.0555555555555556,1.0555555555555556,0.890625,3,15,10.076135035309118,0.21918411717542396,0.8666666666666667,0.1333333333333333,13,2,1.247482549491243,0.020268607884645462,0.05,13,,,,,1.4645407464912656,1300,3
1629,128,1.0,1.0,0.7916666666666666,1.0,3,17,14.560643845130537,0.33606602250287104,0.9411764705882353,0.05882352941176472,16,1,1.42863985985007,0.08311130106449127,0.05,16,,,,,1.4645407464912656,1300,3
1630,129,1.0,1.0666666666666667,1.0416666666666667,1.0666666666666667,3,19,13.169882567217146,0.15520577360675059,0.8947368421052632,0.10526315789473684,17,2,1.4237415948143022,0.054005932062864304,0.05,17,,,,,1.4645407464912656,1300,3
1631,130,1.0,1.0,1.0,0.640625,3,13,11.052646665756523,0.18989213351852652,0.9230769230769231,0.07692307692307687,12,1,1.502415558789166,0.055846553295850754,0.05,12,,,,,1.4645407464912656,1300,3
1632,131,1.0,1.0333333333333334,0.75,1.0333333333333334,3,20,17.16878340364522,0.1714973556520412,0.95,0.050000000000000044,19,1,1.6285026443479587,0.04602839797735214,0.05,19,,,,,1.4645407464912656,1300,3
1633,132,1.0,1.015625,1.015625,0.8676470588235294,3,17,12.533466144558865,0.24616277767601646,0.9411764705882353,0.05882352941176472,16,1,1.5185431046769247,0.05497478321194649,0.05,16,,,,,1.4645407464912656,1300,3
1634,133,1.0,1.0625,1.0625,0.71875,3,15,10.786941507976497,0.09239630422023067,0.8666666666666667,0.1333333333333333,13,2,1.374270362446436,0.018111465498805046,0.05,13,,,,,1.4645407464912656,1300,3
1635,134,1.0,1.025,1.025,0.8,3,17,13.311349263093756,0.3428612293386676,0.9411764705882353,0.05882352941176472,16,1,1.4218446530142734,0.04418821632862091,0.05,16,,,,,1.4645407464912656,1300,3
1636,135,1.0,1.0694444444444444,1.0694444444444444,0.7666666666666667,3,17,13.074154212695648,0.050120047403961726,0.9411764705882353,0.05882352941176472,16,1,1.7145858349489793,0.05812295898795128,0.05,16,,,,,1.4645407464912656,1300,3
1637,136,1.0,1.109375,1.109375,0.875,3,16,12.55982001080036,0.2033671700852272,0.875,0.125,14,2,1.2966328299147727,0.056512292474508286,0.05,14,,,,,1.4645407464912656,1300,3
1638,137,1.0,1.0227272727272727,1.0227272727272727,0.875,3,20,16.03191251867534,0.2087459080529801,0.9,0.09999999999999998,18,2,1.39125409194702,0.03621174022555351,0.05,18,,,,,1.4645407464912656,1300,3
1639,138,1.0,1.0340909090909092,1.0340909090909092,1.0166666666666666,3,23,18.05160512880571,0.2221101275170272,0.9130434782608695,0.08695652173913049,21,2,1.4300637855264509,0.0642496645450592,0.05,21,,,,,1.4645407464912656,1300,3
1640,139,1.0,1.0192307692307692,0.775,1.0192307692307692,3,18,15.752004946443856,0.25827903963061105,0.9444444444444444,0.05555555555555558,17,1,1.5194987381471665,0.05439451336860657,0.05,17,,,,,1.4645407464912656,1300,3
1641,140,1.0,1.0208333333333333,1.0208333333333333,0.953125,3,18,13.88308372544375,0.24552318791199565,0.8888888888888888,0.11111111111111116,16,2,1.3100323676435597,0.042555928230285645,0.05,16,,,,,1.4645407464912656,1300,3
1642,141,1.0,1.0,1.0,0.8,3,14,10.564014657253813,0.22409707047361152,0.9285714285714286,0.0714285714285714,13,1,1.4901886438121028,0.038080841302871704,0.05,13,,,,,1.4645407464912656,1300,3
1643,142,1.0,1.0694444444444444,1.0694444444444444,0.6875,3,17,10.84417088329112,0.33424350829792104,0.8823529411764706,0.11764705882352944,15,2,1.1951682564079613,0.032188110053539276,0.05,15,,,,,1.4645407464912656,1300,3
1644,143,1.0,1.0,0.8068181818181818,1.0,3,20,16.814792680263647,0.34154658774397995,0.95,0.050000000000000044,19,1,1.45845341225602,0.049400534480810165,0.05,19,,,,,1.4645407464912656,1300,3
1645,144,1.0,1.0340909090909092,1.0340909090909092,0.9833333333333333,3,17,11.841455657633436,0.15736942986638083,0.8823529411764706,0.11764705882352944,15,2,1.3720423348395014,0.03576606512069702,0.05,15,,,,,1.4645407464912656,1300,3
1646,145,1.0,1.0375,1.0375,1.0208333333333333,3,17,12.38549974602045,0.2343234148701297,0.8823529411764706,0.11764705882352944,15,2,1.2950883498357526,0.10212644189596176,0.05,15,,,,,1.4645407464912656,1300,3
1647,146,1.0,1.0,0.8863636363636364,1.0,3,20,15.194277612292804,0.35132304533605774,0.9,0.09999999999999998,18,2,1.2486769546639425,0.0336490124464035,0.05,18,,,,,1.4645407464912656,1300,3
1648,147,1.0,1.05,1.05,0.95,3,18,14.18026191908126,0.13587750518848926,0.9444444444444444,0.05555555555555558,17,1,1.6419002725892884,0.019417494535446167,0.05,17,,,,,1.4645407464912656,1300,3
1649,148,1.0,1.0,0.75,1.0,3,16,12.584214437528763,0.16910086687392198,0.9375,0.0625,15,1,1.580899133126078,0.06392022967338562,0.05,15,,,,,1.4645407464912656,1300,3
1650,149,1.0,1.0178571428571428,0.9722222222222222,1.0178571428571428,3,19,13.35722857587387,0.2945008032388269,0.8947368421052632,0.10526315789473684,17,2,1.2844465651822257,0.0678081065416336,0.05,17,,,,,1.4645407464912656,1300,3
1651,150,1.0,1.05,0.8888888888888888,1.05,3,17,12.318069900766272,0.1768325932599732,0.9411764705882353,0.05882352941176472,16,1,1.5878732890929679,0.03466012701392174,0.05,16,,,,,1.4645407464912656,1300,3
1652,151,1.0,1.05,0.9722222222222222,1.05,3,19,11.943782947904197,0.357231895062885,0.8947368421052632,0.10526315789473684,17,2,1.2217154733581677,0.07837994396686554,0.05,17,,,,,1.4645407464912656,1300,3
1653,152,1.0,1.0357142857142858,1.0357142857142858,0.8392857142857143,3,14,10.661922975223906,0.26827996149556677,0.8571428571428571,0.1428571428571429,12,2,1.1602914670758617,0.05981970205903053,0.05,12,,,,,1.4645407464912656,1300,3
1654,153,1.0,1.0555555555555556,1.0555555555555556,0.6346153846153846,3,12,9.717884624673445,0.16345384933491655,0.9166666666666666,0.08333333333333337,11,1,1.50321281733175,0.048813264816999435,0.05,11,,,,,1.4645407464912656,1300,3
1655,154,1.0,1.0,0.925,1.0,3,20,16.63651371541465,0.15076740796964846,0.95,0.050000000000000044,19,1,1.6492325920303514,0.06282097101211548,0.05,19,,,,,1.4645407464912656,1300,3
1656,155,1.0,1.0125,1.0125,0.75,3,15,11.89072772345136,0.19834494905518024,0.8666666666666667,0.1333333333333333,13,2,1.2683217176114865,0.04594331607222557,0.05,13,,,,,1.4645407464912656,1300,3
1657,156,1.0,1.046875,1.046875,0.9038461538461539,3,16,14.404987765806485,0.11212212970973756,0.9375,0.0625,15,1,1.6378778702902625,0.05356266349554062,0.05,15,,,,,1.4645407464912656,1300,3
1658,157,1.0,1.0,1.0,0.75,3,12,9.619685245291883,0.03491612524993478,0.8333333333333334,0.16666666666666663,10,2,1.2984172080833987,0.07502368092536926,0.05,10,,,,,1.4645407464912656,1300,3
1659,158,1.0,1.0227272727272727,1.0227272727272727,0.9333333333333333,3,21,14.904292137426983,0.29198794539207734,0.9047619047619048,0.09523809523809523,19,2,1.3270596736555418,0.042422033846378326,0.05,19,,,,,1.4645407464912656,1300,3
1660,159,1.0,1.0384615384615385,0.9204545454545454,1.0384615384615385,3,17,12.00469557727933,0.281430626137945,0.8823529411764706,0.11764705882352944,15,2,1.2479811385679374,0.04697469249367714,0.05,15,,,,,1.4645407464912656,1300,3
1661,160,1.0,1.0,1.0,0.85,3,17,13.309621208675336,0.1486618736764452,0.9411764705882353,0.05882352941176472,16,1,1.616044008676496,0.08824273198843002,0.05,16,,,,,1.4645407464912656,1300,3
1662,161,1.0,1.0694444444444444,1.0694444444444444,0.7666666666666667,3,17,12.260281734835237,0.1926321068572325,0.9411764705882353,0.05882352941176472,16,1,1.5720737754957086,0.024212714284658432,0.05,16,,,,,1.4645407464912656,1300,3
1663,162,1.0,1.0,1.0,0.9,3,19,13.962451700323776,0.12986867205464758,0.9473684210526315,0.052631578947368474,18,1,1.6596050121558785,0.04932358115911484,0.05,18,,,,,1.4645407464912656,1300,3
1664,163,1.0,1.0416666666666667,1.0416666666666667,0.703125,3,15,9.50773963255838,0.1788357537713453,0.8666666666666667,0.1333333333333333,13,2,1.2878309128953216,0.04363435134291649,0.05,13,,,,,1.4645407464912656,1300,3
1665,164,1.0,1.0535714285714286,1.0535714285714286,0.578125,3,11,8.270970524174231,0.1516524379706451,0.9090909090909091,0.09090909090909094,10,1,1.484711198392991,0.0616653636097908,0.05,10,,,,,1.4645407464912656,1300,3
1666,165,1.0,1.05,0.8636363636363636,1.05,3,19,14.62250832539397,0.39613322612469604,0.8947368421052632,0.10526315789473684,17,2,1.1828141422963567,0.028922922909259796,0.05,17,,,,,1.4645407464912656,1300,3
1667,166,1.0,1.0892857142857142,1.0892857142857142,0.6833333333333333,3,14,10.281060859326669,0.21620255739146396,0.8571428571428571,0.1428571428571429,12,2,1.2123688711799645,0.06893227994441986,0.05,12,,,,,1.4645407464912656,1300,3
1668,167,1.0,1.0555555555555556,1.0555555555555556,0.7352941176470589,3,14,10.14227548362737,0.36835913534311904,0.8571428571428571,0.1428571428571429,12,2,1.0602122932283093,0.10101711750030518,0.05,12,,,,,1.4645407464912656,1300,3
1669,168,1.0,1.0535714285714286,1.0535714285714286,0.71875,3,12,8.124215932064672,0.32038276236885216,0.8333333333333334,0.16666666666666663,10,2,1.0129505709644813,0.02876899763941765,0.05,10,,,,,1.4645407464912656,1300,3
1670,169,1.0,1.0,1.0,0.6964285714285714,3,14,9.583687202831149,0.27790420131635357,0.8571428571428571,0.1428571428571429,12,2,1.1506672272550749,0.05576161667704582,0.05,12,,,,,1.4645407464912656,1300,3
1671,170,1.0,1.0416666666666667,1.0416666666666667,0.8529411764705882,3,19,13.848788803012635,0.2776480060436515,0.9473684210526315,0.052631578947368474,18,1,1.5118256781668746,0.04554864764213562,0.05,18,,,,,1.4645407464912656,1300,3
1672,171,1.0,1.0138888888888888,1.0138888888888888,0.8333333333333334,3,17,12.61978135006538,0.23066240090888082,0.9411764705882353,0.05882352941176472,16,1,1.5340434814440602,0.0418456569314003,0.05,16,,,,,1.4645407464912656,1300,3
1673,172,1.0,1.0,0.875,1.0,3,18,15.630587190342597,0.11219644837104173,0.9444444444444444,0.05555555555555558,17,1,1.6655813294067359,0.02539430558681488,0.05,17,,,,,1.4645407464912656,1300,3
1674,173,1.0,1.0178571428571428,1.0178571428571428,0.4,3,12,10.017930090438352,0.1874797267983933,0.9166666666666666,0.08333333333333337,11,1,1.479186939868273,0.04223893582820892,0.05,11,,,,,1.4645407464912656,1300,3
1675,174,1.0,1.0,1.0,0.9558823529411765,3,20,16.924211681766373,0.20508266385316715,0.95,0.050000000000000044,19,1,1.5949173361468327,0.05161033570766449,0.05,19,,,,,1.4645407464912656,1300,3
1676,175,1.0,1.03125,1.03125,0.6666666666666666,3,15,10.242927536760886,0.3164734114537759,0.9333333333333333,0.06666666666666665,14,1,1.4168599218795574,0.041795969009399414,0.05,14,,,,,1.4645407464912656,1300,3
1677,176,1.0,1.046875,1.046875,0.71875,3,17,13.925766018621754,0.16326659187611925,0.9411764705882353,0.05882352941176472,16,1,1.6014392904768218,0.0313255712389946,0.05,16,,,,,1.4645407464912656,1300,3
1678,177,1.0,1.0714285714285714,1.0714285714285714,0.7794117647058824,3,17,13.44750136269031,0.17590062013774765,0.8823529411764706,0.11764705882352944,15,2,1.3535111445681345,0.06966617703437805,0.05,15,,,,,1.4645407464912656,1300,3
1679,178,1.0,1.0555555555555556,1.0555555555555556,0.828125,3,20,14.318696902996525,0.21605356956988575,0.9,0.09999999999999998,18,2,1.3839464304301143,0.07613834738731384,0.05,18,,,,,1.4645407464912656,1300,3
1680,179,1.0,1.05,1.05,1.0,3,22,16.18893154066025,0.2674496016024068,0.9090909090909091,0.09090909090909094,20,2,1.3689140347612294,0.0543852224946022,0.05,20,,,,,1.4645407464912656,1300,3
1681,180,1.0,1.046875,1.046875,0.5625,3,12,10.106280901106388,0.12580853353508842,0.9166666666666666,0.08333333333333337,11,1,1.540858133131578,0.04497423395514488,0.05,11,,,,,1.4645407464912656,1300,3
1682,181,1.0,1.0138888888888888,1.0138888888888888,0.7166666666666667,3,16,12.679900228682923,0.07870862815456374,0.875,0.125,14,2,1.4212913718454363,0.025278247892856598,0.05,14,,,,,1.4645407464912656,1300,3
1683,182,1.0,1.0,1.0,0.8823529411764706,3,19,13.769669094819022,0.20304596808203573,0.9473684210526315,0.052631578947368474,18,1,1.5864277161284903,0.019536590203642845,0.05,18,,,,,1.4645407464912656,1300,3
1684,183,1.0,1.05,0.9375,1.05,3,20,15.762260476433685,0.2785305616086415,0.9,0.09999999999999998,18,2,1.3214694383913586,0.02724119834601879,0.05,18,,,,,1.4645407464912656,1300,3
1685,184,1.0,1.0375,1.0375,0.953125,3,19,13.583485149716006,0.1472196058905846,0.8947368421052632,0.10526315789473684,17,2,1.431727762530468,0.08490993827581406,0.05,17,,,,,1.4645407464912656,1300,3
1686,185,1.0,1.09375,1.09375,0.765625,3,17,11.692765940978488,0.3145212190156651,0.8823529411764706,0.11764705882352944,15,2,1.214890545690217,0.046946361660957336,0.05,15,,,,,1.4645407464912656,1300,3
1687,186,1.0,1.0138888888888888,1.0138888888888888,0.6911764705882353,3,17,13.36579243875174,0.15523076411754402,0.9411764705882353,0.05882352941176472,16,1,1.609475118235397,0.0626106932759285,0.05,16,,,,,1.4645407464912656,1300,3
1688,187,1.0,1.0333333333333334,0.9270833333333334,1.0333333333333334,3,20,15.656516149369656,0.1397233742922352,0.9,0.09999999999999998,18,2,1.4602766257077648,0.04022066667675972,0.05,18,,,,,1.4645407464912656,1300,3
1689,188,1.0,1.0,1.0,0.9,3,18,13.929791861440536,0.24687996592415548,0.9444444444444444,0.05555555555555558,17,1,1.5308978118536223,0.04975578933954239,0.05,17,,,,,1.4645407464912656,1300,3
1690,189,1.0,1.0,0.9027777777777778,1.0,3,20,15.794158503037997,0.21134823175023354,0.95,0.050000000000000044,19,1,1.5886517682497663,0.06546944379806519,0.05,19,,,,,1.4645407464912656,1300,3
1691,190,1.0,1.03125,1.03125,0.703125,3,15,12.449041120832552,0.10713083141086865,0.9333333333333333,0.06666666666666665,14,1,1.6262025019224646,0.03468913212418556,0.05,14,,,,,1.4645407464912656,1300,3
1692,191,1.0,1.0208333333333333,1.0208333333333333,0.65625,3,18,13.128477068167587,0.31931435107143996,0.9444444444444444,0.05555555555555558,17,1,1.4584634267063377,0.039512548595666885,0.05,17,,,,,1.4645407464912656,1300,3
1693,192,1.0,1.0,1.0,0.5735294117647058,3,14,11.328068053428272,0.2871963248709839,0.9285714285714286,0.0714285714285714,13,1,1.4270893894147305,0.05378496274352074,0.05,13,,,,,1.4645407464912656,1300,3
1694,193,1.0,1.0,1.0,0.9166666666666666,3,17,12.689885846919116,0.2749859704614352,0.8823529411764706,0.11764705882352944,15,2,1.254425794244447,0.019058477133512497,0.05,15,,,,,1.4645407464912656,1300,3
1695,194,1.0,1.0416666666666667,1.0416666666666667,0.96875,3,18,12.90028840848998,0.3053984632116437,0.8888888888888888,0.11111111111111116,16,2,1.2501570923439116,0.022159256041049957,0.05,16,,,,,1.4645407464912656,1300,3
1696,195,1.0,1.0,0.875,1.0,3,15,10.604134017709113,0.3637142384412059,0.8666666666666667,0.1333333333333333,13,2,1.102952428225461,0.029239365831017494,0.05,13,,,,,1.4645407464912656,1300,3
1697,196,1.0,1.0,1.0,0.9107142857142857,3,14,11.766351084185343,0.20346799135010482,0.9285714285714286,0.0714285714285714,13,1,1.5108177229356097,0.07329113781452179,0.05,13,,,,,1.4645407464912656,1300,3
1698,197,1.0,1.0576923076923077,1.0555555555555556,1.0576923076923077,3,19,12.699509664651789,0.16596794310986795,0.8947368421052632,0.10526315789473684,17,2,1.4129794253111847,0.07801705598831177,0.05,17,,,,,1.4645407464912656,1300,3
1699,198,1.0,1.015625,0.95,1.015625,3,19,13.290492863073268,0.2427530469498715,0.8947368421052632,0.10526315789473684,17,2,1.3361943214711811,0.03711977228522301,0.05,17,,,,,1.4645407464912656,1300,3
1700,199,1.0,1.09375,1.09375,0.6029411764705882,3,12,7.665758600338672,0.2924856859472332,0.8333333333333334,0.16666666666666663,10,2,1.0408476473861004,0.03181871771812439,0.05,10,1.4028858432028013,0.22427649098564653,0.9067905835471121,0.093209416452888,1.4645407464912656,1300,4
1701,200,1.0,1.0178571428571428,1.0178571428571428,0.8333333333333334,3,17,14.171499780158959,0.15440902358111716,0.9411764705882353,0.05882352941176472,16,1,1.610296858771824,0.04439988732337952,0.05,16,,,,,1.4645407464912656,1300,4
1702,201,1.0,1.0384615384615385,0.8875,1.0384615384615385,3,18,12.39720481935137,0.36138475473976406,0.8888888888888888,0.11111111111111116,16,2,1.1941708008157912,0.016633909195661545,0.05,16,,,,,1.4645407464912656,1300,4
1703,202,1.0,1.0125,1.0125,0.95,3,20,14.58158492878673,0.26748123867385426,0.9,0.09999999999999998,18,2,1.3325187613261458,0.04306585341691971,0.05,18,,,,,1.4645407464912656,1300,4
1704,203,1.0,1.0,0.9625,1.0,3,19,14.879468448230423,0.16548069536927054,0.9473684210526315,0.052631578947368474,18,1,1.6239929888412556,0.05120256543159485,0.05,18,,,,,1.4645407464912656,1300,4
1705,204,1.0,1.03125,1.03125,0.6153846153846154,3,13,10.246976053883627,0.17453877416163555,0.9230769230769231,0.07692307692307687,12,1,1.517768918146057,0.07197228074073792,0.05,12,,,,,1.4645407464912656,1300,4
1706,205,1.0,1.0,0.7954545454545454,1.0,3,20,19.34473937232578,0.14665772279126998,1.0,0.0,20,0,1.85334227720873,0.05191950500011444,0.05,20,,,,,1.4645407464912656,1300,4
1707,206,1.0,1.125,1.125,0.5892857142857143,3,11,7.78696639020135,0.23104430448173907,0.8181818181818182,0.18181818181818177,9,2,1.041682968245534,0.04115951806306839,0.05,9,,,,,1.4645407464912656,1300,4
1708,207,1.0,1.0,1.0,1.0,3,20,14.326624027442008,0.053740133761423635,0.9,0.09999999999999998,18,2,1.5462598662385765,0.07457409799098969,0.05,18,,,,,1.4645407464912656,1300,4
1709,208,1.0,1.0666666666666667,0.825,1.0666666666666667,3,20,18.037446663101626,0.2596525447383132,0.95,0.050000000000000044,19,1,1.5403474552616867,0.07360729575157166,0.05,19,,,,,1.4645407464912656,1300,4
1710,209,1.0,1.0,1.0,0.7333333333333333,3,18,15.745661512260806,0.1210267188856301,0.9444444444444444,0.05555555555555558,17,1,1.6567510588921475,0.026218190789222717,0.05,17,,,,,1.4645407464912656,1300,4
1711,210,1.0,1.0,1.0,0.796875,3,16,13.426574407022315,0.13318067191279886,0.9375,0.0625,15,1,1.6168193280872012,0.06781621277332306,0.05,15,,,,,1.4645407464912656,1300,4
1712,211,1.0,1.0,1.0,0.9464285714285714,3,18,11.236473558091898,0.16356805671013736,0.9444444444444444,0.05555555555555558,17,1,1.6142097210676403,0.04740701988339424,0.05,17,,,,,1.4645407464912656,1300,4
1713,212,1.0,1.015625,1.015625,0.9107142857142857,3,18,12.454869767178145,0.2835415192681529,0.8888888888888888,0.11111111111111116,16,2,1.2720140362874024,0.08920978754758835,0.05,16,,,,,1.4645407464912656,1300,4
1714,213,1.0,1.0277777777777777,1.0277777777777777,0.8,3,14,10.987038475596206,0.19109657525028795,0.9285714285714286,0.0714285714285714,13,1,1.5231891390354264,0.03252269700169563,0.05,13,,,,,1.4645407464912656,1300,4
1715,214,1.0,1.0178571428571428,0.9204545454545454,1.0178571428571428,3,17,14.74065892445157,0.15188532019341583,0.9411764705882353,0.05882352941176472,16,1,1.6128205621595253,0.05017492175102234,0.05,16,,,,,1.4645407464912656,1300,4
1716,215,1.0,1.0,1.0,0.9166666666666666,3,21,15.921102011523288,0.2932955820026356,0.9047619047619048,0.09523809523809523,19,2,1.3257520370449833,0.03272818773984909,0.05,19,,,,,1.4645407464912656,1300,4
1717,216,1.0,1.0,0.9166666666666666,1.0,3,20,16.365540333887726,0.09045319447576107,0.95,0.050000000000000044,19,1,1.7095468055242387,0.037188246846199036,0.05,19,,,,,1.4645407464912656,1300,4
1718,217,1.0,1.0375,1.0375,0.9375,3,19,14.322963477530003,0.17598453689675098,0.8947368421052632,0.10526315789473684,17,2,1.4029628315243017,0.05492708459496498,0.05,17,,,,,1.4645407464912656,1300,4
1719,218,1.0,1.025,1.025,0.9666666666666667,3,19,14.107397283149629,0.18388845902323372,0.8947368421052632,0.10526315789473684,17,2,1.395058909397819,0.049978770315647125,0.05,17,,,,,1.4645407464912656,1300,4
1720,219,1.0,1.0555555555555556,1.0555555555555556,0.8970588235294118,3,18,14.001218246871009,0.10331813750379928,0.9444444444444444,0.05555555555555558,17,1,1.6744596402739784,0.021876657381653786,0.05,17,,,,,1.4645407464912656,1300,4
1721,220,1.0,1.0,1.0,0.6617647058823529,3,16,14.278596460830338,0.21831209351341566,0.9375,0.0625,15,1,1.5316879064865843,0.04150005429983139,0.05,15,,,,,1.4645407464912656,1300,4
1722,221,1.0,1.0,1.0,0.8928571428571429,3,15,10.38901175806349,0.1671403618237587,0.9333333333333333,0.06666666666666665,14,1,1.5661929715095746,0.020376261323690414,0.05,14,,,,,1.4645407464912656,1300,4
1723,222,1.0,1.0555555555555556,1.0555555555555556,0.75,3,15,10.689840487626117,0.17110221348257243,0.8666666666666667,0.1333333333333333,13,2,1.2955644531840944,0.06594794243574142,0.05,13,,,,,1.4645407464912656,1300,4
1724,223,1.0,1.0972222222222223,1.0972222222222223,0.9464285714285714,3,19,11.642154662333382,0.17467611414934686,0.8947368421052632,0.10526315789473684,17,2,1.4042712542717057,0.026293378323316574,0.05,17,,,,,1.4645407464912656,1300,4
1725,224,1.0,1.0178571428571428,1.0178571428571428,0.6,3,12,10.010731862128203,0.19270551461208502,0.9166666666666666,0.08333333333333337,11,1,1.4739611520545814,0.0983884185552597,0.05,11,,,,,1.4645407464912656,1300,4
1726,225,1.0,1.109375,1.109375,0.7857142857142857,3,14,9.48143052636724,0.2920252207297749,0.8571428571428571,0.1428571428571429,12,2,1.1365462078416535,0.03592946380376816,0.05,12,,,,,1.4645407464912656,1300,4
1727,226,1.0,1.0555555555555556,1.0555555555555556,1.0,3,17,12.17205069942985,0.15585501998274112,0.8823529411764706,0.11764705882352944,15,2,1.3735567447231412,0.03048272430896759,0.05,15,,,,,1.4645407464912656,1300,4
1728,227,1.0,1.0,0.75,1.0,3,19,16.83566828165016,0.2583227348667857,0.9473684210526315,0.052631578947368474,18,1,1.5311509493437405,0.02576112002134323,0.05,18,,,,,1.4645407464912656,1300,4
1729,228,1.0,1.0277777777777777,1.0277777777777777,0.6470588235294118,3,15,11.569696679507993,0.1412306627666451,0.8666666666666667,0.1333333333333333,13,2,1.3254360039000217,0.02403726801276207,0.05,13,,,,,1.4645407464912656,1300,4
1730,229,1.0,1.0,1.0,0.71875,3,19,16.10227144945161,0.2835681209709714,0.9473684210526315,0.052631578947368474,18,1,1.5059055632395546,0.06010250747203827,0.05,18,,,,,1.4645407464912656,1300,4
1731,230,1.0,1.0138888888888888,1.0138888888888888,0.7833333333333333,3,19,14.270786346260179,0.2663199195253847,0.9473684210526315,0.052631578947368474,18,1,1.5231537646851414,0.048441529273986816,0.05,18,,,,,1.4645407464912656,1300,4
1732,231,1.0,1.078125,1.078125,0.45588235294117646,3,12,11.387989104680337,0.11148957732851392,0.9166666666666666,0.08333333333333337,11,1,1.5551770893381527,0.04126206785440445,0.05,11,,,,,1.4645407464912656,1300,4
1733,232,1.0,1.0125,1.0125,0.8833333333333333,3,19,16.606276220642094,0.18348086711807793,0.9473684210526315,0.052631578947368474,18,1,1.6059928170924482,0.05347084999084473,0.05,18,,,,,1.4645407464912656,1300,4
1734,233,1.0,1.0113636363636365,1.0113636363636365,0.8823529411764706,3,23,20.309831722188253,0.08642416214502248,0.9565217391304348,0.04347826086956519,22,1,1.7396627943767167,0.021156376227736473,0.05,22,,,,,1.4645407464912656,1300,4
1735,234,1.0,1.0,1.0,0.85,3,19,14.36136842169297,0.1493263881627251,0.9473684210526315,0.052631578947368474,18,1,1.640147296047801,0.02657073736190796,0.05,18,,,,,1.4645407464912656,1300,4
1736,235,1.0,1.015625,1.015625,0.75,3,12,9.641213794011481,0.2887352689845069,0.9166666666666666,0.08333333333333337,11,1,1.3779313976821597,0.029736921191215515,0.05,11,,,,,1.4645407464912656,1300,4
1737,236,1.0,1.0166666666666666,0.8229166666666666,1.0166666666666666,3,18,16.193517217900645,0.24424351483935403,0.9444444444444444,0.05555555555555558,17,1,1.5335342629384237,0.04387237876653671,0.05,17,,,,,1.4645407464912656,1300,4
1738,237,1.0,1.0,1.0,0.8846153846153846,3,17,12.730929413876964,0.18266077796574381,0.8823529411764706,0.11764705882352944,15,2,1.3467509867401384,0.04228394478559494,0.05,15,,,,,1.4645407464912656,1300,4
1739,238,1.0,1.0147058823529411,0.875,1.0147058823529411,3,19,13.986295435478935,0.09556429051556736,0.9473684210526315,0.052631578947368474,18,1,1.6939093936949587,0.018520355224609375,0.05,18,,,,,1.4645407464912656,1300,4
1740,239,1.0,1.0,0.9375,1.0,3,16,7.661773840010527,0.34573104651672915,0.875,0.125,14,2,1.1542689534832709,0.08148747682571411,0.05,14,,,,,1.4645407464912656,1300,4
1741,240,1.0,1.0277777777777777,1.0277777777777777,0.875,3,16,11.488577518457,0.20590110163323389,0.875,0.125,14,2,1.294098898366766,0.03031127341091633,0.05,14,,,,,1.4645407464912656,1300,4
1742,241,1.0,1.0178571428571428,0.859375,1.0178571428571428,3,15,11.789923710754636,0.2648053568577044,0.8666666666666667,0.1333333333333333,13,2,1.2018613098089623,0.040313657373189926,0.05,13,,,,,1.4645407464912656,1300,4
1743,242,1.0,1.0,0.7045454545454546,1.0,3,19,15.938606633904481,0.2428782032627647,0.9473684210526315,0.052631578947368474,18,1,1.5465954809477613,0.026859324425458908,0.05,18,,,,,1.4645407464912656,1300,4
1744,243,1.0,1.0,0.75,1.0,3,20,17.73030777579324,0.1767766952966369,1.0,0.0,20,0,1.823223304703363,0.03818442299962044,0.05,20,,,,,1.4645407464912656,1300,4
1745,244,1.0,1.0,0.6805555555555556,1.0,3,18,15.111738642571936,0.14893952236947594,0.9444444444444444,0.05555555555555558,17,1,1.6288382554083016,0.04599585384130478,0.05,17,,,,,1.4645407464912656,1300,4
1746,245,1.0,1.0178571428571428,1.0178571428571428,0.6166666666666667,3,12,9.751572484242471,0.2168011800748227,0.9166666666666666,0.08333333333333337,11,1,1.4498654865918439,0.028760375455021858,0.05,11,,,,,1.4645407464912656,1300,4
1747,246,1.0,1.0416666666666667,0.8888888888888888,1.0416666666666667,3,18,12.52257421129412,0.26968238286568047,0.8888888888888888,0.11111111111111116,16,2,1.2858731726898749,0.034050844609737396,0.05,16,,,,,1.4645407464912656,1300,4
1748,247,1.0,1.0,1.0,0.875,3,19,14.502770410682645,0.11685253051983466,0.9473684210526315,0.052631578947368474,18,1,1.6726211536906914,0.038880132138729095,0.05,18,,,,,1.4645407464912656,1300,4
1749,248,1.0,1.046875,1.0113636363636365,1.046875,3,20,15.563597212119575,0.07642325512282046,0.9,0.09999999999999998,18,2,1.5235767448771795,0.021961485967040062,0.05,18,,,,,1.4645407464912656,1300,4
1750,249,1.0,1.03125,1.03125,0.8833333333333333,3,17,13.465454583967745,0.1727727507346205,0.9411764705882353,0.05882352941176472,16,1,1.5919331316183207,0.06121104583144188,0.05,16,,,,,1.4645407464912656,1300,4
1751,250,1.0,1.0192307692307692,0.9375,1.0192307692307692,3,18,13.732893795386843,0.10017346066809422,0.9444444444444444,0.05555555555555558,17,1,1.6776043171096835,0.02672247216105461,0.05,17,,,,,1.4645407464912656,1300,4
1752,251,1.0,1.1071428571428572,1.1071428571428572,0.8928571428571429,3,18,13.611388357924467,0.2662932421126023,0.8888888888888888,0.11111111111111116,16,2,1.289262313442953,0.013538315892219543,0.05,16,,,,,1.4645407464912656,1300,4
1753,252,1.0,1.075,1.075,0.9,3,19,14.794090764878012,0.23015593692866881,0.8947368421052632,0.10526315789473684,17,2,1.348791431492384,0.015250742435455322,0.05,17,,,,,1.4645407464912656,1300,4
1754,253,1.0,1.0,1.0,0.984375,3,20,16.213860363066196,0.1451973848745668,0.95,0.050000000000000044,19,1,1.654802615125433,0.02928188443183899,0.05,19,,,,,1.4645407464912656,1300,4
1755,254,1.0,1.075,1.075,0.95,3,19,12.626248836990323,0.21437759661897354,0.8947368421052632,0.10526315789473684,17,2,1.364569771802079,0.019895538687705994,0.05,17,,,,,1.4645407464912656,1300,4
1756,255,1.0,1.0192307692307692,0.9375,1.0192307692307692,3,18,13.422517444427388,0.05728465163314213,0.8888888888888888,0.11111111111111116,16,2,1.4982709039224131,0.03163222596049309,0.05,16,,,,,1.4645407464912656,1300,4
1757,256,1.0,1.0375,1.0375,0.9464285714285714,3,20,14.385479341873348,0.3819963032937218,0.85,0.15000000000000002,17,3,1.018003696706278,0.050818413496017456,0.05,17,,,,,1.4645407464912656,1300,4
1758,257,1.0,1.0666666666666667,1.015625,1.0666666666666667,3,18,13.925788320532757,0.11168142503827289,0.8888888888888888,0.11111111111111116,16,2,1.4438741305172824,0.05284162610769272,0.05,16,,,,,1.4645407464912656,1300,4
1759,258,1.0,1.078125,1.078125,0.5666666666666667,3,13,11.050138367128488,0.3167412800323696,0.9230769230769231,0.07692307692307687,12,1,1.3755664122753228,0.013206726871430874,0.05,12,,,,,1.4645407464912656,1300,4
1760,259,1.0,1.0535714285714286,1.0535714285714286,0.6785714285714286,3,11,8.848648715038056,0.18659762281311665,0.9090909090909091,0.09090909090909094,10,1,1.4497660135505195,0.0603906512260437,0.05,10,,,,,1.4645407464912656,1300,4
1761,260,1.0,1.0833333333333333,0.9875,1.0833333333333333,3,17,11.580033469314591,0.3872866057671839,0.8823529411764706,0.11764705882352944,15,2,1.1421251589386983,0.08725760877132416,0.05,15,,,,,1.4645407464912656,1300,4
1762,261,1.0,1.0192307692307692,0.9722222222222222,1.0192307692307692,3,18,12.914682196084808,0.3515562639311788,0.8888888888888888,0.11111111111111116,16,2,1.2039992916243767,0.05071499943733215,0.05,16,,,,,1.4645407464912656,1300,4
1763,262,1.0,1.0384615384615385,0.75,1.0384615384615385,3,14,12.526308289947774,0.17442598576550084,0.9285714285714286,0.0714285714285714,13,1,1.5398597285202136,0.033650316298007965,0.05,13,,,,,1.4645407464912656,1300,4
1764,263,1.0,1.0,1.0,0.875,3,18,14.442844051856163,0.15637082220785262,0.9444444444444444,0.05555555555555558,17,1,1.621406955569925,0.021407082676887512,0.05,17,,,,,1.4645407464912656,1300,4
1765,264,1.0,1.0375,1.0375,0.9666666666666667,3,20,13.105601405580675,0.1964185503295965,0.9,0.09999999999999998,18,2,1.4035814496704035,0.05197232961654663,0.05,18,,,,,1.4645407464912656,1300,4
1766,265,1.0,1.0714285714285714,1.0714285714285714,0.5666666666666667,3,13,9.83750009823394,0.14635634228500866,0.8461538461538461,0.15384615384615385,11,2,1.2382590423303759,0.033119283616542816,0.05,11,,,,,1.4645407464912656,1300,4
1767,266,1.0,1.09375,1.09375,0.75,3,18,12.264048474153707,0.30071967819597367,0.8888888888888888,0.11111111111111116,16,2,1.2548358773595818,0.026427878066897392,0.05,16,,,,,1.4645407464912656,1300,4
1768,267,1.0,1.0694444444444444,1.0694444444444444,0.8088235294117647,3,20,13.666791993179443,0.17360731998222248,0.9,0.09999999999999998,18,2,1.4263926800177775,0.021015428006649017,0.05,18,,,,,1.4645407464912656,1300,4
1769,268,1.0,1.015625,1.015625,0.7205882352941176,3,18,13.562764316662856,0.26602278205378593,0.9444444444444444,0.05555555555555558,17,1,1.5117549957239917,0.032158613204956055,0.05,17,,,,,1.4645407464912656,1300,4
1770,269,1.0,1.0535714285714286,0.9375,1.0535714285714286,3,19,14.509407186887136,0.25043365167023557,0.9473684210526315,0.052631578947368474,18,1,1.5390400325402906,0.045110367238521576,0.05,18,,,,,1.4645407464912656,1300,4
1771,270,1.0,1.0625,0.9659090909090909,1.0625,3,20,14.765899702482299,0.19629120526577765,0.9,0.09999999999999998,18,2,1.4037087947342224,0.06748095899820328,0.05,18,,,,,1.4645407464912656,1300,4
1772,271,1.0,1.0441176470588236,0.8863636363636364,1.0441176470588236,3,24,20.40848951139577,0.1515820547103376,0.9583333333333334,0.04166666666666663,23,1,1.6817512786229958,0.011852679774165154,0.05,23,,,,,1.4645407464912656,1300,4
1773,272,1.0,1.078125,1.078125,0.8333333333333334,3,18,11.910548552183167,0.23509012060674483,0.9444444444444444,0.05555555555555558,17,1,1.5426876571710328,0.02713310904800892,0.05,17,,,,,1.4645407464912656,1300,4
1774,273,1.0,1.0,1.0,0.9615384615384616,3,21,15.52526606126369,0.21704249811420417,0.9047619047619048,0.09523809523809523,19,2,1.402005120933415,0.02398517169058323,0.05,19,,,,,1.4645407464912656,1300,4
1775,274,1.0,1.0,0.8888888888888888,1.0,3,21,16.62348855664249,0.17096591679768275,0.9523809523809523,0.04761904761904767,20,1,1.6385578927261266,0.06031595543026924,0.05,20,,,,,1.4645407464912656,1300,4
1776,275,1.0,1.0625,1.0625,0.6875,3,13,10.35239841805958,0.3907245010920426,0.9230769230769231,0.07692307692307687,12,1,1.30158319121565,0.03149883821606636,0.05,12,,,,,1.4645407464912656,1300,4
1777,276,1.0,1.05,1.05,0.953125,3,25,20.73352555643436,0.22900635113728646,0.92,0.07999999999999996,23,2,1.4509936488627138,0.048966389149427414,0.05,23,,,,,1.4645407464912656,1300,4
1778,277,1.0,1.0166666666666666,0.925,1.0166666666666666,3,19,13.658724459162144,0.1312812190901677,0.9473684210526315,0.052631578947368474,18,1,1.6581924651203583,0.03395353630185127,0.05,18,,,,,1.4645407464912656,1300,4
1779,278,1.0,1.0166666666666666,0.9479166666666666,1.0166666666666666,3,24,17.842684665877247,0.37496729519705824,0.875,0.125,21,3,1.1250327048029418,0.057778071612119675,0.05,21,,,,,1.4645407464912656,1300,4
1780,279,1.0,1.0277777777777777,1.0277777777777777,0.890625,3,18,13.211492791741321,0.20990902681548457,0.9444444444444444,0.05555555555555558,17,1,1.567868750962293,0.013764344155788422,0.05,17,,,,,1.4645407464912656,1300,4
1781,280,1.0,1.0,1.0,0.7678571428571429,3,16,14.247399612519022,0.27003086243366087,0.9375,0.0625,15,1,1.479969137566339,0.0241443682461977,0.05,15,,,,,1.4645407464912656,1300,4
1782,281,1.0,1.0,1.0,0.953125,3,20,15.689587134935133,0.20900890668378883,0.9,0.09999999999999998,18,2,1.3909910933162113,0.051678404211997986,0.05,18,,,,,1.4645407464912656,1300,4
1783,282,1.0,1.03125,1.03125,0.6428571428571429,3,14,10.124979724172992,0.20234765312510444,0.8571428571428571,0.1428571428571429,12,2,1.2262237754463239,0.02504105493426323,0.05,12,,,,,1.4645407464912656,1300,4
1784,283,1.0,1.0625,1.0625,0.9038461538461539,3,15,11.49701361587007,0.1881594185928025,0.9333333333333333,0.06666666666666665,14,1,1.545173914740531,0.0272496547549963,0.05,14,,,,,1.4645407464912656,1300,4
1785,284,1.0,1.05,1.05,0.8088235294117647,3,20,13.624397615197518,0.23015928740357278,0.95,0.050000000000000044,19,1,1.569840712596427,0.016647115349769592,0.05,19,,,,,1.4645407464912656,1300,4
1786,285,1.0,1.0833333333333333,1.0833333333333333,0.7352941176470589,3,16,11.478648920282232,0.19364022307819573,0.8125,0.1875,13,3,1.0563597769218043,0.03624095022678375,0.05,13,,,,,1.4645407464912656,1300,4
1787,286,1.0,1.0178571428571428,0.9861111111111112,1.0178571428571428,3,18,12.452558876784922,0.06060629265788145,0.8888888888888888,0.11111111111111116,16,2,1.494949262897674,0.04953717440366745,0.05,16,,,,,1.4645407464912656,1300,4
1788,287,1.0,1.0,1.0,0.4264705882352941,3,13,11.588605777316976,0.11392275919116596,0.9230769230769231,0.07692307692307687,12,1,1.5783849331165265,0.026974372565746307,0.05,12,,,,,1.4645407464912656,1300,4
1789,288,1.0,1.0625,1.0625,0.8888888888888888,3,23,19.189734364578705,0.15845233759893174,0.9565217391304348,0.04347826086956519,22,1,1.6676346189228075,0.049640096724033356,0.05,22,,,,,1.4645407464912656,1300,4
1790,289,1.0,1.0,0.7638888888888888,1.0,3,16,13.801137016645493,0.18832956679269894,0.9375,0.0625,15,1,1.561670433207301,0.023926634341478348,0.05,15,,,,,1.4645407464912656,1300,4
1791,290,1.0,1.0277777777777777,1.0277777777777777,0.96875,3,17,12.197094662156804,0.10179390683266387,0.9411764705882353,0.05882352941176472,16,1,1.6629119755202773,0.0274753849953413,0.05,16,,,,,1.4645407464912656,1300,4
1792,291,1.0,1.0277777777777777,1.0277777777777777,0.9375,3,20,15.229191606893156,0.18997016599154493,0.95,0.050000000000000044,19,1,1.610029834008455,0.03593141585588455,0.05,19,,,,,1.4645407464912656,1300,4
1793,292,1.0,1.0277777777777777,1.0277777777777777,0.59375,3,15,11.644431680599642,0.2027604271492337,0.9333333333333333,0.06666666666666665,14,1,1.5305729061840996,0.0413498729467392,0.05,14,,,,,1.4645407464912656,1300,4
1794,293,1.0,1.0,0.9625,1.0,3,23,21.18324065085232,0.07782524184521769,0.9565217391304348,0.04347826086956519,22,1,1.7482617146765216,0.055480219423770905,0.05,22,,,,,1.4645407464912656,1300,4
1795,294,1.0,1.0416666666666667,1.0416666666666667,0.9375,3,20,15.72273925752345,0.19685019685029526,0.95,0.050000000000000044,19,1,1.6031498031497047,0.0635736882686615,0.05,19,,,,,1.4645407464912656,1300,4
1796,295,1.0,1.0,0.95,1.0,3,19,15.05111542860875,0.20623947784607635,0.8947368421052632,0.10526315789473684,17,2,1.3727078905749763,0.011865809559822083,0.05,17,,,,,1.4645407464912656,1300,4
1797,296,1.0,1.0,1.0,0.8,3,13,10.437476865717734,0.22224150101672685,0.9230769230769231,0.07692307692307687,12,1,1.4700661912909656,0.023547938093543053,0.05,12,,,,,1.4645407464912656,1300,4
1798,297,1.0,1.0208333333333333,0.6875,1.0208333333333333,3,16,13.613730787334616,0.13941938395630132,0.9375,0.0625,15,1,1.6105806160436986,0.05941303074359894,0.05,15,,,,,1.4645407464912656,1300,4
1799,298,1.0,1.0,0.975,1.0,3,20,15.096172426789447,0.10414582290790772,0.95,0.050000000000000044,19,1,1.695854177092092,0.028308335691690445,0.05,19,,,,,1.4645407464912656,1300,4
1800,299,1.0,1.0357142857142858,0.9375,1.0357142857142858,3,18,14.573444492054628,0.11872284646788131,0.8888888888888888,0.11111111111111116,16,2,1.436832709087674,0.03848782181739807,0.05,16,1.3855819985864546,0.23148646100468656,0.9042671148977852,0.09573288510221475,1.4645407464912656,1300,5
1801,300,1.0,1.0333333333333334,1.0,1.0333333333333334,3,20,14.717218682011778,0.18248771842881018,0.9,0.09999999999999998,18,2,1.41751228157119,0.031125077977776527,0.05,18,,,,,1.4645407464912656,1300,5
1802,301,1.0,1.0333333333333334,0.7840909090909091,1.0333333333333334,3,19,15.356369223144828,0.28908964036521995,0.9473684210526315,0.052631578947368474,18,1,1.5003840438453062,0.026278072968125343,0.05,18,,,,,1.4645407464912656,1300,5
1803,302,1.0,1.0,0.7638888888888888,1.0,3,13,11.55756524745303,0.1873713550448895,1.0,0.0,13,0,1.8126286449551106,0.026707040145993233,0.05,13,,,,,1.4645407464912656,1300,5
1804,303,1.0,1.0625,1.0625,0.8928571428571429,3,17,13.170393040644132,0.22538019603579074,0.9411764705882353,0.05882352941176472,16,1,1.5393256863171505,0.015436211600899696,0.05,16,,,,,1.4645407464912656,1300,5
1805,304,1.0,1.0,1.0,0.390625,3,10,7.948050478304107,0.1609101834360428,0.8,0.19999999999999996,8,2,1.0390898165639575,0.014821096323430538,0.05,8,,,,,1.4645407464912656,1300,5
1806,305,1.0,1.0,0.9444444444444444,1.0,3,15,11.51951567593106,0.21690580549505267,0.9333333333333333,0.06666666666666665,14,1,1.5164275278382808,0.03791152313351631,0.05,14,,,,,1.4645407464912656,1300,5
1807,306,1.0,1.0113636363636365,1.0113636363636365,0.921875,3,18,13.930538532140838,0.25081109437604404,0.8888888888888888,0.11111111111111116,16,2,1.3047444611795114,0.009770456701517105,0.05,16,,,,,1.4645407464912656,1300,5
1808,307,1.0,1.0,0.9772727272727273,1.0,3,25,20.681409139760003,0.052533229963752606,0.92,0.07999999999999996,23,2,1.6274667700362475,0.024041589349508286,0.05,23,,,,,1.4645407464912656,1300,5
1809,308,1.0,1.0,1.0,0.6964285714285714,3,12,9.475172145898078,0.21898886595265143,0.9166666666666666,0.08333333333333337,11,1,1.447677800714015,0.03910139948129654,0.05,11,,,,,1.4645407464912656,1300,5
1810,309,1.0,1.0,0.9305555555555556,1.0,3,17,12.324320865220663,0.1973854737095141,0.9411764705882353,0.05882352941176472,16,1,1.5673204086434271,0.0326949805021286,0.05,16,,,,,1.4645407464912656,1300,5
1811,310,1.0,1.0535714285714286,1.0535714285714286,0.7321428571428571,3,14,9.584406911369095,0.3196375383241086,0.8571428571428571,0.1428571428571429,12,2,1.1089338902473198,0.031200964003801346,0.05,12,,,,,1.4645407464912656,1300,5
1812,311,1.0,1.0178571428571428,1.0178571428571428,0.7916666666666666,3,12,9.747662635092784,0.2830062684964866,0.9166666666666666,0.08333333333333337,11,1,1.38366039817018,0.0516832172870636,0.05,11,,,,,1.4645407464912656,1300,5
1813,312,1.0,1.0384615384615385,0.953125,1.0384615384615385,3,18,13.200217287956296,0.25043365167023557,0.9444444444444444,0.05555555555555558,17,1,1.527344126107542,0.03718653693795204,0.05,17,,,,,1.4645407464912656,1300,5
1814,313,1.0,1.0,1.0,0.7352941176470589,3,20,17.91865564509557,0.05499719409228701,1.0,0.0,20,0,1.945002805907713,0.021461931988596916,0.05,20,,,,,1.4645407464912656,1300,5
1815,314,1.0,1.0208333333333333,1.0208333333333333,0.7,3,12,10.31555771434697,0.20337383374647616,0.9166666666666666,0.08333333333333337,11,1,1.4632928329201904,0.04295572638511658,0.05,11,,,,,1.4645407464912656,1300,5
1816,315,1.0,1.0227272727272727,1.0227272727272727,0.7941176470588235,3,20,16.726521782980885,0.1338270283150204,0.95,0.050000000000000044,19,1,1.6661729716849794,0.05872729420661926,0.05,19,,,,,1.4645407464912656,1300,5
1817,316,1.0,1.015625,1.015625,0.5588235294117647,3,16,12.919917597556744,0.3405857967275658,0.9375,0.0625,15,1,1.4094142032724342,0.03281855955719948,0.05,15,,,,,1.4645407464912656,1300,5
1818,317,1.0,1.0,1.0,0.9107142857142857,3,17,12.399257845476013,0.302724166732512,0.8823529411764706,0.11764705882352944,15,2,1.2266875979733702,0.015302879735827446,0.05,15,,,,,1.4645407464912656,1300,5
1819,318,1.0,1.0125,1.0125,0.8166666666666667,3,16,11.322563488241219,0.2754568604241962,0.9375,0.0625,15,1,1.4745431395758037,0.06638709455728531,0.05,15,,,,,1.4645407464912656,1300,5
1820,319,1.0,1.09375,1.09375,0.71875,3,14,10.64197576528742,0.1582465454496107,0.8571428571428571,0.1428571428571429,12,2,1.2703248831218177,0.06808562576770782,0.05,12,,,,,1.4645407464912656,1300,5
1821,320,1.0,1.109375,1.109375,0.7884615384615384,3,15,10.2344526789532,0.3064129385141706,0.8666666666666667,0.1333333333333333,13,2,1.160253728152496,0.02369057945907116,0.05,13,,,,,1.4645407464912656,1300,5
1822,321,1.0,1.046875,1.046875,0.7794117647058824,3,15,13.24476797457361,0.07540864761018679,0.9333333333333333,0.06666666666666665,14,1,1.6579246857231467,0.020137663930654526,0.05,14,,,,,1.4645407464912656,1300,5
1823,322,1.0,1.015625,1.015625,0.8928571428571429,3,17,14.240390275572507,0.16747887242063236,0.9411764705882353,0.05882352941176472,16,1,1.5972270099323087,0.021438419818878174,0.05,16,,,,,1.4645407464912656,1300,5
1824,323,1.0,1.0,1.0,0.7833333333333333,3,14,12.313727066273042,0.2781840438827069,0.9285714285714286,0.0714285714285714,13,1,1.4361016704030076,0.03782432898879051,0.05,13,,,,,1.4645407464912656,1300,5
1825,324,1.0,1.0357142857142858,0.775,1.0357142857142858,3,18,15.016038742044648,0.0737618057096279,0.9444444444444444,0.05555555555555558,17,1,1.7040159720681498,0.04785988852381706,0.05,17,,,,,1.4645407464912656,1300,5
1826,325,1.0,1.0555555555555556,1.0555555555555556,0.6764705882352942,3,16,12.43537800707404,0.20430839345895294,0.875,0.125,14,2,1.295691606541047,0.048929423093795776,0.05,14,,,,,1.4645407464912656,1300,5
1827,326,1.0,1.0333333333333334,0.9166666666666666,1.0333333333333334,3,17,12.055751547119943,0.22556364612421664,0.8823529411764706,0.11764705882352944,15,2,1.3038481185816657,0.04357387125492096,0.05,15,,,,,1.4645407464912656,1300,5
1828,327,1.0,1.0576923076923077,0.8181818181818182,1.0576923076923077,3,20,17.630994290723763,0.15788807427795984,0.95,0.050000000000000044,19,1,1.64211192572204,0.04367178678512573,0.05,19,,,,,1.4645407464912656,1300,5
1829,328,1.0,1.0,1.0,0.8035714285714286,3,13,10.576741867586815,0.13263180579398356,0.9230769230769231,0.07692307692307687,12,1,1.559675886513709,0.027187306433916092,0.05,12,,,,,1.4645407464912656,1300,5
1830,329,1.0,1.0694444444444444,1.0694444444444444,0.7321428571428571,3,15,11.49712728134718,0.23494806452763828,0.8666666666666667,0.1333333333333333,13,2,1.2317186021390285,0.04812166094779968,0.05,13,,,,,1.4645407464912656,1300,5
1831,330,1.0,1.0892857142857142,1.0892857142857142,0.55,3,11,6.81568219592476,0.2233662148555741,0.8181818181818182,0.18181818181818177,9,2,1.0493610578716988,0.04004869982600212,0.05,9,,,,,1.4645407464912656,1300,5
1832,331,1.0,1.03125,1.03125,0.7647058823529411,3,17,14.350799108205587,0.19894735165081795,0.9411764705882353,0.05882352941176472,16,1,1.5657585307021231,0.03131863474845886,0.05,16,,,,,1.4645407464912656,1300,5
1833,332,1.0,1.0,0.9125,1.0,3,19,15.29537448151644,0.12959845643982149,0.9473684210526315,0.052631578947368474,18,1,1.6598752277707047,0.04573186859488487,0.05,18,,,,,1.4645407464912656,1300,5
1834,333,1.0,1.025,1.025,0.8833333333333333,3,16,12.126615389545258,0.24060014402012322,0.9375,0.0625,15,1,1.5093998559798767,0.043474338948726654,0.05,15,,,,,1.4645407464912656,1300,5
1835,334,1.0,1.0208333333333333,1.0208333333333333,0.5208333333333334,3,10,8.657830536543791,0.1640418307085794,0.9,0.09999999999999998,9,1,1.4359581692914207,0.023867329582571983,0.05,9,,,,,1.4645407464912656,1300,5
1836,335,1.0,1.0375,1.0375,0.95,3,18,12.963948677204002,0.29876757400164433,0.8888888888888888,0.11111111111111116,16,2,1.2567879815539111,0.0244823656976223,0.05,16,,,,,1.4645407464912656,1300,5
1837,336,1.0,1.0357142857142858,1.0357142857142858,0.671875,3,14,12.06902092422645,0.1887841807981238,0.9285714285714286,0.0714285714285714,13,1,1.5255015334875905,0.059498872607946396,0.05,13,,,,,1.4645407464912656,1300,5
1838,337,1.0,1.125,1.125,0.9038461538461539,3,16,10.620189155790301,0.3432291156312842,0.875,0.125,14,2,1.156770884368716,0.04354419186711311,0.05,14,,,,,1.4645407464912656,1300,5
1839,338,1.0,1.0416666666666667,1.0416666666666667,0.8235294117647058,3,22,16.81345175890699,0.17826440014592895,0.9545454545454546,0.045454545454545414,21,1,1.6399174180358893,0.05160341411828995,0.05,21,,,,,1.4645407464912656,1300,5
1840,339,1.0,1.05,1.05,0.9285714285714286,3,17,12.871769950818809,0.2310660908004467,0.9411764705882353,0.05882352941176472,16,1,1.5336397915524944,0.030545253306627274,0.05,16,,,,,1.4645407464912656,1300,5
1841,340,1.0,1.0625,1.0625,0.890625,3,19,15.296666726157781,0.2746616681697265,0.8947368421052632,0.10526315789473684,17,2,1.3042857002513262,0.03188729286193848,0.05,17,,,,,1.4645407464912656,1300,5
1842,341,1.0,1.0,0.6590909090909091,1.0,3,19,17.98900009438635,0.1867913563376773,1.0,0.0,19,0,1.8132086436623227,0.02420310489833355,0.05,19,,,,,1.4645407464912656,1300,5
1843,342,1.0,1.0,1.0,0.9333333333333333,3,18,15.0421698100395,0.12497652705541919,0.9444444444444444,0.05555555555555558,17,1,1.6528012507223584,0.07837237417697906,0.05,17,,,,,1.4645407464912656,1300,5
1844,343,1.0,1.0625,1.0625,0.75,3,15,9.61177927628283,0.28243715057987745,0.8666666666666667,0.1333333333333333,13,2,1.1842295160867893,0.07439382374286652,0.05,13,,,,,1.4645407464912656,1300,5
1845,344,1.0,1.0416666666666667,1.0416666666666667,0.9375,3,18,12.906196092123057,0.19934709358730562,0.8888888888888888,0.11111111111111116,16,2,1.3562084619682497,0.045067064464092255,0.05,16,,,,,1.4645407464912656,1300,5
1846,345,1.0,1.0138888888888888,1.0138888888888888,0.71875,3,17,13.513578696060488,0.09939882094668732,0.9411764705882353,0.05882352941176472,16,1,1.6653070614062537,0.05754624679684639,0.05,16,,,,,1.4645407464912656,1300,5
1847,346,1.0,1.0892857142857142,1.0892857142857142,0.8461538461538461,3,14,9.648357546893951,0.34591294028581776,0.8571428571428571,0.1428571428571429,12,2,1.0826584882856107,0.029825137928128242,0.05,12,,,,,1.4645407464912656,1300,5
1848,347,1.0,1.0625,1.0625,0.859375,3,18,13.380072964561363,0.1500169895932893,0.8888888888888888,0.11111111111111116,16,2,1.4055385659622661,0.029058001935482025,0.05,16,,,,,1.4645407464912656,1300,5
1849,348,1.0,1.0138888888888888,1.0138888888888888,1.0,3,16,11.671802833716484,0.28284271247461906,0.875,0.125,14,2,1.2171572875253809,0.03792674094438553,0.05,14,,,,,1.4645407464912656,1300,5
1850,349,1.0,1.0555555555555556,1.0555555555555556,0.9666666666666667,3,17,11.662922363208352,0.15847971386289317,0.8823529411764706,0.11764705882352944,15,2,1.3709320508429892,0.03757180646061897,0.05,15,,,,,1.4645407464912656,1300,5
1851,350,1.0,1.0,1.0,0.8392857142857143,3,14,10.485681157112548,0.19901227314884964,0.9285714285714286,0.0714285714285714,13,1,1.5152734411368647,0.04208818078041077,0.05,13,,,,,1.4645407464912656,1300,5
1852,351,1.0,1.0178571428571428,0.8636363636363636,1.0178571428571428,3,19,16.917508294959337,0.10221462907516679,0.9473684210526315,0.052631578947368474,18,1,1.6872590551353592,0.02100214548408985,0.05,18,,,,,1.4645407464912656,1300,5
1853,352,1.0,1.0166666666666666,0.925,1.0166666666666666,3,20,16.990335413191715,0.20882737071061291,0.95,0.050000000000000044,19,1,1.5911726292893869,0.03953591361641884,0.05,19,,,,,1.4645407464912656,1300,5
1854,353,1.0,1.0416666666666667,1.0416666666666667,0.9583333333333334,3,20,16.498061014292855,0.15590239111558093,0.9,0.09999999999999998,18,2,1.444097608884419,0.03797648102045059,0.05,18,,,,,1.4645407464912656,1300,5
1855,354,1.0,1.0,1.0,0.8529411764705882,3,19,17.26544438832651,0.11425218451209979,0.9473684210526315,0.052631578947368474,18,1,1.6752214996984263,0.016821617260575294,0.05,18,,,,,1.4645407464912656,1300,5
1856,355,1.0,1.015625,1.015625,0.85,3,19,15.698081498866246,0.17228436698388394,0.9473684210526315,0.052631578947368474,18,1,1.6171893172266423,0.023293282836675644,0.05,18,,,,,1.4645407464912656,1300,5
1857,356,1.0,1.0555555555555556,1.0555555555555556,0.6911764705882353,3,14,10.798619552834706,0.30591773588606913,0.9285714285714286,0.0714285714285714,13,1,1.4083679783996452,0.03996738791465759,0.05,13,,,,,1.4645407464912656,1300,5
1858,357,1.0,1.0,1.0,0.6785714285714286,3,14,10.67928944515835,0.30216190422210765,0.9285714285714286,0.0714285714285714,13,1,1.4121238100636067,0.04278138652443886,0.05,13,,,,,1.4645407464912656,1300,5
1859,358,1.0,1.0357142857142858,1.0357142857142858,0.6964285714285714,3,12,9.42859598658997,0.20831270069728397,0.9166666666666666,0.08333333333333337,11,1,1.4583539659693825,0.04087400436401367,0.05,11,,,,,1.4645407464912656,1300,5
1860,359,1.0,1.125,1.125,0.625,3,14,11.049300308915905,0.18465518699326394,0.8571428571428571,0.1428571428571429,12,2,1.2439162415781644,0.0304595734924078,0.05,12,,,,,1.4645407464912656,1300,5
1861,360,1.0,1.0333333333333334,0.7045454545454546,1.0333333333333334,3,17,15.240657889766112,0.16127491995822668,0.9411764705882353,0.05882352941176472,16,1,1.6034309623947145,0.010460147634148598,0.05,16,,,,,1.4645407464912656,1300,5
1862,361,1.0,1.0,0.9875,1.0,3,18,12.764894726740781,0.19866226527737935,0.8888888888888888,0.11111111111111116,16,2,1.356893290278176,0.029225708916783333,0.05,16,,,,,1.4645407464912656,1300,5
1863,362,1.0,1.0208333333333333,0.8958333333333334,1.0208333333333333,3,17,12.893395485993747,0.21596593841827566,0.9411764705882353,0.05882352941176472,16,1,1.5487399439346654,0.011799696832895279,0.05,16,,,,,1.4645407464912656,1300,5
1864,363,1.0,1.025,1.025,0.9464285714285714,3,21,13.844979761765547,0.4960701378680994,0.8571428571428571,0.1428571428571429,18,3,0.932501290703329,0.017066380009055138,0.05,18,,,,,1.4645407464912656,1300,5
1865,364,1.0,1.0714285714285714,1.0714285714285714,0.6607142857142857,3,13,9.944065631071068,0.17257308665550214,0.8461538461538461,0.15384615384615385,11,2,1.2120422979598824,0.031477924436330795,0.05,11,,,,,1.4645407464912656,1300,5
1866,365,1.0,1.015625,1.015625,0.8653846153846154,3,17,12.262134693891122,0.1305994711730024,0.8823529411764706,0.11764705882352944,15,2,1.3988122935328797,0.06315220892429352,0.05,15,,,,,1.4645407464912656,1300,5
1867,366,1.0,1.046875,1.046875,0.609375,3,17,13.592298324655168,0.11947307002732643,0.8823529411764706,0.11764705882352944,15,2,1.409938694678556,0.04306918382644653,0.05,15,,,,,1.4645407464912656,1300,5
1868,367,1.0,1.0694444444444444,1.0694444444444444,0.5333333333333333,3,14,13.44398500613634,0.06348347342142807,0.9285714285714286,0.0714285714285714,13,1,1.6508022408642864,0.01410251297056675,0.05,13,,,,,1.4645407464912656,1300,5
1869,368,1.0,1.0,1.0,0.609375,3,14,12.558251582759112,0.29341687400538147,0.9285714285714286,0.0714285714285714,13,1,1.420868840280333,0.04500140994787216,0.05,13,,,,,1.4645407464912656,1300,5
1870,369,1.0,1.0666666666666667,1.0625,1.0666666666666667,3,20,15.984665023791937,0.12449128127961576,0.9,0.09999999999999998,18,2,1.4755087187203844,0.07080802321434021,0.05,18,,,,,1.4645407464912656,1300,5
1871,370,1.0,1.0,0.8472222222222222,1.0,3,16,12.052951712406488,0.2619462136062872,0.9375,0.0625,15,1,1.4880537863937127,0.03728325664997101,0.05,15,,,,,1.4645407464912656,1300,5
1872,371,1.0,1.0,0.8125,1.0,3,19,16.67335805944869,0.24278722941537512,0.9473684210526315,0.052631578947368474,18,1,1.5466864547951509,0.04666046053171158,0.05,18,,,,,1.4645407464912656,1300,5
1873,372,1.0,1.0576923076923077,0.8020833333333334,1.0576923076923077,3,17,12.34717442428328,0.2742096440529254,0.8823529411764706,0.11764705882352944,15,2,1.2552021206529569,0.013884030282497406,0.05,15,,,,,1.4645407464912656,1300,5
1874,373,1.0,1.05,0.7386363636363636,1.05,3,16,13.28356352137804,0.0939832908403255,0.9375,0.0625,15,1,1.6560167091596745,0.06042680889368057,0.05,15,,,,,1.4645407464912656,1300,5
1875,374,1.0,1.0138888888888888,1.0138888888888888,0.65625,3,15,12.484402022965789,0.13829198443620283,0.9333333333333333,0.06666666666666665,14,1,1.5950413488971305,0.036910101771354675,0.05,14,,,,,1.4645407464912656,1300,5
1876,375,1.0,1.0166666666666666,0.9125,1.0166666666666666,3,19,15.401800681672412,0.18835340701026476,0.8947368421052632,0.10526315789473684,17,2,1.3905939614107878,0.04307208210229874,0.05,17,,,,,1.4645407464912656,1300,5
1877,376,1.0,1.0454545454545454,1.0454545454545454,0.9861111111111112,3,24,19.23734107774528,0.10622957319984969,0.9583333333333334,0.04166666666666663,23,1,1.7271037601334838,0.026381608098745346,0.05,23,,,,,1.4645407464912656,1300,5
1878,377,1.0,1.075,1.075,0.796875,3,17,11.613221257044255,0.2888281959010488,0.8235294117647058,0.17647058823529416,14,3,1.0052894511577746,0.026837635785341263,0.05,14,,,,,1.4645407464912656,1300,5
1879,378,1.0,1.025,1.025,0.65,3,15,12.088699317175656,0.13509220263544364,0.9333333333333333,0.06666666666666665,14,1,1.5982411306978896,0.05481049418449402,0.05,14,,,,,1.4645407464912656,1300,5
1880,379,1.0,1.0416666666666667,1.0416666666666667,0.984375,3,21,15.715837799178175,0.16814757327464744,0.9047619047619048,0.09523809523809523,19,2,1.4509000457729717,0.03934132680296898,0.05,19,,,,,1.4645407464912656,1300,5
1881,380,1.0,1.109375,1.109375,0.890625,3,19,14.626744220544355,0.18485365517157032,0.8947368421052632,0.10526315789473684,17,2,1.3940937132494824,0.021708976477384567,0.05,17,,,,,1.4645407464912656,1300,5
1882,381,1.0,1.0625,0.8409090909090909,1.0625,3,17,12.557025313991154,0.18769633130161767,0.8823529411764706,0.11764705882352944,15,2,1.3417154334042647,0.028212152421474457,0.05,15,,,,,1.4645407464912656,1300,5
1883,382,1.0,1.015625,0.9625,1.015625,3,17,11.635174652271779,0.35933510807742985,0.8235294117647058,0.17647058823529416,14,3,0.9347825389813935,0.0325404517352581,0.05,14,,,,,1.4645407464912656,1300,5
1884,383,1.0,1.015625,1.015625,0.671875,3,15,11.950899494382384,0.310149160798075,0.9333333333333333,0.06666666666666665,14,1,1.4231841725352585,0.02300848811864853,0.05,14,,,,,1.4645407464912656,1300,5
1885,384,1.0,1.0227272727272727,1.0227272727272727,0.9107142857142857,3,20,15.100206471379607,0.15272551404356735,0.95,0.050000000000000044,19,1,1.6472744859564326,0.04758130759000778,0.05,19,,,,,1.4645407464912656,1300,5
1886,385,1.0,1.0,1.0,0.65625,3,16,14.682346400548063,0.3087264886676822,0.9375,0.0625,15,1,1.4412735113323178,0.02774972841143608,0.05,15,,,,,1.4645407464912656,1300,5
1887,386,1.0,1.015625,1.015625,0.7884615384615384,3,15,12.62801954478815,0.19183724671394786,0.9333333333333333,0.06666666666666665,14,1,1.5414960866193854,0.029192503541707993,0.05,14,,,,,1.4645407464912656,1300,5
1888,387,1.0,1.0,1.0,0.47058823529411764,3,13,11.751156043763439,0.28260871493483486,0.9230769230769231,0.07692307692307687,12,1,1.4096989773728577,0.021477218717336655,0.05,12,,,,,1.4645407464912656,1300,5
1889,388,1.0,1.0,1.0,0.7,3,13,11.271643298291277,0.2444904987452748,0.9230769230769231,0.07692307692307687,12,1,1.4478171935624178,0.023503493517637253,0.05,12,,,,,1.4645407464912656,1300,5
1890,389,1.0,1.0,0.9722222222222222,1.0,3,17,10.078084994564822,0.3093351290808172,0.8235294117647058,0.17647058823529416,14,3,0.9847825179780063,0.028075259178876877,0.05,14,,,,,1.4645407464912656,1300,5
1891,390,1.0,1.0166666666666666,0.9270833333333334,1.0166666666666666,3,19,14.70442427704889,0.2300550379184293,0.9473684210526315,0.052631578947368474,18,1,1.559418646292097,0.039283134043216705,0.05,18,,,,,1.4645407464912656,1300,5
1892,391,1.0,1.125,1.125,0.984375,3,20,15.494947540760798,0.18967986077405072,0.9,0.09999999999999998,18,2,1.4103201392259495,0.021347200497984886,0.05,18,,,,,1.4645407464912656,1300,5
1893,392,1.0,1.046875,0.8541666666666666,1.046875,3,22,18.127882673724066,0.22138456237884313,0.9090909090909091,0.09090909090909094,20,2,1.4149790739847932,0.05660083889961243,0.05,20,,,,,1.4645407464912656,1300,5
1894,393,1.0,1.0416666666666667,1.0416666666666667,0.8214285714285714,3,17,15.092523152169747,0.18320092827205714,0.9411764705882353,0.05882352941176472,16,1,1.5815049540808839,0.013504965230822563,0.05,16,,,,,1.4645407464912656,1300,5
1895,394,1.0,1.0,1.0,0.7333333333333333,3,22,19.36594467995186,0.24566532637607996,0.9545454545454546,0.045454545454545414,21,1,1.5725164918057384,0.047815680503845215,0.05,21,,,,,1.4645407464912656,1300,5
1896,395,1.0,1.015625,1.015625,0.8269230769230769,3,16,13.045207992728752,0.2703228607529411,0.9375,0.0625,15,1,1.479677139247059,0.030612165108323097,0.05,15,,,,,1.4645407464912656,1300,5
1897,396,1.0,1.015625,0.8409090909090909,1.015625,3,20,16.46835325421986,0.2255972010006763,0.95,0.050000000000000044,19,1,1.5744027989993234,0.02168159931898117,0.05,19,,,,,1.4645407464912656,1300,5
1898,397,1.0,1.03125,1.03125,0.85,3,17,13.133077432631204,0.28773140451508683,0.8823529411764706,0.11764705882352944,15,2,1.2416803601907955,0.0075738574378192425,0.05,15,,,,,1.4645407464912656,1300,5
1899,398,1.0,1.0333333333333334,0.9861111111111112,1.0333333333333334,3,18,14.234568045698795,0.17584026026321672,0.8888888888888888,0.11111111111111116,16,2,1.3797152952923386,0.016390502452850342,0.05,16,,,,,1.4645407464912656,1300,5
1900,399,1.0,1.015625,1.015625,0.6323529411764706,3,14,9.874098091593869,0.2745092785775483,0.8571428571428571,0.1428571428571429,12,2,1.1540621499938801,0.03203641250729561,0.05,12,1.4511979297212536,0.19721715400598505,0.9121037709318096,0.0878962290681903,1.4645407464912656,1300,6
1901,400,1.0,1.0555555555555556,1.0555555555555556,0.8076923076923077,3,15,10.311933025707324,0.19363398193486592,0.8666666666666667,0.1333333333333333,13,2,1.2730326847318008,0.03015807829797268,0.05,13,,,,,1.4645407464912656,1300,6
1902,401,1.0,1.05,0.875,1.05,3,19,14.424037382716918,0.2186216694453773,0.9473684210526315,0.052631578947368474,18,1,1.5708520147651488,0.017631027847528458,0.05,18,,,,,1.4645407464912656,1300,6
1903,402,1.0,1.03125,1.03125,0.8571428571428571,3,17,13.004891503592525,0.22516770693110028,0.9411764705882353,0.05882352941176472,16,1,1.539538175421841,0.030078809708356857,0.05,16,,,,,1.4645407464912656,1300,6
1904,403,1.0,1.0,1.0,0.5714285714285714,3,15,11.707149211036668,0.26430899490954035,0.9333333333333333,0.06666666666666665,14,1,1.469024338423793,0.015583889558911324,0.05,14,,,,,1.4645407464912656,1300,6
1905,404,1.0,1.0340909090909092,1.0340909090909092,0.9666666666666667,3,20,14.084653936255462,0.2986909488641774,0.85,0.15000000000000002,17,3,1.1013090511358226,0.02646489255130291,0.05,17,,,,,1.4645407464912656,1300,6
1906,405,1.0,1.0535714285714286,1.0535714285714286,0.828125,3,17,13.196162996853852,0.2644060318645115,0.9411764705882353,0.05882352941176472,16,1,1.5002998504884295,0.03277824446558952,0.05,16,,,,,1.4645407464912656,1300,6
1907,406,1.0,1.0,1.0,0.5441176470588235,3,17,14.430072348445147,0.2637891318823876,0.9411764705882353,0.05882352941176472,16,1,1.5009167504705534,0.047437965869903564,0.05,16,,,,,1.4645407464912656,1300,6
1908,407,1.0,1.0833333333333333,1.0833333333333333,1.0,3,23,19.437547914435616,0.12767205771423776,0.9565217391304348,0.04347826086956519,22,1,1.6984148988075014,0.0528835654258728,0.05,22,,,,,1.4645407464912656,1300,6
1909,408,1.0,1.0333333333333334,1.0277777777777777,1.0333333333333334,3,17,10.96283873690667,0.283905436321865,0.8235294117647058,0.17647058823529416,14,3,1.0102122107369584,0.027509715408086777,0.05,14,,,,,1.4645407464912656,1300,6
1910,409,1.0,1.0416666666666667,1.0416666666666667,0.7333333333333333,3,15,10.703178535140758,0.2944968097899765,0.8666666666666667,0.1333333333333333,13,2,1.1721698568766903,0.037329480051994324,0.05,13,,,,,1.4645407464912656,1300,6
1911,410,1.0,1.0333333333333334,0.8977272727272727,1.0333333333333334,3,23,20.535013681696306,0.14703030175409948,0.9565217391304348,0.04347826086956519,22,1,1.6790566547676398,0.015675459057092667,0.05,22,,,,,1.4645407464912656,1300,6
1912,411,1.0,1.0,1.0,0.95,3,20,14.210016004039032,0.2807284325204098,0.85,0.15000000000000002,17,3,1.1192715674795901,0.037285178899765015,0.05,17,,,,,1.4645407464912656,1300,6
1913,412,1.0,1.0,1.0,0.9285714285714286,3,18,14.048159232860481,0.2279271348409092,0.9444444444444444,0.05555555555555558,17,1,1.5498506429368684,0.048731423914432526,0.05,17,,,,,1.4645407464912656,1300,6
1914,413,1.0,1.0178571428571428,1.0178571428571428,0.8,3,14,10.653449215035305,0.34469986572653954,0.9285714285714286,0.0714285714285714,13,1,1.3695858485591748,0.028513047844171524,0.05,13,,,,,1.4645407464912656,1300,6
1915,414,1.0,1.015625,1.015625,0.6333333333333333,3,15,11.835778637294759,0.47638461487750317,0.9333333333333333,0.06666666666666665,14,1,1.2569487184558303,0.05257508158683777,0.05,14,,,,,1.4645407464912656,1300,6
1916,415,1.0,1.0,0.9444444444444444,1.0,3,18,14.007997651127988,0.1261877011409959,0.9444444444444444,0.05555555555555558,17,1,1.6515900766367817,0.036858394742012024,0.05,17,,,,,1.4645407464912656,1300,6
1917,416,1.0,1.0,1.0,0.7678571428571429,3,12,10.249157234697751,0.2688154873814368,0.9166666666666666,0.08333333333333337,11,1,1.3978511792852297,0.04835948348045349,0.05,11,,,,,1.4645407464912656,1300,6
1918,417,1.0,1.0384615384615385,1.0227272727272727,1.0384615384615385,3,15,9.936659285066185,0.22285744764605037,0.8666666666666667,0.1333333333333333,13,2,1.2438092190206165,0.04440447315573692,0.05,13,,,,,1.4645407464912656,1300,6
1919,418,1.0,1.0,1.0,0.9833333333333333,3,18,14.50655276398917,0.2240807033976076,0.9444444444444444,0.05555555555555558,17,1,1.5536970743801701,0.014911282807588577,0.05,17,,,,,1.4645407464912656,1300,6
1920,419,1.0,1.0340909090909092,1.0340909090909092,0.75,3,16,14.027098240524802,0.17978824463623935,0.9375,0.0625,15,1,1.5702117553637607,0.03930264711380005,0.05,15,,,,,1.4645407464912656,1300,6
1921,420,1.0,1.0,1.0,0.9807692307692307,3,17,15.038161270086134,0.2094345504586186,0.9411764705882353,0.05882352941176472,16,1,1.5552713318943225,0.06850439310073853,0.05,16,,,,,1.4645407464912656,1300,6
1922,421,1.0,1.0138888888888888,1.0138888888888888,0.8571428571428571,3,18,13.815986733394723,0.2327302522186533,0.9444444444444444,0.05555555555555558,17,1,1.5450475255591245,0.04574408382177353,0.05,17,,,,,1.4645407464912656,1300,6
1923,422,1.0,1.0555555555555556,1.0555555555555556,0.8833333333333333,3,16,12.297440425232786,0.22891424140407787,0.9375,0.0625,15,1,1.521085758595922,0.04649658128619194,0.05,15,,,,,1.4645407464912656,1300,6
1924,423,1.0,1.0,1.0,0.90625,3,19,13.689499022902766,0.12740736675753164,0.9473684210526315,0.052631578947368474,18,1,1.6620663174529944,0.030588790774345398,0.05,18,,,,,1.4645407464912656,1300,6
1925,424,1.0,1.0576923076923077,0.6,1.0576923076923077,3,17,16.230488322473498,0.25108741306656374,0.9411764705882353,0.05882352941176472,16,1,1.5136184692863774,0.030754022300243378,0.05,16,,,,,1.4645407464912656,1300,6
1926,425,1.0,1.0535714285714286,1.0,1.0535714285714286,3,19,16.02096679588021,0.09820927516479828,0.9473684210526315,0.052631578947368474,18,1,1.6912644090457278,0.04526916518807411,0.05,18,,,,,1.4645407464912656,1300,6
1927,426,1.0,1.0,0.8645833333333334,1.0,3,19,14.259799037829215,0.2547278908544273,0.8947368421052632,0.10526315789473684,17,2,1.3242194775666254,0.019025679677724838,0.05,17,,,,,1.4645407464912656,1300,6
1928,427,1.0,1.0,1.0,0.7321428571428571,3,13,11.044026422517911,0.09359246363252957,0.9230769230769231,0.07692307692307687,12,1,1.598715228675163,0.013835185207426548,0.05,12,,,,,1.4645407464912656,1300,6
1929,428,1.0,1.015625,1.015625,0.8571428571428571,3,15,11.950275498847365,0.1226781418238484,0.9333333333333333,0.06666666666666665,14,1,1.610655191509485,0.028009073808789253,0.05,14,,,,,1.4645407464912656,1300,6
1930,429,1.0,1.015625,0.9583333333333334,1.015625,3,24,17.8518152150188,0.40053377238737076,0.875,0.125,21,3,1.0994662276126292,0.016523754224181175,0.05,21,,,,,1.4645407464912656,1300,6
1931,430,1.0,1.0568181818181819,1.0568181818181819,0.9705882352941176,3,20,15.219231428178897,0.16367329732040553,0.9,0.09999999999999998,18,2,1.4363267026795945,0.048265427350997925,0.05,18,,,,,1.4645407464912656,1300,6
1932,431,1.0,1.0892857142857142,1.0892857142857142,0.90625,3,17,12.699328643478816,0.2713399121319332,0.8823529411764706,0.11764705882352944,15,2,1.258071852573949,0.0717163234949112,0.05,15,,,,,1.4645407464912656,1300,6
1933,432,1.0,1.015625,1.015625,0.8571428571428571,3,18,15.184609765065343,0.17096591679768275,0.9444444444444444,0.05555555555555558,17,1,1.606811860980095,0.020707139745354652,0.05,17,,,,,1.4645407464912656,1300,6
1934,433,1.0,1.0166666666666666,0.8611111111111112,1.0166666666666666,3,20,15.88063559219638,0.1235619370825293,0.95,0.050000000000000044,19,1,1.6764380629174704,0.054876670241355896,0.05,19,,,,,1.4645407464912656,1300,6
1935,434,1.0,1.0357142857142858,0.75,1.0357142857142858,3,19,16.239839398359766,0.2175405959376456,0.9473684210526315,0.052631578947368474,18,1,1.5719330882728806,0.030340716242790222,0.05,18,,,,,1.4645407464912656,1300,6
1936,435,1.0,1.0,1.0,0.7333333333333333,3,14,12.045231989954956,0.25338693661670536,0.9285714285714286,0.0714285714285714,13,1,1.460898777669009,0.020131878554821014,0.05,13,,,,,1.4645407464912656,1300,6
1937,436,1.0,1.0,0.875,1.0,3,20,14.55649764877951,0.35901916347332496,0.9,0.09999999999999998,18,2,1.2409808365266752,0.01907510496675968,0.05,18,,,,,1.4645407464912656,1300,6
1938,437,1.0,1.0340909090909092,1.0340909090909092,0.890625,3,21,15.18178448220602,0.23626202899713702,0.9047619047619048,0.09523809523809523,19,2,1.382785590050482,0.03074951097369194,0.05,19,,,,,1.4645407464912656,1300,6
1939,438,1.0,1.0208333333333333,1.0208333333333333,0.4807692307692308,3,10,8.127503268236355,0.3166364886751744,0.9,0.09999999999999998,9,1,1.2833635113248256,0.04268387705087662,0.05,9,,,,,1.4645407464912656,1300,6
1940,439,1.0,1.0,0.8875,1.0,3,16,12.870230650923334,0.2619462136062872,0.9375,0.0625,15,1,1.4880537863937127,0.04321228712797165,0.05,15,,,,,1.4645407464912656,1300,6
1941,440,1.0,1.03125,1.03125,1.0,3,18,12.566168459448619,0.4714045207910317,0.8888888888888888,0.11111111111111116,16,2,1.0841510347645236,0.042669788002967834,0.05,16,,,,,1.4645407464912656,1300,6
1942,441,1.0,1.025,1.025,0.9285714285714286,3,19,14.408873734854463,0.17122397434926132,0.8947368421052632,0.10526315789473684,17,2,1.4077233940717913,0.029621277004480362,0.05,17,,,,,1.4645407464912656,1300,6
1943,442,1.0,1.0714285714285714,0.7625,1.0714285714285714,3,20,16.810005004197897,0.30028872061252854,0.9,0.09999999999999998,18,2,1.2997112793874714,0.05103755742311478,0.05,18,,,,,1.4645407464912656,1300,6
1944,443,1.0,1.0125,1.0125,0.95,3,18,11.539373316954444,0.16734263389604342,0.8888888888888888,0.11111111111111116,16,2,1.388212921659512,0.08950887620449066,0.05,16,,,,,1.4645407464912656,1300,6
1945,444,1.0,1.0208333333333333,0.925,1.0208333333333333,3,19,15.175061747398452,0.2651650429449553,0.9473684210526315,0.052631578947368474,18,1,1.5243086412655709,0.050165630877017975,0.05,18,,,,,1.4645407464912656,1300,6
1946,445,1.0,1.0178571428571428,1.0178571428571428,0.6666666666666666,3,13,11.449003922405726,0.12530422171460398,0.9230769230769231,0.07692307692307687,12,1,1.5670034705930886,0.06674018502235413,0.05,12,,,,,1.4645407464912656,1300,6
1947,446,1.0,1.0625,1.0625,0.625,3,12,6.140168932947103,0.3861725237371968,0.8333333333333334,0.16666666666666663,10,2,0.9471608095961368,0.06567646563053131,0.05,10,,,,,1.4645407464912656,1300,6
1948,447,1.0,1.03125,0.90625,1.03125,3,20,16.4487089327686,0.2764173835228324,0.95,0.050000000000000044,19,1,1.5235826164771673,0.04528054594993591,0.05,19,,,,,1.4645407464912656,1300,6
1949,448,1.0,1.0,0.7,1.0,3,18,14.399681149562442,0.231751435768555,0.9444444444444444,0.05555555555555558,17,1,1.5460263420092226,0.034540437161922455,0.05,17,,,,,1.4645407464912656,1300,6
1950,449,1.0,1.0625,0.8625,1.0625,3,22,17.66489786944911,0.2086778922794942,0.9090909090909091,0.09090909090909094,20,2,1.427685744084142,0.01988920010626316,0.05,20,,,,,1.4645407464912656,1300,6
1951,450,1.0,1.046875,1.046875,0.8,3,17,14.66464101028157,0.18031522762828084,0.9411764705882353,0.05882352941176472,16,1,1.5843906547246602,0.05826634168624878,0.05,16,,,,,1.4645407464912656,1300,6
1952,451,1.0,1.015625,1.015625,0.734375,3,16,12.036431589297582,0.29470807522522263,0.9375,0.0625,15,1,1.4552919247747773,0.056662313640117645,0.05,15,,,,,1.4645407464912656,1300,6
1953,452,1.0,1.03125,0.9861111111111112,1.03125,3,23,18.243565712395775,0.15819703690504333,0.9130434782608695,0.08695652173913049,21,2,1.4939768761384347,0.025012051686644554,0.05,21,,,,,1.4645407464912656,1300,6
1954,453,1.0,1.0208333333333333,1.0208333333333333,0.8035714285714286,3,17,13.543192847052293,0.14731391274719738,0.9411764705882353,0.05882352941176472,16,1,1.6173919696057437,0.012320497073233128,0.05,16,,,,,1.4645407464912656,1300,6
1955,454,1.0,1.0416666666666667,1.0416666666666667,0.875,3,17,13.935096376781214,0.17042528895011366,0.9411764705882353,0.05882352941176472,16,1,1.5942805934028275,0.03392878547310829,0.05,16,,,,,1.4645407464912656,1300,6
1956,455,1.0,1.0138888888888888,0.975,1.0138888888888888,3,22,17.865749895129827,0.24313486423864905,0.9090909090909091,0.09090909090909094,20,2,1.3932287721249872,0.031852543354034424,0.05,20,,,,,1.4645407464912656,1300,6
1957,456,1.0,1.03125,1.03125,0.9285714285714286,3,18,13.585126112725575,0.22517622200765436,0.9444444444444444,0.05555555555555558,17,1,1.5526015557701234,0.03965325653553009,0.05,17,,,,,1.4645407464912656,1300,6
1958,457,1.0,1.0,1.0,0.5882352941176471,3,13,12.267067517645039,0.22046996687174752,0.9230769230769231,0.07692307692307687,12,1,1.471837725435945,0.028246775269508362,0.05,12,,,,,1.4645407464912656,1300,6
1959,458,1.0,1.046875,1.046875,0.8928571428571429,3,16,10.766599192303879,0.44643882258850437,0.875,0.125,14,2,1.0535611774114957,0.03948508948087692,0.05,14,,,,,1.4645407464912656,1300,6
1960,459,1.0,1.0,1.0,0.42857142857142855,3,9,7.769263264853423,0.3136534559533063,0.8888888888888888,0.11111111111111116,8,1,1.2419020996022492,0.03260379284620285,0.05,8,,,,,1.4645407464912656,1300,6
1961,460,1.0,1.0138888888888888,1.0138888888888888,0.8,3,16,11.522729980639184,0.19451704018289812,0.875,0.125,14,2,1.3054829598171018,0.039843302220106125,0.05,14,,,,,1.4645407464912656,1300,6
1962,461,1.0,1.046875,1.046875,0.8928571428571429,3,18,13.365002640152724,0.4307016721339304,0.8888888888888888,0.11111111111111116,16,2,1.124853883421625,0.03494860604405403,0.05,16,,,,,1.4645407464912656,1300,6
1963,462,1.0,1.0,1.0,0.75,3,15,12.35631399586052,0.15082077554963777,0.9333333333333333,0.06666666666666665,14,1,1.5825125577836956,0.03250735625624657,0.05,14,,,,,1.4645407464912656,1300,6
1964,463,1.0,1.0972222222222223,1.0972222222222223,0.7678571428571429,3,16,12.518273982015307,0.12079740845270186,0.9375,0.0625,15,1,1.629202591547298,0.044603072106838226,0.05,15,,,,,1.4645407464912656,1300,6
1965,464,1.0,1.03125,1.03125,0.7794117647058824,3,18,15.15590440505818,0.10222036765262876,0.8888888888888888,0.11111111111111116,16,2,1.4533351879029266,0.014830656349658966,0.05,16,,,,,1.4645407464912656,1300,6
1966,465,1.0,1.0375,1.0375,0.859375,3,18,11.281320385260173,0.5104586124791266,0.8333333333333334,0.16666666666666663,15,3,0.8228747208542069,0.02125849761068821,0.05,15,,,,,1.4645407464912656,1300,6
1967,466,1.0,1.0,0.975,1.0,3,20,15.832486814912157,0.22123363768826426,0.9,0.09999999999999998,18,2,1.3787663623117359,0.015048622153699398,0.05,18,,,,,1.4645407464912656,1300,6
1968,467,1.0,1.0125,1.0125,0.796875,3,20,15.210224070236533,0.10725962354044791,0.9,0.09999999999999998,18,2,1.4927403764595522,0.027816548943519592,0.05,18,,,,,1.4645407464912656,1300,6
1969,468,1.0,1.0,0.9583333333333334,1.0,3,21,16.68783453128253,0.19641855032959657,0.9523809523809523,0.04761904761904767,20,1,1.6131052591942128,0.03022148087620735,0.05,20,,,,,1.4645407464912656,1300,6
1970,469,1.0,1.0416666666666667,1.0416666666666667,0.7708333333333334,3,15,10.318855034420178,0.29823698687032474,0.8666666666666667,0.1333333333333333,13,2,1.168429679796342,0.05349314957857132,0.05,13,,,,,1.4645407464912656,1300,6
1971,470,1.0,1.0555555555555556,1.0555555555555556,0.8392857142857143,3,18,14.365157548184817,0.15118647239942334,0.9444444444444444,0.05555555555555558,17,1,1.6265913053783543,0.031163400039076805,0.05,17,,,,,1.4645407464912656,1300,6
1972,471,1.0,1.03125,0.9895833333333334,1.03125,3,22,15.940775926490842,0.358803711893337,0.8636363636363636,0.13636363636363635,19,3,1.0957417426521177,0.02380523271858692,0.05,19,,,,,1.4645407464912656,1300,6
1973,472,1.0,1.0694444444444444,1.0694444444444444,0.7833333333333333,3,14,9.865655335202643,0.19896592604082194,0.8571428571428571,0.1428571428571429,12,2,1.2296055025306065,0.05530175566673279,0.05,12,,,,,1.4645407464912656,1300,6
1974,473,1.0,1.0384615384615385,0.828125,1.0384615384615385,3,13,10.322460817911436,0.2814818045494761,0.9230769230769231,0.07692307692307687,12,1,1.4108258877582165,0.03913779929280281,0.05,12,,,,,1.4645407464912656,1300,6
1975,474,1.0,1.0,1.0,0.9333333333333333,3,14,10.22232164103358,0.28898898048402477,0.8571428571428571,0.1428571428571429,12,2,1.1395824480874037,0.06489787995815277,0.05,12,,,,,1.4645407464912656,1300,6
1976,475,1.0,1.025,1.025,0.9,3,18,14.106217621560427,0.12151388809514738,0.9444444444444444,0.05555555555555558,17,1,1.6562638896826303,0.063783198595047,0.05,17,,,,,1.4645407464912656,1300,6
1977,476,1.0,1.0178571428571428,0.9375,1.0178571428571428,3,17,13.760503287705903,0.284806897977915,0.8823529411764706,0.11764705882352944,15,2,1.2446048667279672,0.03403263911604881,0.05,15,,,,,1.4645407464912656,1300,6
1978,477,1.0,1.0,1.0,0.6617647058823529,3,14,12.243391116991749,0.24868978431503125,0.9285714285714286,0.0714285714285714,13,1,1.465595929970683,0.008500698953866959,0.05,13,,,,,1.4645407464912656,1300,6
1979,478,1.0,1.0,1.0,0.765625,3,20,16.883500436703027,0.12767205771423776,1.0,0.0,20,0,1.8723279422857622,0.04204946011304855,0.05,20,,,,,1.4645407464912656,1300,6
1980,479,1.0,1.0416666666666667,1.0416666666666667,1.0,3,17,13.742118580098234,0.11089302880407259,0.9411764705882353,0.05882352941176472,16,1,1.6538128535488685,0.04293778911232948,0.05,16,,,,,1.4645407464912656,1300,6
1981,480,1.0,1.0625,1.0625,1.05,3,23,15.592194322960669,0.31622999946382135,0.8695652173913043,0.13043478260869568,20,3,1.162030870101396,0.043128859251737595,0.05,20,,,,,1.4645407464912656,1300,6
1982,481,1.0,1.0125,1.0125,0.95,3,19,15.24466371816471,0.1670648051280687,0.8947368421052632,0.10526315789473684,17,2,1.411882563292984,0.0428190752863884,0.05,17,,,,,1.4645407464912656,1300,6
1983,482,1.0,1.0,0.8875,1.0,3,16,12.935685227495613,0.09562886508745412,0.9375,0.0625,15,1,1.6543711349125458,0.02347412332892418,0.05,15,,,,,1.4645407464912656,1300,6
1984,483,1.0,1.0113636363636365,1.0113636363636365,0.8958333333333334,3,17,13.32611106841009,0.272205534649716,0.8823529411764706,0.11764705882352944,15,2,1.2572062300561662,0.04851654917001724,0.05,15,,,,,1.4645407464912656,1300,6
1985,484,1.0,1.0113636363636365,1.0113636363636365,0.9666666666666667,3,19,15.780306364022367,0.13387410711683473,0.9473684210526315,0.052631578947368474,18,1,1.6555995770936913,0.030092695727944374,0.05,18,,,,,1.4645407464912656,1300,6
1986,485,1.0,1.0,0.7777777777777778,1.0,3,16,12.977608753986592,0.29518025555247174,0.9375,0.0625,15,1,1.4548197444475282,0.06342364102602005,0.05,15,,,,,1.4645407464912656,1300,6
1987,486,1.0,1.0227272727272727,1.0227272727272727,0.9444444444444444,3,24,19.526464763825345,0.1088453911686272,0.9166666666666666,0.08333333333333337,22,2,1.5578212754980394,0.018978029489517212,0.05,22,,,,,1.4645407464912656,1300,6
1988,487,1.0,1.0277777777777777,1.0277777777777777,0.8833333333333333,3,21,15.811387074326456,0.3424108080622401,0.9047619047619048,0.09523809523809523,19,2,1.276636810985379,0.03919191658496857,0.05,19,,,,,1.4645407464912656,1300,6
1989,488,1.0,1.109375,1.109375,0.953125,3,20,13.317072260529812,0.25615692023961484,0.9,0.09999999999999998,18,2,1.3438430797603853,0.020899001508951187,0.05,18,,,,,1.4645407464912656,1300,6
1990,489,1.0,1.03125,1.03125,0.8,3,17,12.393806594659534,0.23009260256770997,0.8823529411764706,0.11764705882352944,15,2,1.2993191621381723,0.039082907140254974,0.05,15,,,,,1.4645407464912656,1300,6
1991,490,1.0,1.0138888888888888,1.0138888888888888,0.890625,3,19,16.0914974174179,0.16777585466078004,0.8947368421052632,0.10526315789473684,17,2,1.4111715137602727,0.00971054844558239,0.05,17,,,,,1.4645407464912656,1300,6
1992,491,1.0,1.078125,1.078125,0.75,3,17,12.23758289226331,0.3031161644701001,0.8823529411764706,0.11764705882352944,15,2,1.226295600235782,0.07637225836515427,0.05,15,,,,,1.4645407464912656,1300,6
1993,492,1.0,1.0178571428571428,1.0178571428571428,0.796875,3,18,15.179415294699275,0.15496596371837013,0.9444444444444444,0.05555555555555558,17,1,1.6228118140594074,0.026636458933353424,0.05,17,,,,,1.4645407464912656,1300,6
1994,493,1.0,1.0340909090909092,1.0340909090909092,0.7333333333333333,3,19,15.086522679035095,0.14293411151750454,0.8947368421052632,0.10526315789473684,17,2,1.4360132569035482,0.016502168029546738,0.05,17,,,,,1.4645407464912656,1300,6
1995,494,1.0,1.0,1.0,0.625,3,14,11.17354461430702,0.260197487402021,0.9285714285714286,0.0714285714285714,13,1,1.4540882268836934,0.05787762627005577,0.05,13,,,,,1.4645407464912656,1300,6
1996,495,1.0,1.0227272727272727,1.0227272727272727,0.9833333333333333,3,19,13.754696099049013,0.26708125314239717,0.8421052631578947,0.1578947368421053,16,3,1.1013397994891816,0.048449691385030746,0.05,16,,,,,1.4645407464912656,1300,6
1997,496,1.0,1.0,0.765625,1.0,3,16,14.038327952089066,0.1519685113112597,0.9375,0.0625,15,1,1.5980314886887403,0.04037393629550934,0.05,15,,,,,1.4645407464912656,1300,6
1998,497,1.0,1.03125,1.03125,0.9558823529411765,3,21,15.982783617898617,0.25645906443942224,0.9047619047619048,0.09523809523809523,19,2,1.3625885546081968,0.029552271589636803,0.05,19,,,,,1.4645407464912656,1300,6
1999,498,1.0,1.0166666666666666,0.8875,1.0166666666666666,3,17,12.85909971390331,0.21272580530964352,0.9411764705882353,0.05882352941176472,16,1,1.5519800770432977,0.0372510626912117,0.05,16,,,,,1.4645407464912656,1300,6
2000,499,1.0,1.015625,1.015625,0.875,3,16,13.272077251754446,0.22195296187244412,0.9375,0.0625,15,1,1.528047038127556,0.07713909447193146,0.05,15,1.4284965606102904,0.20365357181363403,0.9080375331059811,0.09196246689401892,1.4645407464912656,1300,7
2001,0,1.0,1.0535714285714286,1.0,1.0535714285714286,3,18,13.489409059751802,0.1678200829665913,0.8888888888888888,0.11111111111111116,16,2,1.3877354725889641,0.030244212597608566,0.05,16,,,,,1.4645407464912656,1300,7
2002,1,1.0,1.0,1.0,0.5294117647058824,3,14,11.914123484690155,0.25552119018419006,0.9285714285714286,0.0714285714285714,13,1,1.4587645241015244,0.02632017619907856,0.05,13,,,,,1.4645407464912656,1300,7
2003,2,1.0,1.0375,1.0375,0.9558823529411765,3,21,17.000716274918936,0.2920737213317446,0.9047619047619048,0.09523809523809523,19,2,1.3269738977158745,0.04979220777750015,0.05,19,,,,,1.4645407464912656,1300,7
2004,3,1.0,1.0,0.6354166666666666,1.0,3,18,15.9331363869861,0.24981531047504565,0.9444444444444444,0.05555555555555558,17,1,1.527962467302732,0.04499216750264168,0.05,17,,,,,1.4645407464912656,1300,7
2005,4,1.0,1.0972222222222223,1.0972222222222223,0.9464285714285714,3,19,11.751659180314343,0.34391651923180944,0.8421052631578947,0.1578947368421053,16,3,1.0245045333997693,0.05599769204854965,0.05,16,,,,,1.4645407464912656,1300,7
2006,5,1.0,1.046875,1.046875,0.75,3,17,14.383509631009119,0.18872536433828022,0.8823529411764706,0.11764705882352944,15,2,1.340686400367602,0.0412936806678772,0.05,15,,,,,1.4645407464912656,1300,7
2007,6,1.0,1.109375,1.109375,0.8928571428571429,3,16,10.939781670948966,0.34068035998353446,0.8125,0.1875,13,3,0.9093196400164656,0.0349542535841465,0.05,13,,,,,1.4645407464912656,1300,7
2008,7,1.0,1.0208333333333333,1.0208333333333333,0.484375,3,10,7.467885945558268,0.2455231879119957,0.8,0.19999999999999996,8,2,0.9544768120880045,0.04253559932112694,0.05,8,,,,,1.4645407464912656,1300,7
2009,8,1.0,1.0375,1.0375,0.8833333333333333,3,19,13.989308453792194,0.23422399262970586,0.8947368421052632,0.10526315789473684,17,2,1.3447233757913468,0.010867901146411896,0.05,17,,,,,1.4645407464912656,1300,7
2010,9,1.0,1.015625,0.9375,1.015625,3,23,14.655744131378794,0.2422649837284663,0.9130434782608695,0.08695652173913049,21,2,1.4099089293150118,0.02571425586938858,0.05,21,,,,,1.4645407464912656,1300,7
2011,10,1.0,1.0357142857142858,0.6875,1.0357142857142858,3,18,12.300686416956026,0.45350092928953456,0.8333333333333334,0.16666666666666663,15,3,0.879832404043799,0.09793760627508163,0.05,15,,,,,1.4645407464912656,1300,7
2012,11,1.0,1.0,1.0,0.6617647058823529,3,13,10.561973668514266,0.19528002125004001,0.9230769230769231,0.07692307692307687,12,1,1.4970276710576524,0.029908621683716774,0.05,12,,,,,1.4645407464912656,1300,7
2013,12,1.0,1.03125,1.03125,0.65,3,14,9.504547611829341,0.21821697333742274,0.9285714285714286,0.0714285714285714,13,1,1.4960687409482918,0.011714616790413857,0.05,13,,,,,1.4645407464912656,1300,7
2014,13,1.0,1.0454545454545454,1.0454545454545454,1.0,3,19,14.292411648691848,0.19902091976776387,0.8947368421052632,0.10526315789473684,17,2,1.3799264486532887,0.031023530289530754,0.05,17,,,,,1.4645407464912656,1300,7
2015,14,1.0,1.0535714285714286,1.0138888888888888,1.0535714285714286,3,17,13.388133589563205,0.13323265944321577,0.9411764705882353,0.05882352941176472,16,1,1.6314732229097253,0.03677114099264145,0.05,16,,,,,1.4645407464912656,1300,7
2016,15,1.0,1.0138888888888888,1.0138888888888888,0.8653846153846154,3,15,11.742818539637588,0.13411543237209467,0.9333333333333333,0.06666666666666665,14,1,1.5992179009612388,0.04290304705500603,0.05,14,,,,,1.4645407464912656,1300,7
2017,16,1.0,1.0166666666666666,0.7222222222222222,1.0166666666666666,3,19,16.799094674607353,0.16989069198229262,0.9473684210526315,0.052631578947368474,18,1,1.6195829922282334,0.02811390534043312,0.05,18,,,,,1.4645407464912656,1300,7
2018,17,1.0,1.0625,1.0625,0.78125,3,16,9.389101535224581,0.3171335212091906,0.8125,0.1875,13,3,0.9328664787908094,0.025724396109580994,0.05,13,,,,,1.4645407464912656,1300,7
2019,18,1.0,1.0357142857142858,0.9375,1.0357142857142858,3,16,11.780392090417344,0.22019088964318925,0.875,0.125,14,2,1.2798091103568108,0.03000037930905819,0.05,14,,,,,1.4645407464912656,1300,7
2020,19,1.0,1.0,0.95,1.0,3,22,19.10246467916264,0.26830290045314226,0.9545454545454546,0.045454545454545414,21,1,1.549878917728676,0.027917098253965378,0.05,21,,,,,1.4645407464912656,1300,7
2021,20,1.0,1.1071428571428572,1.1071428571428572,0.7142857142857143,3,12,8.528052355520629,0.32784495933442565,0.8333333333333334,0.16666666666666663,10,2,1.0054883739989078,0.04257849231362343,0.05,10,,,,,1.4645407464912656,1300,7
2022,21,1.0,1.025,1.025,0.828125,3,21,15.675701997130176,0.17818394790361813,0.9523809523809523,0.04761904761904767,20,1,1.6313398616201913,0.02423195354640484,0.05,20,,,,,1.4645407464912656,1300,7
2023,22,1.0,1.0454545454545454,1.0454545454545454,0.984375,3,20,15.422867676548893,0.09176775693114783,0.9,0.09999999999999998,18,2,1.5082322430688522,0.05969913303852081,0.05,18,,,,,1.4645407464912656,1300,7
2024,23,1.0,1.0,0.85,1.0,3,16,12.687372180201606,0.1459925773017676,0.9375,0.0625,15,1,1.6040074226982324,0.026307137683033943,0.05,15,,,,,1.4645407464912656,1300,7
2025,24,1.0,1.0416666666666667,1.0416666666666667,0.6666666666666666,3,11,8.950621654136555,0.27664269886563986,0.9090909090909091,0.09090909090909094,10,1,1.3597209374979964,0.04399196058511734,0.05,10,,,,,1.4645407464912656,1300,7
2026,25,1.0,1.0625,1.0625,0.9375,3,18,12.473425200840985,0.18654094264654836,0.8888888888888888,0.11111111111111116,16,2,1.369014612909007,0.02604088932275772,0.05,16,,,,,1.4645407464912656,1300,7
2027,26,1.0,1.0,1.0,0.95,3,18,12.89190305009311,0.21181545049987033,0.9444444444444444,0.05555555555555558,17,1,1.5659623272779073,0.010575249791145325,0.05,17,,,,,1.4645407464912656,1300,7
2028,27,1.0,1.0178571428571428,1.0178571428571428,0.671875,3,13,10.567881703027524,0.2825260087898941,0.9230769230769231,0.07692307692307687,12,1,1.4097816835177985,0.01777808740735054,0.05,12,,,,,1.4645407464912656,1300,7
2029,28,1.0,1.0333333333333334,0.6625,1.0333333333333334,3,18,13.607378036962395,0.22574907915704323,0.8888888888888888,0.11111111111111116,16,2,1.3298064763985122,0.026173561811447144,0.05,16,,,,,1.4645407464912656,1300,7
2030,29,1.0,1.0138888888888888,1.0138888888888888,0.85,3,18,14.034778882201557,0.2209708691207961,0.9444444444444444,0.05555555555555558,17,1,1.5568069086569816,0.030811317265033722,0.05,17,,,,,1.4645407464912656,1300,7
2031,30,1.0,1.0535714285714286,1.0535714285714286,0.6166666666666667,3,12,10.502537963859158,0.18396335626155366,0.9166666666666666,0.08333333333333337,11,1,1.4827033104051128,0.03811252862215042,0.05,11,,,,,1.4645407464912656,1300,7
2032,31,1.0,1.1071428571428572,1.1071428571428572,0.7321428571428571,3,17,12.433701612125903,0.33965963348134,0.8823529411764706,0.11764705882352944,15,2,1.1897521312245423,0.02617637626826763,0.05,15,,,,,1.4645407464912656,1300,7
2033,32,1.0,1.0625,1.0625,0.6607142857142857,3,13,11.132330467110702,0.21793346894012378,0.9230769230769231,0.07692307692307687,12,1,1.4743742233675687,0.03540319576859474,0.05,12,,,,,1.4645407464912656,1300,7
2034,33,1.0,1.0535714285714286,1.0535714285714286,0.5333333333333333,3,9,6.08545973526932,0.3198145356606511,0.7777777777777778,0.2222222222222222,7,2,0.79129657545046,0.042149029672145844,0.05,7,,,,,1.4645407464912656,1300,7
2035,34,1.0,1.0416666666666667,1.0416666666666667,0.734375,3,17,15.597141645066353,0.16382600744823006,0.9411764705882353,0.05882352941176472,16,1,1.600879874904711,0.029515493661165237,0.05,16,,,,,1.4645407464912656,1300,7
2036,35,1.0,1.0,1.0,0.5,3,10,7.580125691596869,0.2941984906711485,0.9,0.09999999999999998,9,1,1.3058015093288515,0.034702617675065994,0.05,9,,,,,1.4645407464912656,1300,7
2037,36,1.0,1.0,0.8611111111111112,1.0,3,17,14.581747443846332,0.16871155197730506,0.9411764705882353,0.05882352941176472,16,1,1.595994330375636,0.037416040897369385,0.05,16,,,,,1.4645407464912656,1300,7
2038,37,1.0,1.0625,1.0625,0.796875,3,19,14.490068636117082,0.22671721165351524,0.8947368421052632,0.10526315789473684,17,2,1.3522301567675374,0.020625125616788864,0.05,17,,,,,1.4645407464912656,1300,7
2039,38,1.0,1.0416666666666667,1.0416666666666667,0.984375,3,21,16.02532222757262,0.11044850966352532,0.9523809523809523,0.04761904761904767,20,1,1.699075299860284,0.05287493020296097,0.05,20,,,,,1.4645407464912656,1300,7
2040,39,1.0,1.03125,1.03125,0.8382352941176471,3,19,15.95495536369096,0.2011914660613698,0.9473684210526315,0.052631578947368474,18,1,1.5882822181491563,0.051815904676914215,0.05,18,,,,,1.4645407464912656,1300,7
2041,40,1.0,1.0,0.875,1.0,3,17,14.007127424531726,0.1493871355984051,0.9411764705882353,0.05882352941176472,16,1,1.615318746754536,0.023240186274051666,0.05,16,,,,,1.4645407464912656,1300,7
2042,41,1.0,1.03125,1.0,1.03125,3,21,16.678487703220124,0.06750771560841522,0.9523809523809523,0.04761904761904767,20,1,1.7420160939153941,0.014352226629853249,0.05,20,,,,,1.4645407464912656,1300,7
2043,42,1.0,1.0,1.0,0.875,3,16,13.07164001310391,0.14914894854092622,0.9375,0.0625,15,1,1.6008510514590737,0.016110368072986603,0.05,15,,,,,1.4645407464912656,1300,7
2044,43,1.0,1.0,1.0,0.7666666666666667,3,16,12.606633041748324,0.26875729670951454,0.9375,0.0625,15,1,1.4812427032904854,0.017510613426566124,0.05,15,,,,,1.4645407464912656,1300,7
2045,44,1.0,1.078125,1.078125,0.8392857142857143,3,14,7.297814664375144,0.28544648774193576,0.8571428571428571,0.1428571428571429,12,2,1.1431249408294926,0.12320128083229065,0.05,12,,,,,1.4645407464912656,1300,7
2046,45,1.0,1.0,1.0,0.703125,3,17,14.267642021623766,0.13653487066585474,0.9411764705882353,0.05882352941176472,16,1,1.6281710116870864,0.030426552519202232,0.05,16,,,,,1.4645407464912656,1300,7
2047,46,1.0,1.0,1.0,0.9333333333333333,3,17,13.743298244778417,0.15146035844961273,0.8823529411764706,0.11764705882352944,15,2,1.3779514062562694,0.030794808641076088,0.05,15,,,,,1.4645407464912656,1300,7
2048,47,1.0,1.0714285714285714,0.8295454545454546,1.0714285714285714,3,20,17.939313651473253,0.22163912460832466,0.95,0.050000000000000044,19,1,1.5783608753916751,0.010939517058432102,0.05,19,,,,,1.4645407464912656,1300,7
2049,48,1.0,1.0,0.8977272727272727,1.0,3,20,17.367588528137205,0.13219095705330414,0.95,0.050000000000000044,19,1,1.6678090429466956,0.08921289443969727,0.05,19,,,,,1.4645407464912656,1300,7
2050,49,1.0,1.0625,0.9886363636363636,1.0625,3,21,12.850394688500593,0.4128119417220761,0.8571428571428571,0.1428571428571429,18,3,1.0157594868493522,0.023375384509563446,0.05,18,,,,,1.4645407464912656,1300,7
2051,50,1.0,1.0125,1.0125,0.6323529411764706,3,16,12.581206829771514,0.2923444303604369,0.875,0.125,14,2,1.207655569639563,0.011628593318164349,0.05,14,,,,,1.4645407464912656,1300,7
2052,51,1.0,1.0454545454545454,1.0454545454545454,1.0357142857142858,3,20,15.159109349511345,0.12937171802587646,0.9,0.09999999999999998,18,2,1.4706282819741237,0.015306562185287476,0.05,18,,,,,1.4645407464912656,1300,7
2053,52,1.0,1.0277777777777777,1.0277777777777777,0.6470588235294118,3,14,10.457924354902303,0.17329009723407107,0.8571428571428571,0.1428571428571429,12,2,1.2552813313373574,0.06216535344719887,0.05,12,,,,,1.4645407464912656,1300,7
2054,53,1.0,1.015625,1.015625,0.6833333333333333,3,13,10.054308548844714,0.3206409120376598,0.9230769230769231,0.07692307692307687,12,1,1.3716667802700326,0.04696016013622284,0.05,12,,,,,1.4645407464912656,1300,7
2055,54,1.0,1.0,1.0,0.7941176470588235,3,19,16.290274121893948,0.29419881163078776,0.9473684210526315,0.052631578947368474,18,1,1.4952748725797382,0.03509495407342911,0.05,18,,,,,1.4645407464912656,1300,7
2056,55,1.0,1.0,1.0,0.7916666666666666,3,15,11.171474832553717,0.33371503837964756,0.8666666666666667,0.1333333333333333,13,2,1.1329516282870191,0.03260344639420509,0.05,13,,,,,1.4645407464912656,1300,7
2057,56,1.0,1.05,0.7727272727272727,1.05,3,20,16.432608385728177,0.28334793206139747,0.9,0.09999999999999998,18,2,1.3166520679386027,0.0537024550139904,0.05,18,,,,,1.4645407464912656,1300,7
2058,57,1.0,1.046875,1.046875,0.7,3,14,11.320691247805502,0.13721228737155589,0.9285714285714286,0.0714285714285714,13,1,1.5770734269141586,0.023457854986190796,0.05,13,,,,,1.4645407464912656,1300,7
2059,58,1.0,1.0535714285714286,1.0535714285714286,0.6617647058823529,3,15,11.70226725965916,0.26715839737567626,0.9333333333333333,0.06666666666666665,14,1,1.4661749359576572,0.0719861090183258,0.05,14,,,,,1.4645407464912656,1300,7
2060,59,1.0,1.0,1.0,0.71875,3,14,10.029025904988552,0.28985855102002156,0.9285714285714286,0.0714285714285714,13,1,1.4244271632656929,0.0222322978079319,0.05,13,,,,,1.4645407464912656,1300,7
2061,60,1.0,1.0113636363636365,1.0113636363636365,0.9821428571428571,3,18,12.321381838496912,0.260791078226997,0.8888888888888888,0.11111111111111116,16,2,1.2947644773285583,0.049897365272045135,0.05,16,,,,,1.4645407464912656,1300,7
2062,61,1.0,1.0,0.8068181818181818,1.0,3,17,14.195858607062515,0.2425066901560236,0.9411764705882353,0.05882352941176472,16,1,1.5221991921969176,0.03811600059270859,0.05,16,,,,,1.4645407464912656,1300,7
2063,62,1.0,1.0416666666666667,0.8625,1.0416666666666667,3,17,12.555443724533317,0.2904996206618382,0.8823529411764706,0.11764705882352944,15,2,1.238912144044044,0.058786965906620026,0.05,15,,,,,1.4645407464912656,1300,7
2064,63,1.0,1.0166666666666666,0.775,1.0166666666666666,3,16,14.386602375219805,0.2685991766860894,0.9375,0.0625,15,1,1.4814008233139107,0.05285798758268356,0.05,15,,,,,1.4645407464912656,1300,7
2065,64,1.0,1.046875,1.046875,0.9333333333333333,3,17,11.561645064294263,0.2761489779980414,0.8823529411764706,0.11764705882352944,15,2,1.253262786707841,0.04524759203195572,0.05,15,,,,,1.4645407464912656,1300,7
2066,65,1.0,1.0,0.925,1.0,3,17,14.52783889446497,0.09777081417951561,0.9411764705882353,0.05882352941176472,16,1,1.6669350681734256,0.06676208972930908,0.05,16,,,,,1.4645407464912656,1300,7
2067,66,1.0,1.0,1.0,0.96875,3,22,16.33317677807714,0.3203034450599675,0.8636363636363636,0.13636363636363635,19,3,1.134242009485487,0.0352342426776886,0.05,19,,,,,1.4645407464912656,1300,7
2068,67,1.0,1.0833333333333333,1.0833333333333333,0.8035714285714286,3,17,12.662191092269385,0.13446325484362415,0.8823529411764706,0.11764705882352944,15,2,1.394948509862258,0.01918664388358593,0.05,15,,,,,1.4645407464912656,1300,7
2069,68,1.0,1.03125,1.03125,0.7307692307692307,3,13,10.818378034222441,0.11195857368787002,0.9230769230769231,0.07692307692307687,12,1,1.5803491186198224,0.05808531120419502,0.05,12,,,,,1.4645407464912656,1300,7
2070,69,1.0,1.0138888888888888,1.0138888888888888,0.7833333333333333,3,17,13.908191335927073,0.27963974996437946,0.9411764705882353,0.05882352941176472,16,1,1.4850661323885617,0.041491441428661346,0.05,16,,,,,1.4645407464912656,1300,7
2071,70,1.0,1.046875,1.046875,0.9038461538461539,3,15,11.910404972939133,0.13415577523823288,0.9333333333333333,0.06666666666666665,14,1,1.5991775580951004,0.04145137965679169,0.05,14,,,,,1.4645407464912656,1300,7
2072,71,1.0,1.0125,1.0125,0.90625,3,18,14.699853886904048,0.15674268285215887,0.9444444444444444,0.05555555555555558,17,1,1.621035094925619,0.046241238713264465,0.05,17,,,,,1.4645407464912656,1300,7
2073,72,1.0,1.0625,1.0625,1.03125,3,19,13.541046062413542,0.12981103497650612,0.8947368421052632,0.10526315789473684,17,2,1.4491363334445466,0.09010621905326843,0.05,17,,,,,1.4645407464912656,1300,7
2074,73,1.0,1.0416666666666667,1.0416666666666667,0.5166666666666667,3,9,7.981872358713284,0.20998508472742358,0.8888888888888888,0.11111111111111116,8,1,1.3455704708281317,0.039794936776161194,0.05,8,,,,,1.4645407464912656,1300,7
2075,74,1.0,1.0178571428571428,1.0178571428571428,0.796875,3,16,12.70911648191862,0.2709820258994188,0.9375,0.0625,15,1,1.4790179741005813,0.0638093650341034,0.05,15,,,,,1.4645407464912656,1300,7
2076,75,1.0,1.0972222222222223,1.0972222222222223,0.890625,3,17,10.588892743655718,0.2891512530045038,0.8235294117647058,0.17647058823529416,14,3,1.0049663940543196,0.02419923059642315,0.05,14,,,,,1.4645407464912656,1300,7
2077,76,1.0,1.0416666666666667,1.0416666666666667,0.8269230769230769,3,15,11.927255422030285,0.2408903244989158,0.9333333333333333,0.06666666666666665,14,1,1.4924430088344176,0.030294667929410934,0.05,14,,,,,1.4645407464912656,1300,7
2078,77,1.0,1.025,1.025,0.7647058823529411,3,17,14.225322562050389,0.10097172126850248,0.9411764705882353,0.05882352941176472,16,1,1.6637341610844387,0.012023796327412128,0.05,16,,,,,1.4645407464912656,1300,7
2079,78,1.0,1.0555555555555556,1.0555555555555556,0.75,3,14,11.33095152383236,0.28622517277041126,0.8571428571428571,0.1428571428571429,12,2,1.1423462558010171,0.023297540843486786,0.05,12,,,,,1.4645407464912656,1300,7
2080,79,1.0,1.0,1.0,0.609375,3,14,12.833139787518299,0.11084981232015063,0.9285714285714286,0.0714285714285714,13,1,1.6034359019655637,0.05673586577177048,0.05,13,,,,,1.4645407464912656,1300,7
2081,80,1.0,1.0892857142857142,1.0892857142857142,0.8,3,18,12.39203248200611,0.3749841779808734,0.8888888888888888,0.11111111111111116,16,2,1.180571377574682,0.0099559985101223,0.05,16,,,,,1.4645407464912656,1300,7
2082,81,1.0,1.0892857142857142,1.0892857142857142,0.9464285714285714,3,18,12.885947159395204,0.22931228935423031,0.8888888888888888,0.11111111111111116,16,2,1.326243266201325,0.05996568500995636,0.05,16,,,,,1.4645407464912656,1300,7
2083,82,1.0,1.109375,1.109375,0.8928571428571429,3,16,11.242319808623266,0.2134578005979363,0.875,0.125,14,2,1.2865421994020636,0.04871659725904465,0.05,14,,,,,1.4645407464912656,1300,7
2084,83,1.0,1.0166666666666666,0.9722222222222222,1.0166666666666666,3,18,15.252636148327195,0.25938184268327813,0.9444444444444444,0.05555555555555558,17,1,1.5183959350944995,0.01184744480997324,0.05,17,,,,,1.4645407464912656,1300,7
2085,84,1.0,1.015625,1.015625,0.6875,3,17,12.469877701367835,0.20213998400262068,0.8823529411764706,0.11764705882352944,15,2,1.3272717807032617,0.02440444380044937,0.05,15,,,,,1.4645407464912656,1300,7
2086,85,1.0,1.0555555555555556,1.0555555555555556,0.734375,3,20,14.140053776758352,0.3690670407936768,0.85,0.15000000000000002,17,3,1.030932959206323,0.024071980267763138,0.05,17,,,,,1.4645407464912656,1300,7
2087,86,1.0,1.0,0.825,1.0,3,19,18.03135352436326,0.15340779190537862,1.0,0.0,19,0,1.8465922080946213,0.040633536875247955,0.05,19,,,,,1.4645407464912656,1300,7
2088,87,1.0,1.03125,0.7386363636363636,1.03125,3,20,17.828048583611494,0.24034083740193032,0.95,0.050000000000000044,19,1,1.5596591625980696,0.010669434443116188,0.05,19,,,,,1.4645407464912656,1300,7
2089,88,1.0,1.0,0.8611111111111112,1.0,3,19,16.751737716281262,0.20528972627779465,0.9473684210526315,0.052631578947368474,18,1,1.5841839579327315,0.019370924681425095,0.05,18,,,,,1.4645407464912656,1300,7
2090,89,1.0,1.0357142857142858,1.0357142857142858,0.7166666666666667,3,14,10.404087333498776,0.3740717371629916,0.8571428571428571,0.1428571428571429,12,2,1.0544996914084368,0.03819886967539787,0.05,12,,,,,1.4645407464912656,1300,7
2091,90,1.0,1.0178571428571428,1.0178571428571428,0.9107142857142857,3,14,10.821636800621471,0.10801234497346433,0.9285714285714286,0.0714285714285714,13,1,1.6062733693122502,0.07709871232509613,0.05,13,,,,,1.4645407464912656,1300,7
2092,91,1.0,1.0833333333333333,1.0833333333333333,0.48333333333333334,3,10,7.841901072481814,0.1261983881673307,0.8,0.19999999999999996,8,2,1.0738016118326694,0.07744406163692474,0.05,8,,,,,1.4645407464912656,1300,7
2093,92,1.0,1.0,1.0,0.7142857142857143,3,16,13.835625089111943,0.2393225191150837,0.9375,0.0625,15,1,1.5106774808849164,0.020709328353405,0.05,15,,,,,1.4645407464912656,1300,7
2094,93,1.0,1.05,0.90625,1.05,3,23,17.926115290395398,0.31853103756386975,0.9130434782608695,0.08695652173913049,21,2,1.3336428754796084,0.030014922842383385,0.05,21,,,,,1.4645407464912656,1300,7
2095,94,1.0,1.0972222222222223,1.0972222222222223,1.0333333333333334,3,21,14.302272295771226,0.30516608895371977,0.8571428571428571,0.1428571428571429,18,3,1.1234053396177086,0.030942434445023537,0.05,18,,,,,1.4645407464912656,1300,7
2096,95,1.0,1.0138888888888888,1.0138888888888888,0.7692307692307693,3,16,12.927619184633643,0.3497982801268777,0.9375,0.0625,15,1,1.4002017198731223,0.024340420961380005,0.05,15,,,,,1.4645407464912656,1300,7
2097,96,1.0,1.0138888888888888,1.0138888888888888,0.75,3,14,12.383797641075452,0.20936054785999272,0.9285714285714286,0.0714285714285714,13,1,1.5049251664257217,0.022115984931588173,0.05,13,,,,,1.4645407464912656,1300,7
2098,97,1.0,1.125,1.125,0.7692307692307693,3,12,8.907513297308483,0.28722745470351907,0.8333333333333334,0.16666666666666663,10,2,1.0461058786298143,0.016999298706650734,0.05,10,,,,,1.4645407464912656,1300,7
2099,98,1.0,1.03125,1.03125,0.6,3,12,10.42825832507285,0.2683367910961917,0.9166666666666666,0.08333333333333337,11,1,1.398329875570475,0.033937908709049225,0.05,11,,,,,1.4645407464912656,1300,7
2100,99,1.0,1.0416666666666667,1.0416666666666667,0.9166666666666666,3,18,13.124687586918604,0.20548368527119845,0.8888888888888888,0.11111111111111116,16,2,1.3500718702843568,0.015116957947611809,0.05,16,1.424575010596464,0.20510940510598918,0.9074211039256133,0.09257889607438673,1.4645407464912656,1300,8
2101,100,1.0,1.0,1.0,0.6730769230769231,3,11,10.686170037606352,0.09507951483287125,0.9090909090909091,0.09090909090909094,10,1,1.5412841215307649,0.029334012418985367,0.05,10,,,,,1.4645407464912656,1300,8
2102,101,1.0,1.015625,1.015625,0.78125,3,16,14.376211147657628,0.11588021771618115,0.9375,0.0625,15,1,1.634119782283819,0.04106277972459793,0.05,15,,,,,1.4645407464912656,1300,8
2103,102,1.0,1.025,1.025,0.8333333333333334,3,17,11.657729206996812,0.2875893617162922,0.8823529411764706,0.11764705882352944,15,2,1.2418224029895901,0.05305613577365875,0.05,15,,,,,1.4645407464912656,1300,8
2104,103,1.0,1.0375,1.0375,0.6527777777777778,3,17,12.83376777456388,0.23955505784668335,0.8823529411764706,0.11764705882352944,15,2,1.2898567068591988,0.04656935855746269,0.05,15,,,,,1.4645407464912656,1300,8
2105,104,1.0,1.0,1.0,0.5555555555555556,3,15,14.323015837493056,0.19646667347249752,0.9333333333333333,0.06666666666666665,14,1,1.5368666598608358,0.025827307254076004,0.05,14,,,,,1.4645407464912656,1300,8
2106,105,1.0,1.0,1.0,0.95,3,21,18.724638680712346,0.18535884580617312,0.9523809523809523,0.04761904761904767,20,1,1.6241649637176363,0.05760800093412399,0.05,20,,,,,1.4645407464912656,1300,8
2107,106,1.0,1.078125,1.078125,0.671875,3,16,14.09511555719871,0.16326659187611928,0.9375,0.0625,15,1,1.5867334081238806,0.024868883192539215,0.05,15,,,,,1.4645407464912656,1300,8
2108,107,1.0,1.0,1.0,0.5588235294117647,3,16,13.85426692400707,0.07825930784481455,0.875,0.125,14,2,1.4217406921551854,0.029855359345674515,0.05,14,,,,,1.4645407464912656,1300,8
2109,108,1.0,1.078125,1.078125,0.8928571428571429,3,19,13.811011100604746,0.15742795676587715,0.8947368421052632,0.10526315789473684,17,2,1.4215194116551755,0.059329405426979065,0.05,17,,,,,1.4645407464912656,1300,8
2110,109,1.0,1.0,1.0,0.7333333333333333,3,14,10.955787089127313,0.23862676693268772,0.8571428571428571,0.1428571428571429,12,2,1.1899446616387406,0.032917190343141556,0.05,12,,,,,1.4645407464912656,1300,8
2111,110,1.0,1.0535714285714286,1.0535714285714286,0.45588235294117646,3,12,10.151485960037695,0.29616592056495245,0.9166666666666666,0.08333333333333337,11,1,1.370500746101714,0.0509045273065567,0.05,11,,,,,1.4645407464912656,1300,8
2112,111,1.0,1.0833333333333333,1.0833333333333333,0.95,3,17,10.82980411985034,0.22683279306080856,0.8823529411764706,0.11764705882352944,15,2,1.3025789716450737,0.02553388476371765,0.05,15,,,,,1.4645407464912656,1300,8
2113,112,1.0,1.0,1.0,0.9107142857142857,3,16,12.120028926159987,0.1976377575463055,0.9375,0.0625,15,1,1.5523622424536945,0.05037802457809448,0.05,15,,,,,1.4645407464912656,1300,8
2114,113,1.0,1.0,1.0,0.7333333333333333,3,14,11.291946048228773,0.30679013675694666,0.9285714285714286,0.0714285714285714,13,1,1.4074955775287679,0.02891506254673004,0.05,13,,,,,1.4645407464912656,1300,8
2115,114,1.0,1.0138888888888888,0.9659090909090909,1.0138888888888888,3,22,18.615587516394495,0.11170583361521189,0.9545454545454546,0.045454545454545414,21,1,1.7064759845666064,0.028815560042858124,0.05,21,,,,,1.4645407464912656,1300,8
2116,115,1.0,1.0,0.9583333333333334,1.0,3,18,15.424917673478092,0.129103470775635,0.9444444444444444,0.05555555555555558,17,1,1.6486743070021426,0.045355118811130524,0.05,17,,,,,1.4645407464912656,1300,8
2117,116,1.0,1.0,1.0,0.6617647058823529,3,15,11.92974071619452,0.20221034624373993,0.8666666666666667,0.1333333333333333,13,2,1.2644563204229269,0.03633631020784378,0.05,13,,,,,1.4645407464912656,1300,8
2118,117,1.0,1.0535714285714286,1.0535714285714286,0.5625,3,13,10.436578669088679,0.17887719360496018,0.8461538461538461,0.15384615384615385,11,2,1.2057381910104243,0.03591933846473694,0.05,11,,,,,1.4645407464912656,1300,8
2119,118,1.0,1.03125,1.03125,0.6166666666666667,3,19,17.196685306831693,0.13718487294369344,0.9473684210526315,0.052631578947368474,18,1,1.6522888112668326,0.04253216087818146,0.05,18,,,,,1.4645407464912656,1300,8
2120,119,1.0,1.03125,1.03125,0.9375,3,18,13.464226070605445,0.3027968216116578,0.8888888888888888,0.11111111111111116,16,2,1.2527587339438977,0.03862154111266136,0.05,16,,,,,1.4645407464912656,1300,8
2121,120,1.0,1.0,1.0,0.7666666666666667,3,17,13.538049167477931,0.2712156280228497,0.9411764705882353,0.05882352941176472,16,1,1.4934902543300914,0.03572513908147812,0.05,16,,,,,1.4645407464912656,1300,8
2122,121,1.0,1.0,1.0,0.5588235294117647,3,14,12.42456988282956,0.16549435729707462,0.9285714285714286,0.0714285714285714,13,1,1.5487913569886398,0.0169038288295269,0.05,13,,,,,1.4645407464912656,1300,8
2123,122,1.0,1.0694444444444444,1.0694444444444444,0.7058823529411765,3,16,13.616724988600103,0.08204632645216531,0.9375,0.0625,15,1,1.6679536735478346,0.04083495959639549,0.05,15,,,,,1.4645407464912656,1300,8
2124,123,1.0,1.0,0.9027777777777778,1.0,3,14,10.71271256516124,0.1914817945083752,0.9285714285714286,0.0714285714285714,13,1,1.5228039197773393,0.028684813529253006,0.05,13,,,,,1.4645407464912656,1300,8
2125,124,1.0,1.0192307692307692,0.8068181818181818,1.0192307692307692,3,19,16.391082967992304,0.21491530235339498,0.9473684210526315,0.052631578947368474,18,1,1.5745583818571312,0.012311069294810295,0.05,18,,,,,1.4645407464912656,1300,8
2126,125,1.0,1.0,1.0,0.9166666666666666,3,19,15.083744042977948,0.28161191245727224,0.9473684210526315,0.052631578947368474,18,1,1.5078617717532539,0.06567569077014923,0.05,18,,,,,1.4645407464912656,1300,8
2127,126,1.0,1.0625,1.0625,0.921875,3,18,13.790145547926347,0.18886547004637902,0.9444444444444444,0.05555555555555558,17,1,1.5889123077313987,0.030422236770391464,0.05,17,,,,,1.4645407464912656,1300,8
2128,127,1.0,1.0555555555555556,1.0555555555555556,0.890625,3,15,10.209347318934924,0.23778651220090663,0.8666666666666667,0.1333333333333333,13,2,1.2288801544657602,0.05909675359725952,0.05,13,,,,,1.4645407464912656,1300,8
2129,128,1.0,1.0,0.7916666666666666,1.0,3,17,15.206679043359303,0.19547713099224392,0.9411764705882353,0.05882352941176472,16,1,1.5692287513606973,0.05612879991531372,0.05,16,,,,,1.4645407464912656,1300,8
2130,129,1.0,1.0666666666666667,1.0416666666666667,1.0666666666666667,3,19,13.722660159736522,0.14247439882304014,0.8421052631578947,0.1578947368421053,16,3,1.2259466538085386,0.027083750814199448,0.05,16,,,,,1.4645407464912656,1300,8
2131,130,1.0,1.0,1.0,0.640625,3,13,11.52494020431232,0.10350660503892453,0.9230769230769231,0.07692307692307687,12,1,1.588801087268768,0.046976834535598755,0.05,12,,,,,1.4645407464912656,1300,8
2132,131,1.0,1.0333333333333334,0.75,1.0333333333333334,3,20,19.08335972089726,0.13595749068717258,0.95,0.050000000000000044,19,1,1.6640425093128273,0.09111401438713074,0.05,19,,,,,1.4645407464912656,1300,8
2133,132,1.0,1.015625,1.015625,0.8676470588235294,3,17,12.331021327605477,0.24397213402818146,0.8823529411764706,0.11764705882352944,15,2,1.2854396306777007,0.025808487087488174,0.05,15,,,,,1.4645407464912656,1300,8
2134,133,1.0,1.0625,1.0625,0.71875,3,15,10.199430372865116,0.23859609739675836,0.8666666666666667,0.1333333333333333,13,2,1.2280705692699083,0.07094039022922516,0.05,13,,,,,1.4645407464912656,1300,8
2135,134,1.0,1.025,1.025,0.8,3,17,14.287264533190323,0.11218495958697025,0.9411764705882353,0.05882352941176472,16,1,1.652520922765971,0.026521790772676468,0.05,16,,,,,1.4645407464912656,1300,8
2136,135,1.0,1.0694444444444444,1.0694444444444444,0.7666666666666667,3,17,13.437793688529936,0.16347671708331438,0.8823529411764706,0.11764705882352944,15,2,1.3659350476225678,0.03048744425177574,0.05,15,,,,,1.4645407464912656,1300,8
2137,136,1.0,1.109375,1.109375,0.875,3,16,12.058173750380949,0.12971802122846748,0.875,0.125,14,2,1.3702819787715326,0.03764456883072853,0.05,14,,,,,1.4645407464912656,1300,8
2138,137,1.0,1.0227272727272727,1.0227272727272727,0.875,3,20,14.390912444766448,0.21204225927567466,0.9,0.09999999999999998,18,2,1.3879577407243253,0.05035827308893204,0.05,18,,,,,1.4645407464912656,1300,8
2139,138,1.0,1.0340909090909092,1.0340909090909092,1.0166666666666666,3,23,16.744701042808337,0.4362868515289652,0.8695652173913043,0.13043478260869568,20,3,1.041974018036252,0.029148917645215988,0.05,20,,,,,1.4645407464912656,1300,8
2140,139,1.0,1.0192307692307692,0.775,1.0192307692307692,3,18,15.596000059620923,0.2412758631385763,0.9444444444444444,0.05555555555555558,17,1,1.5365019146392014,0.057318031787872314,0.05,17,,,,,1.4645407464912656,1300,8
2141,140,1.0,1.0208333333333333,1.0208333333333333,0.953125,3,18,13.796346268331284,0.37865625403884723,0.8888888888888888,0.11111111111111116,16,2,1.1768993015167082,0.03972863405942917,0.05,16,,,,,1.4645407464912656,1300,8
2142,141,1.0,1.0,1.0,0.8,3,14,10.855806082724209,0.1951861011815002,0.8571428571428571,0.1428571428571429,12,2,1.2333853273899282,0.021171987056732178,0.05,12,,,,,1.4645407464912656,1300,8
2143,142,1.0,1.0694444444444444,1.0694444444444444,0.6875,3,17,12.169214079006428,0.2851573929022071,0.9411764705882353,0.05882352941176472,16,1,1.479548489450734,0.05599559098482132,0.05,16,,,,,1.4645407464912656,1300,8
2144,143,1.0,1.0,0.8068181818181818,1.0,3,20,17.75006143842934,0.10253349347384307,1.0,0.0,20,0,1.897466506526157,0.03756691887974739,0.05,20,,,,,1.4645407464912656,1300,8
2145,144,1.0,1.0340909090909092,1.0340909090909092,0.9833333333333333,3,17,12.387725018446918,0.20462383063123127,0.8823529411764706,0.11764705882352944,15,2,1.324787934074651,0.041972704231739044,0.05,15,,,,,1.4645407464912656,1300,8
2146,145,1.0,1.0375,1.0375,1.0208333333333333,3,17,14.02051518143779,0.12991865926298407,0.9411764705882353,0.05882352941176472,16,1,1.634787223089957,0.03940820321440697,0.05,16,,,,,1.4645407464912656,1300,8
2147,146,1.0,1.0,0.8863636363636364,1.0,3,20,18.513661334566848,0.07233564811110994,1.0,0.0,20,0,1.92766435188889,0.03436301276087761,0.05,20,,,,,1.4645407464912656,1300,8
2148,147,1.0,1.05,1.05,0.95,3,18,13.910923458528371,0.1624774616151342,0.9444444444444444,0.05555555555555558,17,1,1.6153003161626436,0.025260955095291138,0.05,17,,,,,1.4645407464912656,1300,8
2149,148,1.0,1.0,0.75,1.0,3,16,13.970003737856445,0.2812651447287311,0.9375,0.0625,15,1,1.468734855271269,0.04892599955201149,0.05,15,,,,,1.4645407464912656,1300,8
2150,149,1.0,1.0178571428571428,0.9722222222222222,1.0178571428571428,3,19,14.009864673220594,0.1848454752355011,0.8947368421052632,0.10526315789473684,17,2,1.3941018931855516,0.021263327449560165,0.05,17,,,,,1.4645407464912656,1300,8
2151,150,1.0,1.05,0.8888888888888888,1.05,3,17,12.403750457045971,0.23256077963189464,0.8823529411764706,0.11764705882352944,15,2,1.2968509850739875,0.022233322262763977,0.05,15,,,,,1.4645407464912656,1300,8
2152,151,1.0,1.05,0.9722222222222222,1.05,3,19,17.1146387055258,0.16347671708331435,0.9473684210526315,0.052631578947368474,18,1,1.6259969671272116,0.0300179161131382,0.05,18,,,,,1.4645407464912656,1300,8
2153,152,1.0,1.0357142857142858,1.0357142857142858,0.8392857142857143,3,14,11.563320025728807,0.14465323691102205,0.9285714285714286,0.0714285714285714,13,1,1.5696324773746924,0.08291145414113998,0.05,13,,,,,1.4645407464912656,1300,8
2154,153,1.0,1.0555555555555556,1.0555555555555556,0.6346153846153846,3,12,10.466250116698287,0.09817148838708603,0.9166666666666666,0.08333333333333337,11,1,1.5684951782795804,0.05315827950835228,0.05,11,,,,,1.4645407464912656,1300,8
2155,154,1.0,1.0,0.925,1.0,3,20,15.34810094794112,0.297822134803512,0.9,0.09999999999999998,18,2,1.3021778651964881,0.014893203042447567,0.05,18,,,,,1.4645407464912656,1300,8
2156,155,1.0,1.0125,1.0125,0.75,3,15,10.676467486882558,0.2648471355999,0.8666666666666667,0.1333333333333333,13,2,1.2018195310667668,0.03626914322376251,0.05,13,,,,,1.4645407464912656,1300,8
2157,156,1.0,1.046875,1.046875,0.9038461538461539,3,16,10.800946246878148,0.22019760039795339,0.9375,0.0625,15,1,1.5298023996020467,0.0951688289642334,0.05,15,,,,,1.4645407464912656,1300,8
2158,157,1.0,1.0,1.0,0.75,3,12,10.636467980534206,0.31980335357136647,0.9166666666666666,0.08333333333333337,11,1,1.3468633130953,0.06169039011001587,0.05,11,,,,,1.4645407464912656,1300,8
2159,158,1.0,1.0227272727272727,1.0227272727272727,0.9333333333333333,3,21,15.34096813762279,0.20585997230585446,0.9047619047619048,0.09523809523809523,19,2,1.4131876467417646,0.04340285435318947,0.05,19,,,,,1.4645407464912656,1300,8
2160,159,1.0,1.0384615384615385,0.9204545454545454,1.0384615384615385,3,17,13.470510617383956,0.18040212950012224,0.9411764705882353,0.05882352941176472,16,1,1.584303752852819,0.022295691072940826,0.05,16,,,,,1.4645407464912656,1300,8
2161,160,1.0,1.0,1.0,0.85,3,17,13.585356021632169,0.21937255179509996,0.9411764705882353,0.05882352941176472,16,1,1.5453333305578412,0.04481567442417145,0.05,16,,,,,1.4645407464912656,1300,8
2162,161,1.0,1.0694444444444444,1.0694444444444444,0.7666666666666667,3,17,12.729193809514976,0.16347671708331435,0.8823529411764706,0.11764705882352944,15,2,1.365935047622568,0.026195455342531204,0.05,15,,,,,1.4645407464912656,1300,8
2163,162,1.0,1.0,1.0,0.9,3,19,15.726732097189693,0.13258252147247765,0.9473684210526315,0.052631578947368474,18,1,1.6568911627380485,0.059267301112413406,0.05,18,,,,,1.4645407464912656,1300,8
2164,163,1.0,1.0416666666666667,1.0416666666666667,0.703125,3,15,12.39998264027931,0.254075232969997,0.9333333333333333,0.06666666666666665,14,1,1.4792581003633365,0.02337191067636013,0.05,14,,,,,1.4645407464912656,1300,8
2165,164,1.0,1.0535714285714286,1.0535714285714286,0.578125,3,11,8.690988189562413,0.1095713216617451,0.9090909090909091,0.09090909090909094,10,1,1.5267923147018911,0.04364418238401413,0.05,10,,,,,1.4645407464912656,1300,8
2166,165,1.0,1.05,0.8636363636363636,1.05,3,19,12.861204249583688,0.4522941532824745,0.8421052631578947,0.1578947368421053,16,3,0.9161268993491043,0.017638549208641052,0.05,16,,,,,1.4645407464912656,1300,8
2167,166,1.0,1.0892857142857142,1.0892857142857142,0.6833333333333333,3,14,10.281060859326669,0.21620255739146396,0.8571428571428571,0.1428571428571429,12,2,1.2123688711799645,0.03767897188663483,0.05,12,,,,,1.4645407464912656,1300,8
2168,167,1.0,1.0555555555555556,1.0555555555555556,0.7352941176470589,3,14,9.94870287387699,0.11599401933048376,0.8571428571428571,0.1428571428571429,12,2,1.3125774092409446,0.024332530796527863,0.05,12,,,,,1.4645407464912656,1300,8
2169,168,1.0,1.0535714285714286,1.0535714285714286,0.71875,3,12,10.222616923363578,0.1331466210563012,0.9166666666666666,0.08333333333333337,11,1,1.5335200456103653,0.015690594911575317,0.05,11,,,,,1.4645407464912656,1300,8
2170,169,1.0,1.0,1.0,0.6964285714285714,3,14,9.285218195585951,0.2944290240719843,0.8571428571428571,0.1428571428571429,12,2,1.1341424044994441,0.013612614944577217,0.05,12,,,,,1.4645407464912656,1300,8
2171,170,1.0,1.0416666666666667,1.0416666666666667,0.8529411764705882,3,19,14.896816992911734,0.12082718650844745,0.8947368421052632,0.10526315789473684,17,2,1.4581201819126053,0.018860729411244392,0.05,17,,,,,1.4645407464912656,1300,8
2172,171,1.0,1.0138888888888888,1.0138888888888888,0.8333333333333334,3,17,13.242794851878173,0.0878764746002238,0.9411764705882353,0.05882352941176472,16,1,1.6768294077527173,0.06154543533921242,0.05,16,,,,,1.4645407464912656,1300,8
2173,172,1.0,1.0,0.875,1.0,3,18,13.226850939791937,0.3598129550614294,0.8888888888888888,0.11111111111111116,16,2,1.195742600494126,0.03559786453843117,0.05,16,,,,,1.4645407464912656,1300,8
2174,173,1.0,1.0178571428571428,1.0178571428571428,0.4,3,12,10.286661854271873,0.30040894433994303,0.9166666666666666,0.08333333333333337,11,1,1.3662577223267236,0.07802191376686096,0.05,11,,,,,1.4645407464912656,1300,8
2175,174,1.0,1.0,1.0,0.9558823529411765,3,20,16.51011704993723,0.112138645484296,0.95,0.050000000000000044,19,1,1.6878613545157037,0.028798844665288925,0.05,19,,,,,1.4645407464912656,1300,8
2176,175,1.0,1.03125,1.03125,0.6666666666666666,3,15,12.685663255682474,0.2669708126919009,0.9333333333333333,0.06666666666666665,14,1,1.4663625206414324,0.023603681474924088,0.05,14,,,,,1.4645407464912656,1300,8
2177,176,1.0,1.046875,1.046875,0.71875,3,17,13.381652735294821,0.24475916985617108,0.8823529411764706,0.11764705882352944,15,2,1.2846525948497112,0.03746447712182999,0.05,15,,,,,1.4645407464912656,1300,8
2178,177,1.0,1.0714285714285714,1.0714285714285714,0.7794117647058824,3,17,14.038281252021882,0.2549683825190507,0.9411764705882353,0.05882352941176472,16,1,1.5097374998338904,0.01844007894396782,0.05,16,,,,,1.4645407464912656,1300,8
2179,178,1.0,1.0555555555555556,1.0555555555555556,0.828125,3,20,15.445844949568569,0.2427983206867963,0.9,0.09999999999999998,18,2,1.3572016793132038,0.04990018531680107,0.05,18,,,,,1.4645407464912656,1300,8
2180,179,1.0,1.05,1.05,1.0,3,22,14.408016015542195,0.2183282525958185,0.8636363636363636,0.13636363636363635,19,3,1.236217201949636,0.07431065291166306,0.05,19,,,,,1.4645407464912656,1300,8
2181,180,1.0,1.046875,1.046875,0.5625,3,12,10.117329646639226,0.11793073235528426,0.9166666666666666,0.08333333333333337,11,1,1.5487359343113822,0.09986822307109833,0.05,11,,,,,1.4645407464912656,1300,8
2182,181,1.0,1.0138888888888888,1.0138888888888888,0.7166666666666667,3,16,14.399492459047288,0.12129937914311312,0.9375,0.0625,15,1,1.6287006208568868,0.03299035504460335,0.05,15,,,,,1.4645407464912656,1300,8
2183,182,1.0,1.0,1.0,0.8823529411764706,3,19,13.36004201058638,0.2634154265898009,0.8421052631578947,0.1578947368421053,16,3,1.1050056260417778,0.04527747631072998,0.05,16,,,,,1.4645407464912656,1300,8
2184,183,1.0,1.05,0.9375,1.05,3,20,15.874300646982174,0.2790666983354597,0.9,0.09999999999999998,18,2,1.3209333016645404,0.028816718608140945,0.05,18,,,,,1.4645407464912656,1300,8
2185,184,1.0,1.0375,1.0375,0.953125,3,19,15.62074058675346,0.18149058918045868,0.8947368421052632,0.10526315789473684,17,2,1.397456779240594,0.023202527314424515,0.05,17,,,,,1.4645407464912656,1300,8
2186,185,1.0,1.09375,1.09375,0.765625,3,17,13.327703899218056,0.1835683886642837,0.8823529411764706,0.11764705882352944,15,2,1.3458433760415986,0.04559226334095001,0.05,15,,,,,1.4645407464912656,1300,8
2187,186,1.0,1.0138888888888888,1.0138888888888888,0.6911764705882353,3,17,13.915002708069785,0.09243825284893781,0.8823529411764706,0.11764705882352944,15,2,1.4369735118569444,0.0492594838142395,0.05,15,,,,,1.4645407464912656,1300,8
2188,187,1.0,1.0333333333333334,0.9270833333333334,1.0333333333333334,3,20,17.359671620050722,0.06776439986371083,0.95,0.050000000000000044,19,1,1.732235600136289,0.05855318531394005,0.05,19,,,,,1.4645407464912656,1300,8
2189,188,1.0,1.0,1.0,0.9,3,18,14.122133333008977,0.16802719962353874,0.9444444444444444,0.05555555555555558,17,1,1.609750578154239,0.05657172203063965,0.05,17,,,,,1.4645407464912656,1300,8
2190,189,1.0,1.0,0.9027777777777778,1.0,3,20,16.811583652765606,0.08634071001287305,0.95,0.050000000000000044,19,1,1.7136592899871268,0.06172390282154083,0.05,19,,,,,1.4645407464912656,1300,8
2191,190,1.0,1.03125,1.03125,0.703125,3,15,10.34612092016392,0.2835842456163664,0.9333333333333333,0.06666666666666665,14,1,1.449749087716967,0.033778123557567596,0.05,14,,,,,1.4645407464912656,1300,8
2192,191,1.0,1.0208333333333333,1.0208333333333333,0.65625,3,18,12.871840268862922,0.5022772148339767,0.8888888888888888,0.11111111111111116,16,2,1.0532783407215787,0.026192737743258476,0.05,16,,,,,1.4645407464912656,1300,8
2193,192,1.0,1.0,1.0,0.5735294117647058,3,14,12.620485042353998,0.18656486361855856,0.9285714285714286,0.0714285714285714,13,1,1.5277208506671558,0.07935530692338943,0.05,13,,,,,1.4645407464912656,1300,8
2194,193,1.0,1.0,1.0,0.9166666666666666,3,17,14.392858666370223,0.15123471693879315,0.9411764705882353,0.05882352941176472,16,1,1.613471165414148,0.012973738834261894,0.05,16,,,,,1.4645407464912656,1300,8
2195,194,1.0,1.0416666666666667,1.0416666666666667,0.96875,3,18,12.610013877707866,0.2344807132087604,0.8888888888888888,0.11111111111111116,16,2,1.3210748423467948,0.06039518117904663,0.05,16,,,,,1.4645407464912656,1300,8
2196,195,1.0,1.0,0.875,1.0,3,15,11.702848882321291,0.12643328070729418,0.9333333333333333,0.06666666666666665,14,1,1.6069000526260393,0.056937430053949356,0.05,14,,,,,1.4645407464912656,1300,8
2197,196,1.0,1.0,1.0,0.9107142857142857,3,14,11.921310672375107,0.21033877404481163,0.9285714285714286,0.0714285714285714,13,1,1.5039469402409027,0.03934413567185402,0.05,13,,,,,1.4645407464912656,1300,8
2198,197,1.0,1.0576923076923077,1.0555555555555556,1.0576923076923077,3,19,13.023595392870334,0.2324992978852763,0.8947368421052632,0.10526315789473684,17,2,1.3464480705357764,0.06211184710264206,0.05,17,,,,,1.4645407464912656,1300,8
2199,198,1.0,1.015625,0.95,1.015625,3,19,16.099000775985488,0.24239563195475267,0.9473684210526315,0.052631578947368474,18,1,1.5470780522557734,0.06955960392951965,0.05,18,,,,,1.4645407464912656,1300,8
2200,199,1.0,1.09375,1.09375,0.6029411764705882,3,12,8.296823001646892,0.12895429751227855,0.8333333333333334,0.16666666666666663,10,2,1.2043790358210549,0.07030162215232849,0.05,10,1.4494307548792653,0.2000706542872399,0.9123753522916264,0.08762464770837365,1.4645407464912656,1300,9
2201,200,1.0,1.0178571428571428,1.0178571428571428,0.8333333333333334,3,17,14.4639786605138,0.2006965048541333,0.9411764705882353,0.05882352941176472,16,1,1.5640093774988078,0.04203356057405472,0.05,16,,,,,1.4645407464912656,1300,9
2202,201,1.0,1.0384615384615385,0.8875,1.0384615384615385,3,18,14.373853479139333,0.10017346066809422,0.9444444444444444,0.05555555555555558,17,1,1.6776043171096835,0.04071028158068657,0.05,17,,,,,1.4645407464912656,1300,9
2203,202,1.0,1.0125,1.0125,0.95,3,20,13.149747113260315,0.4224929383595122,0.8,0.19999999999999996,16,4,0.777507061640488,0.06571516394615173,0.05,16,,,,,1.4645407464912656,1300,9
2204,203,1.0,1.0,0.9625,1.0,3,19,17.09413118579567,0.09747681186253987,0.9473684210526315,0.052631578947368474,18,1,1.6919968723479861,0.055783867835998535,0.05,18,,,,,1.4645407464912656,1300,9
2205,204,1.0,1.03125,1.03125,0.6153846153846154,3,13,10.083720844640524,0.21542846553336542,0.8461538461538461,0.15384615384615385,11,2,1.1691869190820192,0.03544031083583832,0.05,11,,,,,1.4645407464912656,1300,9
2206,205,1.0,1.0,0.7954545454545454,1.0,3,20,18.137905763210075,0.11626765981522846,0.95,0.050000000000000044,19,1,1.6837323401847715,0.024457557126879692,0.05,19,,,,,1.4645407464912656,1300,9
2207,206,1.0,1.125,1.125,0.5892857142857143,3,11,7.78696639020135,0.23104430448173907,0.8181818181818182,0.18181818181818177,9,2,1.041682968245534,0.0397602878510952,0.05,9,,,,,1.4645407464912656,1300,9
2208,207,1.0,1.0,1.0,1.0,3,20,16.559646802255372,0.13231107853500335,0.95,0.050000000000000044,19,1,1.6676889214649964,0.05177108570933342,0.05,19,,,,,1.4645407464912656,1300,9
2209,208,1.0,1.0666666666666667,0.825,1.0666666666666667,3,20,17.407648318522863,0.06285393610547092,0.9,0.09999999999999998,18,2,1.5371460638945291,0.03453501686453819,0.05,18,,,,,1.4645407464912656,1300,9
2210,209,1.0,1.0,1.0,0.7333333333333333,3,18,14.562514046228156,0.21818248490922085,0.9444444444444444,0.05555555555555558,17,1,1.5595952928685568,0.05000465363264084,0.05,17,,,,,1.4645407464912656,1300,9
2211,210,1.0,1.0,1.0,0.796875,3,16,12.878904694185962,0.24264526705775485,0.9375,0.0625,15,1,1.5073547329422452,0.03891824558377266,0.05,15,,,,,1.4645407464912656,1300,9
2212,211,1.0,1.0,1.0,0.9464285714285714,3,18,13.113981342174418,0.23570226039551584,0.9444444444444444,0.05555555555555558,17,1,1.5420755173822618,0.02028024010360241,0.05,17,,,,,1.4645407464912656,1300,9
2213,212,1.0,1.015625,1.015625,0.9107142857142857,3,18,13.333885964616837,0.211639361980935,0.9444444444444444,0.05555555555555558,17,1,1.5661384157968428,0.0501687154173851,0.05,17,,,,,1.4645407464912656,1300,9
2214,213,1.0,1.0277777777777777,1.0277777777777777,0.8,3,14,12.048699494723124,0.2233647750856978,0.9285714285714286,0.0714285714285714,13,1,1.4909209392000167,0.0384652242064476,0.05,13,,,,,1.4645407464912656,1300,9
2215,214,1.0,1.0178571428571428,0.9204545454545454,1.0178571428571428,3,17,13.322264835401718,0.18382050221941254,0.9411764705882353,0.05882352941176472,16,1,1.5808853801335285,0.03528324514627457,0.05,16,,,,,1.4645407464912656,1300,9
2216,215,1.0,1.0,1.0,0.9166666666666666,3,21,14.608193189207672,0.3610334134255255,0.9047619047619048,0.09523809523809523,19,2,1.2580142056220935,0.03131908178329468,0.05,19,,,,,1.4645407464912656,1300,9
2217,216,1.0,1.0,0.9166666666666666,1.0,3,20,16.3621781907961,0.26593877517672804,0.95,0.050000000000000044,19,1,1.534061224823272,0.02880220301449299,0.05,19,,,,,1.4645407464912656,1300,9
2218,217,1.0,1.0375,1.0375,0.9375,3,19,13.648771608910302,0.2706109726395013,0.8947368421052632,0.10526315789473684,17,2,1.3083363957815515,0.06404504179954529,0.05,17,,,,,1.4645407464912656,1300,9
2219,218,1.0,1.025,1.025,0.9666666666666667,3,19,15.31323776622893,0.15249137416829495,0.9473684210526315,0.052631578947368474,18,1,1.6369823100422312,0.05375804752111435,0.05,18,,,,,1.4645407464912656,1300,9
2220,219,1.0,1.0555555555555556,1.0555555555555556,0.8970588235294118,3,18,14.04832176308731,0.11914271584211497,0.8888888888888888,0.11111111111111116,16,2,1.4364128397134404,0.053433097898960114,0.05,16,,,,,1.4645407464912656,1300,9
2221,220,1.0,1.0,1.0,0.6617647058823529,3,16,12.025953015870051,0.3124276452547724,0.875,0.125,14,2,1.1875723547452277,0.031786225736141205,0.05,14,,,,,1.4645407464912656,1300,9
2222,221,1.0,1.0,1.0,0.8928571428571429,3,15,10.77253268836366,0.17051717463278285,0.9333333333333333,0.06666666666666665,14,1,1.5628161587005505,0.026053059846162796,0.05,14,,,,,1.4645407464912656,1300,9
2223,222,1.0,1.0555555555555556,1.0555555555555556,0.75,3,15,10.01435795677638,0.24061272415375576,0.8666666666666667,0.1333333333333333,13,2,1.226053942512911,0.012914721854031086,0.05,13,,,,,1.4645407464912656,1300,9
2224,223,1.0,1.0972222222222223,1.0972222222222223,0.9464285714285714,3,19,14.089504766380186,0.23831865464566362,0.8947368421052632,0.10526315789473684,17,2,1.340628713775389,0.015729699283838272,0.05,17,,,,,1.4645407464912656,1300,9
2225,224,1.0,1.0178571428571428,1.0178571428571428,0.6,3,12,10.39883238671248,0.1552312436031071,0.9166666666666666,0.08333333333333337,11,1,1.5114354230635594,0.0422840416431427,0.05,11,,,,,1.4645407464912656,1300,9
2226,225,1.0,1.109375,1.109375,0.7857142857142857,3,14,9.48143052636724,0.2920252207297749,0.8571428571428571,0.1428571428571429,12,2,1.1365462078416535,0.050330884754657745,0.05,12,,,,,1.4645407464912656,1300,9
2227,226,1.0,1.0555555555555556,1.0555555555555556,1.0,3,17,12.41519701138111,0.1688037666829567,0.8823529411764706,0.11764705882352944,15,2,1.3606079980229255,0.015920694917440414,0.05,15,,,,,1.4645407464912656,1300,9
2228,227,1.0,1.0,0.75,1.0,3,19,16.90559776205567,0.12079740845270187,0.9473684210526315,0.052631578947368474,18,1,1.6686762757578242,0.055762216448783875,0.05,18,,,,,1.4645407464912656,1300,9
2229,228,1.0,1.0277777777777777,1.0277777777777777,0.6470588235294118,3,15,12.363432385566774,0.21815301554882238,0.8666666666666667,0.1333333333333333,13,2,1.2485136511178445,0.05131806433200836,0.05,13,,,,,1.4645407464912656,1300,9
2230,229,1.0,1.0,1.0,0.71875,3,19,16.27465801334184,0.17079532536990663,0.8947368421052632,0.10526315789473684,17,2,1.408152043051146,0.02778993360698223,0.05,17,,,,,1.4645407464912656,1300,9
2231,230,1.0,1.0138888888888888,1.0138888888888888,0.7833333333333333,3,19,15.33533335100958,0.25486877524105783,0.9473684210526315,0.052631578947368474,18,1,1.5346049089694682,0.035433609038591385,0.05,18,,,,,1.4645407464912656,1300,9
2232,231,1.0,1.078125,1.078125,0.45588235294117646,3,12,9.457816838743991,0.2680897927282596,0.8333333333333334,0.16666666666666663,10,2,1.065243540605074,0.1028662919998169,0.05,10,,,,,1.4645407464912656,1300,9
2233,232,1.0,1.0125,1.0125,0.8833333333333333,3,19,16.51832115737013,0.1416707564245901,0.9473684210526315,0.052631578947368474,18,1,1.647802927785936,0.07712797820568085,0.05,18,,,,,1.4645407464912656,1300,9
2234,233,1.0,1.0113636363636365,1.0113636363636365,0.8823529411764706,3,23,20.32326957672563,0.1270571770612358,0.9565217391304348,0.04347826086956519,22,1,1.6990297794605034,0.039421334862709045,0.05,22,,,,,1.4645407464912656,1300,9
2235,234,1.0,1.0,1.0,0.85,3,19,13.756193201542231,0.3565859396770714,0.8947368421052632,0.10526315789473684,17,2,1.2223614287439812,0.03257395327091217,0.05,17,,,,,1.4645407464912656,1300,9
2236,235,1.0,1.015625,1.015625,0.75,3,12,9.210251446765316,0.25947636981439015,0.8333333333333334,0.16666666666666663,10,2,1.0738569635189432,0.0327976793050766,0.05,10,,,,,1.4645407464912656,1300,9
2237,236,1.0,1.0166666666666666,0.8229166666666666,1.0166666666666666,3,18,15.753520105167295,0.20483127651874744,0.9444444444444444,0.05555555555555558,17,1,1.5729465012590302,0.04457080736756325,0.05,17,,,,,1.4645407464912656,1300,9
2238,237,1.0,1.0,1.0,0.8846153846153846,3,17,12.889693016084532,0.3091718182442016,0.8823529411764706,0.11764705882352944,15,2,1.2202399464616807,0.026440568268299103,0.05,15,,,,,1.4645407464912656,1300,9
2239,238,1.0,1.0147058823529411,0.875,1.0147058823529411,3,19,12.596750308349046,0.23872404703215194,0.8947368421052632,0.10526315789473684,17,2,1.3402233213889008,0.018527265638113022,0.05,17,,,,,1.4645407464912656,1300,9
2240,239,1.0,1.0,0.9375,1.0,3,16,11.126694889719111,0.1930070394868244,0.9375,0.0625,15,1,1.5569929605131756,0.028334109112620354,0.05,15,,,,,1.4645407464912656,1300,9
2241,240,1.0,1.0277777777777777,1.0277777777777777,0.875,3,16,12.104224630689323,0.0687464926153588,0.875,0.125,14,2,1.4312535073846413,0.03171497955918312,0.05,14,,,,,1.4645407464912656,1300,9
2242,241,1.0,1.0178571428571428,0.859375,1.0178571428571428,3,15,11.447472280319788,0.30180613648589705,0.8666666666666667,0.1333333333333333,13,2,1.1648605301807697,0.035979583859443665,0.05,13,,,,,1.4645407464912656,1300,9
2243,242,1.0,1.0,0.7045454545454546,1.0,3,19,17.583365629942353,0.26819520644047506,0.9473684210526315,0.052631578947368474,18,1,1.521278477770051,0.023814164102077484,0.05,18,,,,,1.4645407464912656,1300,9
2244,243,1.0,1.0,0.75,1.0,3,20,18.28306638736219,0.2968279819522423,0.95,0.050000000000000044,19,1,1.5031720180477575,0.06321937590837479,0.05,19,,,,,1.4645407464912656,1300,9
2245,244,1.0,1.0,0.6805555555555556,1.0,3,18,15.731049672775839,0.16243217013780348,0.9444444444444444,0.05555555555555558,17,1,1.6153456076399741,0.027495700865983963,0.05,17,,,,,1.4645407464912656,1300,9
2246,245,1.0,1.0178571428571428,1.0178571428571428,0.6166666666666667,3,12,10.07344837129239,0.2743710156158191,0.9166666666666666,0.08333333333333337,11,1,1.3922956510508475,0.03885973244905472,0.05,11,,,,,1.4645407464912656,1300,9
2247,246,1.0,1.0416666666666667,0.8888888888888888,1.0416666666666667,3,18,13.742087101908249,0.2702714039084291,0.8888888888888888,0.11111111111111116,16,2,1.2852841516471263,0.05087345838546753,0.05,16,,,,,1.4645407464912656,1300,9
2248,247,1.0,1.0,1.0,0.875,3,19,14.618150206996052,0.21869743708559192,0.9473684210526315,0.052631578947368474,18,1,1.5707762471249342,0.011393685825169086,0.05,18,,,,,1.4645407464912656,1300,9
2249,248,1.0,1.046875,1.0113636363636365,1.046875,3,20,15.431151857990594,0.1328936173628199,0.9,0.09999999999999998,18,2,1.4671063826371802,0.03922729566693306,0.05,18,,,,,1.4645407464912656,1300,9
2250,249,1.0,1.03125,1.03125,0.8833333333333333,3,17,14.531064886086462,0.2282662354224091,0.9411764705882353,0.05882352941176472,16,1,1.536439646930532,0.048451147973537445,0.05,16,,,,,1.4645407464912656,1300,9
2251,250,1.0,1.0192307692307692,0.9375,1.0192307692307692,3,18,14.136155923791579,0.2496612436965796,0.8888888888888888,0.11111111111111116,16,2,1.3058943118589759,0.07965540885925293,0.05,16,,,,,1.4645407464912656,1300,9
2252,251,1.0,1.1071428571428572,1.1071428571428572,0.8928571428571429,3,18,12.394080957701854,0.35524544798234925,0.8333333333333334,0.16666666666666663,15,3,0.9780878853509842,0.03129894286394119,0.05,15,,,,,1.4645407464912656,1300,9
2253,252,1.0,1.075,1.075,0.9,3,19,15.313658929281516,0.239365936454618,0.8947368421052632,0.10526315789473684,17,2,1.3395814319664348,0.027678346261382103,0.05,17,,,,,1.4645407464912656,1300,9
2254,253,1.0,1.0,1.0,0.984375,3,20,16.271613608148733,0.11473556400230525,0.95,0.050000000000000044,19,1,1.6852644359976945,0.03406273201107979,0.05,19,,,,,1.4645407464912656,1300,9
2255,254,1.0,1.075,1.075,0.95,3,19,13.228115699782888,0.2044946934521702,0.8421052631578947,0.1578947368421053,16,3,1.1639263591794085,0.04229199141263962,0.05,16,,,,,1.4645407464912656,1300,9
2256,255,1.0,1.0192307692307692,0.9375,1.0192307692307692,3,18,15.007505505600365,0.0608897506021749,0.9444444444444444,0.05555555555555558,17,1,1.7168880271756028,0.027112599462270737,0.05,17,,,,,1.4645407464912656,1300,9
2257,256,1.0,1.0375,1.0375,0.9464285714285714,3,20,15.60993855101441,0.16522573761205833,0.9,0.09999999999999998,18,2,1.4347742623879418,0.05410028621554375,0.05,18,,,,,1.4645407464912656,1300,9
2258,257,1.0,1.0666666666666667,1.015625,1.0666666666666667,3,18,13.205990293452006,0.16943868911805757,0.8888888888888888,0.11111111111111116,16,2,1.3861168664374979,0.007660086266696453,0.05,16,,,,,1.4645407464912656,1300,9
2259,258,1.0,1.078125,1.078125,0.5666666666666667,3,13,9.753278907861185,0.3254385689730821,0.8461538461538461,0.15384615384615385,11,2,1.0591768156423025,0.03674113377928734,0.05,11,,,,,1.4645407464912656,1300,9
2260,259,1.0,1.0535714285714286,1.0535714285714286,0.6785714285714286,3,11,8.181691963143944,0.1800658191616639,0.8181818181818182,0.18181818181818177,9,2,1.092661453565609,0.028262371197342873,0.05,9,,,,,1.4645407464912656,1300,9
2261,260,1.0,1.0833333333333333,0.9875,1.0833333333333333,3,17,11.921253935485225,0.27723376295059243,0.8823529411764706,0.11764705882352944,15,2,1.25217800175529,0.023093625903129578,0.05,15,,,,,1.4645407464912656,1300,9
2262,261,1.0,1.0192307692307692,0.9722222222222222,1.0192307692307692,3,18,13.541883851833568,0.2780758786831311,0.8888888888888888,0.11111111111111116,16,2,1.2774796768724244,0.04519793018698692,0.05,16,,,,,1.4645407464912656,1300,9
2263,262,1.0,1.0384615384615385,0.75,1.0384615384615385,3,14,12.054798388300103,0.17945632803650324,0.9285714285714286,0.0714285714285714,13,1,1.534829386249211,0.0197066068649292,0.05,13,,,,,1.4645407464912656,1300,9
2264,263,1.0,1.0,1.0,0.875,3,18,14.147921668957565,0.26381034819534943,0.9444444444444444,0.05555555555555558,17,1,1.5139674295824284,0.05592980608344078,0.05,17,,,,,1.4645407464912656,1300,9
2265,264,1.0,1.0375,1.0375,0.9666666666666667,3,20,15.126315230172214,0.16094726949843577,0.95,0.050000000000000044,19,1,1.639052730501564,0.03521067649126053,0.05,19,,,,,1.4645407464912656,1300,9
2266,265,1.0,1.0714285714285714,1.0714285714285714,0.5666666666666667,3,13,9.347811762120203,0.1436304726368935,0.8461538461538461,0.15384615384615385,11,2,1.240984911978491,0.04534192383289337,0.05,11,,,,,1.4645407464912656,1300,9
2267,266,1.0,1.09375,1.09375,0.75,3,18,14.27670703136485,0.10213764617139019,0.9444444444444444,0.05555555555555558,17,1,1.6756401316063876,0.028736865147948265,0.05,17,,,,,1.4645407464912656,1300,9
2268,267,1.0,1.0694444444444444,1.0694444444444444,0.8088235294117647,3,20,16.664255609173907,0.18881764963866182,0.95,0.050000000000000044,19,1,1.611182350361338,0.06413914263248444,0.05,19,,,,,1.4645407464912656,1300,9
2269,268,1.0,1.015625,1.015625,0.7205882352941176,3,18,15.01671336433877,0.17554424614854053,0.9444444444444444,0.05555555555555558,17,1,1.602233531629237,0.0521487332880497,0.05,17,,,,,1.4645407464912656,1300,9
2270,269,1.0,1.0535714285714286,0.9375,1.0535714285714286,3,19,13.701523376192117,0.2765583399409838,0.8947368421052632,0.10526315789473684,17,2,1.302389028480069,0.026639791205525398,0.05,17,,,,,1.4645407464912656,1300,9
2271,270,1.0,1.0625,0.9659090909090909,1.0625,3,20,14.638309657364967,0.1871556502706082,0.9,0.09999999999999998,18,2,1.4128443497293919,0.02086779661476612,0.05,18,,,,,1.4645407464912656,1300,9
2272,271,1.0,1.0441176470588236,0.8863636363636364,1.0441176470588236,3,24,19.255082524090128,0.18684332739625897,0.9166666666666666,0.08333333333333337,22,2,1.4798233392704077,0.03095930442214012,0.05,22,,,,,1.4645407464912656,1300,9
2273,272,1.0,1.078125,1.078125,0.8333333333333334,3,18,13.59194307493119,0.17679759519753435,0.9444444444444444,0.05555555555555558,17,1,1.6009801825802432,0.026033766567707062,0.05,17,,,,,1.4645407464912656,1300,9
2274,273,1.0,1.0,1.0,0.9615384615384616,3,21,16.949264368271635,0.047847577251535704,0.9047619047619048,0.09523809523809523,19,2,1.5712000417960834,0.010081503540277481,0.05,19,,,,,1.4645407464912656,1300,9
2275,274,1.0,1.0,0.8888888888888888,1.0,3,21,17.125120708553197,0.12432451859890509,0.9523809523809523,0.04761904761904767,20,1,1.6851992909249043,0.040811970829963684,0.05,20,,,,,1.4645407464912656,1300,9
2276,275,1.0,1.0625,1.0625,0.6875,3,13,10.174115770516869,0.1207139563205524,0.8461538461538461,0.15384615384615385,11,2,1.2639014282948322,0.03263041377067566,0.05,11,,,,,1.4645407464912656,1300,9
2277,276,1.0,1.05,1.05,0.953125,3,25,19.09346270197722,0.34197006403671415,0.88,0.12,22,3,1.1780299359632858,0.031749360263347626,0.05,22,,,,,1.4645407464912656,1300,9
2278,277,1.0,1.0166666666666666,0.925,1.0166666666666666,3,19,14.94572609790397,0.07688563484539956,0.9473684210526315,0.052631578947368474,18,1,1.7125880493651267,0.021466605365276337,0.05,18,,,,,1.4645407464912656,1300,9
2279,278,1.0,1.0166666666666666,0.9479166666666666,1.0166666666666666,3,24,16.741077149134156,0.44192737867779985,0.8333333333333334,0.16666666666666663,20,4,0.8914059546555337,0.03532534837722778,0.05,20,,,,,1.4645407464912656,1300,9
2280,279,1.0,1.0277777777777777,1.0277777777777777,0.890625,3,18,12.221563801237927,0.38141567270041754,0.8333333333333334,0.16666666666666663,15,3,0.951917660632916,0.04850988835096359,0.05,15,,,,,1.4645407464912656,1300,9
2281,280,1.0,1.0,1.0,0.7678571428571429,3,16,15.12718729249359,0.16740088950741558,0.9375,0.0625,15,1,1.5825991104925845,0.06693864613771439,0.05,15,,,,,1.4645407464912656,1300,9
2282,281,1.0,1.0,1.0,0.953125,3,20,16.0588593727214,0.08029710745545654,0.9,0.09999999999999998,18,2,1.5197028925445435,0.036827750504016876,0.05,18,,,,,1.4645407464912656,1300,9
2283,282,1.0,1.03125,1.03125,0.6428571428571429,3,14,12.768209514694192,0.1962809609642968,0.9285714285714286,0.0714285714285714,13,1,1.5180047533214176,0.024300040677189827,0.05,13,,,,,1.4645407464912656,1300,9
2284,283,1.0,1.0625,1.0625,0.9038461538461539,3,15,10.76386141347085,0.34998012258659306,0.8666666666666667,0.1333333333333333,13,2,1.1166865440800737,0.010992102324962616,0.05,13,,,,,1.4645407464912656,1300,9
2285,284,1.0,1.05,1.05,0.8088235294117647,3,20,15.123705286342878,0.2219497098740336,0.9,0.09999999999999998,18,2,1.3780502901259666,0.04147034138441086,0.05,18,,,,,1.4645407464912656,1300,9
2286,285,1.0,1.0833333333333333,1.0833333333333333,0.7352941176470589,3,16,12.779194160836825,0.13446325484362415,0.875,0.125,14,2,1.3655367451563758,0.029077909886837006,0.05,14,,,,,1.4645407464912656,1300,9
2287,286,1.0,1.0178571428571428,0.9861111111111112,1.0178571428571428,3,18,13.370568799190927,0.1738202064285718,0.8888888888888888,0.11111111111111116,16,2,1.3817353491269835,0.05890597775578499,0.05,16,,,,,1.4645407464912656,1300,9
2288,287,1.0,1.0,1.0,0.4264705882352941,3,13,12.451585221754957,0.1531686824793731,0.9230769230769231,0.07692307692307687,12,1,1.5391390098283195,0.018195290118455887,0.05,12,,,,,1.4645407464912656,1300,9
2289,288,1.0,1.0625,1.0625,0.8888888888888888,3,23,18.591548225476554,0.36309973190813405,0.9130434782608695,0.08695652173913049,21,2,1.289074181135344,0.037735696882009506,0.05,21,,,,,1.4645407464912656,1300,9
2290,289,1.0,1.0,0.7638888888888888,1.0,3,16,14.270160050087277,0.35485803337367006,0.9375,0.0625,15,1,1.3951419666263298,0.05292759835720062,0.05,15,,,,,1.4645407464912656,1300,9
2291,290,1.0,1.0277777777777777,1.0277777777777777,0.96875,3,17,13.823972721817352,0.1573517657113686,0.9411764705882353,0.05882352941176472,16,1,1.6073541166415726,0.012916592881083488,0.05,16,,,,,1.4645407464912656,1300,9
2292,291,1.0,1.0277777777777777,1.0277777777777777,0.9375,3,20,17.15123531481811,0.12761537754766944,0.95,0.050000000000000044,19,1,1.6723846224523304,0.030680527910590172,0.05,19,,,,,1.4645407464912656,1300,9
2293,292,1.0,1.0277777777777777,1.0277777777777777,0.59375,3,15,12.57033813277862,0.2306729518223376,0.9333333333333333,0.06666666666666665,14,1,1.5026603815109958,0.027457699179649353,0.05,14,,,,,1.4645407464912656,1300,9
2294,293,1.0,1.0,0.9625,1.0,3,23,17.346396346625557,0.3835612200548273,0.8695652173913043,0.13043478260869568,20,3,1.09469964951039,0.028861507773399353,0.05,20,,,,,1.4645407464912656,1300,9
2295,294,1.0,1.0416666666666667,1.0416666666666667,0.9375,3,20,15.95180305683431,0.1926522092257294,0.9,0.09999999999999998,18,2,1.4073477907742706,0.017210420221090317,0.05,18,,,,,1.4645407464912656,1300,9
2296,295,1.0,1.0,0.95,1.0,3,19,16.730003245706303,0.1537623726249044,0.9473684210526315,0.052631578947368474,18,1,1.6357113115856217,0.06338798999786377,0.05,18,,,,,1.4645407464912656,1300,9
2297,296,1.0,1.0,1.0,0.8,3,13,10.240720732403545,0.17184630548328145,0.8461538461538461,0.15384615384615385,11,2,1.212769079132103,0.03125102072954178,0.05,11,,,,,1.4645407464912656,1300,9
2298,297,1.0,1.0208333333333333,0.6875,1.0208333333333333,3,16,14.207110383487358,0.12757759076995717,0.9375,0.0625,15,1,1.6224224092300428,0.015502710826694965,0.05,15,,,,,1.4645407464912656,1300,9
2299,298,1.0,1.0,0.975,1.0,3,20,12.14080501886216,0.3407775318543485,0.85,0.15000000000000002,17,3,1.0592224681456515,0.019671078771352768,0.05,17,,,,,1.4645407464912656,1300,9
2300,299,1.0,1.0357142857142858,0.9375,1.0357142857142858,3,18,13.347896898281755,0.18810339748291793,0.8888888888888888,0.11111111111111116,16,2,1.3674521580726373,0.0266657043248415,0.05,16,1.4325317162291449,0.21304849957963462,0.9113950539521949,0.08860494604780511,1.4645407464912656,1300,10
