episode,train_batch_id,target_load,actual_load,memory_load,core_load,num_gpus,num_pods,reward,balance_score,success_rate,failure_rate,allocated_count,failure_count,objective,loss,epsilon,steps,eval_objective,eval_balance_score,eval_success_rate,eval_failure_rate,best_eval_objective,best_episode,patience_counter
1,0,0.8,0.8214285714285714,0.8214285714285714,0.8214285714285714,3,14,13.826954316391168,0.1477559548995393,1.0,0.0,14,0,1.8522440451004607,0.0,0.995,14,,,,,,,0
2,1,0.8,0.8125,0.8125,0.5192307692307693,3,11,9.913651048264885,0.12487803749997818,0.9090909090909091,0.09090909090909094,10,1,1.511485598863658,0.0,0.990025,10,,,,,,,0
3,2,0.8,0.8,0.6111111111111112,0.8,3,14,12.478735532777513,0.381231542455552,1.0,0.0,14,0,1.6187684575444479,0.6928171515464783,0.985074875,14,,,,,,,0
4,3,0.8,0.8333333333333334,0.8333333333333334,0.59375,3,12,9.227812715691103,0.30307644402986667,1.0,0.0,12,0,1.6969235559701334,0.9103236794471741,0.9801495006250001,12,,,,,,,0
5,4,0.8,0.8125,0.8125,0.5147058823529411,3,13,13.060109946993324,0.33637121456163255,1.0,0.0,13,0,1.6636287854383673,0.7583906650543213,0.9752487531218751,13,,,,,,,0
6,5,0.8,0.8392857142857143,0.8392857142857143,0.5,3,10,7.878682461803553,0.26743644129481536,1.0,0.0,10,0,1.7325635587051846,0.7877341508865356,0.9703725093562657,10,,,,,,,0
7,6,0.8,0.890625,0.890625,0.7692307692307693,3,14,14.695185460971214,0.3124203097770172,1.0,0.0,14,0,1.6875796902229827,0.8518707752227783,0.9655206468094844,14,,,,,,,0
8,7,0.8,0.8055555555555556,0.8055555555555556,0.7678571428571429,3,16,10.69128818318286,0.19649951832570445,1.0,0.0,16,0,1.8035004816742957,0.6222317814826965,0.960693043575437,16,,,,,,,0
9,8,0.8,0.8928571428571429,0.8928571428571429,0.625,3,11,8.895932295827304,0.3850266786233002,1.0,0.0,11,0,1.6149733213767,1.0903229713439941,0.9558895783575597,11,,,,,,,0
10,9,0.8,0.8541666666666666,0.6625,0.8541666666666666,3,12,12.166767527077111,0.22745848820786674,1.0,0.0,12,0,1.7725415117921333,0.5585024356842041,0.9511101304657719,12,,,,,,,0
11,10,0.8,0.8571428571428571,0.7638888888888888,0.8571428571428571,3,15,10.034623581492225,0.4224926568788008,0.9333333333333333,0.06666666666666665,14,1,1.3108406764545326,0.7646126747131348,0.946354579813443,14,,,,,,,0
12,11,0.8,0.8125,0.7625,0.8125,3,18,14.34282875314393,0.3762307766791829,1.0,0.0,18,0,1.6237692233208172,0.633216142654419,0.9416228069143757,18,,,,,,,0
13,12,0.8,0.8,0.8,0.6875,3,17,14.245032294049484,0.36680527458494794,1.0,0.0,17,0,1.633194725415052,0.4021450877189636,0.9369146928798039,17,,,,,,,0
14,13,0.8,0.8214285714285714,0.8214285714285714,0.5,3,9,7.83217179835315,0.408630561522339,1.0,0.0,9,0,1.591369438477661,0.513636589050293,0.9322301194154049,9,,,,,,,0
15,14,0.8,0.859375,0.859375,0.7058823529411765,3,13,10.237827559497699,0.26213196431543057,1.0,0.0,13,0,1.7378680356845695,0.29588547348976135,0.9275689688183278,13,,,,,,,0
16,15,0.8,0.875,0.875,0.6764705882352942,3,16,13.53384729199955,0.28990010540220224,1.0,0.0,16,0,1.7100998945977977,0.4632924497127533,0.9229311239742362,16,,,,,,,0
17,16,0.8,0.8214285714285714,0.6931818181818182,0.8214285714285714,3,12,10.524004904520442,0.40035105479938343,1.0,0.0,12,0,1.5996489452006166,0.3911902904510498,0.918316468354365,12,,,,,,,0
18,17,0.8,0.84375,0.84375,0.6,3,12,8.940950353068516,0.28804655542885105,1.0,0.0,12,0,1.711953444571149,0.930018424987793,0.9137248860125932,12,,,,,,,0
19,18,0.8,0.8125,0.8125,0.75,3,13,13.206462062665386,0.11786202727835451,1.0,0.0,13,0,1.8821379727216454,0.6786989569664001,0.9091562615825302,13,,,,,,,0
20,19,0.8,0.8,0.6428571428571429,0.8,3,15,14.067968984749442,0.3155081610672174,1.0,0.0,15,0,1.6844918389327825,0.7803194522857666,0.9046104802746175,15,,,,,,,0
21,20,0.8,0.8,0.8,0.515625,3,13,11.266238674433792,0.31836959957076283,1.0,0.0,13,0,1.681630400429237,0.6556763648986816,0.9000874278732445,13,,,,,,,0
22,21,0.8,0.8125,0.8125,0.8035714285714286,3,13,12.473555465911078,0.1519241278644182,1.0,0.0,13,0,1.8480758721355819,0.36842912435531616,0.8955869907338783,13,,,,,,,0
23,22,0.8,0.8888888888888888,0.8888888888888888,0.5714285714285714,3,12,10.988645891524598,0.2469432799248082,1.0,0.0,12,0,1.7530567200751919,0.9612094163894653,0.8911090557802088,12,,,,,,,0
24,23,0.8,0.8235294117647058,0.6477272727272727,0.8235294117647058,3,18,14.345310615899878,0.22393656604080053,1.0,0.0,18,0,1.7760634339591994,0.6379976272583008,0.8866535105013078,18,,,,,,,0
25,24,0.8,0.8375,0.8375,0.8214285714285714,3,15,14.577742124279968,0.3027137619071616,1.0,0.0,15,0,1.6972862380928384,0.2908160090446472,0.8822202429488013,15,,,,,,,0
26,25,0.8,0.8375,0.8375,0.59375,3,16,14.875390199560192,0.33007595894123937,1.0,0.0,16,0,1.6699240410587606,0.3873875141143799,0.8778091417340573,16,,,,,,,0
27,26,0.8,0.8194444444444444,0.8194444444444444,0.7708333333333334,3,11,10.238644918915728,0.2924671224370997,1.0,0.0,11,0,1.7075328775629002,0.34728366136550903,0.8734200960253871,11,,,,,,,0
28,27,0.8,0.875,0.6375,0.875,3,13,10.93071629206139,0.26961187920084373,1.0,0.0,13,0,1.7303881207991563,0.4852794110774994,0.8690529955452602,13,,,,,,,0
29,28,0.8,0.8194444444444444,0.8194444444444444,0.7884615384615384,3,13,11.277144497347646,0.3018259541559753,1.0,0.0,13,0,1.6981740458440246,0.2937356233596802,0.8647077305675338,13,,,,,,,0
30,29,0.8,0.8269230769230769,0.7625,0.8269230769230769,3,13,12.7431282086342,0.21480125591412658,1.0,0.0,13,0,1.7851987440858734,0.3410199284553528,0.8603841919146962,13,,,,,,,0
31,30,0.8,0.8375,0.8375,0.5833333333333334,3,13,10.716419815052483,0.2934034961037791,1.0,0.0,13,0,1.706596503896221,0.13216662406921387,0.8560822709551227,13,,,,,,,0
32,31,0.8,0.8375,0.8375,0.6607142857142857,3,14,14.593471552655355,0.1455343051461363,1.0,0.0,14,0,1.8544656948538636,0.3053717613220215,0.851801859600347,14,,,,,,,0
33,32,0.8,0.8076923076923077,0.7638888888888888,0.8076923076923077,3,13,10.903620063776469,0.4338116109901053,1.0,0.0,13,0,1.5661883890098947,0.3821427822113037,0.8475428503023453,13,,,,,,,0
34,33,0.8,0.8181818181818182,0.8181818181818182,0.75,3,15,12.551549148495901,0.2011850684515477,1.0,0.0,15,0,1.7988149315484523,0.0625302866101265,0.8433051360508336,15,,,,,,,0
35,34,0.8,0.828125,0.828125,0.6470588235294118,3,15,13.086231259640218,0.2785413778584144,1.0,0.0,15,0,1.7214586221415855,0.10565920174121857,0.8390886103705794,15,,,,,,,0
36,35,0.8,0.8472222222222222,0.8472222222222222,0.6666666666666666,3,16,12.63671831765238,0.56961379595583,1.0,0.0,16,0,1.43038620404417,0.0533776581287384,0.8348931673187264,16,,,,,,,0
37,36,0.8,0.8076923076923077,0.6527777777777778,0.8076923076923077,3,12,8.778120485729461,0.34046971425023853,1.0,0.0,12,0,1.6595302857497614,0.152906134724617,0.8307187014821328,12,,,,,,,0
38,37,0.8,0.8472222222222222,0.8472222222222222,0.8125,3,16,16.051873249459227,0.09368567752244474,1.0,0.0,16,0,1.9063143224775552,0.06966336071491241,0.8265651079747222,16,,,,,,,0
39,38,0.8,0.84375,0.84375,0.42857142857142855,3,9,7.512436225693769,0.27728679552955326,1.0,0.0,9,0,1.7227132044704467,0.1406773328781128,0.8224322824348486,9,,,,,,,0
40,39,0.8,0.8125,0.8125,0.5625,3,10,9.188719171280486,0.18745288017936246,1.0,0.0,10,0,1.8125471198206375,0.0678849071264267,0.8183201210226743,10,,,,,,,0
41,40,0.8,0.90625,0.90625,0.6527777777777778,3,15,15.632006913345492,0.14454242625122582,1.0,0.0,15,0,1.8554575737487742,0.2913978099822998,0.8142285204175609,15,,,,,,,0
42,41,0.8,0.875,0.875,0.7321428571428571,3,14,12.933716288116981,0.2760573160110887,1.0,0.0,14,0,1.7239426839889114,0.2711476683616638,0.810157377815473,14,,,,,,,0
43,42,0.8,0.8166666666666667,0.75,0.8166666666666667,3,16,12.119468268488227,0.2823300909484986,1.0,0.0,16,0,1.7176699090515015,0.24916304647922516,0.8061065909263957,16,,,,,,,0
44,43,0.8,0.8571428571428571,0.8571428571428571,0.5,3,12,8.332835299935024,0.39562960234215216,1.0,0.0,12,0,1.6043703976578478,0.16073741018772125,0.8020760579717637,12,,,,,,,0
45,44,0.8,0.8125,0.8125,0.8088235294117647,3,15,14.090675816932702,0.278131484126053,1.0,0.0,15,0,1.721868515873947,0.1773568093776703,0.798065677681905,15,,,,,,,0
46,45,0.8,0.8295454545454546,0.8295454545454546,0.7857142857142857,3,16,12.974068034862633,0.5162519310383616,1.0,0.0,16,0,1.4837480689616385,0.098234623670578,0.7940753492934954,16,,,,,,,0
47,46,0.8,0.859375,0.859375,0.515625,3,11,8.207180459681998,0.46072474375177885,1.0,0.0,11,0,1.5392752562482213,0.14410609006881714,0.7901049725470279,11,,,,,,,0
48,47,0.8,0.859375,0.6,0.859375,3,15,11.502693383365447,0.34078618482184997,1.0,0.0,15,0,1.6592138151781501,0.05992372706532478,0.7861544476842928,15,,,,,,,0
49,48,0.8,0.8181818181818182,0.8181818181818182,0.7166666666666667,3,17,10.864086565929007,0.47049943962254837,1.0,0.0,17,0,1.5295005603774516,0.03886868432164192,0.7822236754458713,17,,,,,,,0
50,49,0.8,0.8035714285714286,0.4270833333333333,0.8035714285714286,3,12,9.71037006331689,0.1976198998384917,1.0,0.0,12,0,1.8023801001615083,0.03553411364555359,0.778312557068642,12,,,,,,,0
51,50,0.8,0.9027777777777778,0.9027777777777778,0.6166666666666667,3,14,11.254519181274087,0.20112697129102802,1.0,0.0,14,0,1.798873028708972,0.01598919928073883,0.7744209942832988,14,,,,,,,0
52,51,0.8,0.828125,0.828125,0.6153846153846154,3,13,11.214116730394679,0.43847849947398176,1.0,0.0,13,0,1.5615215005260183,0.019109472632408142,0.7705488893118823,13,,,,,,,0
53,52,0.8,0.875,0.875,0.7666666666666667,3,13,10.89585875539737,0.21589907371982067,1.0,0.0,13,0,1.7841009262801792,0.03621170297265053,0.7666961448653229,13,,,,,,,0
54,53,0.8,0.8125,0.8125,0.578125,3,15,11.426844133383748,0.564518252216024,1.0,0.0,15,0,1.4354817477839759,0.05141790211200714,0.7628626641409962,15,,,,,,,0
55,54,0.8,0.8076923076923077,0.7159090909090909,0.8076923076923077,3,14,12.252287805130262,0.28818727149539136,1.0,0.0,14,0,1.7118127285046087,0.09745621681213379,0.7590483508202912,14,,,,,,,0
56,55,0.8,0.8055555555555556,0.8055555555555556,0.4852941176470588,3,13,13.064369903538552,0.2916908624450163,1.0,0.0,13,0,1.7083091375549837,0.10061284154653549,0.7552531090661897,13,,,,,,,0
57,56,0.8,0.8229166666666666,0.8229166666666666,0.6538461538461539,3,14,10.095006861073713,0.44310403050552005,1.0,0.0,14,0,1.55689596949448,0.06271020323038101,0.7514768435208588,14,,,,,,,0
58,57,0.8,0.8055555555555556,0.8055555555555556,0.7884615384615384,3,14,11.96007727309405,0.39686810654449833,1.0,0.0,14,0,1.6031318934555017,0.07369795441627502,0.7477194593032545,14,,,,,,,0
59,58,0.8,0.85,0.85,0.6617647058823529,3,15,14.371974740841889,0.17086534947487111,1.0,0.0,15,0,1.829134650525129,0.05368109047412872,0.7439808620067382,15,,,,,,,0
60,59,0.8,0.8625,0.8625,0.8392857142857143,3,14,10.305215241775727,0.44408244749091574,0.9285714285714286,0.0714285714285714,13,1,1.2702032667947987,0.06362402439117432,0.7402609576967045,13,,,,,,,0
61,60,0.8,0.8,0.8,0.7857142857142857,3,16,14.221595471933497,0.21837417438379697,1.0,0.0,16,0,1.781625825616203,0.18577048182487488,0.736559652908221,16,,,,,,,0
62,61,0.8,0.8055555555555556,0.8055555555555556,0.6833333333333333,3,13,9.78225265372372,0.33517413459098133,1.0,0.0,13,0,1.6648258654090187,0.14385995268821716,0.7328768546436799,13,,,,,,,0
63,62,0.8,0.8194444444444444,0.8194444444444444,0.6333333333333333,3,12,11.176228534166098,0.38027922936629066,1.0,0.0,12,0,1.6197207706337093,0.22488334774971008,0.7292124703704616,12,,,,,,,0
64,63,0.8,0.8333333333333334,0.8333333333333334,0.78125,3,13,10.928819989412814,0.3074411003884825,1.0,0.0,13,0,1.6925588996115175,0.15107211470603943,0.7255664080186093,13,,,,,,,0
65,64,0.8,0.8625,0.8625,0.7115384615384616,3,13,8.428848157064426,0.41740758407559386,1.0,0.0,13,0,1.582592415924406,0.17425858974456787,0.7219385759785162,13,,,,,,,0
66,65,0.8,0.8194444444444444,0.8194444444444444,0.5666666666666667,3,10,7.941426667446129,0.363207606426882,1.0,0.0,10,0,1.636792393573118,0.15247876942157745,0.7183288830986236,10,,,,,,,0
67,66,0.8,0.8035714285714286,0.765625,0.8035714285714286,3,13,10.992906162099043,0.3212278748719699,1.0,0.0,13,0,1.67877212512803,0.06562641263008118,0.7147372386831305,13,,,,,,,0
68,67,0.8,0.8,0.6931818181818182,0.8,3,17,15.262498335262725,0.13336278897595671,1.0,0.0,17,0,1.8666372110240432,0.09807070344686508,0.7111635524897149,17,,,,,,,0
69,68,0.8,0.9027777777777778,0.9027777777777778,0.6964285714285714,3,14,13.413937978417366,0.320325420177779,1.0,0.0,14,0,1.679674579822221,0.10367555916309357,0.7076077347272662,14,,,,,,,0
70,69,0.8,0.8125,0.6818181818181818,0.8125,3,17,12.342213558189787,0.4624727972458545,1.0,0.0,17,0,1.5375272027541456,0.0706094354391098,0.7040696960536299,17,,,,,,,0
71,70,0.8,0.875,0.875,0.6071428571428571,3,10,7.69786614713185,0.29738476459350005,1.0,0.0,10,0,1.7026152354064998,0.03343949839472771,0.7005493475733617,10,,,,,,,0
72,71,0.8,0.8055555555555556,0.8055555555555556,0.546875,3,12,9.826639960158694,0.3547037891605675,1.0,0.0,12,0,1.6452962108394324,0.021795429289340973,0.697046600835495,12,,,,,,,0
73,72,0.8,0.9107142857142857,0.9107142857142857,0.5147058823529411,3,12,8.245537273902595,0.33055985219507156,1.0,0.0,12,0,1.6694401478049286,0.03304927051067352,0.6935613678313175,12,,,,,,,0
74,73,0.8,0.8611111111111112,0.8611111111111112,0.65,3,15,13.609826798471783,0.19391112325476792,1.0,0.0,15,0,1.806088876745232,0.03160164877772331,0.6900935609921609,15,,,,,,,0
75,74,0.8,0.8125,0.8125,0.45,3,9,8.62884381876957,0.4813520298600906,1.0,0.0,9,0,1.5186479701399094,0.04140445590019226,0.6866430931872001,9,,,,,,,0
76,75,0.8,0.8333333333333334,0.8333333333333334,0.8088235294117647,3,16,10.901549431384701,0.2543095499719978,1.0,0.0,16,0,1.7456904500280022,0.054851043969392776,0.6832098777212641,16,,,,,,,0
77,76,0.8,0.8,0.5454545454545454,0.8,3,14,10.477801505670648,0.47946431085934,1.0,0.0,14,0,1.52053568914066,0.0566704124212265,0.6797938283326578,14,,,,,,,0
78,77,0.8,0.8409090909090909,0.8409090909090909,0.8214285714285714,3,15,11.826808016165245,0.2147816850254853,1.0,0.0,15,0,1.7852183149745147,0.06794102489948273,0.6763948591909945,15,,,,,,,0
79,78,0.8,0.8625,0.8625,0.6,3,15,13.099021065394858,0.3113234022724105,1.0,0.0,15,0,1.6886765977275895,0.03889605775475502,0.6730128848950395,15,,,,,,,0
80,79,0.8,0.85,0.85,0.734375,3,16,10.715167121593428,0.4666507207887921,1.0,0.0,16,0,1.5333492792112078,0.030304718762636185,0.6696478204705644,16,,,,,,,0
81,80,0.8,0.8888888888888888,0.8888888888888888,0.7166666666666667,3,15,11.734947530724183,0.39836110225153076,0.9333333333333333,0.06666666666666665,14,1,1.3349722310818026,0.11982182413339615,0.6662995813682115,14,,,,,,,0
82,81,0.8,0.8055555555555556,0.8055555555555556,0.609375,3,12,10.508749693480357,0.5150245510515032,1.0,0.0,12,0,1.4849754489484968,0.14691917598247528,0.6629680834613705,12,,,,,,,0
83,82,0.8,0.875,0.7083333333333334,0.875,3,16,12.789435705805278,0.1964185503295966,1.0,0.0,16,0,1.8035814496704035,0.17925895750522614,0.6596532430440636,16,,,,,,,0
84,83,0.8,0.8269230769230769,0.7083333333333334,0.8269230769230769,3,13,10.873276001294748,0.2262439490582253,1.0,0.0,13,0,1.7737560509417747,0.11955878883600235,0.6563549768288433,13,,,,,,,0
85,84,0.8,0.9285714285714286,0.9285714285714286,0.6964285714285714,3,11,8.749225776602662,0.38359614429203037,0.9090909090909091,0.09090909090909094,10,1,1.2527674920716059,0.14480844140052795,0.653073201944699,10,,,,,,,0
86,85,0.8,0.8125,0.8125,0.484375,3,11,11.146874003167913,0.3319545439852988,1.0,0.0,11,0,1.6680454560147013,0.04075881093740463,0.6498078359349755,11,,,,,,,0
87,86,0.8,0.8125,0.8020833333333334,0.8125,3,16,17.187442451160656,0.13335204305398188,1.0,0.0,16,0,1.8666479569460181,0.11962070316076279,0.6465587967553006,16,,,,,,,0
88,87,0.8,0.8269230769230769,0.5555555555555556,0.8269230769230769,3,14,12.69466163062918,0.4122169810987568,1.0,0.0,14,0,1.5877830189012432,0.07491688430309296,0.6433260027715241,14,,,,,,,0
89,88,0.8,0.828125,0.828125,0.515625,3,12,13.177006228676277,0.16609323361727216,1.0,0.0,12,0,1.8339067663827278,0.04536888748407364,0.6401093727576664,12,,,,,,,0
90,89,0.8,0.8,0.8,0.5735294117647058,3,13,10.232049593719058,0.41931566943757925,1.0,0.0,13,0,1.5806843305624207,0.0633992999792099,0.6369088258938781,13,,,,,,,0
91,90,0.8,0.8076923076923077,0.45454545454545453,0.8076923076923077,3,11,10.716706529828997,0.3543046048895667,1.0,0.0,11,0,1.6456953951104332,0.038702428340911865,0.6337242817644086,11,,,,,,,0
92,91,0.8,0.8,0.8,0.671875,3,14,11.791525399180419,0.38143515046204224,1.0,0.0,14,0,1.6185648495379579,0.026209242641925812,0.6305556603555866,14,,,,,,,0
93,92,0.8,0.8888888888888888,0.8888888888888888,0.5892857142857143,3,12,8.198455412344654,0.34450619530856663,1.0,0.0,12,0,1.6554938046914334,0.03504890203475952,0.6274028820538087,12,,,,,,,0
94,93,0.8,0.828125,0.8125,0.828125,3,17,16.328335856144346,0.3136253862997852,1.0,0.0,17,0,1.686374613700215,0.07296007126569748,0.6242658676435396,17,,,,,,,0
95,94,0.8,0.84375,0.84375,0.7333333333333333,3,16,10.013576450345035,0.3721457247765585,1.0,0.0,16,0,1.6278542752234415,0.01759323477745056,0.6211445383053219,16,,,,,,,0
96,95,0.8,0.8,0.8,0.65625,3,18,14.353316650428134,0.3969076468984082,1.0,0.0,18,0,1.6030923531015917,0.10872248560190201,0.6180388156137953,18,,,,,,,0
97,96,0.8,0.85,0.6931818181818182,0.85,3,15,12.788743518812606,0.3165375277606168,1.0,0.0,15,0,1.6834624722393832,0.06108902394771576,0.6149486215357263,15,,,,,,,0
98,97,0.8,0.8055555555555556,0.8055555555555556,0.7666666666666667,3,15,12.22617037582661,0.3061062233855154,1.0,0.0,15,0,1.6938937766144846,0.008228039368987083,0.6118738784280476,15,,,,,,,0
99,98,0.8,0.8181818181818182,0.8181818181818182,0.5,3,14,12.686560790570626,0.41028288664518997,1.0,0.0,14,0,1.58971711335481,0.011710366234183311,0.6088145090359074,14,,,,,,,0
100,99,0.8,0.8863636363636364,0.8863636363636364,0.796875,3,19,18.148749047323115,0.1347335576943142,1.0,0.0,19,0,1.8652664423056857,0.018209382891654968,0.6057704364907278,19,1.5526829021446131,0.4376112155024458,0.9975735294117647,0.0024264705882352943,1.5526829021446131,100,0
101,100,0.8,0.8214285714285714,0.65625,0.8214285714285714,3,14,9.93658053342055,0.4738429352244495,1.0,0.0,14,0,1.5261570647755505,0.09751083701848984,0.6027415843082742,14,,,,,1.5526829021446131,100,0
102,101,0.8,0.875,0.875,0.6166666666666667,3,13,10.903220109273361,0.4320536373252061,1.0,0.0,13,0,1.5679463626747938,0.1548452526330948,0.5997278763867329,13,,,,,1.5526829021446131,100,0
103,102,0.8,0.8392857142857143,0.8392857142857143,0.36666666666666664,3,9,9.702215398227803,0.1862799360582973,1.0,0.0,9,0,1.8137200639417026,0.1386963576078415,0.5967292370047992,9,,,,,1.5526829021446131,100,0
104,103,0.8,0.8125,0.8125,0.5,3,12,10.623581856931969,0.3840734717238627,1.0,0.0,12,0,1.6159265282761373,0.16278311610221863,0.5937455908197752,12,,,,,1.5526829021446131,100,0
105,104,0.8,0.8928571428571429,0.8928571428571429,0.5166666666666667,3,12,9.130373331176528,0.3500153117476106,1.0,0.0,12,0,1.6499846882523894,0.15435245633125305,0.5907768628656763,12,,,,,1.5526829021446131,100,0
106,105,0.8,0.8125,0.8125,0.625,3,11,11.149485709399656,0.22780773160461976,1.0,0.0,11,0,1.7721922683953801,0.04663969576358795,0.5878229785513479,11,,,,,1.5526829021446131,100,0
107,106,0.8,0.85,0.765625,0.85,3,14,8.623511070535816,0.33045147522411666,1.0,0.0,14,0,1.6695485247758834,0.10770386457443237,0.5848838636585911,14,,,,,1.5526829021446131,100,0
108,107,0.8,0.825,0.825,0.6470588235294118,3,16,16.23054304855491,0.11183296734842677,1.0,0.0,16,0,1.8881670326515732,0.08065836131572723,0.5819594443402982,16,,,,,1.5526829021446131,100,0
109,108,0.8,0.8068181818181818,0.8068181818181818,0.6875,3,17,15.366265139773752,0.4175883833636935,1.0,0.0,17,0,1.5824116166363065,0.05291019380092621,0.5790496471185967,17,,,,,1.5526829021446131,100,0
110,109,0.8,0.8166666666666667,0.5909090909090909,0.8166666666666667,3,14,12.162332661324816,0.35658892164622324,1.0,0.0,14,0,1.6434110783537768,0.0650332123041153,0.5761543988830038,14,,,,,1.5526829021446131,100,0
111,110,0.8,0.8125,0.8125,0.578125,3,14,11.398138124121818,0.5320218629665651,1.0,0.0,14,0,1.4679781370334348,0.03852232173085213,0.5732736268885887,14,,,,,1.5526829021446131,100,0
112,111,0.8,0.8472222222222222,0.8472222222222222,0.765625,3,17,15.019936218371399,0.3220548775872157,1.0,0.0,17,0,1.6779451224127844,0.0908738523721695,0.5704072587541458,17,,,,,1.5526829021446131,100,0
113,112,0.8,0.8194444444444444,0.8194444444444444,0.6153846153846154,3,13,9.925187131726876,0.4822239756085502,1.0,0.0,13,0,1.5177760243914498,0.10181032121181488,0.567555222460375,13,,,,,1.5526829021446131,100,0
114,113,0.8,0.84375,0.84375,0.796875,3,14,11.334174549087702,0.27477360520875466,1.0,0.0,14,0,1.7252263947912454,0.042792320251464844,0.5647174463480732,14,,,,,1.5526829021446131,100,0
115,114,0.8,0.8611111111111112,0.8611111111111112,0.7678571428571429,3,14,12.254326446523034,0.21355213283589383,1.0,0.0,14,0,1.7864478671641062,0.0716840997338295,0.5618938591163328,14,,,,,1.5526829021446131,100,0
116,115,0.8,0.8125,0.8125,0.65625,3,12,11.174721169231244,0.23454196861057253,1.0,0.0,12,0,1.7654580313894275,0.036025334149599075,0.5590843898207511,12,,,,,1.5526829021446131,100,0
117,116,0.8,0.8472222222222222,0.8472222222222222,0.5666666666666667,3,14,13.636441834977315,0.22123411212034494,1.0,0.0,14,0,1.778765887879655,0.07450786232948303,0.5562889678716474,14,,,,,1.5526829021446131,100,0
118,117,0.8,0.828125,0.7625,0.828125,3,17,15.740399699260674,0.24552318791199565,1.0,0.0,17,0,1.7544768120880043,0.04507629945874214,0.5535075230322891,17,,,,,1.5526829021446131,100,0
119,118,0.8,0.8125,0.8125,0.6964285714285714,3,15,13.492921523946114,0.2506002370198089,1.0,0.0,15,0,1.7493997629801912,0.09346270561218262,0.5507399854171277,15,,,,,1.5526829021446131,100,0
120,119,0.8,0.828125,0.6818181818181818,0.828125,3,16,14.073553771328523,0.29738982629056365,1.0,0.0,16,0,1.7026101737094363,0.11159217357635498,0.547986285490042,16,,,,,1.5526829021446131,100,0
121,120,0.8,0.8295454545454546,0.8295454545454546,0.8,3,16,15.065486186749165,0.29897830215468785,1.0,0.0,16,0,1.701021697845312,0.13170939683914185,0.5452463540625918,16,,,,,1.5526829021446131,100,0
122,121,0.8,0.828125,0.6363636363636364,0.828125,3,17,14.284161605887409,0.42154954580520204,1.0,0.0,17,0,1.578450454194798,0.08927641808986664,0.5425201222922789,17,,,,,1.5526829021446131,100,0
123,122,0.8,0.84375,0.84375,0.6029411764705882,3,15,15.375172589796454,0.17053116413584804,1.0,0.0,15,0,1.829468835864152,0.15029814839363098,0.5398075216808175,15,,,,,1.5526829021446131,100,0
124,123,0.8,0.890625,0.890625,0.546875,3,15,12.333133783147277,0.4958752644624558,1.0,0.0,15,0,1.5041247355375442,0.11165398359298706,0.5371084840724134,15,,,,,1.5526829021446131,100,0
125,124,0.8,0.8194444444444444,0.8194444444444444,0.671875,3,14,11.667278321397824,0.46365923243788665,1.0,0.0,14,0,1.5363407675621135,0.06475766748189926,0.5344229416520513,14,,,,,1.5526829021446131,100,0
126,125,0.8,0.8194444444444444,0.8194444444444444,0.765625,3,20,18.129806085811687,0.22487107926687497,1.0,0.0,20,0,1.7751289207331251,0.05113371089100838,0.531750826943791,20,,,,,1.5526829021446131,100,0
127,126,0.8,0.875,0.875,0.65,3,13,13.12188058023866,0.24615272522795284,1.0,0.0,13,0,1.7538472747720473,0.08402352780103683,0.5290920728090721,13,,,,,1.5526829021446131,100,0
128,127,0.8,0.8125,0.8125,0.765625,3,14,13.784542409495224,0.2621010158463877,1.0,0.0,14,0,1.7378989841536123,0.11941097676753998,0.5264466124450268,14,,,,,1.5526829021446131,100,0
129,128,0.8,0.8571428571428571,0.7159090909090909,0.8571428571428571,3,14,13.689457185270179,0.09220077688307701,1.0,0.0,14,0,1.907799223116923,0.11452501267194748,0.5238143793828016,14,,,,,1.5526829021446131,100,0
130,129,0.8,0.8,0.8,0.8,3,16,13.317198377016126,0.3311196776330629,1.0,0.0,16,0,1.668880322366937,0.07579672336578369,0.5211953074858876,16,,,,,1.5526829021446131,100,0
131,130,0.8,0.8611111111111112,0.8611111111111112,0.5357142857142857,3,10,11.009331626564743,0.16371358164739766,1.0,0.0,10,0,1.8362864183526024,0.0645885169506073,0.5185893309484582,10,,,,,1.5526829021446131,100,0
132,131,0.8,0.85,0.85,0.609375,3,12,12.1886102458725,0.25071064645766034,1.0,0.0,12,0,1.7492893535423397,0.12086527794599533,0.5159963842937159,12,,,,,1.5526829021446131,100,0
133,132,0.8,0.8125,0.7,0.8125,3,16,15.707293421242543,0.2511271807116484,1.0,0.0,16,0,1.7488728192883516,0.09729477763175964,0.5134164023722473,16,,,,,1.5526829021446131,100,0
134,133,0.8,0.8125,0.8125,0.734375,3,15,15.071734696031394,0.15819703690504328,1.0,0.0,15,0,1.8418029630949566,0.061081185936927795,0.510849320360386,15,,,,,1.5526829021446131,100,0
135,134,0.8,0.8392857142857143,0.8375,0.8392857142857143,3,15,16.168937911805887,0.15649517801114754,1.0,0.0,15,0,1.8435048219888523,0.1550176739692688,0.5082950737585841,15,,,,,1.5526829021446131,100,0
136,135,0.8,0.90625,0.90625,0.6607142857142857,3,12,10.872136883291752,0.39619400417968004,1.0,0.0,12,0,1.60380599582032,0.07202252000570297,0.5057535983897912,12,,,,,1.5526829021446131,100,0
137,136,0.8,0.8522727272727273,0.8522727272727273,0.6875,3,19,18.898902821799528,0.23310439078375847,1.0,0.0,19,0,1.7668956092162416,0.03175396844744682,0.5032248303978422,19,,,,,1.5526829021446131,100,0
138,137,0.8,0.8055555555555556,0.8055555555555556,0.5,3,11,10.480185267959634,0.24733857132229542,1.0,0.0,11,0,1.7526614286777047,0.07180836796760559,0.500708706245853,11,,,,,1.5526829021446131,100,0
139,138,0.8,0.828125,0.828125,0.4305555555555556,3,11,10.145056105693332,0.35532117952494163,1.0,0.0,11,0,1.6446788204750584,0.07777681946754456,0.4982051627146237,11,,,,,1.5526829021446131,100,0
140,139,0.8,0.8035714285714286,0.8035714285714286,0.35714285714285715,3,9,8.035614585636273,0.332951679781997,1.0,0.0,9,0,1.667048320218003,0.04472982510924339,0.49571413690105054,9,,,,,1.5526829021446131,100,0
141,140,0.8,0.84375,0.84375,0.8214285714285714,3,13,11.993750958767965,0.2297359125600365,0.9230769230769231,0.07692307692307687,12,1,1.462571779747656,0.1372140347957611,0.4932355662165453,12,,,,,1.5526829021446131,100,0
142,141,0.8,0.84375,0.7638888888888888,0.84375,3,15,14.168828445839683,0.2584854166630877,1.0,0.0,15,0,1.7415145833369123,0.23738881945610046,0.4907693883854626,15,,,,,1.5526829021446131,100,0
143,142,0.8,0.8068181818181818,0.8068181818181818,0.6730769230769231,3,14,13.252668048423901,0.255417761764313,1.0,0.0,14,0,1.744582238235687,0.06821469962596893,0.4883155414435353,14,,,,,1.5526829021446131,100,0
144,143,0.8,0.8235294117647058,0.725,0.8235294117647058,3,14,13.247905034820771,0.20013024854633155,1.0,0.0,14,0,1.7998697514536683,0.07466794550418854,0.4858739637363176,14,,,,,1.5526829021446131,100,0
145,144,0.8,0.8194444444444444,0.8194444444444444,0.6607142857142857,3,14,11.356981088769194,0.43317544627024734,1.0,0.0,14,0,1.5668245537297527,0.10863648355007172,0.483444593917636,14,,,,,1.5526829021446131,100,0
146,145,0.8,0.8166666666666667,0.6590909090909091,0.8166666666666667,3,14,14.046363693667804,0.16981859390295156,1.0,0.0,14,0,1.8301814060970485,0.05358622595667839,0.4810273709480478,14,,,,,1.5526829021446131,100,0
147,146,0.8,0.8625,0.8625,0.7666666666666667,3,14,13.018947166775751,0.2213837633998098,1.0,0.0,14,0,1.77861623660019,0.1487838625907898,0.47862223409330756,14,,,,,1.5526829021446131,100,0
148,147,0.8,0.8076923076923077,0.71875,0.8076923076923077,3,12,13.378776705460728,0.15168433295971656,1.0,0.0,12,0,1.8483156670402834,0.09461840242147446,0.47622912292284103,12,,,,,1.5526829021446131,100,0
149,148,0.8,0.8,0.7916666666666666,0.8,3,15,16.03850290908687,0.12062525587166786,1.0,0.0,15,0,1.8793747441283322,0.06645166873931885,0.4738479773082268,15,,,,,1.5526829021446131,100,0
150,149,0.8,0.8214285714285714,0.78125,0.8214285714285714,3,13,12.540071613173035,0.24054678241288702,1.0,0.0,13,0,1.759453217587113,0.09197568148374557,0.47147873742168567,13,,,,,1.5526829021446131,100,0
151,150,0.8,0.875,0.875,0.75,3,14,12.87334096216344,0.2753722571293841,1.0,0.0,14,0,1.7246277428706158,0.1188800036907196,0.46912134373457726,14,,,,,1.5526829021446131,100,0
152,151,0.8,0.8269230769230769,0.7125,0.8269230769230769,3,12,9.371247201898896,0.43227800073911404,0.9166666666666666,0.08333333333333337,11,1,1.2343886659275525,0.09585919976234436,0.46677573701590436,11,,,,,1.5526829021446131,100,0
153,152,0.8,0.8055555555555556,0.8055555555555556,0.5625,3,14,13.97100908670263,0.2012146561956222,1.0,0.0,14,0,1.7987853438043777,0.12256979197263718,0.46444185833082485,14,,,,,1.5526829021446131,100,0
154,153,0.8,0.8125,0.8125,0.6730769230769231,3,10,10.037535151071623,0.3018461482462547,1.0,0.0,10,0,1.6981538517537453,0.1467573046684265,0.46211964903917074,10,,,,,1.5526829021446131,100,0
155,154,0.8,0.8055555555555556,0.8055555555555556,0.6470588235294118,3,14,12.074729802084178,0.45156616857740545,1.0,0.0,14,0,1.5484338314225945,0.0694781020283699,0.4598090507939749,14,,,,,1.5526829021446131,100,0
156,155,0.8,0.8055555555555556,0.8055555555555556,0.6833333333333333,3,13,12.110072572271086,0.1923894187272601,1.0,0.0,13,0,1.8076105812727399,0.11633496731519699,0.457510005540005,13,,,,,1.5526829021446131,100,0
157,156,0.8,0.8472222222222222,0.8472222222222222,0.78125,3,15,15.461677149342949,0.12827861745559188,1.0,0.0,15,0,1.8717213825444081,0.09807545691728592,0.45522245551230495,15,,,,,1.5526829021446131,100,0
158,157,0.8,0.8,0.8,0.8,3,15,14.466457099390853,0.17350552344714176,1.0,0.0,15,0,1.8264944765528583,0.09381980448961258,0.4529463432347434,15,,,,,1.5526829021446131,100,0
159,158,0.8,0.8333333333333334,0.8125,0.8333333333333334,3,19,18.916545280030363,0.20000985399771273,1.0,0.0,19,0,1.7999901460022874,0.12761665880680084,0.4506816115185697,19,,,,,1.5526829021446131,100,0
160,159,0.8,0.8375,0.8375,0.6617647058823529,3,14,13.48128553012625,0.3231211153044704,1.0,0.0,14,0,1.6768788846955296,0.09647414088249207,0.4484282034609769,14,,,,,1.5526829021446131,100,0
161,160,0.8,0.8928571428571429,0.8928571428571429,0.45,3,9,9.88849307001214,0.0926345402744647,1.0,0.0,9,0,1.9073654597255354,0.10401759296655655,0.446186062443672,9,,,,,1.5526829021446131,100,0
162,161,0.8,0.825,0.825,0.7352941176470589,3,19,19.61992763095339,0.14454242625122588,1.0,0.0,19,0,1.8554575737487742,0.07761271297931671,0.4439551321314536,19,,,,,1.5526829021446131,100,0
163,162,0.8,0.8076923076923077,0.75,0.8076923076923077,3,14,13.77766543525832,0.3162338660306504,1.0,0.0,14,0,1.6837661339693497,0.029411621391773224,0.4417353564707963,14,,,,,1.5526829021446131,100,0
164,163,0.8,0.8472222222222222,0.8472222222222222,0.4642857142857143,3,13,10.33287137529252,0.5280198143238923,1.0,0.0,13,0,1.4719801856761077,0.046510953456163406,0.43952667968844233,13,,,,,1.5526829021446131,100,0
165,164,0.8,0.8333333333333334,0.825,0.8333333333333334,3,15,10.462029054794955,0.4732583050202147,0.9333333333333333,0.06666666666666665,14,1,1.2600750283131186,0.18647164106369019,0.43732904629000013,14,,,,,1.5526829021446131,100,0
166,165,0.8,0.9285714285714286,0.9285714285714286,0.296875,3,8,7.0548139216005765,0.211856123977347,0.875,0.125,7,1,1.288143876022653,0.028347602114081383,0.4351424010585501,7,,,,,1.5526829021446131,100,0
167,166,0.8,0.8472222222222222,0.8472222222222222,0.4444444444444444,3,14,15.121717203074741,0.11618010956945381,1.0,0.0,14,0,1.883819890430546,0.13213106989860535,0.43296668905325736,14,,,,,1.5526829021446131,100,0
168,167,0.8,0.90625,0.90625,0.5,3,12,11.999820439519613,0.31035371843178117,1.0,0.0,12,0,1.6896462815682187,0.2257506400346756,0.43080185560799106,12,,,,,1.5526829021446131,100,0
169,168,0.8,0.85,0.6354166666666666,0.85,3,13,13.443305677785357,0.14817191220477183,1.0,0.0,13,0,1.8518280877952282,0.10679261386394501,0.4286478463299511,13,,,,,1.5526829021446131,100,0
170,169,0.8,0.84375,0.675,0.84375,3,16,14.825253400603824,0.28161191245727224,1.0,0.0,16,0,1.7183880875427278,0.12353358417749405,0.42650460709830135,16,,,,,1.5526829021446131,100,0
171,170,0.8,0.8333333333333334,0.8333333333333334,0.6071428571428571,3,13,12.63001438778373,0.3474674192920629,1.0,0.0,13,0,1.6525325807079372,0.10305467247962952,0.42437208406280985,13,,,,,1.5526829021446131,100,0
172,171,0.8,0.8214285714285714,0.7159090909090909,0.8214285714285714,3,14,13.423264659232728,0.1841807687576401,1.0,0.0,14,0,1.8158192312423598,0.1288025677204132,0.4222502236424958,14,,,,,1.5526829021446131,100,0
173,172,0.8,0.8076923076923077,0.725,0.8076923076923077,3,13,10.108652042751302,0.4213177904569846,0.9230769230769231,0.07692307692307687,12,1,1.270989901850708,0.22433090209960938,0.42013897252428334,12,,,,,1.5526829021446131,100,0
174,173,0.8,0.8235294117647058,0.765625,0.8235294117647058,3,17,16.90814662726489,0.23872256981368767,1.0,0.0,17,0,1.7612774301863123,0.1903102695941925,0.4180382776616619,17,,,,,1.5526829021446131,100,0
175,174,0.8,0.8571428571428571,0.8571428571428571,0.5166666666666667,3,11,9.451107867567675,0.21719538873191568,1.0,0.0,11,0,1.7828046112680842,0.14940276741981506,0.4159480862733536,11,,,,,1.5526829021446131,100,0
176,175,0.8,0.8194444444444444,0.8194444444444444,0.5625,3,14,11.234000366609138,0.4903682631999483,0.9285714285714286,0.0714285714285714,13,1,1.2239174510857662,0.13153719902038574,0.41386834584198684,13,,,,,1.5526829021446131,100,0
177,176,0.8,0.8541666666666666,0.8541666666666666,0.609375,3,14,15.07246695863087,0.2140421528808672,1.0,0.0,14,0,1.7859578471191329,0.1568075716495514,0.4117990041127769,14,,,,,1.5526829021446131,100,0
178,177,0.8,0.8958333333333334,0.8958333333333334,0.4375,3,9,9.707887151234743,0.26033992327407407,1.0,0.0,9,0,1.7396600767259258,0.18025261163711548,0.40974000909221303,9,,,,,1.5526829021446131,100,0
179,178,0.8,0.8333333333333334,0.8333333333333334,0.45588235294117646,3,10,10.160708191038283,0.17878917071216466,1.0,0.0,10,0,1.8212108292878353,0.1683238446712494,0.40769130904675194,10,,,,,1.5526829021446131,100,0
180,179,0.8,0.875,0.875,0.5178571428571429,3,9,9.378268663142785,0.2410065059537413,1.0,0.0,9,0,1.7589934940462588,0.2071155309677124,0.40565285250151817,9,,,,,1.5526829021446131,100,0
181,180,0.8,0.8,0.6527777777777778,0.8,3,13,12.74540471698533,0.19148160386846663,1.0,0.0,13,0,1.8085183961315334,0.12865401804447174,0.4036245882390106,13,,,,,1.5526829021446131,100,0
182,181,0.8,0.8214285714285714,0.8125,0.8214285714285714,3,14,13.634359423926693,0.26086315295107426,1.0,0.0,14,0,1.7391368470489257,0.1831347942352295,0.4016064652978155,14,,,,,1.5526829021446131,100,0
183,182,0.8,0.8571428571428571,0.8571428571428571,0.640625,3,12,12.532294998173896,0.15376947151465076,1.0,0.0,12,0,1.8462305284853493,0.1474543958902359,0.3995984329713264,12,,,,,1.5526829021446131,100,0
184,183,0.8,0.8375,0.8375,0.8166666666666667,3,17,17.392122089187712,0.0772511021512898,1.0,0.0,17,0,1.9227488978487102,0.06304657459259033,0.3976004408064698,17,,,,,1.5526829021446131,100,0
185,184,0.8,0.84375,0.84375,0.6,3,11,11.57224380326742,0.24247615896080393,1.0,0.0,11,0,1.757523841039196,0.12857763469219208,0.39561243860243744,11,,,,,1.5526829021446131,100,0
186,185,0.8,0.8,0.8,0.4852941176470588,3,13,12.555375781249186,0.34972487191674917,1.0,0.0,13,0,1.6502751280832508,0.20919421315193176,0.3936343764094253,13,,,,,1.5526829021446131,100,0
187,186,0.8,0.8,0.6625,0.8,3,14,14.829386207633966,0.15127544735849285,1.0,0.0,14,0,1.848724552641507,0.06366801261901855,0.39166620452737816,14,,,,,1.5526829021446131,100,0
188,187,0.8,0.8,0.8,0.515625,3,13,13.304982831237185,0.2151189860252036,1.0,0.0,13,0,1.7848810139747964,0.1415727734565735,0.3897078735047413,13,,,,,1.5526829021446131,100,0
189,188,0.8,0.8035714285714286,0.8035714285714286,0.6666666666666666,3,13,12.861318955351926,0.3093101830209595,1.0,0.0,13,0,1.6906898169790405,0.08775779604911804,0.3877593341372176,13,,,,,1.5526829021446131,100,0
190,189,0.8,0.8472222222222222,0.8472222222222222,0.8166666666666667,3,16,9.88053598016738,0.5202923795313705,0.875,0.125,14,2,0.9797076204686295,0.11083249747753143,0.3858205374665315,14,,,,,1.5526829021446131,100,0
191,190,0.8,0.8392857142857143,0.8392857142857143,0.53125,3,11,11.057787879534438,0.2812015328792499,1.0,0.0,11,0,1.7187984671207501,0.11962990462779999,0.38389143477919885,11,,,,,1.5526829021446131,100,0
192,191,0.8,0.8472222222222222,0.8472222222222222,0.8235294117647058,3,17,12.482630585000859,0.41401008473489403,0.8823529411764706,0.11764705882352944,15,2,1.1154016799709883,0.03549165278673172,0.3819719776053028,15,,,,,1.5526829021446131,100,0
193,192,0.8,0.8333333333333334,0.8333333333333334,0.75,3,12,11.602550988452641,0.2639925520465651,1.0,0.0,12,0,1.7360074479534349,0.24016311764717102,0.3800621177172763,12,,,,,1.5526829021446131,100,0
194,193,0.8,0.8625,0.8625,0.71875,3,15,15.026090978811567,0.16042727033159382,1.0,0.0,15,0,1.8395727296684061,0.04327288269996643,0.37816180712868996,15,,,,,1.5526829021446131,100,0
195,194,0.8,0.8055555555555556,0.8055555555555556,0.75,3,14,13.51944211686795,0.2991942608065414,1.0,0.0,14,0,1.7008057391934586,0.11170729249715805,0.37627099809304654,14,,,,,1.5526829021446131,100,0
196,195,0.8,0.825,0.825,0.640625,3,15,15.55124093012805,0.2642693798578556,1.0,0.0,15,0,1.7357306201421445,0.09862269461154938,0.3743896431025813,15,,,,,1.5526829021446131,100,0
197,196,0.8,0.9027777777777778,0.9027777777777778,0.6785714285714286,3,12,12.673288683227458,0.12911200417686064,1.0,0.0,12,0,1.8708879958231392,0.056738682091236115,0.37251769488706843,12,,,,,1.5526829021446131,100,0
198,197,0.8,0.8625,0.8625,0.6428571428571429,3,12,12.955288128150528,0.08049381885742235,1.0,0.0,12,0,1.9195061811425775,0.24535125494003296,0.3706551064126331,12,,,,,1.5526829021446131,100,0
199,198,0.8,0.8035714285714286,0.8035714285714286,0.5416666666666666,3,13,13.193729334029193,0.2163490228881093,1.0,0.0,13,0,1.7836509771118907,0.04330804944038391,0.36880183088056995,13,,,,,1.5526829021446131,100,0
200,199,0.8,0.8125,0.45454545454545453,0.8125,3,12,12.962074766649767,0.17772640549740598,1.0,0.0,12,0,1.822273594502594,0.04824744910001755,0.3669578217261671,12,1.725634755961291,0.2239623136357785,0.9873992673992674,0.0126007326007326,1.725634755961291,200,0
201,200,0.8,0.8125,0.8125,0.796875,3,15,15.568603658316501,0.2632008574416594,1.0,0.0,15,0,1.7367991425583407,0.13695058226585388,0.36512303261753626,15,,,,,1.725634755961291,200,0
202,201,0.8,0.8125,0.6875,0.8125,3,15,16.188763339265027,0.09000663408687809,1.0,0.0,15,0,1.9099933659131219,0.22490283846855164,0.3632974174544486,15,,,,,1.725634755961291,200,0
203,202,0.8,0.8295454545454546,0.8295454545454546,0.8035714285714286,3,18,17.984407458040955,0.25342558763864714,1.0,0.0,18,0,1.746574412361353,0.16572882235050201,0.3614809303671764,18,,,,,1.725634755961291,200,0
204,203,0.8,0.8125,0.8125,0.45,3,10,10.010436679688045,0.26353501577853367,1.0,0.0,10,0,1.7364649842214663,0.08781597018241882,0.3596735257153405,10,,,,,1.725634755961291,200,0
205,204,0.8,0.875,0.875,0.8088235294117647,3,17,12.904001691248622,0.41931361481173046,0.8823529411764706,0.11764705882352944,15,2,1.1100981498941518,0.07563852518796921,0.3578751580867638,15,,,,,1.725634755961291,200,0
206,205,0.8,0.921875,0.921875,0.6785714285714286,3,15,7.192620857289678,0.5573960897286806,0.7333333333333333,0.2666666666666667,11,4,0.3759372436046525,0.2820219397544861,0.35608578229633,11,,,,,1.725634755961291,200,0
207,206,0.8,0.828125,0.828125,0.5833333333333334,3,13,12.739265671254682,0.28580019137500023,1.0,0.0,13,0,1.7141998086249997,0.1656959056854248,0.3543053533848483,13,,,,,1.725634755961291,200,0
208,207,0.8,0.8214285714285714,0.7638888888888888,0.8214285714285714,3,15,13.40718633102623,0.3775764398963821,1.0,0.0,15,0,1.6224235601036179,0.10385754704475403,0.35253382661792404,15,,,,,1.725634755961291,200,0
209,208,0.8,0.8333333333333334,0.6125,0.8333333333333334,3,13,12.156505149968712,0.34910277643840804,1.0,0.0,13,0,1.650897223561592,0.10548505187034607,0.3507711574848344,13,,,,,1.725634755961291,200,0
210,209,0.8,0.8125,0.8125,0.421875,3,10,10.271133881105019,0.20583514668339686,1.0,0.0,10,0,1.794164853316603,0.10436862707138062,0.34901730169741024,10,,,,,1.725634755961291,200,0
211,210,0.8,0.8611111111111112,0.8611111111111112,0.7857142857142857,3,16,16.641246078454856,0.1700183494088828,1.0,0.0,16,0,1.8299816505911173,0.13038642704486847,0.3472722151889232,16,,,,,1.725634755961291,200,0
212,211,0.8,0.8055555555555556,0.8055555555555556,0.453125,3,11,11.194210930672362,0.2601777282573872,1.0,0.0,11,0,1.7398222717426128,0.09146028757095337,0.3455358541129786,11,,,,,1.725634755961291,200,0
213,212,0.8,0.8625,0.8625,0.7,3,16,17.45716575069565,0.10658239257204867,1.0,0.0,16,0,1.8934176074279514,0.2570303678512573,0.3438081748424137,16,,,,,1.725634755961291,200,0
214,213,0.8,0.85,0.85,0.6176470588235294,3,15,13.76280171984633,0.4025686474847152,1.0,0.0,15,0,1.5974313525152848,0.3236093521118164,0.3420891339682016,15,,,,,1.725634755961291,200,0
215,214,0.8,0.8125,0.8125,0.609375,3,15,15.36363176329775,0.2060685100177046,1.0,0.0,15,0,1.7939314899822953,0.0990208238363266,0.3403786882983606,15,,,,,1.725634755961291,200,0
216,215,0.8,0.8333333333333334,0.8333333333333334,0.7142857142857143,3,12,11.217489373097468,0.3454571610082766,1.0,0.0,12,0,1.6545428389917234,0.16979260742664337,0.3386767948568688,12,,,,,1.725634755961291,200,0
217,216,0.8,0.8076923076923077,0.5375,0.8076923076923077,3,14,14.6656479428789,0.2120174979271375,1.0,0.0,14,0,1.7879825020728626,0.24626564979553223,0.33698341088258443,14,,,,,1.725634755961291,200,0
218,217,0.8,0.85,0.7875,0.85,3,15,10.890513614705153,0.41547379457559874,0.8666666666666667,0.1333333333333333,13,2,1.0511928720910682,0.14347979426383972,0.3352984938281715,13,,,,,1.725634755961291,200,0
219,218,0.8,0.9027777777777778,0.9027777777777778,0.8214285714285714,3,14,10.207353572948465,0.37334019740241864,0.8571428571428571,0.1428571428571429,12,2,1.0552312311690097,0.09368914365768433,0.33362200135903064,12,,,,,1.725634755961291,200,0
220,219,0.8,0.8214285714285714,0.6818181818181818,0.8214285714285714,3,14,15.273897539450797,0.13026658869966468,1.0,0.0,14,0,1.8697334113003352,0.33316174149513245,0.33195389135223546,14,,,,,1.725634755961291,200,0
221,220,0.8,0.8035714285714286,0.8035714285714286,0.7,3,12,12.62153057997326,0.2823463049876205,1.0,0.0,12,0,1.7176536950123795,0.12552091479301453,0.3302941218954743,12,,,,,1.725634755961291,200,0
222,221,0.8,0.8333333333333334,0.8333333333333334,0.7352941176470589,3,15,15.531915901334155,0.1871242606925679,1.0,0.0,15,0,1.8128757393074322,0.13951386511325836,0.32864265128599696,15,,,,,1.725634755961291,200,0
223,222,0.8,0.921875,0.921875,0.48214285714285715,3,11,11.00231458245856,0.189126708979623,1.0,0.0,11,0,1.810873291020377,0.07332322746515274,0.326999438029567,11,,,,,1.725634755961291,200,0
224,223,0.8,0.8194444444444444,0.8194444444444444,0.7857142857142857,3,14,13.60758868073878,0.3084048452431419,1.0,0.0,14,0,1.6915951547568582,0.31110772490501404,0.3253644408394192,14,,,,,1.725634755961291,200,0
225,224,0.8,0.8214285714285714,0.7222222222222222,0.8214285714285714,3,20,15.56190934456028,0.4257308396838268,0.9,0.09999999999999998,18,2,1.1742691603161732,0.21524479985237122,0.3237376186352221,18,,,,,1.725634755961291,200,0
226,225,0.8,0.8181818181818182,0.8181818181818182,0.7833333333333333,3,16,17.023403048843125,0.1507025647413671,1.0,0.0,16,0,1.8492974352586329,0.14195466041564941,0.322118930542046,16,,,,,1.725634755961291,200,0
227,226,0.8,0.8125,0.7,0.8125,3,13,13.676163016156636,0.009820927516479791,1.0,0.0,13,0,1.9901790724835202,0.18489035964012146,0.32050833588933575,13,,,,,1.725634755961291,200,0
228,227,0.8,0.8,0.6022727272727273,0.8,3,14,15.289182563370842,0.026266614981876338,1.0,0.0,14,0,1.9737333850181236,0.1532764434814453,0.31890579420988907,14,,,,,1.725634755961291,200,0
229,228,0.8,0.8125,0.8125,0.7678571428571429,3,14,12.779027467474595,0.4027605768589237,1.0,0.0,14,0,1.5972394231410763,0.15308819711208344,0.3173112652388396,14,,,,,1.725634755961291,200,0
230,229,0.8,0.85,0.8,0.85,3,14,15.111443799862078,0.08322488019659724,1.0,0.0,14,0,1.9167751198034026,0.036897286772727966,0.3157247089126454,14,,,,,1.725634755961291,200,0
231,230,0.8,0.8666666666666667,0.75,0.8666666666666667,3,18,18.82929384846046,0.14722734628792725,1.0,0.0,18,0,1.8527726537120728,0.14356876909732819,0.3141460853680822,18,,,,,1.725634755961291,200,0
232,231,0.8,0.8875,0.8875,0.734375,3,15,13.783296725709643,0.23856507192217083,1.0,0.0,15,0,1.7614349280778292,0.09704812616109848,0.3125753549412418,15,,,,,1.725634755961291,200,0
233,232,0.8,0.8194444444444444,0.8194444444444444,0.5178571428571429,3,10,11.063987593406434,0.16695576778015705,1.0,0.0,10,0,1.833044232219843,0.10914495587348938,0.31101247816653554,10,,,,,1.725634755961291,200,0
234,233,0.8,0.8055555555555556,0.8055555555555556,0.5,3,10,9.581016209296255,0.4542409139975234,1.0,0.0,10,0,1.5457590860024766,0.05621826648712158,0.30945741577570285,10,,,,,1.725634755961291,200,0
235,234,0.8,0.8472222222222222,0.8472222222222222,0.8,3,17,17.389603905266682,0.16959287790291866,1.0,0.0,17,0,1.8304071220970815,0.3445272147655487,0.3079101286968243,17,,,,,1.725634755961291,200,0
236,235,0.8,0.859375,0.859375,0.6428571428571429,3,12,11.89027310485735,0.2769501559647311,1.0,0.0,12,0,1.7230498440352688,0.3010598421096802,0.3063705780533402,12,,,,,1.725634755961291,200,0
237,236,0.8,0.828125,0.828125,0.8,3,15,13.717004836417384,0.25984556270917114,1.0,0.0,15,0,1.7401544372908289,0.10575400292873383,0.30483872516307353,15,,,,,1.725634755961291,200,0
238,237,0.8,0.8333333333333334,0.5454545454545454,0.8333333333333334,3,15,16.554038180493126,0.09912877111419502,1.0,0.0,15,0,1.900871228885805,0.20473331212997437,0.3033145315372582,15,,,,,1.725634755961291,200,0
239,238,0.8,0.8088235294117647,0.7272727272727273,0.8088235294117647,3,18,19.447395693242893,0.1065069697730071,1.0,0.0,18,0,1.893493030226993,0.0725940391421318,0.3017979588795719,18,,,,,1.725634755961291,200,0
240,239,0.8,0.8,0.8,0.609375,3,15,14.342507980618397,0.3089037618969178,1.0,0.0,15,0,1.691096238103082,0.06824283301830292,0.30028896908517405,15,,,,,1.725634755961291,200,0
241,240,0.8,0.8958333333333334,0.8958333333333334,0.59375,3,12,12.120392651404186,0.3333859496149604,1.0,0.0,12,0,1.6666140503850397,0.08303022384643555,0.2987875242397482,12,,,,,1.725634755961291,200,0
242,241,0.8,0.8076923076923077,0.65625,0.8076923076923077,3,11,10.996610309763435,0.21962181221518196,1.0,0.0,11,0,1.7803781877848182,0.09980177879333496,0.29729358661854943,11,,,,,1.725634755961291,200,0
243,242,0.8,0.8125,0.8125,0.5666666666666667,3,11,11.451532128756128,0.2737535213133388,1.0,0.0,11,0,1.7262464786866611,0.4976906478404999,0.29580711868545667,11,,,,,1.725634755961291,200,0
244,243,0.8,0.85,0.7625,0.85,3,17,15.058468439552673,0.31766733972045785,1.0,0.0,17,0,1.682332660279542,0.050655461847782135,0.2943280830920294,17,,,,,1.725634755961291,200,0
245,244,0.8,0.828125,0.828125,0.3,3,10,10.975456924156017,0.10448490329133298,1.0,0.0,10,0,1.895515096708667,0.07747459411621094,0.29285644267656924,10,,,,,1.725634755961291,200,0
246,245,0.8,0.8055555555555556,0.8055555555555556,0.4852941176470588,3,14,13.307141290803443,0.3268727288633963,1.0,0.0,14,0,1.6731272711366036,0.14444544911384583,0.2913921604631864,14,,,,,1.725634755961291,200,0
247,246,0.8,0.8125,0.7375,0.8125,3,14,13.920362312496927,0.27833589409316867,1.0,0.0,14,0,1.7216641059068314,0.21603594720363617,0.28993519966087045,14,,,,,1.725634755961291,200,0
248,247,0.8,0.8055555555555556,0.8055555555555556,0.7857142857142857,3,14,14.980958820978412,0.11089302880407259,1.0,0.0,14,0,1.8891069711959274,0.22987575829029083,0.2884855236625661,14,,,,,1.725634755961291,200,0
249,248,0.8,0.8035714285714286,0.8035714285714286,0.5961538461538461,3,11,12.125559739781597,0.11664776859141464,1.0,0.0,11,0,1.8833522314085853,0.09184493869543076,0.28704309604425327,11,,,,,1.725634755961291,200,0
250,249,0.8,0.8125,0.8125,0.6323529411764706,3,17,16.244838775448944,0.2896349241630471,1.0,0.0,17,0,1.7103650758369529,0.09382791072130203,0.285607880564032,17,,,,,1.725634755961291,200,0
251,250,0.8,0.8611111111111112,0.8611111111111112,0.75,3,12,12.587424723440096,0.25001069282269534,1.0,0.0,12,0,1.7499893071773047,0.26256033778190613,0.28417984116121187,12,,,,,1.725634755961291,200,0
252,251,0.8,0.8125,0.8125,0.609375,3,13,13.630471739333682,0.22794656520169365,1.0,0.0,13,0,1.7720534347983063,0.1253637969493866,0.2827589419554058,13,,,,,1.725634755961291,200,0
253,252,0.8,0.8,0.8,0.6617647058823529,3,17,16.054619981474843,0.2897171713096597,1.0,0.0,17,0,1.7102828286903402,0.1654166579246521,0.28134514724562876,17,,,,,1.725634755961291,200,0
254,253,0.8,0.8392857142857143,0.6125,0.8392857142857143,3,14,13.863816768574509,0.21007441758943007,1.0,0.0,14,0,1.78992558241057,0.02714729681611061,0.2799384215094006,14,,,,,1.725634755961291,200,0
255,254,0.8,0.8392857142857143,0.8392857142857143,0.6333333333333333,3,12,12.703268370942144,0.19270139472528025,1.0,0.0,12,0,1.8072986052747197,0.2242138683795929,0.27853872940185365,12,,,,,1.725634755961291,200,0
256,255,0.8,0.8392857142857143,0.7875,0.8392857142857143,3,15,15.684287255187098,0.2772938294550552,1.0,0.0,15,0,1.722706170544945,0.12138492614030838,0.27714603575484437,15,,,,,1.725634755961291,200,0
257,256,0.8,0.8409090909090909,0.8409090909090909,0.7222222222222222,3,17,18.160431058539796,0.15355539429654547,1.0,0.0,17,0,1.8464446057034545,0.15658092498779297,0.2757603055760701,17,,,,,1.725634755961291,200,0
258,257,0.8,0.8194444444444444,0.8194444444444444,0.7307692307692307,3,11,11.277556617384452,0.23049234471199032,1.0,0.0,11,0,1.7695076552880096,0.03920527920126915,0.2743815040481898,11,,,,,1.725634755961291,200,0
259,258,0.8,0.875,0.875,0.5892857142857143,3,11,11.192810539307064,0.20623947784607638,1.0,0.0,11,0,1.7937605221539237,0.07010526955127716,0.2730095965279488,11,,,,,1.725634755961291,200,0
260,259,0.8,0.8269230769230769,0.8,0.8269230769230769,3,15,14.326941684680598,0.3598610572706978,1.0,0.0,15,0,1.6401389427293023,0.13906441628932953,0.27164454854530906,15,,,,,1.725634755961291,200,0
261,260,0.8,0.8571428571428571,0.8571428571428571,0.625,3,11,9.535750437804275,0.40506618900328006,1.0,0.0,11,0,1.59493381099672,0.22948965430259705,0.2702863258025825,11,,,,,1.725634755961291,200,0
262,261,0.8,0.859375,0.8068181818181818,0.859375,3,16,16.291981718199022,0.22791517718962448,1.0,0.0,16,0,1.7720848228103756,0.23904189467430115,0.2689348941735696,16,,,,,1.725634755961291,200,0
263,262,0.8,0.828125,0.828125,0.5833333333333334,3,11,10.668145869225583,0.2541040484958639,1.0,0.0,11,0,1.7458959515041361,0.12184645235538483,0.26759021970270175,11,,,,,1.725634755961291,200,0
264,263,0.8,0.8125,0.7361111111111112,0.8125,3,15,14.06309379011763,0.34046446396883806,1.0,0.0,15,0,1.6595355360311619,0.15049853920936584,0.2662522686041882,15,,,,,1.725634755961291,200,0
265,264,0.8,0.8214285714285714,0.8214285714285714,0.390625,3,9,9.80487096482727,0.21415632921642302,1.0,0.0,9,0,1.785843670783577,0.14360374212265015,0.2649210072611673,9,,,,,1.725634755961291,200,0
266,265,0.8,0.8333333333333334,0.8333333333333334,0.5625,3,12,12.030885779602801,0.1936232640608726,1.0,0.0,12,0,1.8063767359391274,0.11255266517400742,0.26359640222486147,12,,,,,1.725634755961291,200,0
267,266,0.8,0.8125,0.8125,0.6176470588235294,3,13,13.157780721249846,0.16015219872638892,1.0,0.0,13,0,1.839847801273611,0.11079579591751099,0.26227842021373715,13,,,,,1.725634755961291,200,0
268,267,0.8,0.8055555555555556,0.8055555555555556,0.7857142857142857,3,16,15.974945123849025,0.2909178223324113,1.0,0.0,16,0,1.7090821776675886,0.19380316138267517,0.2609670281126685,16,,,,,1.725634755961291,200,0
269,268,0.8,0.85,0.7625,0.85,3,15,15.65513980658083,0.23666202493121885,1.0,0.0,15,0,1.7633379750687812,0.2273506224155426,0.25966219297210513,15,,,,,1.725634755961291,200,0
270,269,0.8,0.8625,0.8625,0.46875,3,13,12.980651719096823,0.22259647874307464,1.0,0.0,13,0,1.7774035212569252,0.14231453835964203,0.2583638820072446,13,,,,,1.725634755961291,200,0
271,270,0.8,0.84375,0.84375,0.7692307692307693,3,14,13.083701910222125,0.37438945502825105,1.0,0.0,14,0,1.625610544971749,0.12324388325214386,0.2570720625972084,14,,,,,1.725634755961291,200,0
272,271,0.8,0.8472222222222222,0.8472222222222222,0.5576923076923077,3,12,11.010286719786755,0.330156425093918,1.0,0.0,12,0,1.669843574906082,0.1279141753911972,0.25578670228422234,12,,,,,1.725634755961291,200,0
273,272,0.8,0.875,0.7125,0.875,3,16,16.711039413997526,0.2132961478827735,1.0,0.0,16,0,1.7867038521172265,0.18182457983493805,0.25450776877280124,16,,,,,1.725634755961291,200,0
274,273,0.8,0.8333333333333334,0.8333333333333334,0.6,3,13,12.433059871435272,0.34162572146906955,1.0,0.0,13,0,1.6583742785309306,0.17884375154972076,0.2532352299289372,13,,,,,1.725634755961291,200,0
275,274,0.8,0.8035714285714286,0.6944444444444444,0.8035714285714286,3,16,15.053082471574559,0.2618125851842289,1.0,0.0,16,0,1.738187414815771,0.16218003630638123,0.2519690537792925,16,,,,,1.725634755961291,200,0
276,275,0.8,0.8214285714285714,0.8214285714285714,0.5576923076923077,3,12,10.261407216025692,0.3742018135635748,1.0,0.0,12,0,1.6257981864364253,0.17848517000675201,0.2507092085103961,12,,,,,1.725634755961291,200,0
277,276,0.8,0.890625,0.890625,0.7916666666666666,3,12,9.252675068226086,0.45247406821342223,0.9166666666666666,0.08333333333333337,11,1,1.2141925984532442,0.3299828767776489,0.2494556624678441,11,,,,,1.725634755961291,200,0
278,277,0.8,0.8055555555555556,0.8055555555555556,0.671875,3,12,11.950295858801685,0.18946044893591119,1.0,0.0,12,0,1.810539551064089,0.2495875060558319,0.24820838415550486,12,,,,,1.725634755961291,200,0
279,278,0.8,0.875,0.875,0.578125,3,11,11.241034659702908,0.23148294223897092,1.0,0.0,11,0,1.768517057761029,0.14332447946071625,0.24696734223472733,11,,,,,1.725634755961291,200,0
280,279,0.8,0.859375,0.859375,0.75,3,15,15.130150858585921,0.2480793198931013,1.0,0.0,15,0,1.7519206801068987,0.19343671202659607,0.2457325055235537,15,,,,,1.725634755961291,200,0
281,280,0.8,0.8333333333333334,0.8333333333333334,0.578125,3,12,12.687965547628316,0.20400703252704017,1.0,0.0,12,0,1.7959929674729598,0.1808897852897644,0.24450384299593592,12,,,,,1.725634755961291,200,0
282,281,0.8,0.8392857142857143,0.6375,0.8392857142857143,3,12,12.360796482515205,0.28216428145293737,1.0,0.0,12,0,1.7178357185470627,0.2812727689743042,0.24328132378095624,12,,,,,1.725634755961291,200,0
283,282,0.8,0.8055555555555556,0.8055555555555556,0.6607142857142857,3,15,14.701632333466774,0.33327171877300243,1.0,0.0,15,0,1.6667282812269977,0.1392981857061386,0.24206491716205145,15,,,,,1.725634755961291,200,0
284,283,0.8,0.8392857142857143,0.8392857142857143,0.55,3,10,10.780976343573492,0.19782287746542793,1.0,0.0,10,0,1.8021771225345722,0.29630911350250244,0.2408545925762412,10,,,,,1.725634755961291,200,0
285,284,0.8,0.859375,0.859375,0.4642857142857143,3,9,9.505403593640288,0.3132339737021858,1.0,0.0,9,0,1.6867660262978141,0.16908207535743713,0.23965031961336,9,,,,,1.725634755961291,200,0
286,285,0.8,0.8625,0.8625,0.6911764705882353,3,17,18.202211806788412,0.08183808635269618,1.0,0.0,17,0,1.9181619136473038,0.06214072182774544,0.2384520680152932,17,,,,,1.725634755961291,200,0
287,286,0.8,0.8392857142857143,0.8392857142857143,0.7307692307692307,3,14,13.087721760026891,0.23284811468646632,1.0,0.0,14,0,1.7671518853135337,0.07745042443275452,0.23725980767521673,14,,,,,1.725634755961291,200,0
288,287,0.8,0.8035714285714286,0.8035714285714286,0.234375,3,8,8.25014966519354,0.2998364678381762,1.0,0.0,8,0,1.7001635321618238,0.16647842526435852,0.23607350863684065,8,,,,,1.725634755961291,200,0
289,288,0.8,0.8928571428571429,0.8928571428571429,0.5,3,11,10.711059868253752,0.27128533117333387,1.0,0.0,11,0,1.7287146688266661,0.14082449674606323,0.23489314109365644,11,,,,,1.725634755961291,200,0
290,289,0.8,0.8392857142857143,0.8392857142857143,0.6730769230769231,3,12,12.518627233842253,0.24552318791199568,1.0,0.0,12,0,1.7544768120880043,0.19583487510681152,0.23371867538818816,12,,,,,1.725634755961291,200,0
291,290,0.8,0.8068181818181818,0.8068181818181818,0.6875,3,16,14.92514651974918,0.27557180049062246,1.0,0.0,16,0,1.7244281995093775,0.1122712641954422,0.23255008201124722,16,,,,,1.725634755961291,200,0
292,291,0.8,0.8055555555555556,0.8055555555555556,0.6785714285714286,3,13,8.25481891476476,0.5192767092253345,0.8461538461538461,0.15384615384615385,11,2,0.86533867539005,0.3102101683616638,0.231387331601191,11,,,,,1.725634755961291,200,0
293,292,0.8,0.8541666666666666,0.8541666666666666,0.7166666666666667,3,13,13.006704310318513,0.2702144544549666,1.0,0.0,13,0,1.7297855455450333,0.13970714807510376,0.23023039494318503,13,,,,,1.725634755961291,200,0
294,293,0.8,0.8194444444444444,0.8194444444444444,0.7307692307692307,3,11,11.980100349122111,0.20441956191492172,1.0,0.0,11,0,1.7955804380850782,0.15203243494033813,0.2290792429684691,11,,,,,1.725634755961291,200,0
295,294,0.8,0.825,0.825,0.55,3,13,14.571314162798714,0.06965660219422197,1.0,0.0,13,0,1.930343397805778,0.22049656510353088,0.22793384675362674,13,,,,,1.725634755961291,200,0
296,295,0.8,0.8636363636363636,0.8636363636363636,0.71875,3,17,17.514513490052252,0.14718773344971606,1.0,0.0,17,0,1.852812266550284,0.1608581691980362,0.22679417751985861,17,,,,,1.725634755961291,200,0
297,296,0.8,0.84375,0.71875,0.84375,3,20,20.707723678820635,0.20000985399771273,1.0,0.0,20,0,1.7999901460022874,0.13830561935901642,0.22566020663225933,20,,,,,1.725634755961291,200,0
298,297,0.8,0.8214285714285714,0.6704545454545454,0.8214285714285714,3,16,14.393726323157686,0.35237588101858797,1.0,0.0,16,0,1.647624118981412,0.137455552816391,0.22453190559909803,16,,,,,1.725634755961291,200,0
299,298,0.8,0.8035714285714286,0.675,0.8035714285714286,3,14,14.134630921317559,0.21653463914158347,1.0,0.0,14,0,1.7834653608584166,0.1910233348608017,0.22340924607110255,14,,,,,1.725634755961291,200,0
300,299,0.8,0.859375,0.859375,0.6875,3,12,12.450723495424569,0.2981528555182116,1.0,0.0,12,0,1.7018471444817884,0.15643921494483948,0.22229219984074702,12,1.7529602217534164,0.22294653815334353,0.99397668997669,0.006023310023310022,1.7529602217534164,300,0
301,300,0.8,0.8035714285714286,0.675,0.8035714285714286,3,15,16.311406344713447,0.1545009571790367,1.0,0.0,15,0,1.8454990428209632,0.0876937210559845,0.2211807388415433,15,,,,,1.7529602217534164,300,0
302,301,0.8,0.8125,0.6875,0.8125,3,11,11.960488823638169,0.12959845643982149,1.0,0.0,11,0,1.8704015435601784,0.09574256837368011,0.22007483514733558,11,,,,,1.7529602217534164,300,0
303,302,0.8,0.8392857142857143,0.8392857142857143,0.5625,3,11,12.265437350479422,0.18269788802415343,1.0,0.0,11,0,1.8173021119758466,0.18561752140522003,0.2189744609715989,11,,,,,1.7529602217534164,300,0
304,303,0.8,0.8541666666666666,0.6704545454545454,0.8541666666666666,3,13,13.752416295942988,0.27888790993456014,1.0,0.0,13,0,1.7211120900654397,0.20861908793449402,0.2178795886667409,13,,,,,1.7529602217534164,300,0
305,304,0.8,0.8611111111111112,0.8611111111111112,0.7205882352941176,3,18,17.29400370925189,0.30625425015987545,1.0,0.0,18,0,1.6937457498401245,0.03945625573396683,0.2167901907234072,18,,,,,1.7529602217534164,300,0
306,305,0.8,0.8181818181818182,0.8181818181818182,0.75,3,18,19.03359803605271,0.2209708691207961,1.0,0.0,18,0,1.779029130879204,0.12857776880264282,0.21570623976979014,18,,,,,1.7529602217534164,300,0
307,306,0.8,0.8875,0.8875,0.8235294117647058,3,19,14.689909823018366,0.3856403980688583,0.8947368421052632,0.10526315789473684,17,2,1.1933069703521944,0.08800046145915985,0.21462770857094118,17,,,,,1.7529602217534164,300,0
308,307,0.8,0.8229166666666666,0.8229166666666666,0.8,3,17,17.92869251957616,0.15960085365056306,1.0,0.0,17,0,1.840399146349437,0.09371718764305115,0.21355457002808648,17,,,,,1.7529602217534164,300,0
309,308,0.8,0.8125,0.8125,0.6176470588235294,3,15,15.478306014536408,0.14312507407781178,1.0,0.0,15,0,1.8568749259221882,0.10580389946699142,0.21248679717794605,15,,,,,1.7529602217534164,300,0
310,309,0.8,0.9166666666666666,0.9166666666666666,0.375,3,7,7.532479851371851,0.24908459476462144,1.0,0.0,7,0,1.7509154052353786,0.07607614994049072,0.21142436319205632,7,,,,,1.7529602217534164,300,0
311,310,0.8,0.85,0.8125,0.85,3,13,13.109573308028331,0.26087859220308585,1.0,0.0,13,0,1.7391214077969142,0.03211122006177902,0.21036724137609603,13,,,,,1.7529602217534164,300,0
312,311,0.8,0.8333333333333334,0.8333333333333334,0.765625,3,16,16.202456465636388,0.20896980658266595,1.0,0.0,16,0,1.791030193417334,0.11525028944015503,0.20931540516921554,16,,,,,1.7529602217534164,300,0
313,312,0.8,0.875,0.875,0.7361111111111112,3,18,16.689627640559618,0.2609846414206994,1.0,0.0,18,0,1.7390153585793007,0.11010555177927017,0.20826882814336947,18,,,,,1.7529602217534164,300,0
314,313,0.8,0.8125,0.8125,0.609375,3,14,12.118003031974002,0.41743551326653106,1.0,0.0,14,0,1.582564486733469,0.10435215383768082,0.20722748400265262,14,,,,,1.7529602217534164,300,0
315,314,0.8,0.8035714285714286,0.7625,0.8035714285714286,3,16,17.011960829433164,0.09279229275157996,1.0,0.0,16,0,1.90720770724842,0.335386723279953,0.20619134658263935,16,,,,,1.7529602217534164,300,0
316,315,0.8,0.8333333333333334,0.5833333333333334,0.8333333333333334,3,10,8.4954508546863,0.31994422182416027,1.0,0.0,10,0,1.6800557781758396,0.07327895611524582,0.20516038984972615,10,,,,,1.7529602217534164,300,0
317,316,0.8,0.8125,0.8125,0.4642857142857143,3,12,12.75767985722947,0.17001834940888277,1.0,0.0,12,0,1.8299816505911173,0.12333089113235474,0.2041345879004775,12,,,,,1.7529602217534164,300,0
318,317,0.8,0.8125,0.8125,0.765625,3,18,18.20302282006368,0.2083047101687341,1.0,0.0,18,0,1.791695289831266,0.0592951774597168,0.2031139149609751,18,,,,,1.7529602217534164,300,0
319,318,0.8,0.859375,0.859375,0.625,3,13,11.348899606492218,0.301534815939297,0.9230769230769231,0.07692307692307687,12,1,1.3907728763683955,0.05092880129814148,0.20209834538617025,12,,,,,1.7529602217534164,300,0
320,319,0.8,0.8875,0.8875,0.796875,3,16,17.661149465822067,0.08347788389007857,1.0,0.0,16,0,1.9165221161099215,0.3454882800579071,0.2010878536592394,16,,,,,1.7529602217534164,300,0
321,320,0.8,0.8166666666666667,0.6625,0.8166666666666667,3,15,15.481584233279024,0.0618718433538229,1.0,0.0,15,0,1.9381281566461772,0.01938927359879017,0.2000824143909432,15,,,,,1.7529602217534164,300,0
322,321,0.8,0.8125,0.8125,0.3,3,7,8.10742487837464,0.23536513473990495,1.0,0.0,7,0,1.7646348652600952,0.08585298806428909,0.19908200231898848,7,,,,,1.7529602217534164,300,0
323,322,0.8,0.8125,0.8125,0.35294117647058826,3,8,9.26147690687769,0.08245800436071832,1.0,0.0,8,0,1.9175419956392816,0.26775798201560974,0.19808659230739353,8,,,,,1.7529602217534164,300,0
324,323,0.8,0.8214285714285714,0.7125,0.8214285714285714,3,16,15.720521436386857,0.1804972356206178,1.0,0.0,16,0,1.8195027643793822,0.3544127345085144,0.19709615934585656,16,,,,,1.7529602217534164,300,0
325,324,0.8,0.8269230769230769,0.7777777777777778,0.8269230769230769,3,17,16.302175213469717,0.2706176942682453,1.0,0.0,17,0,1.7293823057317548,0.0861395001411438,0.19611067854912728,17,,,,,1.7529602217534164,300,0
326,325,0.8,0.875,0.875,0.5178571428571429,3,13,13.87957492411251,0.23996485261688072,1.0,0.0,13,0,1.7600351473831193,0.12091346830129623,0.19513012515638165,13,,,,,1.7529602217534164,300,0
327,326,0.8,0.8125,0.8125,0.5833333333333334,3,15,15.767339799044148,0.16530309893642917,1.0,0.0,15,0,1.8346969010635708,0.08746174722909927,0.19415447453059972,15,,,,,1.7529602217534164,300,0
328,327,0.8,0.8055555555555556,0.8055555555555556,0.75,3,12,13.17990815810482,0.26017504576918504,1.0,0.0,12,0,1.7398249542308148,0.023108957335352898,0.19318370215794672,12,,,,,1.7529602217534164,300,0
329,328,0.8,0.8125,0.8125,0.625,3,15,15.364376949021803,0.13918843912736986,1.0,0.0,15,0,1.86081156087263,0.03923918679356575,0.192217783647157,15,,,,,1.7529602217534164,300,0
330,329,0.8,0.8035714285714286,0.8035714285714286,0.5625,3,10,11.221235624143937,0.1447167138304276,1.0,0.0,10,0,1.8552832861695725,0.1251661628484726,0.1912566947289212,10,,,,,1.7529602217534164,300,0
331,330,0.8,0.859375,0.859375,0.6617647058823529,3,13,12.92384338084561,0.14142135623730948,1.0,0.0,13,0,1.8585786437626906,0.19728215038776398,0.1903004112552766,13,,,,,1.7529602217534164,300,0
332,331,0.8,0.8035714285714286,0.703125,0.8035714285714286,3,16,15.895916697042276,0.14104132378586984,1.0,0.0,16,0,1.8589586762141301,0.09714455157518387,0.18934890919900021,16,,,,,1.7529602217534164,300,0
333,332,0.8,0.875,0.875,0.6166666666666667,3,12,12.405899008531396,0.21514350605015914,1.0,0.0,12,0,1.7848564939498408,0.10225304961204529,0.18840216465300522,12,,,,,1.7529602217534164,300,0
334,333,0.8,0.8375,0.8375,0.8035714285714286,3,14,13.927506134588599,0.18568318654669316,1.0,0.0,14,0,1.8143168134533068,0.29984787106513977,0.18746015382974018,14,,,,,1.7529602217534164,300,0
335,334,0.8,0.8571428571428571,0.75,0.8571428571428571,3,14,14.732581267762006,0.1675303434686382,1.0,0.0,14,0,1.8324696565313618,0.1615961790084839,0.1865228530605915,14,,,,,1.7529602217534164,300,0
336,335,0.8,0.8035714285714286,0.7159090909090909,0.8035714285714286,3,16,16.595630411508544,0.19478592521962607,1.0,0.0,16,0,1.805214074780374,0.1410718411207199,0.18559023879528855,16,,,,,1.7529602217534164,300,0
337,336,0.8,0.8,0.78125,0.8,3,16,15.514880820459748,0.21486012502440638,1.0,0.0,16,0,1.7851398749755936,0.16699761152267456,0.1846622876013121,16,,,,,1.7529602217534164,300,0
338,337,0.8,0.8125,0.8125,0.75,3,15,14.765889428757442,0.3140080095494384,1.0,0.0,15,0,1.6859919904505616,0.1505478322505951,0.18373897616330553,15,,,,,1.7529602217534164,300,0
339,338,0.8,0.84375,0.84375,0.6166666666666667,3,13,13.948846471983561,0.22915175564942353,1.0,0.0,13,0,1.7708482443505764,0.12238491326570511,0.182820281282489,13,,,,,1.7529602217534164,300,0
340,339,0.8,0.8125,0.8125,0.5,3,10,11.105948791448277,0.20860131712166274,1.0,0.0,10,0,1.7913986828783373,0.25693678855895996,0.18190617987607657,10,,,,,1.7529602217534164,300,0
341,340,0.8,0.85,0.85,0.6666666666666666,3,16,15.856404737745265,0.2764464601315648,1.0,0.0,16,0,1.7235535398684352,0.06289289891719818,0.18099664897669618,16,,,,,1.7529602217534164,300,0
342,341,0.8,0.8035714285714286,0.8035714285714286,0.515625,3,11,12.296023866981475,0.1457455745463543,1.0,0.0,11,0,1.8542544254536457,0.2813613712787628,0.1800916657318127,11,,,,,1.7529602217534164,300,0
343,342,0.8,0.8666666666666667,0.625,0.8666666666666667,3,15,15.117080693936,0.18684295684591803,1.0,0.0,15,0,1.813157043154082,0.07853354513645172,0.17919120740315364,15,,,,,1.7529602217534164,300,0
344,343,0.8,0.828125,0.7361111111111112,0.828125,3,19,18.912137582624176,0.192326484849301,1.0,0.0,19,0,1.807673515150699,0.11450645327568054,0.17829525136613786,19,,,,,1.7529602217534164,300,0
345,344,0.8,0.84375,0.84375,0.5,3,12,12.166588618589365,0.2872968227866278,1.0,0.0,12,0,1.7127031772133723,0.08562566339969635,0.17740377510930716,12,,,,,1.7529602217534164,300,0
346,345,0.8,0.8214285714285714,0.7638888888888888,0.8214285714285714,3,15,15.390765429653754,0.18812267589258955,1.0,0.0,15,0,1.8118773241074104,0.10365673154592514,0.17651675623376062,15,,,,,1.7529602217534164,300,0
347,346,0.8,0.875,0.875,0.703125,3,12,13.026186374329201,0.22110356021068564,1.0,0.0,12,0,1.7788964397893143,0.12847915291786194,0.1756341724525918,12,,,,,1.7529602217534164,300,0
348,347,0.8,0.9285714285714286,0.9285714285714286,0.5192307692307693,3,12,12.351900628397871,0.26251148381070794,1.0,0.0,12,0,1.7374885161892921,0.17761483788490295,0.17475600159032884,12,,,,,1.7529602217534164,300,0
349,348,0.8,0.8611111111111112,0.8611111111111112,0.7361111111111112,3,17,16.13355794564308,0.28161191245727224,1.0,0.0,17,0,1.7183880875427278,0.11187957227230072,0.17388222158237718,17,,,,,1.7529602217534164,300,0
350,349,0.8,0.8125,0.8125,0.625,3,13,13.489218843866059,0.2197875466717849,1.0,0.0,13,0,1.780212453328215,0.2760528028011322,0.1730128104744653,13,,,,,1.7529602217534164,300,0
351,350,0.8,0.8472222222222222,0.8472222222222222,0.75,3,15,15.148691085296274,0.16204530402191716,1.0,0.0,15,0,1.8379546959780828,0.14092253148555756,0.17214774642209296,15,,,,,1.7529602217534164,300,0
352,351,0.8,0.8522727272727273,0.8522727272727273,0.85,3,19,20.136190893685892,0.11755351687987714,1.0,0.0,19,0,1.8824464831201229,0.10171453654766083,0.1712870076899825,19,,,,,1.7529602217534164,300,0
353,352,0.8,0.8076923076923077,0.59375,0.8076923076923077,3,13,13.359624228609352,0.15255027930115786,1.0,0.0,13,0,1.847449720698842,0.16646422445774078,0.17043057265153258,13,,,,,1.7529602217534164,300,0
354,353,0.8,0.8472222222222222,0.8472222222222222,0.6833333333333333,3,16,14.794429754809691,0.21063554391314535,1.0,0.0,16,0,1.7893644560868547,0.1560938060283661,0.16957841978827493,16,,,,,1.7529602217534164,300,0
355,354,0.8,0.8055555555555556,0.8055555555555556,0.75,3,17,17.068900670718666,0.2256832743484621,1.0,0.0,17,0,1.774316725651538,0.1794908046722412,0.16873052768933355,17,,,,,1.7529602217534164,300,0
356,355,0.8,0.875,0.875,0.8125,3,16,17.23307080700001,0.06473564915527216,1.0,0.0,16,0,1.9352643508447278,0.31745487451553345,0.1678868750508869,16,,,,,1.7529602217534164,300,0
357,356,0.8,0.8125,0.6931818181818182,0.8125,3,16,16.91614435989864,0.157486978776041,1.0,0.0,16,0,1.8425130212239589,0.05629551410675049,0.16704744067563246,16,,,,,1.7529602217534164,300,0
358,357,0.8,0.8214285714285714,0.7840909090909091,0.8214285714285714,3,18,19.308337299973438,0.1382018050590475,1.0,0.0,18,0,1.8617981949409526,0.11829527467489243,0.1662122034722543,18,,,,,1.7529602217534164,300,0
359,358,0.8,0.8571428571428571,0.7777777777777778,0.8571428571428571,3,14,11.518296928169562,0.37451086948728285,0.9285714285714286,0.0714285714285714,13,1,1.3397748447984315,0.06393948942422867,0.16538114245489302,13,,,,,1.7529602217534164,300,0
360,359,0.8,0.8611111111111112,0.8611111111111112,0.53125,3,11,12.255660814200327,0.041514099127436914,1.0,0.0,11,0,1.958485900872563,0.20081831514835358,0.16455423674261854,11,,,,,1.7529602217534164,300,0
361,360,0.8,0.859375,0.859375,0.5,3,11,11.94686599019012,0.21083174166343105,1.0,0.0,11,0,1.789168258336569,0.28468406200408936,0.16373146555890544,11,,,,,1.7529602217534164,300,0
362,361,0.8,0.8611111111111112,0.8611111111111112,0.765625,3,17,16.915003218941376,0.2626661498187631,1.0,0.0,17,0,1.737333850181237,0.060651395469903946,0.16291280823111093,17,,,,,1.7529602217534164,300,0
363,362,0.8,0.875,0.875,0.44642857142857145,3,9,10.20104622389295,0.1264416901987332,1.0,0.0,9,0,1.873558309801267,0.12870670855045319,0.16209824418995536,9,,,,,1.7529602217534164,300,0
364,363,0.8,0.828125,0.828125,0.5294117647058824,3,12,12.956841064096176,0.3285810171913678,1.0,0.0,12,0,1.6714189828086323,0.34743404388427734,0.16128775296900558,12,,,,,1.7529602217534164,300,0
365,364,0.8,0.9027777777777778,0.9027777777777778,0.7333333333333333,3,13,13.913341702527122,0.15122587244165298,1.0,0.0,13,0,1.8487741275583471,0.09953780472278595,0.16048131420416054,13,,,,,1.7529602217534164,300,0
366,365,0.8,0.8529411764705882,0.8181818181818182,0.8529411764705882,3,21,22.60894807692942,0.05609897000936459,1.0,0.0,21,0,1.9439010299906354,0.20857402682304382,0.15967890763313974,21,,,,,1.7529602217534164,300,0
367,366,0.8,0.8472222222222222,0.8472222222222222,0.625,3,13,14.001219294206482,0.22394440671271795,1.0,0.0,13,0,1.7760555932872821,0.118289515376091,0.15888051309497406,13,,,,,1.7529602217534164,300,0
368,367,0.8,0.90625,0.90625,0.6833333333333333,3,14,13.499923176062751,0.2712589221031365,1.0,0.0,14,0,1.7287410778968635,0.0837978944182396,0.1580861105294992,14,,,,,1.7529602217534164,300,0
369,368,0.8,0.9027777777777778,0.9027777777777778,0.671875,3,15,14.39526869860748,0.366825815951476,1.0,0.0,15,0,1.6331741840485239,0.20118889212608337,0.1572956799768517,15,,,,,1.7529602217534164,300,0
370,369,0.8,0.8214285714285714,0.8214285714285714,0.5666666666666667,3,11,11.961550747298563,0.21804800319531156,1.0,0.0,11,0,1.7819519968046884,0.08417727053165436,0.15650920157696743,11,,,,,1.7529602217534164,300,0
371,370,0.8,0.859375,0.859375,0.5833333333333334,3,15,12.247541242182375,0.4014123370961891,0.9333333333333333,0.06666666666666665,14,1,1.3319209962371443,0.13179482519626617,0.1557266555690826,14,,,,,1.7529602217534164,300,0
372,371,0.8,0.8055555555555556,0.8055555555555556,0.7,3,13,8.659640126957893,0.5087623416239301,0.8461538461538461,0.15384615384615385,11,2,0.8758530429914544,0.0497092567384243,0.1549480222912372,11,,,,,1.7529602217534164,300,0
373,372,0.8,0.8214285714285714,0.6944444444444444,0.8214285714285714,3,15,12.696697203025588,0.36236731694373203,0.9333333333333333,0.06666666666666665,14,1,1.3709660163896014,0.032317060977220535,0.15417328217978102,14,,,,,1.7529602217534164,300,0
374,373,0.8,0.8461538461538461,0.7840909090909091,0.8461538461538461,3,13,13.974641398983593,0.21448657917036854,1.0,0.0,13,0,1.7855134208296315,0.2067582607269287,0.1534024157688821,13,,,,,1.7529602217534164,300,0
375,374,0.8,0.8035714285714286,0.8035714285714286,0.5666666666666667,3,11,11.700081072810033,0.17515357448513874,1.0,0.0,11,0,1.8248464255148613,0.16746631264686584,0.1526354036900377,11,,,,,1.7529602217534164,300,0
376,375,0.8,0.890625,0.890625,0.5576923076923077,3,11,11.829340086179847,0.1787408807999329,1.0,0.0,11,0,1.8212591192000671,0.1859743893146515,0.1518722266715875,11,,,,,1.7529602217534164,300,0
377,376,0.8,0.8,0.8,0.625,3,15,14.881707171385209,0.24363750347815755,1.0,0.0,15,0,1.7563624965218425,0.19954246282577515,0.15111286553822956,15,,,,,1.7529602217534164,300,0
378,377,0.8,0.825,0.825,0.703125,3,15,13.939689290353208,0.35400932356910697,1.0,0.0,15,0,1.645990676430893,0.12363018840551376,0.15035730121053842,15,,,,,1.7529602217534164,300,0
379,378,0.8,0.8625,0.8625,0.5666666666666667,3,11,12.330087294325875,0.16451670649272027,1.0,0.0,11,0,1.8354832935072798,0.19781331717967987,0.14960551470448571,11,,,,,1.7529602217534164,300,0
380,379,0.8,0.875,0.875,0.8076923076923077,3,13,10.80906977904425,0.40688838315470477,0.9230769230769231,0.07692307692307687,12,1,1.2854193091529877,0.0820205956697464,0.14885748713096328,12,,,,,1.7529602217534164,300,0
381,380,0.8,0.8125,0.8125,0.5714285714285714,3,12,12.32239522872197,0.2855386343331146,1.0,0.0,12,0,1.7144613656668855,0.046008024364709854,0.14811319969530845,12,,,,,1.7529602217534164,300,0
382,381,0.8,0.828125,0.8194444444444444,0.828125,3,15,12.651069447644822,0.29940437668598785,0.9333333333333333,0.06666666666666665,14,1,1.4339289566473457,0.018730683252215385,0.1473726336968319,14,,,,,1.7529602217534164,300,0
383,382,0.8,0.8166666666666667,0.7840909090909091,0.8166666666666667,3,15,15.933652314719064,0.2954721845823146,1.0,0.0,15,0,1.7045278154176855,0.1772361546754837,0.14663577052834775,15,,,,,1.7529602217534164,300,0
384,383,0.8,0.84375,0.84375,0.8214285714285714,3,14,13.248743456435857,0.2678704761453651,1.0,0.0,14,0,1.7321295238546348,0.06874734163284302,0.14590259167570602,14,,,,,1.7529602217534164,300,0
385,384,0.8,0.9027777777777778,0.9027777777777778,0.45,3,13,13.505193455897523,0.2298236132194747,1.0,0.0,13,0,1.7701763867805254,0.10662461817264557,0.1451730787173275,13,,,,,1.7529602217534164,300,0
386,385,0.8,0.8125,0.8125,0.703125,3,17,17.819216362803598,0.23156552886904871,1.0,0.0,17,0,1.7684344711309512,0.12859445810317993,0.14444721332374086,17,,,,,1.7529602217534164,300,0
387,386,0.8,0.8,0.8,0.75,3,14,13.900919411263434,0.4157117693525159,1.0,0.0,14,0,1.5842882306474841,0.155947744846344,0.14372497725712216,14,,,,,1.7529602217534164,300,0
388,387,0.8,0.8166666666666667,0.6111111111111112,0.8166666666666667,3,13,12.561219049320785,0.21814624672773986,1.0,0.0,13,0,1.78185375327226,0.03765493258833885,0.14300635237083656,13,,,,,1.7529602217534164,300,0
389,388,0.8,0.8571428571428571,0.8068181818181818,0.8571428571428571,3,17,17.609809978818223,0.17641624523345367,1.0,0.0,17,0,1.8235837547665463,0.11733625829219818,0.14229132060898236,17,,,,,1.7529602217534164,300,0
390,389,0.8,0.84375,0.84375,0.7884615384615384,3,14,11.985674931215012,0.33449725139396536,0.9285714285714286,0.0714285714285714,13,1,1.379788462891749,0.09014477580785751,0.14157986400593744,13,,,,,1.7529602217534164,300,0
391,390,0.8,0.828125,0.828125,0.6071428571428571,3,10,7.434462829222152,0.46156345344938016,0.9,0.09999999999999998,9,1,1.1384365465506199,0.1080094575881958,0.14087196468590776,9,,,,,1.7529602217534164,300,0
392,391,0.8,0.8333333333333334,0.725,0.8333333333333334,3,13,13.36188722951865,0.32554691393023266,1.0,0.0,13,0,1.6744530860697673,0.09433713555335999,0.14016760486247823,13,,,,,1.7529602217534164,300,0
393,392,0.8,0.9027777777777778,0.9027777777777778,0.7857142857142857,3,14,14.947009114783416,0.07660323462854264,1.0,0.0,14,0,1.9233967653714574,0.11944013833999634,0.13946676683816583,14,,,,,1.7529602217534164,300,0
394,393,0.8,0.8214285714285714,0.8214285714285714,0.5892857142857143,3,10,11.235794469145759,0.15997980867865796,1.0,0.0,10,0,1.840020191321342,0.1493372917175293,0.138769433003975,10,,,,,1.7529602217534164,300,0
395,394,0.8,0.8625,0.8625,0.6764705882352942,3,16,16.248189437571305,0.28204725247556833,1.0,0.0,16,0,1.7179527475244316,0.13676565885543823,0.13807558583895513,16,,,,,1.7529602217534164,300,0
396,395,0.8,0.8,0.8,0.796875,3,15,14.840472245590302,0.3096853238770611,1.0,0.0,15,0,1.6903146761229388,0.17178061604499817,0.13738520790976036,15,,,,,1.7529602217534164,300,0
397,396,0.8,0.8,0.8,0.6,3,14,13.391114742627126,0.39891502610089047,1.0,0.0,14,0,1.6010849738991095,0.1979272961616516,0.13669828187021155,14,,,,,1.7529602217534164,300,0
398,397,0.8,0.859375,0.859375,0.4583333333333333,3,11,11.388359934725582,0.25572031551228985,1.0,0.0,11,0,1.7442796844877102,0.09249226003885269,0.13601479046086049,11,,,,,1.7529602217534164,300,0
399,398,0.8,0.8035714285714286,0.8035714285714286,0.7333333333333333,3,13,13.301516265095298,0.17563318198048294,1.0,0.0,13,0,1.824366818019517,0.04376085847616196,0.1353347165085562,13,,,,,1.7529602217534164,300,0
400,399,0.8,0.8,0.8,0.53125,3,15,15.033571770036895,0.23070800677415293,1.0,0.0,15,0,1.769291993225847,0.058379869908094406,0.1346580429260134,15,1.7004874757591426,0.2701925274162165,0.9926700007938397,0.0073299992061601985,1.7529602217534164,300,1
401,400,0.8,0.8269230769230769,0.6875,0.8269230769230769,3,15,15.00657188674371,0.2462349963421566,1.0,0.0,15,0,1.7537650036578434,0.2131832242012024,0.13398475271138335,15,,,,,1.7529602217534164,300,1
402,401,0.8,0.8035714285714286,0.8035714285714286,0.5833333333333334,3,13,12.442483721261254,0.3801195465620282,1.0,0.0,13,0,1.6198804534379718,0.07602020353078842,0.13331482894782642,13,,,,,1.7529602217534164,300,1
403,402,0.8,0.84375,0.7272727272727273,0.84375,3,16,17.16942777596382,0.2040646294406816,1.0,0.0,16,0,1.7959353705593184,0.1696540117263794,0.13264825480308728,16,,,,,1.7529602217534164,300,1
404,403,0.8,0.85,0.85,0.75,3,15,12.578857837964442,0.37422387275002245,0.9333333333333333,0.06666666666666665,14,1,1.359109460583311,0.20096009969711304,0.13198501352907185,14,,,,,1.7529602217534164,300,1
405,404,0.8,0.8166666666666667,0.7638888888888888,0.8166666666666667,3,15,11.922910741189005,0.524041145211372,0.9333333333333333,0.06666666666666665,14,1,1.2092921881219614,0.07625038176774979,0.1313250884614265,14,,,,,1.7529602217534164,300,1
406,405,0.8,0.8214285714285714,0.8214285714285714,0.6730769230769231,3,12,11.500574294287862,0.39842763237186457,1.0,0.0,12,0,1.6015723676281355,0.16832728683948517,0.13066846301911936,12,,,,,1.7529602217534164,300,1
407,406,0.8,0.825,0.825,0.765625,3,16,16.5819183423607,0.2349834865835935,1.0,0.0,16,0,1.7650165134164064,0.07994531840085983,0.13001512070402377,16,,,,,1.7529602217534164,300,1
408,407,0.8,0.8333333333333334,0.75,0.8333333333333334,3,15,16.479792982292658,0.24409510846141869,1.0,0.0,15,0,1.7559048915385813,0.061564065515995026,0.12936504510050365,15,,,,,1.7529602217534164,300,1
409,408,0.8,0.8295454545454546,0.8295454545454546,0.75,3,16,16.058337530864296,0.24309974301082674,1.0,0.0,16,0,1.7569002569891732,0.13025683164596558,0.12871821987500112,16,,,,,1.7529602217534164,300,1
410,409,0.8,0.8888888888888888,0.8888888888888888,0.6,3,14,13.48745073586644,0.2943952552805949,1.0,0.0,14,0,1.7056047447194052,0.21850237250328064,0.12807462877562611,14,,,,,1.7529602217534164,300,1
411,410,0.8,0.875,0.875,0.6923076923076923,3,11,11.842396344857992,0.09417854726758157,1.0,0.0,11,0,1.9058214527324184,0.17025557160377502,0.12743425563174798,11,,,,,1.7529602217534164,300,1
412,411,0.8,0.8214285714285714,0.7875,0.8214285714285714,3,16,16.551557066116104,0.22214177974467764,1.0,0.0,16,0,1.7778582202553224,0.019819896668195724,0.12679708435358925,16,,,,,1.7529602217534164,300,1
413,412,0.8,0.8522727272727273,0.8522727272727273,0.8088235294117647,3,17,14.39835864419452,0.39572812722604006,0.9411764705882353,0.05882352941176472,16,1,1.3689777551269011,0.051853377372026443,0.1261630989318213,16,,,,,1.7529602217534164,300,1
414,413,0.8,0.8611111111111112,0.8611111111111112,0.5416666666666666,3,13,12.988836994761186,0.3128392930098343,1.0,0.0,13,0,1.6871607069901657,0.12575575709342957,0.1255322834371622,13,,,,,1.7529602217534164,300,1
415,414,0.8,0.8611111111111112,0.8611111111111112,0.7352941176470589,3,14,13.379841349490025,0.20959280534688585,0.9285714285714286,0.0714285714285714,13,1,1.5046929089388286,0.11836624145507812,0.12490462201997637,13,,,,,1.7529602217534164,300,1
416,415,0.8,0.825,0.825,0.640625,3,14,13.22568750692425,0.4007075153134241,1.0,0.0,14,0,1.599292484686576,0.0950867235660553,0.1242800989098765,14,,,,,1.7529602217534164,300,1
417,416,0.8,0.8392857142857143,0.8392857142857143,0.4666666666666667,3,10,10.327610679640719,0.39770957751117464,1.0,0.0,10,0,1.6022904224888253,0.09162729978561401,0.12365869841532712,10,,,,,1.7529602217534164,300,1
418,417,0.8,0.8194444444444444,0.8194444444444444,0.6029411764705882,3,14,13.170677782627006,0.4194269612618489,1.0,0.0,14,0,1.5805730387381511,0.14943256974220276,0.12304040492325048,14,,,,,1.7529602217534164,300,1
419,418,0.8,0.828125,0.828125,0.765625,3,14,12.165066919577722,0.3020187291372639,0.9285714285714286,0.0714285714285714,13,1,1.4122669851484506,0.18259146809577942,0.12242520289863423,13,,,,,1.7529602217534164,300,1
420,419,0.8,0.8166666666666667,0.65,0.8166666666666667,3,13,12.174717901681046,0.29087533755590633,1.0,0.0,13,0,1.7091246624440937,0.19476163387298584,0.12181307688414106,13,,,,,1.7529602217534164,300,1
421,420,0.8,0.8571428571428571,0.8068181818181818,0.8571428571428571,3,17,16.423778416008744,0.2186367192376131,1.0,0.0,17,0,1.781363280762387,0.07966925203800201,0.12120401149972035,17,,,,,1.7529602217534164,300,1
422,421,0.8,0.859375,0.859375,0.6166666666666667,3,14,14.114351653396199,0.3054535790879431,1.0,0.0,14,0,1.6945464209120569,0.16344104707241058,0.12059799144222175,14,,,,,1.7529602217534164,300,1
423,422,0.8,0.828125,0.828125,0.7857142857142857,3,12,9.91259183190395,0.3900642703767716,0.9166666666666666,0.08333333333333337,11,1,1.276602396289895,0.07524367421865463,0.11999500148501063,11,,,,,1.7529602217534164,300,1
424,423,0.8,0.8333333333333334,0.8333333333333334,0.609375,3,13,12.578146298774612,0.4078075259385352,1.0,0.0,13,0,1.5921924740614648,0.12963268160820007,0.11939502647758558,13,,,,,1.7529602217534164,300,1
425,424,0.8,0.8472222222222222,0.8472222222222222,0.765625,3,15,12.35885280713877,0.43263048499555895,0.9333333333333333,0.06666666666666665,14,1,1.3007028483377745,0.08179625868797302,0.11879805134519765,14,,,,,1.7529602217534164,300,1
426,425,0.8,0.8571428571428571,0.7222222222222222,0.8571428571428571,3,14,14.93749430869579,0.21042364819568504,1.0,0.0,14,0,1.7895763518043148,0.09951677918434143,0.11820406108847166,14,,,,,1.7529602217534164,300,1
427,426,0.8,0.8194444444444444,0.8194444444444444,0.65,3,14,14.171787130001567,0.29922652474811023,1.0,0.0,14,0,1.7007734752518897,0.20325973629951477,0.1176130407830293,14,,,,,1.7529602217534164,300,1
428,427,0.8,0.825,0.825,0.5357142857142857,3,12,12.179485333029247,0.2768075421868051,1.0,0.0,12,0,1.723192457813195,0.15114270150661469,0.11702497557911415,12,,,,,1.7529602217534164,300,1
429,428,0.8,0.8472222222222222,0.8472222222222222,0.59375,3,12,12.703753730674212,0.15050006611793085,1.0,0.0,12,0,1.8494999338820692,0.11301861703395844,0.11643985070121858,12,,,,,1.7529602217534164,300,1
430,429,0.8,0.8541666666666666,0.8125,0.8541666666666666,3,14,12.749718191570796,0.260642023369993,0.9285714285714286,0.0714285714285714,13,1,1.4536436909157215,0.06471817195415497,0.11585765144771248,13,,,,,1.7529602217534164,300,1
431,430,0.8,0.90625,0.90625,0.6785714285714286,3,13,13.059615520706377,0.2816766718426066,1.0,0.0,13,0,1.7183233281573935,0.1737976223230362,0.11527836319047392,13,,,,,1.7529602217534164,300,1
432,431,0.8,0.8571428571428571,0.8571428571428571,0.8333333333333334,3,15,13.756034299583742,0.28792994545888406,1.0,0.0,15,0,1.7120700545411158,0.10951371490955353,0.11470197137452155,15,,,,,1.7529602217534164,300,1
433,432,0.8,0.8125,0.8125,0.4666666666666667,3,11,12.180721669230312,0.25425566839988073,1.0,0.0,11,0,1.7457443316001193,0.15680663287639618,0.11412846151764894,11,,,,,1.7529602217534164,300,1
434,433,0.8,0.8214285714285714,0.775,0.8214285714285714,3,17,16.10825229906009,0.34768952887676297,1.0,0.0,17,0,1.652310471123237,0.0647486224770546,0.1135578192100607,17,,,,,1.7529602217534164,300,1
435,434,0.8,0.8214285714285714,0.75,0.8214285714285714,3,16,16.58959802427571,0.2992888057197561,1.0,0.0,16,0,1.700711194280244,0.11297464370727539,0.11299003011401039,16,,,,,1.7529602217534164,300,1
436,435,0.8,0.890625,0.890625,0.35,3,10,10.865221884080771,0.27891434146802707,1.0,0.0,10,0,1.721085658531973,0.0945339947938919,0.11242507996344034,10,,,,,1.7529602217534164,300,1
437,436,0.8,0.8125,0.8125,0.53125,3,12,11.010796421354911,0.40714810770347387,1.0,0.0,12,0,1.592851892296526,0.0824718251824379,0.11186295456362313,12,,,,,1.7529602217534164,300,1
438,437,0.8,0.8125,0.8125,0.6,3,10,10.394740386280002,0.41233392392719614,1.0,0.0,10,0,1.5876660760728039,0.0187324620783329,0.11130363979080501,10,,,,,1.7529602217534164,300,1
439,438,0.8,0.8,0.8,0.5666666666666667,3,14,14.254407733508607,0.2711154023986305,1.0,0.0,14,0,1.7288845976013696,0.12865754961967468,0.11074712159185099,14,,,,,1.7529602217534164,300,1
440,439,0.8,0.8020833333333334,0.8020833333333334,0.7833333333333333,3,16,15.549583117564422,0.32212965004789007,1.0,0.0,16,0,1.67787034995211,0.11404723674058914,0.11019338598389174,16,,,,,1.7529602217534164,300,1
441,440,0.8,0.825,0.825,0.8,3,17,13.725515563710427,0.3579243854426961,0.9411764705882353,0.05882352941176472,16,1,1.406781496910245,0.09990613907575607,0.10964241905397228,16,,,,,1.7529602217534164,300,1
442,441,0.8,0.8068181818181818,0.8068181818181818,0.7666666666666667,3,16,15.638577553801506,0.4253975298913766,1.0,0.0,16,0,1.5746024701086234,0.15018585324287415,0.10909420695870241,16,,,,,1.7529602217534164,300,1
443,442,0.8,0.8333333333333334,0.8125,0.8333333333333334,3,12,7.466373765942027,0.4964684187505187,0.8333333333333334,0.16666666666666663,10,2,0.8368649145828149,0.12360049784183502,0.1085487359239089,10,,,,,1.7529602217534164,300,1
444,443,0.8,0.8472222222222222,0.8472222222222222,0.515625,3,12,13.134946036536373,0.2917356876680166,1.0,0.0,12,0,1.7082643123319834,0.07003305107355118,0.10800599224428936,12,,,,,1.7529602217534164,300,1
445,444,0.8,0.825,0.825,0.8035714285714286,3,15,15.712559388837356,0.23303296402083828,1.0,0.0,15,0,1.7669670359791616,0.06947967410087585,0.10746596228306791,15,,,,,1.7529602217534164,300,1
446,445,0.8,0.8125,0.8125,0.7833333333333333,3,15,15.699617869683392,0.1666769336341125,1.0,0.0,15,0,1.8333230663658875,0.16528931260108948,0.10692863247165257,15,,,,,1.7529602217534164,300,1
447,446,0.8,0.825,0.825,0.625,3,15,13.412787983260223,0.38888745676244674,1.0,0.0,15,0,1.6111125432375533,0.18348567187786102,0.1063939893092943,15,,,,,1.7529602217534164,300,1
448,447,0.8,0.8,0.8,0.7638888888888888,3,16,16.8789281345649,0.302414943471886,1.0,0.0,16,0,1.6975850565281139,0.06448638439178467,0.10586201936274783,16,,,,,1.7529602217534164,300,1
449,448,0.8,0.84375,0.84375,0.44642857142857145,3,10,10.408649127893241,0.16476630033553352,1.0,0.0,10,0,1.8352336996644665,0.06430763006210327,0.10533270926593409,10,,,,,1.7529602217534164,300,1
450,449,0.8,0.8625,0.8625,0.7794117647058824,3,17,15.899259858748156,0.30746118483386975,1.0,0.0,17,0,1.6925388151661303,0.031115584075450897,0.10480604571960442,17,,,,,1.7529602217534164,300,1
451,450,0.8,0.8035714285714286,0.6666666666666666,0.8035714285714286,3,16,16.267940174416275,0.34337646913813313,1.0,0.0,16,0,1.6566235308618669,0.06715801358222961,0.1042820154910064,16,,,,,1.7529602217534164,300,1
452,451,0.8,0.875,0.7222222222222222,0.875,3,16,15.28737754728472,0.32911631661882357,1.0,0.0,16,0,1.6708836833811764,0.12757185101509094,0.10376060541355137,16,,,,,1.7529602217534164,300,1
453,452,0.8,0.8125,0.8125,0.36764705882352944,3,9,10.028914552518636,0.29259177036272327,1.0,0.0,9,0,1.7074082296372768,0.11365490406751633,0.1032418023864836,9,,,,,1.7529602217534164,300,1
454,453,0.8,0.8888888888888888,0.8888888888888888,0.7222222222222222,3,14,9.10209058687839,0.5245830944782329,0.8571428571428571,0.1428571428571429,12,2,0.9039883340931956,0.07878433912992477,0.10272559337455119,12,,,,,1.7529602217534164,300,1
455,454,0.8,0.8,0.8,0.75,3,15,15.141742150745515,0.13510469762738697,1.0,0.0,15,0,1.864895302372613,0.21171224117279053,0.10221196540767843,15,,,,,1.7529602217534164,300,1
456,455,0.8,0.8035714285714286,0.7777777777777778,0.8035714285714286,3,15,12.589074425612182,0.46799947784562285,0.9333333333333333,0.06666666666666665,14,1,1.2653338554877105,0.1385328769683838,0.10170090558064004,14,,,,,1.7529602217534164,300,1
457,456,0.8,0.8035714285714286,0.55,0.8035714285714286,3,14,13.815799471667296,0.38638045222961653,1.0,0.0,14,0,1.6136195477703834,0.1507912576198578,0.10119240105273684,14,,,,,1.7529602217534164,300,1
458,457,0.8,0.859375,0.859375,0.6071428571428571,3,14,14.41689515094712,0.3129667354173523,1.0,0.0,14,0,1.6870332645826478,0.06215882673859596,0.10068643904747315,14,,,,,1.7529602217534164,300,1
459,458,0.8,0.8125,0.8125,0.4642857142857143,3,11,11.169661124012656,0.2405292720216063,1.0,0.0,11,0,1.7594707279783937,0.329133540391922,0.10018300685223579,11,,,,,1.7529602217534164,300,1
460,459,0.8,0.8461538461538461,0.775,0.8461538461538461,3,15,14.403479540300554,0.3136534559533063,1.0,0.0,15,0,1.6863465440466938,0.08985725045204163,0.0996820918179746,15,,,,,1.7529602217534164,300,1
461,460,0.8,0.8125,0.8125,0.6944444444444444,3,15,14.549110785314829,0.33651891227470676,1.0,0.0,15,0,1.6634810877252932,0.06245514005422592,0.09918368135888474,15,,,,,1.7529602217534164,300,1
462,461,0.8,0.8166666666666667,0.7125,0.8166666666666667,3,14,13.999217680538429,0.3529581639575122,1.0,0.0,14,0,1.6470418360424879,0.23994237184524536,0.09868776295209031,14,,,,,1.7529602217534164,300,1
463,462,0.8,0.875,0.875,0.7307692307692307,3,12,12.222235098092984,0.2571699093419287,1.0,0.0,12,0,1.7428300906580714,0.0328829362988472,0.09819432413732986,12,,,,,1.7529602217534164,300,1
464,463,0.8,0.8541666666666666,0.609375,0.8541666666666666,3,13,13.164094433518219,0.2924671224370997,1.0,0.0,13,0,1.7075328775629002,0.06042357534170151,0.09770335251664321,13,,,,,1.7529602217534164,300,1
465,464,0.8,0.8295454545454546,0.8295454545454546,0.828125,3,18,18.353344520540638,0.31494894581484667,1.0,0.0,18,0,1.6850510541851533,0.047747962176799774,0.09721483575406,18,,,,,1.7529602217534164,300,1
466,465,0.8,0.8068181818181818,0.8068181818181818,0.8,3,16,15.816951466414313,0.2655233061984438,1.0,0.0,16,0,1.7344766938015561,0.0352616086602211,0.09672876157528969,16,,,,,1.7529602217534164,300,1
467,466,0.8,0.859375,0.859375,0.59375,3,12,11.675352818906656,0.34720806862879694,1.0,0.0,12,0,1.652791931371203,0.01835229992866516,0.09624511776741324,12,,,,,1.7529602217534164,300,1
468,467,0.8,0.8269230769230769,0.3958333333333333,0.8269230769230769,3,18,19.181416616095014,0.36296764653431945,1.0,0.0,18,0,1.6370323534656805,0.047417156398296356,0.09576389217857617,18,,,,,1.7529602217534164,300,1
469,468,0.8,0.8863636363636364,0.8863636363636364,0.75,3,17,14.929485411360329,0.3064417918976035,0.9411764705882353,0.05882352941176472,16,1,1.4582640904553377,0.10280226171016693,0.09528507271768329,16,,,,,1.7529602217534164,300,1
470,469,0.8,0.8194444444444444,0.8194444444444444,0.4642857142857143,3,12,12.454994409648165,0.27587666236185027,1.0,0.0,12,0,1.7241233376381497,0.12257152795791626,0.09480864735409487,12,,,,,1.7529602217534164,300,1
471,470,0.8,0.8,0.775,0.8,3,15,15.065275209378578,0.2973237473528904,1.0,0.0,15,0,1.7026762526471095,0.05476302653551102,0.0943346041173244,15,,,,,1.7529602217534164,300,1
472,471,0.8,0.8392857142857143,0.8125,0.8392857142857143,3,15,11.825606963823283,0.45861488012806806,0.9333333333333333,0.06666666666666665,14,1,1.2747184532052653,0.043851807713508606,0.09386293109673778,14,,,,,1.7529602217534164,300,1
473,472,0.8,0.8125,0.8125,0.39285714285714285,3,9,8.949719862209712,0.41536152528821885,1.0,0.0,9,0,1.5846384747117812,0.05758482217788696,0.09339361644125409,9,,,,,1.7529602217534164,300,1
474,473,0.8,0.8125,0.8125,0.7115384615384616,3,11,9.205593623839883,0.34787890877920924,0.9090909090909091,0.09090909090909094,10,1,1.2884847275844271,0.05352766811847687,0.09292664835904782,10,,,,,1.7529602217534164,300,1
475,474,0.8,0.8214285714285714,0.8214285714285714,0.5882352941176471,3,12,11.522910665630581,0.38582072565990655,1.0,0.0,12,0,1.6141792743400933,0.05234573781490326,0.09246201511725258,12,,,,,1.7529602217534164,300,1
476,475,0.8,0.84375,0.8,0.84375,3,17,17.98903232066039,0.12996231861247334,1.0,0.0,17,0,1.8700376813875266,0.2155492901802063,0.09199970504166631,17,,,,,1.7529602217534164,300,1
477,476,0.8,0.8125,0.8125,0.75,3,15,14.590253129428941,0.38655179900487596,1.0,0.0,15,0,1.613448200995124,0.021382464095950127,0.09153970651645797,15,,,,,1.7529602217534164,300,1
478,477,0.8,0.8035714285714286,0.6022727272727273,0.8035714285714286,3,16,16.50013668373988,0.31894604695998013,1.0,0.0,16,0,1.68105395304002,0.05206621438264847,0.09108200798387568,16,,,,,1.7529602217534164,300,1
479,478,0.8,0.8625,0.8625,0.6875,3,17,16.28244237050092,0.3582749204629526,1.0,0.0,17,0,1.6417250795370473,0.14228707551956177,0.0906265979439563,17,,,,,1.7529602217534164,300,1
480,479,0.8,0.8392857142857143,0.8392857142857143,0.609375,3,11,10.737077030034728,0.28539544821410473,1.0,0.0,11,0,1.7146045517858952,0.050855603069067,0.09017346495423652,11,,,,,1.7529602217534164,300,1
481,480,0.8,0.8214285714285714,0.8214285714285714,0.5625,3,11,10.423096013680093,0.3360962490590656,1.0,0.0,11,0,1.6639037509409345,0.14588019251823425,0.08972259762946533,11,,,,,1.7529602217534164,300,1
482,481,0.8,0.8,0.7045454545454546,0.8,3,17,16.247393813432815,0.33659016198877334,1.0,0.0,17,0,1.6634098380112268,0.08805620670318604,0.089273984641318,17,,,,,1.7529602217534164,300,1
483,482,0.8,0.8076923076923077,0.765625,0.8076923076923077,3,15,14.852001654846863,0.3365240163355375,1.0,0.0,15,0,1.6634759836644624,0.04787641763687134,0.0888276147181114,15,,,,,1.7529602217534164,300,1
484,483,0.8,0.8214285714285714,0.7613636363636364,0.8214285714285714,3,15,13.589914558752081,0.4265105972219718,1.0,0.0,15,0,1.5734894027780282,0.04870547354221344,0.08838347664452084,15,,,,,1.7529602217534164,300,1
485,484,0.8,0.875,0.875,0.7833333333333333,3,14,11.732704501283797,0.4484880635217771,0.9285714285714286,0.0714285714285714,13,1,1.2657976507639372,0.04986552521586418,0.08794155926129824,13,,,,,1.7529602217534164,300,1
486,485,0.8,0.8194444444444444,0.8194444444444444,0.8035714285714286,3,13,9.482732753554096,0.33878584039486814,0.8461538461538461,0.15384615384615385,11,2,1.0458295442205163,0.06737606227397919,0.08750185146499175,11,,,,,1.7529602217534164,300,1
487,486,0.8,0.859375,0.859375,0.5882352941176471,3,17,18.36525509287849,0.1636709136441957,1.0,0.0,17,0,1.8363290863558044,0.09991455078125,0.08706434220766679,17,,,,,1.7529602217534164,300,1
488,487,0.8,0.8333333333333334,0.75,0.8333333333333334,3,14,14.710317740132645,0.16061393743598495,1.0,0.0,14,0,1.839386062564015,0.025778379291296005,0.08662902049662846,14,,,,,1.7529602217534164,300,1
489,488,0.8,0.8625,0.8625,0.8035714285714286,3,14,10.735870301211982,0.41504215629421126,0.9285714285714286,0.0714285714285714,13,1,1.2992435579915032,0.12518571317195892,0.08619587539414532,13,,,,,1.7529602217534164,300,1
490,489,0.8,0.8888888888888888,0.8888888888888888,0.7352941176470589,3,18,16.1534460521695,0.3179253964733728,1.0,0.0,18,0,1.6820746035266272,0.08227871358394623,0.08576489601717459,18,,,,,1.7529602217534164,300,1
491,490,0.8,0.8055555555555556,0.8055555555555556,0.5833333333333334,3,13,14.06356887624453,0.3222056699333033,1.0,0.0,13,0,1.6777943300666966,0.061982929706573486,0.08533607153708872,13,,,,,1.7529602217534164,300,1
492,491,0.8,0.8166666666666667,0.7045454545454546,0.8166666666666667,3,17,15.552049961327633,0.4775814972352028,1.0,0.0,17,0,1.5224185027647972,0.09738458693027496,0.08490939117940327,17,,,,,1.7529602217534164,300,1
493,492,0.8,0.8214285714285714,0.8214285714285714,0.6607142857142857,3,12,13.125057289910714,0.1884001012428409,1.0,0.0,12,0,1.811599898757159,0.09061505645513535,0.08448484422350626,12,,,,,1.7529602217534164,300,1
494,493,0.8,0.8055555555555556,0.8055555555555556,0.765625,3,14,13.092246405294993,0.3102199334428873,1.0,0.0,14,0,1.6897800665571128,0.08123748004436493,0.08406242000238873,14,,,,,1.7529602217534164,300,1
495,494,0.8,0.825,0.825,0.609375,3,11,11.688823415289047,0.3453071266955542,1.0,0.0,11,0,1.654692873304446,0.06248704344034195,0.08364210790237678,11,,,,,1.7529602217534164,300,1
496,495,0.8,0.8571428571428571,0.8571428571428571,0.453125,3,9,9.558361539014278,0.3058165086393497,1.0,0.0,9,0,1.6941834913606502,0.24810031056404114,0.0832238973628649,9,,,,,1.7529602217534164,300,1
497,496,0.8,0.8333333333333334,0.8333333333333334,0.5625,3,12,12.787040553623985,0.28306470316123455,1.0,0.0,12,0,1.7169352968387654,0.0930587649345398,0.08280777787605056,12,,,,,1.7529602217534164,300,1
498,497,0.8,0.8035714285714286,0.8035714285714286,0.7857142857142857,3,13,13.796715255597974,0.25879538029590055,1.0,0.0,13,0,1.7412046197040993,0.07264619320631027,0.08239373898667031,13,,,,,1.7529602217534164,300,1
499,498,0.8,0.84375,0.8194444444444444,0.84375,3,16,15.98593769251169,0.24446344369405437,1.0,0.0,16,0,1.7555365563059455,0.09094248712062836,0.08198177029173696,16,,,,,1.7529602217534164,300,1
500,499,0.8,0.8625,0.8625,0.7166666666666667,3,16,16.181059238011784,0.35464811249999306,1.0,0.0,16,0,1.645351887500007,0.05146705359220505,0.08157186144027828,16,1.6367530301300288,0.2982952958130338,0.9837620814857657,0.0162379185142343,1.7529602217534164,300,2
501,0,0.8,0.8214285714285714,0.8214285714285714,0.8214285714285714,3,14,13.715267177315972,0.2413631555136496,1.0,0.0,14,0,1.7586368444863505,0.030278820544481277,0.0811640021330769,14,,,,,1.7529602217534164,300,2
502,1,0.8,0.8125,0.8125,0.5192307692307693,3,11,11.797670886816864,0.3792828343183538,1.0,0.0,11,0,1.6207171656816461,0.05682159215211868,0.08075818212241151,11,,,,,1.7529602217534164,300,2
503,2,0.8,0.8,0.6111111111111112,0.8,3,14,14.94094386422583,0.28067104444310165,1.0,0.0,14,0,1.7193289555568985,0.14226417243480682,0.08035439121179945,14,,,,,1.7529602217534164,300,2
504,3,0.8,0.8333333333333334,0.8333333333333334,0.59375,3,12,12.702068978373484,0.2651650429449553,1.0,0.0,12,0,1.7348349570550448,0.06296946853399277,0.07995261925574046,12,,,,,1.7529602217534164,300,2
505,4,0.8,0.8125,0.8125,0.5147058823529411,3,13,12.872395036867896,0.29242320374925646,1.0,0.0,13,0,1.7075767962507435,0.07718786597251892,0.07955285615946175,13,,,,,1.7529602217534164,300,2
506,5,0.8,0.8392857142857143,0.8392857142857143,0.5,3,10,10.913186503388932,0.20008017386751933,1.0,0.0,10,0,1.7999198261324807,0.08368830382823944,0.07915509187866444,10,,,,,1.7529602217534164,300,2
507,6,0.8,0.890625,0.890625,0.7692307692307693,3,14,14.473097451358274,0.19768554460888763,1.0,0.0,14,0,1.8023144553911123,0.0838746577501297,0.07875931641927113,14,,,,,1.7529602217534164,300,2
508,7,0.8,0.8055555555555556,0.8055555555555556,0.7678571428571429,3,16,14.74063820814905,0.4306691198057706,1.0,0.0,16,0,1.5693308801942294,0.05643394589424133,0.07836551983717477,16,,,,,1.7529602217534164,300,2
509,8,0.8,0.8928571428571429,0.8928571428571429,0.625,3,11,10.54636586036967,0.4649210902339198,1.0,0.0,11,0,1.5350789097660802,0.08695803582668304,0.07797369223798889,11,,,,,1.7529602217534164,300,2
510,9,0.8,0.8541666666666666,0.6625,0.8541666666666666,3,12,11.538516619921705,0.15590239111558088,1.0,0.0,12,0,1.8440976088844192,0.04697690159082413,0.07758382377679894,12,,,,,1.7529602217534164,300,2
511,10,0.8,0.8571428571428571,0.7638888888888888,0.8571428571428571,3,15,14.577379093734057,0.27005650514769064,1.0,0.0,15,0,1.7299434948523094,0.08215023577213287,0.07719590465791494,15,,,,,1.7529602217534164,300,2
512,11,0.8,0.8125,0.7625,0.8125,3,18,14.802788333390462,0.48286089284569456,0.9444444444444444,0.05555555555555558,17,1,1.2949168849320831,0.026407059282064438,0.07680992513462537,17,,,,,1.7529602217534164,300,2
513,12,0.8,0.8,0.8,0.6875,3,17,17.177116891999574,0.22679936312565108,1.0,0.0,17,0,1.773200636874349,0.03154353052377701,0.07642587550895225,17,,,,,1.7529602217534164,300,2
514,13,0.8,0.8214285714285714,0.8214285714285714,0.5,3,9,9.457027837474701,0.2401884616248247,1.0,0.0,9,0,1.7598115383751753,0.06633487343788147,0.07604374613140748,9,,,,,1.7529602217534164,300,2
515,14,0.8,0.859375,0.859375,0.7058823529411765,3,13,13.629688833854239,0.16072096559654173,1.0,0.0,13,0,1.8392790344034582,0.022711358964443207,0.07566352740075044,13,,,,,1.7529602217534164,300,2
516,15,0.8,0.875,0.875,0.6764705882352942,3,16,15.013894417922462,0.23697554179156846,0.9375,0.0625,15,1,1.5130244582084316,0.08947445452213287,0.07528520976374668,15,,,,,1.7529602217534164,300,2
517,16,0.8,0.8214285714285714,0.6931818181818182,0.8214285714285714,3,12,12.777314899955226,0.17455138821920402,1.0,0.0,12,0,1.825448611780796,0.1251436471939087,0.07490878371492794,12,,,,,1.7529602217534164,300,2
518,17,0.8,0.84375,0.84375,0.6,3,12,12.134128627177326,0.36864784576622844,1.0,0.0,12,0,1.6313521542337717,0.07278236746788025,0.0745342397963533,12,,,,,1.7529602217534164,300,2
519,18,0.8,0.8125,0.8125,0.75,3,13,13.788685774354384,0.16021707822461123,1.0,0.0,13,0,1.8397829217753887,0.18653467297554016,0.07416156859737154,13,,,,,1.7529602217534164,300,2
520,19,0.8,0.8,0.6428571428571429,0.8,3,15,15.30393374129181,0.3638604864879619,1.0,0.0,15,0,1.6361395135120382,0.0662175863981247,0.07379076075438468,15,,,,,1.7529602217534164,300,2
521,20,0.8,0.8,0.8,0.515625,3,13,14.02307803218014,0.18037594995006712,1.0,0.0,13,0,1.8196240500499328,0.039550408720970154,0.07342180695061275,13,,,,,1.7529602217534164,300,2
522,21,0.8,0.8125,0.8125,0.8035714285714286,3,13,13.248990683114126,0.2946371700139546,1.0,0.0,13,0,1.7053628299860453,0.09337817132472992,0.07305469791585968,13,,,,,1.7529602217534164,300,2
523,22,0.8,0.8888888888888888,0.8888888888888888,0.5714285714285714,3,12,11.222337595229389,0.17355994884938275,0.9166666666666666,0.08333333333333337,11,1,1.4931067178172837,0.021239150315523148,0.07268942442628039,11,,,,,1.7529602217534164,300,2
524,23,0.8,0.8235294117647058,0.6477272727272727,0.8235294117647058,3,18,18.07598704542054,0.20605531704913332,1.0,0.0,18,0,1.7939446829508667,0.10214000195264816,0.07232597730414898,18,,,,,1.7529602217534164,300,2
525,24,0.8,0.8375,0.8375,0.8214285714285714,3,15,13.671988160141549,0.28714282973073935,0.9333333333333333,0.06666666666666665,14,1,1.446190503602594,0.083647720515728,0.07196434741762824,14,,,,,1.7529602217534164,300,2
526,25,0.8,0.8375,0.8375,0.59375,3,16,16.25308207944122,0.26883467700432434,1.0,0.0,16,0,1.7311653229956756,0.07258738577365875,0.0716045256805401,16,,,,,1.7529602217534164,300,2
527,26,0.8,0.8194444444444444,0.8194444444444444,0.7708333333333334,3,11,11.159188894834333,0.25853347787252356,1.0,0.0,11,0,1.7414665221274763,0.08528206497430801,0.0712465030521374,11,,,,,1.7529602217534164,300,2
528,27,0.8,0.875,0.6375,0.875,3,13,12.376762657675293,0.3391413783814041,1.0,0.0,13,0,1.6608586216185959,0.06880977004766464,0.0708902705368767,13,,,,,1.7529602217534164,300,2
529,28,0.8,0.8194444444444444,0.8194444444444444,0.7884615384615384,3,13,12.932476807836434,0.2933953763462984,1.0,0.0,13,0,1.7066046236537016,0.05590452253818512,0.07053581918419231,13,,,,,1.7529602217534164,300,2
530,29,0.8,0.8269230769230769,0.7625,0.8269230769230769,3,13,10.489909988642593,0.3999797989482522,0.9230769230769231,0.07692307692307687,12,1,1.2923278933594404,0.017205141484737396,0.07018314008827135,12,,,,,1.7529602217534164,300,2
531,30,0.8,0.8375,0.8375,0.5833333333333334,3,13,13.308692572718089,0.21736961015793926,1.0,0.0,13,0,1.7826303898420608,0.00659187464043498,0.06983222438783,13,,,,,1.7529602217534164,300,2
532,31,0.8,0.8375,0.8375,0.6607142857142857,3,14,14.979016352868879,0.14005974180407288,1.0,0.0,14,0,1.8599402581959272,0.10279436409473419,0.06948306326589085,14,,,,,1.7529602217534164,300,2
533,32,0.8,0.8076923076923077,0.7638888888888888,0.8076923076923077,3,13,12.068599867266009,0.3966898981103605,1.0,0.0,13,0,1.6033101018896394,0.06535390019416809,0.0691356479495614,13,,,,,1.7529602217534164,300,2
534,33,0.8,0.8181818181818182,0.8181818181818182,0.75,3,15,14.985298628945737,0.30842941080955777,1.0,0.0,15,0,1.6915705891904422,0.1612422615289688,0.06878996970981359,15,,,,,1.7529602217534164,300,2
535,34,0.8,0.828125,0.828125,0.6470588235294118,3,15,11.85976068485595,0.5233070225645202,0.9333333333333333,0.06666666666666665,14,1,1.2100263107688132,0.06110600754618645,0.06844601986126451,14,,,,,1.7529602217534164,300,2
536,35,0.8,0.8472222222222222,0.8472222222222222,0.6666666666666666,3,16,16.178790932544025,0.219939218576635,1.0,0.0,16,0,1.7800607814233649,0.07262367755174637,0.06810378976195819,16,,,,,1.7529602217534164,300,2
537,36,0.8,0.8076923076923077,0.6527777777777778,0.8076923076923077,3,12,10.415852180011127,0.4565482888330128,1.0,0.0,12,0,1.5434517111669872,0.17766982316970825,0.0677632708131484,12,,,,,1.7529602217534164,300,2
538,37,0.8,0.8472222222222222,0.8472222222222222,0.8125,3,16,15.612417862949389,0.1996079127736446,1.0,0.0,16,0,1.8003920872263555,0.0423763170838356,0.06742445445908266,16,,,,,1.7529602217534164,300,2
539,38,0.8,0.84375,0.84375,0.42857142857142855,3,9,9.122218801696537,0.33776433301148157,1.0,0.0,9,0,1.6622356669885185,0.031198909506201744,0.06708733218678724,9,,,,,1.7529602217534164,300,2
540,39,0.8,0.8125,0.8125,0.5625,3,10,10.999169097105995,0.2905779585868317,1.0,0.0,10,0,1.7094220414131682,0.13513876497745514,0.0667518955258533,10,,,,,1.7529602217534164,300,2
541,40,0.8,0.90625,0.90625,0.6527777777777778,3,15,13.466963667018813,0.3273169723129158,1.0,0.0,15,0,1.6726830276870843,0.04717513546347618,0.06641813604822402,15,,,,,1.7529602217534164,300,2
542,41,0.8,0.875,0.875,0.7321428571428571,3,14,13.789611530734154,0.2902026082617352,1.0,0.0,14,0,1.7097973917382647,0.023730702698230743,0.0660860453679829,14,,,,,1.7529602217534164,300,2
543,42,0.8,0.8166666666666667,0.75,0.8166666666666667,3,16,13.18704001307194,0.4521047196598947,0.9375,0.0625,15,1,1.2978952803401054,0.07527587562799454,0.06575561514114299,15,,,,,1.7529602217534164,300,2
544,43,0.8,0.8571428571428571,0.8571428571428571,0.5,3,12,13.025382986323851,0.16728502298981834,1.0,0.0,12,0,1.8327149770101816,0.028281457722187042,0.06542683706543727,12,,,,,1.7529602217534164,300,2
545,44,0.8,0.8125,0.8125,0.8088235294117647,3,15,11.372060225850596,0.3807668041421061,0.8666666666666667,0.1333333333333333,13,2,1.0858998625245606,0.2664429247379303,0.06509970288011008,13,,,,,1.7529602217534164,300,2
546,45,0.8,0.8295454545454546,0.8295454545454546,0.7857142857142857,3,16,16.901770063252595,0.20684438137153982,1.0,0.0,16,0,1.79315561862846,0.036136843264102936,0.06477420436570952,16,,,,,1.7529602217534164,300,2
547,46,0.8,0.859375,0.859375,0.515625,3,11,11.850049064694119,0.2711135926304536,1.0,0.0,11,0,1.7288864073695465,0.17529340088367462,0.06445033334388098,11,,,,,1.7529602217534164,300,2
548,47,0.8,0.859375,0.6,0.859375,3,15,13.454329504645617,0.43492359328416763,1.0,0.0,15,0,1.5650764067158325,0.07496584206819534,0.06412808167716157,15,,,,,1.7529602217534164,300,2
549,48,0.8,0.8181818181818182,0.8181818181818182,0.7166666666666667,3,17,16.493006627064098,0.3528006661419804,1.0,0.0,17,0,1.6471993338580195,0.11540518701076508,0.06380744126877576,17,,,,,1.7529602217534164,300,2
550,49,0.8,0.8035714285714286,0.4270833333333333,0.8035714285714286,3,12,12.385758364767053,0.39980100271873453,1.0,0.0,12,0,1.6001989972812654,0.10258934646844864,0.06348840406243188,12,,,,,1.7529602217534164,300,2
551,50,0.8,0.9027777777777778,0.9027777777777778,0.6166666666666667,3,14,13.367003983202009,0.20139601507863442,0.9285714285714286,0.0714285714285714,13,1,1.51288969920708,0.1215832307934761,0.06317096204211972,13,,,,,1.7529602217534164,300,2
552,51,0.8,0.828125,0.828125,0.6153846153846154,3,13,12.881512781696063,0.3451348149986158,1.0,0.0,13,0,1.6548651850013842,0.16220229864120483,0.06285510723190912,13,,,,,1.7529602217534164,300,2
553,52,0.8,0.875,0.875,0.7666666666666667,3,13,8.724289429408199,0.4315883602983952,0.8461538461538461,0.15384615384615385,11,2,0.9530270243169894,0.07539862394332886,0.06254083169574957,11,,,,,1.7529602217534164,300,2
554,53,0.8,0.8125,0.8125,0.578125,3,15,15.392857746714476,0.34381124270251984,1.0,0.0,15,0,1.65618875729748,0.06035520136356354,0.062228127537270826,15,,,,,1.7529602217534164,300,2
555,54,0.8,0.8076923076923077,0.7159090909090909,0.8076923076923077,3,14,13.953699846623497,0.27726301012767335,1.0,0.0,14,0,1.7227369898723266,0.18057340383529663,0.06191698689958447,14,,,,,1.7529602217534164,300,2
556,55,0.8,0.8055555555555556,0.8055555555555556,0.4852941176470588,3,13,14.287785448489792,0.1567158394549981,1.0,0.0,13,0,1.8432841605450019,0.14124789834022522,0.061607401965086545,13,,,,,1.7529602217534164,300,2
557,56,0.8,0.8229166666666666,0.8229166666666666,0.6538461538461539,3,14,12.50293257025406,0.3237579101688126,1.0,0.0,14,0,1.6762420898311874,0.08408629894256592,0.06129936495526111,14,,,,,1.7529602217534164,300,2
558,57,0.8,0.8055555555555556,0.8055555555555556,0.7884615384615384,3,14,13.01106039179325,0.34322911563128417,1.0,0.0,14,0,1.656770884368716,0.11800013482570648,0.0609928681304848,14,,,,,1.7529602217534164,300,2
559,58,0.8,0.85,0.85,0.6617647058823529,3,15,15.408195700721517,0.3624415390199159,1.0,0.0,15,0,1.6375584609800842,0.19058488309383392,0.060687903789832374,15,,,,,1.7529602217534164,300,2
560,59,0.8,0.8625,0.8625,0.8392857142857143,3,14,12.289650701249567,0.246932575808105,0.9285714285714286,0.0714285714285714,13,1,1.4673531384776095,0.049222543835639954,0.06038446427088321,13,,,,,1.7529602217534164,300,2
561,60,0.8,0.8,0.8,0.7857142857142857,3,16,16.25692658156161,0.13997575984587407,1.0,0.0,16,0,1.860024240154126,0.15312835574150085,0.06008254194952879,16,,,,,1.7529602217534164,300,2
562,61,0.8,0.8055555555555556,0.8055555555555556,0.6833333333333333,3,13,12.251582026809189,0.3117142847707325,1.0,0.0,13,0,1.6882857152292674,0.0579276904463768,0.05978212923978115,13,,,,,1.7529602217534164,300,2
563,62,0.8,0.8194444444444444,0.8194444444444444,0.6333333333333333,3,12,11.79226965939244,0.41425818974169504,1.0,0.0,12,0,1.585741810258305,0.0634804219007492,0.05948321859358224,12,,,,,1.7529602217534164,300,2
564,63,0.8,0.8333333333333334,0.8333333333333334,0.78125,3,13,11.477986183405553,0.32457034079241986,0.9230769230769231,0.07692307692307687,12,1,1.3677373515152726,0.05686738342046738,0.05918580250061433,12,,,,,1.7529602217534164,300,2
565,64,0.8,0.8625,0.8625,0.7115384615384616,3,13,13.356844267624034,0.1122806472450612,1.0,0.0,13,0,1.8877193527549387,0.06255954504013062,0.058889873488111255,13,,,,,1.7529602217534164,300,2
566,65,0.8,0.8194444444444444,0.8194444444444444,0.5666666666666667,3,10,9.476466120345151,0.35133297098865923,1.0,0.0,10,0,1.6486670290113408,0.08832114934921265,0.058595424120670696,10,,,,,1.7529602217534164,300,2
567,66,0.8,0.8035714285714286,0.765625,0.8035714285714286,3,13,11.831556648802232,0.3892358416963363,1.0,0.0,13,0,1.6107641583036636,0.08538495749235153,0.05830244700006734,13,,,,,1.7529602217534164,300,2
568,67,0.8,0.8,0.6931818181818182,0.8,3,17,16.761652250289156,0.43758056163682657,1.0,0.0,17,0,1.5624194383631735,0.21363672614097595,0.058010934765067,17,,,,,1.7529602217534164,300,2
569,68,0.8,0.9027777777777778,0.9027777777777778,0.6964285714285714,3,14,12.354200132785918,0.3299678483880721,0.9285714285714286,0.0714285714285714,13,1,1.3843178658976423,0.12054309248924255,0.05772088009124167,13,,,,,1.7529602217534164,300,2
570,69,0.8,0.8125,0.6818181818181818,0.8125,3,17,16.79887966179191,0.30059900073852497,1.0,0.0,17,0,1.6994009992614751,0.06528528034687042,0.05743227569078546,17,,,,,1.7529602217534164,300,2
571,70,0.8,0.875,0.875,0.6071428571428571,3,10,10.201193865497643,0.21719538873191563,1.0,0.0,10,0,1.7828046112680844,0.04542960226535797,0.05714511431233153,10,,,,,1.7529602217534164,300,2
572,71,0.8,0.8055555555555556,0.8055555555555556,0.546875,3,12,12.35939870357334,0.35238598486800027,1.0,0.0,12,0,1.6476140151319998,0.07733999192714691,0.05685938874076987,12,,,,,1.7529602217534164,300,2
573,72,0.8,0.9107142857142857,0.9107142857142857,0.5147058823529411,3,12,12.252752997048592,0.3300830168837895,1.0,0.0,12,0,1.6699169831162104,0.07017545402050018,0.056575091797066025,12,,,,,1.7529602217534164,300,2
574,73,0.8,0.8611111111111112,0.8611111111111112,0.65,3,15,14.743286283204545,0.32278207369218603,1.0,0.0,15,0,1.677217926307814,0.0717054158449173,0.056292216338080694,15,,,,,1.7529602217534164,300,2
575,74,0.8,0.8125,0.8125,0.45,3,9,9.270283082761217,0.2553441154284755,1.0,0.0,9,0,1.7446558845715245,0.13396240770816803,0.05601075525639029,9,,,,,1.7529602217534164,300,2
576,75,0.8,0.8333333333333334,0.8333333333333334,0.8088235294117647,3,16,13.870467607546118,0.33474113393950866,0.9375,0.0625,15,1,1.4152588660604914,0.13925035297870636,0.05573070148010834,15,,,,,1.7529602217534164,300,2
577,76,0.8,0.8,0.5454545454545454,0.8,3,14,13.707541776976754,0.33137003126865944,1.0,0.0,14,0,1.6686299687313406,0.3015718460083008,0.0554520479727078,14,,,,,1.7529602217534164,300,2
578,77,0.8,0.8409090909090909,0.8409090909090909,0.8214285714285714,3,15,13.729765534599842,0.36215961209866265,1.0,0.0,15,0,1.6378403879013375,0.06539198756217957,0.05517478773284426,15,,,,,1.7529602217534164,300,2
579,78,0.8,0.8625,0.8625,0.6,3,15,15.370340357612466,0.15027751727694616,1.0,0.0,15,0,1.8497224827230538,0.030356697738170624,0.05489891379418004,15,,,,,1.7529602217534164,300,2
580,79,0.8,0.85,0.85,0.734375,3,16,14.383964659666924,0.3769043776516551,1.0,0.0,16,0,1.623095622348345,0.08248491585254669,0.05462441922520914,16,,,,,1.7529602217534164,300,2
581,80,0.8,0.8888888888888888,0.8888888888888888,0.7166666666666667,3,15,12.692440368823535,0.2734711052678885,0.9333333333333333,0.06666666666666665,14,1,1.459862228065445,0.06560693681240082,0.0543512971290831,14,,,,,1.7529602217534164,300,2
582,81,0.8,0.8055555555555556,0.8055555555555556,0.609375,3,12,8.297030154094713,0.42354375507401726,0.8333333333333334,0.16666666666666663,10,2,0.9097895782593162,0.07753384858369827,0.05407954064343768,10,,,,,1.7529602217534164,300,2
583,82,0.8,0.875,0.7083333333333334,0.875,3,16,12.551758862096921,0.36401390787377436,0.9375,0.0625,15,1,1.3859860921262257,0.0864197164773941,0.05380914294022049,15,,,,,1.7529602217534164,300,2
584,83,0.8,0.8269230769230769,0.7083333333333334,0.8269230769230769,3,13,12.381988004747253,0.3315954631348143,1.0,0.0,13,0,1.6684045368651856,0.03530930355191231,0.05354009722551939,13,,,,,1.7529602217534164,300,2
585,84,0.8,0.9285714285714286,0.9285714285714286,0.6964285714285714,3,11,9.972416581371286,0.27995151969174814,1.0,0.0,11,0,1.7200484803082519,0.05025620013475418,0.05327239673939179,11,,,,,1.7529602217534164,300,2
586,85,0.8,0.8125,0.8125,0.484375,3,11,10.566777628603239,0.31828103294346866,1.0,0.0,11,0,1.6817189670565313,0.10951799154281616,0.053006034755694834,11,,,,,1.7529602217534164,300,2
587,86,0.8,0.8125,0.8020833333333334,0.8125,3,16,13.594464229704155,0.3668465330139258,0.9375,0.0625,15,1,1.3831534669860743,0.075632743537426,0.052741004581916356,15,,,,,1.7529602217534164,300,2
588,87,0.8,0.8269230769230769,0.5555555555555556,0.8269230769230769,3,14,14.580274440779048,0.2796279994296208,1.0,0.0,14,0,1.720372000570379,0.1661583036184311,0.052477299559006776,14,,,,,1.7529602217534164,300,2
589,88,0.8,0.828125,0.828125,0.515625,3,12,11.297679840932163,0.30765642377877234,1.0,0.0,12,0,1.6923435762212278,0.06475694477558136,0.052214913061211746,12,,,,,1.7529602217534164,300,2
590,89,0.8,0.8,0.8,0.5735294117647058,3,13,12.564556929204215,0.3431305341769726,1.0,0.0,13,0,1.6568694658230274,0.1023557186126709,0.05195383849590569,13,,,,,1.7529602217534164,300,2
591,90,0.8,0.8076923076923077,0.45454545454545453,0.8076923076923077,3,11,12.020261779175154,0.2823348486530929,1.0,0.0,11,0,1.7176651513469072,0.09583284705877304,0.05169406930342616,11,,,,,1.7529602217534164,300,2
592,91,0.8,0.8,0.8,0.671875,3,14,13.729150805774061,0.34226807920498786,1.0,0.0,14,0,1.657731920795012,0.06272681057453156,0.05143559895690903,14,,,,,1.7529602217534164,300,2
593,92,0.8,0.8888888888888888,0.8888888888888888,0.5892857142857143,3,12,11.51412532542214,0.39557216564428943,1.0,0.0,12,0,1.6044278343557106,0.10829298198223114,0.051178420962124486,12,,,,,1.7529602217534164,300,2
594,93,0.8,0.828125,0.8125,0.828125,3,17,16.716026349238867,0.21905027750322215,1.0,0.0,17,0,1.7809497224967779,0.050834909081459045,0.05092252885731386,17,,,,,1.7529602217534164,300,2
595,94,0.8,0.84375,0.84375,0.7333333333333333,3,16,15.86738502326569,0.3762307766791829,1.0,0.0,16,0,1.6237692233208172,0.07707180082798004,0.05066791621302729,16,,,,,1.7529602217534164,300,2
596,95,0.8,0.8,0.8,0.65625,3,18,14.371116814889081,0.3601902042744468,0.9444444444444444,0.05555555555555558,17,1,1.4175875735033308,0.04362182319164276,0.05041457663196215,17,,,,,1.7529602217534164,300,2
597,96,0.8,0.85,0.6931818181818182,0.85,3,15,12.370405118326435,0.46537309796215043,0.9333333333333333,0.06666666666666665,14,1,1.267960235371183,0.10411456227302551,0.050162503748802344,14,,,,,1.7529602217534164,300,2
598,97,0.8,0.8055555555555556,0.8055555555555556,0.7666666666666667,3,15,13.779043681016969,0.2649478223231303,1.0,0.0,15,0,1.7350521776768697,0.26259341835975647,0.05,15,,,,,1.7529602217534164,300,2
599,98,0.8,0.8181818181818182,0.8181818181818182,0.5,3,14,12.840508987811209,0.597693816894644,1.0,0.0,14,0,1.402306183105356,0.047372885048389435,0.05,14,,,,,1.7529602217534164,300,2
600,99,0.8,0.8863636363636364,0.8863636363636364,0.796875,3,19,18.157499917926906,0.22086172074707294,0.9473684210526315,0.052631578947368474,18,1,1.5686119634634532,0.12893980741500854,0.05,18,1.5429021829884326,0.3610373301987586,0.9759848782967978,0.024015121703202195,1.7529602217534164,300,3
601,100,0.8,0.8214285714285714,0.65625,0.8214285714285714,3,14,14.099241552209495,0.31994422182416027,1.0,0.0,14,0,1.6800557781758396,0.08672960847616196,0.05,14,,,,,1.7529602217534164,300,3
602,101,0.8,0.875,0.875,0.6166666666666667,3,13,13.585068302804803,0.30492591363417265,1.0,0.0,13,0,1.6950740863658273,0.04103369638323784,0.05,13,,,,,1.7529602217534164,300,3
603,102,0.8,0.8392857142857143,0.8392857142857143,0.36666666666666664,3,9,9.415400293415363,0.32664012139763743,1.0,0.0,9,0,1.6733598786023625,0.20254933834075928,0.05,9,,,,,1.7529602217534164,300,3
604,103,0.8,0.8125,0.8125,0.5,3,12,11.29488281258514,0.3596614323402064,1.0,0.0,12,0,1.6403385676597937,0.2524440884590149,0.05,12,,,,,1.7529602217534164,300,3
605,104,0.8,0.8928571428571429,0.8928571428571429,0.5166666666666667,3,12,12.811670251248547,0.11618711723841949,1.0,0.0,12,0,1.8838128827615805,0.18591421842575073,0.05,12,,,,,1.7529602217534164,300,3
606,105,0.8,0.8125,0.8125,0.625,3,11,10.901924002324481,0.45402588048215764,1.0,0.0,11,0,1.5459741195178425,0.03900943323969841,0.05,11,,,,,1.7529602217534164,300,3
607,106,0.8,0.85,0.765625,0.85,3,14,11.440138717173145,0.4052430271585549,0.9285714285714286,0.0714285714285714,13,1,1.3090426871271594,0.10116301476955414,0.05,13,,,,,1.7529602217534164,300,3
608,107,0.8,0.825,0.825,0.6470588235294118,3,16,17.184905090621733,0.10784274564963817,1.0,0.0,16,0,1.8921572543503618,0.14507639408111572,0.05,16,,,,,1.7529602217534164,300,3
609,108,0.8,0.8068181818181818,0.8068181818181818,0.6875,3,17,14.257464035363366,0.35903071519011126,0.9411764705882353,0.05882352941176472,16,1,1.4056751671628298,0.08512859791517258,0.05,16,,,,,1.7529602217534164,300,3
610,109,0.8,0.8166666666666667,0.5909090909090909,0.8166666666666667,3,14,12.744479555772863,0.49542947581720986,1.0,0.0,14,0,1.5045705241827902,0.027612559497356415,0.05,14,,,,,1.7529602217534164,300,3
611,110,0.8,0.8125,0.8125,0.578125,3,14,15.019777794818594,0.2213232833418342,1.0,0.0,14,0,1.7786767166581658,0.05709807947278023,0.05,14,,,,,1.7529602217534164,300,3
612,111,0.8,0.8472222222222222,0.8472222222222222,0.765625,3,17,15.48697213285904,0.33124558399634346,1.0,0.0,17,0,1.6687544160036565,0.07717043161392212,0.05,17,,,,,1.7529602217534164,300,3
613,112,0.8,0.8194444444444444,0.8194444444444444,0.6153846153846154,3,13,13.429215667209911,0.41394721682200897,1.0,0.0,13,0,1.586052783177991,0.059725359082221985,0.05,13,,,,,1.7529602217534164,300,3
614,113,0.8,0.84375,0.84375,0.796875,3,14,9.789986695867313,0.34040123338388395,0.8571428571428571,0.1428571428571429,12,2,1.0881701951875444,0.08013074100017548,0.05,12,,,,,1.7529602217534164,300,3
615,114,0.8,0.8611111111111112,0.8611111111111112,0.7678571428571429,3,14,11.573299864268655,0.4619830365581282,0.9285714285714286,0.0714285714285714,13,1,1.2523026777275863,0.08968695998191833,0.05,13,,,,,1.7529602217534164,300,3
616,115,0.8,0.8125,0.8125,0.65625,3,12,11.630236258834813,0.49551150375484987,1.0,0.0,12,0,1.5044884962451501,0.0724625289440155,0.05,12,,,,,1.7529602217534164,300,3
617,116,0.8,0.8472222222222222,0.8472222222222222,0.5666666666666667,3,14,14.879553137841521,0.1549863773016062,1.0,0.0,14,0,1.8450136226983938,0.23031166195869446,0.05,14,,,,,1.7529602217534164,300,3
618,117,0.8,0.828125,0.7625,0.828125,3,17,13.814077100034355,0.41451379514014813,0.9411764705882353,0.05882352941176472,16,1,1.350192087212793,0.11329382658004761,0.05,16,,,,,1.7529602217534164,300,3
619,118,0.8,0.8125,0.8125,0.6964285714285714,3,15,11.20143515470423,0.6006929386930652,0.9333333333333333,0.06666666666666665,14,1,1.1326403946402683,0.09987133741378784,0.05,14,,,,,1.7529602217534164,300,3
620,119,0.8,0.828125,0.6818181818181818,0.828125,3,16,13.532544312602797,0.3872275265231805,1.0,0.0,16,0,1.6127724734768196,0.06485866755247116,0.05,16,,,,,1.7529602217534164,300,3
621,120,0.8,0.8295454545454546,0.8295454545454546,0.8,3,16,14.1302898545688,0.3435725395748811,1.0,0.0,16,0,1.6564274604251188,0.05572688579559326,0.05,16,,,,,1.7529602217534164,300,3
622,121,0.8,0.828125,0.6363636363636364,0.828125,3,17,14.872632847082444,0.5281448035555922,1.0,0.0,17,0,1.4718551964444078,0.05488010123372078,0.05,17,,,,,1.7529602217534164,300,3
623,122,0.8,0.84375,0.84375,0.6029411764705882,3,15,12.89299469678218,0.41573970964154905,0.9333333333333333,0.06666666666666665,14,1,1.3175936236917845,0.153187096118927,0.05,14,,,,,1.7529602217534164,300,3
624,123,0.8,0.890625,0.890625,0.546875,3,15,14.362007776560782,0.24087192196121254,0.9333333333333333,0.06666666666666665,14,1,1.4924614113721208,0.06189952790737152,0.05,14,,,,,1.7529602217534164,300,3
625,124,0.8,0.8194444444444444,0.8194444444444444,0.671875,3,14,14.168523223130755,0.13862118439836463,1.0,0.0,14,0,1.8613788156016353,0.18547934293746948,0.05,14,,,,,1.7529602217534164,300,3
626,125,0.8,0.8194444444444444,0.8194444444444444,0.765625,3,20,19.64833757765573,0.165417894187129,1.0,0.0,20,0,1.834582105812871,0.09557560086250305,0.05,20,,,,,1.7529602217534164,300,3
627,126,0.8,0.875,0.875,0.65,3,13,13.82179584876782,0.14604978653371498,1.0,0.0,13,0,1.853950213466285,0.1286579966545105,0.05,13,,,,,1.7529602217534164,300,3
628,127,0.8,0.8125,0.8125,0.765625,3,14,12.064977495646438,0.2975108735796709,1.0,0.0,14,0,1.7024891264203292,0.060644108802080154,0.05,14,,,,,1.7529602217534164,300,3
629,128,0.8,0.8571428571428571,0.7159090909090909,0.8571428571428571,3,14,11.894101621313807,0.3852225274514389,1.0,0.0,14,0,1.614777472548561,0.10767214000225067,0.05,14,,,,,1.7529602217534164,300,3
630,129,0.8,0.8,0.8,0.8,3,16,16.056469236489715,0.21442163719398413,1.0,0.0,16,0,1.7855783628060158,0.06963768601417542,0.05,16,,,,,1.7529602217534164,300,3
631,130,0.8,0.8611111111111112,0.8611111111111112,0.5357142857142857,3,10,10.307624323494943,0.3331824942246533,1.0,0.0,10,0,1.6668175057753467,0.1371196061372757,0.05,10,,,,,1.7529602217534164,300,3
632,131,0.8,0.85,0.85,0.609375,3,12,11.444437824179213,0.3018619705021056,1.0,0.0,12,0,1.6981380294978945,0.08279930055141449,0.05,12,,,,,1.7529602217534164,300,3
633,132,0.8,0.8125,0.7,0.8125,3,16,11.738113812626588,0.5713417733471986,0.9375,0.0625,15,1,1.1786582266528014,0.042718250304460526,0.05,15,,,,,1.7529602217534164,300,3
634,133,0.8,0.8125,0.8125,0.734375,3,15,13.097533843321472,0.33975493432824133,1.0,0.0,15,0,1.6602450656717587,0.03725743293762207,0.05,15,,,,,1.7529602217534164,300,3
635,134,0.8,0.8392857142857143,0.8375,0.8392857142857143,3,15,14.509002368320786,0.07537465204727538,1.0,0.0,15,0,1.9246253479527247,0.1028815358877182,0.05,15,,,,,1.7529602217534164,300,3
636,135,0.8,0.90625,0.90625,0.6607142857142857,3,12,10.029169232759925,0.3432656222788183,0.9166666666666666,0.08333333333333337,11,1,1.3234010443878483,0.09573018550872803,0.05,11,,,,,1.7529602217534164,300,3
637,136,0.8,0.8522727272727273,0.8522727272727273,0.6875,3,19,18.361807009839193,0.15206627016581198,1.0,0.0,19,0,1.847933729834188,0.09869278967380524,0.05,19,,,,,1.7529602217534164,300,3
638,137,0.8,0.8055555555555556,0.8055555555555556,0.5,3,11,10.105282002668542,0.4985133041638045,1.0,0.0,11,0,1.5014866958361954,0.054354228079319,0.05,11,,,,,1.7529602217534164,300,3
639,138,0.8,0.828125,0.828125,0.4305555555555556,3,11,12.029300594624555,0.2946278254943948,1.0,0.0,11,0,1.7053721745056052,0.1670096069574356,0.05,11,,,,,1.7529602217534164,300,3
640,139,0.8,0.8035714285714286,0.8035714285714286,0.35714285714285715,3,9,9.42664202651141,0.25820694155127,1.0,0.0,9,0,1.74179305844873,0.048575229942798615,0.05,9,,,,,1.7529602217534164,300,3
641,140,0.8,0.84375,0.84375,0.8214285714285714,3,13,10.339618415186674,0.43110094087612094,0.9230769230769231,0.07692307692307687,12,1,1.2612067514315717,0.09114117175340652,0.05,12,,,,,1.7529602217534164,300,3
642,141,0.8,0.84375,0.7638888888888888,0.84375,3,15,14.886158522776022,0.22554947241642848,1.0,0.0,15,0,1.7744505275835716,0.14157912135124207,0.05,15,,,,,1.7529602217534164,300,3
643,142,0.8,0.8068181818181818,0.8068181818181818,0.6730769230769231,3,14,13.869460488933113,0.2757300514764336,1.0,0.0,14,0,1.7242699485235664,0.10584060847759247,0.05,14,,,,,1.7529602217534164,300,3
644,143,0.8,0.8235294117647058,0.725,0.8235294117647058,3,14,9.906042034236417,0.5182457319089631,0.9285714285714286,0.0714285714285714,13,1,1.1960399823767514,0.06932200491428375,0.05,13,,,,,1.7529602217534164,300,3
645,144,0.8,0.8194444444444444,0.8194444444444444,0.6607142857142857,3,14,11.342153894437303,0.4244071124817764,0.9285714285714286,0.0714285714285714,13,1,1.289878601803938,0.06049361824989319,0.05,13,,,,,1.7529602217534164,300,3
646,145,0.8,0.8166666666666667,0.6590909090909091,0.8166666666666667,3,14,13.33469411968535,0.3580506931055478,1.0,0.0,14,0,1.6419493068944522,0.18817844986915588,0.05,14,,,,,1.7529602217534164,300,3
647,146,0.8,0.8625,0.8625,0.7666666666666667,3,14,13.569996629251243,0.22271748493350163,1.0,0.0,14,0,1.7772825150664984,0.10154373943805695,0.05,14,,,,,1.7529602217534164,300,3
648,147,0.8,0.8076923076923077,0.71875,0.8076923076923077,3,12,10.78452935511708,0.36703458515718435,1.0,0.0,12,0,1.6329654148428157,0.08288820087909698,0.05,12,,,,,1.7529602217534164,300,3
649,148,0.8,0.8,0.7916666666666666,0.8,3,15,12.529860018200985,0.16192740571351716,1.0,0.0,15,0,1.8380725942864828,0.09649260342121124,0.05,15,,,,,1.7529602217534164,300,3
650,149,0.8,0.8214285714285714,0.78125,0.8214285714285714,3,13,8.339218291109226,0.47918027740470037,0.8461538461538461,0.15384615384615385,11,2,0.9054351072106843,0.05722256377339363,0.05,11,,,,,1.7529602217534164,300,3
651,150,0.8,0.875,0.875,0.75,3,14,13.473160209386055,0.2660159334027865,1.0,0.0,14,0,1.7339840665972135,0.056865863502025604,0.05,14,,,,,1.7529602217534164,300,3
652,151,0.8,0.8269230769230769,0.7125,0.8269230769230769,3,12,8.722097308707685,0.41367254475609017,0.9166666666666666,0.08333333333333337,11,1,1.2529941219105762,0.11268757283687592,0.05,11,,,,,1.7529602217534164,300,3
653,152,0.8,0.8055555555555556,0.8055555555555556,0.5625,3,14,14.284871712095597,0.4848863933103713,1.0,0.0,14,0,1.5151136066896287,0.07438301295042038,0.05,14,,,,,1.7529602217534164,300,3
654,153,0.8,0.8125,0.8125,0.6730769230769231,3,10,8.817712228015507,0.2631630706639471,1.0,0.0,10,0,1.7368369293360528,0.028551647439599037,0.05,10,,,,,1.7529602217534164,300,3
655,154,0.8,0.8055555555555556,0.8055555555555556,0.6470588235294118,3,14,12.104120438673467,0.37071769161234625,1.0,0.0,14,0,1.6292823083876538,0.06772883981466293,0.05,14,,,,,1.7529602217534164,300,3
656,155,0.8,0.8055555555555556,0.8055555555555556,0.6833333333333333,3,13,11.94340887175881,0.41997075982616955,1.0,0.0,13,0,1.5800292401738305,0.05349791795015335,0.05,13,,,,,1.7529602217534164,300,3
657,156,0.8,0.8472222222222222,0.8472222222222222,0.78125,3,15,13.076976735890291,0.31098959374381274,1.0,0.0,15,0,1.6890104062561873,0.0940118059515953,0.05,15,,,,,1.7529602217534164,300,3
658,157,0.8,0.8,0.8,0.8,3,15,12.588517072455776,0.38688095110070214,0.9333333333333333,0.06666666666666665,14,1,1.3464523822326313,0.28346025943756104,0.05,14,,,,,1.7529602217534164,300,3
659,158,0.8,0.8333333333333334,0.8125,0.8333333333333334,3,19,17.98462646560605,0.26110545389741296,1.0,0.0,19,0,1.738894546102587,0.11058759689331055,0.05,19,,,,,1.7529602217534164,300,3
660,159,0.8,0.8375,0.8375,0.6617647058823529,3,14,10.698024128380304,0.4593297940253444,0.9285714285714286,0.0714285714285714,13,1,1.25495592026037,0.050552792847156525,0.05,13,,,,,1.7529602217534164,300,3
661,160,0.8,0.8928571428571429,0.8928571428571429,0.45,3,9,9.647013892876245,0.24268126169009863,1.0,0.0,9,0,1.7573187383099014,0.09305785596370697,0.05,9,,,,,1.7529602217534164,300,3
662,161,0.8,0.825,0.825,0.7352941176470589,3,19,17.748995015604137,0.5151425206377616,1.0,0.0,19,0,1.4848574793622384,0.044904500246047974,0.05,19,,,,,1.7529602217534164,300,3
663,162,0.8,0.8076923076923077,0.75,0.8076923076923077,3,14,12.222931920883083,0.3676050418032574,1.0,0.0,14,0,1.6323949581967425,0.09464546293020248,0.05,14,,,,,1.7529602217534164,300,3
664,163,0.8,0.8472222222222222,0.8472222222222222,0.4642857142857143,3,13,13.587539364908622,0.19742793537782694,1.0,0.0,13,0,1.802572064622173,0.18568943440914154,0.05,13,,,,,1.7529602217534164,300,3
665,164,0.8,0.8333333333333334,0.825,0.8333333333333334,3,15,12.35471798903989,0.3916046515110967,1.0,0.0,15,0,1.6083953484889033,0.05546572804450989,0.05,15,,,,,1.7529602217534164,300,3
666,165,0.8,0.9285714285714286,0.9285714285714286,0.296875,3,8,7.752294073452804,0.13866278784558633,0.875,0.125,7,1,1.3613372121544136,0.09824806451797485,0.05,7,,,,,1.7529602217534164,300,3
667,166,0.8,0.8472222222222222,0.8472222222222222,0.4444444444444444,3,14,14.532870840537031,0.4101535688567648,1.0,0.0,14,0,1.5898464311432352,0.0577118843793869,0.05,14,,,,,1.7529602217534164,300,3
668,167,0.8,0.90625,0.90625,0.5,3,12,10.959436947982535,0.4780645850177445,0.9166666666666666,0.08333333333333337,11,1,1.188602081648922,0.0729285255074501,0.05,11,,,,,1.7529602217534164,300,3
669,168,0.8,0.85,0.6354166666666666,0.85,3,13,12.029619378350317,0.3485084169048369,1.0,0.0,13,0,1.651491583095163,0.031046831980347633,0.05,13,,,,,1.7529602217534164,300,3
670,169,0.8,0.84375,0.675,0.84375,3,16,15.24812126384686,0.231429158458684,1.0,0.0,16,0,1.768570841541316,0.09140817821025848,0.05,16,,,,,1.7529602217534164,300,3
671,170,0.8,0.8333333333333334,0.8333333333333334,0.6071428571428571,3,13,11.193463579872372,0.3816405562290779,1.0,0.0,13,0,1.6183594437709221,0.13988202810287476,0.05,13,,,,,1.7529602217534164,300,3
672,171,0.8,0.8214285714285714,0.7159090909090909,0.8214285714285714,3,14,11.929632241833385,0.47153601962876746,1.0,0.0,14,0,1.5284639803712325,0.046381283551454544,0.05,14,,,,,1.7529602217534164,300,3
673,172,0.8,0.8076923076923077,0.725,0.8076923076923077,3,13,9.738107354924992,0.3979381334442401,0.9230769230769231,0.07692307692307687,12,1,1.2943695588634525,0.09981507062911987,0.05,12,,,,,1.7529602217534164,300,3
674,173,0.8,0.8235294117647058,0.765625,0.8235294117647058,3,17,17.123444605971514,0.39577172961118867,1.0,0.0,17,0,1.6042282703888113,0.020375069230794907,0.05,17,,,,,1.7529602217534164,300,3
675,174,0.8,0.8571428571428571,0.8571428571428571,0.5166666666666667,3,11,10.187522828469334,0.24294277783465157,1.0,0.0,11,0,1.7570572221653484,0.03892586752772331,0.05,11,,,,,1.7529602217534164,300,3
676,175,0.8,0.8194444444444444,0.8194444444444444,0.5625,3,14,12.138227708916336,0.42749716156758205,1.0,0.0,14,0,1.572502838432418,0.04692521691322327,0.05,14,,,,,1.7529602217534164,300,3
677,176,0.8,0.8541666666666666,0.8541666666666666,0.609375,3,14,14.696145183801589,0.1635680567101373,1.0,0.0,14,0,1.8364319432898628,0.34503263235092163,0.05,14,,,,,1.7529602217534164,300,3
678,177,0.8,0.8958333333333334,0.8958333333333334,0.4375,3,9,9.706210367133956,0.12932131224919857,1.0,0.0,9,0,1.8706786877508015,0.11559267342090607,0.05,9,,,,,1.7529602217534164,300,3
679,178,0.8,0.8333333333333334,0.8333333333333334,0.45588235294117646,3,10,11.145320495798725,0.29093711913260034,1.0,0.0,10,0,1.7090628808673998,0.060813553631305695,0.05,10,,,,,1.7529602217534164,300,3
680,179,0.8,0.875,0.875,0.5178571428571429,3,9,9.924546176654934,0.3300649898352053,1.0,0.0,9,0,1.6699350101647947,0.03289514407515526,0.05,9,,,,,1.7529602217534164,300,3
681,180,0.8,0.8,0.6527777777777778,0.8,3,13,11.153360128751508,0.44869515474782473,1.0,0.0,13,0,1.5513048452521754,0.052632056176662445,0.05,13,,,,,1.7529602217534164,300,3
682,181,0.8,0.8214285714285714,0.8125,0.8214285714285714,3,14,13.97653497927432,0.3457589294962036,1.0,0.0,14,0,1.6542410705037964,0.04700859263539314,0.05,14,,,,,1.7529602217534164,300,3
683,182,0.8,0.8571428571428571,0.8571428571428571,0.640625,3,12,12.204988115051448,0.18455786375439628,1.0,0.0,12,0,1.8154421362456037,0.12978866696357727,0.05,12,,,,,1.7529602217534164,300,3
684,183,0.8,0.8375,0.8375,0.8166666666666667,3,17,13.756924668156099,0.49541514110915497,0.9411764705882353,0.05882352941176472,16,1,1.2692907412437862,0.040200360119342804,0.05,16,,,,,1.7529602217534164,300,3
685,184,0.8,0.84375,0.84375,0.6,3,11,9.900226646818897,0.3283163431896674,1.0,0.0,11,0,1.6716836568103326,0.05926722288131714,0.05,11,,,,,1.7529602217534164,300,3
686,185,0.8,0.8,0.8,0.4852941176470588,3,13,13.079485720103564,0.3547944703674148,1.0,0.0,13,0,1.6452055296325852,0.1465095579624176,0.05,13,,,,,1.7529602217534164,300,3
687,186,0.8,0.8,0.6625,0.8,3,14,12.424789610332693,0.5446996054769733,1.0,0.0,14,0,1.4553003945230267,0.10953817516565323,0.05,14,,,,,1.7529602217534164,300,3
688,187,0.8,0.8,0.8,0.515625,3,13,13.555594460419886,0.22564800537741303,1.0,0.0,13,0,1.774351994622587,0.078827403485775,0.05,13,,,,,1.7529602217534164,300,3
689,188,0.8,0.8035714285714286,0.8035714285714286,0.6666666666666666,3,13,10.261177553251734,0.5132998786982546,0.9230769230769231,0.07692307692307687,12,1,1.179007813609438,0.03030037134885788,0.05,12,,,,,1.7529602217534164,300,3
690,189,0.8,0.8472222222222222,0.8472222222222222,0.8166666666666667,3,16,11.041519418025386,0.3268734712234922,0.875,0.125,14,2,1.1731265287765078,0.0535123348236084,0.05,14,,,,,1.7529602217534164,300,3
691,190,0.8,0.8392857142857143,0.8392857142857143,0.53125,3,11,11.717904562334581,0.21271267796619697,1.0,0.0,11,0,1.787287322033803,0.09648733586072922,0.05,11,,,,,1.7529602217534164,300,3
692,191,0.8,0.8472222222222222,0.8472222222222222,0.8235294117647058,3,17,9.053659875618202,0.6067332527856714,0.8235294117647058,0.17647058823529416,14,3,0.6873843942731521,0.05074381083250046,0.05,14,,,,,1.7529602217534164,300,3
693,192,0.8,0.8333333333333334,0.8333333333333334,0.75,3,12,8.5089085892705,0.34995213163041694,0.9166666666666666,0.08333333333333337,11,1,1.3167145350362495,0.1392175853252411,0.05,11,,,,,1.7529602217534164,300,3
694,193,0.8,0.8625,0.8625,0.71875,3,15,13.617181585228664,0.35685030805285495,1.0,0.0,15,0,1.643149691947145,0.06747318804264069,0.05,15,,,,,1.7529602217534164,300,3
695,194,0.8,0.8055555555555556,0.8055555555555556,0.75,3,14,12.031070405416063,0.36595643168944386,1.0,0.0,14,0,1.634043568310556,0.12074477970600128,0.05,14,,,,,1.7529602217534164,300,3
696,195,0.8,0.825,0.825,0.640625,3,15,14.88281839095093,0.17039227886356262,1.0,0.0,15,0,1.8296077211364374,0.10269626975059509,0.05,15,,,,,1.7529602217534164,300,3
697,196,0.8,0.9027777777777778,0.9027777777777778,0.6785714285714286,3,12,12.18514282384878,0.11623027255847995,1.0,0.0,12,0,1.88376972744152,0.10190935432910919,0.05,12,,,,,1.7529602217534164,300,3
698,197,0.8,0.8625,0.8625,0.6428571428571429,3,12,12.2728905736595,0.19593243643463565,1.0,0.0,12,0,1.8040675635653645,0.15567469596862793,0.05,12,,,,,1.7529602217534164,300,3
699,198,0.8,0.8035714285714286,0.8035714285714286,0.5416666666666666,3,13,11.654853048173731,0.478405004821985,1.0,0.0,13,0,1.521594995178015,0.04573453217744827,0.05,13,,,,,1.7529602217534164,300,3
700,199,0.8,0.8125,0.45454545454545453,0.8125,3,12,11.814568106086593,0.33526599659566325,1.0,0.0,12,0,1.6647340034043367,0.046514205634593964,0.05,12,1.5713856806145847,0.36287481224652746,0.983565123215278,0.016434876784721986,1.7529602217534164,300,4
701,200,0.8,0.8125,0.8125,0.796875,3,15,12.863123048480144,0.3683615375152802,1.0,0.0,15,0,1.6316384624847198,0.2183694690465927,0.05,15,,,,,1.7529602217534164,300,4
702,201,0.8,0.8125,0.6875,0.8125,3,15,13.4446512057735,0.47818657838909934,1.0,0.0,15,0,1.5218134216109007,0.13497212529182434,0.05,15,,,,,1.7529602217534164,300,4
703,202,0.8,0.8295454545454546,0.8295454545454546,0.8035714285714286,3,18,14.383304966951055,0.40948979982975264,0.9444444444444444,0.05555555555555558,17,1,1.368287977948025,0.11621291190385818,0.05,17,,,,,1.7529602217534164,300,4
704,203,0.8,0.8125,0.8125,0.45,3,10,7.609595297062144,0.48197868232179414,1.0,0.0,10,0,1.5180213176782058,0.10649329423904419,0.05,10,,,,,1.7529602217534164,300,4
705,204,0.8,0.875,0.875,0.8088235294117647,3,17,13.649966462482862,0.3755839211255755,0.9411764705882353,0.05882352941176472,16,1,1.3891219612273655,0.10782007873058319,0.05,16,,,,,1.7529602217534164,300,4
706,205,0.8,0.921875,0.921875,0.6785714285714286,3,15,11.310204005565472,0.4552725124442214,0.8666666666666667,0.1333333333333333,13,2,1.0113941542224454,0.09274499118328094,0.05,13,,,,,1.7529602217534164,300,4
707,206,0.8,0.828125,0.828125,0.5833333333333334,3,13,12.797984903848146,0.3160948119592809,1.0,0.0,13,0,1.6839051880407192,0.08280795812606812,0.05,13,,,,,1.7529602217534164,300,4
708,207,0.8,0.8214285714285714,0.7638888888888888,0.8214285714285714,3,15,14.060187170352968,0.3647289593318084,1.0,0.0,15,0,1.6352710406681916,0.3369462490081787,0.05,15,,,,,1.7529602217534164,300,4
709,208,0.8,0.8333333333333334,0.6125,0.8333333333333334,3,13,10.608486671993234,0.42946609073302916,0.9230769230769231,0.07692307692307687,12,1,1.2628416015746633,0.0483887679874897,0.05,12,,,,,1.7529602217534164,300,4
710,209,0.8,0.8125,0.8125,0.421875,3,10,9.304564636038297,0.4583611736285753,1.0,0.0,10,0,1.5416388263714247,0.09324556589126587,0.05,10,,,,,1.7529602217534164,300,4
711,210,0.8,0.8611111111111112,0.8611111111111112,0.7857142857142857,3,16,14.259184627896703,0.23426219805206944,1.0,0.0,16,0,1.7657378019479306,0.16211865842342377,0.05,16,,,,,1.7529602217534164,300,4
712,211,0.8,0.8055555555555556,0.8055555555555556,0.453125,3,11,10.898522657606948,0.32154565671946256,1.0,0.0,11,0,1.6784543432805374,0.18826457858085632,0.05,11,,,,,1.7529602217534164,300,4
713,212,0.8,0.8625,0.8625,0.7,3,16,12.762279242638769,0.329589622038264,0.9375,0.0625,15,1,1.420410377961736,0.0728951245546341,0.05,15,,,,,1.7529602217534164,300,4
714,213,0.8,0.85,0.85,0.6176470588235294,3,15,13.370954827101553,0.35473090559638276,1.0,0.0,15,0,1.6452690944036172,0.08264915645122528,0.05,15,,,,,1.7529602217534164,300,4
715,214,0.8,0.8125,0.8125,0.609375,3,15,13.744765377234145,0.47463140211602084,1.0,0.0,15,0,1.525368597883979,0.04590114206075668,0.05,15,,,,,1.7529602217534164,300,4
716,215,0.8,0.8333333333333334,0.8333333333333334,0.7142857142857143,3,12,11.557474649784748,0.3376453900953638,1.0,0.0,12,0,1.6623546099046362,0.22797881066799164,0.05,12,,,,,1.7529602217534164,300,4
717,216,0.8,0.8076923076923077,0.5375,0.8076923076923077,3,14,13.510300807908212,0.3150451128897618,1.0,0.0,14,0,1.6849548871102382,0.0844312533736229,0.05,14,,,,,1.7529602217534164,300,4
718,217,0.8,0.85,0.7875,0.85,3,15,10.37680570188759,0.4038772353923818,0.8666666666666667,0.1333333333333333,13,2,1.062789431274285,0.08583338558673859,0.05,13,,,,,1.7529602217534164,300,4
719,218,0.8,0.9027777777777778,0.9027777777777778,0.8214285714285714,3,14,10.084479921716595,0.5056661857579958,0.8571428571428571,0.1428571428571429,12,2,0.9229052428134326,0.08901377022266388,0.05,12,,,,,1.7529602217534164,300,4
720,219,0.8,0.8214285714285714,0.6818181818181818,0.8214285714285714,3,14,13.62076372708465,0.19714395882594893,1.0,0.0,14,0,1.802856041174051,0.0830390676856041,0.05,14,,,,,1.7529602217534164,300,4
721,220,0.8,0.8035714285714286,0.8035714285714286,0.7,3,12,10.695332394756438,0.4870610659239123,1.0,0.0,12,0,1.5129389340760877,0.07075491547584534,0.05,12,,,,,1.7529602217534164,300,4
722,221,0.8,0.8333333333333334,0.8333333333333334,0.7352941176470589,3,15,11.385411700330963,0.4175446671165045,0.9333333333333333,0.06666666666666665,14,1,1.3157886662168288,0.09883637726306915,0.05,14,,,,,1.7529602217534164,300,4
723,222,0.8,0.921875,0.921875,0.48214285714285715,3,11,8.775873280298145,0.41319702520280205,1.0,0.0,11,0,1.586802974797198,0.05614461749792099,0.05,11,,,,,1.7529602217534164,300,4
724,223,0.8,0.8194444444444444,0.8194444444444444,0.7857142857142857,3,14,13.999377132513736,0.20259964598376717,1.0,0.0,14,0,1.7974003540162329,0.05809684842824936,0.05,14,,,,,1.7529602217534164,300,4
725,224,0.8,0.8214285714285714,0.7222222222222222,0.8214285714285714,3,20,12.8794362394585,0.4077788116922362,0.9,0.09999999999999998,18,2,1.1922211883077638,0.026422936469316483,0.05,18,,,,,1.7529602217534164,300,4
726,225,0.8,0.8181818181818182,0.8181818181818182,0.7833333333333333,3,16,13.685832814788698,0.4304638290711197,0.9375,0.0625,15,1,1.3195361709288802,0.18598672747612,0.05,15,,,,,1.7529602217534164,300,4
727,226,0.8,0.8125,0.7,0.8125,3,13,12.940965510492752,0.2703130937058305,1.0,0.0,13,0,1.7296869062941695,0.015765199437737465,0.05,13,,,,,1.7529602217534164,300,4
728,227,0.8,0.8,0.6022727272727273,0.8,3,14,13.744955355258035,0.3322505022861877,1.0,0.0,14,0,1.6677494977138123,0.0645325779914856,0.05,14,,,,,1.7529602217534164,300,4
729,228,0.8,0.8125,0.8125,0.7678571428571429,3,14,12.382376110804842,0.17283487033348324,0.9285714285714286,0.0714285714285714,13,1,1.5414508439522312,0.051048070192337036,0.05,13,,,,,1.7529602217534164,300,4
730,229,0.8,0.85,0.8,0.85,3,14,12.26691230266216,0.3824233137586377,1.0,0.0,14,0,1.6175766862413623,0.034193962812423706,0.05,14,,,,,1.7529602217534164,300,4
731,230,0.8,0.8666666666666667,0.75,0.8666666666666667,3,18,14.74790335378577,0.31990675230301613,0.9444444444444444,0.05555555555555558,17,1,1.4578710254747616,0.03681985288858414,0.05,17,,,,,1.7529602217534164,300,4
732,231,0.8,0.8875,0.8875,0.734375,3,15,11.159711496428798,0.4244964647452485,1.0,0.0,15,0,1.5755035352547515,0.1263633370399475,0.05,15,,,,,1.7529602217534164,300,4
733,232,0.8,0.8194444444444444,0.8194444444444444,0.5178571428571429,3,10,9.338677666599397,0.5930665676540747,1.0,0.0,10,0,1.4069334323459253,0.05949531868100166,0.05,10,,,,,1.7529602217534164,300,4
734,233,0.8,0.8055555555555556,0.8055555555555556,0.5,3,10,11.291832686658427,0.20384605173551856,1.0,0.0,10,0,1.7961539482644815,0.07163234055042267,0.05,10,,,,,1.7529602217534164,300,4
735,234,0.8,0.8472222222222222,0.8472222222222222,0.8,3,17,16.240409801765807,0.35865984153419533,1.0,0.0,17,0,1.6413401584658047,0.08099793642759323,0.05,17,,,,,1.7529602217534164,300,4
736,235,0.8,0.859375,0.859375,0.6428571428571429,3,12,9.64882718558591,0.3598149741115654,0.9166666666666666,0.08333333333333337,11,1,1.306851692555101,0.16734179854393005,0.05,11,,,,,1.7529602217534164,300,4
737,236,0.8,0.828125,0.828125,0.8,3,15,12.302559481594674,0.39645416444819614,0.9333333333333333,0.06666666666666665,14,1,1.3368791688851371,0.05219656974077225,0.05,14,,,,,1.7529602217534164,300,4
738,237,0.8,0.8333333333333334,0.5454545454545454,0.8333333333333334,3,15,13.118695451984461,0.468761210761924,1.0,0.0,15,0,1.5312387892380759,0.038073599338531494,0.05,15,,,,,1.7529602217534164,300,4
739,238,0.8,0.8088235294117647,0.7272727272727273,0.8088235294117647,3,18,17.34817584947172,0.3029150845554549,1.0,0.0,18,0,1.697084915444545,0.08404339104890823,0.05,18,,,,,1.7529602217534164,300,4
740,239,0.8,0.8,0.8,0.609375,3,15,12.8408713171373,0.4087710332227613,1.0,0.0,15,0,1.5912289667772388,0.04497853294014931,0.05,15,,,,,1.7529602217534164,300,4
741,240,0.8,0.8958333333333334,0.8958333333333334,0.59375,3,12,9.177858668672725,0.40198823047818344,0.9166666666666666,0.08333333333333337,11,1,1.264678436188483,0.05818117409944534,0.05,11,,,,,1.7529602217534164,300,4
742,241,0.8,0.8076923076923077,0.65625,0.8076923076923077,3,11,9.063927893442761,0.37312004037248886,1.0,0.0,11,0,1.6268799596275112,0.07801373302936554,0.05,11,,,,,1.7529602217534164,300,4
743,242,0.8,0.8125,0.8125,0.5666666666666667,3,11,12.394378907935497,0.06571676222826534,1.0,0.0,11,0,1.9342832377717347,0.044947270303964615,0.05,11,,,,,1.7529602217534164,300,4
744,243,0.8,0.85,0.7625,0.85,3,17,13.64778498608542,0.4056935592286224,1.0,0.0,17,0,1.5943064407713776,0.03751828521490097,0.05,17,,,,,1.7529602217534164,300,4
745,244,0.8,0.828125,0.828125,0.3,3,10,11.365409570507694,0.2300649621546673,1.0,0.0,10,0,1.7699350378453327,0.0543159618973732,0.05,10,,,,,1.7529602217534164,300,4
746,245,0.8,0.8055555555555556,0.8055555555555556,0.4852941176470588,3,14,14.698110144660038,0.20322689777245756,1.0,0.0,14,0,1.7967731022275424,0.02534169889986515,0.05,14,,,,,1.7529602217534164,300,4
747,246,0.8,0.8125,0.7375,0.8125,3,14,10.851483353097834,0.5046757526867724,0.9285714285714286,0.0714285714285714,13,1,1.209609961598942,0.10183952748775482,0.05,13,,,,,1.7529602217534164,300,4
748,247,0.8,0.8055555555555556,0.8055555555555556,0.7857142857142857,3,14,11.599984851806358,0.5289544506228044,1.0,0.0,14,0,1.4710455493771954,0.045738331973552704,0.05,14,,,,,1.7529602217534164,300,4
749,248,0.8,0.8035714285714286,0.8035714285714286,0.5961538461538461,3,11,9.593803305859433,0.4375365772592506,1.0,0.0,11,0,1.5624634227407495,0.06306599080562592,0.05,11,,,,,1.7529602217534164,300,4
750,249,0.8,0.8125,0.8125,0.6323529411764706,3,17,15.647160377330088,0.34364300730043484,1.0,0.0,17,0,1.6563569926995652,0.08498329669237137,0.05,17,,,,,1.7529602217534164,300,4
751,250,0.8,0.8611111111111112,0.8611111111111112,0.75,3,12,9.525983918115518,0.3706827926167621,0.9166666666666666,0.08333333333333337,11,1,1.2959838740499043,0.1015934944152832,0.05,11,,,,,1.7529602217534164,300,4
752,251,0.8,0.8125,0.8125,0.609375,3,13,9.023509789408017,0.4798208633102091,0.9230769230769231,0.07692307692307687,12,1,1.2124868289974833,0.0649329423904419,0.05,12,,,,,1.7529602217534164,300,4
753,252,0.8,0.8,0.8,0.6617647058823529,3,17,13.644960849037856,0.45853036244233675,1.0,0.0,17,0,1.5414696375576633,0.03969524800777435,0.05,17,,,,,1.7529602217534164,300,4
754,253,0.8,0.8392857142857143,0.6125,0.8392857142857143,3,14,13.637323581814734,0.43117047006822656,1.0,0.0,14,0,1.5688295299317734,0.038693517446517944,0.05,14,,,,,1.7529602217534164,300,4
755,254,0.8,0.8392857142857143,0.8392857142857143,0.6333333333333333,3,12,9.837070776687991,0.35488418801712873,1.0,0.0,12,0,1.6451158119828713,0.11538414657115936,0.05,12,,,,,1.7529602217534164,300,4
756,255,0.8,0.8392857142857143,0.7875,0.8392857142857143,3,15,12.614821530291323,0.4212476706150101,1.0,0.0,15,0,1.5787523293849899,0.0777725800871849,0.05,15,,,,,1.7529602217534164,300,4
757,256,0.8,0.8409090909090909,0.8409090909090909,0.7222222222222222,3,17,13.570936493598543,0.41802900921441344,0.9411764705882353,0.05882352941176472,16,1,1.3466768731385277,0.10066292434930801,0.05,16,,,,,1.7529602217534164,300,4
758,257,0.8,0.8194444444444444,0.8194444444444444,0.7307692307692307,3,11,7.441604866055929,0.40955398802438014,0.9090909090909091,0.09090909090909094,10,1,1.226809648339256,0.055432647466659546,0.05,10,,,,,1.7529602217534164,300,4
759,258,0.8,0.875,0.875,0.5892857142857143,3,11,11.916445725204877,0.18440385543712967,1.0,0.0,11,0,1.8155961445628703,0.21393698453903198,0.05,11,,,,,1.7529602217534164,300,4
760,259,0.8,0.8269230769230769,0.8,0.8269230769230769,3,15,13.459653180571772,0.3041406407238505,1.0,0.0,15,0,1.6958593592761495,0.02158273756504059,0.05,15,,,,,1.7529602217534164,300,4
761,260,0.8,0.8571428571428571,0.8571428571428571,0.625,3,11,8.706785588979612,0.2505804211414333,0.9090909090909091,0.09090909090909094,10,1,1.385783215222203,0.06690271198749542,0.05,10,,,,,1.7529602217534164,300,4
762,261,0.8,0.859375,0.8068181818181818,0.859375,3,16,13.487805904839128,0.2865986096263944,0.9375,0.0625,15,1,1.4634013903736056,0.04305247589945793,0.05,15,,,,,1.7529602217534164,300,4
763,262,0.8,0.828125,0.828125,0.5833333333333334,3,11,6.400796027893034,0.530067559095852,0.8181818181818182,0.18181818181818177,9,2,0.742659713631421,0.02960919588804245,0.05,9,,,,,1.7529602217534164,300,4
764,263,0.8,0.8125,0.7361111111111112,0.8125,3,15,14.051354350167456,0.2464412181586107,1.0,0.0,15,0,1.7535587818413894,0.049853820353746414,0.05,15,,,,,1.7529602217534164,300,4
765,264,0.8,0.8214285714285714,0.8214285714285714,0.390625,3,9,9.970790902047334,0.2197219551918669,1.0,0.0,9,0,1.780278044808133,0.07717866450548172,0.05,9,,,,,1.7529602217534164,300,4
766,265,0.8,0.8333333333333334,0.8333333333333334,0.5625,3,12,12.93229381945817,0.1400380026252728,1.0,0.0,12,0,1.8599619973747272,0.08378233015537262,0.05,12,,,,,1.7529602217534164,300,4
767,266,0.8,0.8125,0.8125,0.6176470588235294,3,13,9.479595328022619,0.3908903482972637,0.9230769230769231,0.07692307692307687,12,1,1.3014173440104289,0.093119315803051,0.05,12,,,,,1.7529602217534164,300,4
768,267,0.8,0.8055555555555556,0.8055555555555556,0.7857142857142857,3,16,12.288351829123838,0.3995022563193506,0.9375,0.0625,15,1,1.3504977436806493,0.15279315412044525,0.05,15,,,,,1.7529602217534164,300,4
769,268,0.8,0.85,0.7625,0.85,3,15,14.422798643255097,0.2020282422620442,1.0,0.0,15,0,1.797971757737956,0.08005064725875854,0.05,15,,,,,1.7529602217534164,300,4
770,269,0.8,0.8625,0.8625,0.46875,3,13,11.81319379398034,0.3529371660192256,1.0,0.0,13,0,1.6470628339807745,0.04439956694841385,0.05,13,,,,,1.7529602217534164,300,4
771,270,0.8,0.84375,0.84375,0.7692307692307693,3,14,11.295646351413259,0.3473928420079794,0.9285714285714286,0.0714285714285714,13,1,1.366892872277735,0.05809205770492554,0.05,13,,,,,1.7529602217534164,300,4
772,271,0.8,0.8472222222222222,0.8472222222222222,0.5576923076923077,3,12,10.188060602316497,0.6367010140406575,1.0,0.0,12,0,1.3632989859593425,0.06424084305763245,0.05,12,,,,,1.7529602217534164,300,4
773,272,0.8,0.875,0.7125,0.875,3,16,13.603109049935421,0.29444362266599755,0.9375,0.0625,15,1,1.4555563773340023,0.04000391066074371,0.05,15,,,,,1.7529602217534164,300,4
774,273,0.8,0.8333333333333334,0.8333333333333334,0.6,3,13,12.817988449647157,0.2340761681839021,1.0,0.0,13,0,1.765923831816098,0.04274383932352066,0.05,13,,,,,1.7529602217534164,300,4
775,274,0.8,0.8035714285714286,0.6944444444444444,0.8035714285714286,3,16,14.287672837628815,0.3902725671908825,1.0,0.0,16,0,1.6097274328091176,0.1258212924003601,0.05,16,,,,,1.7529602217534164,300,4
776,275,0.8,0.8214285714285714,0.8214285714285714,0.5576923076923077,3,12,10.595510292169841,0.4652125741365404,1.0,0.0,12,0,1.5347874258634597,0.05519331246614456,0.05,12,,,,,1.7529602217534164,300,4
777,276,0.8,0.890625,0.890625,0.7916666666666666,3,12,9.481594757583627,0.2595744704075074,0.9166666666666666,0.08333333333333337,11,1,1.4070921962591592,0.12669408321380615,0.05,11,,,,,1.7529602217534164,300,4
778,277,0.8,0.8055555555555556,0.8055555555555556,0.671875,3,12,8.674075050416635,0.46396146375789965,0.9166666666666666,0.08333333333333337,11,1,1.2027052029087668,0.08784136176109314,0.05,11,,,,,1.7529602217534164,300,4
779,278,0.8,0.875,0.875,0.578125,3,11,11.570417104717084,0.25227865005351185,1.0,0.0,11,0,1.747721349946488,0.1840168833732605,0.05,11,,,,,1.7529602217534164,300,4
780,279,0.8,0.859375,0.859375,0.75,3,15,13.149639458396608,0.38534437325570947,1.0,0.0,15,0,1.6146556267442906,0.10712603479623795,0.05,15,,,,,1.7529602217534164,300,4
781,280,0.8,0.8333333333333334,0.8333333333333334,0.578125,3,12,12.079752393764497,0.35042618444904305,1.0,0.0,12,0,1.649573815550957,0.08138363808393478,0.05,12,,,,,1.7529602217534164,300,4
782,281,0.8,0.8392857142857143,0.6375,0.8392857142857143,3,12,10.506746669891905,0.3425653287673839,1.0,0.0,12,0,1.657434671232616,0.02078830823302269,0.05,12,,,,,1.7529602217534164,300,4
783,282,0.8,0.8055555555555556,0.8055555555555556,0.6607142857142857,3,15,11.483496534407543,0.6352056497963695,1.0,0.0,15,0,1.3647943502036304,0.08432583510875702,0.05,15,,,,,1.7529602217534164,300,4
784,283,0.8,0.8392857142857143,0.8392857142857143,0.55,3,10,9.940947354281672,0.33143423024922114,1.0,0.0,10,0,1.6685657697507787,0.05926322191953659,0.05,10,,,,,1.7529602217534164,300,4
785,284,0.8,0.859375,0.859375,0.4642857142857143,3,9,9.190860622798262,0.2560695239248279,1.0,0.0,9,0,1.7439304760751722,0.04587622359395027,0.05,9,,,,,1.7529602217534164,300,4
786,285,0.8,0.8625,0.8625,0.6911764705882353,3,17,13.402789694439786,0.2968401754414064,0.9411764705882353,0.05882352941176472,16,1,1.4678657069115348,0.05483442172408104,0.05,16,,,,,1.7529602217534164,300,4
787,286,0.8,0.8392857142857143,0.8392857142857143,0.7307692307692307,3,14,9.751308807517633,0.5370904602277662,0.8571428571428571,0.1428571428571429,12,2,0.8914809683436622,0.02672366052865982,0.05,12,,,,,1.7529602217534164,300,4
788,287,0.8,0.8035714285714286,0.8035714285714286,0.234375,3,8,8.343744596204989,0.24638750309842994,1.0,0.0,8,0,1.75361249690157,0.03810109943151474,0.05,8,,,,,1.7529602217534164,300,4
789,288,0.8,0.8928571428571429,0.8928571428571429,0.5,3,11,8.853160475311423,0.4185500177980517,0.9090909090909091,0.09090909090909094,10,1,1.2178136185655846,0.05949120223522186,0.05,10,,,,,1.7529602217534164,300,4
790,289,0.8,0.8392857142857143,0.8392857142857143,0.6730769230769231,3,12,10.389343169324448,0.43415014149128284,1.0,0.0,12,0,1.565849858508717,0.0811612606048584,0.05,12,,,,,1.7529602217534164,300,4
791,290,0.8,0.8068181818181818,0.8068181818181818,0.6875,3,16,11.278410674707255,0.4181839734992785,0.9375,0.0625,15,1,1.3318160265007215,0.06326951831579208,0.05,15,,,,,1.7529602217534164,300,4
792,291,0.8,0.8055555555555556,0.8055555555555556,0.6785714285714286,3,13,9.34245374570681,0.4031026384702674,0.9230769230769231,0.07692307692307687,12,1,1.2892050538374251,0.07325059175491333,0.05,12,,,,,1.7529602217534164,300,4
793,292,0.8,0.8541666666666666,0.8541666666666666,0.7166666666666667,3,13,12.38440402673089,0.40940209874745526,1.0,0.0,13,0,1.5905979012525449,0.16109071671962738,0.05,13,,,,,1.7529602217534164,300,4
794,293,0.8,0.8194444444444444,0.8194444444444444,0.7307692307692307,3,11,9.341431744495848,0.35753193713731013,1.0,0.0,11,0,1.6424680628626898,0.0884251818060875,0.05,11,,,,,1.7529602217534164,300,4
795,294,0.8,0.825,0.825,0.55,3,13,11.978314961925314,0.3616417593941321,1.0,0.0,13,0,1.6383582406058679,0.08313485234975815,0.05,13,,,,,1.7529602217534164,300,4
796,295,0.8,0.8636363636363636,0.8636363636363636,0.71875,3,17,15.54479207465827,0.42291114450505995,1.0,0.0,17,0,1.57708885549494,0.06279690563678741,0.05,17,,,,,1.7529602217534164,300,4
797,296,0.8,0.84375,0.71875,0.84375,3,20,19.119353735778034,0.4349848277883178,1.0,0.0,20,0,1.565015172211682,0.07775718718767166,0.05,20,,,,,1.7529602217534164,300,4
798,297,0.8,0.8214285714285714,0.6704545454545454,0.8214285714285714,3,16,12.438390792190402,0.37643634261836445,0.9375,0.0625,15,1,1.3735636573816357,0.07712070643901825,0.05,15,,,,,1.7529602217534164,300,4
799,298,0.8,0.8035714285714286,0.675,0.8035714285714286,3,14,12.401722124406273,0.3571127836823269,1.0,0.0,14,0,1.642887216317673,0.045087315142154694,0.05,14,,,,,1.7529602217534164,300,4
800,299,0.8,0.859375,0.859375,0.6875,3,12,10.303017906578656,0.36381857434446957,1.0,0.0,12,0,1.6361814256555305,0.10078331083059311,0.05,12,1.5334922076298017,0.36501741862285864,0.9746274065631652,0.025372593436834925,1.7529602217534164,300,5
801,300,0.8,0.8035714285714286,0.675,0.8035714285714286,3,15,14.86881495365692,0.36576112608545297,1.0,0.0,15,0,1.634238873914547,0.025539133697748184,0.05,15,,,,,1.7529602217534164,300,5
802,301,0.8,0.8125,0.6875,0.8125,3,11,10.547599779042287,0.30282688652002887,1.0,0.0,11,0,1.697173113479971,0.10223537683486938,0.05,11,,,,,1.7529602217534164,300,5
803,302,0.8,0.8392857142857143,0.8392857142857143,0.5625,3,11,9.955533153511709,0.2384023913528724,0.9090909090909091,0.09090909090909094,10,1,1.397961245010764,0.08736585080623627,0.05,10,,,,,1.7529602217534164,300,5
804,303,0.8,0.8541666666666666,0.6704545454545454,0.8541666666666666,3,13,11.820575023956874,0.3445193927887144,1.0,0.0,13,0,1.6554806072112855,0.05019528046250343,0.05,13,,,,,1.7529602217534164,300,5
805,304,0.8,0.8611111111111112,0.8611111111111112,0.7205882352941176,3,18,13.833098320979477,0.5956343758768857,1.0,0.0,18,0,1.4043656241231144,0.16325725615024567,0.05,18,,,,,1.7529602217534164,300,5
806,305,0.8,0.8181818181818182,0.8181818181818182,0.75,3,18,16.149652019027716,0.309162719588448,1.0,0.0,18,0,1.690837280411552,0.08098360896110535,0.05,18,,,,,1.7529602217534164,300,5
807,306,0.8,0.8875,0.8875,0.8235294117647058,3,19,13.293560354829678,0.5691939822106091,0.8421052631578947,0.1578947368421053,16,3,0.7992270704209696,0.16068845987319946,0.05,16,,,,,1.7529602217534164,300,5
808,307,0.8,0.8229166666666666,0.8229166666666666,0.8,3,17,14.688820073259869,0.3614754036911161,0.9411764705882353,0.05882352941176472,16,1,1.403230478661825,0.06136392056941986,0.05,16,,,,,1.7529602217534164,300,5
809,308,0.8,0.8125,0.8125,0.6176470588235294,3,15,12.176280956813876,0.4519029616980918,1.0,0.0,15,0,1.5480970383019081,0.028059424832463264,0.05,15,,,,,1.7529602217534164,300,5
810,309,0.8,0.9166666666666666,0.9166666666666666,0.375,3,7,6.184074361642455,0.1910377247162267,0.8571428571428571,0.1428571428571429,6,1,1.2375337038552017,0.043069276958703995,0.05,6,,,,,1.7529602217534164,300,5
811,310,0.8,0.85,0.8125,0.85,3,13,8.979656144658785,0.4359053993354559,0.8461538461538461,0.15384615384615385,11,2,0.9487099852799286,0.042370349168777466,0.05,11,,,,,1.7529602217534164,300,5
812,311,0.8,0.8333333333333334,0.8333333333333334,0.765625,3,16,13.603621875157426,0.3935596597046559,0.9375,0.0625,15,1,1.356440340295344,0.04213663935661316,0.05,15,,,,,1.7529602217534164,300,5
813,312,0.8,0.875,0.875,0.7361111111111112,3,18,16.066070201188325,0.30466940230843886,1.0,0.0,18,0,1.6953305976915611,0.11471448838710785,0.05,18,,,,,1.7529602217534164,300,5
814,313,0.8,0.8125,0.8125,0.609375,3,14,13.796824244167428,0.3480963325892173,1.0,0.0,14,0,1.6519036674107828,0.08189228177070618,0.05,14,,,,,1.7529602217534164,300,5
815,314,0.8,0.8035714285714286,0.7625,0.8035714285714286,3,16,14.775894286829397,0.4643394733827536,1.0,0.0,16,0,1.5356605266172463,0.08096061646938324,0.05,16,,,,,1.7529602217534164,300,5
816,315,0.8,0.8333333333333334,0.5833333333333334,0.8333333333333334,3,10,10.708987958908757,0.2521259504217061,1.0,0.0,10,0,1.7478740495782938,0.07882899791002274,0.05,10,,,,,1.7529602217534164,300,5
817,316,0.8,0.8125,0.8125,0.4642857142857143,3,12,12.174991222566579,0.4535679710168609,1.0,0.0,12,0,1.546432028983139,0.04220917075872421,0.05,12,,,,,1.7529602217534164,300,5
818,317,0.8,0.8125,0.8125,0.765625,3,18,17.009213419274992,0.28357444882981864,1.0,0.0,18,0,1.7164255511701814,0.049651116132736206,0.05,18,,,,,1.7529602217534164,300,5
819,318,0.8,0.859375,0.859375,0.625,3,13,11.574035277526237,0.29544504309982716,0.9230769230769231,0.07692307692307687,12,1,1.3968626492078653,0.07083794474601746,0.05,12,,,,,1.7529602217534164,300,5
820,319,0.8,0.8875,0.8875,0.796875,3,16,15.507839161483975,0.04875208214670834,1.0,0.0,16,0,1.9512479178532915,0.04827349632978439,0.05,16,,,,,1.7529602217534164,300,5
821,320,0.8,0.8166666666666667,0.6625,0.8166666666666667,3,15,14.004424799289662,0.45078057300642405,1.0,0.0,15,0,1.549219426993576,0.029719801619648933,0.05,15,,,,,1.7529602217534164,300,5
822,321,0.8,0.8125,0.8125,0.3,3,7,6.547308152379605,0.1528997375757462,0.8571428571428571,0.1428571428571429,6,1,1.2756716909956822,0.17345872521400452,0.05,6,,,,,1.7529602217534164,300,5
823,322,0.8,0.8125,0.8125,0.35294117647058826,3,8,9.261253236375008,0.26074767767437146,1.0,0.0,8,0,1.7392523223256284,0.01778600364923477,0.05,8,,,,,1.7529602217534164,300,5
824,323,0.8,0.8214285714285714,0.7125,0.8214285714285714,3,16,14.00407424036145,0.5412245049564224,1.0,0.0,16,0,1.4587754950435776,0.06617546081542969,0.05,16,,,,,1.7529602217534164,300,5
825,324,0.8,0.8269230769230769,0.7777777777777778,0.8269230769230769,3,17,15.874470577710486,0.4023768611865576,1.0,0.0,17,0,1.5976231388134425,0.025643499568104744,0.05,17,,,,,1.7529602217534164,300,5
826,325,0.8,0.875,0.875,0.5178571428571429,3,13,12.137808697336641,0.26590023659561424,1.0,0.0,13,0,1.7340997634043858,0.09870229661464691,0.05,13,,,,,1.7529602217534164,300,5
827,326,0.8,0.8125,0.8125,0.5833333333333334,3,15,14.224240187070864,0.6051661245179921,1.0,0.0,15,0,1.394833875482008,0.031606968492269516,0.05,15,,,,,1.7529602217534164,300,5
828,327,0.8,0.8055555555555556,0.8055555555555556,0.75,3,12,11.51448345155924,0.3167071080909238,1.0,0.0,12,0,1.6832928919090762,0.052612267434597015,0.05,12,,,,,1.7529602217534164,300,5
829,328,0.8,0.8125,0.8125,0.625,3,15,14.721611571297238,0.3410127641855337,1.0,0.0,15,0,1.6589872358144664,0.042209748178720474,0.05,15,,,,,1.7529602217534164,300,5
830,329,0.8,0.8035714285714286,0.8035714285714286,0.5625,3,10,8.368533997278373,0.3590082281251247,0.9,0.09999999999999998,9,1,1.2409917718748755,0.03267942741513252,0.05,9,,,,,1.7529602217534164,300,5
831,330,0.8,0.859375,0.859375,0.6617647058823529,3,13,11.301117473061552,0.4458021996572289,1.0,0.0,13,0,1.554197800342771,0.02626621723175049,0.05,13,,,,,1.7529602217534164,300,5
832,331,0.8,0.8035714285714286,0.703125,0.8035714285714286,3,16,14.855942683437492,0.4726857798250858,1.0,0.0,16,0,1.5273142201749141,0.14677155017852783,0.05,16,,,,,1.7529602217534164,300,5
833,332,0.8,0.875,0.875,0.6166666666666667,3,12,12.131206079573538,0.19736873883443518,1.0,0.0,12,0,1.8026312611655648,0.21243047714233398,0.05,12,,,,,1.7529602217534164,300,5
834,333,0.8,0.8375,0.8375,0.8035714285714286,3,14,9.038762051242353,0.4293255244563884,0.9285714285714286,0.0714285714285714,13,1,1.284960189829326,0.1000756025314331,0.05,13,,,,,1.7529602217534164,300,5
835,334,0.8,0.8571428571428571,0.75,0.8571428571428571,3,14,14.220045836612762,0.19962666954361705,1.0,0.0,14,0,1.800373330456383,0.12050880491733551,0.05,14,,,,,1.7529602217534164,300,5
836,335,0.8,0.8035714285714286,0.7159090909090909,0.8035714285714286,3,16,15.152949330351104,0.2704266726998301,1.0,0.0,16,0,1.7295733273001699,0.03325372934341431,0.05,16,,,,,1.7529602217534164,300,5
837,336,0.8,0.8,0.78125,0.8,3,16,13.081927852030027,0.5384425604536524,0.9375,0.0625,15,1,1.2115574395463478,0.07569922506809235,0.05,15,,,,,1.7529602217534164,300,5
838,337,0.8,0.8125,0.8125,0.75,3,15,14.406169783422365,0.21318874304634164,1.0,0.0,15,0,1.7868112569536583,0.05227060616016388,0.05,15,,,,,1.7529602217534164,300,5
839,338,0.8,0.84375,0.84375,0.6166666666666667,3,13,11.860932529101554,0.33763857347410897,1.0,0.0,13,0,1.662361426525891,0.22145570814609528,0.05,13,,,,,1.7529602217534164,300,5
840,339,0.8,0.8125,0.8125,0.5,3,10,9.465267100533666,0.42161248097265014,1.0,0.0,10,0,1.5783875190273498,0.05364120751619339,0.05,10,,,,,1.7529602217534164,300,5
841,340,0.8,0.85,0.85,0.6666666666666666,3,16,15.882602580292085,0.3027882124537843,1.0,0.0,16,0,1.6972117875462156,0.037973713129758835,0.05,16,,,,,1.7529602217534164,300,5
842,341,0.8,0.8035714285714286,0.8035714285714286,0.515625,3,11,10.361018248158558,0.35938395290813274,1.0,0.0,11,0,1.6406160470918674,0.048908479511737823,0.05,11,,,,,1.7529602217534164,300,5
843,342,0.8,0.8666666666666667,0.625,0.8666666666666667,3,15,12.499789760505918,0.4424257144375573,0.9333333333333333,0.06666666666666665,14,1,1.2909076188957762,0.09353134036064148,0.05,14,,,,,1.7529602217534164,300,5
844,343,0.8,0.828125,0.7361111111111112,0.828125,3,19,14.527932287613885,0.46829230779331193,0.9473684210526315,0.052631578947368474,18,1,1.3211813764172142,0.038299232721328735,0.05,18,,,,,1.7529602217534164,300,5
845,344,0.8,0.84375,0.84375,0.5,3,12,12.606259987763814,0.38143185634294147,1.0,0.0,12,0,1.6185681436570585,0.08155591785907745,0.05,12,,,,,1.7529602217534164,300,5
846,345,0.8,0.8214285714285714,0.7638888888888888,0.8214285714285714,3,15,14.10050066808044,0.2848068979779149,1.0,0.0,15,0,1.7151931020220852,0.014325344935059547,0.05,15,,,,,1.7529602217534164,300,5
847,346,0.8,0.875,0.875,0.703125,3,12,9.111883038447905,0.34032028740715153,0.9166666666666666,0.08333333333333337,11,1,1.326346379259515,0.06895133852958679,0.05,11,,,,,1.7529602217534164,300,5
848,347,0.8,0.9285714285714286,0.9285714285714286,0.5192307692307693,3,12,10.074024030821487,0.37183731222331884,0.9166666666666666,0.08333333333333337,11,1,1.2948293544433478,0.06410468369722366,0.05,11,,,,,1.7529602217534164,300,5
849,348,0.8,0.8611111111111112,0.8611111111111112,0.7361111111111112,3,17,14.412371110393856,0.3860344517358695,0.9411764705882353,0.05882352941176472,16,1,1.3786714306170715,0.12307792901992798,0.05,16,,,,,1.7529602217534164,300,5
850,349,0.8,0.8125,0.8125,0.625,3,13,13.918327033409414,0.22211096925096507,1.0,0.0,13,0,1.777889030749035,0.10872447490692139,0.05,13,,,,,1.7529602217534164,300,5
851,350,0.8,0.8472222222222222,0.8472222222222222,0.75,3,15,13.948169384504029,0.23099076055057682,1.0,0.0,15,0,1.7690092394494232,0.20426353812217712,0.05,15,,,,,1.7529602217534164,300,5
852,351,0.8,0.8522727272727273,0.8522727272727273,0.85,3,19,17.42434111773902,0.14820622310815262,1.0,0.0,19,0,1.8517937768918473,0.06735731661319733,0.05,19,,,,,1.7529602217534164,300,5
853,352,0.8,0.8076923076923077,0.59375,0.8076923076923077,3,13,12.725554336711102,0.2701204927081787,1.0,0.0,13,0,1.7298795072918214,0.07555162161588669,0.05,13,,,,,1.7529602217534164,300,5
854,353,0.8,0.8472222222222222,0.8472222222222222,0.6833333333333333,3,16,15.526526253199316,0.3737792355528683,1.0,0.0,16,0,1.6262207644471318,0.0599442794919014,0.05,16,,,,,1.7529602217534164,300,5
855,354,0.8,0.8055555555555556,0.8055555555555556,0.75,3,17,16.47738390228078,0.3290014890141775,1.0,0.0,17,0,1.6709985109858225,0.06155412644147873,0.05,17,,,,,1.7529602217534164,300,5
856,355,0.8,0.875,0.875,0.8125,3,16,14.106923141630531,0.25997323486843615,1.0,0.0,16,0,1.7400267651315637,0.031854502856731415,0.05,16,,,,,1.7529602217534164,300,5
857,356,0.8,0.8125,0.6931818181818182,0.8125,3,16,13.956909104491709,0.25710647568360256,1.0,0.0,16,0,1.7428935243163974,0.12799406051635742,0.05,16,,,,,1.7529602217534164,300,5
858,357,0.8,0.8214285714285714,0.7840909090909091,0.8214285714285714,3,18,17.214378043075783,0.41437837609369094,1.0,0.0,18,0,1.585621623906309,0.1630939245223999,0.05,18,,,,,1.7529602217534164,300,5
859,358,0.8,0.8571428571428571,0.7777777777777778,0.8571428571428571,3,14,10.268132199568305,0.44934318715562865,0.8571428571428571,0.1428571428571429,12,2,0.9792282414157998,0.024184972047805786,0.05,12,,,,,1.7529602217534164,300,5
860,359,0.8,0.8611111111111112,0.8611111111111112,0.53125,3,11,10.8472959412921,0.2664115681586102,1.0,0.0,11,0,1.7335884318413899,0.09371449053287506,0.05,11,,,,,1.7529602217534164,300,5
861,360,0.8,0.859375,0.859375,0.5,3,11,11.872571901765678,0.1950351088336293,1.0,0.0,11,0,1.8049648911663707,0.08271477371454239,0.05,11,,,,,1.7529602217534164,300,5
862,361,0.8,0.8611111111111112,0.8611111111111112,0.765625,3,17,15.641241981961725,0.3654475409609612,1.0,0.0,17,0,1.6345524590390388,0.06483082473278046,0.05,17,,,,,1.7529602217534164,300,5
863,362,0.8,0.875,0.875,0.44642857142857145,3,9,9.77901795616178,0.24968209423487675,1.0,0.0,9,0,1.7503179057651232,0.15877598524093628,0.05,9,,,,,1.7529602217534164,300,5
864,363,0.8,0.828125,0.828125,0.5294117647058824,3,12,10.971925553908884,0.34649831631629824,1.0,0.0,12,0,1.6535016836837018,0.048068735748529434,0.05,12,,,,,1.7529602217534164,300,5
865,364,0.8,0.9027777777777778,0.9027777777777778,0.7333333333333333,3,13,9.500548016195626,0.3680194710517033,0.9230769230769231,0.07692307692307687,12,1,1.3242882212559892,0.03687006235122681,0.05,12,,,,,1.7529602217534164,300,5
866,365,0.8,0.8529411764705882,0.8181818181818182,0.8529411764705882,3,21,16.903186585252357,0.4302888494799837,0.9047619047619048,0.09523809523809523,19,2,1.1887587695676354,0.07387667894363403,0.05,19,,,,,1.7529602217534164,300,5
867,366,0.8,0.8472222222222222,0.8472222222222222,0.625,3,13,11.211379429703147,0.41619298328878135,1.0,0.0,13,0,1.5838070167112186,0.06753139197826385,0.05,13,,,,,1.7529602217534164,300,5
868,367,0.8,0.90625,0.90625,0.6833333333333333,3,14,11.043767222370695,0.41936137870848955,0.9285714285714286,0.0714285714285714,13,1,1.2949243355772249,0.032965607941150665,0.05,13,,,,,1.7529602217534164,300,5
869,368,0.8,0.9027777777777778,0.9027777777777778,0.671875,3,15,9.204554401085636,0.5742735487445543,0.8666666666666667,0.1333333333333333,13,2,0.8923931179221125,0.06164739280939102,0.05,13,,,,,1.7529602217534164,300,5
870,369,0.8,0.8214285714285714,0.8214285714285714,0.5666666666666667,3,11,11.592761389818381,0.28797152977327634,1.0,0.0,11,0,1.7120284702267237,0.04643985629081726,0.05,11,,,,,1.7529602217534164,300,5
871,370,0.8,0.859375,0.859375,0.5833333333333334,3,15,10.361722942527607,0.5748024599931248,0.8666666666666667,0.1333333333333333,13,2,0.8918642066735418,0.08393224328756332,0.05,13,,,,,1.7529602217534164,300,5
872,371,0.8,0.8055555555555556,0.8055555555555556,0.7,3,13,11.255953153684882,0.3941414284545224,1.0,0.0,13,0,1.6058585715454776,0.06275482475757599,0.05,13,,,,,1.7529602217534164,300,5
873,372,0.8,0.8214285714285714,0.6944444444444444,0.8214285714285714,3,15,13.236077616861316,0.3831634428877832,1.0,0.0,15,0,1.6168365571122167,0.13381314277648926,0.05,15,,,,,1.7529602217534164,300,5
874,373,0.8,0.8461538461538461,0.7840909090909091,0.8461538461538461,3,13,10.41642816457949,0.2964972843424646,0.9230769230769231,0.07692307692307687,12,1,1.3958104079652278,0.024471383541822433,0.05,12,,,,,1.7529602217534164,300,5
875,374,0.8,0.8035714285714286,0.8035714285714286,0.5666666666666667,3,11,11.574867937082324,0.0923167186549104,1.0,0.0,11,0,1.9076832813450897,0.04694834724068642,0.05,11,,,,,1.7529602217534164,300,5
876,375,0.8,0.890625,0.890625,0.5576923076923077,3,11,10.020934300471424,0.38786537920771585,1.0,0.0,11,0,1.6121346207922842,0.06028680503368378,0.05,11,,,,,1.7529602217534164,300,5
877,376,0.8,0.8,0.8,0.625,3,15,10.028154842905627,0.6268684773249222,0.8666666666666667,0.1333333333333333,13,2,0.8397981893417445,0.06435058265924454,0.05,13,,,,,1.7529602217534164,300,5
878,377,0.8,0.825,0.825,0.703125,3,15,11.709382801215305,0.3671337386164553,0.9333333333333333,0.06666666666666665,14,1,1.3661995947168781,0.1027599573135376,0.05,14,,,,,1.7529602217534164,300,5
879,378,0.8,0.8625,0.8625,0.5666666666666667,3,11,10.165390217143704,0.2130703247819361,1.0,0.0,11,0,1.786929675218064,0.06395083665847778,0.05,11,,,,,1.7529602217534164,300,5
880,379,0.8,0.875,0.875,0.8076923076923077,3,13,11.74673452671135,0.307391779267408,1.0,0.0,13,0,1.692608220732592,0.032496824860572815,0.05,13,,,,,1.7529602217534164,300,5
881,380,0.8,0.8125,0.8125,0.5714285714285714,3,12,12.208386210610795,0.06285393610547088,0.9166666666666666,0.08333333333333337,11,1,1.6038127305611956,0.06786014139652252,0.05,11,,,,,1.7529602217534164,300,5
882,381,0.8,0.828125,0.8194444444444444,0.828125,3,15,14.559201701021106,0.2915074870366315,1.0,0.0,15,0,1.7084925129633686,0.0839923545718193,0.05,15,,,,,1.7529602217534164,300,5
883,382,0.8,0.8166666666666667,0.7840909090909091,0.8166666666666667,3,15,15.50042426935505,0.2457140032708412,1.0,0.0,15,0,1.7542859967291589,0.03667528182268143,0.05,15,,,,,1.7529602217534164,300,5
884,383,0.8,0.84375,0.84375,0.8214285714285714,3,14,12.140638366088021,0.36914393928305,0.9285714285714286,0.0714285714285714,13,1,1.3451417750026644,0.0267641618847847,0.05,13,,,,,1.7529602217534164,300,5
885,384,0.8,0.9027777777777778,0.9027777777777778,0.45,3,13,13.428352026495098,0.39760918020084546,1.0,0.0,13,0,1.6023908197991545,0.10689686983823776,0.05,13,,,,,1.7529602217534164,300,5
886,385,0.8,0.8125,0.8125,0.703125,3,17,14.193294997561535,0.335186275389311,1.0,0.0,17,0,1.6648137246106889,0.044187042862176895,0.05,17,,,,,1.7529602217534164,300,5
887,386,0.8,0.8,0.8,0.75,3,14,11.180023433432282,0.3416204465600451,0.9285714285714286,0.0714285714285714,13,1,1.3726652677256692,0.09786466509103775,0.05,13,,,,,1.7529602217534164,300,5
888,387,0.8,0.8166666666666667,0.6111111111111112,0.8166666666666667,3,13,11.987089882481888,0.35689105259547343,1.0,0.0,13,0,1.6431089474045266,0.11225081980228424,0.05,13,,,,,1.7529602217534164,300,5
889,388,0.8,0.8571428571428571,0.8068181818181818,0.8571428571428571,3,17,12.109790785368672,0.5261069376070326,0.8823529411764706,0.11764705882352944,15,2,1.0033048270988496,0.051429666578769684,0.05,15,,,,,1.7529602217534164,300,5
890,389,0.8,0.84375,0.84375,0.7884615384615384,3,14,12.871797773730435,0.3312256792259878,1.0,0.0,14,0,1.6687743207740122,0.035535749047994614,0.05,14,,,,,1.7529602217534164,300,5
891,390,0.8,0.828125,0.828125,0.6071428571428571,3,10,9.002550744359256,0.28538686912723216,1.0,0.0,10,0,1.714613130872768,0.1089078038930893,0.05,10,,,,,1.7529602217534164,300,5
892,391,0.8,0.8333333333333334,0.725,0.8333333333333334,3,13,12.654655523369435,0.3667725459192219,1.0,0.0,13,0,1.633227454080778,0.024808382615447044,0.05,13,,,,,1.7529602217534164,300,5
893,392,0.8,0.9027777777777778,0.9027777777777778,0.7857142857142857,3,14,12.847808593112475,0.2802209281713408,1.0,0.0,14,0,1.7197790718286592,0.12551790475845337,0.05,14,,,,,1.7529602217534164,300,5
894,393,0.8,0.8214285714285714,0.8214285714285714,0.5892857142857143,3,10,10.166225318728657,0.22586347517122224,1.0,0.0,10,0,1.7741365248287777,0.05748613923788071,0.05,10,,,,,1.7529602217534164,300,5
895,394,0.8,0.8625,0.8625,0.6764705882352942,3,16,13.633720048142361,0.3064611952484882,1.0,0.0,16,0,1.6935388047515119,0.0962996780872345,0.05,16,,,,,1.7529602217534164,300,5
896,395,0.8,0.8,0.8,0.796875,3,15,11.62214792403505,0.39639797925728404,0.9333333333333333,0.06666666666666665,14,1,1.3369353540760494,0.09213363379240036,0.05,14,,,,,1.7529602217534164,300,5
897,396,0.8,0.8,0.8,0.6,3,14,12.278324855508686,0.3963278291752454,1.0,0.0,14,0,1.6036721708247546,0.12577515840530396,0.05,14,,,,,1.7529602217534164,300,5
898,397,0.8,0.859375,0.859375,0.4583333333333333,3,11,12.119923316595113,0.18002057495577392,1.0,0.0,11,0,1.819979425044226,0.09783075004816055,0.05,11,,,,,1.7529602217534164,300,5
899,398,0.8,0.8035714285714286,0.8035714285714286,0.7333333333333333,3,13,10.919834836361414,0.3444560953733863,1.0,0.0,13,0,1.6555439046266138,0.04538838565349579,0.05,13,,,,,1.7529602217534164,300,5
900,399,0.8,0.8,0.8,0.53125,3,15,14.20290686031774,0.30044884577768793,1.0,0.0,15,0,1.699551154222312,0.04224640876054764,0.05,15,1.557625481564609,0.35086541006869765,0.9771227229083266,0.022877277091673375,1.7529602217534164,300,6
901,400,0.8,0.8269230769230769,0.6875,0.8269230769230769,3,15,13.90137730486051,0.4348982766503517,1.0,0.0,15,0,1.5651017233496483,0.11748316884040833,0.05,15,,,,,1.7529602217534164,300,6
902,401,0.8,0.8035714285714286,0.8035714285714286,0.5833333333333334,3,13,12.590534845510792,0.2746799322165697,1.0,0.0,13,0,1.7253200677834304,0.08720946311950684,0.05,13,,,,,1.7529602217534164,300,6
903,402,0.8,0.84375,0.7272727272727273,0.84375,3,16,13.592171105688061,0.3234393120046898,0.9375,0.0625,15,1,1.4265606879953103,0.08465322852134705,0.05,15,,,,,1.7529602217534164,300,6
904,403,0.8,0.85,0.85,0.75,3,15,13.750798544326496,0.410337913291583,1.0,0.0,15,0,1.589662086708417,0.02935655787587166,0.05,15,,,,,1.7529602217534164,300,6
905,404,0.8,0.8166666666666667,0.7638888888888888,0.8166666666666667,3,15,12.88397675169407,0.4249555388686632,0.9333333333333333,0.06666666666666665,14,1,1.3083777944646702,0.04026581719517708,0.05,14,,,,,1.7529602217534164,300,6
906,405,0.8,0.8214285714285714,0.8214285714285714,0.6730769230769231,3,12,12.20744650594149,0.17042528895011366,1.0,0.0,12,0,1.8295747110498863,0.13450869917869568,0.05,12,,,,,1.7529602217534164,300,6
907,406,0.8,0.825,0.825,0.765625,3,16,15.010773703246622,0.2933018239259702,1.0,0.0,16,0,1.7066981760740298,0.06900631636381149,0.05,16,,,,,1.7529602217534164,300,6
908,407,0.8,0.8333333333333334,0.75,0.8333333333333334,3,15,14.381169493418096,0.31495212866445516,1.0,0.0,15,0,1.6850478713355448,0.08034831285476685,0.05,15,,,,,1.7529602217534164,300,6
909,408,0.8,0.8295454545454546,0.8295454545454546,0.75,3,16,15.423594735475623,0.21016425264701302,1.0,0.0,16,0,1.789835747352987,0.07341936975717545,0.05,16,,,,,1.7529602217534164,300,6
910,409,0.8,0.8888888888888888,0.8888888888888888,0.6,3,14,11.176076553875301,0.3895483521237236,0.9285714285714286,0.0714285714285714,13,1,1.324737362161991,0.08312145620584488,0.05,13,,,,,1.7529602217534164,300,6
911,410,0.8,0.875,0.875,0.6923076923076923,3,11,10.716135263304341,0.1807050663032288,1.0,0.0,11,0,1.8192949336967712,0.12515632808208466,0.05,11,,,,,1.7529602217534164,300,6
912,411,0.8,0.8214285714285714,0.7875,0.8214285714285714,3,16,13.027463950795603,0.37417315558528347,0.9375,0.0625,15,1,1.3758268444147166,0.09242638945579529,0.05,15,,,,,1.7529602217534164,300,6
913,412,0.8,0.8522727272727273,0.8522727272727273,0.8088235294117647,3,17,13.402047752037497,0.4422189182204047,0.9411764705882353,0.05882352941176472,16,1,1.3224869641325365,0.019333377480506897,0.05,16,,,,,1.7529602217534164,300,6
914,413,0.8,0.8611111111111112,0.8611111111111112,0.5416666666666666,3,13,12.545914911046406,0.44705381090384816,1.0,0.0,13,0,1.5529461890961518,0.05353283882141113,0.05,13,,,,,1.7529602217534164,300,6
915,414,0.8,0.8611111111111112,0.8611111111111112,0.7352941176470589,3,14,12.544491444801427,0.11712871467948899,0.9285714285714286,0.0714285714285714,13,1,1.5971569996062254,0.07450435310602188,0.05,13,,,,,1.7529602217534164,300,6
916,415,0.8,0.825,0.825,0.640625,3,14,12.155549155718008,0.37664874084868444,1.0,0.0,14,0,1.6233512591513155,0.024803344160318375,0.05,14,,,,,1.7529602217534164,300,6
917,416,0.8,0.8392857142857143,0.8392857142857143,0.4666666666666667,3,10,11.148081214103723,0.2191482682534207,1.0,0.0,10,0,1.7808517317465793,0.046000607311725616,0.05,10,,,,,1.7529602217534164,300,6
918,417,0.8,0.8194444444444444,0.8194444444444444,0.6029411764705882,3,14,13.956679345536347,0.24125312555723424,1.0,0.0,14,0,1.7587468744427657,0.03458757698535919,0.05,14,,,,,1.7529602217534164,300,6
919,418,0.8,0.828125,0.828125,0.765625,3,14,11.001853300202352,0.3442944381194289,0.9285714285714286,0.0714285714285714,13,1,1.3699912761662856,0.05343503877520561,0.05,13,,,,,1.7529602217534164,300,6
920,419,0.8,0.8166666666666667,0.65,0.8166666666666667,3,13,10.04720865154402,0.39667184589243604,0.8461538461538461,0.15384615384615385,11,2,0.9879435387229485,0.15918472409248352,0.05,11,,,,,1.7529602217534164,300,6
921,420,0.8,0.8571428571428571,0.8068181818181818,0.8571428571428571,3,17,10.556494410217885,0.5941305609661551,0.8235294117647058,0.17647058823529416,14,3,0.6999870860926682,0.08900939673185349,0.05,14,,,,,1.7529602217534164,300,6
922,421,0.8,0.859375,0.859375,0.6166666666666667,3,14,12.980579545644252,0.3206409120376598,1.0,0.0,14,0,1.6793590879623401,0.06845296174287796,0.05,14,,,,,1.7529602217534164,300,6
923,422,0.8,0.828125,0.828125,0.7857142857142857,3,12,8.210043123588903,0.3368247999627075,0.9166666666666666,0.08333333333333337,11,1,1.329841866703959,0.04167548194527626,0.05,11,,,,,1.7529602217534164,300,6
924,423,0.8,0.8333333333333334,0.8333333333333334,0.609375,3,13,10.62874176483382,0.43561584069264203,1.0,0.0,13,0,1.564384159307358,0.0473342128098011,0.05,13,,,,,1.7529602217534164,300,6
925,424,0.8,0.8472222222222222,0.8472222222222222,0.765625,3,15,13.909843039126601,0.3340681993163145,1.0,0.0,15,0,1.6659318006836856,0.05309578403830528,0.05,15,,,,,1.7529602217534164,300,6
926,425,0.8,0.8571428571428571,0.7222222222222222,0.8571428571428571,3,14,14.153227903362527,0.13297672243529185,1.0,0.0,14,0,1.8670232775647082,0.032124388962984085,0.05,14,,,,,1.7529602217534164,300,6
927,426,0.8,0.8194444444444444,0.8194444444444444,0.65,3,14,13.302113362655,0.20329942852229932,1.0,0.0,14,0,1.7967005714777007,0.04093833267688751,0.05,14,,,,,1.7529602217534164,300,6
928,427,0.8,0.825,0.825,0.5357142857142857,3,12,12.472987983310635,0.3076404014585751,1.0,0.0,12,0,1.692359598541425,0.03834747150540352,0.05,12,,,,,1.7529602217534164,300,6
929,428,0.8,0.8472222222222222,0.8472222222222222,0.59375,3,12,9.98467970819931,0.7022217626804326,1.0,0.0,12,0,1.2977782373195674,0.0403950959444046,0.05,12,,,,,1.7529602217534164,300,6
930,429,0.8,0.8541666666666666,0.8125,0.8541666666666666,3,14,14.316865939755115,0.2396448568538465,1.0,0.0,14,0,1.7603551431461535,0.04179638624191284,0.05,14,,,,,1.7529602217534164,300,6
931,430,0.8,0.90625,0.90625,0.6785714285714286,3,13,13.257438713819038,0.24923792571427061,1.0,0.0,13,0,1.7507620742857295,0.07425034791231155,0.05,13,,,,,1.7529602217534164,300,6
932,431,0.8,0.8571428571428571,0.8571428571428571,0.8333333333333334,3,15,14.159373981688427,0.21362630446119327,1.0,0.0,15,0,1.7863736955388068,0.04158959537744522,0.05,15,,,,,1.7529602217534164,300,6
933,432,0.8,0.8125,0.8125,0.4666666666666667,3,11,12.040037435752613,0.10495428180115653,1.0,0.0,11,0,1.8950457181988434,0.10935477167367935,0.05,11,,,,,1.7529602217534164,300,6
934,433,0.8,0.8214285714285714,0.775,0.8214285714285714,3,17,14.677149418081154,0.3953696167690501,0.9411764705882353,0.05882352941176472,16,1,1.369336265583891,0.08520318567752838,0.05,16,,,,,1.7529602217534164,300,6
935,434,0.8,0.8214285714285714,0.75,0.8214285714285714,3,16,16.248278021583857,0.27478384009049917,1.0,0.0,16,0,1.7252161599095008,0.045067306607961655,0.05,16,,,,,1.7529602217534164,300,6
936,435,0.8,0.890625,0.890625,0.35,3,10,11.129723771060348,0.3092414392039008,1.0,0.0,10,0,1.690758560796099,0.048613980412483215,0.05,10,,,,,1.7529602217534164,300,6
937,436,0.8,0.8125,0.8125,0.53125,3,12,12.574751170270872,0.19016448831433388,1.0,0.0,12,0,1.8098355116856661,0.024521179497241974,0.05,12,,,,,1.7529602217534164,300,6
938,437,0.8,0.8125,0.8125,0.6,3,10,8.874971883629255,0.35254137581934863,1.0,0.0,10,0,1.6474586241806515,0.05159495025873184,0.05,10,,,,,1.7529602217534164,300,6
939,438,0.8,0.8,0.8,0.5666666666666667,3,14,14.086105120420832,0.2737093973638691,1.0,0.0,14,0,1.7262906026361309,0.028826572000980377,0.05,14,,,,,1.7529602217534164,300,6
940,439,0.8,0.8020833333333334,0.8020833333333334,0.7833333333333333,3,16,15.160732025377122,0.24781633814645299,1.0,0.0,16,0,1.7521836618535471,0.042842376977205276,0.05,16,,,,,1.7529602217534164,300,6
941,440,0.8,0.825,0.825,0.8,3,17,12.398783453047056,0.516388901013584,0.8823529411764706,0.11764705882352944,15,2,1.0130228636922982,0.08820894360542297,0.05,15,,,,,1.7529602217534164,300,6
942,441,0.8,0.8068181818181818,0.8068181818181818,0.7666666666666667,3,16,14.178805589509565,0.287999939432353,1.0,0.0,16,0,1.712000060567647,0.0756329596042633,0.05,16,,,,,1.7529602217534164,300,6
943,442,0.8,0.8333333333333334,0.8125,0.8333333333333334,3,12,10.599460799484444,0.20447392207044351,0.9166666666666666,0.08333333333333337,11,1,1.462192744596223,0.07100323587656021,0.05,11,,,,,1.7529602217534164,300,6
944,443,0.8,0.8472222222222222,0.8472222222222222,0.515625,3,12,12.871329849535948,0.07462015573639061,1.0,0.0,12,0,1.9253798442636094,0.10588353127241135,0.05,12,,,,,1.7529602217534164,300,6
945,444,0.8,0.825,0.825,0.8035714285714286,3,15,14.760297774388448,0.10277583010626161,1.0,0.0,15,0,1.8972241698937384,0.09299075603485107,0.05,15,,,,,1.7529602217534164,300,6
946,445,0.8,0.8125,0.8125,0.7833333333333333,3,15,15.32630488915995,0.21704249811420417,1.0,0.0,15,0,1.7829575018857957,0.04778684675693512,0.05,15,,,,,1.7529602217534164,300,6
947,446,0.8,0.825,0.825,0.625,3,15,12.615862137654151,0.4565324708448182,1.0,0.0,15,0,1.5434675291551818,0.08534245193004608,0.05,15,,,,,1.7529602217534164,300,6
948,447,0.8,0.8,0.8,0.7638888888888888,3,16,15.051605553796378,0.1970831981191459,1.0,0.0,16,0,1.8029168018808541,0.08304879814386368,0.05,16,,,,,1.7529602217534164,300,6
949,448,0.8,0.84375,0.84375,0.44642857142857145,3,10,10.849783365769323,0.1964185503295965,1.0,0.0,10,0,1.8035814496704035,0.02453530952334404,0.05,10,,,,,1.7529602217534164,300,6
950,449,0.8,0.8625,0.8625,0.7794117647058824,3,17,14.58324523911113,0.25177148348583184,0.9411764705882353,0.05882352941176472,16,1,1.5129343988671093,0.028591658920049667,0.05,16,,,,,1.7529602217534164,300,6
951,450,0.8,0.8035714285714286,0.6666666666666666,0.8035714285714286,3,16,16.02632191071277,0.21606040536255627,1.0,0.0,16,0,1.7839395946374437,0.10335533320903778,0.05,16,,,,,1.7529602217534164,300,6
952,451,0.8,0.875,0.7222222222222222,0.875,3,16,13.11141093131606,0.34790149512796004,0.9375,0.0625,15,1,1.40209850487204,0.03835492208600044,0.05,15,,,,,1.7529602217534164,300,6
953,452,0.8,0.8125,0.8125,0.36764705882352944,3,9,10.682103393600261,0.13666097875104832,1.0,0.0,9,0,1.8633390212489518,0.07753285765647888,0.05,9,,,,,1.7529602217534164,300,6
954,453,0.8,0.8888888888888888,0.8888888888888888,0.7222222222222222,3,14,11.26656973542901,0.4050004374945656,0.9285714285714286,0.0714285714285714,13,1,1.3092852767911487,0.03158053383231163,0.05,13,,,,,1.7529602217534164,300,6
955,454,0.8,0.8,0.8,0.75,3,15,13.51049926046478,0.27556028479974937,1.0,0.0,15,0,1.7244397152002506,0.04584149271249771,0.05,15,,,,,1.7529602217534164,300,6
956,455,0.8,0.8035714285714286,0.7777777777777778,0.8035714285714286,3,15,10.77559493256129,0.5198385088340804,0.8666666666666667,0.1333333333333333,13,2,0.9468281578325863,0.06090404838323593,0.05,13,,,,,1.7529602217534164,300,6
957,456,0.8,0.8035714285714286,0.55,0.8035714285714286,3,14,13.864693873115797,0.29468234416835065,1.0,0.0,14,0,1.7053176558316494,0.06223404034972191,0.05,14,,,,,1.7529602217534164,300,6
958,457,0.8,0.859375,0.859375,0.6071428571428571,3,14,14.034028421632275,0.06489989961970065,1.0,0.0,14,0,1.9351001003802994,0.09912914037704468,0.05,14,,,,,1.7529602217534164,300,6
959,458,0.8,0.8125,0.8125,0.4642857142857143,3,11,12.290294608457966,0.144854216441124,1.0,0.0,11,0,1.855145783558876,0.10439476370811462,0.05,11,,,,,1.7529602217534164,300,6
960,459,0.8,0.8461538461538461,0.775,0.8461538461538461,3,15,13.94046570339476,0.2004682002356999,1.0,0.0,15,0,1.7995317997643,0.06253273040056229,0.05,15,,,,,1.7529602217534164,300,6
961,460,0.8,0.8125,0.8125,0.6944444444444444,3,15,14.531759204492296,0.24116326880812966,1.0,0.0,15,0,1.7588367311918702,0.06300446391105652,0.05,15,,,,,1.7529602217534164,300,6
962,461,0.8,0.8166666666666667,0.7125,0.8166666666666667,3,14,13.06279122684436,0.3024845675075787,1.0,0.0,14,0,1.6975154324924213,0.06636274605989456,0.05,14,,,,,1.7529602217534164,300,6
963,462,0.8,0.875,0.875,0.7307692307692307,3,12,10.883877832001321,0.26623658768604047,1.0,0.0,12,0,1.7337634123139596,0.028643187135457993,0.05,12,,,,,1.7529602217534164,300,6
964,463,0.8,0.8541666666666666,0.609375,0.8541666666666666,3,13,12.5973965060447,0.33310637709770485,1.0,0.0,13,0,1.666893622902295,0.039584070444107056,0.05,13,,,,,1.7529602217534164,300,6
965,464,0.8,0.8295454545454546,0.8295454545454546,0.828125,3,18,15.413625133658508,0.3081198474746885,0.9444444444444444,0.05555555555555558,17,1,1.4696579303030892,0.050691038370132446,0.05,17,,,,,1.7529602217534164,300,6
966,465,0.8,0.8068181818181818,0.8068181818181818,0.8,3,16,12.09728588526444,0.416449812260425,0.9375,0.0625,15,1,1.333550187739575,0.03330954164266586,0.05,15,,,,,1.7529602217534164,300,6
967,466,0.8,0.859375,0.859375,0.59375,3,12,8.771830729288457,0.4645185174766874,0.9166666666666666,0.08333333333333337,11,1,1.202148149189979,0.03411037102341652,0.05,11,,,,,1.7529602217534164,300,6
968,467,0.8,0.8269230769230769,0.3958333333333333,0.8269230769230769,3,18,18.158787546707842,0.39315440099120136,1.0,0.0,18,0,1.6068455990087986,0.08418489247560501,0.05,18,,,,,1.7529602217534164,300,6
969,468,0.8,0.8863636363636364,0.8863636363636364,0.75,3,17,13.020126944191007,0.3724477235534687,0.8823529411764706,0.11764705882352944,15,2,1.1569640411524136,0.11710402369499207,0.05,15,,,,,1.7529602217534164,300,6
970,469,0.8,0.8194444444444444,0.8194444444444444,0.4642857142857143,3,12,12.4316275051955,0.2840382383969002,1.0,0.0,12,0,1.7159617616030998,0.03584926575422287,0.05,12,,,,,1.7529602217534164,300,6
971,470,0.8,0.8,0.775,0.8,3,15,13.78091991982554,0.34316454795521445,1.0,0.0,15,0,1.6568354520447857,0.03114711120724678,0.05,15,,,,,1.7529602217534164,300,6
972,471,0.8,0.8392857142857143,0.8125,0.8392857142857143,3,15,11.169637202887875,0.3881003563558655,0.8666666666666667,0.1333333333333333,13,2,1.0785663103108014,0.04969382286071777,0.05,13,,,,,1.7529602217534164,300,6
973,472,0.8,0.8125,0.8125,0.39285714285714285,3,9,9.92939331681394,0.35671908392523244,1.0,0.0,9,0,1.6432809160747675,0.07291407138109207,0.05,9,,,,,1.7529602217534164,300,6
974,473,0.8,0.8125,0.8125,0.7115384615384616,3,11,10.038989063407449,0.34269675625162527,1.0,0.0,11,0,1.6573032437483748,0.07181650400161743,0.05,11,,,,,1.7529602217534164,300,6
975,474,0.8,0.8214285714285714,0.8214285714285714,0.5882352941176471,3,12,12.090922601696125,0.24939539908302055,1.0,0.0,12,0,1.7506046009169793,0.01317579299211502,0.05,12,,,,,1.7529602217534164,300,6
976,475,0.8,0.84375,0.8,0.84375,3,17,16.06448506484422,0.15311826543782858,1.0,0.0,17,0,1.8468817345621713,0.06119392067193985,0.05,17,,,,,1.7529602217534164,300,6
977,476,0.8,0.8125,0.8125,0.75,3,15,13.104421090487186,0.33632685634481485,1.0,0.0,15,0,1.6636731436551853,0.07120833545923233,0.05,15,,,,,1.7529602217534164,300,6
978,477,0.8,0.8035714285714286,0.6022727272727273,0.8035714285714286,3,16,15.090051902844635,0.3761080044486542,1.0,0.0,16,0,1.6238919955513458,0.02811543643474579,0.05,16,,,,,1.7529602217534164,300,6
979,478,0.8,0.8625,0.8625,0.6875,3,17,13.036020067693068,0.29239419182163245,0.9411764705882353,0.05882352941176472,16,1,1.4723116905313087,0.05043067783117294,0.05,16,,,,,1.7529602217534164,300,6
980,479,0.8,0.8392857142857143,0.8392857142857143,0.609375,3,11,9.94321082486389,0.28539544821410473,1.0,0.0,11,0,1.7146045517858952,0.07361909747123718,0.05,11,,,,,1.7529602217534164,300,6
981,480,0.8,0.8214285714285714,0.8214285714285714,0.5625,3,11,10.202679798105006,0.5068282258660828,1.0,0.0,11,0,1.4931717741339172,0.053846441209316254,0.05,11,,,,,1.7529602217534164,300,6
982,481,0.8,0.8,0.7045454545454546,0.8,3,17,15.020856744103629,0.424907105151555,1.0,0.0,17,0,1.575092894848445,0.0673881322145462,0.05,17,,,,,1.7529602217534164,300,6
983,482,0.8,0.8076923076923077,0.765625,0.8076923076923077,3,15,15.044174335008702,0.30583921267421554,1.0,0.0,15,0,1.6941607873257845,0.057287201285362244,0.05,15,,,,,1.7529602217534164,300,6
984,483,0.8,0.8214285714285714,0.7613636363636364,0.8214285714285714,3,15,12.514391996219809,0.4101045767714485,1.0,0.0,15,0,1.5898954232285516,0.04975660890340805,0.05,15,,,,,1.7529602217534164,300,6
985,484,0.8,0.875,0.875,0.7833333333333333,3,14,11.54227080828906,0.3240155063108857,0.9285714285714286,0.0714285714285714,13,1,1.3902702079748286,0.06537113338708878,0.05,13,,,,,1.7529602217534164,300,6
986,485,0.8,0.8194444444444444,0.8194444444444444,0.8035714285714286,3,13,9.757956929756048,0.36944538021565265,0.9230769230769231,0.07692307692307687,12,1,1.32286231209204,0.04523400217294693,0.05,12,,,,,1.7529602217534164,300,6
987,486,0.8,0.859375,0.859375,0.5882352941176471,3,17,13.294535631595734,0.3755677431287585,0.8823529411764706,0.11764705882352944,15,2,1.1538440215771237,0.03780699521303177,0.05,15,,,,,1.7529602217534164,300,6
988,487,0.8,0.8333333333333334,0.75,0.8333333333333334,3,14,12.293697190435168,0.38037355661773564,1.0,0.0,14,0,1.6196264433822645,0.0360209122300148,0.05,14,,,,,1.7529602217534164,300,6
989,488,0.8,0.8625,0.8625,0.8035714285714286,3,14,12.004439751260213,0.265950900904086,0.9285714285714286,0.0714285714285714,13,1,1.4483348133816283,0.07796326279640198,0.05,13,,,,,1.7529602217534164,300,6
990,489,0.8,0.8888888888888888,0.8888888888888888,0.7352941176470589,3,18,13.777054084994655,0.4058935641336947,0.8888888888888888,0.11111111111111116,16,2,1.1496619914218607,0.04902598634362221,0.05,16,,,,,1.7529602217534164,300,6
991,490,0.8,0.8055555555555556,0.8055555555555556,0.5833333333333334,3,13,12.52345915256523,0.28465970969395,1.0,0.0,13,0,1.71534029030605,0.09961207211017609,0.05,13,,,,,1.7529602217534164,300,6
992,491,0.8,0.8166666666666667,0.7045454545454546,0.8166666666666667,3,17,16.134459336768884,0.24136358074661352,1.0,0.0,17,0,1.7586364192533865,0.03390609845519066,0.05,17,,,,,1.7529602217534164,300,6
993,492,0.8,0.8214285714285714,0.8214285714285714,0.6607142857142857,3,12,12.30535402612394,0.13835924728648846,1.0,0.0,12,0,1.8616407527135115,0.07008299231529236,0.05,12,,,,,1.7529602217534164,300,6
994,493,0.8,0.8055555555555556,0.8055555555555556,0.765625,3,14,11.416939443597386,0.49447087183187843,0.9285714285714286,0.0714285714285714,13,1,1.219814842453836,0.038775235414505005,0.05,13,,,,,1.7529602217534164,300,6
995,494,0.8,0.825,0.825,0.609375,3,11,9.70761756633988,0.2773841455311603,0.9090909090909091,0.09090909090909094,10,1,1.358979490832476,0.02233099937438965,0.05,10,,,,,1.7529602217534164,300,6
996,495,0.8,0.8571428571428571,0.8571428571428571,0.453125,3,9,9.323915244483484,0.16344933769175013,1.0,0.0,9,0,1.83655066230825,0.04695700481534004,0.05,9,,,,,1.7529602217534164,300,6
997,496,0.8,0.8333333333333334,0.8333333333333334,0.5625,3,12,10.04384260670374,0.45990869273470586,1.0,0.0,12,0,1.5400913072652942,0.0710277259349823,0.05,12,,,,,1.7529602217534164,300,6
998,497,0.8,0.8035714285714286,0.8035714285714286,0.7857142857142857,3,13,11.212218675641285,0.22865348964450088,0.9230769230769231,0.07692307692307687,12,1,1.4636542026631916,0.054827794432640076,0.05,12,,,,,1.7529602217534164,300,6
999,498,0.8,0.84375,0.8194444444444444,0.84375,3,16,13.299116045876083,0.45957102381364207,0.9375,0.0625,15,1,1.2904289761863579,0.0498972088098526,0.05,15,,,,,1.7529602217534164,300,6
1000,499,0.8,0.8625,0.8625,0.7166666666666667,3,16,15.756198619473611,0.14205893017240007,1.0,0.0,16,0,1.8579410698276,0.051196303218603134,0.05,16,1.5891385002156506,0.3214431977561404,0.9776454244929477,0.02235457550705229,1.7529602217534164,300,7
1001,0,0.8,0.8214285714285714,0.8214285714285714,0.8214285714285714,3,14,10.742965404575997,0.5070869718940941,0.9285714285714286,0.0714285714285714,13,1,1.2071987423916202,0.04200954735279083,0.05,13,,,,,1.7529602217534164,300,7
1002,1,0.8,0.8125,0.8125,0.5192307692307693,3,11,12.008845487431783,0.34069463315837156,1.0,0.0,11,0,1.6593053668416284,0.10630150139331818,0.05,11,,,,,1.7529602217534164,300,7
1003,2,0.8,0.8,0.6111111111111112,0.8,3,14,14.118854525627633,0.2885562944329365,1.0,0.0,14,0,1.7114437055670635,0.06432446092367172,0.05,14,,,,,1.7529602217534164,300,7
1004,3,0.8,0.8333333333333334,0.8333333333333334,0.59375,3,12,11.286651151031098,0.34226221604269813,1.0,0.0,12,0,1.6577377839573018,0.0281071737408638,0.05,12,,,,,1.7529602217534164,300,7
1005,4,0.8,0.8125,0.8125,0.5147058823529411,3,13,11.32280768025614,0.3985782513313133,1.0,0.0,13,0,1.6014217486686868,0.040648337453603745,0.05,13,,,,,1.7529602217534164,300,7
1006,5,0.8,0.8392857142857143,0.8392857142857143,0.5,3,10,8.968003596511565,0.19642526223319126,0.9,0.09999999999999998,9,1,1.4035747377668089,0.04699217900633812,0.05,9,,,,,1.7529602217534164,300,7
1007,6,0.8,0.890625,0.890625,0.7692307692307693,3,14,13.844906520776213,0.23502605435647966,1.0,0.0,14,0,1.7649739456435203,0.08380325138568878,0.05,14,,,,,1.7529602217534164,300,7
1008,7,0.8,0.8055555555555556,0.8055555555555556,0.7678571428571429,3,16,14.990634515088741,0.21810636887678597,1.0,0.0,16,0,1.781893631123214,0.09939715266227722,0.05,16,,,,,1.7529602217534164,300,7
1009,8,0.8,0.8928571428571429,0.8928571428571429,0.625,3,11,9.042864746678589,0.4183899548519152,0.9090909090909091,0.09090909090909094,10,1,1.217973681511721,0.06537343561649323,0.05,10,,,,,1.7529602217534164,300,7
1010,9,0.8,0.8541666666666666,0.6625,0.8541666666666666,3,12,11.516672488737346,0.25043365167023557,1.0,0.0,12,0,1.7495663483297643,0.05703682079911232,0.05,12,,,,,1.7529602217534164,300,7
1011,10,0.8,0.8571428571428571,0.7638888888888888,0.8571428571428571,3,15,12.15826817335687,0.36535618982405144,0.9333333333333333,0.06666666666666665,14,1,1.367977143509282,0.14374089241027832,0.05,14,,,,,1.7529602217534164,300,7
1012,11,0.8,0.8125,0.7625,0.8125,3,18,15.706057363402582,0.31844964913460555,0.9444444444444444,0.05555555555555558,17,1,1.459328128643172,0.09345975518226624,0.05,17,,,,,1.7529602217534164,300,7
1013,12,0.8,0.8,0.8,0.6875,3,17,12.801791771170345,0.5161151091395432,0.9411764705882353,0.05882352941176472,16,1,1.2485907732133978,0.06880421936511993,0.05,16,,,,,1.7529602217534164,300,7
1014,13,0.8,0.8214285714285714,0.8214285714285714,0.5,3,9,7.211108051481591,0.33723833972641726,0.8888888888888888,0.11111111111111116,8,1,1.218317215829138,0.05140453577041626,0.05,8,,,,,1.7529602217534164,300,7
1015,14,0.8,0.859375,0.859375,0.7058823529411765,3,13,12.461187009114528,0.18463343730982074,1.0,0.0,13,0,1.8153665626901794,0.04161379858851433,0.05,13,,,,,1.7529602217534164,300,7
1016,15,0.8,0.875,0.875,0.6764705882352942,3,16,15.215154515018607,0.16766474119339295,1.0,0.0,16,0,1.832335258806607,0.030920829623937607,0.05,16,,,,,1.7529602217534164,300,7
1017,16,0.8,0.8214285714285714,0.6931818181818182,0.8214285714285714,3,12,10.625978427333816,0.3576986796155498,1.0,0.0,12,0,1.6423013203844503,0.06358936429023743,0.05,12,,,,,1.7529602217534164,300,7
1018,17,0.8,0.84375,0.84375,0.6,3,12,10.025023893589465,0.28132120126974924,0.9166666666666666,0.08333333333333337,11,1,1.3853454653969173,0.02713375724852085,0.05,11,,,,,1.7529602217534164,300,7
1019,18,0.8,0.8125,0.8125,0.75,3,13,11.794055660123528,0.3755854418761079,1.0,0.0,13,0,1.6244145581238922,0.05790071561932564,0.05,13,,,,,1.7529602217534164,300,7
1020,19,0.8,0.8,0.6428571428571429,0.8,3,15,15.05116342950664,0.31758273869414877,1.0,0.0,15,0,1.6824172613058512,0.050589852035045624,0.05,15,,,,,1.7529602217534164,300,7
1021,20,0.8,0.8,0.8,0.515625,3,13,11.690342451375777,0.416513174196689,1.0,0.0,13,0,1.583486825803311,0.026485305279493332,0.05,13,,,,,1.7529602217534164,300,7
1022,21,0.8,0.8125,0.8125,0.8035714285714286,3,13,11.387380936231773,0.383299755409124,1.0,0.0,13,0,1.616700244590876,0.04158394783735275,0.05,13,,,,,1.7529602217534164,300,7
1023,22,0.8,0.8888888888888888,0.8888888888888888,0.5714285714285714,3,12,9.197592101349063,0.34776987143129756,0.9166666666666666,0.08333333333333337,11,1,1.318896795235369,0.01942617818713188,0.05,11,,,,,1.7529602217534164,300,7
1024,23,0.8,0.8235294117647058,0.6477272727272727,0.8235294117647058,3,18,17.75576740431637,0.2140962198592602,1.0,0.0,18,0,1.7859037801407398,0.11511816829442978,0.05,18,,,,,1.7529602217534164,300,7
1025,24,0.8,0.8375,0.8375,0.8214285714285714,3,15,12.742223197216832,0.4350354065080642,0.9333333333333333,0.06666666666666665,14,1,1.2982979268252692,0.031088413670659065,0.05,14,,,,,1.7529602217534164,300,7
1026,25,0.8,0.8375,0.8375,0.59375,3,16,12.864390722685581,0.5367881955397606,1.0,0.0,16,0,1.4632118044602394,0.042500123381614685,0.05,16,,,,,1.7529602217534164,300,7
1027,26,0.8,0.8194444444444444,0.8194444444444444,0.7708333333333334,3,11,6.887652587570464,0.45034601378157846,0.8181818181818182,0.18181818181818177,9,2,0.8223812589456945,0.07603304088115692,0.05,9,,,,,1.7529602217534164,300,7
1028,27,0.8,0.875,0.6375,0.875,3,13,12.589442381829388,0.31543202868009634,1.0,0.0,13,0,1.6845679713199035,0.045767948031425476,0.05,13,,,,,1.7529602217534164,300,7
1029,28,0.8,0.8194444444444444,0.8194444444444444,0.7884615384615384,3,13,12.586206922113046,0.06628679630928541,1.0,0.0,13,0,1.9337132036907145,0.06856933236122131,0.05,13,,,,,1.7529602217534164,300,7
1030,29,0.8,0.8269230769230769,0.7625,0.8269230769230769,3,13,12.631674159065229,0.31025622012916065,1.0,0.0,13,0,1.6897437798708395,0.04035448282957077,0.05,13,,,,,1.7529602217534164,300,7
1031,30,0.8,0.8375,0.8375,0.5833333333333334,3,13,13.80533762282914,0.15384631633500584,1.0,0.0,13,0,1.846153683664994,0.07162544876337051,0.05,13,,,,,1.7529602217534164,300,7
1032,31,0.8,0.8375,0.8375,0.6607142857142857,3,14,13.214782801796176,0.1865976228131167,1.0,0.0,14,0,1.8134023771868832,0.04801565781235695,0.05,14,,,,,1.7529602217534164,300,7
1033,32,0.8,0.8076923076923077,0.7638888888888888,0.8076923076923077,3,13,12.053169599147617,0.34766044964599685,1.0,0.0,13,0,1.6523395503540033,0.040994539856910706,0.05,13,,,,,1.7529602217534164,300,7
1034,33,0.8,0.8181818181818182,0.8181818181818182,0.75,3,15,13.903697343804271,0.1967024166676251,1.0,0.0,15,0,1.803297583332375,0.10081608593463898,0.05,15,,,,,1.7529602217534164,300,7
1035,34,0.8,0.828125,0.828125,0.6470588235294118,3,15,13.265273276572898,0.3897559777889522,1.0,0.0,15,0,1.610244022211048,0.03224895894527435,0.05,15,,,,,1.7529602217534164,300,7
1036,35,0.8,0.8472222222222222,0.8472222222222222,0.6666666666666666,3,16,15.055719868621694,0.23707750383279613,1.0,0.0,16,0,1.7629224961672039,0.03143396973609924,0.05,16,,,,,1.7529602217534164,300,7
1037,36,0.8,0.8076923076923077,0.6527777777777778,0.8076923076923077,3,12,11.829138945911893,0.3557016322515852,1.0,0.0,12,0,1.6442983677484149,0.06914517283439636,0.05,12,,,,,1.7529602217534164,300,7
1038,37,0.8,0.8472222222222222,0.8472222222222222,0.8125,3,16,14.160887976695637,0.2500712751458644,1.0,0.0,16,0,1.7499287248541355,0.14052504301071167,0.05,16,,,,,1.7529602217534164,300,7
1039,38,0.8,0.84375,0.84375,0.42857142857142855,3,9,8.466878568517407,0.41498774559839047,1.0,0.0,9,0,1.5850122544016094,0.10194370150566101,0.05,9,,,,,1.7529602217534164,300,7
1040,39,0.8,0.8125,0.8125,0.5625,3,10,10.683216816012967,0.3338758201446866,1.0,0.0,10,0,1.6661241798553135,0.04927998408675194,0.05,10,,,,,1.7529602217534164,300,7
1041,40,0.8,0.90625,0.90625,0.6527777777777778,3,15,14.506063389293228,0.13882400302182574,1.0,0.0,15,0,1.8611759969781743,0.04708690196275711,0.05,15,,,,,1.7529602217534164,300,7
1042,41,0.8,0.875,0.875,0.7321428571428571,3,14,12.222082049518857,0.24653135086037845,1.0,0.0,14,0,1.7534686491396216,0.04951801151037216,0.05,14,,,,,1.7529602217534164,300,7
1043,42,0.8,0.8166666666666667,0.75,0.8166666666666667,3,16,15.655351218244892,0.2549988940390129,1.0,0.0,16,0,1.7450011059609871,0.13087116181850433,0.05,16,,,,,1.7529602217534164,300,7
1044,43,0.8,0.8571428571428571,0.8571428571428571,0.5,3,12,11.949384201489487,0.3911493279970796,1.0,0.0,12,0,1.6088506720029203,0.03876712918281555,0.05,12,,,,,1.7529602217534164,300,7
1045,44,0.8,0.8125,0.8125,0.8088235294117647,3,15,15.654016254044574,0.18772256863451436,1.0,0.0,15,0,1.8122774313654857,0.08097469061613083,0.05,15,,,,,1.7529602217534164,300,7
1046,45,0.8,0.8295454545454546,0.8295454545454546,0.7857142857142857,3,16,14.681636166627834,0.15441322216360795,1.0,0.0,16,0,1.8455867778363921,0.01386207714676857,0.05,16,,,,,1.7529602217534164,300,7
1047,46,0.8,0.859375,0.859375,0.515625,3,11,12.197732576503313,0.04910463758239917,1.0,0.0,11,0,1.9508953624176009,0.02162620984017849,0.05,11,,,,,1.7529602217534164,300,7
1048,47,0.8,0.859375,0.6,0.859375,3,15,15.02623424310718,0.2898390416841652,1.0,0.0,15,0,1.7101609583158348,0.11642849445343018,0.05,15,,,,,1.7529602217534164,300,7
1049,48,0.8,0.8181818181818182,0.8181818181818182,0.7166666666666667,3,17,13.986909211383026,0.3346438534426273,1.0,0.0,17,0,1.6653561465573727,0.028395578265190125,0.05,17,,,,,1.7529602217534164,300,7
1050,49,0.8,0.8035714285714286,0.4270833333333333,0.8035714285714286,3,12,12.347934186347185,0.49635179220050585,1.0,0.0,12,0,1.5036482077994942,0.049664389342069626,0.05,12,,,,,1.7529602217534164,300,7
1051,50,0.8,0.9027777777777778,0.9027777777777778,0.6166666666666667,3,14,13.453750549936908,0.23225883136077602,1.0,0.0,14,0,1.767741168639224,0.08839233219623566,0.05,14,,,,,1.7529602217534164,300,7
1052,51,0.8,0.828125,0.828125,0.6153846153846154,3,13,11.787063863461865,0.2907323640386033,1.0,0.0,13,0,1.7092676359613967,0.039841122925281525,0.05,13,,,,,1.7529602217534164,300,7
1053,52,0.8,0.875,0.875,0.7666666666666667,3,13,10.984328835056147,0.3563212725660018,0.9230769230769231,0.07692307692307687,12,1,1.3359864197416906,0.07002263516187668,0.05,12,,,,,1.7529602217534164,300,7
1054,53,0.8,0.8125,0.8125,0.578125,3,15,14.01048050463108,0.25257845136772356,1.0,0.0,15,0,1.7474215486322764,0.12284025549888611,0.05,15,,,,,1.7529602217534164,300,7
1055,54,0.8,0.8076923076923077,0.7159090909090909,0.8076923076923077,3,14,13.121101461042976,0.35823581224087603,1.0,0.0,14,0,1.641764187759124,0.11457468569278717,0.05,14,,,,,1.7529602217534164,300,7
1056,55,0.8,0.8055555555555556,0.8055555555555556,0.4852941176470588,3,13,12.20670843212476,0.40430494512031656,1.0,0.0,13,0,1.5956950548796835,0.09584958851337433,0.05,13,,,,,1.7529602217534164,300,7
1057,56,0.8,0.8229166666666666,0.8229166666666666,0.6538461538461539,3,14,11.623796116514145,0.3421710768263815,1.0,0.0,14,0,1.6578289231736185,0.03253960609436035,0.05,14,,,,,1.7529602217534164,300,7
1058,57,0.8,0.8055555555555556,0.8055555555555556,0.7884615384615384,3,14,12.219725626955043,0.3698452353071948,1.0,0.0,14,0,1.6301547646928052,0.06866346299648285,0.05,14,,,,,1.7529602217534164,300,7
1059,58,0.8,0.85,0.85,0.6617647058823529,3,15,15.168139529926833,0.21182543658299707,1.0,0.0,15,0,1.788174563417003,0.050775427371263504,0.05,15,,,,,1.7529602217534164,300,7
1060,59,0.8,0.8625,0.8625,0.8392857142857143,3,14,13.517748318393059,0.22511731482321146,1.0,0.0,14,0,1.7748826851767885,0.058255355805158615,0.05,14,,,,,1.7529602217534164,300,7
1061,60,0.8,0.8,0.8,0.7857142857142857,3,16,13.869880708300231,0.26628669308583286,1.0,0.0,16,0,1.7337133069141673,0.08368958532810211,0.05,16,,,,,1.7529602217534164,300,7
1062,61,0.8,0.8055555555555556,0.8055555555555556,0.6833333333333333,3,13,13.049836699725244,0.24441777393990638,1.0,0.0,13,0,1.7555822260600937,0.050413407385349274,0.05,13,,,,,1.7529602217534164,300,7
1063,62,0.8,0.8194444444444444,0.8194444444444444,0.6333333333333333,3,12,11.980006880835607,0.186579765105303,1.0,0.0,12,0,1.813420234894697,0.11314292252063751,0.05,12,,,,,1.7529602217534164,300,7
1064,63,0.8,0.8333333333333334,0.8333333333333334,0.78125,3,13,11.464969041973804,0.23544636816895398,1.0,0.0,13,0,1.764553631831046,0.09394097328186035,0.05,13,,,,,1.7529602217534164,300,7
1065,64,0.8,0.8625,0.8625,0.7115384615384616,3,13,11.414810522387178,0.2829990300784143,1.0,0.0,13,0,1.7170009699215858,0.12848933041095734,0.05,13,,,,,1.7529602217534164,300,7
1066,65,0.8,0.8194444444444444,0.8194444444444444,0.5666666666666667,3,10,9.761297124709218,0.3001172631872282,1.0,0.0,10,0,1.6998827368127718,0.11697053909301758,0.05,10,,,,,1.7529602217534164,300,7
1067,66,0.8,0.8035714285714286,0.765625,0.8035714285714286,3,13,10.819577599278363,0.30444925112850035,0.9230769230769231,0.07692307692307687,12,1,1.387858441179192,0.021564913913607597,0.05,12,,,,,1.7529602217534164,300,7
1068,67,0.8,0.8,0.6931818181818182,0.8,3,17,16.465377327846284,0.2690029665807301,1.0,0.0,17,0,1.73099703341927,0.0667608454823494,0.05,17,,,,,1.7529602217534164,300,7
1069,68,0.8,0.9027777777777778,0.9027777777777778,0.6964285714285714,3,14,11.792938314677013,0.27423721238475035,0.9285714285714286,0.0714285714285714,13,1,1.4400485019009641,0.048037413507699966,0.05,13,,,,,1.7529602217534164,300,7
1070,69,0.8,0.8125,0.6818181818181818,0.8125,3,17,14.415506179997656,0.30782611810608607,1.0,0.0,17,0,1.6921738818939138,0.024723757058382034,0.05,17,,,,,1.7529602217534164,300,7
1071,70,0.8,0.875,0.875,0.6071428571428571,3,10,8.179013403950695,0.28315003714044196,0.9,0.09999999999999998,9,1,1.316849962859558,0.08660022169351578,0.05,9,,,,,1.7529602217534164,300,7
1072,71,0.8,0.8055555555555556,0.8055555555555556,0.546875,3,12,11.068088531211334,0.22266463520607038,1.0,0.0,12,0,1.7773353647939296,0.07005637884140015,0.05,12,,,,,1.7529602217534164,300,7
1073,72,0.8,0.9107142857142857,0.9107142857142857,0.5147058823529411,3,12,12.928896253085238,0.18270679485505084,1.0,0.0,12,0,1.817293205144949,0.048646554350852966,0.05,12,,,,,1.7529602217534164,300,7
1074,73,0.8,0.8611111111111112,0.8611111111111112,0.65,3,15,13.27978759976452,0.17718309770220653,0.9333333333333333,0.06666666666666665,14,1,1.5561502356311268,0.046627361327409744,0.05,14,,,,,1.7529602217534164,300,7
1075,74,0.8,0.8125,0.8125,0.45,3,9,9.515608962936113,0.2850117635626562,1.0,0.0,9,0,1.7149882364373439,0.07754907757043839,0.05,9,,,,,1.7529602217534164,300,7
1076,75,0.8,0.8333333333333334,0.8333333333333334,0.8088235294117647,3,16,14.299224516543978,0.22977638370186443,1.0,0.0,16,0,1.7702236162981355,0.03185966610908508,0.05,16,,,,,1.7529602217534164,300,7
1077,76,0.8,0.8,0.5454545454545454,0.8,3,14,13.748968412259144,0.3358477065055801,1.0,0.0,14,0,1.66415229349442,0.022726276889443398,0.05,14,,,,,1.7529602217534164,300,7
1078,77,0.8,0.8409090909090909,0.8409090909090909,0.8214285714285714,3,15,14.36222249881077,0.22095954807221135,1.0,0.0,15,0,1.7790404519277887,0.04672111198306084,0.05,15,,,,,1.7529602217534164,300,7
1079,78,0.8,0.8625,0.8625,0.6,3,15,12.91017463308221,0.30906328937608085,1.0,0.0,15,0,1.690936710623919,0.029529590159654617,0.05,15,,,,,1.7529602217534164,300,7
1080,79,0.8,0.85,0.85,0.734375,3,16,15.293358842287388,0.1761069704808007,1.0,0.0,16,0,1.8238930295191993,0.07709775865077972,0.05,16,,,,,1.7529602217534164,300,7
1081,80,0.8,0.8888888888888888,0.8888888888888888,0.7166666666666667,3,15,11.740504585485873,0.36437982403175284,0.9333333333333333,0.06666666666666665,14,1,1.3689535093015806,0.05115653574466705,0.05,14,,,,,1.7529602217534164,300,7
1082,81,0.8,0.8055555555555556,0.8055555555555556,0.609375,3,12,8.889841782959836,0.5691573187820007,0.9166666666666666,0.08333333333333337,11,1,1.0975093478846658,0.08325778692960739,0.05,11,,,,,1.7529602217534164,300,7
1083,82,0.8,0.875,0.7083333333333334,0.875,3,16,12.756667874879785,0.23104430448173907,0.9375,0.0625,15,1,1.5189556955182608,0.10087385773658752,0.05,15,,,,,1.7529602217534164,300,7
1084,83,0.8,0.8269230769230769,0.7083333333333334,0.8269230769230769,3,13,11.694923793523905,0.3604247878563991,1.0,0.0,13,0,1.639575212143601,0.04097665101289749,0.05,13,,,,,1.7529602217534164,300,7
1085,84,0.8,0.9285714285714286,0.9285714285714286,0.6964285714285714,3,11,8.702061954479937,0.2853849205415999,0.9090909090909091,0.09090909090909094,10,1,1.3509787158220363,0.044105514883995056,0.05,10,,,,,1.7529602217534164,300,7
1086,85,0.8,0.8125,0.8125,0.484375,3,11,9.330241722975254,0.40624372435779643,1.0,0.0,11,0,1.5937562756422037,0.03549028933048248,0.05,11,,,,,1.7529602217534164,300,7
1087,86,0.8,0.8125,0.8020833333333334,0.8125,3,16,14.133752811199876,0.32875071540562584,1.0,0.0,16,0,1.6712492845943743,0.0597272664308548,0.05,16,,,,,1.7529602217534164,300,7
1088,87,0.8,0.8269230769230769,0.5555555555555556,0.8269230769230769,3,14,13.836009938393302,0.43865295699902107,1.0,0.0,14,0,1.5613470430009788,0.05855840444564819,0.05,14,,,,,1.7529602217534164,300,7
1089,88,0.8,0.828125,0.828125,0.515625,3,12,12.6268396873164,0.03339115355603145,1.0,0.0,12,0,1.9666088464439686,0.07285678386688232,0.05,12,,,,,1.7529602217534164,300,7
1090,89,0.8,0.8,0.8,0.5735294117647058,3,13,12.572168330270879,0.26982679943749643,1.0,0.0,13,0,1.7301732005625037,0.06431837379932404,0.05,13,,,,,1.7529602217534164,300,7
1091,90,0.8,0.8076923076923077,0.45454545454545453,0.8076923076923077,3,11,11.83200477213949,0.2828488425533256,1.0,0.0,11,0,1.7171511574466745,0.09714855253696442,0.05,11,,,,,1.7529602217534164,300,7
1092,91,0.8,0.8,0.8,0.671875,3,14,13.237660304475014,0.27520476332157806,1.0,0.0,14,0,1.724795236678422,0.05322892591357231,0.05,14,,,,,1.7529602217534164,300,7
1093,92,0.8,0.8888888888888888,0.8888888888888888,0.5892857142857143,3,12,10.67626008058858,0.47831151123593385,1.0,0.0,12,0,1.5216884887640663,0.06655129790306091,0.05,12,,,,,1.7529602217534164,300,7
1094,93,0.8,0.828125,0.8125,0.828125,3,17,15.1530210651472,0.31046448290751016,0.9411764705882353,0.05882352941176472,16,1,1.454241399445431,0.09888173639774323,0.05,16,,,,,1.7529602217534164,300,7
1095,94,0.8,0.84375,0.84375,0.7333333333333333,3,16,14.243832498799549,0.2946278254943948,1.0,0.0,16,0,1.7053721745056052,0.07199826836585999,0.05,16,,,,,1.7529602217534164,300,7
1096,95,0.8,0.8,0.8,0.65625,3,18,15.805561596148863,0.37155973802022857,1.0,0.0,18,0,1.6284402619797715,0.08302542567253113,0.05,18,,,,,1.7529602217534164,300,7
1097,96,0.8,0.85,0.6931818181818182,0.85,3,15,14.486863979872798,0.2983747399538499,1.0,0.0,15,0,1.7016252600461501,0.04444063454866409,0.05,15,,,,,1.7529602217534164,300,7
1098,97,0.8,0.8055555555555556,0.8055555555555556,0.7666666666666667,3,15,13.975490492066065,0.21326638514829668,1.0,0.0,15,0,1.7867336148517032,0.062045905739068985,0.05,15,,,,,1.7529602217534164,300,7
1099,98,0.8,0.8181818181818182,0.8181818181818182,0.5,3,14,13.79384922577192,0.18992308198756946,1.0,0.0,14,0,1.8100769180124305,0.0804198682308197,0.05,14,,,,,1.7529602217534164,300,7
1100,99,0.8,0.8863636363636364,0.8863636363636364,0.796875,3,19,13.779164702744993,0.5312053326623885,0.8947368421052632,0.10526315789473684,17,2,1.0477420357586642,0.04150953143835068,0.05,17,1.6723360345521348,0.28811951815109593,0.9901138881758077,0.009886111824192318,1.7529602217534164,300,8
1101,100,0.8,0.8214285714285714,0.65625,0.8214285714285714,3,14,12.195053918224456,0.45326913378663725,1.0,0.0,14,0,1.5467308662133628,0.0200938880443573,0.05,14,,,,,1.7529602217534164,300,8
1102,101,0.8,0.875,0.875,0.6166666666666667,3,13,12.901270291588194,0.20777063536083307,1.0,0.0,13,0,1.792229364639167,0.08876161277294159,0.05,13,,,,,1.7529602217534164,300,8
1103,102,0.8,0.8392857142857143,0.8392857142857143,0.36666666666666664,3,9,9.831286903082841,0.1847173820977741,1.0,0.0,9,0,1.815282617902226,0.07418753206729889,0.05,9,,,,,1.7529602217534164,300,8
1104,103,0.8,0.8125,0.8125,0.5,3,12,11.949069819793412,0.3065762303665266,1.0,0.0,12,0,1.6934237696334735,0.05216255784034729,0.05,12,,,,,1.7529602217534164,300,8
1105,104,0.8,0.8928571428571429,0.8928571428571429,0.5166666666666667,3,12,10.47664945592259,0.290677434709156,0.9166666666666666,0.08333333333333337,11,1,1.3759892319575104,0.062144551426172256,0.05,11,,,,,1.7529602217534164,300,8
1106,105,0.8,0.8125,0.8125,0.625,3,11,11.183804359381208,0.288108540140779,1.0,0.0,11,0,1.711891459859221,0.01060668658465147,0.05,11,,,,,1.7529602217534164,300,8
1107,106,0.8,0.85,0.765625,0.85,3,14,13.994636334564598,0.17558927373908378,1.0,0.0,14,0,1.8244107262609162,0.1169465184211731,0.05,14,,,,,1.7529602217534164,300,8
1108,107,0.8,0.825,0.825,0.6470588235294118,3,16,13.924886343901797,0.4652221886536782,1.0,0.0,16,0,1.5347778113463217,0.04585929214954376,0.05,16,,,,,1.7529602217534164,300,8
1109,108,0.8,0.8068181818181818,0.8068181818181818,0.6875,3,17,15.51394381708051,0.1640614276781849,1.0,0.0,17,0,1.8359385723218151,0.04958953335881233,0.05,17,,,,,1.7529602217534164,300,8
1110,109,0.8,0.8166666666666667,0.5909090909090909,0.8166666666666667,3,14,12.767743905063547,0.5005708279406325,1.0,0.0,14,0,1.4994291720593675,0.060216210782527924,0.05,14,,,,,1.7529602217534164,300,8
1111,110,0.8,0.8125,0.8125,0.578125,3,14,13.915409546588648,0.2084594992549807,1.0,0.0,14,0,1.7915405007450194,0.0413099080324173,0.05,14,,,,,1.7529602217534164,300,8
1112,111,0.8,0.8472222222222222,0.8472222222222222,0.765625,3,17,15.104878584331788,0.1807681769299436,1.0,0.0,17,0,1.8192318230700564,0.10465168207883835,0.05,17,,,,,1.7529602217534164,300,8
1113,112,0.8,0.8194444444444444,0.8194444444444444,0.6153846153846154,3,13,12.770716626442056,0.32692105560290113,1.0,0.0,13,0,1.6730789443970988,0.06048522889614105,0.05,13,,,,,1.7529602217534164,300,8
1114,113,0.8,0.84375,0.84375,0.796875,3,14,11.711990796232858,0.3129667354173523,0.9285714285714286,0.0714285714285714,13,1,1.4013189788683622,0.04087015613913536,0.05,13,,,,,1.7529602217534164,300,8
1115,114,0.8,0.8611111111111112,0.8611111111111112,0.7678571428571429,3,14,12.069163482425179,0.26224310207932794,0.9285714285714286,0.0714285714285714,13,1,1.4520426122063865,0.06896847486495972,0.05,13,,,,,1.7529602217534164,300,8
1116,115,0.8,0.8125,0.8125,0.65625,3,12,11.005858276768993,0.23291715927616058,1.0,0.0,12,0,1.7670828407238395,0.08089200407266617,0.05,12,,,,,1.7529602217534164,300,8
1117,116,0.8,0.8472222222222222,0.8472222222222222,0.5666666666666667,3,14,13.694780505651803,0.16874160008259692,1.0,0.0,14,0,1.831258399917403,0.11577600240707397,0.05,14,,,,,1.7529602217534164,300,8
1118,117,0.8,0.828125,0.7625,0.828125,3,17,16.411855553991284,0.2446839372911066,1.0,0.0,17,0,1.7553160627088933,0.037045806646347046,0.05,17,,,,,1.7529602217534164,300,8
1119,118,0.8,0.8125,0.8125,0.6964285714285714,3,15,13.080475608350866,0.4419730689485237,1.0,0.0,15,0,1.5580269310514763,0.012272540479898453,0.05,15,,,,,1.7529602217534164,300,8
1120,119,0.8,0.828125,0.6818181818181818,0.828125,3,16,15.133161739022999,0.31706735498397887,1.0,0.0,16,0,1.6829326450160211,0.044895533472299576,0.05,16,,,,,1.7529602217534164,300,8
1121,120,0.8,0.8295454545454546,0.8295454545454546,0.8,3,16,13.342197070575258,0.44707138101013866,0.9375,0.0625,15,1,1.3029286189898612,0.037014588713645935,0.05,15,,,,,1.7529602217534164,300,8
1122,121,0.8,0.828125,0.6363636363636364,0.828125,3,17,15.793519929636092,0.29066482550927847,1.0,0.0,17,0,1.7093351744907215,0.035858601331710815,0.05,17,,,,,1.7529602217534164,300,8
1123,122,0.8,0.84375,0.84375,0.6029411764705882,3,15,14.012275230782848,0.3420502814391896,1.0,0.0,15,0,1.6579497185608103,0.04990291967988014,0.05,15,,,,,1.7529602217534164,300,8
1124,123,0.8,0.890625,0.890625,0.546875,3,15,13.325607378408797,0.4010519960818791,1.0,0.0,15,0,1.598948003918121,0.03443191200494766,0.05,15,,,,,1.7529602217534164,300,8
1125,124,0.8,0.8194444444444444,0.8194444444444444,0.671875,3,14,12.320573842185324,0.24272237236646124,1.0,0.0,14,0,1.7572776276335387,0.06157257780432701,0.05,14,,,,,1.7529602217534164,300,8
1126,125,0.8,0.8194444444444444,0.8194444444444444,0.765625,3,20,16.889549488269655,0.20934601523719076,1.0,0.0,20,0,1.7906539847628093,0.04582682624459267,0.05,20,,,,,1.7529602217534164,300,8
1127,126,0.8,0.875,0.875,0.65,3,13,12.42099517516678,0.26626843249075755,1.0,0.0,13,0,1.7337315675092424,0.019475845620036125,0.05,13,,,,,1.7529602217534164,300,8
1128,127,0.8,0.8125,0.8125,0.765625,3,14,11.865595784734012,0.2756812002215747,1.0,0.0,14,0,1.7243187997784253,0.041012562811374664,0.05,14,,,,,1.7529602217534164,300,8
1129,128,0.8,0.8571428571428571,0.7159090909090909,0.8571428571428571,3,14,14.49814312622092,0.24884568531237442,1.0,0.0,14,0,1.7511543146876256,0.04784582182765007,0.05,14,,,,,1.7529602217534164,300,8
1130,129,0.8,0.8,0.8,0.8,3,16,14.908050717941085,0.10448490329133298,1.0,0.0,16,0,1.895515096708667,0.041975732892751694,0.05,16,,,,,1.7529602217534164,300,8
1131,130,0.8,0.8611111111111112,0.8611111111111112,0.5357142857142857,3,10,8.746274169789814,0.39449201111240506,1.0,0.0,10,0,1.605507988887595,0.04933620244264603,0.05,10,,,,,1.7529602217534164,300,8
1132,131,0.8,0.85,0.85,0.609375,3,12,11.134642590684066,0.160696247116303,1.0,0.0,12,0,1.839303752883697,0.043633416295051575,0.05,12,,,,,1.7529602217534164,300,8
1133,132,0.8,0.8125,0.7,0.8125,3,16,14.485345706150756,0.3494502313768858,1.0,0.0,16,0,1.6505497686231143,0.07117407768964767,0.05,16,,,,,1.7529602217534164,300,8
1134,133,0.8,0.8125,0.8125,0.734375,3,15,13.821386569966958,0.1789862148327342,1.0,0.0,15,0,1.8210137851672659,0.01945233717560768,0.05,15,,,,,1.7529602217534164,300,8
1135,134,0.8,0.8392857142857143,0.8375,0.8392857142857143,3,15,13.88378263634138,0.19898530690295185,1.0,0.0,15,0,1.801014693097048,0.060967035591602325,0.05,15,,,,,1.7529602217534164,300,8
1136,135,0.8,0.90625,0.90625,0.6607142857142857,3,12,10.297813614680294,0.2837099360395752,0.9166666666666666,0.08333333333333337,11,1,1.3829567306270913,0.028980737552046776,0.05,11,,,,,1.7529602217534164,300,8
1137,136,0.8,0.8522727272727273,0.8522727272727273,0.6875,3,19,15.941615741631757,0.2920744437866989,1.0,0.0,19,0,1.707925556213301,0.13330520689487457,0.05,19,,,,,1.7529602217534164,300,8
1138,137,0.8,0.8055555555555556,0.8055555555555556,0.5,3,11,10.650374327556026,0.23391476460746524,1.0,0.0,11,0,1.7660852353925347,0.08468862622976303,0.05,11,,,,,1.7529602217534164,300,8
1139,138,0.8,0.828125,0.828125,0.4305555555555556,3,11,12.161938678559373,0.1628209477538734,1.0,0.0,11,0,1.8371790522461267,0.03538136929273605,0.05,11,,,,,1.7529602217534164,300,8
1140,139,0.8,0.8035714285714286,0.8035714285714286,0.35714285714285715,3,9,8.714240116349766,0.3804920007609446,1.0,0.0,9,0,1.6195079992390555,0.11811046302318573,0.05,9,,,,,1.7529602217534164,300,8
1141,140,0.8,0.84375,0.84375,0.8214285714285714,3,13,11.537541977326924,0.34635676128880044,1.0,0.0,13,0,1.6536432387111994,0.036424219608306885,0.05,13,,,,,1.7529602217534164,300,8
1142,141,0.8,0.84375,0.7638888888888888,0.84375,3,15,12.445652762742426,0.22755845287660953,1.0,0.0,15,0,1.7724415471233905,0.04190909117460251,0.05,15,,,,,1.7529602217534164,300,8
1143,142,0.8,0.8068181818181818,0.8068181818181818,0.6730769230769231,3,14,12.243955277160929,0.3043122214549362,1.0,0.0,14,0,1.695687778545064,0.0897856131196022,0.05,14,,,,,1.7529602217534164,300,8
1144,143,0.8,0.8235294117647058,0.725,0.8235294117647058,3,14,13.156817422231544,0.29354414728550504,1.0,0.0,14,0,1.706455852714495,0.07061421871185303,0.05,14,,,,,1.7529602217534164,300,8
1145,144,0.8,0.8194444444444444,0.8194444444444444,0.6607142857142857,3,14,12.261724512612432,0.25496838251905063,1.0,0.0,14,0,1.7450316174809495,0.07959280908107758,0.05,14,,,,,1.7529602217534164,300,8
1146,145,0.8,0.8166666666666667,0.6590909090909091,0.8166666666666667,3,14,14.00781082500671,0.25708697838727673,1.0,0.0,14,0,1.7429130216127233,0.058355413377285004,0.05,14,,,,,1.7529602217534164,300,8
1147,146,0.8,0.8625,0.8625,0.7666666666666667,3,14,12.60931759849821,0.14068234767476565,1.0,0.0,14,0,1.8593176523252344,0.04131326079368591,0.05,14,,,,,1.7529602217534164,300,8
1148,147,0.8,0.8076923076923077,0.71875,0.8076923076923077,3,12,11.84123362673825,0.22331482977659362,1.0,0.0,12,0,1.7766851702234063,0.008868860080838203,0.05,12,,,,,1.7529602217534164,300,8
1149,148,0.8,0.8,0.7916666666666666,0.8,3,15,13.623044942460817,0.2952215964480741,1.0,0.0,15,0,1.7047784035519258,0.07758260518312454,0.05,15,,,,,1.7529602217534164,300,8
1150,149,0.8,0.8214285714285714,0.78125,0.8214285714285714,3,13,12.016212586685135,0.34881415265714727,1.0,0.0,13,0,1.6511858473428527,0.03639020025730133,0.05,13,,,,,1.7529602217534164,300,8
1151,150,0.8,0.875,0.875,0.75,3,14,13.220903417807097,0.1890305325574695,1.0,0.0,14,0,1.8109694674425305,0.06770046055316925,0.05,14,,,,,1.7529602217534164,300,8
1152,151,0.8,0.8269230769230769,0.7125,0.8269230769230769,3,12,11.850078276539584,0.2885972974033296,1.0,0.0,12,0,1.7114027025966703,0.07170768082141876,0.05,12,,,,,1.7529602217534164,300,8
1153,152,0.8,0.8055555555555556,0.8055555555555556,0.5625,3,14,13.63856177429111,0.18653556391513004,1.0,0.0,14,0,1.81346443608487,0.060724012553691864,0.05,14,,,,,1.7529602217534164,300,8
1154,153,0.8,0.8125,0.8125,0.6730769230769231,3,10,9.776721521564884,0.21991320281372367,1.0,0.0,10,0,1.7800867971862764,0.06573053449392319,0.05,10,,,,,1.7529602217534164,300,8
1155,154,0.8,0.8055555555555556,0.8055555555555556,0.6470588235294118,3,14,12.921888047540335,0.2456216164213557,1.0,0.0,14,0,1.7543783835786444,0.04986131191253662,0.05,14,,,,,1.7529602217534164,300,8
1156,155,0.8,0.8055555555555556,0.8055555555555556,0.6833333333333333,3,13,12.38800311217471,0.2803164669661754,1.0,0.0,13,0,1.7196835330338245,0.031662508845329285,0.05,13,,,,,1.7529602217534164,300,8
1157,156,0.8,0.8472222222222222,0.8472222222222222,0.78125,3,15,14.43343662512868,0.11464816768751837,1.0,0.0,15,0,1.8853518323124816,0.04249870032072067,0.05,15,,,,,1.7529602217534164,300,8
1158,157,0.8,0.8,0.8,0.8,3,15,13.61656916853972,0.13720587841387863,1.0,0.0,15,0,1.8627941215861215,0.022735657170414925,0.05,15,,,,,1.7529602217534164,300,8
1159,158,0.8,0.8333333333333334,0.8125,0.8333333333333334,3,19,18.37544711994256,0.2938270686304572,1.0,0.0,19,0,1.7061729313695428,0.0897403210401535,0.05,19,,,,,1.7529602217534164,300,8
1160,159,0.8,0.8375,0.8375,0.6617647058823529,3,14,11.915260460353409,0.3725668156179475,1.0,0.0,14,0,1.6274331843820524,0.04857422038912773,0.05,14,,,,,1.7529602217534164,300,8
1161,160,0.8,0.8928571428571429,0.8928571428571429,0.45,3,9,8.003294841752552,0.1993258443683622,0.8888888888888888,0.11111111111111116,8,1,1.356229711187193,0.03323972970247269,0.05,8,,,,,1.7529602217534164,300,8
1162,161,0.8,0.825,0.825,0.7352941176470589,3,19,18.652737159757258,0.07862193880579454,1.0,0.0,19,0,1.9213780611942055,0.09563210606575012,0.05,19,,,,,1.7529602217534164,300,8
1163,162,0.8,0.8076923076923077,0.75,0.8076923076923077,3,14,12.961633770653998,0.4228540669954791,1.0,0.0,14,0,1.577145933004521,0.06864123046398163,0.05,14,,,,,1.7529602217534164,300,8
1164,163,0.8,0.8472222222222222,0.8472222222222222,0.4642857142857143,3,13,12.452877051372838,0.37136637309338627,1.0,0.0,13,0,1.6286336269066137,0.053082242608070374,0.05,13,,,,,1.7529602217534164,300,8
1165,164,0.8,0.8333333333333334,0.825,0.8333333333333334,3,15,12.229010474938914,0.23363693995738127,0.9333333333333333,0.06666666666666665,14,1,1.4996963933759522,0.03021841123700142,0.05,14,,,,,1.7529602217534164,300,8
1166,165,0.8,0.9285714285714286,0.9285714285714286,0.296875,3,8,7.320772797066813,0.22543112278225394,0.875,0.125,7,1,1.2745688772177461,0.05366390570998192,0.05,7,,,,,1.7529602217534164,300,8
1167,166,0.8,0.8472222222222222,0.8472222222222222,0.4444444444444444,3,14,14.509514758007061,0.29837390617784626,1.0,0.0,14,0,1.7016260938221537,0.06357019394636154,0.05,14,,,,,1.7529602217534164,300,8
1168,167,0.8,0.90625,0.90625,0.5,3,12,11.133308491303545,0.09779246910194422,0.9166666666666666,0.08333333333333337,11,1,1.5688741975647222,0.14323072135448456,0.05,11,,,,,1.7529602217534164,300,8
1169,168,0.8,0.85,0.6354166666666666,0.85,3,13,12.43975668569099,0.22153777501376534,1.0,0.0,13,0,1.7784622249862347,0.03138841688632965,0.05,13,,,,,1.7529602217534164,300,8
1170,169,0.8,0.84375,0.675,0.84375,3,16,15.475578050715145,0.31770458458563194,1.0,0.0,16,0,1.6822954154143681,0.06144192814826965,0.05,16,,,,,1.7529602217534164,300,8
1171,170,0.8,0.8333333333333334,0.8333333333333334,0.6071428571428571,3,13,11.587380469616434,0.3704019791617959,1.0,0.0,13,0,1.6295980208382042,0.03786070644855499,0.05,13,,,,,1.7529602217534164,300,8
1172,171,0.8,0.8214285714285714,0.7159090909090909,0.8214285714285714,3,14,13.277158550692684,0.34830005796211394,1.0,0.0,14,0,1.6516999420378862,0.03487492352724075,0.05,14,,,,,1.7529602217534164,300,8
1173,172,0.8,0.8076923076923077,0.725,0.8076923076923077,3,13,12.610882325843033,0.34119895241484227,1.0,0.0,13,0,1.6588010475851578,0.06288276612758636,0.05,13,,,,,1.7529602217534164,300,8
1174,173,0.8,0.8235294117647058,0.765625,0.8235294117647058,3,17,15.345249029113042,0.23096658839624828,1.0,0.0,17,0,1.7690334116037518,0.09558231383562088,0.05,17,,,,,1.7529602217534164,300,8
1175,174,0.8,0.8571428571428571,0.8571428571428571,0.5166666666666667,3,11,9.836559415960426,0.34025631302225423,0.9090909090909091,0.09090909090909094,10,1,1.296107323341382,0.0435745008289814,0.05,10,,,,,1.7529602217534164,300,8
1176,175,0.8,0.8194444444444444,0.8194444444444444,0.5625,3,14,13.270823336170725,0.36474056293926416,1.0,0.0,14,0,1.6352594370607358,0.03657807782292366,0.05,14,,,,,1.7529602217534164,300,8
1177,176,0.8,0.8541666666666666,0.8541666666666666,0.609375,3,14,12.253220566588297,0.31525619741224425,1.0,0.0,14,0,1.6847438025877557,0.035305753350257874,0.05,14,,,,,1.7529602217534164,300,8
1178,177,0.8,0.8958333333333334,0.8958333333333334,0.4375,3,9,10.005810348560615,0.13272739530189007,1.0,0.0,9,0,1.8672726046981099,0.034801289439201355,0.05,9,,,,,1.7529602217534164,300,8
1179,178,0.8,0.8333333333333334,0.8333333333333334,0.45588235294117646,3,10,10.461569920161768,0.1494216418370605,1.0,0.0,10,0,1.8505783581629396,0.07122170925140381,0.05,10,,,,,1.7529602217534164,300,8
1180,179,0.8,0.875,0.875,0.5178571428571429,3,9,8.323308336289873,0.2062484160055583,1.0,0.0,9,0,1.7937515839944418,0.04488168656826019,0.05,9,,,,,1.7529602217534164,300,8
1181,180,0.8,0.8,0.6527777777777778,0.8,3,13,10.838068060195896,0.3675466913345418,1.0,0.0,13,0,1.6324533086654582,0.07453906536102295,0.05,13,,,,,1.7529602217534164,300,8
1182,181,0.8,0.8214285714285714,0.8125,0.8214285714285714,3,14,12.671166707189506,0.13439392875610873,1.0,0.0,14,0,1.8656060712438913,0.07390107214450836,0.05,14,,,,,1.7529602217534164,300,8
1183,182,0.8,0.8571428571428571,0.8571428571428571,0.640625,3,12,12.25298864558891,0.23339755389893513,1.0,0.0,12,0,1.7666024461010648,0.05761049687862396,0.05,12,,,,,1.7529602217534164,300,8
1184,183,0.8,0.8375,0.8375,0.8166666666666667,3,17,13.978309939910144,0.19605567915846495,1.0,0.0,17,0,1.803944320841535,0.035419363528490067,0.05,17,,,,,1.7529602217534164,300,8
1185,184,0.8,0.84375,0.84375,0.6,3,11,9.444115189431958,0.3251456468632464,1.0,0.0,11,0,1.6748543531367537,0.05426196753978729,0.05,11,,,,,1.7529602217534164,300,8
1186,185,0.8,0.8,0.8,0.4852941176470588,3,13,13.394928904569657,0.2256828861144179,1.0,0.0,13,0,1.7743171138855822,0.07160308957099915,0.05,13,,,,,1.7529602217534164,300,8
1187,186,0.8,0.8,0.6625,0.8,3,14,13.466986594139092,0.24412063755211139,1.0,0.0,14,0,1.7558793624478886,0.03839582949876785,0.05,14,,,,,1.7529602217534164,300,8
1188,187,0.8,0.8,0.8,0.515625,3,13,11.347453658549519,0.21250539936469506,1.0,0.0,13,0,1.787494600635305,0.049923837184906006,0.05,13,,,,,1.7529602217534164,300,8
1189,188,0.8,0.8035714285714286,0.8035714285714286,0.6666666666666666,3,13,12.857195557230636,0.2752700076649178,1.0,0.0,13,0,1.724729992335082,0.08727787435054779,0.05,13,,,,,1.7529602217534164,300,8
1190,189,0.8,0.8472222222222222,0.8472222222222222,0.8166666666666667,3,16,13.217167117931771,0.4199989412271446,0.9375,0.0625,15,1,1.3300010587728555,0.08994385600090027,0.05,15,,,,,1.7529602217534164,300,8
1191,190,0.8,0.8392857142857143,0.8392857142857143,0.53125,3,11,11.15381526357465,0.21245914639969937,1.0,0.0,11,0,1.7875408536003006,0.042195238173007965,0.05,11,,,,,1.7529602217534164,300,8
1192,191,0.8,0.8472222222222222,0.8472222222222222,0.8235294117647058,3,17,12.782880554296355,0.30132119705363164,1.0,0.0,17,0,1.6986788029463684,0.07785188406705856,0.05,17,,,,,1.7529602217534164,300,8
1193,192,0.8,0.8333333333333334,0.8333333333333334,0.75,3,12,10.173110492470062,0.24654384055185985,1.0,0.0,12,0,1.7534561594481402,0.03830277547240257,0.05,12,,,,,1.7529602217534164,300,8
1194,193,0.8,0.8625,0.8625,0.71875,3,15,13.79180669825724,0.305109504301637,1.0,0.0,15,0,1.694890495698363,0.0932115912437439,0.05,15,,,,,1.7529602217534164,300,8
1195,194,0.8,0.8055555555555556,0.8055555555555556,0.75,3,14,12.46068946614976,0.19975389792356946,1.0,0.0,14,0,1.8002461020764304,0.0796857476234436,0.05,14,,,,,1.7529602217534164,300,8
1196,195,0.8,0.825,0.825,0.640625,3,15,14.763697149983267,0.2566259616439032,1.0,0.0,15,0,1.7433740383560967,0.05330343544483185,0.05,15,,,,,1.7529602217534164,300,8
1197,196,0.8,0.9027777777777778,0.9027777777777778,0.6785714285714286,3,12,9.43179275561047,0.33121342174908586,0.9166666666666666,0.08333333333333337,11,1,1.3354532449175807,0.08303484320640564,0.05,11,,,,,1.7529602217534164,300,8
1198,197,0.8,0.8625,0.8625,0.6428571428571429,3,12,9.412151613682632,0.296430907399248,1.0,0.0,12,0,1.703569092600752,0.17084044218063354,0.05,12,,,,,1.7529602217534164,300,8
1199,198,0.8,0.8035714285714286,0.8035714285714286,0.5416666666666666,3,13,12.908241892333807,0.18001326817375624,1.0,0.0,13,0,1.8199867318262437,0.060093965381383896,0.05,13,,,,,1.7529602217534164,300,8
1200,199,0.8,0.8125,0.45454545454545453,0.8125,3,12,12.437979340095326,0.2449950380202081,1.0,0.0,12,0,1.7550049619797918,0.022415848448872566,0.05,12,1.7155577067032717,0.24492536577980062,0.9901207681207681,0.009879231879231877,1.7529602217534164,300,9
1201,200,0.8,0.8125,0.8125,0.796875,3,15,13.784353864344816,0.2675915015601758,1.0,0.0,15,0,1.7324084984398243,0.05457058548927307,0.05,15,,,,,1.7529602217534164,300,9
1202,201,0.8,0.8125,0.6875,0.8125,3,15,12.983482957047848,0.4600430318394314,1.0,0.0,15,0,1.5399569681605687,0.058744821697473526,0.05,15,,,,,1.7529602217534164,300,9
1203,202,0.8,0.8295454545454546,0.8295454545454546,0.8035714285714286,3,18,17.424617425964605,0.20040144001014437,1.0,0.0,18,0,1.7995985599898556,0.036544688045978546,0.05,18,,,,,1.7529602217534164,300,9
1204,203,0.8,0.8125,0.8125,0.45,3,10,8.20943473827064,0.35355339059327373,0.9,0.09999999999999998,9,1,1.2464466094067264,0.030707214027643204,0.05,9,,,,,1.7529602217534164,300,9
1205,204,0.8,0.875,0.875,0.8088235294117647,3,17,13.6578784146477,0.47268577982508586,0.9411764705882353,0.05882352941176472,16,1,1.2920201025278553,0.07232619822025299,0.05,16,,,,,1.7529602217534164,300,9
1206,205,0.8,0.921875,0.921875,0.6785714285714286,3,15,10.161241805735335,0.5038595127195991,0.8,0.19999999999999996,12,3,0.6961404872804011,0.07026264816522598,0.05,12,,,,,1.7529602217534164,300,9
1207,206,0.8,0.828125,0.828125,0.5833333333333334,3,13,10.536042693554661,0.3106936423062713,1.0,0.0,13,0,1.6893063576937286,0.07105095684528351,0.05,13,,,,,1.7529602217534164,300,9
1208,207,0.8,0.8214285714285714,0.7638888888888888,0.8214285714285714,3,15,14.129283008178742,0.2596639024929341,1.0,0.0,15,0,1.7403360975070659,0.035789161920547485,0.05,15,,,,,1.7529602217534164,300,9
1209,208,0.8,0.8333333333333334,0.6125,0.8333333333333334,3,13,11.726223066298896,0.1882504885541394,1.0,0.0,13,0,1.8117495114458606,0.06981168687343597,0.05,13,,,,,1.7529602217534164,300,9
1210,209,0.8,0.8125,0.8125,0.421875,3,10,8.517487636437096,0.27498597046143514,0.9,0.09999999999999998,9,1,1.325014029538565,0.07500049471855164,0.05,9,,,,,1.7529602217534164,300,9
1211,210,0.8,0.8611111111111112,0.8611111111111112,0.7857142857142857,3,16,14.163835585020884,0.14905450907573298,1.0,0.0,16,0,1.850945490924267,0.058345623314380646,0.05,16,,,,,1.7529602217534164,300,9
1212,211,0.8,0.8055555555555556,0.8055555555555556,0.453125,3,11,11.203040658916818,0.17508949838698074,1.0,0.0,11,0,1.8249105016130192,0.02257705107331276,0.05,11,,,,,1.7529602217534164,300,9
1213,212,0.8,0.8625,0.8625,0.7,3,16,14.136217579227448,0.33733350527985145,1.0,0.0,16,0,1.6626664947201486,0.05456938222050667,0.05,16,,,,,1.7529602217534164,300,9
1214,213,0.8,0.85,0.85,0.6176470588235294,3,15,13.417092217986136,0.25818336783701606,1.0,0.0,15,0,1.741816632162984,0.15287134051322937,0.05,15,,,,,1.7529602217534164,300,9
1215,214,0.8,0.8125,0.8125,0.609375,3,15,14.913648188923933,0.1996780159258522,1.0,0.0,15,0,1.8003219840741478,0.09140229225158691,0.05,15,,,,,1.7529602217534164,300,9
1216,215,0.8,0.8333333333333334,0.8333333333333334,0.7142857142857143,3,12,10.247797576760044,0.3696385477418316,0.9166666666666666,0.08333333333333337,11,1,1.297028118924835,0.09330300986766815,0.05,11,,,,,1.7529602217534164,300,9
1217,216,0.8,0.8076923076923077,0.5375,0.8076923076923077,3,14,12.768624411386341,0.4923565631392663,1.0,0.0,14,0,1.5076434368607337,0.06605006754398346,0.05,14,,,,,1.7529602217534164,300,9
1218,217,0.8,0.85,0.7875,0.85,3,15,11.740165073216506,0.37503227177334264,0.9333333333333333,0.06666666666666665,14,1,1.3583010615599909,0.04620300605893135,0.05,14,,,,,1.7529602217534164,300,9
1219,218,0.8,0.9027777777777778,0.9027777777777778,0.8214285714285714,3,14,11.743677906601576,0.2657420348380245,0.9285714285714286,0.0714285714285714,13,1,1.44854367944769,0.06328617036342621,0.05,13,,,,,1.7529602217534164,300,9
1220,219,0.8,0.8214285714285714,0.6818181818181818,0.8214285714285714,3,14,12.732873122263939,0.39117945037850477,1.0,0.0,14,0,1.6088205496214951,0.03380013257265091,0.05,14,,,,,1.7529602217534164,300,9
1221,220,0.8,0.8035714285714286,0.8035714285714286,0.7,3,12,12.003154838075833,0.2567623223236892,1.0,0.0,12,0,1.7432376776763108,0.03675274923443794,0.05,12,,,,,1.7529602217534164,300,9
1222,221,0.8,0.8333333333333334,0.8333333333333334,0.7352941176470589,3,15,13.58195534706034,0.2370636719636346,1.0,0.0,15,0,1.7629363280363655,0.04283749312162399,0.05,15,,,,,1.7529602217534164,300,9
1223,222,0.8,0.921875,0.921875,0.48214285714285715,3,11,9.854390557143756,0.19833170941991735,0.9090909090909091,0.09090909090909094,10,1,1.438031926943719,0.06292671710252762,0.05,10,,,,,1.7529602217534164,300,9
1224,223,0.8,0.8194444444444444,0.8194444444444444,0.7857142857142857,3,14,13.892204192104433,0.27183325897005695,1.0,0.0,14,0,1.728166741029943,0.0511646494269371,0.05,14,,,,,1.7529602217534164,300,9
1225,224,0.8,0.8214285714285714,0.7222222222222222,0.8214285714285714,3,20,18.164447862218797,0.32253624959891347,1.0,0.0,20,0,1.6774637504010865,0.03857443481683731,0.05,20,,,,,1.7529602217534164,300,9
1226,225,0.8,0.8181818181818182,0.8181818181818182,0.7833333333333333,3,16,15.481957292254803,0.20011769680261185,1.0,0.0,16,0,1.799882303197388,0.10847295820713043,0.05,16,,,,,1.7529602217534164,300,9
1227,226,0.8,0.8125,0.7,0.8125,3,13,12.038556430721638,0.3462633714588846,1.0,0.0,13,0,1.6537366285411155,0.05549364537000656,0.05,13,,,,,1.7529602217534164,300,9
1228,227,0.8,0.8,0.6022727272727273,0.8,3,14,13.374124902892394,0.2699327397817872,1.0,0.0,14,0,1.7300672602182128,0.09074169397354126,0.05,14,,,,,1.7529602217534164,300,9
1229,228,0.8,0.8125,0.8125,0.7678571428571429,3,14,12.902139791805538,0.2239171473757401,1.0,0.0,14,0,1.7760828526242598,0.051857467740774155,0.05,14,,,,,1.7529602217534164,300,9
1230,229,0.8,0.85,0.8,0.85,3,14,12.47674197257442,0.2645660582406294,1.0,0.0,14,0,1.7354339417593705,0.014927299693226814,0.05,14,,,,,1.7529602217534164,300,9
1231,230,0.8,0.8666666666666667,0.75,0.8666666666666667,3,18,14.29989935966707,0.41698565691331696,0.9444444444444444,0.05555555555555558,17,1,1.3607921208644607,0.0776572898030281,0.05,17,,,,,1.7529602217534164,300,9
1232,231,0.8,0.8875,0.8875,0.734375,3,15,12.507637978830974,0.19614668526636822,1.0,0.0,15,0,1.8038533147336318,0.018261414021253586,0.05,15,,,,,1.7529602217534164,300,9
1233,232,0.8,0.8194444444444444,0.8194444444444444,0.5178571428571429,3,10,9.932685669174834,0.21609057000672185,1.0,0.0,10,0,1.783909429993278,0.06506887823343277,0.05,10,,,,,1.7529602217534164,300,9
1234,233,0.8,0.8055555555555556,0.8055555555555556,0.5,3,10,9.703632203920684,0.2783768782547398,1.0,0.0,10,0,1.7216231217452602,0.13447928428649902,0.05,10,,,,,1.7529602217534164,300,9
1235,234,0.8,0.8472222222222222,0.8472222222222222,0.8,3,17,13.595709978602258,0.1583911931318418,1.0,0.0,17,0,1.8416088068681582,0.014805865474045277,0.05,17,,,,,1.7529602217534164,300,9
1236,235,0.8,0.859375,0.859375,0.6428571428571429,3,12,10.697997091127796,0.5019623893201731,1.0,0.0,12,0,1.4980376106798268,0.03140338510274887,0.05,12,,,,,1.7529602217534164,300,9
1237,236,0.8,0.828125,0.828125,0.8,3,15,11.87072250080956,0.25555527737052136,1.0,0.0,15,0,1.7444447226294786,0.07726714760065079,0.05,15,,,,,1.7529602217534164,300,9
1238,237,0.8,0.8333333333333334,0.5454545454545454,0.8333333333333334,3,15,14.954962271022474,0.34295993021199284,1.0,0.0,15,0,1.6570400697880072,0.047407906502485275,0.05,15,,,,,1.7529602217534164,300,9
1239,238,0.8,0.8088235294117647,0.7272727272727273,0.8088235294117647,3,18,16.635059208672434,0.3449158784767352,1.0,0.0,18,0,1.6550841215232648,0.04660933092236519,0.05,18,,,,,1.7529602217534164,300,9
1240,239,0.8,0.8,0.8,0.609375,3,15,11.907821234187857,0.27093982188962945,1.0,0.0,15,0,1.7290601781103705,0.03310922533273697,0.05,15,,,,,1.7529602217534164,300,9
1241,240,0.8,0.8958333333333334,0.8958333333333334,0.59375,3,12,11.1715800382688,0.2874463113142951,1.0,0.0,12,0,1.712553688685705,0.039915792644023895,0.05,12,,,,,1.7529602217534164,300,9
1242,241,0.8,0.8076923076923077,0.65625,0.8076923076923077,3,11,9.828827779821566,0.2785473773140609,1.0,0.0,11,0,1.721452622685939,0.05628770589828491,0.05,11,,,,,1.7529602217534164,300,9
1243,242,0.8,0.8125,0.8125,0.5666666666666667,3,11,9.955309901898087,0.3134962468816166,1.0,0.0,11,0,1.6865037531183833,0.03568796440958977,0.05,11,,,,,1.7529602217534164,300,9
1244,243,0.8,0.85,0.7625,0.85,3,17,12.06871335876955,0.25589086134754596,1.0,0.0,17,0,1.744109138652454,0.07239232957363129,0.05,17,,,,,1.7529602217534164,300,9
1245,244,0.8,0.828125,0.828125,0.3,3,10,10.30784466628932,0.1488269626540048,1.0,0.0,10,0,1.8511730373459951,0.03229118883609772,0.05,10,,,,,1.7529602217534164,300,9
1246,245,0.8,0.8055555555555556,0.8055555555555556,0.4852941176470588,3,14,14.21440790291211,0.30492606060487093,1.0,0.0,14,0,1.695073939395129,0.04278377443552017,0.05,14,,,,,1.7529602217534164,300,9
1247,246,0.8,0.8125,0.7375,0.8125,3,14,13.030699379679408,0.25962499716702064,1.0,0.0,14,0,1.7403750028329794,0.1296612024307251,0.05,14,,,,,1.7529602217534164,300,9
1248,247,0.8,0.8055555555555556,0.8055555555555556,0.7857142857142857,3,14,11.56628165258028,0.27149803517834237,0.9285714285714286,0.0714285714285714,13,1,1.4427876791073722,0.03549743443727493,0.05,13,,,,,1.7529602217534164,300,9
1249,248,0.8,0.8035714285714286,0.8035714285714286,0.5961538461538461,3,11,11.489513563418985,0.24403883133875376,1.0,0.0,11,0,1.7559611686612462,0.052746307104825974,0.05,11,,,,,1.7529602217534164,300,9
1250,249,0.8,0.8125,0.8125,0.6323529411764706,3,17,16.927652436840873,0.21131888373574756,1.0,0.0,17,0,1.7886811162642524,0.027315251529216766,0.05,17,,,,,1.7529602217534164,300,9
1251,250,0.8,0.8611111111111112,0.8611111111111112,0.75,3,12,9.474786634926158,0.3471982458510423,0.9166666666666666,0.08333333333333337,11,1,1.3194684208156242,0.028188932687044144,0.05,11,,,,,1.7529602217534164,300,9
1252,251,0.8,0.8125,0.8125,0.609375,3,13,11.213725043985242,0.4452032604015117,1.0,0.0,13,0,1.5547967395984883,0.012736049480736256,0.05,13,,,,,1.7529602217534164,300,9
1253,252,0.8,0.8,0.8,0.6617647058823529,3,17,15.123944446366467,0.35462361683517796,1.0,0.0,17,0,1.645376383164822,0.03892400860786438,0.05,17,,,,,1.7529602217534164,300,9
1254,253,0.8,0.8392857142857143,0.6125,0.8392857142857143,3,14,13.291829124010839,0.47570091927746905,1.0,0.0,14,0,1.524299080722531,0.046622879803180695,0.05,14,,,,,1.7529602217534164,300,9
1255,254,0.8,0.8392857142857143,0.8392857142857143,0.6333333333333333,3,12,10.902976719760595,0.34182504020247517,1.0,0.0,12,0,1.6581749597975248,0.041895244270563126,0.05,12,,,,,1.7529602217534164,300,9
1256,255,0.8,0.8392857142857143,0.7875,0.8392857142857143,3,15,12.535727264305555,0.247791035145258,1.0,0.0,15,0,1.752208964854742,0.03310302272439003,0.05,15,,,,,1.7529602217534164,300,9
1257,256,0.8,0.8409090909090909,0.8409090909090909,0.7222222222222222,3,17,15.454258521191253,0.274049656166441,1.0,0.0,17,0,1.725950343833559,0.09069696068763733,0.05,17,,,,,1.7529602217534164,300,9
1258,257,0.8,0.8194444444444444,0.8194444444444444,0.7307692307692307,3,11,8.961895579900109,0.5117140654510548,1.0,0.0,11,0,1.4882859345489452,0.06919737160205841,0.05,11,,,,,1.7529602217534164,300,9
1259,258,0.8,0.875,0.875,0.5892857142857143,3,11,11.088067393670578,0.24249869772254284,1.0,0.0,11,0,1.7575013022774573,0.03782843425869942,0.05,11,,,,,1.7529602217534164,300,9
1260,259,0.8,0.8269230769230769,0.8,0.8269230769230769,3,15,12.282662494885866,0.36733687212420735,1.0,0.0,15,0,1.6326631278757926,0.12683585286140442,0.05,15,,,,,1.7529602217534164,300,9
1261,260,0.8,0.8571428571428571,0.8571428571428571,0.625,3,11,10.127289442811731,0.1831059019647135,1.0,0.0,11,0,1.8168940980352866,0.01240880973637104,0.05,11,,,,,1.7529602217534164,300,9
1262,261,0.8,0.859375,0.8068181818181818,0.859375,3,16,15.044729993644943,0.16591084022023372,1.0,0.0,16,0,1.8340891597797664,0.07291324436664581,0.05,16,,,,,1.7529602217534164,300,9
1263,262,0.8,0.828125,0.828125,0.5833333333333334,3,11,9.34029568881336,0.3446528284649239,0.9090909090909091,0.09090909090909094,10,1,1.2917108078987123,0.09551636874675751,0.05,10,,,,,1.7529602217534164,300,9
1264,263,0.8,0.8125,0.7361111111111112,0.8125,3,15,13.827835052887078,0.12030165208319121,1.0,0.0,15,0,1.8796983479168088,0.029628675431013107,0.05,15,,,,,1.7529602217534164,300,9
1265,264,0.8,0.8214285714285714,0.8214285714285714,0.390625,3,9,9.95540206334006,0.14105439208334336,1.0,0.0,9,0,1.8589456079166566,0.1374606490135193,0.05,9,,,,,1.7529602217534164,300,9
1266,265,0.8,0.8333333333333334,0.8333333333333334,0.5625,3,12,11.01915178439064,0.2030773409063167,1.0,0.0,12,0,1.7969226590936833,0.011754170060157776,0.05,12,,,,,1.7529602217534164,300,9
1267,266,0.8,0.8125,0.8125,0.6176470588235294,3,13,12.35405890664244,0.14103767039486098,1.0,0.0,13,0,1.858962329605139,0.0900549590587616,0.05,13,,,,,1.7529602217534164,300,9
1268,267,0.8,0.8055555555555556,0.8055555555555556,0.7857142857142857,3,16,12.73645935178663,0.39915507006134665,1.0,0.0,16,0,1.6008449299386533,0.08729490637779236,0.05,16,,,,,1.7529602217534164,300,9
1269,268,0.8,0.85,0.7625,0.85,3,15,13.410180282201058,0.28613791576902314,1.0,0.0,15,0,1.7138620842309769,0.04911040514707565,0.05,15,,,,,1.7529602217534164,300,9
1270,269,0.8,0.8625,0.8625,0.46875,3,13,12.648864536607888,0.14235132399873285,1.0,0.0,13,0,1.8576486760012672,0.13948485255241394,0.05,13,,,,,1.7529602217534164,300,9
1271,270,0.8,0.84375,0.84375,0.7692307692307693,3,14,13.152786186369436,0.253501612526103,1.0,0.0,14,0,1.746498387473897,0.07104606181383133,0.05,14,,,,,1.7529602217534164,300,9
1272,271,0.8,0.8472222222222222,0.8472222222222222,0.5576923076923077,3,12,10.76706926548174,0.18614207603650645,1.0,0.0,12,0,1.8138579239634935,0.07026398926973343,0.05,12,,,,,1.7529602217534164,300,9
1273,272,0.8,0.875,0.7125,0.875,3,16,13.73060146560452,0.43825890613509133,0.9375,0.0625,15,1,1.3117410938649088,0.07343455404043198,0.05,15,,,,,1.7529602217534164,300,9
1274,273,0.8,0.8333333333333334,0.8333333333333334,0.6,3,13,11.92813938756941,0.17355994884938272,1.0,0.0,13,0,1.8264400511506174,0.03359507396817207,0.05,13,,,,,1.7529602217534164,300,9
1275,274,0.8,0.8035714285714286,0.6944444444444444,0.8035714285714286,3,16,13.41815354706059,0.3027473768940651,1.0,0.0,16,0,1.6972526231059348,0.04275480657815933,0.05,16,,,,,1.7529602217534164,300,9
1276,275,0.8,0.8214285714285714,0.8214285714285714,0.5576923076923077,3,12,11.807445213570885,0.15356452978182594,1.0,0.0,12,0,1.846435470218174,0.0345393568277359,0.05,12,,,,,1.7529602217534164,300,9
1277,276,0.8,0.890625,0.890625,0.7916666666666666,3,12,9.793534758760314,0.19461792084816815,1.0,0.0,12,0,1.8053820791518318,0.034131284803152084,0.05,12,,,,,1.7529602217534164,300,9
1278,277,0.8,0.8055555555555556,0.8055555555555556,0.671875,3,12,10.776038425391484,0.27138471149857835,1.0,0.0,12,0,1.7286152885014217,0.08694662153720856,0.05,12,,,,,1.7529602217534164,300,9
1279,278,0.8,0.875,0.875,0.578125,3,11,11.146230455119682,0.20387164184644263,1.0,0.0,11,0,1.7961283581535574,0.04220563918352127,0.05,11,,,,,1.7529602217534164,300,9
1280,279,0.8,0.859375,0.859375,0.75,3,15,10.833992606853544,0.46162849205382744,0.8666666666666667,0.1333333333333333,13,2,1.0050381746128394,0.01407710462808609,0.05,13,,,,,1.7529602217534164,300,9
1281,280,0.8,0.8333333333333334,0.8333333333333334,0.578125,3,12,11.454750274126882,0.20990856360231305,1.0,0.0,12,0,1.790091436397687,0.03389875218272209,0.05,12,,,,,1.7529602217534164,300,9
1282,281,0.8,0.8392857142857143,0.6375,0.8392857142857143,3,12,11.729639637043274,0.3068019879645138,1.0,0.0,12,0,1.6931980120354861,0.03202081844210625,0.05,12,,,,,1.7529602217534164,300,9
1283,282,0.8,0.8055555555555556,0.8055555555555556,0.6607142857142857,3,15,12.428553223717225,0.49437964346698726,1.0,0.0,15,0,1.5056203565330128,0.048042669892311096,0.05,15,,,,,1.7529602217534164,300,9
1284,283,0.8,0.8392857142857143,0.8392857142857143,0.55,3,10,9.086409539086647,0.1463699379842635,0.9,0.09999999999999998,9,1,1.4536300620157365,0.04660867154598236,0.05,9,,,,,1.7529602217534164,300,9
1285,284,0.8,0.859375,0.859375,0.4642857142857143,3,9,8.109514085527056,0.444654489816404,1.0,0.0,9,0,1.555345510183596,0.06659755855798721,0.05,9,,,,,1.7529602217534164,300,9
1286,285,0.8,0.8625,0.8625,0.6911764705882353,3,17,15.755156356170671,0.2144171180342317,1.0,0.0,17,0,1.7855828819657682,0.06933489441871643,0.05,17,,,,,1.7529602217534164,300,9
1287,286,0.8,0.8392857142857143,0.8392857142857143,0.7307692307692307,3,14,12.774704548963978,0.23861163520402134,1.0,0.0,14,0,1.7613883647959787,0.11505921185016632,0.05,14,,,,,1.7529602217534164,300,9
1288,287,0.8,0.8035714285714286,0.8035714285714286,0.234375,3,8,8.04237178896944,0.21938826395722089,1.0,0.0,8,0,1.7806117360427791,0.012029428035020828,0.05,8,,,,,1.7529602217534164,300,9
1289,288,0.8,0.8928571428571429,0.8928571428571429,0.5,3,11,10.18884583903369,0.11337282403273513,0.9090909090909091,0.09090909090909094,10,1,1.522990812330901,0.052945442497730255,0.05,10,,,,,1.7529602217534164,300,9
1290,289,0.8,0.8392857142857143,0.8392857142857143,0.6730769230769231,3,12,11.341055468540649,0.16468240478193516,1.0,0.0,12,0,1.835317595218065,0.06801366060972214,0.05,12,,,,,1.7529602217534164,300,9
1291,290,0.8,0.8068181818181818,0.8068181818181818,0.6875,3,16,13.91997376436974,0.318159348816317,1.0,0.0,16,0,1.681840651183683,0.061841439455747604,0.05,16,,,,,1.7529602217534164,300,9
1292,291,0.8,0.8055555555555556,0.8055555555555556,0.6785714285714286,3,13,9.261430392146405,0.4253351653394246,0.9230769230769231,0.07692307692307687,12,1,1.266972526968268,0.03468058258295059,0.05,12,,,,,1.7529602217534164,300,9
1293,292,0.8,0.8541666666666666,0.8541666666666666,0.7166666666666667,3,13,11.210014182997305,0.39658517355692174,1.0,0.0,13,0,1.6034148264430783,0.07844103872776031,0.05,13,,,,,1.7529602217534164,300,9
1294,293,0.8,0.8194444444444444,0.8194444444444444,0.7307692307692307,3,11,10.054021635349448,0.23596248175369045,1.0,0.0,11,0,1.7640375182463095,0.06867773830890656,0.05,11,,,,,1.7529602217534164,300,9
1295,294,0.8,0.825,0.825,0.55,3,13,13.176082157708281,0.16018702448488803,1.0,0.0,13,0,1.839812975515112,0.02923387475311756,0.05,13,,,,,1.7529602217534164,300,9
1296,295,0.8,0.8636363636363636,0.8636363636363636,0.71875,3,17,15.253246948072823,0.1694886519411828,1.0,0.0,17,0,1.8305113480588173,0.031000256538391113,0.05,17,,,,,1.7529602217534164,300,9
1297,296,0.8,0.84375,0.71875,0.84375,3,20,19.460860953136752,0.34485810493844005,1.0,0.0,20,0,1.65514189506156,0.03583283722400665,0.05,20,,,,,1.7529602217534164,300,9
1298,297,0.8,0.8214285714285714,0.6704545454545454,0.8214285714285714,3,16,13.432436495872256,0.5171261435250678,1.0,0.0,16,0,1.4828738564749322,0.019694365561008453,0.05,16,,,,,1.7529602217534164,300,9
1299,298,0.8,0.8035714285714286,0.675,0.8035714285714286,3,14,11.982667116473856,0.3275209059551808,1.0,0.0,14,0,1.672479094044819,0.06694000959396362,0.05,14,,,,,1.7529602217534164,300,9
1300,299,0.8,0.859375,0.859375,0.6875,3,12,10.277660575962594,0.39915707395772415,0.9166666666666666,0.08333333333333337,11,1,1.2675095927089424,0.05892454460263252,0.05,11,1.7128336913463726,0.2549798284671472,0.99195337995338,0.008046620046620045,1.7529602217534164,300,10
