episode,scenario_id,target_load,actual_load,memory_load,core_load,reward,objective,balance_score,success_rate,failure_rate,vgpu_success_rate,vgpu_failure_rate,allocated_count,failure_count,allocated_vgpu_count,failure_vgpu_count,total_vgpu_count,num_gpus,num_pods,steps,loss,epsilon,eval_objective,eval_balance_score,eval_success_rate,eval_failure_rate,eval_vgpu_success_rate,eval_vgpu_failure_rate,eval_checkpoint_score,eval_conflict_objective,eval_conflict_intra_gpu_balance_score,eval_lowmid_objective,best_eval_objective,best_checkpoint_score
1,train-load-0.7-scenario-25,0.7,0.6069565,0.57329125,0.6069565,11.320245898443275,0.7108247677630571,0.4891752322369429,0.8,0.2,0.7272727272727273,0.2727272727272727,8,2,8,3,11,6,10,8,0.0,0.995,,,,,,,,,,,-1e+18,-1e+18
2,train-load-0.5-scenario-297-retry-1,0.5,0.40625,0.19270833333333334,0.40625,32.153882310457384,1.3182939584541935,0.6817060415458064,1.0,0.0,1.0,0.0,22,0,22,0,22,8,22,22,0.0,0.990025,,,,,,,,,,,-1e+18,-1e+18
3,train-load-0.5-scenario-571,0.5,0.6,0.6,0.15,18.027627038354208,1.1869608517888262,0.8130391482111738,1.0,0.0,1.0,0.0,12,0,12,0,12,8,12,12,0.0,0.985074875,,,,,,,,,,,-1e+18,-1e+18
4,train-load-0.5-scenario-273-retry-1,0.5,0.4,0.16666666666666666,0.4,24.16079999200847,1.2747064553368315,0.7252935446631685,1.0,0.0,1.0,0.0,16,0,16,0,16,8,16,16,0.0,0.9801495006250001,,,,,,,,,,,-1e+18,-1e+18
5,train-load-0.5-scenario-394,0.5,0.473155,0.33069166666666666,0.473155,8.175770102276823,1.2591797230378128,0.7408202769621872,1.0,0.0,1.0,0.0,4,0,4,0,4,4,4,4,0.0,0.9752487531218751,,,,,,,,,,,-1e+18,-1e+18
6,train-load-1.0-scenario-486,1.0,0.9000721666666668,0.4194439583333333,0.9000721666666668,3.576586159919797,-0.18065686238927936,0.4663711481035651,0.5714285714285714,0.42857142857142855,0.4444444444444444,0.5555555555555556,4,3,4,5,9,6,7,4,0.0,0.9703725093562657,,,,,,,,,,,-1e+18,-1e+18
7,train-load-0.9-scenario-492,0.9,0.875,0.1875,0.875,19.18365668116335,0.8593863491841314,0.6406136508158686,0.875,0.125,0.875,0.125,14,2,14,2,16,6,16,14,0.0,0.9655206468094844,,,,,,,,,,,-1e+18,-1e+18
8,train-load-0.6-scenario-297-retry-2,0.6,0.65,0.65,0.65,13.643251078816636,0.5976183598837524,0.47930471703932465,0.7692307692307693,0.23076923076923078,0.7692307692307693,0.23076923076923078,10,3,10,3,13,8,13,10,0.0,0.960693043575437,,,,,,,,,,,-1e+18,-1e+18
9,train-load-0.5-scenario-371,0.5,0.5714285714285714,0.17142857142857143,0.5714285714285714,10.769707218963589,0.9089653025498006,0.5910346974501994,0.875,0.125,0.875,0.125,7,1,7,1,8,7,8,7,0.0,0.9558895783575597,,,,,,,,,,,-1e+18,-1e+18
10,train-load-0.6-scenario-307,0.6,0.6153772000000001,0.5454866666666667,0.6153772000000001,3.6245247238771587,0.008658303651520538,0.6580083630151461,0.6666666666666666,0.3333333333333333,0.7142857142857143,0.2857142857142857,4,2,5,2,7,5,6,4,0.0,0.9511101304657719,,,,,,,,,,,-1e+18,-1e+18
11,train-load-0.7-scenario-87,0.7,0.7982455714285713,0.35117767857142856,0.7982455714285713,11.55796198211018,0.8391832012893937,0.7163723542661617,0.8888888888888888,0.1111111111111111,0.8,0.2,8,1,8,2,10,7,9,8,0.0,0.946354579813443,,,,,,,,,,,-1e+18,-1e+18
12,train-load-0.9-scenario-354,0.9,1.0,1.0,0.4166666666666667,5.141118453313431,-0.18001632677776336,0.5800163267777633,0.6,0.4,0.6,0.4,6,4,6,4,10,6,10,6,0.0,0.9416228069143757,,,,,,,,,,,-1e+18,-1e+18
13,train-load-0.5-scenario-543,0.5,0.5,0.5,0.375,19.97702469385554,1.4840668330665774,0.5159331669334225,1.0,0.0,1.0,0.0,12,0,12,0,12,8,12,12,0.0,0.9369146928798039,,,,,,,,,,,-1e+18,-1e+18
14,train-load-0.6-scenario-619,0.6,0.5979909999999999,0.5979909999999999,0.4335838,5.644105530493903,0.38669555647498915,0.9466377768583443,0.8333333333333334,0.16666666666666666,0.875,0.125,5,1,7,1,8,5,6,5,1.812573790550232,0.9322301194154049,,,,,,,,,,,-1e+18,-1e+18
15,train-load-1.0-scenario-476,1.0,0.88616775,0.3945208333333334,0.88616775,10.045522637471239,0.25626102978195864,0.7437389702180414,0.75,0.25,0.7692307692307693,0.23076923076923078,9,3,10,3,13,8,12,9,2.5568771362304688,0.9275689688183278,,,,,,,,,,,-1e+18,-1e+18
16,train-load-1.0-scenario-546-retry-7,1.0,0.8916666666666667,0.6833333333333333,0.8916666666666667,21.145811745708272,1.18078669720069,0.31921330279931015,0.875,0.125,0.875,0.125,14,2,14,2,16,6,16,14,1.793271780014038,0.9229311239742362,,,,,,,,,,,-1e+18,-1e+18
17,train-load-0.6-scenario-189,0.6,0.5351126,0.4267533333333333,0.5351126,8.88915170069664,0.9547255699535331,1.045274430046467,1.0,0.0,1.0,0.0,6,0,6,0,6,5,6,6,1.657956838607788,0.918316468354365,,,,,,,,,,,-1e+18,-1e+18
18,train-load-0.9-scenario-610-retry-11,0.9,1.0,0.6666666666666666,1.0,5.745230527396027,-0.09374155216767599,0.4937415521676759,0.6,0.4,0.6,0.4,6,4,6,4,10,6,10,6,1.8004136085510254,0.9137248860125932,,,,,,,,,,,-1e+18,-1e+18
19,train-load-0.5-scenario-296-retry-2,0.5,0.5666666666666667,0.5666666666666667,0.36666666666666664,18.262280888153388,1.3936753377620954,0.6063246622379046,1.0,0.0,1.0,0.0,11,0,11,0,11,6,11,11,1.7040932178497314,0.9091562615825302,,,,,,,,,,,-1e+18,-1e+18
20,train-load-0.5-scenario-544-retry-2,0.5,0.40476190476190477,0.40476190476190477,0.24285714285714285,26.717692693283105,1.4819584313115697,0.5180415686884304,1.0,0.0,1.0,0.0,17,0,17,0,17,7,17,17,1.6877601146697998,0.9046104802746175,,,,,,,,,,,-1e+18,-1e+18
21,train-load-0.6-scenario-320-retry-2,0.6,0.56,0.4666666666666667,0.56,23.241975704012244,1.5685088539106042,0.4314911460893957,1.0,0.0,1.0,0.0,14,0,14,0,14,5,14,14,2.012570381164551,0.9000874278732445,,,,,,,,,,,-1e+18,-1e+18
22,train-load-0.8-scenario-593-retry-3,0.8,0.8571428571428571,0.09523809523809523,0.8571428571428571,-1.9210432183135326,-1.2357511842344342,0.7357511842344342,0.375,0.625,0.375,0.625,3,5,3,5,8,7,8,3,1.836881399154663,0.8955869907338783,,,,,,,,,,,-1e+18,-1e+18
23,train-load-0.5-scenario-112,0.5,0.4381655,0.228914375,0.4381655,8.320465143364348,1.2325528279746394,0.7674471720253606,1.0,0.0,1.0,0.0,4,0,4,0,4,4,4,4,0.8662742376327515,0.8911090557802088,,,,,,,,,,,-1e+18,-1e+18
24,train-load-0.6-scenario-480,0.6,0.6797604166666668,0.6797604166666668,0.49096775000000004,3.422384573416187,0.02497710158984412,0.3750228984101558,0.6,0.4,0.6666666666666666,0.3333333333333333,3,2,4,2,6,4,5,3,1.8663727045059204,0.8866535105013078,,,,,,,,,,,-1e+18,-1e+18
25,train-load-0.5-scenario-692,0.5,0.40625,0.1625,0.40625,20.733475014999936,1.39102043627044,0.60897956372956,1.0,0.0,1.0,0.0,13,0,13,0,13,8,13,13,2.0753369331359863,0.8822202429488013,,,,,,,,,,,-1e+18,-1e+18
26,train-load-0.9-scenario-585-retry-1,0.9,1.0,0.2,1.0,2.3326168752505363,-0.638444407451005,0.638444407451005,0.5,0.5,0.5,0.5,5,5,5,5,10,5,10,5,1.316347360610962,0.8778091417340573,,,,,,,,,,,-1e+18,-1e+18
27,train-load-0.5-scenario-722,0.5,0.590890125,0.32226062499999997,0.590890125,10.093373592828598,0.9078174051051454,0.5207540234662832,0.8571428571428571,0.14285714285714285,0.8,0.2,6,1,8,2,10,8,7,6,0.42890799045562744,0.8734200960253871,,,,,,,,,,,-1e+18,-1e+18
28,train-load-1.0-scenario-401,1.0,0.9287875000000001,0.5972760416666667,0.9287875000000001,9.645351248955459,0.21074268247796635,0.7892573175220337,0.75,0.25,0.75,0.25,9,3,9,3,12,6,12,9,0.9234181642532349,0.8690529955452602,,,,,,,,,,,-1e+18,-1e+18
29,train-load-0.8-scenario-134,0.8,0.8785714285714286,0.8095238095238095,0.8785714285714286,6.93420841883606,-0.02787765975125145,0.5733322052057969,0.6363636363636364,0.36363636363636365,0.6363636363636364,0.36363636363636365,7,4,7,4,11,7,11,7,1.311180591583252,0.8647077305675338,,,,,,,,,,,-1e+18,-1e+18
30,train-load-0.9-scenario-18,0.9,0.8137455,0.5517440972222222,0.8137455,9.819759168296075,0.4693798007266716,0.7306201992733284,0.8,0.2,0.8181818181818182,0.18181818181818182,8,2,9,2,11,6,10,8,1.533013939857483,0.8603841919146962,,,,,,,,,,,-1e+18,-1e+18
31,train-load-0.8-scenario-262,0.8,0.69874175,0.6619752604166667,0.69874175,15.569569298035995,0.8448846767959284,0.5397307078194561,0.8461538461538461,0.15384615384615385,0.8,0.2,11,2,12,3,15,8,13,11,1.2758126258850098,0.8560822709551227,,,,,,,,,,,-1e+18,-1e+18
32,train-load-0.7-scenario-153-retry-3,0.7,0.8,0.6666666666666666,0.8,7.865729727207382,0.4561604915966331,0.5438395084033669,0.75,0.25,0.75,0.25,6,2,6,2,8,4,8,6,1.2682826519012451,0.851801859600347,,,,,,,,,,,-1e+18,-1e+18
33,train-load-0.7-scenario-739,0.7,0.6758273749999999,0.5602240625,0.6758273749999999,15.998091862454654,0.7702404868107305,0.6583309417606978,0.8571428571428571,0.14285714285714285,0.8571428571428571,0.14285714285714285,12,2,12,2,14,8,14,12,1.9395300149917603,0.8475428503023453,,,,,,,,,,,-1e+18,-1e+18
34,train-load-0.9-scenario-183,0.9,0.8072819999999999,0.44180583333333334,0.8072819999999999,11.262555443475758,0.9438292519764575,0.5561707480235425,0.875,0.125,0.9,0.1,7,1,9,1,10,6,8,7,0.6988698244094849,0.8433051360508336,,,,,,,,,,,-1e+18,-1e+18
35,train-load-0.9-scenario-656-retry-3,0.9,0.8,0.8,0.6,22.527612153693195,1.0877801402356986,0.46777541531985667,0.8888888888888888,0.1111111111111111,0.8888888888888888,0.1111111111111111,16,2,16,2,18,6,18,16,1.0816023349761963,0.8390886103705794,,,,,,,,,,,-1e+18,-1e+18
36,train-load-0.5-scenario-601-retry-9,0.5,0.6,0.48,0.6,21.9720621045848,1.784836178435456,0.21516382156454394,1.0,0.0,1.0,0.0,12,0,12,0,12,5,12,12,1.3050987720489502,0.8348931673187264,,,,,,,,,,,-1e+18,-1e+18
37,train-load-0.9-scenario-612-retry-2,0.9,0.83985925,0.768653125,0.83985925,11.366664366950449,0.051096466454424894,0.6989035335455751,0.6875,0.3125,0.7058823529411765,0.29411764705882354,11,5,12,5,17,8,16,11,0.7028883695602417,0.8307187014821328,,,,,,,,,,,-1e+18,-1e+18
38,train-load-0.7-scenario-567-retry-3,0.7,0.8,0.2222222222222222,0.8,8.199304407541062,0.47682247664446076,0.5231775233555392,0.75,0.25,0.75,0.25,6,2,6,2,8,6,8,6,0.46063441038131714,0.8265651079747222,,,,,,,,,,,-1e+18,-1e+18
39,train-load-0.7-scenario-686-retry-1,0.7,0.8,0.4,0.8,7.853757656033396,0.46366358857489853,0.5363364114251015,0.75,0.25,0.75,0.25,6,2,6,2,8,4,8,6,0.8185805082321167,0.8224322824348486,,,,,,,,,,,-1e+18,-1e+18
40,train-load-0.7-scenario-195-retry-4,0.7,0.6,0.125,0.6,21.92985936065428,1.2200719989385191,0.7799280010614809,1.0,0.0,1.0,0.0,15,0,15,0,15,5,15,15,0.564504861831665,0.8183201210226743,,,,,,,,,,,-1e+18,-1e+18
41,train-load-0.9-scenario-46-retry-7,0.9,1.0,0.08333333333333333,1.0,3.8112098422197622,-0.3724982701511004,0.7724982701511003,0.6,0.4,0.6,0.4,6,4,6,4,10,6,10,6,1.1324973106384277,0.8142285204175609,,,,,,,,,,,-1e+18,-1e+18
42,train-load-0.8-scenario-95,0.8,0.9,0.5333333333333333,0.9,1.7821798546180025,-0.5856986066350282,0.5856986066350282,0.5,0.5,0.5555555555555556,0.4444444444444444,4,4,5,4,9,6,8,4,0.5230780243873596,0.810157377815473,,,,,,,,,,,-1e+18,-1e+18
43,train-load-0.6-scenario-441,0.6,0.5296565714285714,0.44106874999999995,0.5296565714285714,13.654825072017468,1.3049770103790628,0.6950229896209372,1.0,0.0,1.0,0.0,8,0,9,0,9,7,8,8,1.3596274852752686,0.8061065909263957,,,,,,,,,,,-1e+18,-1e+18
44,train-load-1.0-scenario-568,1.0,0.9769955,0.608726736111111,0.9769955,11.81856388100924,0.6110525099762005,0.6616747627510723,0.8181818181818182,0.18181818181818182,0.7692307692307693,0.23076923076923078,9,2,10,3,13,6,11,9,1.0974185466766357,0.8020760579717637,,,,,,,,,,,-1e+18,-1e+18
45,train-load-1.0-scenario-303-retry-1,1.0,1.0875,0.9375,1.0875,7.89574487424057,0.343948111611312,0.3227185550553546,0.6666666666666666,0.3333333333333333,0.6666666666666666,0.3333333333333333,6,3,6,3,9,4,9,6,1.0195918083190918,0.798065677681905,,,,,,,,,,,-1e+18,-1e+18
46,train-load-0.8-scenario-252,0.8,0.9,0.72,0.9,5.169931895879242,-0.02326345463722912,0.24548567685945144,0.5555555555555556,0.4444444444444444,0.5555555555555556,0.4444444444444444,5,4,5,4,9,5,9,5,0.4957813620567322,0.7940753492934954,,,,,,,,,,,-1e+18,-1e+18
47,train-load-0.5-scenario-413,0.5,0.48069656250000004,0.48069656250000004,0.4341465,10.862710210896184,1.5178240980888555,0.48217590191114446,1.0,0.0,1.0,0.0,5,0,5,0,5,4,5,5,0.2881889343261719,0.7901049725470279,,,,,,,,,,,-1e+18,-1e+18
48,train-load-0.9-scenario-713,0.9,0.976668,0.5958020833333334,0.976668,5.849138111204511,0.2527748921271513,0.6043679650157059,0.7142857142857143,0.2857142857142857,0.6666666666666666,0.3333333333333333,5,2,6,3,9,4,7,5,0.8598775863647461,0.7861544476842928,,,,,,,,,,,-1e+18,-1e+18
49,train-load-0.9-scenario-473,0.9,0.8297599999999999,0.5424583333333334,0.8297599999999999,7.874101764826168,0.7395224297159251,0.5938109036174084,0.8333333333333334,0.16666666666666666,0.875,0.125,5,1,7,1,8,4,6,5,0.6099981069564819,0.7822236754458713,,,,,,,,,,,-1e+18,-1e+18
50,train-load-1.0-scenario-527-retry-1,1.0,0.9493678750000001,0.4429490625,0.9493678750000001,8.919399326148362,0.2168581402656936,0.6922327688252156,0.7272727272727273,0.2727272727272727,0.6923076923076923,0.3076923076923077,8,3,9,4,13,8,11,8,0.5141426920890808,0.778312557068642,,,,,,,,,,,-1e+18,-1e+18
51,train-load-0.6-scenario-424,0.6,0.7142857142857143,0.7142857142857143,0.6785714285714286,15.318728284367253,1.282823283044051,0.3171767169559491,0.9,0.1,0.9,0.1,9,1,9,1,10,7,10,9,0.21149791777133942,0.7744209942832988,,,,,,,,,,,-1e+18,-1e+18
52,train-load-0.9-scenario-740,0.9,0.8316135,0.767801875,0.8316135,3.803296088835412,-0.23425473469683555,0.7342547346968356,0.625,0.375,0.7,0.3,5,3,7,3,10,4,8,5,0.365225225687027,0.7705488893118823,,,,,,,,,,,-1e+18,-1e+18
53,train-load-0.5-scenario-412-retry-3,0.5,0.5833333333333334,0.3194444444444444,0.5833333333333334,5.598182523721288,0.021606892471593864,0.47839310752840614,0.625,0.375,0.625,0.375,5,3,5,3,8,6,8,5,0.4758300483226776,0.7666961448653229,,,,,,,,,,,-1e+18,-1e+18
54,train-load-0.6-scenario-119-retry-1,0.6,0.5333333333333333,0.5,0.5333333333333333,15.091392313737197,1.3009240168042824,0.6990759831957176,1.0,0.0,1.0,0.0,9,0,9,0,9,6,9,9,0.43245506286621094,0.7628626641409962,,,,,,,,,,,-1e+18,-1e+18
55,train-load-0.5-scenario-71,0.5,0.46129116666666664,0.3019809027777778,0.46129116666666664,5.53138164298584,0.4389444115070965,0.7610555884929036,0.8,0.2,0.8333333333333334,0.16666666666666666,4,1,5,1,6,6,5,4,0.35588258504867554,0.7590483508202912,,,,,,,,,,,-1e+18,-1e+18
56,train-load-0.5-scenario-256-retry-1,0.5,0.5333333333333333,0.5333333333333333,0.4,14.57430285921797,1.4749863591900052,0.5250136408099949,1.0,0.0,1.0,0.0,8,0,8,0,8,5,8,8,0.41179925203323364,0.7552531090661897,,,,,,,,,,,-1e+18,-1e+18
57,train-load-0.7-scenario-643,0.7,0.6468907500000001,0.3099528125,0.6468907500000001,13.176271705950635,1.2635844849260283,0.7364155150739717,1.0,0.0,1.0,0.0,8,0,9,0,9,8,8,8,0.5438637733459473,0.7514768435208588,,,,,,,,,,,-1e+18,-1e+18
58,train-load-0.9-scenario-664,0.9,0.9833333333333333,0.9833333333333333,0.96,9.518265390627434,0.5290526943533315,0.27094730564666847,0.7,0.3,0.7,0.3,7,3,7,3,10,5,10,7,0.37166813015937805,0.7477194593032545,,,,,,,,,,,-1e+18,-1e+18
59,train-load-1.0-scenario-116,1.0,0.884441125,0.8542639062499999,0.884441125,12.897481692018156,0.2936197529957527,0.4563802470042473,0.6875,0.3125,0.6842105263157895,0.3157894736842105,11,5,13,6,19,8,16,11,0.5935657620429993,0.7439808620067382,,,,,,,,,,,-1e+18,-1e+18
60,train-load-0.6-scenario-82-retry-6,0.6,0.5,0.23333333333333334,0.5,15.986697494671336,1.2649768249322688,0.7350231750677312,1.0,0.0,1.0,0.0,10,0,10,0,10,5,10,10,0.455558717250824,0.7402609576967045,,,,,,,,,,,-1e+18,-1e+18
61,train-load-0.7-scenario-356,0.7,0.75,0.25,0.75,22.814530710155342,1.354931997773822,0.645068002226178,1.0,0.0,1.0,0.0,15,0,15,0,15,5,15,15,0.6636849641799927,0.736559652908221,,,,,,,,,,,-1e+18,-1e+18
62,train-load-0.6-scenario-423,0.6,0.5244219999999999,0.5244219999999999,0.4621902,11.472351866249266,1.3266687730138382,0.6733312269861618,1.0,0.0,1.0,0.0,6,0,8,0,8,5,6,6,0.7023869752883911,0.7328768546436799,,,,,,,,,,,-1e+18,-1e+18
63,train-load-0.9-scenario-90-retry-1,0.9,0.96875,0.2,0.96875,0.3321555606665494,-0.8967216240659523,0.67449940184373,0.4444444444444444,0.5555555555555556,0.4444444444444444,0.5555555555555556,4,5,4,5,9,8,9,4,1.2895126342773438,0.7292124703704616,,,,,,,,,,,-1e+18,-1e+18
64,train-load-1.0-scenario-348-retry-1,1.0,0.99848175,0.619901875,0.99848175,9.860673469130585,0.6213099264901283,0.4898011846209828,0.7777777777777778,0.2222222222222222,0.7777777777777778,0.2222222222222222,7,2,7,2,9,4,9,7,0.4435350000858307,0.7255664080186093,,,,,,,,,,,-1e+18,-1e+18
65,train-load-0.7-scenario-273-retry-1,0.7,0.7619047619047619,0.7619047619047619,0.22857142857142856,4.301242691262185,-0.11245919624292244,0.6124591962429224,0.625,0.375,0.625,0.375,5,3,5,3,8,7,8,5,0.9450525641441345,0.7219385759785162,,,,,,,,,,,-1e+18,-1e+18
66,train-load-0.7-scenario-678-retry-1,0.7,0.6,0.4,0.6,20.672355414292497,1.5837813665832736,0.4162186334167264,1.0,0.0,1.0,0.0,12,0,12,0,12,5,12,12,0.6536019444465637,0.7183288830986236,,,,,,,,,,,-1e+18,-1e+18
67,train-load-0.5-scenario-415,0.5,0.5714285714285714,0.22857142857142856,0.5714285714285714,11.749473300874897,1.048002790885072,0.4519972091149279,0.875,0.125,0.875,0.125,7,1,7,1,8,7,8,7,0.7082505822181702,0.7147372386831305,,,,,,,,,,,-1e+18,-1e+18
68,train-load-0.9-scenario-435-retry-1,0.9,1.0,0.3,1.0,-6.905308384250206,-2.301769461416735,0.3017694614167353,0.0,1.0,0.0,1.0,0,8,0,8,8,8,8,0,0.679436981678009,0.7111635524897149,,,,,,,,,,,-1e+18,-1e+18
69,train-load-0.5-scenario-669-retry-1,0.5,0.479875,0.34013229166666664,0.479875,10.447144372020556,1.4202108916470142,0.5797891083529858,1.0,0.0,1.0,0.0,5,0,5,0,5,4,5,5,0.5708552002906799,0.7076077347272662,,,,,,,,,,,-1e+18,-1e+18
70,train-load-0.6-scenario-50,0.6,0.5165743333333332,0.48912534722222223,0.5165743333333332,13.239149061556018,1.2068274189283954,0.7931725810716046,1.0,0.0,1.0,0.0,8,0,8,0,8,6,8,8,0.4397393763065338,0.7040696960536299,,,,,,,,,,,-1e+18,-1e+18
71,train-load-0.7-scenario-663-retry-3,0.7,0.6,0.6,0.15,18.036463777524745,1.1949190177409643,0.8050809822590356,1.0,0.0,1.0,0.0,12,0,12,0,12,8,12,12,0.19677691161632538,0.7005493475733617,,,,,,,,,,,-1e+18,-1e+18
72,train-load-0.6-scenario-372-retry-1,0.6,0.5920854285714285,0.4972324404761905,0.5920854285714285,12.482169704197952,0.9794249453695513,0.5761306101860042,0.8888888888888888,0.1111111111111111,0.9,0.1,8,1,9,1,10,7,9,8,0.1935102641582489,0.697046600835495,,,,,,,,,,,-1e+18,-1e+18
73,train-load-1.0-scenario-285,1.0,1.0357142857142858,0.7619047619047619,1.0357142857142858,15.926577721000754,0.4499853919046155,0.28685671335854235,0.6842105263157895,0.3157894736842105,0.6842105263157895,0.3157894736842105,13,6,13,6,19,7,19,13,0.3245213031768799,0.6935613678313175,,,,,,,,,,,-1e+18,-1e+18
74,train-load-0.8-scenario-189,0.8,0.7589661999999999,0.6487041666666666,0.7589661999999999,11.783683666637511,0.9249095499093282,0.6306460056462273,0.8888888888888888,0.1111111111111111,0.9,0.1,8,1,9,1,10,5,9,8,0.8263181447982788,0.6900935609921609,,,,,,,,,,,-1e+18,-1e+18
75,train-load-0.6-scenario-267-retry-4,0.6,0.54375,0.5,0.54375,16.717397208101957,1.4028500681933258,0.5971499318066742,1.0,0.0,1.0,0.0,10,0,10,0,10,8,10,10,0.539967954158783,0.6866430931872001,,,,,,,,,,,-1e+18,-1e+18
76,train-load-0.5-scenario-379,0.5,0.43300466666666665,0.3716204166666667,0.43300466666666665,7.397674565093229,0.6239814770767722,0.7093518562565612,0.8333333333333334,0.16666666666666666,0.7142857142857143,0.2857142857142857,5,1,5,2,7,6,6,5,0.4632536470890045,0.6832098777212641,,,,,,,,,,,-1e+18,-1e+18
77,train-load-0.6-scenario-440-retry-1,0.6,0.6666666666666666,0.6666666666666666,0.5,15.308664104939027,1.2793755210836546,0.32062447891634543,0.9,0.1,0.9,0.1,9,1,9,1,10,5,10,9,0.3866952061653137,0.6797938283326578,,,,,,,,,,,-1e+18,-1e+18
78,train-load-0.5-scenario-232,0.5,0.5525275,0.35601302083333336,0.5525275,4.67596651764822,0.43952321883495415,0.5604767811650458,0.75,0.25,0.8,0.2,3,1,4,1,5,4,4,3,0.3873562812805176,0.6763948591909945,,,,,,,,,,,-1e+18,-1e+18
79,train-load-0.6-scenario-543-retry-1,0.6,0.6,0.6,0.3,19.900050246079118,1.477767354045048,0.5222326459549519,1.0,0.0,1.0,0.0,12,0,12,0,12,8,12,12,0.3732143044471741,0.6730128848950395,,,,,,,,,,,-1e+18,-1e+18
80,train-load-0.6-scenario-310,0.6,0.5406945000000001,0.43960437500000005,0.5406945000000001,9.941911043301417,1.3118151207386197,0.6881848792613803,1.0,0.0,1.0,0.0,5,0,5,0,5,4,5,5,0.2665783762931824,0.6696478204705644,,,,,,,,,,,-1e+18,-1e+18
81,train-load-1.0-scenario-644,1.0,0.92183775,0.776460625,0.92183775,4.871195818434495,-0.04845412432652063,0.5484541243265206,0.625,0.375,0.6666666666666666,0.3333333333333333,5,3,6,3,9,4,8,5,0.3877609968185425,0.6662995813682115,,,,,,,,,,,-1e+18,-1e+18
82,train-load-0.7-scenario-249-retry-3,0.7,0.7619047619047619,0.7619047619047619,0.11428571428571428,6.544787844187133,0.2514814484871988,0.7485185515128012,0.75,0.25,0.75,0.25,6,2,6,2,8,7,8,6,0.5691771507263184,0.6629680834613705,,,,,,,,,,,-1e+18,-1e+18
83,train-load-0.8-scenario-197,0.8,0.7030302083333333,0.7030302083333333,0.679151,6.4270889523065495,0.3340222932475946,0.5231205638952626,0.7142857142857143,0.2857142857142857,0.7142857142857143,0.2857142857142857,5,2,5,2,7,4,7,5,0.8926820755004883,0.6596532430440636,,,,,,,,,,,-1e+18,-1e+18
84,train-load-0.8-scenario-594,0.8,0.72501875,0.72501875,0.647019875,15.657360306745748,0.8839993240644912,0.5006160605508934,0.8461538461538461,0.15384615384615385,0.8666666666666667,0.13333333333333333,11,2,13,2,15,8,13,11,0.9432737827301025,0.6563549768288433,,,,,,,,,,,-1e+18,-1e+18
85,train-load-0.9-scenario-48-retry-9,0.9,0.85,0.525,0.85,11.128942850457667,0.773301739300542,0.7822538162550134,0.8888888888888888,0.1111111111111111,0.8333333333333334,0.16666666666666666,8,1,10,2,12,6,9,8,0.955415666103363,0.653073201944699,,,,,,,,,,,-1e+18,-1e+18
86,train-load-0.7-scenario-229-retry-1,0.7,0.5833333333333334,0.3888888888888889,0.5833333333333334,22.103279323828836,1.4422034199591884,0.5577965800408117,1.0,0.0,1.0,0.0,14,0,14,0,14,6,14,14,0.5086249113082886,0.6498078359349755,,,,,,,,,,,-1e+18,-1e+18
87,train-load-1.0-scenario-721-retry-8,1.0,1.02,0.18,1.02,6.541655032110125,-0.1128969049392825,0.7795635716059491,0.6666666666666666,0.3333333333333333,0.6666666666666666,0.3333333333333333,8,4,8,4,12,5,12,8,0.9193224906921387,0.6465587967553006,,,,,,,,,,,-1e+18,-1e+18
88,train-load-0.9-scenario-596,0.9,0.8571428571428571,0.8571428571428571,0.8571428571428571,19.356938710907997,1.175397827536432,0.2912688391302346,0.8666666666666667,0.13333333333333333,0.8666666666666667,0.13333333333333333,13,2,13,2,15,7,15,13,0.7720407843589783,0.6433260027715241,,,,,,,,,,,-1e+18,-1e+18
89,train-load-0.6-scenario-209-retry-1,0.6,0.5625,0.5625,0.45,13.780170223338253,1.1859851844699856,0.36957037108556967,0.8888888888888888,0.1111111111111111,0.8888888888888888,0.1111111111111111,8,1,8,1,9,8,9,8,0.30973321199417114,0.6401093727576664,,,,,,,,,,,-1e+18,-1e+18
90,train-load-0.8-scenario-40,0.8,0.9166666666666666,0.9166666666666666,0.5333333333333333,6.068558180512654,-0.12094430256717226,0.302762484385354,0.5454545454545454,0.45454545454545453,0.5454545454545454,0.45454545454545453,6,5,6,5,11,6,11,6,0.1592375934123993,0.6369088258938781,,,,,,,,,,,-1e+18,-1e+18
91,train-load-0.6-scenario-212,0.6,0.6623542,0.28326549999999995,0.6623542,9.613661782692878,1.0815009240372468,0.918499075962753,1.0,0.0,1.0,0.0,6,0,6,0,6,5,6,6,0.3761058449745178,0.6337242817644086,,,,,,,,,,,-1e+18,-1e+18
92,train-load-0.9-scenario-549-retry-1,0.9,0.9857142857142858,0.7428571428571429,0.9857142857142858,12.963623482759036,0.1284535055790098,0.5382131610876568,0.6666666666666666,0.3333333333333333,0.6666666666666666,0.3333333333333333,12,6,12,6,18,7,18,12,0.7513178586959839,0.6305556603555866,,,,,,,,,,,-1e+18,-1e+18
93,train-load-1.0-scenario-511-retry-11,1.0,1.0,1.0,0.88125,10.304239361500905,0.05349423482599025,0.6131724318406764,0.6666666666666666,0.3333333333333333,0.6666666666666666,0.3333333333333333,10,5,10,5,15,8,15,10,0.49010729789733887,0.6274028820538087,,,,,,,,,,,-1e+18,-1e+18
94,train-load-0.7-scenario-413,0.7,0.597523,0.5307471428571429,0.597523,10.113612943845515,0.4788046019040072,0.7211953980959929,0.8,0.2,0.8181818181818182,0.18181818181818182,8,2,9,2,11,7,10,8,0.2993825078010559,0.6242658676435396,,,,,,,,,,,-1e+18,-1e+18
95,train-load-0.7-scenario-677,0.7,0.6172295714285714,0.3460925595238095,0.6172295714285714,8.358044463403527,0.6567787622991966,0.7717926662722319,0.8571428571428571,0.14285714285714285,0.875,0.125,6,1,7,1,8,7,7,6,0.5454599857330322,0.6211445383053219,,,,,,,,,,,-1e+18,-1e+18
96,train-load-0.7-scenario-107,0.7,0.6274332,0.53149125,0.6274332,11.988655033845607,1.2565164643335514,0.7434835356664486,1.0,0.0,1.0,0.0,7,0,8,0,8,5,7,7,0.6289812326431274,0.6180388156137953,,,,,,,,,,,-1e+18,-1e+18
97,train-load-0.9-scenario-62-retry-4,0.9,0.9666666666666667,0.9333333333333333,0.9666666666666667,9.958021954710377,0.791592706708526,0.20840729329147406,0.75,0.25,0.75,0.25,6,2,9,3,12,6,8,6,0.3958841562271118,0.6149486215357263,,,,,,,,,,,-1e+18,-1e+18
98,train-load-0.6-scenario-289,0.6,0.5130484,0.3492925,0.5130484,1.8989238860348814,0.02223218122379933,0.6444344854428673,0.6666666666666666,0.3333333333333333,0.6,0.4,2,1,3,2,5,5,3,2,0.43075552582740784,0.6118738784280476,,,,,,,,,,,-1e+18,-1e+18
99,train-load-0.5-scenario-619-retry-6,0.5,0.45,0.4375,0.45,15.59682584840166,1.1799137760438612,0.8200862239561388,1.0,0.0,1.0,0.0,10,0,10,0,10,8,10,10,0.5652773380279541,0.6088145090359074,,,,,,,,,,,-1e+18,-1e+18
100,train-load-0.6-scenario-57,0.6,0.609171,0.47111631944444443,0.609171,8.910575167353162,0.45764247223544974,0.6534686388756614,0.7777777777777778,0.2222222222222222,0.7777777777777778,0.2222222222222222,7,2,7,2,9,6,9,7,0.3506631553173065,0.6057704364907278,0.25577915063105033,0.5656545453578921,0.7053584239972356,0.2946415760027644,0.7061839424310574,0.29381605756894247,0.4270978218090265,0.36387708246878925,0.28549456015900415,0.5962722923457012,0.25577915063105033,0.4270978218090265
101,train-load-0.7-scenario-146,0.7,0.6238668571428572,0.3429623214285714,0.6238668571428572,11.333715995505164,1.1518576715524602,0.8481423284475398,1.0,0.0,1.0,0.0,7,0,9,0,9,7,7,7,0.48850536346435547,0.6027415843082742,,,,,,,,,,,0.25577915063105033,0.4270978218090265
102,train-load-0.9-scenario-639,0.9,0.8128495,0.5855673611111111,0.8128495,8.138583007738525,0.4860442276158933,0.5139557723841067,0.75,0.25,0.8,0.2,6,2,8,2,10,6,8,6,0.9691258072853088,0.5997278763867329,,,,,,,,,,,0.25577915063105033,0.4270978218090265
103,train-load-0.6-scenario-746,0.6,0.526706,0.3356307291666667,0.526706,10.666615674424314,1.63337582473264,0.3666241752673599,1.0,0.0,1.0,0.0,4,0,5,0,5,4,4,4,0.8639258742332458,0.5967292370047992,,,,,,,,,,,0.25577915063105033,0.4270978218090265
104,train-load-0.9-scenario-749-retry-3,0.9,1.0,1.0,0.8,3.1652242008987477,-0.35675415123633814,0.3567541512363382,0.5,0.5,0.5,0.5,4,4,4,4,8,4,8,4,0.4307536482810974,0.5937455908197752,,,,,,,,,,,0.25577915063105033,0.4270978218090265
105,train-load-0.6-scenario-639,0.6,0.57716975,0.5569854166666667,0.57716975,10.80065804865665,1.3073305389531238,0.6926694610468762,1.0,0.0,1.0,0.0,6,0,6,0,6,4,6,6,0.44429826736450195,0.5907768628656763,,,,,,,,,,,0.25577915063105033,0.4270978218090265
106,train-load-0.5-scenario-551,0.5,0.44587340000000003,0.44522600000000007,0.44587340000000003,11.235967622701605,1.5114206913518868,0.4885793086481131,1.0,0.0,1.0,0.0,5,0,6,0,6,5,5,5,0.6144227385520935,0.5878229785513479,,,,,,,,,,,0.25577915063105033,0.4270978218090265
107,train-load-0.7-scenario-24,0.7,0.7833333333333333,0.7833333333333333,0.5416666666666666,20.525244097691534,1.33186048715753,0.38242522712818444,0.9285714285714286,0.07142857142857142,0.9285714285714286,0.07142857142857142,13,1,13,1,14,6,14,13,0.37705525755882263,0.5848838636585911,,,,,,,,,,,0.25577915063105033,0.4270978218090265
108,train-load-0.6-scenario-88,0.6,0.5256352,0.3867533333333333,0.5256352,10.144103526165598,1.1428458988972654,0.8571541011027346,1.0,0.0,1.0,0.0,6,0,6,0,6,5,6,6,0.6905690431594849,0.5819594443402982,,,,,,,,,,,0.25577915063105033,0.4270978218090265
109,train-load-0.8-scenario-670,0.8,0.693003875,0.46464687499999996,0.693003875,18.188057187854213,1.4767248939226125,0.5232751060773875,1.0,0.0,1.0,0.0,11,0,12,0,12,8,11,11,0.638166606426239,0.5790496471185967,,,,,,,,,,,0.25577915063105033,0.4270978218090265
110,train-load-0.7-scenario-112-retry-2,0.7,0.75,0.39285714285714285,0.75,4.49088112726153,-0.21062996772991338,0.4328521899521357,0.5555555555555556,0.4444444444444444,0.5555555555555556,0.4444444444444444,5,4,5,4,9,7,9,5,0.572239875793457,0.5761543988830038,,,,,,,,,,,0.25577915063105033,0.4270978218090265
111,train-load-0.9-scenario-517-retry-1,0.9,0.7978252499999999,0.410616875,0.7978252499999999,16.194075049891854,1.0157711703922185,0.650895496274448,0.9166666666666666,0.08333333333333333,0.9166666666666666,0.08333333333333333,11,1,11,1,12,8,12,11,0.7126357555389404,0.5732736268885887,,,,,,,,,,,0.25577915063105033,0.4270978218090265
112,train-load-0.9-scenario-669,0.9,0.790149875,0.33215208333333335,0.790149875,9.188754831919132,0.5193445804373457,0.5917665306737655,0.7777777777777778,0.2222222222222222,0.7272727272727273,0.2727272727272727,7,2,8,3,11,8,9,7,0.2531762719154358,0.5704072587541458,,,,,,,,,,,0.25577915063105033,0.4270978218090265
113,train-load-0.5-scenario-435,0.5,0.4915535714285714,0.4915535714285714,0.32873814285714287,11.879639954440755,1.2338758057305812,0.7661241942694188,1.0,0.0,1.0,0.0,7,0,8,0,8,7,7,7,0.5552233457565308,0.567555222460375,,,,,,,,,,,0.25577915063105033,0.4270978218090265
114,train-load-0.6-scenario-314,0.6,0.5116838,0.3966833333333334,0.5116838,10.364884846517167,1.2127755431836782,0.7872244568163219,1.0,0.0,1.0,0.0,6,0,6,0,6,5,6,6,0.2648496627807617,0.5647174463480732,,,,,,,,,,,0.25577915063105033,0.4270978218090265
115,train-load-0.5-scenario-578,0.5,0.47843657142857143,0.26243809523809525,0.47843657142857143,11.449659420887038,1.3413758112559782,0.6586241887440218,1.0,0.0,1.0,0.0,6,0,7,0,7,7,6,6,0.3418145477771759,0.5618938591163328,,,,,,,,,,,0.25577915063105033,0.4270978218090265
116,train-load-0.6-scenario-552,0.6,0.5191795,0.23796770833333333,0.5191795,8.6642357886827,1.3270450380892922,0.6729549619107078,1.0,0.0,1.0,0.0,4,0,4,0,4,4,4,4,0.7713407278060913,0.5590843898207511,,,,,,,,,,,0.25577915063105033,0.4270978218090265
117,train-load-1.0-scenario-169-retry-2,1.0,1.1111111111111112,1.1111111111111112,0.6666666666666666,3.2040644223508683,-0.5454691523162202,0.5454691523162202,0.5,0.5,0.5,0.5,5,5,5,5,10,6,10,5,0.4852551519870758,0.5562889678716474,,,,,,,,,,,0.25577915063105033,0.4270978218090265
118,train-load-0.5-scenario-42,0.5,0.44464750000000003,0.44464750000000003,0.42002825,8.937517090201101,1.1709436211380666,0.8290563788619333,1.0,0.0,1.0,0.0,5,0,5,0,5,4,5,5,0.4439581632614136,0.5535075230322891,,,,,,,,,,,0.25577915063105033,0.4270978218090265
119,train-load-1.0-scenario-521-retry-1,1.0,0.9080541666666666,0.7773758333333334,0.9080541666666666,15.287187908045698,1.0546880189720969,0.27864531436123663,0.8333333333333334,0.16666666666666666,0.8571428571428571,0.14285714285714285,10,2,12,2,14,6,12,10,0.5362323522567749,0.5507399854171277,,,,,,,,,,,0.25577915063105033,0.4270978218090265
120,train-load-0.5-scenario-100,0.5,0.43203099999999994,0.4170916666666667,0.43203099999999994,10.187968384698205,1.1206008339258098,0.8793991660741902,1.0,0.0,1.0,0.0,6,0,7,0,7,6,6,6,0.6010005474090576,0.547986285490042,,,,,,,,,,,0.25577915063105033,0.4270978218090265
121,train-load-0.6-scenario-269,0.6,0.609235,0.32338083333333334,0.609235,7.825999252463745,0.7167529165303057,0.6165804168030278,0.8333333333333334,0.16666666666666666,0.8333333333333334,0.16666666666666666,5,1,5,1,6,5,6,5,0.7641885280609131,0.5452463540625918,,,,,,,,,,,0.25577915063105033,0.4270978218090265
122,train-load-0.5-scenario-39,0.5,0.54,0.25,0.54,14.80560918181875,1.261088033865561,0.738911966134439,1.0,0.0,1.0,0.0,9,0,9,0,9,5,9,9,0.5336117744445801,0.5425201222922789,,,,,,,,,,,0.25577915063105033,0.4270978218090265
123,train-load-0.8-scenario-604,0.8,0.88,0.75,0.88,5.8897792275117204,0.11085568653185152,0.38914431346814843,0.625,0.375,0.625,0.375,5,3,5,3,8,5,8,5,0.5720952749252319,0.5398075216808175,,,,,,,,,,,0.25577915063105033,0.4270978218090265
124,train-load-1.0-scenario-83-retry-10,1.0,1.0416666666666667,1.0416666666666667,1.025,8.708389098414106,0.1308901673352313,0.33064829420323033,0.6153846153846154,0.38461538461538464,0.6153846153846154,0.38461538461538464,8,5,8,5,13,4,13,8,0.6893620491027832,0.5371084840724134,,,,,,,,,,,0.25577915063105033,0.4270978218090265
125,train-load-0.5-scenario-126-retry-1,0.5,0.4,0.3333333333333333,0.4,25.743723247168354,1.5292676249843673,0.4707323750156326,1.0,0.0,1.0,0.0,16,0,16,0,16,8,16,16,0.8250986337661743,0.5344229416520513,,,,,,,,,,,0.25577915063105033,0.4270978218090265
126,train-load-0.9-scenario-169,0.9,1.0,0.7380952380952381,1.0,8.486686444075625,-0.0030962479163049172,0.4646347094547665,0.6153846153846154,0.38461538461538464,0.6153846153846154,0.38461538461538464,8,5,8,5,13,7,13,8,1.0641214847564697,0.531750826943791,,,,,,,,,,,0.25577915063105033,0.4270978218090265
127,train-load-0.7-scenario-308-retry-4,0.7,0.6291666666666667,0.6291666666666667,0.48333333333333334,25.259374408345572,1.332942897483123,0.4448348802946546,0.9444444444444444,0.05555555555555555,0.9444444444444444,0.05555555555555555,17,1,17,1,18,6,18,17,0.6667954325675964,0.5290920728090721,,,,,,,,,,,0.25577915063105033,0.4270978218090265
128,train-load-1.0-scenario-284,1.0,1.1111111111111112,1.1111111111111112,0.8333333333333334,4.113418442582298,-0.37994848266102954,0.3799484826610295,0.5,0.5,0.5,0.5,5,5,10,10,20,6,10,5,1.0543292760849,0.5264466124450268,,,,,,,,,,,0.25577915063105033,0.4270978218090265
129,train-load-0.9-scenario-455-retry-3,0.9,1.0,1.0,0.4,2.6041720307588636,-0.3797164089667924,0.3797164089667923,0.5,0.5,0.5,0.5,4,4,4,4,8,4,8,4,0.7543025016784668,0.5238143793828016,,,,,,,,,,,0.25577915063105033,0.4270978218090265
130,train-load-0.7-scenario-453-retry-1,0.7,0.6875,0.275,0.6875,18.13764499800659,1.4401774811129489,0.5598225188870513,1.0,0.0,1.0,0.0,11,0,11,0,11,4,11,11,0.6872038841247559,0.5211953074858876,,,,,,,,,,,0.25577915063105033,0.4270978218090265
131,train-hard-4gpu-12pod-small,0.375,0.375,0.25,0.375,21.109718930641638,1.6666666666666665,0.33333333333333337,1.0,0.0,1.0,0.0,12,0,12,0,12,4,12,12,0.7456550598144531,0.5185893309484582,,,,,,,,,,,0.25577915063105033,0.4270978218090265
132,train-load-0.8-scenario-206-retry-1,0.8,0.7333333333333333,0.15,0.7333333333333333,3.536396313101604,-0.26789816599658345,0.26789816599658345,0.5,0.5,0.5,0.5,4,4,4,4,8,6,8,4,0.35737258195877075,0.5159963842937159,,,,,,,,,,,0.25577915063105033,0.4270978218090265
133,train-load-0.9-scenario-122-retry-1,0.9,0.9714285714285714,0.8857142857142857,0.9714285714285714,10.470940372162284,0.699743969695797,0.41136714141531405,0.7777777777777778,0.2222222222222222,0.7142857142857143,0.2857142857142857,7,2,10,4,14,7,9,7,0.7437434792518616,0.5134164023722473,,,,,,,,,,,0.25577915063105033,0.4270978218090265
134,train-load-0.8-scenario-544,0.8,0.74121875,0.74121875,0.51664725,6.998302015496973,0.4187095439754678,0.4384333131673895,0.7142857142857143,0.2857142857142857,0.7142857142857143,0.2857142857142857,5,2,5,2,7,4,7,5,0.7719221115112305,0.510849320360386,,,,,,,,,,,0.25577915063105033,0.4270978218090265
135,train-load-1.0-scenario-396-retry-1,1.0,1.0857142857142856,0.5952380952380952,1.0857142857142856,3.290298073567216,-0.6746317234468925,0.5207855696007387,0.46153846153846156,0.5384615384615384,0.46153846153846156,0.5384615384615384,6,7,6,7,13,7,13,6,0.7221519947052002,0.5082950737585841,,,,,,,,,,,0.25577915063105033,0.4270978218090265
136,train-load-1.0-scenario-320,1.0,0.8894311428571429,0.5541214285714285,0.8894311428571429,9.52761473189609,0.18396802368104237,0.8160319763189576,0.75,0.25,0.7692307692307693,0.23076923076923078,9,3,10,3,13,7,12,9,0.9495900869369507,0.5057535983897912,,,,,,,,,,,0.25577915063105033,0.4270978218090265
137,train-load-0.6-scenario-531,0.6,0.6666666666666666,0.26666666666666666,0.6666666666666666,7.9277605849042505,0.45254653411893564,0.5474534658810644,0.75,0.25,0.75,0.25,6,2,6,2,8,6,8,6,0.4781283140182495,0.5032248303978422,,,,,,,,,,,0.25577915063105033,0.4270978218090265
138,train-load-0.5-scenario-162,0.5,0.42784012499999996,0.2987622395833333,0.42784012499999996,11.888471213337013,1.2220310198047173,0.7779689801952827,1.0,0.0,1.0,0.0,7,0,8,0,8,8,7,7,0.5602494478225708,0.500708706245853,,,,,,,,,,,0.25577915063105033,0.4270978218090265
139,train-load-0.6-scenario-205,0.6,0.5433979166666667,0.5433979166666667,0.49545216666666664,14.887155491588587,1.3167923399105637,0.6832076600894363,1.0,0.0,1.0,0.0,9,0,9,0,9,6,9,9,0.6874818801879883,0.4982051627146237,,,,,,,,,,,0.25577915063105033,0.4270978218090265
140,train-load-0.7-scenario-650-retry-1,0.7,0.8,0.6666666666666666,0.8,18.789581405112767,1.7514874141330026,0.24851258586699748,1.0,0.0,1.0,0.0,10,0,10,0,10,5,10,10,0.4114645719528198,0.49571413690105054,,,,,,,,,,,0.25577915063105033,0.4270978218090265
141,train-load-0.7-scenario-152,0.7,0.6227043999999999,0.4252565,0.6227043999999999,5.637717342865553,0.20468187163787777,0.6524609855049794,0.7142857142857143,0.2857142857142857,0.7142857142857143,0.2857142857142857,5,2,5,2,7,5,7,5,0.6100940704345703,0.4932355662165453,,,,,,,,,,,0.25577915063105033,0.4270978218090265
142,train-load-1.0-scenario-732,1.0,0.9088324285714285,0.5201844642857143,0.9088324285714285,9.62652819822399,0.17710716687127182,0.8228928331287282,0.75,0.25,0.6923076923076923,0.3076923076923077,9,3,9,4,13,7,12,9,0.40267863869667053,0.4907693883854626,,,,,,,,,,,0.25577915063105033,0.4270978218090265
143,train-load-0.9-scenario-646,0.9,1.0,0.3333333333333333,1.0,3.9517215503459155,-0.5449349574050917,0.5449349574050917,0.5,0.5,0.5,0.5,6,6,6,6,12,6,12,6,1.1222827434539795,0.4883155414435353,,,,,,,,,,,0.25577915063105033,0.4270978218090265
144,train-load-1.0-scenario-745-retry-3,1.0,1.1,0.9166666666666666,1.1,13.385497315162727,-0.05454780968480444,0.4181841733211681,0.5909090909090909,0.4090909090909091,0.5909090909090909,0.4090909090909091,13,9,13,9,22,8,22,13,0.750128984451294,0.4858739637363176,,,,,,,,,,,0.25577915063105033,0.4270978218090265
145,train-load-1.0-scenario-543-retry-1,1.0,0.89445325,0.5843489583333333,0.89445325,8.87430233667739,0.004823396063247665,0.7644073731675215,0.6923076923076923,0.3076923076923077,0.6875,0.3125,9,4,11,5,16,8,13,9,0.5126909613609314,0.483444593917636,,,,,,,,,,,0.25577915063105033,0.4270978218090265
146,train-load-0.9-scenario-263,0.9,1.0,1.0,0.4,4.013952586300512,-0.5039175453757531,0.5039175453757531,0.5,0.5,0.5,0.5,6,6,6,6,12,6,12,6,0.7647178173065186,0.4810273709480478,,,,,,,,,,,0.25577915063105033,0.4270978218090265
147,train-load-0.8-scenario-611,0.8,0.7280679999999999,0.7280679999999999,0.6040178,9.506669632473844,0.5289519110757136,0.5821592000353976,0.7777777777777778,0.2222222222222222,0.7777777777777778,0.2222222222222222,7,2,7,2,9,5,9,7,1.0293971300125122,0.47862223409330756,,,,,,,,,,,0.25577915063105033,0.4270978218090265
148,train-load-0.8-scenario-14,0.8,0.7519601428571427,0.42379446428571427,0.7519601428571427,13.244386560580825,0.9299396089134202,0.6700603910865799,0.9,0.1,0.9,0.1,9,1,9,1,10,7,10,9,0.722871720790863,0.47622912292284103,,,,,,,,,,,0.25577915063105033,0.4270978218090265
149,train-load-1.0-scenario-45,1.0,0.9397918,0.67272875,0.9397918,9.928105702830276,0.614259112297334,0.49685199881377723,0.7777777777777778,0.2222222222222222,0.8,0.2,7,2,8,2,10,5,9,7,0.879707396030426,0.4738479773082268,,,,,,,,,,,0.25577915063105033,0.4270978218090265
150,train-hard-8gpu-16pod-1vgpu,0.5,0.5,0.3333333333333333,0.5,25.611135580339702,1.5387055078389387,0.46129449216106144,1.0,0.0,1.0,0.0,16,0,16,0,16,8,16,16,0.890476644039154,0.47147873742168567,,,,,,,,,,,0.25577915063105033,0.4270978218090265
151,train-load-0.9-scenario-732,0.9,0.9642857142857143,0.4142857142857143,0.9642857142857143,9.526003471096699,0.1087862598705065,0.6604445093602627,0.6923076923076923,0.3076923076923077,0.6923076923076923,0.3076923076923077,9,4,9,4,13,7,13,9,0.37723442912101746,0.46912134373457726,,,,,,,,,,,0.25577915063105033,0.4270978218090265
152,train-load-0.9-scenario-156-retry-1,0.9,1.0,0.14166666666666666,1.0,3.475814639477405,-0.6162644009560743,0.6162644009560743,0.5,0.5,0.5,0.5,6,6,6,6,12,6,12,6,0.867238461971283,0.46677573701590436,,,,,,,,,,,0.25577915063105033,0.4270978218090265
153,train-hard-4gpu-4pod-2vgpu,0.25,0.25,0.16666666666666666,0.25,11.587203884117226,1.9166666666666665,0.08333333333333337,1.0,0.0,1.0,0.0,4,0,8,0,8,4,4,4,0.8665785789489746,0.46444185833082485,,,,,,,,,,,0.25577915063105033,0.4270978218090265
154,train-load-1.0-scenario-504,1.0,0.9785504999999999,0.8551390625,0.9785504999999999,1.113326829265822,-0.7888822509073666,0.7888822509073666,0.5,0.5,0.5,0.5,5,5,5,5,10,4,10,5,1.286811351776123,0.46211964903917074,,,,,,,,,,,0.25577915063105033,0.4270978218090265
155,train-load-1.0-scenario-196,1.0,0.9,0.4875,0.9,-1.1501466589454128,-1.2141198839299223,0.5474532172632557,0.3333333333333333,0.6666666666666666,0.3333333333333333,0.6666666666666666,3,6,3,6,9,8,9,3,1.1126971244812012,0.4598090507939749,,,,,,,,,,,0.25577915063105033,0.4270978218090265
156,train-load-0.9-scenario-195-retry-2,0.9,1.0,0.46,1.0,9.273456794394153,0.2833624319128658,0.6257284771780434,0.7272727272727273,0.2727272727272727,0.7272727272727273,0.2727272727272727,8,3,8,3,11,5,11,8,0.7382180690765381,0.457510005540005,,,,,,,,,,,0.25577915063105033,0.4270978218090265
157,train-load-0.7-scenario-282-retry-5,0.7,0.8,0.75,0.8,9.236172115070353,0.5518775346721093,0.5592335764390018,0.7777777777777778,0.2222222222222222,0.8333333333333334,0.16666666666666666,7,2,10,2,12,6,9,7,0.7844182252883911,0.45522245551230495,,,,,,,,,,,0.25577915063105033,0.4270978218090265
158,train-load-1.0-scenario-270-retry-3,1.0,1.0,0.6,1.0,5.447448177275356,-0.36281669815935114,0.6961500314926845,0.5833333333333334,0.4166666666666667,0.6153846153846154,0.38461538461538464,7,5,8,5,13,5,12,7,0.9360740184783936,0.4529463432347434,,,,,,,,,,,0.25577915063105033,0.4270978218090265
159,train-load-0.5-scenario-741-retry-2,0.5,0.575,0.55,0.575,4.31809074172621,-0.23320040088340976,0.8998670675500764,0.6666666666666666,0.3333333333333333,0.6666666666666666,0.3333333333333333,6,3,6,3,9,6,9,6,0.788785457611084,0.4506816115185697,,,,,,,,,,,0.25577915063105033,0.4270978218090265
160,train-load-0.9-scenario-138,0.9,0.8217838571428572,0.3796467261904762,0.8217838571428572,10.719462344902588,0.8200190887310219,0.6799809112689781,0.875,0.125,0.8,0.2,7,1,8,2,10,7,8,7,0.7588774561882019,0.4484282034609769,,,,,,,,,,,0.25577915063105033,0.4270978218090265
161,train-load-0.9-scenario-380-retry-1,0.9,0.95,0.9444444444444444,0.95,10.921764299376894,0.288429377784305,0.48080139144646417,0.6923076923076923,0.3076923076923077,0.6923076923076923,0.3076923076923077,9,4,9,4,13,6,13,9,1.032790184020996,0.446186062443672,,,,,,,,,,,0.25577915063105033,0.4270978218090265
162,train-load-1.0-scenario-388,1.0,1.075,1.075,1.05,8.686674428986029,0.19291043168797628,0.7161804774029329,0.7272727272727273,0.2727272727272727,0.7272727272727273,0.2727272727272727,8,3,8,3,11,4,11,8,1.2625309228897095,0.4439551321314536,,,,,,,,,,,0.25577915063105033,0.4270978218090265
163,train-load-0.5-scenario-672,0.5,0.55,0.49375,0.55,4.158113878097529,-0.22326466636110753,0.7232646663611075,0.625,0.375,0.7,0.3,5,3,7,3,10,8,8,5,0.7003493309020996,0.4417353564707963,,,,,,,,,,,0.25577915063105033,0.4270978218090265
164,train-load-0.7-scenario-101,0.7,0.5986694285714286,0.49193107142857145,0.5986694285714286,16.18707918469236,1.336450556081187,0.663549443918813,1.0,0.0,1.0,0.0,10,0,11,0,11,7,10,10,0.6725451946258545,0.43952667968844233,,,,,,,,,,,0.25577915063105033,0.4270978218090265
165,train-load-0.8-scenario-277-retry-6,0.8,0.9142857142857143,0.5428571428571428,0.9142857142857143,5.178813355553434,-0.224974695179037,0.6249746951790369,0.6,0.4,0.6,0.4,6,4,6,4,10,7,10,6,0.8013343811035156,0.43732904629000013,,,,,,,,,,,0.25577915063105033,0.4270978218090265
166,train-load-0.8-scenario-379,0.8,0.9,0.75,0.9,7.192334314988722,0.21008465874173265,0.456582007924934,0.6666666666666666,0.3333333333333333,0.6666666666666666,0.3333333333333333,6,3,6,3,9,4,9,6,1.2471166849136353,0.4351424010585501,,,,,,,,,,,0.25577915063105033,0.4270978218090265
167,train-load-0.5-scenario-545-retry-2,0.5,0.4,0.2,0.4,21.02989380576827,1.6112407653657463,0.38875923463425377,1.0,0.0,1.0,0.0,12,0,12,0,12,6,12,12,0.8603532910346985,0.43296668905325736,,,,,,,,,,,0.25577915063105033,0.4270978218090265
168,train-load-1.0-scenario-130-retry-1,1.0,0.9285714285714286,0.9285714285714286,0.7142857142857143,24.413765472591606,1.053375265272095,0.346624734727905,0.85,0.15,0.85,0.15,17,3,17,3,20,7,20,17,0.6240251064300537,0.43080185560799106,,,,,,,,,,,0.25577915063105033,0.4270978218090265
169,train-load-1.0-scenario-38,1.0,0.9040801666666666,0.6659493055555555,0.9040801666666666,5.379904479398394,-0.2897504245216025,0.8352049699761479,0.6363636363636364,0.36363636363636365,0.5833333333333334,0.4166666666666667,7,4,7,5,12,6,11,7,0.9181656837463379,0.4286478463299511,,,,,,,,,,,0.25577915063105033,0.4270978218090265
170,train-load-1.0-scenario-11,1.0,1.0857142857142856,0.30952380952380953,1.0857142857142856,1.4451984510883644,-0.7866370627157229,0.386637062715723,0.4,0.6,0.4,0.6,4,6,4,6,10,7,10,4,1.0574853420257568,0.42650460709830135,,,,,,,,,,,0.25577915063105033,0.4270978218090265
171,train-load-0.9-scenario-438-retry-2,0.9,0.9285714285714286,0.30952380952380953,0.9285714285714286,5.8241267073386584,-0.3731003469206541,0.5269465007668078,0.5384615384615384,0.46153846153846156,0.5384615384615384,0.46153846153846156,7,6,7,6,13,7,13,7,0.47373536229133606,0.42437208406280985,,,,,,,,,,,0.25577915063105033,0.4270978218090265
172,train-load-0.9-scenario-304-retry-1,0.9,1.0,0.4166666666666667,1.0,3.9321412674794587,-0.2761406257603506,0.4983628479825729,0.5555555555555556,0.4444444444444444,0.5555555555555556,0.4444444444444444,5,4,5,4,9,6,9,5,1.5147109031677246,0.4222502236424958,,,,,,,,,,,0.25577915063105033,0.4270978218090265
173,train-load-0.5-scenario-337-retry-2,0.5,0.5625,0.5625,0.28125,13.357389761016442,1.1046193483685385,0.45093620718701694,0.8888888888888888,0.1111111111111111,0.8888888888888888,0.1111111111111111,8,1,8,1,9,8,9,8,0.8821266889572144,0.42013897252428334,,,,,,,,,,,0.25577915063105033,0.4270978218090265
174,train-load-0.7-scenario-104,0.7,0.6166666666666667,0.48333333333333334,0.6166666666666667,19.526481555756536,1.6046372649204603,0.39536273507953973,1.0,0.0,1.0,0.0,11,0,11,0,11,6,11,11,0.8728777170181274,0.4180382776616619,,,,,,,,,,,0.25577915063105033,0.4270978218090265
175,train-load-0.7-scenario-188,0.7,0.6189626666666667,0.52857125,0.6189626666666667,10.602881654992732,0.8243990754717827,0.6756009245282173,0.875,0.125,0.7777777777777778,0.2222222222222222,7,1,7,2,9,6,8,7,0.6205649375915527,0.4159480862733536,,,,,,,,,,,0.25577915063105033,0.4270978218090265
176,train-load-0.9-scenario-252,0.9,1.0,0.6666666666666666,1.0,3.8505416021246117,-0.37284451787088735,0.37284451787088735,0.5,0.5,0.5,0.5,5,5,5,5,10,5,10,5,0.8969274759292603,0.41386834584198684,,,,,,,,,,,0.25577915063105033,0.4270978218090265
177,train-load-0.6-scenario-24,0.6,0.66875,0.3541666666666667,0.66875,11.49744077514072,0.8368782695586817,0.7186772859968736,0.8888888888888888,0.1111111111111111,0.8888888888888888,0.1111111111111111,8,1,8,1,9,8,9,8,0.7875512838363647,0.4117990041127769,,,,,,,,,,,0.25577915063105033,0.4270978218090265
178,train-load-0.8-scenario-52-retry-2,0.8,0.75,0.5,0.75,15.250540040412444,0.9408841285809584,0.3924492047523751,0.8333333333333334,0.16666666666666666,0.8333333333333334,0.16666666666666666,10,2,10,2,12,4,12,10,0.477873295545578,0.40974000909221303,,,,,,,,,,,0.25577915063105033,0.4270978218090265
179,train-hard-4gpu-12pod-small,0.375,0.375,0.25,0.375,21.47298867922634,1.7276860872528026,0.2723139127471974,1.0,0.0,1.0,0.0,12,0,12,0,12,4,12,12,0.7608698606491089,0.40769130904675194,,,,,,,,,,,0.25577915063105033,0.4270978218090265
180,train-load-1.0-scenario-494,1.0,0.8890664285714286,0.8890664285714286,0.8873781428571429,12.560175817561689,0.217534348726786,0.532465651273214,0.6875,0.3125,0.6111111111111112,0.3888888888888889,11,5,11,7,18,7,16,11,1.1036213636398315,0.40565285250151817,,,,,,,,,,,0.25577915063105033,0.4270978218090265
181,train-load-0.6-scenario-210,0.6,0.6268835,0.5261510416666667,0.6268835,9.221621054327112,1.4127066244310291,0.5872933755689708,1.0,0.0,1.0,0.0,4,0,7,0,7,4,4,4,0.6554170250892639,0.4036245882390106,,,,,,,,,,,0.25577915063105033,0.4270978218090265
182,train-load-1.0-scenario-726-retry-2,1.0,0.9313664285714286,0.6025625,0.9313664285714286,12.618762556800828,0.5108131573871925,0.5661099195358845,0.7692307692307693,0.23076923076923078,0.6666666666666666,0.3333333333333333,10,3,10,5,15,7,13,10,0.48725399374961853,0.4016064652978155,,,,,,,,,,,0.25577915063105033,0.4270978218090265
183,train-load-0.9-scenario-128-retry-7,0.9,0.9583333333333334,0.9583333333333334,0.925,11.567802791529928,0.6164984110784679,0.2925924980124413,0.7272727272727273,0.2727272727272727,0.6538461538461539,0.34615384615384615,8,3,17,9,26,8,11,8,0.781022310256958,0.3995984329713264,,,,,,,,,,,0.25577915063105033,0.4270978218090265
184,train-load-0.8-scenario-719-retry-2,0.8,0.9083333333333333,0.5916666666666667,0.9083333333333333,6.03118877670444,0.05498615292991471,0.6116805137367519,0.6666666666666666,0.3333333333333333,0.6666666666666666,0.3333333333333333,6,3,6,3,9,6,9,6,0.9886865019798279,0.3976004408064698,,,,,,,,,,,0.25577915063105033,0.4270978218090265
185,train-load-0.5-scenario-533,0.5,0.4542151666666666,0.4117076388888889,0.4542151666666666,11.634234333580238,1.4075894780806748,0.5924105219193251,1.0,0.0,1.0,0.0,6,0,7,0,7,6,6,6,0.7559141516685486,0.39561243860243744,,,,,,,,,,,0.25577915063105033,0.4270978218090265
186,train-load-0.8-scenario-386-retry-1,0.8,0.7098125000000001,0.470221875,0.7098125000000001,17.694325982746214,1.3839535467183182,0.6160464532816818,1.0,0.0,1.0,0.0,11,0,13,0,13,8,11,11,1.3206651210784912,0.3936343764094253,,,,,,,,,,,0.25577915063105033,0.4270978218090265
187,train-load-0.6-scenario-143,0.6,0.5145671875,0.5145671875,0.506776875,17.483838506598616,1.3229984557527874,0.6770015442472126,1.0,0.0,1.0,0.0,11,0,11,0,11,8,11,11,0.7505675554275513,0.39166620452737816,,,,,,,,,,,0.25577915063105033,0.4270978218090265
188,train-load-0.9-scenario-665,0.9,0.9215257142857143,0.7156360714285714,0.9215257142857143,12.139233690301596,0.4277320229203817,0.6491910540026953,0.7692307692307693,0.23076923076923078,0.7333333333333333,0.26666666666666666,10,3,11,4,15,7,13,10,1.3733495473861694,0.3897078735047413,,,,,,,,,,,0.25577915063105033,0.4270978218090265
189,train-load-1.0-scenario-57-retry-2,1.0,1.05,1.05,1.05,14.53882799372337,0.10738119122953171,0.3688092849609446,0.6190476190476191,0.38095238095238093,0.6190476190476191,0.38095238095238093,13,8,13,8,21,8,21,13,0.7632532119750977,0.3877593341372176,,,,,,,,,,,0.25577915063105033,0.4270978218090265
190,train-load-0.5-scenario-119,0.5,0.5625,0.28125,0.5625,13.272087942722077,1.1015129938387749,0.45404256171678076,0.8888888888888888,0.1111111111111111,0.8888888888888888,0.1111111111111111,8,1,8,1,9,8,9,8,1.0109938383102417,0.3858205374665315,,,,,,,,,,,0.25577915063105033,0.4270978218090265
191,train-load-0.7-scenario-387-retry-1,0.7,0.8,0.8,0.8,12.435908455999991,0.6150380496661834,0.3849619503338165,0.75,0.25,0.75,0.25,9,3,9,3,12,6,12,9,0.3989270329475403,0.38389143477919885,,,,,,,,,,,0.25577915063105033,0.4270978218090265
192,train-load-0.8-scenario-99,0.8,0.692815,0.30696124999999996,0.692815,10.572456346942229,1.4740517399000352,0.5259482600999646,1.0,0.0,1.0,0.0,5,0,5,0,5,4,5,5,0.33843207359313965,0.3819719776053028,,,,,,,,,,,0.25577915063105033,0.4270978218090265
193,train-load-1.0-scenario-211-retry-2,1.0,0.9832068,0.5807191666666667,0.9832068,5.529308292685256,-0.04826326082259802,0.7149299274892646,0.6666666666666666,0.3333333333333333,0.6,0.4,6,3,6,4,10,5,9,6,0.9627779722213745,0.3800621177172763,,,,,,,,,,,0.25577915063105033,0.4270978218090265
194,train-load-0.6-scenario-511,0.6,0.5182608,0.44386600000000004,0.5182608,12.403248917095915,1.3379307239713931,0.6620692760286069,1.0,0.0,1.0,0.0,7,0,7,0,7,5,7,7,1.166793704032898,0.37816180712868996,,,,,,,,,,,0.25577915063105033,0.4270978218090265
195,train-load-0.9-scenario-401-retry-1,0.9,1.0,0.18333333333333332,1.0,3.188897138303528,-0.4681306363642391,0.4681306363642391,0.5,0.5,0.5,0.5,5,5,5,5,10,5,10,5,0.9985541105270386,0.37627099809304654,,,,,,,,,,,0.25577915063105033,0.4270978218090265
196,train-load-0.6-scenario-411-retry-2,0.6,0.7142857142857143,0.6857142857142857,0.7142857142857143,10.829022195818991,0.4926164921531706,0.41647441693773846,0.7272727272727273,0.2727272727272727,0.7272727272727273,0.2727272727272727,8,3,8,3,11,7,11,8,1.0433104038238525,0.3743896431025813,,,,,,,,,,,0.25577915063105033,0.4270978218090265
197,train-load-0.7-scenario-94-retry-1,0.7,0.5928571428571429,0.5714285714285714,0.5928571428571429,22.759668292329568,1.6890440118284975,0.3109559881715025,1.0,0.0,1.0,0.0,13,0,13,0,13,7,13,13,0.8256082534790039,0.37251769488706843,,,,,,,,,,,0.25577915063105033,0.4270978218090265
198,train-load-0.9-scenario-519,0.9,0.890206,0.41210104166666667,0.890206,7.741197663412461,0.7368387787941688,0.5964945545391647,0.8333333333333334,0.16666666666666666,0.8333333333333334,0.16666666666666666,5,1,5,1,6,4,6,5,0.4839010536670685,0.3706551064126331,,,,,,,,,,,0.25577915063105033,0.4270978218090265
199,train-load-0.5-scenario-558,0.5,0.4557066,0.245549,0.4557066,7.965295334139748,1.412974003281931,0.587025996718069,1.0,0.0,1.0,0.0,3,0,4,0,4,5,3,3,1.103484869003296,0.36880183088056995,,,,,,,,,,,0.25577915063105033,0.4270978218090265
200,train-load-1.0-scenario-192-retry-2,1.0,1.1071428571428572,0.7857142857142857,1.1071428571428572,9.074508481272918,0.17915407764236868,0.487512589024298,0.6666666666666666,0.3333333333333333,0.6470588235294118,0.35294117647058826,8,4,11,6,17,7,12,8,0.8285285830497742,0.3669578217261671,0.38702562222102765,0.5070738158890943,0.7235248595275305,0.27647514047246946,0.7129663883378361,0.287033611662164,0.678877844591103,0.6704746597068701,0.2938371321594612,0.7473862544495329,0.38702562222102765,0.678877844591103
201,train-load-0.7-scenario-119-retry-2,0.7,0.6071428571428571,0.39285714285714285,0.6071428571428571,17.384221411564255,1.5051729685124353,0.4948270314875647,1.0,0.0,1.0,0.0,10,0,10,0,10,7,10,10,0.9968971014022827,0.36512303261753626,,,,,,,,,,,0.38702562222102765,0.678877844591103
202,train-load-0.8-scenario-57-retry-10,0.8,0.9166666666666666,0.9166666666666666,0.4583333333333333,5.240504445558539,-0.22228845997302826,0.40410664179121,0.5454545454545454,0.45454545454545453,0.5454545454545454,0.45454545454545453,6,5,6,5,11,6,11,6,0.875403881072998,0.3632974174544486,,,,,,,,,,,0.38702562222102765,0.678877844591103
203,train-load-0.9-scenario-78,0.9,0.975,0.75,0.975,9.151977868115775,0.4160677289526832,0.38393227104731675,0.7,0.3,0.7,0.3,7,3,7,3,10,6,10,7,0.5157508850097656,0.3614809303671764,,,,,,,,,,,0.38702562222102765,0.678877844591103
204,train-load-0.5-scenario-221,0.5,0.4466630952380952,0.4466630952380952,0.4175417142857143,13.282192194812135,1.2527958023588637,0.7472041976411363,1.0,0.0,1.0,0.0,8,0,8,0,8,7,8,8,0.8370963335037231,0.3596735257153405,,,,,,,,,,,0.38702562222102765,0.678877844591103
205,train-load-0.5-scenario-553-retry-3,0.5,0.4,0.2,0.4,31.79306728907968,1.6097775782818817,0.3902224217181183,1.0,0.0,1.0,0.0,20,0,20,0,20,5,20,20,0.8396221399307251,0.3578751580867638,,,,,,,,,,,0.38702562222102765,0.678877844591103
206,train-load-0.5-scenario-294,0.5,0.5625,0.45,0.5625,17.197662667681332,1.6370999133289836,0.36290008667101625,1.0,0.0,1.0,0.0,9,0,9,0,9,4,9,9,1.1807334423065186,0.35608578229633,,,,,,,,,,,0.38702562222102765,0.678877844591103
207,train-load-0.9-scenario-203,0.9,0.9192052,0.7426155,0.9192052,8.830692797013633,0.44766058526234753,0.6634505258487636,0.7777777777777778,0.2222222222222222,0.6666666666666666,0.3333333333333333,7,2,8,4,12,5,9,7,0.6856945753097534,0.3543053533848483,,,,,,,,,,,0.38702562222102765,0.678877844591103
208,train-load-0.6-scenario-657,0.6,0.55214125,0.4545190625,0.55214125,16.54676996402803,1.3600039116599856,0.6399960883400144,1.0,0.0,1.0,0.0,10,0,11,0,11,8,10,10,0.5324355363845825,0.35253382661792404,,,,,,,,,,,0.38702562222102765,0.678877844591103
209,train-load-0.5-scenario-425,0.5,0.4339705,0.34127859374999997,0.4339705,12.526109700024943,1.11365392709539,0.8863460729046101,1.0,0.0,1.0,0.0,8,0,9,0,9,8,8,8,0.6182596683502197,0.3507711574848344,,,,,,,,,,,0.38702562222102765,0.678877844591103
210,train-load-0.7-scenario-594,0.7,0.6632785,0.6632785,0.5487398000000001,10.221733519659743,0.8351441405322544,0.6648558594677456,0.875,0.125,0.875,0.125,7,1,7,1,8,5,8,7,0.5197798609733582,0.34901730169741024,,,,,,,,,,,0.38702562222102765,0.678877844591103
211,train-load-0.7-scenario-521,0.7,0.6178708333333334,0.6178708333333334,0.4595392857142857,13.32045449152676,1.2786543733146345,0.7213456266853655,1.0,0.0,1.0,0.0,8,0,11,0,11,7,8,8,0.47360146045684814,0.3472722151889232,,,,,,,,,,,0.38702562222102765,0.678877844591103
212,train-load-0.8-scenario-126-retry-3,0.8,0.8,0.4,0.8,15.232334691802375,0.4914471955395523,0.5085528044604477,0.75,0.25,0.75,0.25,12,4,12,4,16,8,16,12,0.8837898969650269,0.3455358541129786,,,,,,,,,,,0.38702562222102765,0.678877844591103
213,train-load-0.6-scenario-384-retry-1,0.6,0.6666666666666666,0.2222222222222222,0.6666666666666666,7.734688707054445,0.40790794798057695,0.592092052019423,0.75,0.25,0.75,0.25,6,2,6,2,8,6,8,6,0.6050324440002441,0.3438081748424137,,,,,,,,,,,0.38702562222102765,0.678877844591103
214,train-load-1.0-scenario-485-retry-1,1.0,1.1083333333333334,0.7777777777777778,1.1083333333333334,15.297734008011302,0.7658644564439907,0.37699268641315214,0.7857142857142857,0.21428571428571427,0.7857142857142857,0.21428571428571427,11,3,11,3,14,6,14,11,0.6181128621101379,0.3420891339682016,,,,,,,,,,,0.38702562222102765,0.678877844591103
215,train-load-1.0-scenario-128,1.0,0.9432136000000001,0.5540008333333334,0.9432136000000001,8.453042320709857,0.8116894506303567,0.5216438827029768,0.8333333333333334,0.16666666666666666,0.8,0.2,5,1,8,2,10,5,6,5,0.37546926736831665,0.3403786882983606,,,,,,,,,,,0.38702562222102765,0.678877844591103
216,train-load-1.0-scenario-430,1.0,0.9287231250000001,0.7348651041666666,0.9287231250000001,14.39839234155599,0.41094503559074513,0.5890549644092549,0.75,0.25,0.7777777777777778,0.2222222222222222,12,4,14,4,18,8,16,12,0.7816060781478882,0.3386767948568688,,,,,,,,,,,0.38702562222102765,0.678877844591103
217,train-load-0.6-scenario-220-retry-1,0.6,0.5766844999999999,0.3247096875,0.5766844999999999,8.963560933816439,1.342157091921313,0.6578429080786871,1.0,0.0,1.0,0.0,4,0,4,0,4,4,4,4,0.660065770149231,0.33698341088258443,,,,,,,,,,,0.38702562222102765,0.678877844591103
218,train-load-0.8-scenario-129-retry-1,0.8,0.9,0.5,0.9,9.380430172173224,-0.0029389416975186267,0.5743675131260901,0.6428571428571429,0.35714285714285715,0.6428571428571429,0.35714285714285715,9,5,9,5,14,8,14,9,0.4224777817726135,0.3352984938281715,,,,,,,,,,,0.38702562222102765,0.678877844591103
219,train-load-0.9-scenario-330,0.9,0.7858891666666666,0.6393627083333333,0.7858891666666666,9.472016060381868,0.44128569984093435,0.7587143001590657,0.8,0.2,0.7272727272727273,0.2727272727272727,8,2,8,3,11,6,10,8,0.5452966690063477,0.33362200135903064,,,,,,,,,,,0.38702562222102765,0.678877844591103
220,train-load-0.5-scenario-52,0.5,0.46355799999999997,0.18262708333333333,0.46355799999999997,9.741653421103983,1.3012630435752477,0.6987369564247523,1.0,0.0,1.0,0.0,5,0,5,0,5,6,5,5,0.6803017854690552,0.33195389135223546,,,,,,,,,,,0.38702562222102765,0.678877844591103
221,train-load-0.6-scenario-686,0.6,0.5167707142857143,0.4531556547619048,0.5167707142857143,13.71486220829603,1.1470638654878327,0.8529361345121672,1.0,0.0,1.0,0.0,9,0,9,0,9,7,9,9,0.9285642504692078,0.3302941218954743,,,,,,,,,,,0.38702562222102765,0.678877844591103
222,train-load-1.0-scenario-514-retry-21,1.0,1.1,0.44,1.1,2.44990424831133,-0.6191953868051093,0.43737720498692756,0.45454545454545453,0.5454545454545454,0.45454545454545453,0.5454545454545454,5,6,5,6,11,5,11,5,0.5396499633789062,0.32864265128599696,,,,,,,,,,,0.38702562222102765,0.678877844591103
223,train-load-1.0-scenario-10-retry-9,1.0,1.0,0.625,1.0,3.636147290018097,-0.46139359564347115,0.46139359564347115,0.5,0.5,0.5,0.5,5,5,10,10,20,8,10,5,0.623309850692749,0.326999438029567,,,,,,,,,,,0.38702562222102765,0.678877844591103
224,train-load-0.6-scenario-179,0.6,0.7,0.6111111111111112,0.7,14.608250155257696,1.1568111492724227,0.4431888507275774,0.9,0.1,0.9,0.1,9,1,9,1,10,6,10,9,0.5667014718055725,0.3253644408394192,,,,,,,,,,,0.38702562222102765,0.678877844591103
225,train-load-0.5-scenario-684,0.5,0.5714285714285714,0.19047619047619047,0.5714285714285714,11.38830947499482,0.99027473142861,0.50972526857139,0.875,0.125,0.875,0.125,7,1,7,1,8,7,8,7,0.6305205821990967,0.3237376186352221,,,,,,,,,,,0.38702562222102765,0.678877844591103
226,train-load-0.8-scenario-630,0.8,0.7259303333333333,0.7049034722222223,0.7259303333333333,8.584101920202446,0.4365577458148404,0.6745533652962707,0.7777777777777778,0.2222222222222222,0.7272727272727273,0.2727272727272727,7,2,8,3,11,6,9,7,0.9722435474395752,0.322118930542046,,,,,,,,,,,0.38702562222102765,0.678877844591103
227,train-load-0.6-scenario-660,0.6,0.521473,0.5059357142857144,0.521473,9.301555199343571,0.3580952580705451,0.841904741929455,0.8,0.2,0.8,0.2,8,2,8,2,10,7,10,8,0.6033946871757507,0.32050833588933575,,,,,,,,,,,0.38702562222102765,0.678877844591103
228,train-load-0.7-scenario-154,0.7,0.6265786666666667,0.5354014583333334,0.6265786666666667,14.643020649182818,1.4883603834547423,0.5116396165452577,1.0,0.0,1.0,0.0,8,0,9,0,9,6,8,8,0.6719025373458862,0.31890579420988907,,,,,,,,,,,0.38702562222102765,0.678877844591103
229,train-load-0.8-scenario-588,0.8,0.787769,0.32875225,0.787769,8.522110933437547,0.6882051289260355,0.740366299645393,0.8571428571428571,0.14285714285714285,0.8571428571428571,0.14285714285714285,6,1,6,1,7,5,7,6,0.535001814365387,0.3173112652388396,,,,,,,,,,,0.38702562222102765,0.678877844591103
230,train-load-0.5-scenario-431,0.5,0.465265,0.40918312500000004,0.465265,8.027972929215935,1.1780577181412815,0.8219422818587186,1.0,0.0,1.0,0.0,4,0,5,0,5,4,4,4,0.967214822769165,0.3157247089126454,,,,,,,,,,,0.38702562222102765,0.678877844591103
231,train-load-0.6-scenario-326-retry-3,0.6,0.6285714285714286,0.15714285714285714,0.6285714285714286,17.631961758927616,1.3327748368302692,0.6672251631697308,1.0,0.0,1.0,0.0,11,0,11,0,11,7,11,11,0.7364731431007385,0.3141460853680822,,,,,,,,,,,0.38702562222102765,0.678877844591103
232,train-load-0.6-scenario-291,0.6,0.6187096875,0.6187096875,0.5159815,13.643805136049146,1.5183231453402812,0.4816768546597189,1.0,0.0,1.0,0.0,7,0,7,0,7,4,7,7,0.9124609231948853,0.3125753549412418,,,,,,,,,,,0.38702562222102765,0.678877844591103
233,train-load-1.0-scenario-184,1.0,1.1111111111111112,1.1111111111111112,0.16666666666666666,-0.9965345782093333,-1.1771989571659063,0.7771989571659065,0.4,0.6,0.4,0.6,4,6,4,6,10,6,10,4,0.6754965782165527,0.31101247816653554,,,,,,,,,,,0.38702562222102765,0.678877844591103
234,train-load-0.5-scenario-72,0.5,0.44732976190476187,0.44732976190476187,0.43013942857142856,11.058521692476486,1.103245804839804,0.8967541951601959,1.0,0.0,1.0,0.0,7,0,8,0,8,7,7,7,0.5134921073913574,0.30945741577570285,,,,,,,,,,,0.38702562222102765,0.678877844591103
235,train-load-0.5-scenario-23,0.5,0.4,0.3333333333333333,0.4,25.531147065572714,1.537279259742075,0.462720740257925,1.0,0.0,1.0,0.0,16,0,16,0,16,4,16,16,0.4466627836227417,0.3079101286968243,,,,,,,,,,,0.38702562222102765,0.678877844591103
236,train-load-0.8-scenario-78,0.8,0.8857142857142857,0.2619047619047619,0.8857142857142857,-3.8351355784724874,-1.6416998890484646,0.6416998890484645,0.25,0.75,0.25,0.75,2,6,2,6,8,7,8,2,0.3045505881309509,0.3063705780533402,,,,,,,,,,,0.38702562222102765,0.678877844591103
237,train-load-0.7-scenario-430,0.7,0.6601672,0.42713075000000006,0.6601672,11.827621880198233,1.2385109021305392,0.7614890978694608,1.0,0.0,1.0,0.0,7,0,8,0,8,5,7,7,0.6080153584480286,0.30483872516307353,,,,,,,,,,,0.38702562222102765,0.678877844591103
238,train-load-0.7-scenario-108,0.7,0.7777777777777778,0.7777777777777778,0.7666666666666667,14.897869163469213,0.9491803089512065,0.38415302438212695,0.8333333333333334,0.16666666666666666,0.8333333333333334,0.16666666666666666,10,2,10,2,12,6,12,10,0.7149603366851807,0.3033145315372582,,,,,,,,,,,0.38702562222102765,0.678877844591103
239,train-load-0.7-scenario-409,0.7,0.6,0.3,0.6,23.27715442171498,1.44852923280451,0.5514707671954899,1.0,0.0,1.0,0.0,15,0,15,0,15,5,15,15,0.512704610824585,0.3017979588795719,,,,,,,,,,,0.38702562222102765,0.678877844591103
240,train-hard-4gpu-4pod-2vgpu,0.25,0.25,0.16666666666666666,0.25,11.587203884117226,1.9166666666666665,0.08333333333333337,1.0,0.0,1.0,0.0,4,0,8,0,8,4,4,4,0.7027380466461182,0.30028896908517405,,,,,,,,,,,0.38702562222102765,0.678877844591103
241,train-load-1.0-scenario-160,1.0,0.93582975,0.71565703125,0.93582975,15.54666317762101,0.46246067779186417,0.5963628516199004,0.7647058823529411,0.23529411764705882,0.7222222222222222,0.2777777777777778,13,4,13,5,18,8,17,13,0.6574425101280212,0.2987875242397482,,,,,,,,,,,0.38702562222102765,0.678877844591103
242,train-load-0.5-scenario-438,0.5,0.5833333333333334,0.3888888888888889,0.5833333333333334,21.792722303529896,1.411818851941971,0.5881811480580291,1.0,0.0,1.0,0.0,14,0,14,0,14,6,14,14,0.8896706700325012,0.29729358661854943,,,,,,,,,,,0.38702562222102765,0.678877844591103
243,train-load-0.8-scenario-331-retry-3,0.8,0.7875,0.75,0.7875,26.18134783874752,1.4155886287931267,0.36218914898465093,0.9444444444444444,0.05555555555555555,0.9444444444444444,0.05555555555555555,17,1,17,1,18,8,18,17,0.8524513244628906,0.29580711868545667,,,,,,,,,,,0.38702562222102765,0.678877844591103
244,train-load-0.5-scenario-666-retry-6,0.5,0.5,0.5,0.5,15.972362585860317,1.6728494747158824,0.3271505252841176,1.0,0.0,1.0,0.0,8,0,8,0,8,8,8,8,0.6839820146560669,0.2943280830920294,,,,,,,,,,,0.38702562222102765,0.678877844591103
245,train-load-1.0-scenario-398-retry-1,1.0,0.8914085,0.46557916666666666,0.8914085,4.311112951461338,0.03650386732381139,0.8206389898190458,0.7142857142857143,0.2857142857142857,0.7142857142857143,0.2857142857142857,5,2,5,2,7,4,7,5,0.5236055850982666,0.29285644267656924,,,,,,,,,,,0.38702562222102765,0.678877844591103
246,train-load-0.6-scenario-493,0.6,0.548765,0.3344375,0.548765,11.307329119079963,1.3258136116808734,0.6741863883191266,1.0,0.0,1.0,0.0,6,0,6,0,6,5,6,6,0.42036640644073486,0.2913921604631864,,,,,,,,,,,0.38702562222102765,0.678877844591103
247,train-load-0.7-scenario-200,0.7,0.6981916666666667,0.6981916666666667,0.6242205,12.3425510985031,1.360803278810863,0.6391967211891368,1.0,0.0,1.0,0.0,7,0,7,0,7,4,7,7,0.6885876655578613,0.28993519966087045,,,,,,,,,,,0.38702562222102765,0.678877844591103
248,train-load-1.0-scenario-577-retry-4,1.0,1.1166666666666667,0.9666666666666667,1.1166666666666667,10.157862586339764,0.07199631630845593,0.5946703503582107,0.6666666666666666,0.3333333333333333,0.6666666666666666,0.3333333333333333,10,5,10,5,15,6,15,10,0.39894843101501465,0.2884855236625661,,,,,,,,,,,0.38702562222102765,0.678877844591103
249,train-load-0.7-scenario-295-retry-1,0.7,0.6190476190476191,0.6190476190476191,0.17142857142857143,15.69048703068315,0.9130857705637524,0.7535808961029142,0.9166666666666666,0.08333333333333333,0.9166666666666666,0.08333333333333333,11,1,11,1,12,7,12,11,0.48142266273498535,0.28704309604425327,,,,,,,,,,,0.38702562222102765,0.678877844591103
250,train-load-1.0-scenario-206,1.0,0.9457788333333333,0.6526908333333333,0.9457788333333333,9.962588259919226,0.25962888852490096,0.740371111475099,0.75,0.25,0.6923076923076923,0.3076923076923077,9,3,9,4,13,6,12,9,0.43710267543792725,0.285607880564032,,,,,,,,,,,0.38702562222102765,0.678877844591103
251,train-load-0.7-scenario-161,0.7,0.6719069999999999,0.271390625,0.6719069999999999,15.080218883627044,1.1830833237109772,0.8169166762890228,1.0,0.0,1.0,0.0,10,0,10,0,10,8,10,10,1.1447921991348267,0.28417984116121187,,,,,,,,,,,0.38702562222102765,0.678877844591103
252,train-load-0.6-scenario-617,0.6,0.6173865,0.29915138888888887,0.6173865,12.858320397344048,1.384754761300025,0.6152452386999749,1.0,0.0,1.0,0.0,7,0,7,0,7,6,7,7,0.408510684967041,0.2827589419554058,,,,,,,,,,,0.38702562222102765,0.678877844591103
253,train-load-0.8-scenario-211-retry-2,0.8,0.9,0.9,0.225,7.9637346236779525,0.36674260187888175,0.7443685092322294,0.7777777777777778,0.2222222222222222,0.7777777777777778,0.2222222222222222,7,2,7,2,9,4,9,7,0.8343144059181213,0.28134514724562876,,,,,,,,,,,0.38702562222102765,0.678877844591103
254,train-load-1.0-scenario-118,1.0,0.9375,0.16666666666666666,0.9375,-2.3339466851322683,-1.382135126444046,0.2710240153329348,0.2222222222222222,0.7777777777777778,0.2222222222222222,0.7777777777777778,2,7,2,7,9,8,9,2,0.7359746694564819,0.2799384215094006,,,,,,,,,,,0.38702562222102765,0.678877844591103
255,train-load-0.8-scenario-688,0.8,0.8017186000000001,0.55684,0.8017186000000001,11.914311268303384,0.9456664838837515,0.609889071671804,0.8888888888888888,0.1111111111111111,0.8888888888888888,0.1111111111111111,8,1,8,1,9,5,9,8,0.7766079902648926,0.27853872940185365,,,,,,,,,,,0.38702562222102765,0.678877844591103
256,train-load-0.5-scenario-593-retry-4,0.5,0.5714285714285714,0.45714285714285713,0.5714285714285714,12.1522095853502,1.1114962508395543,0.38850374916044583,0.875,0.125,0.875,0.125,7,1,7,1,8,7,8,7,0.9073226451873779,0.27714603575484437,,,,,,,,,,,0.38702562222102765,0.678877844591103
257,train-load-0.6-scenario-549,0.6,0.6666666666666666,0.6666666666666666,0.3333333333333333,8.531474983498095,0.5962473202006102,0.40375267979938984,0.75,0.25,0.75,0.25,6,2,6,2,8,6,8,6,0.872831404209137,0.2757603055760701,,,,,,,,,,,0.38702562222102765,0.678877844591103
258,train-load-1.0-scenario-235-retry-3,1.0,0.9758007499999999,0.790023125,0.9758007499999999,12.956871887455156,0.9512188951423165,0.24878110485768348,0.8,0.2,0.8,0.2,8,2,8,2,10,4,10,8,0.511154294013977,0.2743815040481898,,,,,,,,,,,0.38702562222102765,0.678877844591103
259,train-load-0.8-scenario-351-retry-1,0.8,0.9,0.75,0.9,21.15097046470046,1.0222141254902735,0.31111920784306,0.8333333333333334,0.16666666666666666,0.8333333333333334,0.16666666666666666,15,3,15,3,18,4,18,15,0.8432282209396362,0.2730095965279488,,,,,,,,,,,0.38702562222102765,0.678877844591103
260,train-load-0.8-scenario-659,0.8,0.748587,0.44372468749999994,0.748587,12.49612157469392,0.8338888588001756,0.7661111411998245,0.9,0.1,0.8333333333333334,0.16666666666666666,9,1,10,2,12,8,10,9,0.7283559441566467,0.27164454854530906,,,,,,,,,,,0.38702562222102765,0.678877844591103
261,train-load-0.9-scenario-471-retry-4,0.9,1.0,1.0,0.55,4.976469277397855,-0.47356685405190113,0.6274130078980549,0.5384615384615384,0.46153846153846156,0.5384615384615384,0.46153846153846156,7,6,7,6,13,7,13,7,1.2048578262329102,0.2702863258025825,,,,,,,,,,,0.38702562222102765,0.678877844591103
262,train-load-0.8-scenario-746-retry-2,0.8,0.9166666666666666,0.9166666666666666,0.2,13.48006824155857,0.6941192821194917,0.6392140512138418,0.8333333333333334,0.16666666666666666,0.8333333333333334,0.16666666666666666,10,2,10,2,12,6,12,10,0.821338951587677,0.2689348941735696,,,,,,,,,,,0.38702562222102765,0.678877844591103
263,train-load-0.5-scenario-101-retry-3,0.5,0.4,0.2,0.4,24.013734419531282,1.3304641545902354,0.6695358454097645,1.0,0.0,1.0,0.0,16,0,16,0,16,8,16,16,0.7121491432189941,0.26759021970270175,,,,,,,,,,,0.38702562222102765,0.678877844591103
264,train-load-0.5-scenario-635,0.5,0.5371865,0.46224010416666667,0.5371865,7.983176831142842,1.2167815294454525,0.7832184705545476,1.0,0.0,1.0,0.0,4,0,5,0,5,4,4,4,0.9336314797401428,0.2662522686041882,,,,,,,,,,,0.38702562222102765,0.678877844591103
265,train-load-0.8-scenario-483,0.8,0.7803452,0.7263084999999999,0.7803452,5.463430252859242,0.16265923660777193,0.6944836205350853,0.7142857142857143,0.2857142857142857,0.6,0.4,5,2,6,4,10,5,7,5,0.5324028730392456,0.2649210072611673,,,,,,,,,,,0.38702562222102765,0.678877844591103
266,train-load-0.7-scenario-715-retry-1,0.7,0.6,0.6,0.36,16.45914175254095,1.5554221461895175,0.4445778538104826,1.0,0.0,1.0,0.0,9,0,9,0,9,5,9,9,0.48085013031959534,0.26359640222486147,,,,,,,,,,,0.38702562222102765,0.678877844591103
267,train-load-0.6-scenario-352-retry-2,0.6,0.625,0.625,0.6,16.614784338017795,1.5642695322699434,0.4357304677300567,1.0,0.0,1.0,0.0,9,0,9,0,9,4,9,9,0.5647238492965698,0.26227842021373715,,,,,,,,,,,0.38702562222102765,0.678877844591103
268,train-load-0.8-scenario-284-retry-2,0.8,0.7,0.5238095238095238,0.7,17.31993141812421,1.486932828116437,0.5130671718835631,1.0,0.0,1.0,0.0,10,0,10,0,10,7,10,10,0.8723671436309814,0.2609670281126685,,,,,,,,,,,0.38702562222102765,0.678877844591103
269,train-load-1.0-scenario-576-retry-1,1.0,0.925844,0.4472596875,0.925844,5.867054597467132,-0.21030949108319963,0.755764036537745,0.6363636363636364,0.36363636363636365,0.6923076923076923,0.3076923076923077,7,4,9,4,13,8,11,7,0.6460620760917664,0.25966219297210513,,,,,,,,,,,0.38702562222102765,0.678877844591103
270,train-load-0.8-scenario-146,0.8,0.70909475,0.57568125,0.70909475,7.093194393425623,0.6218013468869887,0.7115319864463447,0.8333333333333334,0.16666666666666666,0.7142857142857143,0.2857142857142857,5,1,5,2,7,4,6,5,0.5161057114601135,0.2583638820072446,,,,,,,,,,,0.38702562222102765,0.678877844591103
271,train-load-1.0-scenario-478,1.0,0.9438852857142856,0.847329761904762,0.9438852857142856,10.611914193023722,0.13309478826483712,0.7240480688780201,0.7142857142857143,0.2857142857142857,0.6470588235294118,0.35294117647058826,10,4,11,6,17,7,14,10,0.5773010849952698,0.2570720625972084,,,,,,,,,,,0.38702562222102765,0.678877844591103
272,train-load-0.8-scenario-359,0.8,0.73516225,0.429611875,0.73516225,13.98676548307054,0.8438452951420734,0.7925183412215628,0.9090909090909091,0.09090909090909091,0.8333333333333334,0.16666666666666666,10,1,10,2,12,8,11,10,0.6914695501327515,0.25578670228422234,,,,,,,,,,,0.38702562222102765,0.678877844591103
273,train-load-0.5-scenario-14-retry-3,0.5,0.41,0.09,0.41,14.22105840128768,1.197308245542624,0.802691754457376,1.0,0.0,1.0,0.0,9,0,9,0,9,5,9,9,0.9471213817596436,0.25450776877280124,,,,,,,,,,,0.38702562222102765,0.678877844591103
274,train-load-0.5-scenario-268,0.5,0.4603915,0.2564771875,0.4603915,8.862845181421552,1.3509135114424016,0.6490864885575984,1.0,0.0,1.0,0.0,4,0,4,0,4,4,4,4,0.5162343978881836,0.2532352299289372,,,,,,,,,,,0.38702562222102765,0.678877844591103
275,train-load-0.6-scenario-213,0.6,0.7142857142857143,0.15714285714285714,0.7142857142857143,17.551883237569648,1.3672713167934618,0.6327286832065381,1.0,0.0,1.0,0.0,11,0,11,0,11,7,11,11,0.6132636070251465,0.2519690537792925,,,,,,,,,,,0.38702562222102765,0.678877844591103
276,train-load-0.6-scenario-202,0.6,0.52165975,0.308321875,0.52165975,8.866149182229627,1.5430894658867849,0.4569105341132152,1.0,0.0,1.0,0.0,3,0,4,0,4,4,3,3,0.7198284864425659,0.2507092085103961,,,,,,,,,,,0.38702562222102765,0.678877844591103
277,train-load-0.6-scenario-431,0.6,0.5924776666666667,0.5421308333333333,0.5924776666666667,13.19471273456328,1.2586010372972911,0.7413989627027089,1.0,0.0,1.0,0.0,8,0,10,0,10,6,8,8,0.5891086459159851,0.2494556624678441,,,,,,,,,,,0.38702562222102765,0.678877844591103
278,train-load-0.9-scenario-197-retry-5,0.9,1.0,1.0,0.625,18.61204817326649,0.559668619579087,0.44033138042091313,0.75,0.25,0.75,0.25,15,5,15,5,20,8,20,15,0.7337832450866699,0.24820838415550486,,,,,,,,,,,0.38702562222102765,0.678877844591103
279,train-load-0.8-scenario-706,0.8,0.7332247023809524,0.7332247023809524,0.6542928571428571,14.497491830215877,0.9885294866108476,0.6478341497527886,0.9090909090909091,0.09090909090909091,0.8461538461538461,0.15384615384615385,10,1,11,2,13,7,11,10,0.6779336333274841,0.24696734223472733,,,,,,,,,,,0.38702562222102765,0.678877844591103
280,train-load-1.0-scenario-150,1.0,1.02516,0.7642116666666666,1.02516,11.396934777252579,0.4940725821409686,0.5059274178590314,0.75,0.25,0.6428571428571429,0.35714285714285715,9,3,9,5,14,6,12,9,1.2726880311965942,0.2457325055235537,,,,,,,,,,,0.38702562222102765,0.678877844591103
281,train-load-0.5-scenario-263-retry-1,0.5,0.5714285714285714,0.5714285714285714,0.5714285714285714,18.158971563677078,1.5956732388035721,0.40432676119642774,1.0,0.0,1.0,0.0,10,0,10,0,10,7,10,10,0.7675905823707581,0.24450384299593592,,,,,,,,,,,0.38702562222102765,0.678877844591103
282,train-load-1.0-scenario-1,1.0,0.8821434285714286,0.7003766071428572,0.8821434285714286,9.654044476180582,0.14534736484043065,0.6238834043903385,0.6923076923076923,0.3076923076923077,0.6666666666666666,0.3333333333333333,9,4,10,5,15,7,13,9,0.5093685984611511,0.24328132378095624,,,,,,,,,,,0.38702562222102765,0.678877844591103
283,train-load-0.5-scenario-683-retry-4,0.5,0.4642857142857143,0.18571428571428572,0.4642857142857143,20.35013186601261,1.3524013068879366,0.6475986931120634,1.0,0.0,1.0,0.0,13,0,13,0,13,7,13,13,0.3463279604911804,0.24206491716205145,,,,,,,,,,,0.38702562222102765,0.678877844591103
284,train-load-0.7-scenario-718-retry-1,0.7,0.75,0.3,0.75,14.265367568616568,0.9627447590634961,0.6736188773001401,0.9090909090909091,0.09090909090909091,0.9090909090909091,0.09090909090909091,10,1,10,1,11,5,11,10,0.7306772470474243,0.2408545925762412,,,,,,,,,,,0.38702562222102765,0.678877844591103
285,train-load-0.6-scenario-706-retry-1,0.6,0.5120074285714286,0.2853517857142857,0.5120074285714286,11.854412567889966,1.2323084614721735,0.7676915385278263,1.0,0.0,1.0,0.0,7,0,7,0,7,7,7,7,0.7202649116516113,0.23965031961336,,,,,,,,,,,0.38702562222102765,0.678877844591103
286,train-load-0.6-scenario-260,0.6,0.6534285999999999,0.3731033333333333,0.6534285999999999,10.659660625104625,1.4213648102306267,0.5786351897693732,1.0,0.0,1.0,0.0,5,0,6,0,6,5,5,5,0.5297971963882446,0.2384520680152932,,,,,,,,,,,0.38702562222102765,0.678877844591103
287,train-load-0.6-scenario-180,0.6,0.6,0.6,0.375,16.245233763904274,1.51681204541149,0.4831879545885101,1.0,0.0,1.0,0.0,9,0,9,0,9,6,9,9,0.5644205212593079,0.23725980767521673,,,,,,,,,,,0.38702562222102765,0.678877844591103
288,train-load-0.9-scenario-388-retry-3,0.9,0.8,0.475,0.8,4.746882957723049,-0.31044196534595203,0.7104419653459519,0.6,0.4,0.6,0.4,6,4,6,4,10,8,10,6,0.7632928490638733,0.23607350863684065,,,,,,,,,,,0.38702562222102765,0.678877844591103
289,train-load-0.5-scenario-726-retry-4,0.5,0.4,0.4,0.24,20.71825945790327,1.590560611000563,0.4094393889994369,1.0,0.0,1.0,0.0,12,0,12,0,12,5,12,12,0.6869339346885681,0.23489314109365644,,,,,,,,,,,0.38702562222102765,0.678877844591103
290,train-load-0.7-scenario-54,0.7,0.7792504,0.4114108333333333,0.7792504,7.011629426387269,0.568806771627349,0.7645265617059843,0.8333333333333334,0.16666666666666666,0.75,0.25,5,1,6,2,8,5,6,5,0.27948981523513794,0.23371867538818816,,,,,,,,,,,0.38702562222102765,0.678877844591103
291,train-load-0.9-scenario-117-retry-3,0.9,0.9166666666666666,0.9166666666666666,0.55,10.517693828404646,0.46972309649778654,0.43936781259312263,0.7272727272727273,0.2727272727272727,0.7272727272727273,0.2727272727272727,8,3,8,3,11,4,11,8,0.4044972062110901,0.23255008201124722,,,,,,,,,,,0.38702562222102765,0.678877844591103
292,train-load-0.7-scenario-399,0.7,0.607748,0.35891375000000003,0.607748,10.756820302054617,1.2582384669241602,0.7417615330758398,1.0,0.0,1.0,0.0,6,0,7,0,7,6,6,6,0.8009299039840698,0.231387331601191,,,,,,,,,,,0.38702562222102765,0.678877844591103
293,train-load-0.7-scenario-526-retry-6,0.7,0.7142857142857143,0.5,0.7142857142857143,3.3276708144974894,-0.44587627166015975,0.6680984938823821,0.5555555555555556,0.4444444444444444,0.5555555555555556,0.4444444444444444,5,4,5,4,9,7,9,5,0.40875864028930664,0.23023039494318503,,,,,,,,,,,0.38702562222102765,0.678877844591103
294,train-load-1.0-scenario-213-retry-4,1.0,1.0,1.0,0.75,9.650418257759286,-0.01593828709713274,0.4159382870971327,0.6,0.4,0.6,0.4,9,6,9,6,15,5,15,9,0.7289730906486511,0.2290792429684691,,,,,,,,,,,0.38702562222102765,0.678877844591103
295,train-load-0.9-scenario-352,0.9,0.8,0.5142857142857142,0.8,7.224772956085671,-0.13538399489172626,0.8020506615583929,0.6666666666666666,0.3333333333333333,0.6666666666666666,0.3333333333333333,8,4,8,4,12,7,12,8,0.7025673985481262,0.22793384675362674,,,,,,,,,,,0.38702562222102765,0.678877844591103
296,train-load-0.7-scenario-466-retry-6,0.7,0.5833333333333334,0.3888888888888889,0.5833333333333334,22.443952362060358,1.4334660881181582,0.5665339118818417,1.0,0.0,1.0,0.0,14,0,14,0,14,6,14,14,0.7056905031204224,0.22679417751985861,,,,,,,,,,,0.38702562222102765,0.678877844591103
297,train-load-1.0-scenario-77-retry-16,1.0,1.07,0.36666666666666664,1.07,3.0773286556186346,-0.4305545056080964,0.6527767278303187,0.5555555555555556,0.4444444444444444,0.5555555555555556,0.4444444444444444,5,4,5,4,9,5,9,5,0.5745478272438049,0.22566020663225933,,,,,,,,,,,0.38702562222102765,0.678877844591103
298,train-load-0.6-scenario-137-retry-1,0.6,0.6875,0.4583333333333333,0.6875,10.48307643661366,0.4904238730100554,0.41866703608085376,0.7272727272727273,0.2727272727272727,0.7272727272727273,0.2727272727272727,8,3,8,3,11,8,11,8,0.5029058456420898,0.22453190559909803,,,,,,,,,,,0.38702562222102765,0.678877844591103
299,train-hard-8gpu-16pod-1vgpu,0.5,0.5,0.3333333333333333,0.5,24.51545277320799,1.4724894150898171,0.5275105849101828,1.0,0.0,1.0,0.0,16,0,16,0,16,8,16,16,0.6277440190315247,0.22340924607110255,,,,,,,,,,,0.38702562222102765,0.678877844591103
300,train-load-0.5-scenario-723-retry-4,0.5,0.6,0.25,0.6,18.941169794779753,1.3575053385621505,0.6424946614378496,1.0,0.0,1.0,0.0,12,0,12,0,12,4,12,12,0.5100829601287842,0.22229219984074702,0.33358646167544487,0.5559197549388517,0.7223765541535743,0.27762344584642584,0.7086472548365393,0.29135274516346066,0.6053086094649935,0.6315002951471965,0.27418114709729835,0.6855414433242469,0.38702562222102765,0.678877844591103
301,train-load-0.6-scenario-711,0.6,0.6639987142857142,0.35788125,0.6639987142857142,8.83259019713119,0.7504567506271281,0.6781146779443004,0.8571428571428571,0.14285714285714285,0.7777777777777778,0.2222222222222222,6,1,7,2,9,7,7,6,0.44003826379776,0.2211807388415433,,,,,,,,,,,0.38702562222102765,0.678877844591103
302,train-load-0.9-scenario-325,0.9,0.95,0.9166666666666666,0.95,11.701082702007954,0.9378464766924166,0.17326463441869458,0.7777777777777778,0.2222222222222222,0.7777777777777778,0.2222222222222222,7,2,7,2,9,4,9,7,0.7606658935546875,0.22007483514733558,,,,,,,,,,,0.38702562222102765,0.678877844591103
303,train-load-1.0-scenario-463,1.0,0.9136586666666666,0.5542824999999999,0.9136586666666666,8.57249257827177,0.21408137641472036,0.6950095326761888,0.7272727272727273,0.2727272727272727,0.7272727272727273,0.2727272727272727,8,3,8,3,11,6,11,8,0.6768037676811218,0.2189744609715989,,,,,,,,,,,0.38702562222102765,0.678877844591103
304,train-load-0.9-scenario-583,0.9,1.0,1.0,0.975,10.17732148721827,0.08985187681763274,0.3101481231823672,0.6,0.4,0.6,0.4,9,6,9,6,15,6,15,9,0.4214493930339813,0.2178795886667409,,,,,,,,,,,0.38702562222102765,0.678877844591103
305,train-load-0.7-scenario-355,0.7,0.6557357500000001,0.5711115625,0.6557357500000001,8.641060326693637,0.19045238670159592,0.7186385223893133,0.7272727272727273,0.2727272727272727,0.7692307692307693,0.23076923076923078,8,3,10,3,13,8,11,8,0.5912152528762817,0.2167901907234072,,,,,,,,,,,0.38702562222102765,0.678877844591103
306,train-load-0.9-scenario-692-retry-1,0.9,1.0,0.9583333333333334,1.0,19.623715090635393,0.6990717207280313,0.3009282792719688,0.75,0.25,0.75,0.25,15,5,15,5,20,8,20,15,0.6471630930900574,0.21570623976979014,,,,,,,,,,,0.38702562222102765,0.678877844591103
307,train-load-0.5-scenario-407-retry-1,0.5,0.5833333333333334,0.19444444444444445,0.5833333333333334,21.332831273689344,1.3330734589332804,0.6669265410667194,1.0,0.0,1.0,0.0,14,0,14,0,14,6,14,14,0.5484323501586914,0.21462770857094118,,,,,,,,,,,0.38702562222102765,0.678877844591103
308,train-load-0.5-scenario-730,0.5,0.5247061666666666,0.3143697916666667,0.5247061666666666,10.63861084497616,1.2067725047455164,0.7932274952544836,1.0,0.0,1.0,0.0,6,0,6,0,6,6,6,6,0.535638153553009,0.21355457002808648,,,,,,,,,,,0.38702562222102765,0.678877844591103
309,train-load-0.9-scenario-191,0.9,0.8655648571428571,0.6764648214285713,0.8655648571428571,13.152960355853965,0.6398807335403538,0.6934525997929796,0.8333333333333334,0.16666666666666666,0.7142857142857143,0.2857142857142857,10,2,10,4,14,7,12,10,0.4490309953689575,0.21248679717794605,,,,,,,,,,,0.38702562222102765,0.678877844591103
310,train-load-0.5-scenario-478,0.5,0.5100064,0.39195,0.5100064,9.915114903336097,1.117903050470084,0.882096949529916,1.0,0.0,1.0,0.0,6,0,6,0,6,5,6,6,0.33241674304008484,0.21142436319205632,,,,,,,,,,,0.38702562222102765,0.678877844591103
311,train-load-1.0-scenario-271,1.0,0.887251,0.5405803571428572,0.887251,14.749120292129799,0.6568525455403356,0.4860045973168072,0.7857142857142857,0.21428571428571427,0.7857142857142857,0.21428571428571427,11,3,11,3,14,7,14,11,0.6387315392494202,0.21036724137609603,,,,,,,,,,,0.38702562222102765,0.678877844591103
312,train-load-0.8-scenario-118-retry-5,0.8,0.8833333333333333,0.5555555555555556,0.8833333333333333,6.703141239576181,0.025067646158310253,0.7749323538416897,0.7,0.3,0.7,0.3,7,3,7,3,10,6,10,7,0.5887119770050049,0.20931540516921554,,,,,,,,,,,0.38702562222102765,0.678877844591103
313,train-load-0.8-scenario-143-retry-4,0.8,0.9166666666666666,0.3055555555555556,0.9166666666666666,4.558806882242774,-0.3848293245667679,0.5666475063849497,0.5454545454545454,0.45454545454545453,0.5454545454545454,0.45454545454545453,6,5,6,5,11,6,11,6,0.4139222204685211,0.20826882814336947,,,,,,,,,,,0.38702562222102765,0.678877844591103
314,train-load-0.8-scenario-201,0.8,0.704325125,0.611396875,0.704325125,22.918251842639123,1.5628313750335798,0.43716862496642017,1.0,0.0,1.0,0.0,14,0,15,0,15,8,14,14,0.7606559991836548,0.20722748400265262,,,,,,,,,,,0.38702562222102765,0.678877844591103
315,train-load-0.5-scenario-73-retry-1,0.5,0.5,0.5,0.45,20.302629292962806,1.5184105457211334,0.4815894542788665,1.0,0.0,1.0,0.0,12,0,12,0,12,8,12,12,0.3052210509777069,0.20619134658263935,,,,,,,,,,,0.38702562222102765,0.678877844591103
316,train-load-0.7-scenario-259-retry-5,0.7,0.8166666666666667,0.6944444444444444,0.8166666666666667,4.2124417247452515,-0.1707564752801426,0.6707564752801426,0.625,0.375,0.625,0.375,5,3,5,3,8,6,8,5,0.44689494371414185,0.20516038984972615,,,,,,,,,,,0.38702562222102765,0.678877844591103
317,train-load-0.9-scenario-631-retry-4,0.9,0.78,0.68,0.78,17.798711448578217,1.2431468344305125,0.42351983223615397,0.9166666666666666,0.08333333333333333,0.9166666666666666,0.08333333333333333,11,1,11,1,12,5,12,11,0.4486605226993561,0.2041345879004775,,,,,,,,,,,0.38702562222102765,0.678877844591103
318,train-load-0.9-scenario-483,0.9,0.9569106666666666,0.5562225000000001,0.9569106666666666,8.440223301612551,0.37361545145645736,0.7374956596546538,0.7777777777777778,0.2222222222222222,0.6666666666666666,0.3333333333333333,7,2,8,4,12,6,9,7,0.5909407734870911,0.2031139149609751,,,,,,,,,,,0.38702562222102765,0.678877844591103
319,train-load-0.6-scenario-271-retry-1,0.6,0.5416666666666666,0.3611111111111111,0.5416666666666666,20.95922602828704,1.44393198285337,0.5560680171466299,1.0,0.0,1.0,0.0,13,0,13,0,13,6,13,13,0.4801951050758362,0.20209834538617025,,,,,,,,,,,0.38702562222102765,0.678877844591103
320,train-load-0.7-scenario-714-retry-1,0.7,0.8,0.32,0.8,4.684895622288167,-0.02769833176951053,0.5276983317695105,0.625,0.375,0.625,0.375,5,3,5,3,8,5,8,5,0.5865380764007568,0.2010878536592394,,,,,,,,,,,0.38702562222102765,0.678877844591103
321,train-load-1.0-scenario-353-retry-4,1.0,1.075,0.66875,1.075,1.2042921940952187,-0.6481363679805413,0.6481363679805413,0.5,0.5,0.4444444444444444,0.5555555555555556,4,4,4,5,9,4,8,4,0.5088580846786499,0.2000824143909432,,,,,,,,,,,0.38702562222102765,0.678877844591103
322,train-load-0.7-scenario-688,0.7,0.6063955000000001,0.5455579861111111,0.6063955000000001,10.324726955067208,0.8585699472112809,0.6414300527887191,0.875,0.125,0.7777777777777778,0.2222222222222222,7,1,7,2,9,6,8,7,0.5289930105209351,0.19908200231898848,,,,,,,,,,,0.38702562222102765,0.678877844591103
323,train-load-1.0-scenario-301-retry-1,1.0,1.075,0.65,1.075,5.139985093012454,-0.25324500408499007,0.65324500408499,0.6,0.4,0.42857142857142855,0.5714285714285714,6,4,6,8,14,8,10,6,0.7012854218482971,0.19808659230739353,,,,,,,,,,,0.38702562222102765,0.678877844591103
324,train-load-0.5-scenario-196,0.5,0.486344,0.27415729166666664,0.486344,8.536114933877645,1.2618567470900488,0.7381432529099513,1.0,0.0,1.0,0.0,4,0,4,0,4,4,4,4,0.746768593788147,0.19709615934585656,,,,,,,,,,,0.38702562222102765,0.678877844591103
325,train-load-0.9-scenario-681,0.9,1.0,0.5,1.0,7.806138951200651,0.20625746352972396,0.593742536470276,0.7,0.3,0.7,0.3,7,3,7,3,10,4,10,7,0.4229687750339508,0.19611067854912728,,,,,,,,,,,0.38702562222102765,0.678877844591103
326,train-load-0.8-scenario-242,0.8,0.7217694,0.4499241666666667,0.7217694,10.332815791090674,1.2512769010888487,0.7487230989111512,1.0,0.0,1.0,0.0,6,0,8,0,8,5,6,6,0.7952229976654053,0.19513012515638165,,,,,,,,,,,0.38702562222102765,0.678877844591103
327,train-load-1.0-scenario-735-retry-1,1.0,1.0,0.625,1.0,8.354200649873075,-0.12643358800257276,0.5264335880025727,0.6,0.4,0.6,0.4,9,6,9,6,15,4,15,9,0.47995665669441223,0.19415447453059972,,,,,,,,,,,0.38702562222102765,0.678877844591103
328,train-load-1.0-scenario-380,1.0,0.8933404285714286,0.4349628571428571,0.8933404285714286,8.989522696611598,0.26026518823729805,0.6488257208536111,0.7272727272727273,0.2727272727272727,0.6923076923076923,0.3076923076923077,8,3,9,4,13,7,11,8,0.8792641162872314,0.19318370215794672,,,,,,,,,,,0.38702562222102765,0.678877844591103
329,train-load-0.5-scenario-146-retry-7,0.5,0.5476190476190477,0.5476190476190477,0.17857142857142858,11.447149901148048,0.96504286515919,1.03495713484081,1.0,0.0,1.0,0.0,8,0,8,0,8,7,8,8,0.6382279396057129,0.192217783647157,,,,,,,,,,,0.38702562222102765,0.678877844591103
330,train-load-0.7-scenario-561-retry-1,0.7,0.65,0.225,0.65,5.403340775927493,-0.2109912156701711,0.610991215670171,0.6,0.4,0.6,0.4,6,4,6,4,10,8,10,6,0.4321490526199341,0.1912566947289212,,,,,,,,,,,0.38702562222102765,0.678877844591103
331,train-load-0.5-scenario-716,0.5,0.48858098958333335,0.48858098958333335,0.43936099999999995,14.914602933082357,1.2882420695545669,0.711757930445433,1.0,0.0,1.0,0.0,9,0,10,0,10,8,9,9,0.9243144989013672,0.1903004112552766,,,,,,,,,,,0.38702562222102765,0.678877844591103
332,train-load-0.6-scenario-309-retry-1,0.6,0.6,0.2,0.6,17.69980707596902,1.1834416306785225,0.8165583693214776,1.0,0.0,1.0,0.0,12,0,12,0,12,5,12,12,0.3825397491455078,0.18934890919900021,,,,,,,,,,,0.38702562222102765,0.678877844591103
333,train-load-0.9-scenario-494,0.9,0.8890766666666667,0.6107607638888889,0.8890766666666667,8.723929390531115,0.2024721553645159,0.7066187537263933,0.7272727272727273,0.2727272727272727,0.7272727272727273,0.2727272727272727,8,3,8,3,11,6,11,8,0.3589378595352173,0.18840216465300522,,,,,,,,,,,0.38702562222102765,0.678877844591103
334,train-load-0.6-scenario-319,0.6,0.55128275,0.3699134375,0.55128275,15.149944260490042,1.388878202115018,0.6111217978849821,1.0,0.0,1.0,0.0,9,0,10,0,10,8,9,9,0.6674925684928894,0.18746015382974018,,,,,,,,,,,0.38702562222102765,0.678877844591103
335,train-load-1.0-scenario-80,1.0,0.8870254166666667,0.8870254166666667,0.68872,11.867073522817613,0.428412461667504,0.648510615255573,0.7692307692307693,0.23076923076923078,0.7692307692307693,0.23076923076923078,10,3,10,3,13,6,13,10,0.6803203821182251,0.1865228530605915,,,,,,,,,,,0.38702562222102765,0.678877844591103
336,train-load-0.6-scenario-621,0.6,0.5846032857142857,0.42943511904761905,0.5846032857142857,13.628245514871601,1.3164789578071694,0.6835210421928306,1.0,0.0,1.0,0.0,8,0,9,0,9,7,8,8,0.756413459777832,0.18559023879528855,,,,,,,,,,,0.38702562222102765,0.678877844591103
337,train-load-0.7-scenario-353,0.7,0.69005675,0.43834625000000005,0.69005675,6.6777103361890084,0.5867158528937704,0.7466174804395631,0.8333333333333334,0.16666666666666666,0.8333333333333334,0.16666666666666666,5,1,5,1,6,4,6,5,0.6553089618682861,0.1846622876013121,,,,,,,,,,,0.38702562222102765,0.678877844591103
338,train-load-1.0-scenario-314-retry-1,1.0,1.05,0.2916666666666667,1.05,6.2954788363194645,-0.3651611816383481,0.6508754673526338,0.5714285714285714,0.42857142857142855,0.5714285714285714,0.42857142857142855,8,6,8,6,14,8,14,8,0.2844339609146118,0.18373897616330553,,,,,,,,,,,0.38702562222102765,0.678877844591103
339,train-load-0.6-scenario-10,0.6,0.5569920138888889,0.5569920138888889,0.3816473333333333,7.009024407200364,0.5640343126467875,0.7692990206865459,0.8333333333333334,0.16666666666666666,0.75,0.25,5,1,6,2,8,6,6,5,0.5693973302841187,0.182820281282489,,,,,,,,,,,0.38702562222102765,0.678877844591103
340,train-load-0.9-scenario-269,0.9,0.8531792500000001,0.5768062500000001,0.8531792500000001,5.437930647712889,0.17903387017774341,0.6781089869651138,0.7142857142857143,0.2857142857142857,0.75,0.25,5,2,6,2,8,4,7,5,0.4106159806251526,0.18190617987607657,,,,,,,,,,,0.38702562222102765,0.678877844591103
341,train-load-0.7-scenario-605,0.7,0.76,0.76,0.72,11.20498760073136,0.6834300252378401,0.5165699747621599,0.8,0.2,0.8,0.2,8,2,8,2,10,5,10,8,0.7161426544189453,0.18099664897669618,,,,,,,,,,,0.38702562222102765,0.678877844591103
342,train-load-0.9-scenario-670-retry-4,0.9,0.8095238095238095,0.8095238095238095,0.5714285714285714,19.194525217110254,1.3516653455602503,0.3406423467474422,0.9230769230769231,0.07692307692307693,0.9230769230769231,0.07692307692307693,12,1,12,1,13,7,13,12,0.3830006718635559,0.1800916657318127,,,,,,,,,,,0.38702562222102765,0.678877844591103
343,train-load-0.5-scenario-300-retry-1,0.5,0.4083333333333333,0.19166666666666668,0.4083333333333333,17.452595112010343,1.2903755906900507,0.7096244093099492,1.0,0.0,1.0,0.0,11,0,11,0,11,6,11,11,0.5599777698516846,0.17919120740315364,,,,,,,,,,,0.38702562222102765,0.678877844591103
344,train-load-1.0-scenario-199,1.0,1.1,1.1,0.425,7.218086117981908,0.33869942975614076,0.6613005702438592,0.75,0.25,0.75,0.25,6,2,12,4,16,8,8,6,0.3579603433609009,0.17829525136613786,,,,,,,,,,,0.38702562222102765,0.678877844591103
345,train-hard-4gpu-8pod-1vgpu,0.5,0.5,0.3333333333333333,0.5,16.42232909936926,1.8333333333333335,0.16666666666666663,1.0,0.0,1.0,0.0,8,0,8,0,8,4,8,8,0.4037265479564667,0.17740377510930716,,,,,,,,,,,0.38702562222102765,0.678877844591103
346,train-load-0.8-scenario-290-retry-5,0.8,0.90625,0.6375,0.90625,19.251311578021728,0.6298462034167962,0.37015379658320374,0.75,0.25,0.75,0.25,15,5,15,5,20,8,20,15,0.5275756120681763,0.17651675623376062,,,,,,,,,,,0.38702562222102765,0.678877844591103
347,train-load-1.0-scenario-121,1.0,1.00952125,0.5868709375,1.00952125,15.619245613906449,0.7140944200770264,0.7144770084944021,0.8571428571428571,0.14285714285714285,0.75,0.25,12,2,12,4,16,8,14,12,0.6143198013305664,0.1756341724525918,,,,,,,,,,,0.38702562222102765,0.678877844591103
348,train-load-0.8-scenario-360,0.8,0.68,0.68,0.34,26.09104719105833,1.4163961791849737,0.5836038208150263,1.0,0.0,1.0,0.0,17,0,17,0,17,5,17,17,0.42034631967544556,0.17475600159032884,,,,,,,,,,,0.38702562222102765,0.678877844591103
349,train-load-0.6-scenario-48,0.6,0.6875,0.2875,0.6875,13.417923320316554,1.30877430643315,0.6912256935668499,1.0,0.0,1.0,0.0,8,0,8,0,8,4,8,8,0.5550241470336914,0.17388222158237718,,,,,,,,,,,0.38702562222102765,0.678877844591103
350,train-load-0.6-scenario-528,0.6,0.545229375,0.36129500000000003,0.545229375,16.156118371504974,1.289528191029208,0.710471808970792,1.0,0.0,1.0,0.0,10,0,10,0,10,8,10,10,0.2172456979751587,0.1730128104744653,,,,,,,,,,,0.38702562222102765,0.678877844591103
351,train-load-1.0-scenario-316-retry-3,1.0,0.9714285714285714,0.6666666666666666,0.9714285714285714,18.06078265598861,1.338192748968307,0.32847391769835965,0.9166666666666666,0.08333333333333333,0.875,0.125,11,1,14,2,16,7,12,11,0.4616093337535858,0.17214774642209296,,,,,,,,,,,0.38702562222102765,0.678877844591103
352,train-load-0.9-scenario-409,0.9,1.0,0.041666666666666664,1.0,-6.665884944289395,-2.2219616480964652,0.2219616480964652,0.0,1.0,0.0,1.0,0,8,0,8,8,8,8,0,0.6479281187057495,0.1712870076899825,,,,,,,,,,,0.38702562222102765,0.678877844591103
353,train-load-0.9-scenario-149,0.9,0.84444275,0.6918114583333334,0.84444275,6.134050399650136,0.24194135329150002,0.6152015038513572,0.7142857142857143,0.2857142857142857,0.625,0.375,5,2,5,3,8,4,7,5,0.7264958024024963,0.17043057265153258,,,,,,,,,,,0.38702562222102765,0.678877844591103
354,train-load-0.7-scenario-271,0.7,0.7571428571428571,0.37142857142857144,0.7571428571428571,10.43478059212038,0.8904249618997615,0.6095750381002385,0.875,0.125,0.875,0.125,7,1,7,1,8,7,8,7,0.4283399283885956,0.16957841978827493,,,,,,,,,,,0.38702562222102765,0.678877844591103
355,train-load-0.8-scenario-557,0.8,0.9,0.6,0.9,7.081553763302159,0.23118945341915775,0.4354772132475088,0.6666666666666666,0.3333333333333333,0.6666666666666666,0.3333333333333333,6,3,6,3,9,6,9,6,0.5781341791152954,0.16873052768933355,,,,,,,,,,,0.38702562222102765,0.678877844591103
356,train-load-1.0-scenario-210,1.0,0.9018123333333333,0.7344491666666666,0.9018123333333333,7.441280561902243,-0.10819130103326524,0.7748579676999319,0.6666666666666666,0.3333333333333333,0.6153846153846154,0.38461538461538464,8,4,8,5,13,6,12,8,0.33191102743148804,0.1678868750508869,,,,,,,,,,,0.38702562222102765,0.678877844591103
357,train-load-1.0-scenario-240-retry-6,1.0,1.1,1.1,0.6875,10.922589227954074,0.5679240712366767,0.3411668378542325,0.7272727272727273,0.2727272727272727,0.7272727272727273,0.2727272727272727,8,3,8,3,11,4,11,8,0.5435283184051514,0.16704744067563246,,,,,,,,,,,0.38702562222102765,0.678877844591103
358,train-load-1.0-scenario-148-retry-4,1.0,0.95625,0.5875,0.95625,7.849572882704173,-0.08482670540613413,0.5463651669445957,0.6153846153846154,0.38461538461538464,0.6153846153846154,0.38461538461538464,8,5,8,5,13,8,13,8,0.6134598255157471,0.1662122034722543,,,,,,,,,,,0.38702562222102765,0.678877844591103
359,train-load-0.7-scenario-279-retry-9,0.7,0.8125,0.3958333333333333,0.8125,8.967298010897526,0.2548934614742795,0.6541974476166297,0.7272727272727273,0.2727272727272727,0.7272727272727273,0.2727272727272727,8,3,8,3,11,8,11,8,0.6382100582122803,0.16538114245489302,,,,,,,,,,,0.38702562222102765,0.678877844591103
360,train-load-0.6-scenario-304,0.6,0.6333333333333333,0.3888888888888889,0.6333333333333333,14.438289277651688,1.4621542571983126,0.5378457428016874,1.0,0.0,1.0,0.0,8,0,8,0,8,6,8,8,0.5188062787055969,0.16455423674261854,,,,,,,,,,,0.38702562222102765,0.678877844591103
361,train-hard-4gpu-4pod-1vgpu,0.25,0.25,0.16666666666666666,0.25,11.544497883017963,1.9166666666666665,0.08333333333333337,1.0,0.0,1.0,0.0,4,0,4,0,4,4,4,4,0.24143359065055847,0.16373146555890544,,,,,,,,,,,0.38702562222102765,0.678877844591103
362,train-load-0.8-scenario-329-retry-1,0.8,0.9,0.9,0.3,6.37487386271273,0.09155128987542416,0.5751153767912425,0.6666666666666666,0.3333333333333333,0.6666666666666666,0.3333333333333333,6,3,6,3,9,6,9,6,0.4382043480873108,0.16291280823111093,,,,,,,,,,,0.38702562222102765,0.678877844591103
363,train-load-0.9-scenario-109-retry-4,0.9,0.9928571428571429,0.6904761904761905,0.9928571428571429,12.334568827537181,0.6913306973963042,0.5813965753309687,0.8181818181818182,0.18181818181818182,0.7142857142857143,0.2857142857142857,9,2,10,4,14,7,11,9,0.542592465877533,0.16209824418995536,,,,,,,,,,,0.38702562222102765,0.678877844591103
364,train-load-0.7-scenario-223,0.7,0.6751004285714285,0.41146142857142853,0.6751004285714285,15.513072681282974,1.2522311136689617,0.7477688863310383,1.0,0.0,1.0,0.0,10,0,10,0,10,7,10,10,0.5436156392097473,0.16128775296900558,,,,,,,,,,,0.38702562222102765,0.678877844591103
365,train-load-1.0-scenario-263-retry-4,1.0,1.0833333333333333,0.3333333333333333,1.0833333333333333,3.6085468925383832,-0.4919959894659004,0.6738141712840822,0.5454545454545454,0.45454545454545453,0.5454545454545454,0.45454545454545453,6,5,6,5,11,6,11,6,0.15193337202072144,0.16048131420416054,,,,,,,,,,,0.38702562222102765,0.678877844591103
366,train-load-0.8-scenario-644,0.8,0.8340299999999999,0.8340299999999999,0.7193407999999999,7.471462370046842,0.1060040265987724,1.0939959734012277,0.8,0.2,0.7272727272727273,0.2727272727272727,8,2,8,3,11,5,10,8,0.40717530250549316,0.15967890763313974,,,,,,,,,,,0.38702562222102765,0.678877844591103
367,train-load-0.7-scenario-168,0.7,0.6067262857142857,0.33568535714285713,0.6067262857142857,13.9404451924013,1.3605029559663921,0.639497044033608,1.0,0.0,1.0,0.0,8,0,8,0,8,7,8,8,0.9274994730949402,0.15888051309497406,,,,,,,,,,,0.38702562222102765,0.678877844591103
368,train-load-0.5-scenario-98,0.5,0.4375,0.175,0.4375,21.89704028963982,1.3466331923176553,0.6533668076823447,1.0,0.0,1.0,0.0,14,0,14,0,14,8,14,14,0.707650899887085,0.1580861105294992,,,,,,,,,,,0.38702562222102765,0.678877844591103
369,train-load-0.8-scenario-83-retry-4,0.8,0.90625,0.4791666666666667,0.90625,2.1914218080356296,-0.7509141108502366,0.5690959290320549,0.45454545454545453,0.5454545454545454,0.45454545454545453,0.5454545454545454,5,6,5,6,11,8,11,5,0.48388469219207764,0.1572956799768517,,,,,,,,,,,0.38702562222102765,0.678877844591103
370,train-load-0.7-scenario-441-retry-3,0.7,0.8125,0.5,0.8125,15.377100063284136,1.2420008282349215,0.35799917176507856,0.9,0.1,0.9,0.1,9,1,9,1,10,4,10,9,0.42059630155563354,0.15650920157696743,,,,,,,,,,,0.38702562222102765,0.678877844591103
371,train-load-0.9-scenario-233-retry-3,0.9,1.02,1.02,0.75,14.537827919351745,0.5293304993361082,0.40400283399722503,0.7333333333333333,0.26666666666666666,0.7333333333333333,0.26666666666666666,11,4,11,4,15,5,15,11,0.5903232097625732,0.1557266555690826,,,,,,,,,,,0.38702562222102765,0.678877844591103
372,train-load-0.6-scenario-141,0.6,0.5,0.0625,0.5,21.04120626456836,1.0780010396007909,0.9219989603992091,1.0,0.0,1.0,0.0,15,0,15,0,15,6,15,15,0.527099609375,0.1549480222912372,,,,,,,,,,,0.38702562222102765,0.678877844591103
373,train-load-0.6-scenario-654,0.6,0.7142857142857143,0.7142857142857143,0.35714285714285715,9.159296047145867,0.3948481692755016,0.40515183072449834,0.7,0.3,0.7,0.3,7,3,7,3,10,7,10,7,0.32537537813186646,0.15417328217978102,,,,,,,,,,,0.38702562222102765,0.678877844591103
374,train-load-0.7-scenario-2-retry-2,0.7,0.8,0.8,0.3,7.061083154032222,0.27136780440697517,0.7286321955930248,0.75,0.25,0.6666666666666666,0.3333333333333333,6,2,8,4,12,6,8,6,0.5152071714401245,0.1534024157688821,,,,,,,,,,,0.38702562222102765,0.678877844591103
375,train-load-0.6-scenario-245,0.6,0.72,0.36,0.72,9.152979109277105,0.5525442520134711,0.55856685909764,0.7777777777777778,0.2222222222222222,0.7777777777777778,0.2222222222222222,7,2,7,2,9,5,9,7,0.5122908353805542,0.1526354036900377,,,,,,,,,,,0.38702562222102765,0.678877844591103
376,train-load-0.9-scenario-443,0.9,0.8207178333333334,0.699384375,0.8207178333333334,9.17103238104409,0.3648763698128611,0.835123630187139,0.8,0.2,0.75,0.25,8,2,9,3,12,6,10,8,0.34645187854766846,0.1518722266715875,,,,,,,,,,,0.38702562222102765,0.678877844591103
377,train-load-1.0-scenario-453-retry-1,1.0,0.9292824999999999,0.7636525,0.9292824999999999,8.539259048912648,-0.06307395222350265,0.8323047214542718,0.6923076923076923,0.3076923076923077,0.6428571428571429,0.35714285714285715,9,4,9,5,14,6,13,9,0.324158251285553,0.15111286553822956,,,,,,,,,,,0.38702562222102765,0.678877844591103
378,train-load-0.5-scenario-264-retry-7,0.5,0.575,0.4375,0.575,15.27106507827677,1.5285655388453514,0.4714344611546486,1.0,0.0,1.0,0.0,8,0,8,0,8,4,8,8,0.4110128581523895,0.15035730121053842,,,,,,,,,,,0.38702562222102765,0.678877844591103
379,train-load-0.9-scenario-613,0.9,0.9285714285714286,0.6357142857142857,0.9285714285714286,7.462749282331707,-0.11399952980859862,0.7806661964752653,0.6666666666666666,0.3333333333333333,0.6666666666666666,0.3333333333333333,8,4,8,4,12,7,12,8,0.4677591919898987,0.14960551470448571,,,,,,,,,,,0.38702562222102765,0.678877844591103
380,train-load-0.8-scenario-408,0.8,0.685384,0.4880939285714286,0.685384,11.884110206024467,0.755490508837048,0.844509491162952,0.9,0.1,0.8181818181818182,0.18181818181818182,9,1,9,2,11,7,10,9,0.563431978225708,0.14885748713096328,,,,,,,,,,,0.38702562222102765,0.678877844591103
381,train-load-0.7-scenario-727,0.7,0.6434114583333332,0.6434114583333332,0.6320896666666667,15.175929746495466,1.0347422080702866,0.6016214282933496,0.9090909090909091,0.09090909090909091,0.9090909090909091,0.09090909090909091,10,1,10,1,11,6,11,10,0.2844679653644562,0.14811319969530845,,,,,,,,,,,0.38702562222102765,0.678877844591103
382,train-load-1.0-scenario-607-retry-11,1.0,1.08,1.08,0.85,1.7673320218787198,-0.8056089233274258,0.6237907415092441,0.45454545454545453,0.5454545454545454,0.45454545454545453,0.5454545454545454,5,6,5,6,11,5,11,5,0.41235673427581787,0.1473726336968319,,,,,,,,,,,0.38702562222102765,0.678877844591103
383,train-load-0.5-scenario-704-retry-5,0.5,0.42857142857142855,0.2857142857142857,0.42857142857142855,19.549605669982085,1.4204450343586572,0.5795549656413427,1.0,0.0,1.0,0.0,12,0,12,0,12,7,12,12,0.5532064437866211,0.14663577052834775,,,,,,,,,,,0.38702562222102765,0.678877844591103
384,train-load-0.5-scenario-40-retry-8,0.5,0.5625,0.225,0.5625,12.396950068287595,0.9994447006395833,0.556110854915972,0.8888888888888888,0.1111111111111111,0.8888888888888888,0.1111111111111111,8,1,8,1,9,8,9,8,0.25151556730270386,0.14590259167570602,,,,,,,,,,,0.38702562222102765,0.678877844591103
385,train-load-0.6-scenario-558,0.6,0.5597835999999999,0.41015583333333333,0.5597835999999999,12.032183050877755,1.4607121827570162,0.5392878172429838,1.0,0.0,1.0,0.0,6,0,6,0,6,5,6,6,0.4008856415748596,0.1451730787173275,,,,,,,,,,,0.38702562222102765,0.678877844591103
386,train-load-0.5-scenario-388,0.5,0.4398845,0.21012999999999998,0.4398845,10.987275594808882,1.3126513016231707,0.6873486983768293,1.0,0.0,1.0,0.0,6,0,6,0,6,8,6,6,0.37498098611831665,0.14444721332374086,,,,,,,,,,,0.38702562222102765,0.678877844591103
387,train-load-0.6-scenario-633,0.6,0.5258161458333334,0.5258161458333334,0.42663225,15.917580224932404,1.2596899428059467,0.7403100571940533,1.0,0.0,1.0,0.0,10,0,10,0,10,8,10,10,0.546669602394104,0.14372497725712216,,,,,,,,,,,0.38702562222102765,0.678877844591103
388,train-load-0.7-scenario-429-retry-3,0.7,0.6428571428571429,0.19285714285714287,0.6428571428571429,9.75899340201704,0.6538732337077351,0.45723787740337607,0.7777777777777778,0.2222222222222222,0.7777777777777778,0.2222222222222222,7,2,7,2,9,7,9,7,0.42295655608177185,0.14300635237083656,,,,,,,,,,,0.38702562222102765,0.678877844591103
389,train-load-0.9-scenario-348,0.9,0.8679851666666667,0.7912298611111112,0.8679851666666667,13.99276295531799,0.7385428649253634,0.5947904684079702,0.8333333333333334,0.16666666666666666,0.7333333333333333,0.26666666666666666,10,2,11,4,15,6,12,10,0.31355300545692444,0.14229132060898236,,,,,,,,,,,0.38702562222102765,0.678877844591103
390,train-load-0.5-scenario-351-retry-2,0.5,0.6,0.5,0.6,21.50510224683435,1.5044125557094838,0.49558744429051615,1.0,0.0,1.0,0.0,13,0,13,0,13,8,13,13,0.5828747749328613,0.14157986400593744,,,,,,,,,,,0.38702562222102765,0.678877844591103
391,train-load-0.7-scenario-244,0.7,0.8142857142857143,0.35714285714285715,0.8142857142857143,9.141871239598501,0.5499500663772501,0.5611610447338611,0.7777777777777778,0.2222222222222222,0.7777777777777778,0.2222222222222222,7,2,7,2,9,7,9,7,0.7090429067611694,0.14087196468590776,,,,,,,,,,,0.38702562222102765,0.678877844591103
392,train-hard-8gpu-16pod-1vgpu,0.5,0.5,0.3333333333333333,0.5,25.318596778239062,1.4724894150898171,0.5275105849101828,1.0,0.0,1.0,0.0,16,0,16,0,16,8,16,16,0.3345925211906433,0.14016760486247823,,,,,,,,,,,0.38702562222102765,0.678877844591103
393,train-load-1.0-scenario-604-retry-3,1.0,1.1,1.03125,1.1,8.410531968872318,0.17988559318038533,0.36556895227416003,0.6363636363636364,0.36363636363636365,0.6363636363636364,0.36363636363636365,7,4,7,4,11,4,11,7,0.5099407434463501,0.13946676683816583,,,,,,,,,,,0.38702562222102765,0.678877844591103
394,train-hard-4gpu-4pod-1vgpu,0.25,0.25,0.16666666666666666,0.25,11.544497883017963,1.9166666666666665,0.08333333333333337,1.0,0.0,1.0,0.0,4,0,4,0,4,4,4,4,0.5496672987937927,0.138769433003975,,,,,,,,,,,0.38702562222102765,0.678877844591103
395,train-load-0.6-scenario-705,0.6,0.6333333333333333,0.5555555555555556,0.6333333333333333,7.333440579967375,0.3279373589945458,0.6720626410054542,0.75,0.25,0.75,0.25,6,2,6,2,8,6,8,6,0.3900051712989807,0.13807558583895513,,,,,,,,,,,0.38702562222102765,0.678877844591103
396,train-load-0.7-scenario-494,0.7,0.7714285714285715,0.7714285714285715,0.5142857142857142,10.674537442873998,0.7632680911217746,0.34784301998933653,0.7777777777777778,0.2222222222222222,0.7777777777777778,0.2222222222222222,7,2,7,2,9,7,9,7,0.3162577450275421,0.13738520790976036,,,,,,,,,,,0.38702562222102765,0.678877844591103
397,train-load-0.9-scenario-427,0.9,0.7857142857142857,0.3142857142857143,0.7857142857142857,7.226055274292143,0.013570749734488574,0.5318837957200568,0.6363636363636364,0.36363636363636365,0.6363636363636364,0.36363636363636365,7,4,7,4,11,7,11,7,0.429400771856308,0.13669828187021155,,,,,,,,,,,0.38702562222102765,0.678877844591103
398,train-load-0.9-scenario-725-retry-2,0.9,1.0166666666666666,0.8333333333333334,1.0166666666666666,5.7757037360848535,-0.1807989842646548,0.3626171660828366,0.5454545454545454,0.45454545454545453,0.5454545454545454,0.45454545454545453,6,5,6,5,11,6,11,6,0.32235488295555115,0.13601479046086049,,,,,,,,,,,0.38702562222102765,0.678877844591103
399,train-load-0.6-scenario-412-retry-1,0.6,0.4875,0.4,0.4875,16.42662364495555,1.2757828506918494,0.7242171493081506,1.0,0.0,1.0,0.0,10,0,10,0,10,8,10,10,0.4068714380264282,0.1353347165085562,,,,,,,,,,,0.38702562222102765,0.678877844591103
400,train-load-0.6-scenario-341,0.6,0.6480859999999999,0.41711875,0.6480859999999999,7.646857734552808,1.3537075416347442,0.6462924583652558,1.0,0.0,1.0,0.0,3,0,6,0,6,4,3,3,0.6367785334587097,0.1346580429260134,0.34283136450032053,0.5554348703672465,0.7245665587168918,0.2754334412831082,0.7107184672819534,0.2892815327180465,0.620109486930313,0.6517928211684257,0.27738768552394455,0.686089065921268,0.38702562222102765,0.678877844591103
401,train-load-0.8-scenario-77,0.8,0.875,0.45,0.875,-0.06078537217965829,-1.0623603788478202,0.6623603788478202,0.4,0.6,0.4,0.6,4,6,4,6,10,8,10,4,0.6298027038574219,0.13398475271138335,,,,,,,,,,,0.38702562222102765,0.678877844591103
402,train-load-0.5-scenario-686,0.5,0.4690976785714286,0.4690976785714286,0.4367948571428571,11.871267369289018,1.4258510589321065,0.5741489410678934,1.0,0.0,1.0,0.0,6,0,9,0,9,7,6,6,0.26581671833992004,0.13331482894782642,,,,,,,,,,,0.38702562222102765,0.678877844591103
403,train-load-0.6-scenario-497-retry-5,0.6,0.5333333333333333,0.5333333333333333,0.5333333333333333,14.554500253235018,1.4249425020267132,0.5750574979732868,1.0,0.0,1.0,0.0,8,0,8,0,8,6,8,8,0.44139564037323,0.13264825480308728,,,,,,,,,,,0.38702562222102765,0.678877844591103
404,train-load-0.9-scenario-598,0.9,1.0,0.2,1.0,3.349346714883551,-0.24757701373748553,0.7475770137374855,0.625,0.375,0.625,0.375,5,3,5,3,8,5,8,5,0.5656075477600098,0.13198501352907185,,,,,,,,,,,0.38702562222102765,0.678877844591103
405,train-load-1.0-scenario-182,1.0,0.96,0.96,0.96,10.471218840946703,0.3988152992906592,0.2678513673760074,0.6666666666666666,0.3333333333333333,0.6666666666666666,0.3333333333333333,8,4,8,4,12,5,12,8,0.5594828128814697,0.1313250884614265,,,,,,,,,,,0.38702562222102765,0.678877844591103
406,train-load-0.7-scenario-190,0.7,0.625,0.10416666666666667,0.625,15.80335217294587,1.2967716991114953,0.7032283008885047,1.0,0.0,1.0,0.0,10,0,10,0,10,8,10,10,0.5693661570549011,0.13066846301911936,,,,,,,,,,,0.38702562222102765,0.678877844591103
407,train-load-0.8-scenario-585,0.8,0.7,0.7,0.7,19.509366544323427,0.8803757953957618,0.6196242046042382,0.875,0.125,0.875,0.125,14,2,14,2,16,8,16,14,0.2883622944355011,0.13001512070402377,,,,,,,,,,,0.38702562222102765,0.678877844591103
408,train-load-0.6-scenario-74,0.6,0.64,0.34,0.64,16.75945261375988,1.3523189018942667,0.6476810981057333,1.0,0.0,1.0,0.0,10,0,10,0,10,5,10,10,0.3906291723251343,0.12936504510050365,,,,,,,,,,,0.38702562222102765,0.678877844591103
409,train-load-0.8-scenario-1,0.8,0.7428571428571429,0.6190476190476191,0.7428571428571429,27.697835699813442,1.6909950965724483,0.3090049034275517,1.0,0.0,1.0,0.0,17,0,17,0,17,7,17,17,0.6158037185668945,0.12871821987500112,,,,,,,,,,,0.38702562222102765,0.678877844591103
410,train-load-0.5-scenario-732,0.5,0.451813,0.31026354166666664,0.451813,12.620387891271545,1.1393753793291945,0.8606246206708056,1.0,0.0,1.0,0.0,8,0,8,0,8,8,8,8,0.28482377529144287,0.12807462877562611,,,,,,,,,,,0.38702562222102765,0.678877844591103
411,train-load-0.5-scenario-288,0.5,0.4379836666666666,0.31962625,0.4379836666666666,9.400754181588876,1.230079915993801,0.769920084006199,1.0,0.0,1.0,0.0,5,0,6,0,6,6,5,5,0.8556841611862183,0.12743425563174798,,,,,,,,,,,0.38702562222102765,0.678877844591103
412,train-load-0.6-scenario-607,0.6,0.5625,0.525,0.5625,13.831954718374611,1.3628619359042808,0.6371380640957192,1.0,0.0,1.0,0.0,8,0,8,0,8,8,8,8,0.40832531452178955,0.12679708435358925,,,,,,,,,,,0.38702562222102765,0.678877844591103
413,train-load-0.7-scenario-676,0.7,0.646301,0.32054895833333336,0.646301,13.069502436217112,1.191777130190327,0.808222869809673,1.0,0.0,1.0,0.0,8,0,9,0,9,8,8,8,0.49121567606925964,0.1261630989318213,,,,,,,,,,,0.38702562222102765,0.678877844591103
414,train-load-0.9-scenario-637-retry-1,0.9,0.8666666666666667,0.8666666666666667,0.825,6.4652118322942265,-0.18241993917110122,0.7278744846256466,0.6363636363636364,0.36363636363636365,0.6363636363636364,0.36363636363636365,7,4,7,4,11,6,11,7,0.32653722167015076,0.1255322834371622,,,,,,,,,,,0.38702562222102765,0.678877844591103
415,train-load-0.7-scenario-592-retry-1,0.7,0.75,0.5375,0.75,17.565760902690073,1.0121245089774265,0.41644691959400193,0.8571428571428571,0.14285714285714285,0.8571428571428571,0.14285714285714285,12,2,12,2,14,8,14,12,0.37436169385910034,0.12490462201997637,,,,,,,,,,,0.38702562222102765,0.678877844591103
416,train-load-0.5-scenario-225,0.5,0.42544620000000005,0.3186475,0.42544620000000005,9.695009510297595,1.2692336556952515,0.7307663443047485,1.0,0.0,1.0,0.0,5,0,5,0,5,5,5,5,0.5918187499046326,0.1242800989098765,,,,,,,,,,,0.38702562222102765,0.678877844591103
417,train-load-1.0-scenario-579,1.0,0.88505975,0.6888395833333334,0.88505975,11.84048663174435,1.0530926300817343,0.44690736991826574,0.875,0.125,0.7777777777777778,0.2222222222222222,7,1,7,2,9,4,8,7,0.41159144043922424,0.12365869841532712,,,,,,,,,,,0.38702562222102765,0.678877844591103
418,train-load-1.0-scenario-397,1.0,0.9061668749999999,0.9061668749999999,0.89789025,5.634961166257121,-0.13367561736812772,0.5336756173681276,0.6,0.4,0.6,0.4,6,4,6,4,10,4,10,6,0.5022411346435547,0.12304040492325048,,,,,,,,,,,0.38702562222102765,0.678877844591103
419,train-load-0.7-scenario-488,0.7,0.6794291666666668,0.29680069444444446,0.6794291666666668,6.909204379447756,0.5814771168344874,0.751856216498846,0.8333333333333334,0.16666666666666666,0.75,0.25,5,1,6,2,8,6,6,5,0.48196762800216675,0.12242520289863423,,,,,,,,,,,0.38702562222102765,0.678877844591103
420,train-hard-4gpu-4pod-2vgpu,0.25,0.25,0.16666666666666666,0.25,11.616666666666667,1.9166666666666665,0.08333333333333337,1.0,0.0,1.0,0.0,4,0,8,0,8,4,4,4,0.6880512237548828,0.12181307688414106,,,,,,,,,,,0.38702562222102765,0.678877844591103
421,train-load-1.0-scenario-693-retry-13,1.0,1.0571428571428572,0.7619047619047619,1.0571428571428572,7.524488913212852,0.09703324847935757,0.7029667515206424,0.7,0.3,0.5384615384615384,0.46153846153846156,7,3,7,6,13,7,10,7,0.7679258584976196,0.12120401149972035,,,,,,,,,,,0.38702562222102765,0.678877844591103
422,train-load-0.9-scenario-168,0.9,0.8147347142857143,0.5378154761904762,0.8147347142857143,12.136309628300689,0.5287905331031522,0.8045428002301812,0.8333333333333334,0.16666666666666666,0.8461538461538461,0.15384615384615385,10,2,11,2,13,7,12,10,0.32791799306869507,0.12059799144222175,,,,,,,,,,,0.38702562222102765,0.678877844591103
423,train-load-0.9-scenario-556-retry-4,0.9,1.0,1.0,0.25,10.011201285129012,0.5797276638629898,0.6202723361370103,0.8,0.2,0.8,0.2,8,2,8,2,10,4,10,8,0.5398125648498535,0.11999500148501063,,,,,,,,,,,0.38702562222102765,0.678877844591103
424,train-load-0.5-scenario-700,0.5,0.4125,0.4125,0.275,34.02755574168832,1.5337747941106419,0.4662252058893582,1.0,0.0,1.0,0.0,22,0,22,0,22,8,22,22,0.5968385934829712,0.11939502647758558,,,,,,,,,,,0.38702562222102765,0.678877844591103
425,train-load-0.5-scenario-198-retry-4,0.5,0.5,0.4,0.5,15.395040951512945,1.5346541267460405,0.46534587325395943,1.0,0.0,1.0,0.0,8,0,16,0,16,8,8,8,0.6676316261291504,0.11879805134519765,,,,,,,,,,,0.38702562222102765,0.678877844591103
426,train-load-0.6-scenario-261,0.6,0.5,0.5,0.3,24.74536006336789,1.5561811222229993,0.4438188777770008,1.0,0.0,1.0,0.0,15,0,15,0,15,5,15,15,0.19411754608154297,0.11820406108847166,,,,,,,,,,,0.38702562222102765,0.678877844591103
427,train-load-0.9-scenario-505-retry-1,0.9,1.0,0.2,1.0,3.361981601925076,-0.6370598102394911,0.6370598102394911,0.5,0.5,0.5,0.5,6,6,6,6,12,6,12,6,0.393007755279541,0.1176130407830293,,,,,,,,,,,0.38702562222102765,0.678877844591103
428,train-load-0.7-scenario-77,0.7,0.604764,0.3942452380952381,0.604764,6.791730748800392,0.5420090550478185,0.7913242782855149,0.8333333333333334,0.16666666666666666,0.75,0.25,5,1,6,2,8,7,6,5,0.40194830298423767,0.11702497557911415,,,,,,,,,,,0.38702562222102765,0.678877844591103
429,train-load-0.9-scenario-633,0.9,0.8333333333333334,0.8333333333333334,0.5833333333333334,9.196469755431924,0.3326297791659226,0.8673702208340774,0.8,0.2,0.6923076923076923,0.3076923076923077,8,2,9,4,13,6,10,8,0.37778452038764954,0.11643985070121858,,,,,,,,,,,0.38702562222102765,0.678877844591103
430,train-load-0.5-scenario-449,0.5,0.4485845,0.31725755208333334,0.4485845,14.862641280542409,1.3064810821947503,0.6935189178052497,1.0,0.0,1.0,0.0,9,0,9,0,9,8,9,9,0.5005463361740112,0.11585765144771248,,,,,,,,,,,0.38702562222102765,0.678877844591103
431,train-load-0.6-scenario-325,0.6,0.5562588,0.38327399999999995,0.5562588,11.867799045866317,1.453110617432403,0.5468893825675968,1.0,0.0,1.0,0.0,6,0,6,0,6,5,6,6,0.43863749504089355,0.11527836319047392,,,,,,,,,,,0.38702562222102765,0.678877844591103
432,train-load-0.6-scenario-587-retry-1,0.6,0.7083333333333334,0.7083333333333334,0.55,13.638368446609906,1.0990818235762299,0.4564737319793257,0.8888888888888888,0.1111111111111111,0.8666666666666667,0.13333333333333333,8,1,13,2,15,6,9,8,0.613240659236908,0.11470197137452155,,,,,,,,,,,0.38702562222102765,0.678877844591103
433,train-load-1.0-scenario-147-retry-1,1.0,0.91378175,0.499979375,0.91378175,6.940526323092945,0.6058779399200311,0.7274553934133023,0.8333333333333334,0.16666666666666666,0.7142857142857143,0.2857142857142857,5,1,5,2,7,4,6,5,0.3382387161254883,0.11412846151764894,,,,,,,,,,,0.38702562222102765,0.678877844591103
434,train-load-1.0-scenario-458-retry-1,1.0,0.888342375,0.527634375,0.888342375,12.313961072107892,0.2509388920899652,0.682394441243368,0.7333333333333333,0.26666666666666666,0.7333333333333333,0.26666666666666666,11,4,11,4,15,8,15,11,0.5459863543510437,0.1135578192100607,,,,,,,,,,,0.38702562222102765,0.678877844591103
435,train-load-0.8-scenario-640-retry-2,0.8,0.8142857142857143,0.35714285714285715,0.8142857142857143,8.75292999699802,0.08951966908151454,0.9104803309184855,0.75,0.25,0.75,0.25,9,3,9,3,12,7,12,9,0.28515398502349854,0.11299003011401039,,,,,,,,,,,0.38702562222102765,0.678877844591103
436,train-load-0.5-scenario-636,0.5,0.46897,0.46897,0.4069496666666667,10.122160868335953,1.3594666747494084,0.6405333252505916,1.0,0.0,1.0,0.0,5,0,7,0,7,6,5,5,0.7741639614105225,0.11242507996344034,,,,,,,,,,,0.38702562222102765,0.678877844591103
437,train-load-0.9-scenario-167-retry-4,0.9,1.0,1.0,0.5,9.193108981925553,-0.07217603293755792,0.47217603293755783,0.6,0.4,0.6,0.4,9,6,9,6,15,6,15,9,0.32957881689071655,0.11186295456362313,,,,,,,,,,,0.38702562222102765,0.678877844591103
438,train-load-0.8-scenario-701,0.8,0.7666666666666667,0.38333333333333336,0.7666666666666667,34.45464958712999,1.5229499874172507,0.47705001258274926,1.0,0.0,1.0,0.0,23,0,23,0,23,6,23,23,0.2500617504119873,0.11130363979080501,,,,,,,,,,,0.38702562222102765,0.678877844591103
439,train-load-0.7-scenario-477,0.7,0.650636,0.38567078125,0.650636,15.589659552170263,1.221797902506962,0.7782020974930379,1.0,0.0,1.0,0.0,10,0,11,0,11,8,10,10,0.46782028675079346,0.11074712159185099,,,,,,,,,,,0.38702562222102765,0.678877844591103
440,train-load-0.8-scenario-595-retry-4,0.8,0.9166666666666666,0.9166666666666666,0.6875,11.251676206026733,0.5759120732955938,0.3331788357953154,0.7272727272727273,0.2727272727272727,0.7272727272727273,0.2727272727272727,8,3,16,6,22,8,11,8,0.29760342836380005,0.11019338598389174,,,,,,,,,,,0.38702562222102765,0.678877844591103
441,train-load-0.6-scenario-178,0.6,0.5874706,0.435475,0.5874706,12.219987331889751,1.2538094490532454,0.7461905509467546,1.0,0.0,1.0,0.0,7,0,7,0,7,5,7,7,0.45336687564849854,0.10964241905397228,,,,,,,,,,,0.38702562222102765,0.678877844591103
442,train-load-0.7-scenario-333,0.7,0.65717875,0.3211510416666667,0.65717875,8.445477388850062,1.3092865097041426,0.6907134902958575,1.0,0.0,1.0,0.0,4,0,5,0,5,4,4,4,0.3650677800178528,0.10909420695870241,,,,,,,,,,,0.38702562222102765,0.678877844591103
443,train-load-0.9-scenario-260-retry-2,0.9,0.9625,0.5833333333333334,0.9625,10.581861185677225,0.5341014112157234,0.3749894978751857,0.7272727272727273,0.2727272727272727,0.7272727272727273,0.2727272727272727,8,3,8,3,11,4,11,8,0.4117787480354309,0.1085487359239089,,,,,,,,,,,0.38702562222102765,0.678877844591103
444,train-load-1.0-scenario-535,1.0,1.0833333333333333,1.0833333333333333,1.0833333333333333,0.8547488472722624,-1.1377920818214011,0.7377920818214012,0.4,0.6,0.4,0.6,6,9,6,9,15,6,15,6,0.5415577292442322,0.10800599224428936,,,,,,,,,,,0.38702562222102765,0.678877844591103
445,train-load-1.0-scenario-679,1.0,0.9916666666666667,0.9916666666666667,0.9916666666666667,10.938209261177509,0.15069209897611036,0.7064507581667469,0.7142857142857143,0.2857142857142857,0.7142857142857143,0.2857142857142857,10,4,10,4,14,6,14,10,0.5243345499038696,0.10746596228306791,,,,,,,,,,,0.38702562222102765,0.678877844591103
446,train-load-0.5-scenario-629-retry-1,0.5,0.48343600000000003,0.27004812499999997,0.48343600000000003,7.008854064689238,1.264534161159351,0.735465838840649,1.0,0.0,1.0,0.0,3,0,4,0,4,4,3,3,0.30709993839263916,0.10692863247165257,,,,,,,,,,,0.38702562222102765,0.678877844591103
447,train-load-0.8-scenario-137,0.8,0.7919733999999999,0.32233449999999997,0.7919733999999999,3.189630477631229,-0.10999245700679683,0.7766591236734635,0.6666666666666666,0.3333333333333333,0.625,0.375,4,2,5,3,8,5,6,4,0.2113080620765686,0.1063939893092943,,,,,,,,,,,0.38702562222102765,0.678877844591103
448,train-load-0.8-scenario-289,0.8,0.71963575,0.6399207812500001,0.71963575,18.03640797851517,1.2640553322946915,0.40261133437197494,0.9166666666666666,0.08333333333333333,0.9285714285714286,0.07142857142857142,11,1,13,1,14,8,12,11,0.6538688540458679,0.10586201936274783,,,,,,,,,,,0.38702562222102765,0.678877844591103
449,train-load-0.5-scenario-320,0.5,0.5,0.3333333333333333,0.5,19.54258506412693,1.3609559764198025,0.6390440235801975,1.0,0.0,1.0,0.0,12,0,12,0,12,6,12,12,0.6274699568748474,0.10533270926593409,,,,,,,,,,,0.38702562222102765,0.678877844591103
450,train-load-0.8-scenario-115,0.8,0.68,0.5666666666666667,0.68,26.83594789393137,1.5612824790473914,0.4387175209526085,1.0,0.0,1.0,0.0,17,0,17,0,17,5,17,17,0.4386492371559143,0.10480604571960442,,,,,,,,,,,0.38702562222102765,0.678877844591103
451,train-load-0.8-scenario-739-retry-3,0.8,0.9,0.14,0.9,4.100868838099687,-0.23974441110609346,0.4619666333283158,0.5555555555555556,0.4444444444444444,0.5555555555555556,0.4444444444444444,5,4,5,4,9,5,9,5,0.7382998466491699,0.1042820154910064,,,,,,,,,,,0.38702562222102765,0.678877844591103
452,train-load-0.7-scenario-70-retry-3,0.7,0.75,0.45,0.75,17.71231803722,1.6532155448686843,0.34678445513131584,1.0,0.0,1.0,0.0,10,0,10,0,10,5,10,10,0.3841085433959961,0.10376060541355137,,,,,,,,,,,0.38702562222102765,0.678877844591103
453,train-load-0.6-scenario-59,0.6,0.604597,0.48125062500000004,0.604597,7.196672736598544,1.290711422609554,0.7092885773904459,1.0,0.0,1.0,0.0,3,0,5,0,5,4,3,3,0.5337012410163879,0.1032418023864836,,,,,,,,,,,0.38702562222102765,0.678877844591103
454,train-load-1.0-scenario-62,1.0,0.9410761999999999,0.482916,0.9410761999999999,6.590090918207554,0.24120823758058774,0.7587917624194123,0.75,0.25,0.6666666666666666,0.3333333333333333,6,2,6,3,9,5,8,6,0.38906705379486084,0.10272559337455119,,,,,,,,,,,0.38702562222102765,0.678877844591103
455,train-load-1.0-scenario-490,1.0,1.0,1.0,0.9285714285714286,12.91939004559791,0.9150939715547745,0.2849060284452255,0.8,0.2,0.7333333333333333,0.26666666666666666,8,2,11,4,15,7,10,8,0.4526422321796417,0.10221196540767843,,,,,,,,,,,0.38702562222102765,0.678877844591103
456,train-load-0.7-scenario-499,0.7,0.666509,0.5092708333333333,0.666509,9.29171317547761,0.8045270847185079,0.6240443438529206,0.8571428571428571,0.14285714285714285,0.7777777777777778,0.2222222222222222,6,1,7,2,9,6,7,6,0.4954659044742584,0.10170090558064004,,,,,,,,,,,0.38702562222102765,0.678877844591103
457,train-load-0.8-scenario-286-retry-2,0.8,0.9166666666666666,0.9166666666666666,0.3,8.577932682366692,0.1906867595216668,0.7184041495692424,0.7272727272727273,0.2727272727272727,0.7272727272727273,0.2727272727272727,8,3,8,3,11,8,11,8,0.2214113026857376,0.10119240105273684,,,,,,,,,,,0.38702562222102765,0.678877844591103
458,train-load-0.8-scenario-324-retry-2,0.8,0.875,0.6125,0.875,3.2557924789931922,-0.7129442354173997,1.046277568750733,0.5833333333333334,0.4166666666666667,0.5833333333333334,0.4166666666666667,7,5,7,5,12,8,12,7,0.6062477231025696,0.10068643904747315,,,,,,,,,,,0.38702562222102765,0.678877844591103
459,train-load-0.8-scenario-531-retry-1,0.8,0.8958333333333334,0.8958333333333334,0.775,8.613086751643898,0.18069277642274773,0.7283981326681614,0.7272727272727273,0.2727272727272727,0.6,0.4,8,3,9,6,15,8,11,8,0.4744861125946045,0.10018300685223579,,,,,,,,,,,0.38702562222102765,0.678877844591103
460,train-load-0.5-scenario-430-retry-3,0.5,0.45,0.40625,0.45,10.30164857445769,0.7791738374785138,0.7208261625214862,0.875,0.125,0.875,0.125,7,1,7,1,8,8,8,7,0.42767396569252014,0.0996820918179746,,,,,,,,,,,0.38702562222102765,0.678877844591103
461,train-load-1.0-scenario-329-retry-2,1.0,1.1125,1.0,1.1125,1.9884877641863918,-0.5892946806607008,0.36707245843847847,0.4444444444444444,0.5555555555555556,0.4444444444444444,0.5555555555555556,4,5,4,5,9,4,9,4,0.4643011689186096,0.09918368135888474,,,,,,,,,,,0.38702562222102765,0.678877844591103
462,train-load-1.0-scenario-258,1.0,0.96690425,0.4234791666666667,0.96690425,6.444357424746172,0.5165005581986244,0.816832775134709,0.8333333333333334,0.16666666666666666,0.7142857142857143,0.2857142857142857,5,1,5,2,7,4,6,5,0.21362975239753723,0.09868776295209031,,,,,,,,,,,0.38702562222102765,0.678877844591103
463,train-load-1.0-scenario-96-retry-4,1.0,1.1166666666666667,0.9861111111111112,1.1166666666666667,7.556437323239534,-0.3531930928201875,0.7531930928201874,0.6,0.4,0.6,0.4,9,6,9,6,15,6,15,9,0.48039481043815613,0.09819432413732986,,,,,,,,,,,0.38702562222102765,0.678877844591103
464,train-load-0.8-scenario-449,0.8,0.8888888888888888,0.8888888888888888,0.5333333333333333,4.7355439400771155,-0.11073200822839513,0.6107320082283951,0.625,0.375,0.625,0.375,5,3,5,3,8,6,8,5,0.505668580532074,0.09770335251664321,,,,,,,,,,,0.38702562222102765,0.678877844591103
465,train-load-0.5-scenario-530,0.5,0.43794675,0.350445,0.43794675,10.552514286915738,1.4629580583425954,0.5370419416574046,1.0,0.0,1.0,0.0,5,0,5,0,5,4,5,5,0.2517396807670593,0.09721483575406,,,,,,,,,,,0.38702562222102765,0.678877844591103
466,train-load-0.7-scenario-719,0.7,0.7833333333333333,0.7833333333333333,0.7333333333333333,14.157659650466078,0.8500510666898384,0.48328226664349494,0.8333333333333334,0.16666666666666666,0.8333333333333334,0.16666666666666666,10,2,10,2,12,6,12,10,0.3749144375324249,0.09672876157528969,,,,,,,,,,,0.38702562222102765,0.678877844591103
467,train-load-0.8-scenario-748,0.8,0.6809388571428572,0.47026232142857144,0.6809388571428572,16.512222568792403,1.3720789652827319,0.6279210347172681,1.0,0.0,1.0,0.0,10,0,11,0,11,7,10,10,0.5594800114631653,0.09624511776741324,,,,,,,,,,,0.38702562222102765,0.678877844591103
468,train-load-0.6-scenario-256,0.6,0.5188674,0.39761,0.5188674,7.937478215263642,1.2081386441064705,0.7918613558935295,1.0,0.0,1.0,0.0,4,0,6,0,6,5,4,4,0.5149593353271484,0.09576389217857617,,,,,,,,,,,0.38702562222102765,0.678877844591103
469,train-load-0.7-scenario-253-retry-3,0.7,0.74,0.48333333333333334,0.74,6.150559725980652,0.18663868902026337,0.8133613109797366,0.75,0.25,0.75,0.25,6,2,6,2,8,5,8,6,0.29535621404647827,0.09528507271768329,,,,,,,,,,,0.38702562222102765,0.678877844591103
470,train-load-0.5-scenario-135,0.5,0.43057187499999994,0.43057187499999994,0.4135185,11.316735365405487,1.5450814144007214,0.4549185855992785,1.0,0.0,1.0,0.0,5,0,5,0,5,4,5,5,0.5962153673171997,0.09480864735409487,,,,,,,,,,,0.38702562222102765,0.678877844591103
471,train-load-0.8-scenario-584-retry-1,0.8,0.875,0.875,0.875,11.700814900259685,0.6746963672570615,0.5253036327429387,0.8,0.2,0.7333333333333333,0.26666666666666666,8,2,11,4,15,8,10,8,0.40320324897766113,0.0943346041173244,,,,,,,,,,,0.38702562222102765,0.678877844591103
472,train-load-0.7-scenario-560,0.7,0.61105325,0.5742215625,0.61105325,20.90592872799003,1.2783902930847293,0.7216097069152708,1.0,0.0,1.0,0.0,14,0,14,0,14,8,14,14,0.7121008038520813,0.09386293109673778,,,,,,,,,,,0.38702562222102765,0.678877844591103
473,train-load-0.9-scenario-733,0.9,0.8013057142857143,0.7155392857142857,0.8013057142857143,11.839377603364017,0.4676764571330349,0.8656568762002985,0.8333333333333334,0.16666666666666666,0.7142857142857143,0.2857142857142857,10,2,10,4,14,7,12,10,0.46770066022872925,0.09339361644125409,,,,,,,,,,,0.38702562222102765,0.678877844591103
474,train-load-0.5-scenario-283,0.5,0.478465,0.3687567857142857,0.478465,12.246866046190757,1.2838886123044078,0.7161113876955921,1.0,0.0,1.0,0.0,7,0,9,0,9,7,7,7,0.8262087106704712,0.09292664835904782,,,,,,,,,,,0.38702562222102765,0.678877844591103
475,train-load-0.5-scenario-356,0.5,0.46387942857142855,0.3833067857142857,0.46387942857142855,13.67957780035799,1.2884256855295968,0.7115743144704031,1.0,0.0,1.0,0.0,8,0,9,0,9,7,8,8,0.7285182476043701,0.09246201511725258,,,,,,,,,,,0.38702562222102765,0.678877844591103
476,train-load-0.9-scenario-476,0.9,0.79301,0.4212020833333333,0.79301,7.984793510724862,0.7066258326156682,0.6267075007176652,0.8333333333333334,0.16666666666666666,0.75,0.25,5,1,6,2,8,5,6,5,0.5630707144737244,0.09199970504166631,,,,,,,,,,,0.38702562222102765,0.678877844591103
477,train-load-0.8-scenario-493,0.8,0.8928571428571429,0.3,0.8928571428571429,11.943378951357749,0.44546614600610346,0.6314569309169735,0.7692307692307693,0.23076923076923078,0.7692307692307693,0.23076923076923078,10,3,10,3,13,7,13,10,0.4192562699317932,0.09153970651645797,,,,,,,,,,,0.38702562222102765,0.678877844591103
478,train-load-0.9-scenario-161,0.9,0.8202572,0.6943858333333334,0.8202572,9.749128608322886,0.6017125018188583,0.509398609292253,0.7777777777777778,0.2222222222222222,0.8,0.2,7,2,8,2,10,5,9,7,0.4185622036457062,0.09108200798387568,,,,,,,,,,,0.38702562222102765,0.678877844591103
479,train-load-0.9-scenario-287-retry-3,0.9,0.8142857142857143,0.8142857142857143,0.42857142857142855,9.133579683093387,0.21929464504451068,0.44737202162215595,0.6666666666666666,0.3333333333333333,0.6666666666666666,0.3333333333333333,8,4,8,4,12,7,12,8,0.3942926526069641,0.0906265979439563,,,,,,,,,,,0.38702562222102765,0.678877844591103
480,train-load-0.5-scenario-695,0.5,0.5000651666666667,0.20229826388888889,0.5000651666666667,9.140761127064604,1.182638460455699,0.817361539544301,1.0,0.0,1.0,0.0,5,0,5,0,5,6,5,5,0.9118350744247437,0.09017346495423652,,,,,,,,,,,0.38702562222102765,0.678877844591103
481,train-load-0.7-scenario-621,0.7,0.619727857142857,0.4708005952380952,0.619727857142857,13.966045895771206,1.3511560330476495,0.6488439669523506,1.0,0.0,1.0,0.0,8,0,10,0,10,7,8,8,0.5366177558898926,0.08972259762946533,,,,,,,,,,,0.38702562222102765,0.678877844591103
482,train-load-0.9-scenario-282-retry-1,0.9,0.92,0.5333333333333333,0.92,5.777001302708299,-0.11371807738191975,0.5137180773819197,0.6,0.4,0.6,0.4,6,4,6,4,10,5,10,6,0.7091619372367859,0.089273984641318,,,,,,,,,,,0.38702562222102765,0.678877844591103
483,train-load-0.9-scenario-650-retry-1,0.9,1.0,1.0,0.8,3.4518235556494155,-0.2678616512009484,0.26786165120094846,0.5,0.5,0.5,0.5,4,4,4,4,8,4,8,4,0.3016894459724426,0.0888276147181114,,,,,,,,,,,0.38702562222102765,0.678877844591103
484,train-load-1.0-scenario-283,1.0,0.9294793333333333,0.6595816666666666,0.9294793333333333,10.194368060149365,0.3476609127202941,0.6523390872797059,0.75,0.25,0.75,0.25,9,3,9,3,12,6,12,9,0.3597189784049988,0.08838347664452084,,,,,,,,,,,0.38702562222102765,0.678877844591103
485,train-load-0.6-scenario-327,0.6,0.5359026041666667,0.5359026041666667,0.479666,12.264790744949778,1.4511286362926483,0.5488713637073517,1.0,0.0,1.0,0.0,6,0,6,0,6,4,6,6,0.526099443435669,0.08794155926129824,,,,,,,,,,,0.38702562222102765,0.678877844591103
486,train-load-0.7-scenario-699,0.7,0.6430224000000001,0.41642375,0.6430224000000001,6.135588846801852,0.6013333788704515,0.5986666211295486,0.8,0.2,0.7142857142857143,0.2857142857142857,4,1,5,2,7,5,5,4,0.23556669056415558,0.08750185146499175,,,,,,,,,,,0.38702562222102765,0.678877844591103
487,train-load-0.9-scenario-658,0.9,1.0,1.0,0.5,7.91844208176966,0.23234283054624905,0.5676571694537509,0.7,0.3,0.7,0.3,7,3,7,3,10,4,10,7,0.5086861252784729,0.08706434220766679,,,,,,,,,,,0.38702562222102765,0.678877844591103
488,train-load-0.8-scenario-220,0.8,0.6854264999999999,0.4294395833333333,0.6854264999999999,18.931356117781903,1.3227276835613324,0.6772723164386676,1.0,0.0,1.0,0.0,12,0,12,0,12,8,12,12,0.44493985176086426,0.08662902049662846,,,,,,,,,,,0.38702562222102765,0.678877844591103
489,train-load-0.8-scenario-375,0.8,0.92,0.7666666666666667,0.92,8.21036937359845,0.18708580644028105,0.35836873901426436,0.6363636363636364,0.36363636363636365,0.6363636363636364,0.36363636363636365,7,4,7,4,11,5,11,7,0.4922444224357605,0.08619587539414532,,,,,,,,,,,0.38702562222102765,0.678877844591103
490,train-load-0.5-scenario-15,0.5,0.4492542857142857,0.4492542857142857,0.3574835714285714,12.612820743028342,1.3324596456195543,0.6675403543804457,1.0,0.0,1.0,0.0,7,0,8,0,8,7,7,7,0.21775998175144196,0.08576489601717459,,,,,,,,,,,0.38702562222102765,0.678877844591103
491,train-load-0.9-scenario-738,0.9,0.8161596249999999,0.7511084375,0.8161596249999999,16.76629069607278,0.8812176833249404,0.5473537452464882,0.8571428571428571,0.14285714285714285,0.8235294117647058,0.17647058823529413,12,2,14,3,17,8,14,12,0.23887790739536285,0.08533607153708872,,,,,,,,,,,0.38702562222102765,0.678877844591103
492,train-load-0.5-scenario-247,0.5,0.45740519999999996,0.21215150000000002,0.45740519999999996,8.579219656469096,1.2977660485365536,0.7022339514634462,1.0,0.0,1.0,0.0,4,0,4,0,4,5,4,4,0.2710902988910675,0.08490939117940327,,,,,,,,,,,0.38702562222102765,0.678877844591103
493,train-load-0.7-scenario-568,0.7,0.6666666666666666,0.3333333333333333,0.6666666666666666,13.895439597909387,1.0665159513724423,0.5334840486275577,0.9,0.1,0.9,0.1,9,1,9,1,10,6,10,9,0.2803068459033966,0.08448484422350626,,,,,,,,,,,0.38702562222102765,0.678877844591103
494,train-load-0.6-scenario-482,0.6,0.5,0.3,0.5,29.624371559254875,1.3541071240511278,0.6458928759488722,1.0,0.0,1.0,0.0,20,0,20,0,20,8,20,20,0.5483874082565308,0.08406242000238873,,,,,,,,,,,0.38702562222102765,0.678877844591103
495,train-load-0.7-scenario-193-retry-2,0.7,0.7285714285714285,0.5714285714285714,0.7285714285714285,12.576482921076167,0.9289688471543006,0.6265867084012549,0.8888888888888888,0.1111111111111111,0.8333333333333334,0.16666666666666666,8,1,10,2,12,7,9,8,0.7252742052078247,0.08364210790237678,,,,,,,,,,,0.38702562222102765,0.678877844591103
496,train-load-0.8-scenario-672-retry-2,0.8,0.825,0.22916666666666666,0.825,9.121981094345413,0.2737822340112137,0.6353086750796955,0.7272727272727273,0.2727272727272727,0.7272727272727273,0.2727272727272727,8,3,8,3,11,8,11,8,0.3283277750015259,0.0832238973628649,,,,,,,,,,,0.38702562222102765,0.678877844591103
497,train-load-0.6-scenario-122-retry-1,0.6,0.66,0.66,0.48,7.501229850954394,0.1846716872360683,0.9264394238750429,0.7777777777777778,0.2222222222222222,0.7777777777777778,0.2222222222222222,7,2,7,2,9,5,9,7,0.39441803097724915,0.08280777787605056,,,,,,,,,,,0.38702562222102765,0.678877844591103
498,train-load-0.8-scenario-224-retry-2,0.8,0.9,0.9,0.75,10.390402881051171,0.4280010728542968,0.23866559381236996,0.6666666666666666,0.3333333333333333,0.6666666666666666,0.3333333333333333,8,4,8,4,12,8,12,8,0.35240769386291504,0.08239373898667031,,,,,,,,,,,0.38702562222102765,0.678877844591103
499,train-load-1.0-scenario-215-retry-1,1.0,0.9142857142857143,0.9142857142857143,0.5714285714285714,8.197191869727092,0.5045296830876718,0.4954703169123282,0.75,0.25,0.75,0.25,6,2,12,4,16,7,8,6,0.5622377991676331,0.08198177029173696,,,,,,,,,,,0.38702562222102765,0.678877844591103
500,train-load-0.8-scenario-13,0.8,0.8132244000000001,0.4440455,0.8132244000000001,5.682948451029092,0.519230854991458,0.680769145008542,0.8,0.2,0.7142857142857143,0.2857142857142857,4,1,5,2,7,5,5,4,0.3573751151561737,0.08157186144027828,0.3466464589012337,0.541826813271031,0.7221183180430661,0.27788168195693386,0.7071072166595805,0.2928927833404193,0.6319859332145468,0.6685561928478579,0.27523357987707425,0.699096662171853,0.38702562222102765,0.678877844591103
501,train-load-0.7-scenario-732,0.7,0.6252006666666667,0.5575506944444445,0.6252006666666667,10.44956221831151,0.8367678682564195,0.6632321317435805,0.875,0.125,0.7777777777777778,0.2222222222222222,7,1,7,2,9,6,8,7,0.623078465461731,0.0811640021330769,,,,,,,,,,,0.38702562222102765,0.678877844591103
502,train-load-0.7-scenario-733-retry-2,0.7,0.8,0.8,0.4,13.30719576217031,0.8977852064875771,0.702214793512423,0.9,0.1,0.8333333333333334,0.16666666666666666,9,1,10,2,12,7,10,9,0.23637141287326813,0.08075818212241151,,,,,,,,,,,0.38702562222102765,0.678877844591103
503,train-load-0.5-scenario-82-retry-2,0.5,0.5428571428571428,0.2857142857142857,0.5428571428571428,17.795739858916107,1.2242067257187295,0.7757932742812705,1.0,0.0,1.0,0.0,12,0,12,0,12,7,12,12,0.5609908699989319,0.08035439121179945,,,,,,,,,,,0.38702562222102765,0.678877844591103
504,train-load-0.9-scenario-28-retry-2,0.9,1.0,0.2,1.0,0.38077665144273487,-0.8061005994497239,0.8061005994497239,0.5,0.5,0.5,0.5,4,4,4,4,8,6,8,4,0.5175711512565613,0.07995261925574046,,,,,,,,,,,0.38702562222102765,0.678877844591103
505,train-load-0.9-scenario-209,0.9,0.7971996875,0.7971996875,0.788597625,16.444940975784924,0.6060540055355146,0.6439459944644854,0.8125,0.1875,0.7222222222222222,0.2777777777777778,13,3,13,5,18,8,16,13,0.3795046806335449,0.07955285615946175,,,,,,,,,,,0.38702562222102765,0.678877844591103
506,train-load-0.7-scenario-350,0.7,0.7,0.7,0.51875,6.937338572902015,0.006230986549906059,0.7937690134500939,0.7,0.3,0.6923076923076923,0.3076923076923077,7,3,9,4,13,8,10,7,0.5839698910713196,0.07915509187866444,,,,,,,,,,,0.38702562222102765,0.678877844591103
507,train-load-0.8-scenario-562,0.8,0.7067021250000001,0.35164453125,0.7067021250000001,9.59583503835276,0.7095534919045972,0.7904465080954028,0.875,0.125,0.8,0.2,7,1,8,2,10,8,8,7,0.5040101408958435,0.07875931641927113,,,,,,,,,,,0.38702562222102765,0.678877844591103
508,train-hard-8gpu-16pod-1vgpu,0.5,0.5,0.3333333333333333,0.5,26.134048488649597,1.625,0.375,1.0,0.0,1.0,0.0,16,0,16,0,16,8,16,16,0.5232788324356079,0.07836551983717477,,,,,,,,,,,0.38702562222102765,0.678877844591103
509,train-load-0.8-scenario-566,0.8,0.6890491428571428,0.5093464285714285,0.6890491428571428,17.273140511377804,1.4914078610973673,0.5085921389026327,1.0,0.0,1.0,0.0,10,0,11,0,11,7,10,10,0.4484795928001404,0.07797369223798889,,,,,,,,,,,0.38702562222102765,0.678877844591103
510,train-load-0.5-scenario-487,0.5,0.44750959999999995,0.356309,0.44750959999999995,9.683236298926266,1.2794219056365588,0.7205780943634412,1.0,0.0,1.0,0.0,5,0,5,0,5,5,5,5,0.27356308698654175,0.07758382377679894,,,,,,,,,,,0.38702562222102765,0.678877844591103
511,train-load-0.5-scenario-622-retry-1,0.5,0.6,0.6,0.40714285714285714,21.495324451086823,1.4560596757820887,0.5439403242179113,1.0,0.0,1.0,0.0,13,0,13,0,13,7,13,13,0.5270097255706787,0.07719590465791494,,,,,,,,,,,0.38702562222102765,0.678877844591103
512,train-load-0.7-scenario-287-retry-7,0.7,0.64,0.64,0.32,26.239012200270707,1.6101895866606124,0.38981041333938765,1.0,0.0,1.0,0.0,16,0,16,0,16,5,16,16,0.4044252932071686,0.07680992513462537,,,,,,,,,,,0.38702562222102765,0.678877844591103
513,train-load-0.5-scenario-595,0.5,0.6,0.6,0.3375,20.074189352468913,1.4671407154017833,0.5328592845982167,1.0,0.0,1.0,0.0,12,0,12,0,12,8,12,12,0.4653729796409607,0.07642587550895225,,,,,,,,,,,0.38702562222102765,0.678877844591103
514,train-load-0.9-scenario-375-retry-5,0.9,0.96,0.96,0.76,4.1803464046955074,-0.1633912196053927,0.6633912196053927,0.625,0.375,0.5,0.5,5,3,5,5,10,5,8,5,0.674339234828949,0.07604374613140748,,,,,,,,,,,0.38702562222102765,0.678877844591103
515,train-load-1.0-scenario-93,1.0,0.88,0.7333333333333333,0.88,27.59802733161018,1.213024773345387,0.24152068120006775,0.8636363636363636,0.13636363636363635,0.8636363636363636,0.13636363636363635,19,3,19,3,22,5,22,19,0.518179714679718,0.07566352740075044,,,,,,,,,,,0.38702562222102765,0.678877844591103
516,train-load-0.6-scenario-669,0.6,0.5626026249999999,0.42194140625,0.5626026249999999,15.375467510971124,1.0464640563159078,0.5898995800477285,0.9090909090909091,0.09090909090909091,0.9090909090909091,0.09090909090909091,10,1,10,1,11,8,11,10,0.3530278205871582,0.07528520976374668,,,,,,,,,,,0.38702562222102765,0.678877844591103
517,train-load-0.9-scenario-338-retry-4,0.9,0.8333333333333334,0.6666666666666666,0.8333333333333334,6.726295048895704,0.06152140812905604,0.33847859187094387,0.6,0.4,0.6,0.4,6,4,6,4,10,6,10,6,0.30379718542099,0.07490878371492794,,,,,,,,,,,0.38702562222102765,0.678877844591103
518,train-load-0.5-scenario-166,0.5,0.5714285714285714,0.5714285714285714,0.4857142857142857,10.37451210506076,0.8190354625969696,0.6809645374030304,0.875,0.125,0.875,0.125,7,1,7,1,8,7,8,7,0.6583549976348877,0.0745342397963533,,,,,,,,,,,0.38702562222102765,0.678877844591103
519,train-load-0.8-scenario-426,0.8,0.7595486,0.6459704166666668,0.7595486,14.785991930219264,1.1867724495001477,0.4132275504998524,0.9,0.1,0.9,0.1,9,1,9,1,10,5,10,9,0.4305245876312256,0.07416156859737154,,,,,,,,,,,0.38702562222102765,0.678877844591103
520,train-load-0.9-scenario-280-retry-9,0.9,0.9666666666666667,0.75,0.9666666666666667,4.526665551198141,-0.3151977941980133,0.7151977941980132,0.6,0.4,0.6,0.4,6,4,6,4,10,6,10,6,0.39783626794815063,0.07379076075438468,,,,,,,,,,,0.38702562222102765,0.678877844591103
521,train-load-0.9-scenario-606-retry-1,0.9,0.925,0.4791666666666667,0.925,7.442661849241656,0.020768829018610213,0.5246857164359352,0.6363636363636364,0.36363636363636365,0.6363636363636364,0.36363636363636365,7,4,7,4,11,8,11,7,0.4559914767742157,0.07342180695061275,,,,,,,,,,,0.38702562222102765,0.678877844591103
522,train-load-0.5-scenario-384,0.5,0.6071428571428571,0.32857142857142857,0.6071428571428571,5.3408306837723005,0.010849955280706425,0.48915004471929363,0.625,0.375,0.625,0.375,5,3,5,3,8,7,8,5,0.43831461668014526,0.07305469791585968,,,,,,,,,,,0.38702562222102765,0.678877844591103
523,train-load-0.8-scenario-235-retry-1,0.8,0.9,0.9,0.9,20.124168115562455,0.9352307823387556,0.17588032877235554,0.7777777777777778,0.2222222222222222,0.7777777777777778,0.2222222222222222,14,4,14,4,18,5,18,14,0.6240737438201904,0.07268942442628039,,,,,,,,,,,0.38702562222102765,0.678877844591103
524,train-load-0.9-scenario-528,0.9,0.8857142857142857,0.8142857142857143,0.8857142857142857,22.83174537432291,1.2301977857481694,0.2992139789577129,0.8823529411764706,0.11764705882352941,0.8823529411764706,0.11764705882352941,15,2,15,2,17,7,17,15,0.6634553670883179,0.07232597730414898,,,,,,,,,,,0.38702562222102765,0.678877844591103
525,train-load-0.8-scenario-488,0.8,0.698022625,0.51535625,0.698022625,16.742251048772786,1.1108958870296297,0.5557707796370369,0.9166666666666666,0.08333333333333333,0.8571428571428571,0.14285714285714285,11,1,12,2,14,8,12,11,0.5294966697692871,0.07196434741762824,,,,,,,,,,,0.38702562222102765,0.678877844591103
526,train-load-0.6-scenario-450-retry-2,0.6,0.6875,0.4583333333333333,0.6875,20.388916503516896,1.731733192064291,0.2682668079357089,1.0,0.0,1.0,0.0,11,0,11,0,11,4,11,11,0.45665809512138367,0.0716045256805401,,,,,,,,,,,0.38702562222102765,0.678877844591103
527,train-load-1.0-scenario-741,1.0,1.0666666666666667,0.9333333333333333,1.0666666666666667,16.449216001025142,0.7063791227822382,0.29362087721776176,0.75,0.25,0.75,0.25,12,4,12,4,16,6,16,12,1.0670877695083618,0.0712465030521374,,,,,,,,,,,0.38702562222102765,0.678877844591103
528,train-load-1.0-scenario-280-retry-14,1.0,0.9333333333333333,0.6666666666666666,0.9333333333333333,15.013372228946798,0.4830761802767529,0.5169238197232471,0.75,0.25,0.75,0.25,12,4,12,4,16,6,16,12,0.45083552598953247,0.0708902705368767,,,,,,,,,,,0.38702562222102765,0.678877844591103
529,train-load-0.8-scenario-18,0.8,0.85,0.83,0.85,0.42740425377288416,-0.7911873518034787,0.7911873518034787,0.5,0.5,0.5,0.5,4,4,4,4,8,5,8,4,0.39968812465667725,0.07053581918419231,,,,,,,,,,,0.38702562222102765,0.678877844591103
530,train-load-0.9-scenario-106-retry-1,0.9,1.0,0.8,1.0,8.003472711300619,0.44057511179621267,0.5594248882037873,0.75,0.25,0.6666666666666666,0.3333333333333333,6,2,8,4,12,7,8,6,0.5123823881149292,0.07018314008827135,,,,,,,,,,,0.38702562222102765,0.678877844591103
531,train-load-0.5-scenario-49,0.5,0.43013321428571427,0.43013321428571427,0.39164642857142856,13.090244497978276,1.3896430817016814,0.6103569182983185,1.0,0.0,1.0,0.0,7,0,8,0,8,7,7,7,0.19935163855552673,0.06983222438783,,,,,,,,,,,0.38702562222102765,0.678877844591103
532,train-load-0.7-scenario-744-retry-3,0.7,0.6,0.3,0.6,19.189735748516796,1.3819107696554465,0.6180892303445535,1.0,0.0,1.0,0.0,12,0,12,0,12,8,12,12,0.35138824582099915,0.06948306326589085,,,,,,,,,,,0.38702562222102765,0.678877844591103
533,train-load-0.5-scenario-110-retry-2,0.5,0.5,0.4166666666666667,0.5,16.95376589486609,1.3732806988647415,0.6267193011352584,1.0,0.0,1.0,0.0,10,0,10,0,10,4,10,10,0.5749378204345703,0.0691356479495614,,,,,,,,,,,0.38702562222102765,0.678877844591103
534,train-hard-4gpu-4pod-1vgpu,0.25,0.25,0.16666666666666666,0.25,11.544497883017963,1.9166666666666665,0.08333333333333337,1.0,0.0,1.0,0.0,4,0,4,0,4,4,4,4,0.5073687434196472,0.06878996970981359,,,,,,,,,,,0.38702562222102765,0.678877844591103
535,train-load-0.7-scenario-416,0.7,0.6944444444444444,0.6944444444444444,0.48333333333333334,21.443568796507396,1.4963298407611476,0.5036701592388523,1.0,0.0,1.0,0.0,13,0,13,0,13,6,13,13,0.9092599749565125,0.06844601986126451,,,,,,,,,,,0.38702562222102765,0.678877844591103
536,train-load-0.9-scenario-166-retry-3,0.9,1.0,0.25,1.0,-6.682372845967441,-2.2274576153224803,0.22745761532248032,0.0,1.0,0.0,1.0,0,8,0,8,8,8,8,0,0.5998077988624573,0.06810378976195819,,,,,,,,,,,0.38702562222102765,0.678877844591103
537,train-load-0.6-scenario-550,0.6,0.48333333333333334,0.31666666666666665,0.48333333333333334,28.89209288745497,1.4472561811634321,0.5527438188365679,1.0,0.0,1.0,0.0,19,0,19,0,19,6,19,19,0.5956965684890747,0.0677632708131484,,,,,,,,,,,0.38702562222102765,0.678877844591103
538,train-load-0.7-scenario-463,0.7,0.6009371666666666,0.4493770833333333,0.6009371666666666,13.69550045105284,1.3222018156507254,0.6777981843492746,1.0,0.0,1.0,0.0,8,0,9,0,9,6,8,8,0.5406700968742371,0.06742445445908266,,,,,,,,,,,0.38702562222102765,0.678877844591103
539,train-load-0.8-scenario-318,0.8,0.85,0.7083333333333334,0.85,17.51146886855122,0.7277203182745785,0.3311032111371862,0.7647058823529411,0.23529411764705882,0.7647058823529411,0.23529411764705882,13,4,13,4,17,4,17,13,0.48466822504997253,0.06708733218678724,,,,,,,,,,,0.38702562222102765,0.678877844591103
540,train-load-1.0-scenario-361,1.0,1.0278475714285713,0.709439880952381,1.0278475714285713,13.693080889774812,0.5446680939027408,0.598189048954402,0.7857142857142857,0.21428571428571427,0.6875,0.3125,11,3,11,5,16,7,14,11,0.4480817914009094,0.0667518955258533,,,,,,,,,,,0.38702562222102765,0.678877844591103
541,train-load-0.5-scenario-457,0.5,0.6,0.6,0.4,16.38978347632604,1.7352639880627794,0.26473601193722057,1.0,0.0,1.0,0.0,8,0,8,0,8,4,8,8,0.3274199068546295,0.06641813604822402,,,,,,,,,,,0.38702562222102765,0.678877844591103
542,train-load-0.7-scenario-580,0.7,0.595365,0.5612729166666667,0.595365,12.413289297502844,1.3373050858611892,0.6626949141388108,1.0,0.0,1.0,0.0,7,0,8,0,8,5,7,7,0.8305536508560181,0.0660860453679829,,,,,,,,,,,0.38702562222102765,0.678877844591103
543,train-load-0.6-scenario-655,0.6,0.54831325,0.2891215625,0.54831325,12.769939716933001,1.1708109872968504,0.8291890127031495,1.0,0.0,1.0,0.0,8,0,8,0,8,8,8,8,0.4508165121078491,0.06575561514114299,,,,,,,,,,,0.38702562222102765,0.678877844591103
544,train-load-0.8-scenario-344,0.8,0.6895722500000001,0.51660625,0.6895722500000001,8.018103781206054,0.8138473224161946,0.5194860109171389,0.8333333333333334,0.16666666666666666,0.8333333333333334,0.16666666666666666,5,1,5,1,6,4,6,5,0.41421645879745483,0.06542683706543727,,,,,,,,,,,0.38702562222102765,0.678877844591103
545,train-load-1.0-scenario-137,1.0,0.8802965714285713,0.813729761904762,0.8802965714285713,12.832085997382393,0.23650495946354777,0.5134950405364522,0.6875,0.3125,0.6875,0.3125,11,5,11,5,16,7,16,11,0.6412427425384521,0.06509970288011008,,,,,,,,,,,0.38702562222102765,0.678877844591103
546,train-load-0.6-scenario-286,0.6,0.5915956666666666,0.53179375,0.5915956666666666,12.332238576519497,1.1277304246978446,0.8722695753021555,1.0,0.0,1.0,0.0,8,0,9,0,9,6,8,8,0.5474601984024048,0.06477420436570952,,,,,,,,,,,0.38702562222102765,0.678877844591103
547,train-load-1.0-scenario-261-retry-6,1.0,0.9428571428571428,0.9428571428571428,0.7071428571428572,22.06907498610385,0.6774718055986182,0.4134372853104725,0.7727272727272727,0.22727272727272727,0.7727272727272727,0.22727272727272727,17,5,17,5,22,7,22,17,0.4722537398338318,0.06445033334388098,,,,,,,,,,,0.38702562222102765,0.678877844591103
548,train-load-0.6-scenario-158,0.6,0.5543732857142858,0.2632330357142857,0.5543732857142858,12.14882629762836,1.2836332391028744,0.7163667608971255,1.0,0.0,1.0,0.0,7,0,7,0,7,7,7,7,0.7005878686904907,0.06412808167716157,,,,,,,,,,,0.38702562222102765,0.678877844591103
549,train-hard-4gpu-8pod-1vgpu,0.5,0.5,0.3333333333333333,0.5,14.826750331841652,1.5387055078389387,0.46129449216106144,1.0,0.0,1.0,0.0,8,0,8,0,8,4,8,8,0.3390462398529053,0.06380744126877576,,,,,,,,,,,0.38702562222102765,0.678877844591103
550,train-load-0.5-scenario-144-retry-1,0.5,0.5875,0.2625,0.5875,7.362669962264772,0.30211823578466157,0.6978817642153384,0.75,0.25,0.75,0.25,6,2,6,2,8,8,8,6,0.3854306936264038,0.06348840406243188,,,,,,,,,,,0.38702562222102765,0.678877844591103
551,train-load-0.6-scenario-167,0.6,0.71875,0.19791666666666666,0.71875,6.780485325768405,-0.07525371018267046,0.6207082556372159,0.6363636363636364,0.36363636363636365,0.6363636363636364,0.36363636363636365,7,4,7,4,11,8,11,7,0.5723537802696228,0.06317096204211972,,,,,,,,,,,0.38702562222102765,0.678877844591103
552,train-load-1.0-scenario-422-retry-1,1.0,0.9642857142857143,0.12857142857142856,0.9642857142857143,4.873465505523596,-0.14708799497050384,0.8137546616371705,0.6666666666666666,0.3333333333333333,0.6666666666666666,0.3333333333333333,6,3,6,3,9,7,9,6,0.7292732000350952,0.06285510723190912,,,,,,,,,,,0.38702562222102765,0.678877844591103
553,train-load-0.8-scenario-185,0.8,0.7168191666666667,0.7168191666666667,0.6658172,4.168606454824189,-0.22926151209449297,0.8959281787611596,0.6666666666666666,0.3333333333333333,0.6666666666666666,0.3333333333333333,6,3,6,3,9,5,9,6,0.4378891587257385,0.06254083169574957,,,,,,,,,,,0.38702562222102765,0.678877844591103
554,train-load-0.8-scenario-216,0.8,0.7167082,0.41731083333333335,0.7167082,4.948954081725577,0.10429264324265541,0.7528502139002018,0.7142857142857143,0.2857142857142857,0.7142857142857143,0.2857142857142857,5,2,5,2,7,5,7,5,0.32029324769973755,0.062228127537270826,,,,,,,,,,,0.38702562222102765,0.678877844591103
555,train-load-0.6-scenario-670,0.6,0.6107119999999999,0.4558534722222222,0.6107119999999999,14.03210000490159,1.36701154189761,0.63298845810239,1.0,0.0,1.0,0.0,8,0,8,0,8,6,8,8,0.17355351150035858,0.06191698689958447,,,,,,,,,,,0.38702562222102765,0.678877844591103
556,train-load-0.6-scenario-737,0.6,0.5506224285714285,0.41824047619047616,0.5506224285714285,15.961797845440987,1.300864298483441,0.6991357015165589,1.0,0.0,1.0,0.0,10,0,10,0,10,7,10,10,0.5741457939147949,0.061607401965086545,,,,,,,,,,,0.38702562222102765,0.678877844591103
557,train-load-0.8-scenario-579,0.8,0.7551297499999999,0.34547291666666663,0.7551297499999999,10.44258175493081,0.5922352244025271,0.607764775597473,0.8,0.2,0.8,0.2,8,2,8,2,10,8,10,8,0.29195865988731384,0.06129936495526111,,,,,,,,,,,0.38702562222102765,0.678877844591103
558,train-load-0.6-scenario-258,0.6,0.6421155000000001,0.54780875,0.6421155000000001,9.115033264508574,1.609480580551586,0.3905194194484142,1.0,0.0,1.0,0.0,3,0,6,0,6,4,3,3,0.518048882484436,0.0609928681304848,,,,,,,,,,,0.38702562222102765,0.678877844591103
559,train-load-1.0-scenario-331,1.0,0.8814136,0.35999775,0.8814136,9.914032040185852,0.8117366378293334,0.6882633621706666,0.875,0.125,0.7777777777777778,0.2222222222222222,7,1,7,2,9,5,8,7,0.5358827710151672,0.060687903789832374,,,,,,,,,,,0.38702562222102765,0.678877844591103
560,train-load-0.5-scenario-130,0.5,0.49797232142857145,0.49797232142857145,0.3947578571428571,14.876008035099805,1.497793960326586,0.5022060396734139,1.0,0.0,1.0,0.0,8,0,9,0,9,7,8,8,0.28416329622268677,0.06038446427088321,,,,,,,,,,,0.38702562222102765,0.678877844591103
561,train-load-0.8-scenario-63-retry-2,0.8,0.9,0.6875,0.9,9.052104175598243,0.11504839942018552,0.34649006211827604,0.6153846153846154,0.38461538461538464,0.6153846153846154,0.38461538461538464,8,5,8,5,13,8,13,8,0.4697706699371338,0.06008254194952879,,,,,,,,,,,0.38702562222102765,0.678877844591103
562,train-load-0.6-scenario-71,0.6,0.5193742,0.4140041666666667,0.5193742,11.635274229205994,1.3938089955524555,0.6061910044475445,1.0,0.0,1.0,0.0,6,0,6,0,6,5,6,6,0.271164208650589,0.05978212923978115,,,,,,,,,,,0.38702562222102765,0.678877844591103
563,train-load-0.8-scenario-568,0.8,0.9,0.9,0.375,6.2504166585585175,0.07053980595117293,0.5961268607154937,0.6666666666666666,0.3333333333333333,0.6666666666666666,0.3333333333333333,6,3,6,3,9,6,9,6,0.22154198586940765,0.05948321859358224,,,,,,,,,,,0.38702562222102765,0.678877844591103
564,train-load-0.5-scenario-602,0.5,0.47478216666666667,0.33510972222222224,0.47478216666666667,10.150230786191754,1.1426364931942665,0.8573635068057335,1.0,0.0,1.0,0.0,6,0,7,0,7,6,6,6,0.48163360357284546,0.05918580250061433,,,,,,,,,,,0.38702562222102765,0.678877844591103
565,train-load-0.6-scenario-125-retry-1,0.6,0.7166666666666667,0.5166666666666667,0.7166666666666667,21.23448248385256,1.5344949560550707,0.4655050439449293,1.0,0.0,1.0,0.0,13,0,13,0,13,6,13,13,0.3407312333583832,0.058889873488111255,,,,,,,,,,,0.38702562222102765,0.678877844591103
566,train-load-0.7-scenario-515-retry-2,0.7,0.7833333333333333,0.75,0.7833333333333333,19.269492322798833,1.5157321693962673,0.15093449727039912,0.9166666666666666,0.08333333333333333,0.9166666666666666,0.08333333333333333,11,1,11,1,12,6,12,11,0.5763883590698242,0.058595424120670696,,,,,,,,,,,0.38702562222102765,0.678877844591103
567,train-load-0.6-scenario-406,0.6,0.5163264000000001,0.3210695833333333,0.5163264000000001,3.798048261946918,0.3572812598739119,0.6427187401260881,0.75,0.25,0.8,0.2,3,1,4,1,5,5,4,3,0.32293829321861267,0.05830244700006734,,,,,,,,,,,0.38702562222102765,0.678877844591103
568,train-load-0.8-scenario-428,0.8,0.7891196666666667,0.5967621527777778,0.7891196666666667,12.636505450621643,0.8574855403685497,0.7425144596314504,0.9,0.1,0.8181818181818182,0.18181818181818182,9,1,9,2,11,6,10,9,0.4590436816215515,0.058010934765067,,,,,,,,,,,0.38702562222102765,0.678877844591103
569,train-load-1.0-scenario-597-retry-6,1.0,1.0857142857142856,0.6428571428571429,1.0857142857142856,-1.9407484104617232,-1.338683410018005,0.5386834100180049,0.3,0.7,0.42857142857142855,0.5714285714285714,3,7,6,8,14,7,10,3,0.3277409076690674,0.05772088009124167,,,,,,,,,,,0.38702562222102765,0.678877844591103
570,train-load-0.8-scenario-212,0.8,0.7411101428571428,0.5302978571428572,0.7411101428571428,16.312021932584287,1.041778912801502,0.6248877538651645,0.9166666666666666,0.08333333333333333,0.9166666666666666,0.08333333333333333,11,1,11,1,12,7,12,11,0.43790680170059204,0.05743227569078546,,,,,,,,,,,0.38702562222102765,0.678877844591103
571,train-load-0.6-scenario-251,0.6,0.5564263333333334,0.44561541666666665,0.5564263333333334,13.485522693908429,1.3148477094455338,0.6851522905544662,1.0,0.0,1.0,0.0,8,0,8,0,8,6,8,8,0.228835791349411,0.05714511431233153,,,,,,,,,,,0.38702562222102765,0.678877844591103
572,train-load-0.9-scenario-532-retry-1,0.9,0.7951104999999999,0.7951104999999999,0.7205876,10.586662173011202,0.5977377337081937,0.6022622662918063,0.8,0.2,0.7272727272727273,0.2727272727272727,8,2,8,3,11,5,10,8,0.39464619755744934,0.05685938874076987,,,,,,,,,,,0.38702562222102765,0.678877844591103
573,train-load-0.9-scenario-159,0.9,1.0,0.6,1.0,2.4537194800526554,-0.4509436799151779,0.4509436799151779,0.5,0.5,0.5,0.5,4,4,4,4,8,4,8,4,0.38921067118644714,0.056575091797066025,,,,,,,,,,,0.38702562222102765,0.678877844591103
574,train-load-0.7-scenario-230,0.7,0.659442875,0.353655625,0.659442875,12.5576587627653,0.8313544818698873,0.7686455181301128,0.9,0.1,0.8181818181818182,0.18181818181818182,9,1,9,2,11,8,10,9,0.5313149690628052,0.056292216338080694,,,,,,,,,,,0.38702562222102765,0.678877844591103
575,train-load-0.9-scenario-371-retry-3,0.9,1.0,1.0,0.4,9.611823315630998,0.04590923594856211,0.5255193354800094,0.6428571428571429,0.35714285714285715,0.6428571428571429,0.35714285714285715,9,5,9,5,14,7,14,9,0.4057353436946869,0.05601075525639029,,,,,,,,,,,0.38702562222102765,0.678877844591103
576,train-load-0.5-scenario-103,0.5,0.48493725,0.334830625,0.48493725,13.905616736796246,1.1319996853083774,0.8680003146916226,1.0,0.0,1.0,0.0,9,0,9,0,9,8,9,9,0.7943044304847717,0.05573070148010834,,,,,,,,,,,0.38702562222102765,0.678877844591103
577,train-load-1.0-scenario-533,1.0,1.0833333333333333,1.0833333333333333,0.6,5.662880005286499,-0.07629686372049749,0.7429635303871641,0.6666666666666666,0.3333333333333333,0.5384615384615384,0.46153846153846156,6,3,7,6,13,6,9,6,0.5651544332504272,0.0554520479727078,,,,,,,,,,,0.38702562222102765,0.678877844591103
578,train-load-0.8-scenario-603,0.8,0.6955103333333333,0.45985208333333333,0.6955103333333333,10.596447157801261,0.8228634233326912,0.6771365766673088,0.875,0.125,0.7777777777777778,0.2222222222222222,7,1,7,2,9,6,8,7,0.3857746124267578,0.05517478773284426,,,,,,,,,,,0.38702562222102765,0.678877844591103
579,train-load-0.8-scenario-532,0.8,0.7002512500000001,0.7002512500000001,0.6971646666666668,13.0022674758727,0.7501048632449088,0.8862587731187276,0.9090909090909091,0.09090909090909091,0.8333333333333334,0.16666666666666666,10,1,10,2,12,6,11,10,0.41607826948165894,0.05489891379418004,,,,,,,,,,,0.38702562222102765,0.678877844591103
580,train-load-1.0-scenario-426,1.0,0.8825374,0.5618475,0.8825374,4.749034877586926,-0.123495748438058,0.7901624151047246,0.6666666666666666,0.3333333333333333,0.6666666666666666,0.3333333333333333,6,3,6,3,9,5,9,6,0.6043055653572083,0.05462441922520914,,,,,,,,,,,0.38702562222102765,0.678877844591103
581,train-load-1.0-scenario-300-retry-10,1.0,0.9625,0.6875,0.9625,26.39468425289606,1.050563806558053,0.4039816479874016,0.8636363636363636,0.13636363636363635,0.8636363636363636,0.13636363636363635,19,3,19,3,22,8,22,19,0.2066100835800171,0.0543512971290831,,,,,,,,,,,0.38702562222102765,0.678877844591103
582,train-load-0.5-scenario-113-retry-2,0.5,0.6,0.5989583333333334,0.6,10.537862897960796,0.519208343839669,0.6807916561603311,0.8,0.2,0.8,0.2,8,2,8,2,10,8,10,8,0.423595666885376,0.05407954064343768,,,,,,,,,,,0.38702562222102765,0.678877844591103
583,train-load-0.9-scenario-566-retry-2,0.9,1.0,0.4,1.0,2.5540990327586455,-0.6137932544354674,0.6137932544354674,0.5,0.5,0.5,0.5,5,5,5,5,10,5,10,5,0.5448837876319885,0.05380914294022049,,,,,,,,,,,0.38702562222102765,0.678877844591103
584,train-load-0.6-scenario-146-retry-4,0.6,0.5,0.5,0.3,27.906094052570154,1.4341132534176064,0.5658867465823936,1.0,0.0,1.0,0.0,18,0,18,0,18,6,18,18,0.4576041102409363,0.05354009722551939,,,,,,,,,,,0.38702562222102765,0.678877844591103
585,train-load-0.8-scenario-421-retry-5,0.8,0.7142857142857143,0.2857142857142857,0.7142857142857143,29.73181059514929,1.4296089236976048,0.5703910763023952,1.0,0.0,1.0,0.0,20,0,20,0,20,7,20,20,0.5476050972938538,0.05327239673939179,,,,,,,,,,,0.38702562222102765,0.678877844591103
586,train-load-0.7-scenario-90-retry-1,0.7,0.75,0.75,0.6166666666666667,16.860958550570388,0.8877912010577501,0.5407802275136784,0.8571428571428571,0.14285714285714285,0.8571428571428571,0.14285714285714285,12,2,12,2,14,6,14,12,0.7893905639648438,0.053006034755694834,,,,,,,,,,,0.38702562222102765,0.678877844591103
587,train-load-0.5-scenario-331,0.5,0.5416666666666666,0.35833333333333334,0.5416666666666666,12.017566450877116,1.0658444115111543,0.9341555884888457,1.0,0.0,1.0,0.0,8,0,8,0,8,6,8,8,0.2874075770378113,0.052741004581916356,,,,,,,,,,,0.38702562222102765,0.678877844591103
588,train-load-0.8-scenario-361,0.8,0.720015625,0.46682291666666664,0.720015625,15.161113399881502,1.0501109791879104,0.5862526571757258,0.9090909090909091,0.09090909090909091,0.8333333333333334,0.16666666666666666,10,1,10,2,12,8,11,10,0.5650428533554077,0.052477299559006776,,,,,,,,,,,0.38702562222102765,0.678877844591103
589,train-load-1.0-scenario-695-retry-4,1.0,1.03125,0.6125,1.03125,6.745798839132798,-0.31177033437762525,0.597484620091911,0.5714285714285714,0.42857142857142855,0.5714285714285714,0.42857142857142855,8,6,8,6,14,8,14,8,0.7337830066680908,0.052214913061211746,,,,,,,,,,,0.38702562222102765,0.678877844591103
590,train-load-0.6-scenario-218,0.6,0.4857142857142857,0.4857142857142857,0.4857142857142857,26.05328517752169,1.3869409465636129,0.613059053436387,1.0,0.0,1.0,0.0,17,0,17,0,17,7,17,17,0.4424668848514557,0.05195383849590569,,,,,,,,,,,0.38702562222102765,0.678877844591103
591,train-load-0.8-scenario-472,0.8,0.6835025,0.47477864583333335,0.6835025,21.079080073363457,1.4974831323252427,0.5025168676747575,1.0,0.0,1.0,0.0,13,0,14,0,14,8,13,13,0.6112557649612427,0.05169406930342616,,,,,,,,,,,0.38702562222102765,0.678877844591103
592,train-load-0.5-scenario-699-retry-1,0.5,0.425,0.3020833333333333,0.425,18.72593280341267,1.435634007048415,0.5643659929515848,1.0,0.0,1.0,0.0,11,0,11,0,11,4,11,11,0.5689020156860352,0.05143559895690903,,,,,,,,,,,0.38702562222102765,0.678877844591103
593,train-load-0.5-scenario-0-retry-3,0.5,0.4,0.3333333333333333,0.4,22.28329589096475,1.3950378336387406,0.6049621663612595,1.0,0.0,1.0,0.0,14,0,14,0,14,7,14,14,0.4381439685821533,0.051178420962124486,,,,,,,,,,,0.38702562222102765,0.678877844591103
594,train-load-1.0-scenario-144-retry-1,1.0,1.0625,0.5833333333333334,1.0625,2.3792851442943084,-0.4522219017077128,0.4522219017077128,0.5,0.5,0.5,0.5,4,4,4,4,8,4,8,4,0.6426374912261963,0.05092252885731386,,,,,,,,,,,0.38702562222102765,0.678877844591103
595,train-load-1.0-scenario-273-retry-2,1.0,0.9523809523809523,0.9523809523809523,0.5714285714285714,-4.770743793298579,-1.906645987634727,0.706645987634727,0.2,0.8,0.2,0.8,2,8,2,8,10,7,10,2,0.5543714165687561,0.05066791621302729,,,,,,,,,,,0.38702562222102765,0.678877844591103
596,train-load-0.5-scenario-20,0.5,0.4782641666666667,0.37889930555555557,0.4782641666666667,11.271903577413218,1.346034454005609,0.6539655459943909,1.0,0.0,1.0,0.0,6,0,7,0,7,6,6,6,0.7519798278808594,0.05041457663196215,,,,,,,,,,,0.38702562222102765,0.678877844591103
597,train-load-0.9-scenario-64-retry-3,0.9,0.8333333333333334,0.8333333333333334,0.425,21.243334109972913,0.9847770092193358,0.5446347554865465,0.8823529411764706,0.11764705882352941,0.8823529411764706,0.11764705882352941,15,2,15,2,17,8,17,15,0.5095946788787842,0.050162503748802344,,,,,,,,,,,0.38702562222102765,0.678877844591103
598,train-load-0.8-scenario-114,0.8,0.9,0.375,0.9,6.535643213412939,0.08441345029596292,0.5822532163707037,0.6666666666666666,0.3333333333333333,0.6666666666666666,0.3333333333333333,6,3,6,3,9,4,9,6,0.38721704483032227,0.05,,,,,,,,,,,0.38702562222102765,0.678877844591103
599,train-load-1.0-scenario-330-retry-3,1.0,1.05,0.5476190476190477,1.05,8.000448384290552,0.23385335809155616,0.5661466419084438,0.7,0.3,0.5833333333333334,0.4166666666666667,7,3,7,5,12,7,10,7,0.5404314994812012,0.05,,,,,,,,,,,0.38702562222102765,0.678877844591103
600,train-load-0.6-scenario-4,0.6,0.535875,0.535875,0.5118695,10.030835997105502,1.3483892842235339,0.6516107157764661,1.0,0.0,1.0,0.0,5,0,6,0,6,4,5,5,0.4882090091705322,0.05,0.346784528599538,0.5394183368527155,0.7215507163630634,0.2784492836369366,0.7075822333770968,0.2924177666229032,0.6205735519690915,0.6399499975300309,0.28827974713500015,0.6972998676877212,0.38702562222102765,0.678877844591103
601,train-load-1.0-scenario-333-retry-2,1.0,0.9400301666666667,0.7445138888888889,0.9400301666666667,5.732624182686517,-0.23187966025758944,0.7773342057121349,0.6363636363636364,0.36363636363636365,0.5,0.5,7,4,7,7,14,6,11,7,0.53652024269104,0.05,,,,,,,,,,,0.38702562222102765,0.678877844591103
602,train-load-0.9-scenario-157-retry-6,0.9,1.0,0.08333333333333333,1.0,4.279126802434347,-0.3228821490578123,0.7228821490578122,0.6,0.4,0.6,0.4,6,4,6,4,10,6,10,6,0.49273040890693665,0.05,,,,,,,,,,,0.38702562222102765,0.678877844591103
603,train-load-0.7-scenario-142,0.7,0.8,0.26666666666666666,0.8,5.527615670376226,0.09142598330106444,0.40857401669893556,0.625,0.375,0.625,0.375,5,3,5,3,8,5,8,5,0.21036958694458008,0.05,,,,,,,,,,,0.38702562222102765,0.678877844591103
604,train-load-0.7-scenario-276,0.7,0.607036,0.3981820833333333,0.607036,12.403838026114283,1.325116044245094,0.674883955754906,1.0,0.0,1.0,0.0,7,0,8,0,8,6,7,7,0.2779856324195862,0.05,,,,,,,,,,,0.38702562222102765,0.678877844591103
605,train-load-0.7-scenario-628,0.7,0.78125,0.453125,0.78125,6.3127344305590425,-0.29473811436095854,0.9614047810276252,0.6666666666666666,0.3333333333333333,0.6666666666666666,0.3333333333333333,8,4,8,4,12,8,12,8,0.2585631012916565,0.05,,,,,,,,,,,0.38702562222102765,0.678877844591103
606,train-load-0.7-scenario-72,0.7,0.7328215,0.4616328125,0.7328215,5.002443226933834,0.4311080800408701,0.76889191995913,0.8,0.2,0.6666666666666666,0.3333333333333333,4,1,4,2,6,4,5,4,0.41245728731155396,0.05,,,,,,,,,,,0.38702562222102765,0.678877844591103
607,train-load-0.5-scenario-192,0.5,0.43333333333333335,0.21666666666666667,0.43333333333333335,21.49202861389778,1.4592887238744474,0.5407112761255525,1.0,0.0,1.0,0.0,13,0,13,0,13,6,13,13,0.32025644183158875,0.05,,,,,,,,,,,0.38702562222102765,0.678877844591103
608,train-load-0.9-scenario-336-retry-9,0.9,1.0,1.0,0.15,5.99523398581215,0.02221751218864665,0.64444915447802,0.6666666666666666,0.3333333333333333,0.6666666666666666,0.3333333333333333,6,3,6,3,9,6,9,6,0.2736555337905884,0.05,,,,,,,,,,,0.38702562222102765,0.678877844591103
609,train-load-0.6-scenario-63-retry-3,0.6,0.5208333333333334,0.5208333333333334,0.45625,25.00762657161774,1.4320691659193192,0.5679308340806808,1.0,0.0,1.0,0.0,16,0,16,0,16,8,16,16,0.38560765981674194,0.05,,,,,,,,,,,0.38702562222102765,0.678877844591103
610,train-load-0.6-scenario-749,0.6,0.72,0.54,0.72,16.70521394762975,1.594733268194498,0.405266731805502,1.0,0.0,1.0,0.0,9,0,9,0,9,5,9,9,0.34666764736175537,0.05,,,,,,,,,,,0.38702562222102765,0.678877844591103
611,train-load-0.6-scenario-631,0.6,0.6875,0.6875,0.1375,9.53041713656138,0.3216100950148135,0.5874808140760956,0.7272727272727273,0.2727272727272727,0.7272727272727273,0.2727272727272727,8,3,8,3,11,8,11,8,0.41324883699417114,0.05,,,,,,,,,,,0.38702562222102765,0.678877844591103
612,train-load-0.8-scenario-689-retry-3,0.8,0.875,0.875,0.6125,11.213769374580327,0.2237756127554702,0.633367244387387,0.7142857142857143,0.2857142857142857,0.7142857142857143,0.2857142857142857,10,4,10,4,14,8,14,10,0.39930421113967896,0.05,,,,,,,,,,,0.38702562222102765,0.678877844591103
613,train-load-1.0-scenario-131-retry-3,1.0,0.94,0.94,0.9,13.176068629953043,0.1818887427140079,0.641640669050698,0.7058823529411765,0.29411764705882354,0.7058823529411765,0.29411764705882354,12,5,12,5,17,5,17,12,0.628696620464325,0.05,,,,,,,,,,,0.38702562222102765,0.678877844591103
614,train-load-0.8-scenario-267,0.8,0.720223125,0.3848271875,0.720223125,14.612673219890729,0.9913321585110664,0.6450314778525699,0.9090909090909091,0.09090909090909091,0.9090909090909091,0.09090909090909091,10,1,10,1,11,8,11,10,0.5554647445678711,0.05,,,,,,,,,,,0.38702562222102765,0.678877844591103
615,train-load-0.6-scenario-608-retry-3,0.6,0.6571428571428571,0.40476190476190477,0.6571428571428571,15.011325730896779,1.4645088716094592,0.5354911283905408,1.0,0.0,1.0,0.0,8,0,11,0,11,7,8,8,0.332645058631897,0.05,,,,,,,,,,,0.38702562222102765,0.678877844591103
616,train-load-0.9-scenario-383,0.9,0.83152025,0.41497604166666663,0.83152025,8.769396129793037,0.7601481890515535,0.668423239519875,0.8571428571428571,0.14285714285714285,0.8571428571428571,0.14285714285714285,6,1,6,1,7,4,7,6,0.4761103093624115,0.05,,,,,,,,,,,0.38702562222102765,0.678877844591103
617,train-load-0.6-scenario-43-retry-2,0.6,0.6375,0.39375,0.6375,18.970388203698793,1.367315659322045,0.6326843406779551,1.0,0.0,1.0,0.0,12,0,12,0,12,8,12,12,0.7688272595405579,0.05,,,,,,,,,,,0.38702562222102765,0.678877844591103
618,train-load-0.9-scenario-558-retry-4,0.9,1.0,1.0,1.0,3.3484696957615707,-0.32159054580630386,0.32159054580630386,0.5,0.5,0.5,0.5,4,4,8,8,16,8,8,4,0.5419402718544006,0.05,,,,,,,,,,,0.38702562222102765,0.678877844591103
619,train-load-0.5-scenario-180,0.5,0.4375,0.175,0.4375,22.733817316449706,1.4440058093623984,0.5559941906376016,1.0,0.0,1.0,0.0,14,0,14,0,14,8,14,14,0.4556346833705902,0.05,,,,,,,,,,,0.38702562222102765,0.678877844591103
620,train-load-0.9-scenario-127,0.9,0.81525175,0.5898213541666667,0.81525175,6.802258492814481,0.5805591975828168,0.7527741357505165,0.8333333333333334,0.16666666666666666,0.7142857142857143,0.2857142857142857,5,1,5,2,7,4,6,5,0.6792744994163513,0.05,,,,,,,,,,,0.38702562222102765,0.678877844591103
621,train-load-0.6-scenario-721,0.6,0.54016,0.3539760416666667,0.54016,5.076935444573538,0.5406679249333837,0.45933207506661644,0.75,0.25,0.6,0.4,3,1,3,2,5,4,4,3,0.32713207602500916,0.05,,,,,,,,,,,0.38702562222102765,0.678877844591103
622,train-load-0.5-scenario-657,0.5,0.48444680000000007,0.20369049999999997,0.48444680000000007,7.616804450518304,1.2002006238045544,0.7997993761954455,1.0,0.0,1.0,0.0,4,0,4,0,4,5,4,4,0.38502395153045654,0.05,,,,,,,,,,,0.38702562222102765,0.678877844591103
623,train-load-0.5-scenario-589,0.5,0.5242442708333334,0.5242442708333334,0.503612625,14.877910492281591,1.2795168561594756,0.7204831438405244,1.0,0.0,1.0,0.0,9,0,12,0,12,8,9,9,0.3932928740978241,0.05,,,,,,,,,,,0.38702562222102765,0.678877844591103
624,train-load-0.5-scenario-639-retry-6,0.5,0.40625,0.08125,0.40625,19.905737420372677,1.2606998544783092,0.7393001455216908,1.0,0.0,1.0,0.0,13,0,13,0,13,8,13,13,0.42174461483955383,0.05,,,,,,,,,,,0.38702562222102765,0.678877844591103
625,train-load-0.7-scenario-638-retry-2,0.7,0.7738095238095238,0.7738095238095238,0.7071428571428572,15.620265178005777,1.3492621168684586,0.25073788313154133,0.9,0.1,0.9,0.1,9,1,9,1,10,7,10,9,0.3110547959804535,0.05,,,,,,,,,,,0.38702562222102765,0.678877844591103
626,train-load-0.9-scenario-442-retry-2,0.9,0.8,0.5,0.8,12.062961046719131,0.5830325806106336,0.4169674193893663,0.75,0.25,0.75,0.25,9,3,9,3,12,6,12,9,0.5122522115707397,0.05,,,,,,,,,,,0.38702562222102765,0.678877844591103
627,train-load-0.7-scenario-377-retry-1,0.7,0.75,0.5625,0.75,22.930409516049316,1.445987839684098,0.28734549364923534,0.9333333333333333,0.06666666666666667,0.9333333333333333,0.06666666666666667,14,1,14,1,15,4,15,14,0.1614128053188324,0.05,,,,,,,,,,,0.38702562222102765,0.678877844591103
628,train-load-1.0-scenario-468-retry-3,1.0,1.04318375,0.751754375,1.04318375,6.056397816811996,0.053398642357030845,0.6132680243096358,0.6666666666666666,0.3333333333333333,0.6666666666666666,0.3333333333333333,6,3,6,3,9,4,9,6,0.4390665888786316,0.05,,,,,,,,,,,0.38702562222102765,0.678877844591103
629,train-load-0.8-scenario-598-retry-2,0.8,0.9,0.075,0.9,2.3049914019703888,-0.5434476297067596,0.765669851928982,0.5555555555555556,0.4444444444444444,0.5555555555555556,0.4444444444444444,5,4,5,4,9,5,9,5,0.31071335077285767,0.05,,,,,,,,,,,0.38702562222102765,0.678877844591103
630,train-load-0.9-scenario-305,0.9,0.9090312500000001,0.4976921875,0.9090312500000001,4.602954625630743,0.34513593993159974,0.8548640600684003,0.8,0.2,0.7142857142857143,0.2857142857142857,4,1,5,2,7,4,5,4,0.3267114758491516,0.05,,,,,,,,,,,0.38702562222102765,0.678877844591103
631,train-load-1.0-scenario-357-retry-1,1.0,0.8875,0.5125,0.8875,18.94488090302847,0.9808178139951043,0.48584885267156264,0.8666666666666667,0.13333333333333333,0.8666666666666667,0.13333333333333333,13,2,13,2,15,4,15,13,0.40276968479156494,0.05,,,,,,,,,,,0.38702562222102765,0.678877844591103
632,train-load-0.6-scenario-84-retry-1,0.6,0.5,0.125,0.5,28.553518085941608,1.2030712825294048,0.7969287174705952,1.0,0.0,1.0,0.0,20,0,20,0,20,8,20,20,0.32012587785720825,0.05,,,,,,,,,,,0.38702562222102765,0.678877844591103
633,train-load-1.0-scenario-42-retry-6,1.0,0.9333333333333333,0.9333333333333333,0.7,10.01178695083866,0.11910407481755947,0.45232449661101204,0.6428571428571429,0.35714285714285715,0.6428571428571429,0.35714285714285715,9,5,9,5,14,5,14,9,0.17043417692184448,0.05,,,,,,,,,,,0.38702562222102765,0.678877844591103
634,train-load-0.8-scenario-597-retry-1,0.8,0.9142857142857143,0.9142857142857143,0.5714285714285714,15.788269322106736,0.5469010149307758,0.4530989850692243,0.75,0.25,0.75,0.25,12,4,12,4,16,7,16,12,0.39043688774108887,0.05,,,,,,,,,,,0.38702562222102765,0.678877844591103
635,train-load-1.0-scenario-33-retry-1,1.0,1.0,0.28125,1.0,7.2106172751608035,0.03516102530286247,0.7648389746971375,0.7,0.3,0.6,0.4,7,3,9,6,15,8,10,7,0.4164276719093323,0.05,,,,,,,,,,,0.38702562222102765,0.678877844591103
636,train-load-0.9-scenario-4-retry-1,0.9,1.0,0.65625,1.0,10.307015927803238,0.49996403438040826,0.7000359656195918,0.8,0.2,0.7333333333333333,0.26666666666666666,8,2,11,4,15,8,10,8,0.3637610375881195,0.05,,,,,,,,,,,0.38702562222102765,0.678877844591103
637,train-load-0.8-scenario-655,0.8,0.6892333333333334,0.6892333333333334,0.6111230000000001,9.19982495819892,0.7892381419174385,0.63933328665399,0.8571428571428571,0.14285714285714285,0.7777777777777778,0.2222222222222222,6,1,7,2,9,5,7,6,0.2901296317577362,0.05,,,,,,,,,,,0.38702562222102765,0.678877844591103
638,train-load-0.7-scenario-96,0.7,0.7116816,0.5931479166666667,0.7116816,16.734096289891013,1.6501531926606674,0.34984680733933254,1.0,0.0,1.0,0.0,9,0,9,0,9,5,9,9,0.6923062801361084,0.05,,,,,,,,,,,0.38702562222102765,0.678877844591103
639,train-load-0.8-scenario-304,0.8,0.875,0.7,0.875,19.21527552769925,0.5613166522396449,0.2958262049032123,0.7142857142857143,0.2857142857142857,0.7142857142857143,0.2857142857142857,15,6,15,6,21,6,21,15,0.7720180749893188,0.05,,,,,,,,,,,0.38702562222102765,0.678877844591103
640,train-load-1.0-scenario-558-retry-7,1.0,1.1,0.7333333333333333,1.1,6.499806577737266,0.20637370071452765,0.29362629928547235,0.625,0.375,0.625,0.375,5,3,5,3,8,5,8,5,0.38671761751174927,0.05,,,,,,,,,,,0.38702562222102765,0.678877844591103
641,train-load-0.7-scenario-573,0.7,0.6492835714285714,0.6492835714285714,0.5863094285714286,15.761523613353631,0.950924182967854,0.7157424836988127,0.9166666666666666,0.08333333333333333,0.9166666666666666,0.08333333333333333,11,1,11,1,12,7,12,11,0.13687719404697418,0.05,,,,,,,,,,,0.38702562222102765,0.678877844591103
642,train-load-1.0-scenario-557,1.0,1.10414175,0.9199458333333334,1.10414175,8.359458804101898,0.564063335516146,0.43593666448385393,0.75,0.25,0.6363636363636364,0.36363636363636365,6,2,7,4,11,4,8,6,0.5465659499168396,0.05,,,,,,,,,,,0.38702562222102765,0.678877844591103
643,train-hard-4gpu-4pod-2vgpu,0.25,0.25,0.16666666666666666,0.25,10.85063432038124,1.7693527539194693,0.23064724608053075,1.0,0.0,1.0,0.0,4,0,8,0,8,4,4,4,0.5420393943786621,0.05,,,,,,,,,,,0.38702562222102765,0.678877844591103
644,train-load-0.5-scenario-184,0.5,0.4784528571428572,0.3394457142857143,0.4784528571428572,11.177784363857025,1.3146035650815855,0.6853964349184146,1.0,0.0,1.0,0.0,6,0,7,0,7,7,6,6,0.8138558268547058,0.05,,,,,,,,,,,0.38702562222102765,0.678877844591103
645,train-load-0.9-scenario-237,0.9,0.7862058749999999,0.5633296875,0.7862058749999999,19.34193382469016,1.206661613374445,0.5076241009112694,0.9285714285714286,0.07142857142857142,0.8666666666666667,0.13333333333333333,13,1,13,2,15,8,14,13,0.5469812154769897,0.05,,,,,,,,,,,0.38702562222102765,0.678877844591103
646,train-load-0.9-scenario-373,0.9,0.782224625,0.6236153124999999,0.782224625,18.683348058312568,0.9410690872111496,0.5255975794555173,0.8666666666666667,0.13333333333333333,0.875,0.125,13,2,14,2,16,8,15,13,0.2887474298477173,0.05,,,,,,,,,,,0.38702562222102765,0.678877844591103
647,train-load-0.9-scenario-318,0.9,1.0104166666666667,1.0104166666666667,0.9,12.18620949652775,0.36140620798458856,0.4957366491582687,0.7142857142857143,0.2857142857142857,0.7142857142857143,0.2857142857142857,10,4,10,4,14,8,14,10,0.28916221857070923,0.05,,,,,,,,,,,0.38702562222102765,0.678877844591103
648,train-load-0.6-scenario-499,0.6,0.6,0.5555555555555556,0.6,16.81829727602728,1.6128330646801512,0.3871669353198488,1.0,0.0,1.0,0.0,9,0,9,0,9,6,9,9,0.5396400690078735,0.05,,,,,,,,,,,0.38702562222102765,0.678877844591103
649,train-load-0.9-scenario-447-retry-1,0.9,0.8021780000000001,0.6535616666666667,0.8021780000000001,14.136410481792947,1.0799338737575623,0.5200661262424378,0.9,0.1,0.8181818181818182,0.18181818181818182,9,1,9,2,11,6,10,9,0.5711557865142822,0.05,,,,,,,,,,,0.38702562222102765,0.678877844591103
650,train-load-0.5-scenario-352,0.5,0.4377415625,0.4377415625,0.36395262500000003,15.375322996259003,1.3622339306332663,0.6377660693667337,1.0,0.0,1.0,0.0,9,0,9,0,9,8,9,9,0.7651695609092712,0.05,,,,,,,,,,,0.38702562222102765,0.678877844591103
651,train-hard-4gpu-4pod-1vgpu,0.25,0.25,0.16666666666666666,0.25,11.544497883017963,1.9166666666666665,0.08333333333333337,1.0,0.0,1.0,0.0,4,0,4,0,4,4,4,4,0.8393204808235168,0.05,,,,,,,,,,,0.38702562222102765,0.678877844591103
652,train-load-0.5-scenario-557-retry-5,0.5,0.45,0.09375,0.45,14.857542072324492,1.2814518267391373,0.7185481732608627,1.0,0.0,1.0,0.0,9,0,9,0,9,4,9,9,0.33811113238334656,0.05,,,,,,,,,,,0.38702562222102765,0.678877844591103
653,train-load-0.9-scenario-547-retry-1,0.9,1.0,1.0,0.5,10.715595882309369,0.10636114490252735,0.5603055217641393,0.6666666666666666,0.3333333333333333,0.6666666666666666,0.3333333333333333,10,5,10,5,15,6,15,10,0.6003323197364807,0.05,,,,,,,,,,,0.38702562222102765,0.678877844591103
654,train-load-0.7-scenario-132-retry-4,0.7,0.8125,0.5416666666666666,0.8125,16.26748371394517,0.9926179127391257,0.3919974718762589,0.8461538461538461,0.15384615384615385,0.8461538461538461,0.15384615384615385,11,2,11,2,13,4,13,11,1.0036530494689941,0.05,,,,,,,,,,,0.38702562222102765,0.678877844591103
655,train-load-0.8-scenario-675,0.8,0.701293,0.3679346875,0.701293,15.58473057435081,1.3880740181792466,0.6119259818207534,1.0,0.0,1.0,0.0,9,0,12,0,12,8,9,9,0.5784162878990173,0.05,,,,,,,,,,,0.38702562222102765,0.678877844591103
656,train-load-0.6-scenario-444,0.6,0.5218291666666667,0.5218291666666667,0.4862245,16.99296782096942,1.407926069203219,0.5920739307967812,1.0,0.0,1.0,0.0,10,0,11,0,11,8,10,10,0.6976334452629089,0.05,,,,,,,,,,,0.38702562222102765,0.678877844591103
657,train-load-1.0-scenario-636,1.0,0.9776323333333333,0.38556125,0.9776323333333333,6.866010750928422,0.25426986279369945,0.7457301372063005,0.75,0.25,0.6,0.4,6,2,6,4,10,6,8,6,0.7225485444068909,0.05,,,,,,,,,,,0.38702562222102765,0.678877844591103
658,train-load-0.9-scenario-39-retry-1,0.9,0.7881643333333334,0.45781145833333337,0.7881643333333334,11.007900644495987,0.7552475923370173,0.8003079632185381,0.8888888888888888,0.1111111111111111,0.8,0.2,8,1,8,2,10,6,9,8,0.5549546480178833,0.05,,,,,,,,,,,0.38702562222102765,0.678877844591103
659,train-load-0.6-scenario-659,0.6,0.5,0.5,0.5,30.079863125503195,1.417975957430559,0.5820240425694408,1.0,0.0,1.0,0.0,20,0,20,0,20,8,20,20,0.31579989194869995,0.05,,,,,,,,,,,0.38702562222102765,0.678877844591103
660,train-load-1.0-scenario-704-retry-2,1.0,1.1166666666666667,0.43333333333333335,1.1166666666666667,4.415641389593353,-0.6348937697630056,0.7887399236091593,0.5384615384615384,0.46153846153846156,0.5384615384615384,0.46153846153846156,7,6,7,6,13,6,13,7,0.48614978790283203,0.05,,,,,,,,,,,0.38702562222102765,0.678877844591103
661,train-load-0.7-scenario-13,0.7,0.74656425,0.3476671875,0.74656425,5.964103388345104,0.5248600176978336,0.6751399823021664,0.8,0.2,0.6666666666666666,0.3333333333333333,4,1,4,2,6,4,5,4,0.31357675790786743,0.05,,,,,,,,,,,0.38702562222102765,0.678877844591103
662,train-hard-8gpu-16pod-1vgpu,0.5,0.5,0.3333333333333333,0.5,24.089262322787604,1.2821351435282102,0.7178648564717898,1.0,0.0,1.0,0.0,16,0,16,0,16,8,16,16,0.4211917519569397,0.05,,,,,,,,,,,0.38702562222102765,0.678877844591103
663,train-load-0.9-scenario-350-retry-1,0.9,0.85,0.7083333333333334,0.85,22.368105824760978,1.171603302554416,0.3578084621514662,0.8823529411764706,0.11764705882352941,0.8823529411764706,0.11764705882352941,15,2,15,2,17,4,17,15,0.4395448565483093,0.05,,,,,,,,,,,0.38702562222102765,0.678877844591103
664,train-load-0.7-scenario-564,0.7,0.5989583333333334,0.5989583333333334,0.2,22.767349583568176,1.2437981495058366,0.5062018504941633,0.9375,0.0625,0.9375,0.0625,15,1,15,1,16,8,16,15,0.39064761996269226,0.05,,,,,,,,,,,0.38702562222102765,0.678877844591103
665,train-load-0.6-scenario-152,0.6,0.5488580000000001,0.3163455729166667,0.5488580000000001,12.992024578201688,1.2182075358837534,0.7817924641162466,1.0,0.0,1.0,0.0,8,0,8,0,8,8,8,8,0.3567522168159485,0.05,,,,,,,,,,,0.38702562222102765,0.678877844591103
666,train-load-0.8-scenario-551,0.8,0.6897827142857142,0.4294826785714286,0.6897827142857142,16.53549410275879,1.3686354953497537,0.6313645046502463,1.0,0.0,1.0,0.0,10,0,11,0,11,7,10,10,0.35750842094421387,0.05,,,,,,,,,,,0.38702562222102765,0.678877844591103
667,train-load-0.7-scenario-562,0.7,0.7714285714285715,0.32142857142857145,0.7714285714285715,8.88643970390866,0.46315730111602793,0.6479538099950832,0.7777777777777778,0.2222222222222222,0.7777777777777778,0.2222222222222222,7,2,7,2,9,7,9,7,0.3286329507827759,0.05,,,,,,,,,,,0.38702562222102765,0.678877844591103
668,train-load-1.0-scenario-21-retry-10,1.0,0.9166666666666666,0.9166666666666666,0.4166666666666667,5.513001595305934,-0.11790248142426618,0.5179024814242661,0.6,0.4,0.6,0.4,6,4,6,4,10,6,10,6,0.29939576983451843,0.05,,,,,,,,,,,0.38702562222102765,0.678877844591103
669,train-load-1.0-scenario-744-retry-3,1.0,1.0625,0.5833333333333334,1.0625,4.104571636235749,-0.2060831930882261,0.7060831930882261,0.625,0.375,0.625,0.375,5,3,5,3,8,4,8,5,0.27756762504577637,0.05,,,,,,,,,,,0.38702562222102765,0.678877844591103
670,train-load-0.5-scenario-742-retry-1,0.5,0.45,0.45,0.3,21.601804333349826,1.6747724789892326,0.32522752101076746,1.0,0.0,1.0,0.0,12,0,12,0,12,4,12,12,0.24005833268165588,0.05,,,,,,,,,,,0.38702562222102765,0.678877844591103
671,train-load-0.9-scenario-150-retry-2,0.9,1.0,0.2777777777777778,1.0,5.383699440611238,-0.1132713423210221,0.513271342321022,0.6,0.4,0.6,0.4,6,4,6,4,10,6,10,6,0.438819944858551,0.05,,,,,,,,,,,0.38702562222102765,0.678877844591103
672,train-load-0.8-scenario-467,0.8,0.713368,0.4828194444444444,0.713368,9.799449226464766,0.8828999168829869,0.5456715116884417,0.8571428571428571,0.14285714285714285,0.7777777777777778,0.2222222222222222,6,1,7,2,9,6,7,6,0.24829749763011932,0.05,,,,,,,,,,,0.38702562222102765,0.678877844591103
673,train-load-0.8-scenario-200,0.8,0.7142857142857143,0.7142857142857143,0.42857142857142855,19.801424028483723,1.1021434212604477,0.36452324540621894,0.8666666666666667,0.13333333333333333,0.8666666666666667,0.13333333333333333,13,2,13,2,15,7,15,13,0.5178130269050598,0.05,,,,,,,,,,,0.38702562222102765,0.678877844591103
674,train-load-1.0-scenario-165,1.0,0.92741125,0.92741125,0.730282,12.337840705644968,0.5501487733131254,0.44985122668687455,0.75,0.25,0.75,0.25,9,3,9,3,12,5,12,9,0.32135069370269775,0.05,,,,,,,,,,,0.38702562222102765,0.678877844591103
675,train-hard-8gpu-16pod-1vgpu,0.5,0.5,0.3333333333333333,0.5,24.04554471260682,1.2821351435282102,0.7178648564717898,1.0,0.0,1.0,0.0,16,0,16,0,16,8,16,16,0.24593184888362885,0.05,,,,,,,,,,,0.38702562222102765,0.678877844591103
676,train-load-0.9-scenario-460-retry-4,0.9,1.0,0.4,1.0,4.358995164267691,-0.08087986229267585,0.5808798622926759,0.625,0.375,0.625,0.375,5,3,5,3,8,5,8,5,0.3447749614715576,0.05,,,,,,,,,,,0.38702562222102765,0.678877844591103
677,train-load-0.8-scenario-522-retry-2,0.8,0.8833333333333333,0.4444444444444444,0.8833333333333333,10.664635605376949,0.6019311105379882,0.5980688894620119,0.8,0.2,0.8,0.2,8,2,8,2,10,6,10,8,0.4157668352127075,0.05,,,,,,,,,,,0.38702562222102765,0.678877844591103
678,train-load-0.8-scenario-430-retry-1,0.8,0.8666666666666667,0.3625,0.8666666666666667,12.137769368795468,0.9302743501772027,0.6252812053783527,0.8888888888888888,0.1111111111111111,0.9090909090909091,0.09090909090909091,8,1,10,1,11,6,9,8,0.42572349309921265,0.05,,,,,,,,,,,0.38702562222102765,0.678877844591103
679,train-load-1.0-scenario-70-retry-5,1.0,0.8888888888888888,0.8888888888888888,0.85,7.3556402610649,-0.21452091315217137,0.5002351988664571,0.5714285714285714,0.42857142857142855,0.5714285714285714,0.42857142857142855,8,6,8,6,14,6,14,8,0.18508349359035492,0.05,,,,,,,,,,,0.38702562222102765,0.678877844591103
680,train-load-0.7-scenario-139-retry-1,0.7,0.5833333333333334,0.3888888888888889,0.5833333333333334,23.02839363791974,1.5272432881544136,0.47275671184558643,1.0,0.0,1.0,0.0,14,0,14,0,14,6,14,14,0.3827293813228607,0.05,,,,,,,,,,,0.38702562222102765,0.678877844591103
681,train-load-0.9-scenario-163-retry-3,0.9,0.875,0.875,0.8,12.389469404653969,1.2138992442860201,0.28610075571397986,0.875,0.125,0.7777777777777778,0.2222222222222222,7,1,7,2,9,4,8,7,0.4863477349281311,0.05,,,,,,,,,,,0.38702562222102765,0.678877844591103
682,train-load-1.0-scenario-243,1.0,0.88251875,0.88251875,0.841040625,22.245739388289117,1.1703679326041994,0.35904383210168284,0.8823529411764706,0.11764705882352941,0.8421052631578947,0.15789473684210525,15,2,16,3,19,8,17,15,0.421073317527771,0.05,,,,,,,,,,,0.38702562222102765,0.678877844591103
683,train-load-0.9-scenario-11,0.9,0.8965868333333333,0.6062889583333334,0.8965868333333333,10.348388069417057,0.5057649535978671,0.694235046402133,0.8,0.2,0.7272727272727273,0.2727272727272727,8,2,8,3,11,6,10,8,0.5381014347076416,0.05,,,,,,,,,,,0.38702562222102765,0.678877844591103
684,train-load-0.8-scenario-169-retry-1,0.8,0.8571428571428571,0.8571428571428571,0.5571428571428572,7.2610064368317175,-0.08294506101476318,0.4162783943480966,0.5833333333333334,0.4166666666666667,0.5833333333333334,0.4166666666666667,7,5,7,5,12,7,12,7,0.4756588339805603,0.05,,,,,,,,,,,0.38702562222102765,0.678877844591103
685,train-load-0.8-scenario-264,0.8,0.6973718,0.3994683333333333,0.6973718,12.430964881507226,1.3671923426524888,0.6328076573475112,1.0,0.0,1.0,0.0,7,0,7,0,7,5,7,7,0.19762200117111206,0.05,,,,,,,,,,,0.38702562222102765,0.678877844591103
686,train-load-0.5-scenario-362,0.5,0.6,0.6,0.2,14.220517554043559,1.3970741927654695,0.6029258072345305,1.0,0.0,1.0,0.0,8,0,8,0,8,8,8,8,0.24996644258499146,0.05,,,,,,,,,,,0.38702562222102765,0.678877844591103
687,train-load-0.5-scenario-176-retry-3,0.5,0.42857142857142855,0.17857142857142858,0.42857142857142855,23.83473804199825,1.4356700629318135,0.5643299370681865,1.0,0.0,1.0,0.0,15,0,15,0,15,7,15,15,0.26284167170524597,0.05,,,,,,,,,,,0.38702562222102765,0.678877844591103
688,train-load-0.7-scenario-189,0.7,0.75,0.025,0.75,8.963026848228319,0.6096142244020575,0.8903857755979425,0.875,0.125,0.875,0.125,7,1,7,1,8,8,8,7,0.2800901532173157,0.05,,,,,,,,,,,0.38702562222102765,0.678877844591103
689,train-load-0.5-scenario-391,0.5,0.478635625,0.2696630208333333,0.478635625,13.17040687239886,1.2227378660812247,0.7772621339187753,1.0,0.0,1.0,0.0,8,0,8,0,8,8,8,8,0.6916519999504089,0.05,,,,,,,,,,,0.38702562222102765,0.678877844591103
690,train-load-0.7-scenario-231-retry-1,0.7,0.8,0.4166666666666667,0.8,6.041765493564598,0.005146074031269543,0.6615205926353971,0.6666666666666666,0.3333333333333333,0.6666666666666666,0.3333333333333333,6,3,6,3,9,6,9,6,0.5084496140480042,0.05,,,,,,,,,,,0.38702562222102765,0.678877844591103
691,train-load-0.7-scenario-226-retry-11,0.7,0.8,0.64,0.8,6.437616702885389,0.19313341632195313,0.3068665836780469,0.625,0.375,0.625,0.375,5,3,5,3,8,5,8,5,0.3527398109436035,0.05,,,,,,,,,,,0.38702562222102765,0.678877844591103
692,train-load-0.6-scenario-579-retry-3,0.6,0.5857142857142857,0.5714285714285714,0.5857142857142857,18.552887182199783,1.6561552904672077,0.3438447095327923,1.0,0.0,1.0,0.0,10,0,10,0,10,7,10,10,0.416776180267334,0.05,,,,,,,,,,,0.38702562222102765,0.678877844591103
693,train-load-0.9-scenario-74,0.9,0.8315207142857142,0.6245017857142857,0.8315207142857142,14.663514199205158,0.7030487571382773,0.6815666274771073,0.8461538461538461,0.15384615384615385,0.8461538461538461,0.15384615384615385,11,2,11,2,13,7,13,11,0.5037187933921814,0.05,,,,,,,,,,,0.38702562222102765,0.678877844591103
694,train-load-1.0-scenario-492-retry-5,1.0,1.0833333333333333,0.375,1.0833333333333333,10.068635868362069,0.5354400980085213,0.6645599019914787,0.8,0.2,0.7333333333333333,0.26666666666666666,8,2,11,4,15,6,10,8,0.41309279203414917,0.05,,,,,,,,,,,0.38702562222102765,0.678877844591103
695,train-load-1.0-scenario-183-retry-7,1.0,1.0625,1.0625,0.425,5.657544080999685,-0.6018881031357664,0.48424104431223686,0.47058823529411764,0.5294117647058824,0.47058823529411764,0.5294117647058824,8,9,8,9,17,8,17,8,0.29652807116508484,0.05,,,,,,,,,,,0.38702562222102765,0.678877844591103
696,train-load-1.0-scenario-262-retry-2,1.0,0.9125211666666666,0.6770279166666667,0.9125211666666666,9.102725635372455,0.24826649818265645,0.6608244109082527,0.7272727272727273,0.2727272727272727,0.6153846153846154,0.38461538461538464,8,3,8,5,13,6,11,8,0.7950513958930969,0.05,,,,,,,,,,,0.38702562222102765,0.678877844591103
697,train-load-0.5-scenario-472,0.5,0.471676,0.3375790625,0.471676,14.551262682905197,1.443824131639797,0.5561758683602029,1.0,0.0,1.0,0.0,8,0,9,0,9,8,8,8,0.3898260295391083,0.05,,,,,,,,,,,0.38702562222102765,0.678877844591103
698,train-load-0.5-scenario-43,0.5,0.46875,0.15625,0.46875,23.288036924776513,1.3649286618935599,0.6350713381064401,1.0,0.0,1.0,0.0,15,0,15,0,15,8,15,15,0.44638440012931824,0.05,,,,,,,,,,,0.38702562222102765,0.678877844591103
699,train-load-0.9-scenario-37,0.9,0.99375,0.3645833333333333,0.99375,10.047938022867122,0.40709675067381523,0.5019941584170939,0.7272727272727273,0.2727272727272727,0.7272727272727273,0.2727272727272727,8,3,8,3,11,8,11,8,0.39488741755485535,0.05,,,,,,,,,,,0.38702562222102765,0.678877844591103
700,train-load-0.7-scenario-348,0.7,0.617630875,0.48344453125,0.617630875,18.277618544205218,1.241983618784653,0.7580163812153471,1.0,0.0,1.0,0.0,12,0,12,0,12,8,12,12,0.4190666079521179,0.05,0.3696727802476026,0.5322775745659809,0.7254875887033959,0.27451241129660414,0.7116576303087593,0.28834236969124066,0.6836420328937901,0.7513995178776824,0.2685136285793578,0.7112606149937718,0.3696727802476026,0.6836420328937901
701,train-load-0.9-scenario-695-retry-3,0.9,1.0,1.0,0.3,5.583768730124089,-0.3352141790977582,0.6685475124310916,0.5833333333333334,0.4166666666666667,0.5833333333333334,0.4166666666666667,7,5,7,5,12,8,12,7,0.3450036346912384,0.05,,,,,,,,,,,0.3696727802476026,0.6836420328937901
702,train-load-0.5-scenario-131,0.5,0.5625,0.4895833333333333,0.5625,20.82507636529293,1.6112600900867724,0.38873990991322754,1.0,0.0,1.0,0.0,12,0,12,0,12,4,12,12,0.2625768482685089,0.05,,,,,,,,,,,0.3696727802476026,0.6836420328937901
703,train-load-0.8-scenario-130,0.8,0.71512875,0.71512875,0.6926281666666667,13.137257453450479,0.9216547781460536,0.6783452218539465,0.9,0.1,0.8181818181818182,0.18181818181818182,9,1,9,2,11,6,10,9,0.2671082317829132,0.05,,,,,,,,,,,0.3696727802476026,0.6836420328937901
704,train-load-0.6-scenario-397-retry-3,0.6,0.6428571428571429,0.10714285714285714,0.6428571428571429,8.639840106807997,0.4352985794266132,0.675812531684498,0.7777777777777778,0.2222222222222222,0.7777777777777778,0.2222222222222222,7,2,7,2,9,7,9,7,0.6126776933670044,0.05,,,,,,,,,,,0.3696727802476026,0.6836420328937901
705,train-load-0.9-scenario-504,0.9,0.8134125,0.8134125,0.7510618333333333,16.236001698154038,1.1528564812627273,0.4835071551009089,0.9090909090909091,0.09090909090909091,0.8461538461538461,0.15384615384615385,10,1,11,2,13,6,11,10,0.3082358241081238,0.05,,,,,,,,,,,0.3696727802476026,0.6836420328937901
706,train-load-0.6-scenario-465-retry-2,0.6,0.625,0.625,0.125,10.603684383425232,0.53586427907887,0.66413572092113,0.8,0.2,0.8,0.2,8,2,8,2,10,8,10,8,0.40984106063842773,0.05,,,,,,,,,,,0.3696727802476026,0.6836420328937901
707,train-load-0.5-scenario-22-retry-3,0.5,0.5,0.16666666666666666,0.5,19.452569232265738,1.3363384605199287,0.6636615394800713,1.0,0.0,1.0,0.0,12,0,12,0,12,6,12,12,0.4224564731121063,0.05,,,,,,,,,,,0.3696727802476026,0.6836420328937901
708,train-load-0.6-scenario-25,0.6,0.5298247142857143,0.22678690476190477,0.5298247142857143,8.954244917060999,1.1600616447191676,0.8399383552808324,1.0,0.0,1.0,0.0,5,0,7,0,7,7,5,5,0.6293964982032776,0.05,,,,,,,,,,,0.3696727802476026,0.6836420328937901
709,train-load-0.8-scenario-540,0.8,0.77823725,0.40948229166666666,0.77823725,8.305788587084123,1.3120512604145158,0.6879487395854842,1.0,0.0,1.0,0.0,4,0,5,0,5,4,4,4,0.2875009775161743,0.05,,,,,,,,,,,0.3696727802476026,0.6836420328937901
710,train-load-0.8-scenario-142-retry-2,0.8,0.9,0.25,0.9,8.062165621150564,0.031495769887441516,0.6351708967792251,0.6666666666666666,0.3333333333333333,0.6666666666666666,0.3333333333333333,8,4,8,4,12,8,12,8,0.311400443315506,0.05,,,,,,,,,,,0.3696727802476026,0.6836420328937901
711,train-load-0.9-scenario-249-retry-1,0.9,0.8,0.8,0.5,20.06912117713006,1.2468469947693355,0.46743871951637883,0.9285714285714286,0.07142857142857142,0.9285714285714286,0.07142857142857142,13,1,13,1,14,7,14,13,0.5642374157905579,0.05,,,,,,,,,,,0.3696727802476026,0.6836420328937901
712,train-load-0.9-scenario-671-retry-3,0.9,1.02,0.66,1.02,5.797289023577747,-0.006414243602263614,0.6730809102689302,0.6666666666666666,0.3333333333333333,0.6666666666666666,0.3333333333333333,6,3,6,3,9,5,9,6,0.34089428186416626,0.05,,,,,,,,,,,0.3696727802476026,0.6836420328937901
713,train-hard-4gpu-12pod-small,0.375,0.375,0.25,0.375,22.316746824526945,1.875,0.125,1.0,0.0,1.0,0.0,12,0,12,0,12,4,12,12,0.33254319429397583,0.05,,,,,,,,,,,0.3696727802476026,0.6836420328937901
714,train-load-0.8-scenario-227-retry-6,0.8,0.7714285714285715,0.4142857142857143,0.7714285714285715,8.172198747103382,0.10561229208613165,0.43984225336841376,0.6363636363636364,0.36363636363636365,0.6363636363636364,0.36363636363636365,7,4,7,4,11,7,11,7,0.4057997465133667,0.05,,,,,,,,,,,0.3696727802476026,0.6836420328937901
715,train-load-0.8-scenario-480,0.8,0.7962605,0.42220593749999996,0.7962605,7.4410607136097635,0.6786202041213818,0.6547131292119517,0.8333333333333334,0.16666666666666666,0.8333333333333334,0.16666666666666666,5,1,5,1,6,4,6,5,0.4946129024028778,0.05,,,,,,,,,,,0.3696727802476026,0.6836420328937901
716,train-load-0.8-scenario-45-retry-2,0.8,0.6875,0.057291666666666664,0.6875,9.693663907051036,0.3362477967713903,0.5728431123195189,0.7272727272727273,0.2727272727272727,0.7272727272727273,0.2727272727272727,8,3,8,3,11,8,11,8,0.4826728105545044,0.05,,,,,,,,,,,0.3696727802476026,0.6836420328937901
717,train-load-0.9-scenario-79,0.9,0.9283995,0.54401875,0.9283995,2.7371610611494734,-0.15862786009978969,0.5586278600997896,0.6,0.4,0.42857142857142855,0.5714285714285714,3,2,3,4,7,4,5,3,0.4670805335044861,0.05,,,,,,,,,,,0.3696727802476026,0.6836420328937901
718,train-load-0.5-scenario-202,0.5,0.46441857142857146,0.3540692857142857,0.46441857142857146,13.810478316781845,1.2870371229574618,0.7129628770425384,1.0,0.0,1.0,0.0,8,0,8,0,8,7,8,8,0.28133440017700195,0.05,,,,,,,,,,,0.3696727802476026,0.6836420328937901
719,train-load-0.7-scenario-32,0.7,0.6493635000000001,0.2590075,0.6493635000000001,9.037343742621392,1.4211187290023692,0.5788812709976308,1.0,0.0,1.0,0.0,4,0,5,0,5,4,4,4,0.34655922651290894,0.05,,,,,,,,,,,0.3696727802476026,0.6836420328937901
720,train-load-0.9-scenario-591-retry-2,0.9,1.0166666666666666,0.9333333333333333,1.0166666666666666,5.940691423248943,-0.12407810954842613,0.30589629136660795,0.5454545454545454,0.45454545454545453,0.5454545454545454,0.45454545454545453,6,5,6,5,11,6,11,6,0.2923890948295593,0.05,,,,,,,,,,,0.3696727802476026,0.6836420328937901
721,train-load-0.8-scenario-377-retry-4,0.8,0.9,0.9,0.85,15.47827225208836,1.3226710000979747,0.2773289999020254,0.9,0.1,0.9,0.1,9,1,9,1,10,5,10,9,0.664055347442627,0.05,,,,,,,,,,,0.3696727802476026,0.6836420328937901
722,train-load-0.6-scenario-199,0.6,0.5121544,0.3856191666666667,0.5121544,9.168559822674993,1.0057698195174438,0.9942301804825562,1.0,0.0,1.0,0.0,6,0,6,0,6,5,6,6,0.33126968145370483,0.05,,,,,,,,,,,0.3696727802476026,0.6836420328937901
723,train-load-1.0-scenario-99-retry-1,1.0,0.9339352,0.6118933333333333,0.9339352,6.566035709942778,0.11109529157542586,0.5555713750912408,0.6666666666666666,0.3333333333333333,0.6,0.4,6,3,6,4,10,5,9,6,0.6703038215637207,0.05,,,,,,,,,,,0.3696727802476026,0.6836420328937901
724,train-load-0.5-scenario-143-retry-5,0.5,0.525,0.4375,0.525,16.06302117510789,1.4582067791554496,0.5417932208445504,1.0,0.0,1.0,0.0,9,0,9,0,9,8,9,9,0.3367327153682709,0.05,,,,,,,,,,,0.3696727802476026,0.6836420328937901
725,train-load-0.5-scenario-104,0.5,0.48332371428571425,0.24992428571428568,0.48332371428571425,9.523248137437538,1.2389407368508876,0.7610592631491124,1.0,0.0,1.0,0.0,5,0,6,0,6,7,5,5,0.34985339641571045,0.05,,,,,,,,,,,0.3696727802476026,0.6836420328937901
726,train-load-0.9-scenario-534-retry-1,0.9,0.8125,0.15625,0.8125,15.504632160598483,0.41923761643773017,0.6395859129740344,0.7647058823529411,0.23529411764705882,0.7647058823529411,0.23529411764705882,13,4,13,4,17,8,17,13,0.45364636182785034,0.05,,,,,,,,,,,0.3696727802476026,0.6836420328937901
727,train-load-0.9-scenario-81-retry-2,0.9,1.0,0.16666666666666666,1.0,1.8035824740357747,-0.5812606834988782,0.5812606834988782,0.5,0.5,0.5,0.5,4,4,4,4,8,4,8,4,0.5148945450782776,0.05,,,,,,,,,,,0.3696727802476026,0.6836420328937901
728,train-load-0.7-scenario-741,0.7,0.624185625,0.60727515625,0.624185625,12.949197929557258,0.6015616617559785,0.731771671577355,0.8333333333333334,0.16666666666666666,0.8461538461538461,0.15384615384615385,10,2,11,2,13,8,12,10,0.42325106263160706,0.05,,,,,,,,,,,0.3696727802476026,0.6836420328937901
729,train-load-0.9-scenario-680,0.9,0.8687325,0.6829359375,0.8687325,7.1188833705497245,0.43651249086757327,0.42063036627528394,0.7142857142857143,0.2857142857142857,0.75,0.25,5,2,6,2,8,4,7,5,0.21264831721782684,0.05,,,,,,,,,,,0.3696727802476026,0.6836420328937901
730,train-load-1.0-scenario-100-retry-6,1.0,1.0166666666666666,1.0166666666666666,0.6333333333333333,18.816915225518507,0.4763530068986723,0.681541729943433,0.7894736842105263,0.21052631578947367,0.68,0.32,15,4,17,8,25,6,19,15,0.3485085368156433,0.05,,,,,,,,,,,0.3696727802476026,0.6836420328937901
731,train-load-0.7-scenario-574,0.7,0.6857142857142857,0.6857142857142857,0.5714285714285714,25.32821292199163,1.4801679413363327,0.5198320586636673,1.0,0.0,1.0,0.0,16,0,16,0,16,7,16,16,0.42780232429504395,0.05,,,,,,,,,,,0.3696727802476026,0.6836420328937901
732,train-load-0.7-scenario-213,0.7,0.6249092857142856,0.41971374999999994,0.6249092857142856,14.658060920858006,1.265715702277583,0.7342842977224171,1.0,0.0,1.0,0.0,9,0,10,0,10,7,9,9,0.38351884484291077,0.05,,,,,,,,,,,0.3696727802476026,0.6836420328937901
733,train-load-1.0-scenario-713-retry-1,1.0,1.1,0.31666666666666665,1.1,2.115278806280112,-0.5612172300834664,0.7834394523056887,0.5555555555555556,0.4444444444444444,0.5555555555555556,0.4444444444444444,5,4,5,4,9,5,9,5,0.37943530082702637,0.05,,,,,,,,,,,0.3696727802476026,0.6836420328937901
734,train-load-0.8-scenario-635,0.8,0.68,0.5333333333333333,0.68,18.00027182467813,1.4327729546600783,0.5672270453399217,1.0,0.0,1.0,0.0,11,0,11,0,11,5,11,11,0.3269229233264923,0.05,,,,,,,,,,,0.3696727802476026,0.6836420328937901
735,train-load-0.5-scenario-266-retry-1,0.5,0.425,0.4,0.425,8.049888230486491,0.4554486430678957,0.5445513569321043,0.75,0.25,0.75,0.25,6,2,6,2,8,8,8,6,0.4868420660495758,0.05,,,,,,,,,,,0.3696727802476026,0.6836420328937901
736,train-load-0.9-scenario-514,0.9,0.7857142857142857,0.7857142857142857,0.15714285714285714,6.834519036973047,-0.04336656217869217,0.5888211076332376,0.6363636363636364,0.36363636363636365,0.6363636363636364,0.36363636363636365,7,4,7,4,11,7,11,7,0.564403235912323,0.05,,,,,,,,,,,0.3696727802476026,0.6836420328937901
737,train-load-0.5-scenario-693,0.5,0.5893932500000001,0.343153125,0.5893932500000001,8.473454640882924,1.328375943370077,0.671624056629923,1.0,0.0,1.0,0.0,4,0,5,0,5,4,4,4,0.36149150133132935,0.05,,,,,,,,,,,0.3696727802476026,0.6836420328937901
738,train-load-0.9-scenario-452,0.9,0.8464028125,0.8464028125,0.75065325,6.780152434039555,0.2949529280806438,0.7050470719193562,0.75,0.25,0.6666666666666666,0.3333333333333333,6,2,6,3,9,4,8,6,0.5101022124290466,0.05,,,,,,,,,,,0.3696727802476026,0.6836420328937901
739,train-load-0.9-scenario-23,0.9,0.829962375,0.4835084375,0.829962375,15.344552090075824,0.9066482650377085,0.7600184016289582,0.9166666666666666,0.08333333333333333,0.8461538461538461,0.15384615384615385,11,1,11,2,13,8,12,11,0.5377971529960632,0.05,,,,,,,,,,,0.3696727802476026,0.6836420328937901
740,train-load-0.8-scenario-441,0.8,0.6817221428571429,0.6817221428571429,0.6276041428571428,13.316508229128859,0.9301553274806975,0.6698446725193027,0.9,0.1,0.8461538461538461,0.15384615384615385,9,1,11,2,13,7,10,9,0.2856501340866089,0.05,,,,,,,,,,,0.3696727802476026,0.6836420328937901
741,train-load-0.5-scenario-364,0.5,0.5714285714285714,0.5714285714285714,0.2857142857142857,17.62018797968552,1.5060135424940762,0.49398645750592374,1.0,0.0,1.0,0.0,10,0,10,0,10,7,10,10,0.38725581765174866,0.05,,,,,,,,,,,0.3696727802476026,0.6836420328937901
742,train-load-0.9-scenario-258-retry-1,0.9,0.7926638333333333,0.72383625,0.7926638333333333,11.519769625919508,0.2852234197140301,0.7916996572090469,0.7692307692307693,0.23076923076923078,0.7692307692307693,0.23076923076923078,10,3,10,3,13,6,13,10,0.3505321741104126,0.05,,,,,,,,,,,0.3696727802476026,0.6836420328937901
743,train-load-0.7-scenario-93-retry-5,0.7,0.7857142857142857,0.7857142857142857,0.6285714285714286,8.670151916749163,0.2592693757265845,0.2861851697279609,0.6363636363636364,0.36363636363636365,0.6363636363636364,0.36363636363636365,7,4,7,4,11,7,11,7,0.6103079319000244,0.05,,,,,,,,,,,0.3696727802476026,0.6836420328937901
744,train-hard-4gpu-4pod-1vgpu,0.25,0.25,0.16666666666666666,0.25,11.544497883017963,1.9166666666666665,0.08333333333333337,1.0,0.0,1.0,0.0,4,0,4,0,4,4,4,4,0.3540918231010437,0.05,,,,,,,,,,,0.3696727802476026,0.6836420328937901
745,train-load-0.6-scenario-680,0.6,0.4857142857142857,0.45714285714285713,0.4857142857142857,10.311297425185181,0.7670210352481588,0.7329789647518411,0.875,0.125,0.875,0.125,7,1,7,1,8,7,8,7,0.5145442485809326,0.05,,,,,,,,,,,0.3696727802476026,0.6836420328937901
746,train-load-0.9-scenario-236,0.9,0.8080048750000001,0.4204234375,0.8080048750000001,14.046401275007529,0.9058267533799571,0.7305368829836791,0.9090909090909091,0.09090909090909091,0.8333333333333334,0.16666666666666666,10,1,10,2,12,8,11,10,0.40693387389183044,0.05,,,,,,,,,,,0.3696727802476026,0.6836420328937901
747,train-load-1.0-scenario-370-retry-6,1.0,1.075,0.8229166666666666,1.075,8.159087784320173,-0.4708268042967555,0.5760899621914923,0.5263157894736842,0.47368421052631576,0.5263157894736842,0.47368421052631576,10,9,10,9,19,8,19,10,0.3862893879413605,0.05,,,,,,,,,,,0.3696727802476026,0.6836420328937901
748,train-load-1.0-scenario-708-retry-1,1.0,1.0416666666666667,1.0416666666666667,0.65,7.044343364554194,-0.01993118394155602,0.5653857293961014,0.6363636363636364,0.36363636363636365,0.6363636363636364,0.36363636363636365,7,4,7,4,11,6,11,7,0.7118784189224243,0.05,,,,,,,,,,,0.3696727802476026,0.6836420328937901
749,train-load-1.0-scenario-202-retry-5,1.0,1.1,0.9333333333333333,1.1,5.467314561282397,-0.20744202145183066,0.6074420214518306,0.6,0.4,0.6,0.4,6,4,6,4,10,5,10,6,0.48449185490608215,0.05,,,,,,,,,,,0.3696727802476026,0.6836420328937901
750,train-load-0.6-scenario-601,0.6,0.6069159999999999,0.27050124999999997,0.6069159999999999,10.597012621646652,1.1851856673921648,0.8148143326078353,1.0,0.0,1.0,0.0,6,0,6,0,6,5,6,6,0.5424325466156006,0.05,,,,,,,,,,,0.3696727802476026,0.6836420328937901
751,train-load-0.9-scenario-66,0.9,0.8666666666666667,0.7222222222222222,0.8666666666666667,5.4827979996812966,-0.3122626399352283,0.6455959732685617,0.5833333333333334,0.4166666666666667,0.5833333333333334,0.4166666666666667,7,5,7,5,12,6,12,7,0.4181461036205292,0.05,,,,,,,,,,,0.3696727802476026,0.6836420328937901
752,train-load-0.6-scenario-498,0.6,0.5101222857142858,0.2269327380952381,0.5101222857142858,10.657618125505529,1.2124817914391468,0.7875182085608532,1.0,0.0,1.0,0.0,6,0,6,0,6,7,6,6,0.48948153853416443,0.05,,,,,,,,,,,0.3696727802476026,0.6836420328937901
753,train-load-0.8-scenario-673-retry-1,0.8,0.7291666666666666,0.7291666666666666,0.475,30.08598290832435,1.6141083295093377,0.3858916704906623,1.0,0.0,1.0,0.0,19,0,19,0,19,8,19,19,0.41972923278808594,0.05,,,,,,,,,,,0.3696727802476026,0.6836420328937901
754,train-load-0.8-scenario-96,0.8,0.7234139999999999,0.5128334375,0.7234139999999999,1.5939384564607408,-0.3344281062776925,1.0010947729443591,0.6666666666666666,0.3333333333333333,0.6666666666666666,0.3333333333333333,4,2,4,2,6,4,6,4,0.30217158794403076,0.05,,,,,,,,,,,0.3696727802476026,0.6836420328937901
755,train-load-0.5-scenario-92-retry-1,0.5,0.5357142857142857,0.5357142857142857,0.44285714285714284,14.198588990473272,1.3994952527234048,0.6005047472765953,1.0,0.0,1.0,0.0,8,0,11,0,11,7,8,8,0.27530866861343384,0.05,,,,,,,,,,,0.3696727802476026,0.6836420328937901
756,train-load-1.0-scenario-71,1.0,0.9213144285714284,0.39687857142857147,0.9213144285714284,13.270939822137157,0.6797397826956715,0.653593550637662,0.8333333333333334,0.16666666666666666,0.8333333333333334,0.16666666666666666,10,2,10,2,12,7,12,10,0.3835749328136444,0.05,,,,,,,,,,,0.3696727802476026,0.6836420328937901
757,train-load-0.7-scenario-115,0.7,0.8175609999999999,0.30272499999999997,0.8175609999999999,4.322041493004857,0.4086550154460129,0.5913449845539871,0.75,0.25,0.6666666666666666,0.3333333333333333,3,1,4,2,6,4,4,3,0.3950040936470032,0.05,,,,,,,,,,,0.3696727802476026,0.6836420328937901
758,train-load-0.6-scenario-589-retry-3,0.6,0.675,0.675,0.45,13.300693767682791,1.1159757506235444,0.4395798049320109,0.8888888888888888,0.1111111111111111,0.8888888888888888,0.1111111111111111,8,1,8,1,9,4,9,8,0.5284852385520935,0.05,,,,,,,,,,,0.3696727802476026,0.6836420328937901
759,train-load-0.6-scenario-683,0.6,0.6916085,0.3597659375,0.6916085,10.095161634840952,1.3465113523708439,0.6534886476291561,1.0,0.0,1.0,0.0,5,0,5,0,5,4,5,5,0.5047885775566101,0.05,,,,,,,,,,,0.3696727802476026,0.6836420328937901
760,train-load-1.0-scenario-159,1.0,0.9202881666666667,0.7755486111111112,0.9202881666666667,13.14851994810183,0.5537176410127428,0.5232054359103343,0.7692307692307693,0.23076923076923078,0.7142857142857143,0.2857142857142857,10,3,10,4,14,6,13,10,0.2738228440284729,0.05,,,,,,,,,,,0.3696727802476026,0.6836420328937901
761,train-load-0.5-scenario-212,0.5,0.6,0.6,0.51,11.881411417547513,1.047967657141677,0.45203234285832294,0.875,0.125,0.875,0.125,7,1,7,1,8,5,8,7,0.2808926999568939,0.05,,,,,,,,,,,0.3696727802476026,0.6836420328937901
762,train-hard-4gpu-4pod-2vgpu,0.25,0.25,0.16666666666666666,0.25,11.616666666666667,1.9166666666666665,0.08333333333333337,1.0,0.0,1.0,0.0,4,0,8,0,8,4,4,4,0.3036653995513916,0.05,,,,,,,,,,,0.3696727802476026,0.6836420328937901
763,train-load-0.8-scenario-23-retry-1,0.8,0.9142857142857143,0.10119047619047619,0.9142857142857143,16.304077337846824,0.4784403138489171,0.8156773332099063,0.8235294117647058,0.17647058823529413,0.8235294117647058,0.17647058823529413,14,3,14,3,17,7,17,14,0.5685763359069824,0.05,,,,,,,,,,,0.3696727802476026,0.6836420328937901
764,train-load-0.7-scenario-591,0.7,0.7161142,0.6402265,0.7161142,11.451235566871631,1.0279807966412682,0.4720192033587318,0.875,0.125,0.7777777777777778,0.2222222222222222,7,1,7,2,9,5,8,7,0.5950236320495605,0.05,,,,,,,,,,,0.3696727802476026,0.6836420328937901
765,train-load-0.8-scenario-135,0.8,0.7027925,0.5710402777777778,0.7027925,12.740658757026692,0.8997893323411277,0.7002106676588724,0.9,0.1,0.9,0.1,9,1,9,1,10,6,10,9,0.8368394374847412,0.05,,,,,,,,,,,0.3696727802476026,0.6836420328937901
766,train-load-0.5-scenario-321,0.5,0.4767421666666667,0.4452291666666667,0.4767421666666667,13.021048697117402,1.1464969756847634,0.8535030243152366,1.0,0.0,1.0,0.0,8,0,8,0,8,6,8,8,0.5148379802703857,0.05,,,,,,,,,,,0.3696727802476026,0.6836420328937901
767,train-load-0.9-scenario-291,0.9,0.925,0.55,0.925,15.388644405642994,0.1271812761676605,0.6728187238323394,0.7,0.3,0.7,0.3,14,6,14,6,20,8,20,14,0.18500939011573792,0.05,,,,,,,,,,,0.3696727802476026,0.6836420328937901
768,train-load-0.7-scenario-97,0.7,0.6187343999999999,0.5782741666666666,0.6187343999999999,7.934191658828858,0.5840899694550873,0.8444814591163412,0.8571428571428571,0.14285714285714285,0.75,0.25,6,1,6,2,8,5,7,6,0.5083863139152527,0.05,,,,,,,,,,,0.3696727802476026,0.6836420328937901
769,train-load-0.6-scenario-371,0.6,0.7142857142857143,0.6666666666666666,0.7142857142857143,9.95123508314789,0.6378662381296569,0.47324487298145423,0.7777777777777778,0.2222222222222222,0.7777777777777778,0.2222222222222222,7,2,7,2,9,7,9,7,0.7663594484329224,0.05,,,,,,,,,,,0.3696727802476026,0.6836420328937901
770,train-load-0.5-scenario-108,0.5,0.44285714285714284,0.44285714285714284,0.32142857142857145,16.747651292073797,1.5937157075612651,0.406284292438735,1.0,0.0,1.0,0.0,9,0,9,0,9,7,9,9,0.31577908992767334,0.05,,,,,,,,,,,0.3696727802476026,0.6836420328937901
771,train-load-0.7-scenario-604-retry-3,0.7,0.6785714285714286,0.42857142857142855,0.6785714285714286,13.792113188016693,1.002387534241313,0.597612465758687,0.9,0.1,0.9,0.1,9,1,9,1,10,7,10,9,0.33205145597457886,0.05,,,,,,,,,,,0.3696727802476026,0.6836420328937901
772,train-load-0.9-scenario-346-retry-1,0.9,0.7896403750000001,0.7855196875,0.7896403750000001,18.562622064334477,0.838100454154294,0.661899545845706,0.875,0.125,0.8333333333333334,0.16666666666666666,14,2,15,3,18,8,16,14,0.6273373961448669,0.05,,,,,,,,,,,0.3696727802476026,0.6836420328937901
773,train-load-0.6-scenario-492,0.6,0.5581681666666666,0.43629125,0.5581681666666666,13.713092981155896,1.3417418014622664,0.6582581985377336,1.0,0.0,1.0,0.0,8,0,8,0,8,6,8,8,0.6747108697891235,0.05,,,,,,,,,,,0.3696727802476026,0.6836420328937901
774,train-load-0.9-scenario-690,0.9,0.8212354166666667,0.8212354166666667,0.541598,9.548778192181492,0.5272534612781108,0.5838576498330004,0.7777777777777778,0.2222222222222222,0.75,0.25,7,2,9,3,12,6,9,7,0.40395867824554443,0.05,,,,,,,,,,,0.3696727802476026,0.6836420328937901
775,train-load-0.7-scenario-690-retry-1,0.7,0.5833333333333334,0.5555555555555556,0.5833333333333334,18.262496923173494,1.6242348634807384,0.37576513651926163,1.0,0.0,1.0,0.0,10,0,10,0,10,6,10,10,0.41215330362319946,0.05,,,,,,,,,,,0.3696727802476026,0.6836420328937901
776,train-load-0.8-scenario-447-retry-1,0.8,0.875,0.875,0.5125,9.513106632006446,0.5343784742249444,0.5767326368861667,0.7777777777777778,0.2222222222222222,0.7777777777777778,0.2222222222222222,7,2,7,2,9,4,9,7,0.38326865434646606,0.05,,,,,,,,,,,0.3696727802476026,0.6836420328937901
777,train-load-0.6-scenario-536,0.6,0.5604607500000001,0.26251796875,0.5604607500000001,13.89543154583941,1.1216501409500084,0.8783498590499917,1.0,0.0,1.0,0.0,9,0,9,0,9,8,9,9,0.43323996663093567,0.05,,,,,,,,,,,0.3696727802476026,0.6836420328937901
778,train-load-0.6-scenario-387-retry-2,0.6,0.55,0.4125,0.55,18.236257527597786,1.38168494096445,0.61831505903555,1.0,0.0,1.0,0.0,11,0,11,0,11,8,11,11,0.632003903388977,0.05,,,,,,,,,,,0.3696727802476026,0.6836420328937901
779,train-load-1.0-scenario-241-retry-10,1.0,1.0,0.5125,1.0,18.014678716421297,0.4352638643767053,0.5647361356232947,0.75,0.25,0.75,0.25,15,5,15,5,20,8,20,15,0.5584507584571838,0.05,,,,,,,,,,,0.3696727802476026,0.6836420328937901
780,train-hard-4gpu-12pod-small,0.375,0.375,0.25,0.375,22.316746824526945,1.875,0.125,1.0,0.0,1.0,0.0,12,0,12,0,12,4,12,12,0.4327651858329773,0.05,,,,,,,,,,,0.3696727802476026,0.6836420328937901
781,train-load-0.6-scenario-715-retry-2,0.6,0.7142857142857143,0.2,0.7142857142857143,16.6380472114061,0.9355586008603772,0.7567490914473152,0.9230769230769231,0.07692307692307693,0.9230769230769231,0.07692307692307693,12,1,12,1,13,7,13,12,0.23777300119400024,0.05,,,,,,,,,,,0.3696727802476026,0.6836420328937901
782,train-load-0.6-scenario-3,0.6,0.56118875,0.238265,0.56118875,6.6088627290667805,1.1933537390156643,0.8066462609843358,1.0,0.0,1.0,0.0,3,0,4,0,4,4,3,3,0.5021200776100159,0.05,,,,,,,,,,,0.3696727802476026,0.6836420328937901
783,train-load-0.6-scenario-55-retry-2,0.6,0.52,0.235,0.52,14.338600406166913,1.2034531170616742,0.7965468829383258,1.0,0.0,1.0,0.0,9,0,9,0,9,5,9,9,0.3765539824962616,0.05,,,,,,,,,,,0.3696727802476026,0.6836420328937901
784,train-load-0.5-scenario-402,0.5,0.4,0.3,0.4,20.333191055015583,1.4714294361818472,0.5285705638181527,1.0,0.0,1.0,0.0,12,0,12,0,12,6,12,12,0.30768781900405884,0.05,,,,,,,,,,,0.3696727802476026,0.6836420328937901
785,train-load-1.0-scenario-556-retry-2,1.0,0.9166666666666666,0.9166666666666666,0.7333333333333333,6.117452848443928,-0.12358090378328046,0.30539908560146223,0.5454545454545454,0.45454545454545453,0.5454545454545454,0.45454545454545453,6,5,6,5,11,6,11,6,0.26159989833831787,0.05,,,,,,,,,,,0.3696727802476026,0.6836420328937901
786,train-hard-8gpu-16pod-1vgpu,0.5,0.5,0.3333333333333333,0.5,24.04554471260682,1.2821351435282102,0.7178648564717898,1.0,0.0,1.0,0.0,16,0,16,0,16,8,16,16,0.31713777780532837,0.05,,,,,,,,,,,0.3696727802476026,0.6836420328937901
787,train-load-0.6-scenario-107-retry-1,0.6,0.5226575,0.5226575,0.46902879999999997,12.121903923045437,1.4760815349472156,0.5239184650527844,1.0,0.0,1.0,0.0,6,0,7,0,7,5,6,6,0.44543707370758057,0.05,,,,,,,,,,,0.3696727802476026,0.6836420328937901
788,train-load-1.0-scenario-632,1.0,0.91636,0.6349511904761905,0.91636,15.816839527818573,0.9004114902379541,0.4842038943774304,0.8461538461538461,0.15384615384615385,0.8,0.2,11,2,12,3,15,7,13,11,0.28050005435943604,0.05,,,,,,,,,,,0.3696727802476026,0.6836420328937901
789,train-load-1.0-scenario-27-retry-1,1.0,1.0833333333333333,1.0833333333333333,1.05,9.47471069448602,0.20930798580936238,0.4573586808573042,0.6666666666666666,0.3333333333333333,0.6666666666666666,0.3333333333333333,8,4,8,4,12,4,12,8,0.5405310392379761,0.05,,,,,,,,,,,0.3696727802476026,0.6836420328937901
790,train-load-1.0-scenario-621-retry-5,1.0,1.1071428571428572,0.23214285714285715,1.1071428571428572,1.327648717427199,-0.7645822496986339,0.7645822496986339,0.5,0.5,0.4666666666666667,0.5333333333333333,5,5,7,8,15,7,10,5,0.492347776889801,0.05,,,,,,,,,,,0.3696727802476026,0.6836420328937901
791,train-load-0.5-scenario-445,0.5,0.48428985714285716,0.2907889285714286,0.48428985714285716,13.176704915809182,1.431178164675921,0.5688218353240789,1.0,0.0,1.0,0.0,7,0,7,0,7,7,7,7,0.3426571786403656,0.05,,,,,,,,,,,0.3696727802476026,0.6836420328937901
792,train-load-1.0-scenario-76-retry-1,1.0,0.9333333333333333,0.7777777777777778,0.9333333333333333,8.197067236792359,-0.12255712283374909,0.40827140854803484,0.5714285714285714,0.42857142857142855,0.5714285714285714,0.42857142857142855,8,6,8,6,14,6,14,8,0.5204354524612427,0.05,,,,,,,,,,,0.3696727802476026,0.6836420328937901
793,train-hard-8gpu-16pod-1vgpu,0.5,0.5,0.3333333333333333,0.5,24.04554471260682,1.2821351435282102,0.7178648564717898,1.0,0.0,1.0,0.0,16,0,16,0,16,8,16,16,0.42872005701065063,0.05,,,,,,,,,,,0.3696727802476026,0.6836420328937901
794,train-load-0.5-scenario-606-retry-1,0.5,0.4,0.32,0.4,14.765542951141274,1.435039158464361,0.5649608415356391,1.0,0.0,1.0,0.0,8,0,8,0,8,5,8,8,0.7134494781494141,0.05,,,,,,,,,,,0.3696727802476026,0.6836420328937901
795,train-load-0.8-scenario-710,0.8,0.8916666666666667,0.4722222222222222,0.8916666666666667,5.862897413472989,0.0295497262062131,0.6371169404604535,0.6666666666666666,0.3333333333333333,0.6666666666666666,0.3333333333333333,6,3,6,3,9,6,9,6,0.40516555309295654,0.05,,,,,,,,,,,0.3696727802476026,0.6836420328937901
796,train-load-0.8-scenario-97-retry-3,0.8,0.73125,0.54375,0.73125,19.175285657947438,1.0806300894082197,0.3860365772584472,0.8666666666666667,0.13333333333333333,0.8666666666666667,0.13333333333333333,13,2,13,2,15,8,15,13,0.35594919323921204,0.05,,,,,,,,,,,0.3696727802476026,0.6836420328937901
797,train-load-0.8-scenario-356,0.8,0.8285714285714286,0.8285714285714286,0.8285714285714286,14.859420825686795,0.6369014943626937,0.2964318389706394,0.7333333333333333,0.26666666666666666,0.7333333333333333,0.26666666666666666,11,4,11,4,15,7,15,11,0.5165108442306519,0.05,,,,,,,,,,,0.3696727802476026,0.6836420328937901
798,train-load-0.9-scenario-366-retry-1,0.9,1.0,1.0,0.8333333333333334,6.7118090658387874,0.04994311048217348,0.3500568895178264,0.6,0.4,0.6,0.4,6,4,6,4,10,6,10,6,0.5034337043762207,0.05,,,,,,,,,,,0.3696727802476026,0.6836420328937901
799,train-load-0.6-scenario-685,0.6,0.5714285714285714,0.5595238095238095,0.5714285714285714,13.858756335972146,1.0085627285205696,0.5914372714794305,0.9,0.1,0.9,0.1,9,1,9,1,10,7,10,9,0.5133922100067139,0.05,,,,,,,,,,,0.3696727802476026,0.6836420328937901
800,train-load-0.5-scenario-97,0.5,0.444653125,0.34375093749999996,0.444653125,12.928603662949826,1.3915501131709285,0.6084498868290715,1.0,0.0,1.0,0.0,7,0,8,0,8,8,7,7,0.406360387802124,0.05,0.36184425610978793,0.5279852964222368,0.7224573881330063,0.2775426118669938,0.7086198555722594,0.29138014442774063,0.6421020079979773,0.6534806715522329,0.2908900504227625,0.71195780253536,0.3696727802476026,0.6836420328937901
801,train-load-1.0-scenario-616-retry-8,1.0,1.0875,0.6625,1.0875,5.577875398519621,0.11844534724247824,0.3815546527575217,0.625,0.375,0.625,0.375,5,3,5,3,8,4,8,5,0.1452431082725525,0.05,,,,,,,,,,,0.3696727802476026,0.6836420328937901
802,train-load-0.5-scenario-86,0.5,0.519193,0.2588121875,0.519193,11.573656360418521,1.3750880924587348,0.6249119075412651,1.0,0.0,1.0,0.0,6,0,8,0,8,8,6,6,0.6079767346382141,0.05,,,,,,,,,,,0.3696727802476026,0.6836420328937901
803,train-load-1.0-scenario-698-retry-5,1.0,1.1,0.45,1.1,9.129634198666151,0.14376410564549025,0.5229025610211764,0.6666666666666666,0.3333333333333333,0.6666666666666666,0.3333333333333333,8,4,8,4,12,4,12,8,0.47909972071647644,0.05,,,,,,,,,,,0.3696727802476026,0.6836420328937901
804,train-load-1.0-scenario-310,1.0,0.9052653333333335,0.7567753472222223,0.9052653333333335,10.161736246436295,0.3169937273490633,0.6830062726509367,0.75,0.25,0.6923076923076923,0.3076923076923077,9,3,9,4,13,6,12,9,0.28899359703063965,0.05,,,,,,,,,,,0.3696727802476026,0.6836420328937901
805,train-load-1.0-scenario-420-retry-1,1.0,0.9494589999999999,0.3776246875,0.9494589999999999,8.770132883778425,0.7789407522933393,0.6496306762780892,0.8571428571428571,0.14285714285714285,0.8571428571428571,0.14285714285714285,6,1,6,1,7,4,7,6,0.2678300738334656,0.05,,,,,,,,,,,0.3696727802476026,0.6836420328937901
806,train-hard-4gpu-4pod-1vgpu,0.25,0.25,0.16666666666666666,0.25,11.544497883017963,1.9166666666666665,0.08333333333333337,1.0,0.0,1.0,0.0,4,0,4,0,4,4,4,4,0.4174835681915283,0.05,,,,,,,,,,,0.3696727802476026,0.6836420328937901
807,train-load-0.7-scenario-470-retry-1,0.7,0.6150806249999999,0.6150806249999999,0.5276265,9.814209903640474,1.0278513400793146,0.9721486599206854,1.0,0.0,1.0,0.0,6,0,7,0,7,4,6,6,0.5502947568893433,0.05,,,,,,,,,,,0.3696727802476026,0.6836420328937901
808,train-load-0.9-scenario-102-retry-2,0.9,0.8285714285714286,0.35714285714285715,0.8285714285714286,23.189268888636153,1.1632425330276697,0.6014633493252715,0.9411764705882353,0.058823529411764705,0.9411764705882353,0.058823529411764705,16,1,16,1,17,7,17,16,0.2300177812576294,0.05,,,,,,,,,,,0.3696727802476026,0.6836420328937901
809,train-load-0.8-scenario-384,0.8,0.6926672857142857,0.4549307142857143,0.6926672857142857,16.450314348161857,1.3626313443480802,0.6373686556519198,1.0,0.0,1.0,0.0,10,0,10,0,10,7,10,10,0.41507938504219055,0.05,,,,,,,,,,,0.3696727802476026,0.6836420328937901
810,train-load-0.5-scenario-44,0.5,0.58047,0.2926328125,0.58047,7.9197347452027556,1.2063379351470718,0.7936620648529282,1.0,0.0,1.0,0.0,4,0,4,0,4,4,4,4,0.429808109998703,0.05,,,,,,,,,,,0.3696727802476026,0.6836420328937901
811,train-load-0.8-scenario-70-retry-5,0.8,0.76,0.19,0.76,27.421546176941227,1.2647733239822754,0.7352266760177246,1.0,0.0,1.0,0.0,19,0,19,0,19,5,19,19,0.41541603207588196,0.05,,,,,,,,,,,0.3696727802476026,0.6836420328937901
812,train-load-0.6-scenario-315,0.6,0.554471130952381,0.554471130952381,0.4424922857142857,13.109688431543265,1.210074881876059,0.7899251181239412,1.0,0.0,1.0,0.0,8,0,9,0,9,7,8,8,0.6311321258544922,0.05,,,,,,,,,,,0.3696727802476026,0.6836420328937901
813,train-load-1.0-scenario-447-retry-4,1.0,1.1142857142857143,1.1142857142857143,0.9714285714285714,12.996233626752012,0.6225280037749233,0.45439507314815364,0.7692307692307693,0.23076923076923078,0.6470588235294118,0.35294117647058826,10,3,11,6,17,7,13,10,0.4581550061702728,0.05,,,,,,,,,,,0.3696727802476026,0.6836420328937901
814,train-load-0.7-scenario-79,0.7,0.627264375,0.48091046875,0.627264375,17.755364416368693,1.3434272627783423,0.6565727372216575,1.0,0.0,1.0,0.0,11,0,12,0,12,8,11,11,0.15969231724739075,0.05,,,,,,,,,,,0.3696727802476026,0.6836420328937901
815,train-load-0.5-scenario-61,0.5,0.4509381666666667,0.4355895833333333,0.4509381666666667,11.7780394207495,1.3703923960679356,0.6296076039320643,1.0,0.0,1.0,0.0,6,0,7,0,7,6,6,6,0.3754313588142395,0.05,,,,,,,,,,,0.3696727802476026,0.6836420328937901
816,train-load-1.0-scenario-256-retry-2,1.0,1.1111111111111112,1.1111111111111112,0.3333333333333333,4.374748753924222,-0.29387480542429234,0.6938748054242923,0.6,0.4,0.6,0.4,6,4,6,4,10,6,10,6,0.38705122470855713,0.05,,,,,,,,,,,0.3696727802476026,0.6836420328937901
817,train-load-0.7-scenario-603,0.7,0.665458,0.3062654166666666,0.665458,10.25554677471402,1.3773644189366623,0.6226355810633376,1.0,0.0,1.0,0.0,5,0,6,0,6,5,5,5,0.6436036229133606,0.05,,,,,,,,,,,0.3696727802476026,0.6836420328937901
818,train-load-0.5-scenario-243-retry-2,0.5,0.4,0.3,0.4,25.361790195003035,1.457702318297342,0.542297681702658,1.0,0.0,1.0,0.0,16,0,16,0,16,8,16,16,0.3154803514480591,0.05,,,,,,,,,,,0.3696727802476026,0.6836420328937901
819,train-hard-4gpu-12pod-small,0.375,0.375,0.25,0.375,22.316746824526945,1.875,0.125,1.0,0.0,1.0,0.0,12,0,12,0,12,4,12,12,0.3171948194503784,0.05,,,,,,,,,,,0.3696727802476026,0.6836420328937901
820,train-load-0.8-scenario-11,0.8,0.6937190000000001,0.34016874999999996,0.6937190000000001,8.339839030400135,1.275713256891117,0.7242867431088831,1.0,0.0,1.0,0.0,4,0,5,0,5,4,4,4,0.15744152665138245,0.05,,,,,,,,,,,0.3696727802476026,0.6836420328937901
821,train-load-0.9-scenario-84-retry-1,0.9,1.0,0.2642857142857143,1.0,5.088282755809197,-0.13150319650407727,0.7981698631707439,0.6666666666666666,0.3333333333333333,0.5384615384615384,0.46153846153846156,6,3,7,6,13,7,9,6,0.3238036334514618,0.05,,,,,,,,,,,0.3696727802476026,0.6836420328937901
822,train-load-0.8-scenario-265,0.8,0.7873075,0.603281875,0.7873075,12.725563781336007,0.8900899093123114,0.7099100906876887,0.9,0.1,0.8181818181818182,0.18181818181818182,9,1,9,2,11,6,10,9,0.35452505946159363,0.05,,,,,,,,,,,0.3696727802476026,0.6836420328937901
823,train-load-1.0-scenario-207-retry-1,1.0,0.9124694,0.6162765,0.9124694,6.9624907850521645,0.20635464560667838,0.46031202105998825,0.6666666666666666,0.3333333333333333,0.6,0.4,6,3,6,4,10,5,9,6,0.3652380704879761,0.05,,,,,,,,,,,0.3696727802476026,0.6836420328937901
824,train-load-0.8-scenario-174,0.8,0.747148,0.4771465,0.747148,7.597223794617537,0.6901733287007537,0.6431600046325797,0.8333333333333334,0.16666666666666666,0.8571428571428571,0.14285714285714285,5,1,6,1,7,5,6,5,0.3457897901535034,0.05,,,,,,,,,,,0.3696727802476026,0.6836420328937901
825,train-load-0.8-scenario-282,0.8,0.84,0.72,0.84,7.987870533618954,0.43092036477216733,0.5690796352278327,0.75,0.25,0.7,0.3,6,2,7,3,10,5,8,6,0.4158666431903839,0.05,,,,,,,,,,,0.3696727802476026,0.6836420328937901
826,train-load-1.0-scenario-670-retry-1,1.0,0.8890131250000001,0.5697083333333334,0.8890131250000001,11.830282380185277,0.20351146527848218,0.729821868054851,0.7333333333333333,0.26666666666666666,0.7333333333333333,0.26666666666666666,11,4,11,4,15,8,15,11,0.2954294681549072,0.05,,,,,,,,,,,0.3696727802476026,0.6836420328937901
827,train-load-0.7-scenario-278-retry-1,0.7,0.8,0.5,0.8,14.604736341052313,1.1275957364324654,0.4724042635675348,0.9,0.1,0.9,0.1,9,1,9,1,10,5,10,9,0.5033949613571167,0.05,,,,,,,,,,,0.3696727802476026,0.6836420328937901
828,train-load-0.8-scenario-141,0.8,0.9,0.125,0.9,5.017439736682203,-0.10589945728427608,0.7725661239509427,0.6666666666666666,0.3333333333333333,0.6666666666666666,0.3333333333333333,6,3,6,3,9,6,9,6,0.36393722891807556,0.05,,,,,,,,,,,0.3696727802476026,0.6836420328937901
829,train-load-1.0-scenario-149,1.0,0.914625875,0.74345640625,0.914625875,19.251022440048498,0.8391236676877312,0.4549939793710921,0.8235294117647058,0.17647058823529413,0.7368421052631579,0.2631578947368421,14,3,14,5,19,8,17,14,0.2859768271446228,0.05,,,,,,,,,,,0.3696727802476026,0.6836420328937901
830,train-load-0.8-scenario-326,0.8,0.704580875,0.6658165625000001,0.704580875,18.888231860792295,1.0958731513182525,0.6184125629674619,0.9285714285714286,0.07142857142857142,0.8666666666666667,0.13333333333333333,13,1,13,2,15,8,14,13,0.4485042095184326,0.05,,,,,,,,,,,0.3696727802476026,0.6836420328937901
831,train-load-0.8-scenario-658-retry-1,0.8,0.8857142857142857,0.6142857142857143,0.8857142857142857,12.878364729983712,0.7887853091194165,0.48394196360785635,0.8181818181818182,0.18181818181818182,0.75,0.25,9,2,12,4,16,7,11,9,0.5060537457466125,0.05,,,,,,,,,,,0.3696727802476026,0.6836420328937901
832,train-load-0.5-scenario-651-retry-4,0.5,0.45,0.16666666666666666,0.45,14.89278066660341,1.5066592023935286,0.4933407976064714,1.0,0.0,1.0,0.0,8,0,8,0,8,4,8,8,0.32802820205688477,0.05,,,,,,,,,,,0.3696727802476026,0.6836420328937901
833,train-load-0.8-scenario-625,0.8,0.78296,0.5458791666666667,0.78296,14.799916270400656,1.0082790267588384,0.628084609604798,0.9090909090909091,0.09090909090909091,0.8333333333333334,0.16666666666666666,10,1,10,2,12,7,11,10,0.3137628436088562,0.05,,,,,,,,,,,0.3696727802476026,0.6836420328937901
834,train-load-0.5-scenario-554,0.5,0.42857142857142855,0.21428571428571427,0.42857142857142855,23.233050319931802,1.3354723175139664,0.6645276824860336,1.0,0.0,1.0,0.0,15,0,15,0,15,7,15,15,0.5473108291625977,0.05,,,,,,,,,,,0.3696727802476026,0.6836420328937901
835,train-load-0.5-scenario-238,0.5,0.42,0.42,0.28,23.247362244731136,1.4728483479948675,0.5271516520051324,1.0,0.0,1.0,0.0,14,0,14,0,14,5,14,14,0.3811197876930237,0.05,,,,,,,,,,,0.3696727802476026,0.6836420328937901
836,train-hard-4gpu-12pod-small,0.375,0.375,0.25,0.375,22.316746824526945,1.875,0.125,1.0,0.0,1.0,0.0,12,0,12,0,12,4,12,12,0.2330722212791443,0.05,,,,,,,,,,,0.3696727802476026,0.6836420328937901
837,train-load-0.5-scenario-419,0.5,0.47365199999999996,0.42420875,0.47365199999999996,10.653920126746739,1.413931476204987,0.586068523795013,1.0,0.0,1.0,0.0,5,0,7,0,7,6,5,5,0.45789748430252075,0.05,,,,,,,,,,,0.3696727802476026,0.6836420328937901
838,train-load-1.0-scenario-179-retry-15,1.0,1.1,0.43333333333333335,1.1,12.721334327238463,0.4071505145978948,0.735706628259248,0.7857142857142857,0.21428571428571427,0.7857142857142857,0.21428571428571427,11,3,11,3,14,6,14,11,0.20106039941310883,0.05,,,,,,,,,,,0.3696727802476026,0.6836420328937901
839,train-load-0.6-scenario-418,0.6,0.5167841666666666,0.4790006944444445,0.5167841666666666,13.298477574636166,1.2691381006499265,0.7308618993500735,1.0,0.0,1.0,0.0,8,0,8,0,8,6,8,8,0.3378543555736542,0.05,,,,,,,,,,,0.3696727802476026,0.6836420328937901
840,train-load-0.5-scenario-251-retry-2,0.5,0.5,0.5,0.5,24.180755437433522,1.4678587041070443,0.5321412958929556,1.0,0.0,1.0,0.0,15,0,15,0,15,6,15,15,0.3943943977355957,0.05,,,,,,,,,,,0.3696727802476026,0.6836420328937901
841,train-load-0.6-scenario-277,0.6,0.6111111111111112,0.6111111111111112,0.5666666666666667,12.267014094130467,1.1055390890938424,0.3944609109061576,0.875,0.125,0.7777777777777778,0.2222222222222222,7,1,7,2,9,6,8,7,0.15830913186073303,0.05,,,,,,,,,,,0.3696727802476026,0.6836420328937901
842,train-load-0.6-scenario-736,0.6,0.553068,0.2536475,0.553068,6.301828682307933,0.9279182449851393,1.0720817550148607,1.0,0.0,1.0,0.0,4,0,5,0,5,5,4,4,0.49362167716026306,0.05,,,,,,,,,,,0.3696727802476026,0.6836420328937901
843,train-load-0.9-scenario-256,0.9,0.912078875,0.4720598958333333,0.912078875,18.092728923020548,1.144710141627531,0.5475975506801616,0.9230769230769231,0.07692307692307693,0.8571428571428571,0.14285714285714285,12,1,12,2,14,8,13,12,0.3732655644416809,0.05,,,,,,,,,,,0.3696727802476026,0.6836420328937901
844,train-load-0.6-scenario-200-retry-5,0.6,0.6666666666666666,0.6666666666666666,0.26666666666666666,7.99311971177734,0.44741263514456264,0.5525873648554374,0.75,0.25,0.75,0.25,6,2,6,2,8,6,8,6,0.6165823340415955,0.05,,,,,,,,,,,0.3696727802476026,0.6836420328937901
845,train-load-0.7-scenario-102,0.7,0.8,0.5166666666666667,0.8,11.866570681671021,1.090392701790321,0.409607298209679,0.875,0.125,0.8,0.2,7,1,8,2,10,5,8,7,0.5448678731918335,0.05,,,,,,,,,,,0.3696727802476026,0.6836420328937901
846,train-load-0.8-scenario-53-retry-5,0.8,0.6875,0.11458333333333333,0.6875,16.45178905502005,1.1725882026703662,0.8274117973296338,1.0,0.0,1.0,0.0,11,0,11,0,11,4,11,11,0.5855022668838501,0.05,,,,,,,,,,,0.3696727802476026,0.6836420328937901
847,train-load-0.8-scenario-392,0.8,0.7,0.7,0.4375,15.703039895012848,0.953834889545843,0.7128317771208237,0.9166666666666666,0.08333333333333333,0.8571428571428571,0.14285714285714285,11,1,12,2,14,8,12,11,0.49667292833328247,0.05,,,,,,,,,,,0.3696727802476026,0.6836420328937901
848,train-load-0.7-scenario-1,0.7,0.7796215,0.5940046875,0.7796215,6.019516114871771,0.281290452281696,0.5758524048611612,0.7142857142857143,0.2857142857142857,0.7142857142857143,0.2857142857142857,5,2,5,2,7,4,7,5,0.4739179015159607,0.05,,,,,,,,,,,0.3696727802476026,0.6836420328937901
849,train-load-0.6-scenario-437,0.6,0.5621744,0.3545785,0.5621744,11.839016312074506,1.3981638330640698,0.6018361669359302,1.0,0.0,1.0,0.0,6,0,6,0,6,5,6,6,0.42833441495895386,0.05,,,,,,,,,,,0.3696727802476026,0.6836420328937901
850,train-load-0.6-scenario-109-retry-4,0.6,0.6714285714285714,0.6714285714285714,0.36428571428571427,23.7812380396759,1.4522093229707742,0.5477906770292258,1.0,0.0,1.0,0.0,15,0,15,0,15,7,15,15,0.3843148350715637,0.05,,,,,,,,,,,0.3696727802476026,0.6836420328937901
851,train-load-0.7-scenario-100,0.7,0.597954,0.5778465625,0.597954,6.417889873772191,0.541988480763774,0.7913448525695593,0.8333333333333334,0.16666666666666666,0.7142857142857143,0.2857142857142857,5,1,5,2,7,4,6,5,0.3806684613227844,0.05,,,,,,,,,,,0.3696727802476026,0.6836420328937901
852,train-load-1.0-scenario-175-retry-2,1.0,1.08,1.08,1.08,4.90649512466631,-0.17551092797127232,0.3977331501934946,0.5555555555555556,0.4444444444444444,0.4166666666666667,0.5833333333333334,5,4,5,7,12,5,9,5,0.3606437146663666,0.05,,,,,,,,,,,0.3696727802476026,0.6836420328937901
853,train-load-0.9-scenario-20,0.9,0.8319698,0.541607,0.8319698,9.87945327083077,0.8024719973810543,0.6975280026189457,0.875,0.125,0.8888888888888888,0.1111111111111111,7,1,8,1,9,5,8,7,0.4672646224498749,0.05,,,,,,,,,,,0.3696727802476026,0.6836420328937901
854,train-load-0.6-scenario-7,0.6,0.6105840625,0.6105840625,0.443069,8.80795744954575,1.1016686839826084,0.8983313160173916,1.0,0.0,1.0,0.0,5,0,6,0,6,4,5,5,0.21860915422439575,0.05,,,,,,,,,,,0.3696727802476026,0.6836420328937901
855,train-load-1.0-scenario-290,1.0,0.884559,0.6157390625,0.884559,5.500385665465651,0.23964456961774738,0.6174982875251098,0.7142857142857143,0.2857142857142857,0.625,0.375,5,2,5,3,8,4,7,5,0.6020217537879944,0.05,,,,,,,,,,,0.3696727802476026,0.6836420328937901
856,train-load-0.9-scenario-567-retry-1,0.9,1.0,1.0,0.5,2.1848092969321193,-0.4949890768356211,0.49498907683562116,0.5,0.5,0.5,0.5,4,4,8,8,16,8,8,4,0.4453551471233368,0.05,,,,,,,,,,,0.3696727802476026,0.6836420328937901
857,train-load-0.8-scenario-153,0.8,0.9,0.5625,0.9,6.847775794258915,0.11964566289873346,0.5470210037679332,0.6666666666666666,0.3333333333333333,0.6666666666666666,0.3333333333333333,6,3,6,3,9,4,9,6,0.39266711473464966,0.05,,,,,,,,,,,0.3696727802476026,0.6836420328937901
858,train-load-0.7-scenario-12,0.7,0.6015752,0.5944404999999999,0.6015752,7.914825398799207,0.632691844904261,0.7958795836671675,0.8571428571428571,0.14285714285714285,0.875,0.125,6,1,7,1,8,5,7,6,0.34873807430267334,0.05,,,,,,,,,,,0.3696727802476026,0.6836420328937901
859,train-load-0.9-scenario-301-retry-5,0.9,1.0,1.0,0.9333333333333333,3.768098401654493,-0.43801890396703635,0.8380189039670363,0.6,0.4,0.5714285714285714,0.42857142857142855,6,4,8,6,14,6,10,6,0.4677242040634155,0.05,,,,,,,,,,,0.3696727802476026,0.6836420328937901
860,train-load-0.6-scenario-586,0.6,0.5,0.25,0.5,30.233831101606057,1.4166429876192508,0.5833570123807493,1.0,0.0,1.0,0.0,20,0,20,0,20,6,20,20,0.4455493688583374,0.05,,,,,,,,,,,0.3696727802476026,0.6836420328937901
861,train-load-0.5-scenario-8-retry-1,0.5,0.575,0.4583333333333333,0.575,11.287459489940703,0.9743465665942486,0.5256534334057514,0.875,0.125,0.7777777777777778,0.2222222222222222,7,1,7,2,9,8,8,7,0.14486023783683777,0.05,,,,,,,,,,,0.3696727802476026,0.6836420328937901
862,train-load-0.8-scenario-251,0.8,0.7751941666666666,0.5299944444444444,0.7751941666666666,9.692802050844174,0.4222474945025214,0.7777525054974787,0.8,0.2,0.8,0.2,8,2,8,2,10,6,10,8,0.15839365124702454,0.05,,,,,,,,,,,0.3696727802476026,0.6836420328937901
863,train-load-0.6-scenario-610-retry-3,0.6,0.5,0.5,0.5,24.325121469629813,1.446904846190042,0.5530951538099581,1.0,0.0,1.0,0.0,15,0,15,0,15,6,15,15,0.28189796209335327,0.05,,,,,,,,,,,0.3696727802476026,0.6836420328937901
864,train-load-0.8-scenario-89-retry-1,0.8,0.6857142857142857,0.2857142857142857,0.6857142857142857,16.23970402996054,1.0359689363062732,0.6306977303603933,0.9166666666666666,0.08333333333333333,0.9166666666666666,0.08333333333333333,11,1,11,1,12,7,12,11,0.5521305799484253,0.05,,,,,,,,,,,0.3696727802476026,0.6836420328937901
865,train-load-1.0-scenario-194,1.0,1.05,0.6,1.05,8.925281506240342,0.5783822245171564,0.42161777548284374,0.75,0.25,0.6666666666666666,0.3333333333333333,6,2,8,4,12,4,8,6,0.4049123525619507,0.05,,,,,,,,,,,0.3696727802476026,0.6836420328937901
866,train-load-0.8-scenario-708,0.8,0.75,0.375,0.75,20.886783963858655,1.194768684264024,0.5385646490693093,0.9333333333333333,0.06666666666666667,0.9333333333333333,0.06666666666666667,14,1,14,1,15,4,15,14,0.40184199810028076,0.05,,,,,,,,,,,0.3696727802476026,0.6836420328937901
867,train-load-1.0-scenario-496,1.0,1.01056075,0.678005,1.01056075,8.854584033644382,0.5444184800264356,0.5666926310846756,0.7777777777777778,0.2222222222222222,0.7777777777777778,0.2222222222222222,7,2,7,2,9,4,9,7,0.3542484641075134,0.05,,,,,,,,,,,0.3696727802476026,0.6836420328937901
868,train-load-1.0-scenario-393,1.0,0.8948748333333333,0.8704902777777778,0.8948748333333333,16.828668042851625,0.8815048951358283,0.31849510486417176,0.8,0.2,0.8,0.2,12,3,12,3,15,6,15,12,0.33128297328948975,0.05,,,,,,,,,,,0.3696727802476026,0.6836420328937901
869,train-load-0.6-scenario-533,0.6,0.5,0.3,0.5,24.62775099671574,1.3704673720115081,0.6295326279884919,1.0,0.0,1.0,0.0,16,0,16,0,16,8,16,16,0.41875284910202026,0.05,,,,,,,,,,,0.3696727802476026,0.6836420328937901
870,train-load-0.7-scenario-575,0.7,0.69379075,0.5644322916666666,0.69379075,10.104433802501335,0.9329335585660251,0.4956378700054035,0.8571428571428571,0.14285714285714285,0.8571428571428571,0.14285714285714285,6,1,6,1,7,4,7,6,0.4380180239677429,0.05,,,,,,,,,,,0.3696727802476026,0.6836420328937901
871,train-load-1.0-scenario-296-retry-1,1.0,0.9305093750000001,0.9305093750000001,0.8989597500000001,6.04610023931294,0.17891530346842188,0.8210846965315781,0.75,0.25,0.6,0.4,6,2,6,4,10,4,8,6,0.5291950106620789,0.05,,,,,,,,,,,0.3696727802476026,0.6836420328937901
872,train-load-0.8-scenario-166,0.8,0.9166666666666666,0.9166666666666666,0.55,7.355713091617499,0.00892227442420146,0.536532271030344,0.6363636363636364,0.36363636363636365,0.6363636363636364,0.36363636363636365,7,4,7,4,11,8,11,7,0.5334373712539673,0.05,,,,,,,,,,,0.3696727802476026,0.6836420328937901
873,train-load-0.6-scenario-155,0.6,0.5178200000000001,0.31527333333333335,0.5178200000000001,9.970633840585787,1.150702013577724,0.849297986422276,1.0,0.0,1.0,0.0,6,0,6,0,6,6,6,6,0.5045472383499146,0.05,,,,,,,,,,,0.3696727802476026,0.6836420328937901
874,train-load-0.8-scenario-188-retry-1,0.8,0.6833333333333333,0.6833333333333333,0.65,18.031094721647886,1.439583144936837,0.560416855063163,1.0,0.0,1.0,0.0,11,0,18,0,18,6,11,11,0.262669175863266,0.05,,,,,,,,,,,0.3696727802476026,0.6836420328937901
875,train-load-0.6-scenario-481,0.6,0.4895833333333333,0.4895833333333333,0.45,15.243717819513527,1.3368121205513703,0.6631878794486297,1.0,0.0,1.0,0.0,9,0,9,0,9,8,9,9,0.3089682459831238,0.05,,,,,,,,,,,0.3696727802476026,0.6836420328937901
876,train-load-0.5-scenario-228-retry-2,0.5,0.5571428571428572,0.35714285714285715,0.5571428571428572,12.502393250638857,1.1539914613748472,0.8460085386251528,1.0,0.0,1.0,0.0,8,0,8,0,8,7,8,8,0.4953652024269104,0.05,,,,,,,,,,,0.3696727802476026,0.6836420328937901
877,train-load-0.6-scenario-150,0.6,0.5765805,0.3247925,0.5765805,9.889164955497932,1.3234026003658885,0.6765973996341115,1.0,0.0,1.0,0.0,5,0,7,0,7,6,5,5,0.39100635051727295,0.05,,,,,,,,,,,0.3696727802476026,0.6836420328937901
878,train-load-1.0-scenario-585-retry-4,1.0,1.0,0.6666666666666666,1.0,18.682876470931024,0.2588609269142006,0.40780573975246603,0.6666666666666666,0.3333333333333333,0.6666666666666666,0.3333333333333333,16,8,16,8,24,6,24,16,0.11417832970619202,0.05,,,,,,,,,,,0.3696727802476026,0.6836420328937901
879,train-load-0.5-scenario-689-retry-4,0.5,0.5952380952380952,0.5952380952380952,0.4,12.368284110922566,0.7582145328494647,0.8417854671505354,0.9,0.1,0.9,0.1,9,1,9,1,10,7,10,9,0.4282688796520233,0.05,,,,,,,,,,,0.3696727802476026,0.6836420328937901
880,train-load-0.5-scenario-514,0.5,0.6,0.08333333333333333,0.6,13.250915577806246,1.2943704930730022,0.7056295069269978,1.0,0.0,1.0,0.0,8,0,8,0,8,8,8,8,0.47333019971847534,0.05,,,,,,,,,,,0.3696727802476026,0.6836420328937901
881,train-load-0.8-scenario-499,0.8,0.8695512857142856,0.6126916666666666,0.8695512857142856,15.08547303176477,1.0522103088937556,0.5841533274698807,0.9090909090909091,0.09090909090909091,0.8333333333333334,0.16666666666666666,10,1,10,2,12,7,11,10,0.41831251978874207,0.05,,,,,,,,,,,0.3696727802476026,0.6836420328937901
882,train-load-0.6-scenario-585,0.6,0.4857142857142857,0.10119047619047619,0.4857142857142857,25.270982545091854,1.2760358482004241,0.7239641517995759,1.0,0.0,1.0,0.0,17,0,17,0,17,7,17,17,0.16029171645641327,0.05,,,,,,,,,,,0.3696727802476026,0.6836420328937901
883,train-load-0.5-scenario-585,0.5,0.46875133333333335,0.4016341666666667,0.46875133333333335,10.562876128293027,1.2173856512697872,0.7826143487302128,1.0,0.0,1.0,0.0,6,0,7,0,7,6,6,6,0.3410013020038605,0.05,,,,,,,,,,,0.3696727802476026,0.6836420328937901
884,train-load-1.0-scenario-569,1.0,0.9049917857142857,0.9049917857142857,0.8142097142857143,13.93281204765804,0.5755166779589953,0.5673404648981475,0.7857142857142857,0.21428571428571427,0.75,0.25,11,3,12,4,16,7,14,11,0.3128548264503479,0.05,,,,,,,,,,,0.3696727802476026,0.6836420328937901
885,train-load-0.7-scenario-380-retry-1,0.7,0.7916666666666666,0.5,0.7916666666666666,8.881122395904425,0.3752934728386943,0.42470652716130564,0.7,0.3,0.7,0.3,7,3,7,3,10,6,10,7,0.27259954810142517,0.05,,,,,,,,,,,0.3696727802476026,0.6836420328937901
886,train-load-0.7-scenario-659-retry-2,0.7,0.7785714285714286,0.6285714285714286,0.7785714285714286,14.06270087218594,1.0670145469265564,0.5329854530734437,0.9,0.1,0.8571428571428571,0.14285714285714285,9,1,12,2,14,7,10,9,0.20944485068321228,0.05,,,,,,,,,,,0.3696727802476026,0.6836420328937901
887,train-load-0.6-scenario-594,0.6,0.538271,0.29285989583333333,0.538271,7.533709079113854,1.1624596077611284,0.8375403922388716,1.0,0.0,1.0,0.0,4,0,4,0,4,4,4,4,0.3984910845756531,0.05,,,,,,,,,,,0.3696727802476026,0.6836420328937901
888,train-load-0.7-scenario-53,0.7,0.6534645714285715,0.45354285714285714,0.6534645714285715,15.550942884174622,1.2043270020572514,0.7956729979427487,1.0,0.0,1.0,0.0,10,0,10,0,10,7,10,10,0.27931341528892517,0.05,,,,,,,,,,,0.3696727802476026,0.6836420328937901
889,train-load-1.0-scenario-347-retry-7,1.0,1.1,1.1,0.8,8.701586691135697,0.35220698053313704,0.4477930194668629,0.7,0.3,0.625,0.375,7,3,10,6,16,8,10,7,0.2735840082168579,0.05,,,,,,,,,,,0.3696727802476026,0.6836420328937901
890,train-load-1.0-scenario-295-retry-13,1.0,1.0285714285714285,0.6285714285714286,1.0285714285714285,8.132029182618997,-0.007315102519746319,0.673981769186413,0.6666666666666666,0.3333333333333333,0.6666666666666666,0.3333333333333333,8,4,8,4,12,7,12,8,0.19918924570083618,0.05,,,,,,,,,,,0.3696727802476026,0.6836420328937901
891,train-load-0.9-scenario-726-retry-6,0.9,0.9857142857142858,0.9285714285714286,0.9857142857142858,9.647034720569117,0.029560649407678108,0.3704393505923218,0.6,0.4,0.6,0.4,9,6,9,6,15,7,15,9,0.30464059114456177,0.05,,,,,,,,,,,0.3696727802476026,0.6836420328937901
892,train-load-0.9-scenario-468-retry-1,0.9,0.8631496,0.7788933333333333,0.8631496,9.030766985170091,0.46912479761382286,0.6419863134972883,0.7777777777777778,0.2222222222222222,0.6363636363636364,0.36363636363636365,7,2,7,4,11,5,9,7,0.3583972156047821,0.05,,,,,,,,,,,0.3696727802476026,0.6836420328937901
893,train-load-0.9-scenario-657-retry-8,0.9,1.0125,0.675,1.0125,5.826447803978855,0.11563385464552067,0.8843661453544793,0.75,0.25,0.75,0.25,6,2,6,2,8,4,8,6,0.4435276985168457,0.05,,,,,,,,,,,0.3696727802476026,0.6836420328937901
894,train-load-1.0-scenario-630-retry-1,1.0,0.9022922,0.8943717499999999,0.9022922,12.154804666583875,0.5842144286420321,0.41578557135796795,0.75,0.25,0.6923076923076923,0.3076923076923077,9,3,9,4,13,5,12,9,0.2883780598640442,0.05,,,,,,,,,,,0.3696727802476026,0.6836420328937901
895,train-hard-4gpu-4pod-2vgpu,0.25,0.25,0.16666666666666666,0.25,11.616666666666667,1.9166666666666665,0.08333333333333337,1.0,0.0,1.0,0.0,4,0,8,0,8,4,4,4,0.2225075215101242,0.05,,,,,,,,,,,0.3696727802476026,0.6836420328937901
896,train-load-0.5-scenario-731,0.5,0.612293,0.26490125,0.612293,7.530846527962105,1.1888414510999221,0.8111585489000779,1.0,0.0,1.0,0.0,4,0,4,0,4,4,4,4,0.3427751064300537,0.05,,,,,,,,,,,0.3696727802476026,0.6836420328937901
897,train-load-1.0-scenario-308-retry-6,1.0,1.1,0.15,1.1,4.964272135206084,-0.5811635131463773,0.5811635131463773,0.5,0.5,0.5,0.5,7,7,7,7,14,7,14,7,0.18058162927627563,0.05,,,,,,,,,,,0.3696727802476026,0.6836420328937901
898,train-load-0.8-scenario-476-retry-3,0.8,0.8571428571428571,0.2571428571428571,0.8571428571428571,6.767551450416885,0.31019333472136756,0.6898066652786324,0.75,0.25,0.75,0.25,6,2,6,2,8,7,8,6,0.4505957365036011,0.05,,,,,,,,,,,0.3696727802476026,0.6836420328937901
899,train-load-0.5-scenario-36-retry-3,0.5,0.6,0.20714285714285716,0.6,17.630143139326382,1.30081149715653,0.6991885028434699,1.0,0.0,1.0,0.0,11,0,11,0,11,7,11,11,0.37090134620666504,0.05,,,,,,,,,,,0.3696727802476026,0.6836420328937901
900,train-load-0.8-scenario-245,0.8,0.7621849999999999,0.44750187500000005,0.7621849999999999,15.97247667974565,1.0334996210050673,0.6331670456615992,0.9166666666666666,0.08333333333333333,0.8461538461538461,0.15384615384615385,11,1,11,2,13,8,12,11,0.3694344162940979,0.05,0.3491175215469576,0.546168688898364,0.7238215526113304,0.2761784473886696,0.709561110975848,0.29043888902415216,0.6176945814452686,0.6291719656250828,0.2969125971010553,0.6960399481549863,0.3696727802476026,0.6836420328937901
901,train-load-0.7-scenario-39,0.7,0.8,0.8,0.64,6.182218397549221,0.16940867619402789,0.3305913238059721,0.625,0.375,0.625,0.375,5,3,5,3,8,5,8,5,0.48730140924453735,0.05,,,,,,,,,,,0.3696727802476026,0.6836420328937901
902,train-load-1.0-scenario-748,1.0,0.9474654,0.7513216666666668,0.9474654,12.79867500014253,0.8036406843017915,0.4690865884254813,0.8181818181818182,0.18181818181818182,0.8181818181818182,0.18181818181818182,9,2,9,2,11,5,11,9,0.292337030172348,0.05,,,,,,,,,,,0.3696727802476026,0.6836420328937901
903,train-load-0.5-scenario-392-retry-4,0.5,0.6,0.6,0.2,13.908658069813647,1.3722664149996573,0.6277335850003427,1.0,0.0,1.0,0.0,8,0,8,0,8,8,8,8,0.11330059170722961,0.05,,,,,,,,,,,0.3696727802476026,0.6836420328937901
904,train-load-1.0-scenario-265,1.0,0.9148668333333334,0.6226797916666666,0.9148668333333334,9.81169405178581,0.26062289766514946,0.7393771023348505,0.75,0.25,0.6923076923076923,0.3076923076923077,9,3,9,4,13,6,12,9,0.17609120905399323,0.05,,,,,,,,,,,0.3696727802476026,0.6836420328937901
905,train-load-0.5-scenario-483,0.5,0.40625,0.06770833333333333,0.40625,21.504917701159215,1.4308159539832466,0.5691840460167533,1.0,0.0,1.0,0.0,13,0,13,0,13,8,13,13,0.3089311420917511,0.05,,,,,,,,,,,0.3696727802476026,0.6836420328937901
906,train-load-0.5-scenario-47-retry-2,0.5,0.43125,0.3,0.43125,23.26662868437326,1.3276022141512476,0.6723977858487524,1.0,0.0,1.0,0.0,15,0,15,0,15,8,15,15,0.43867480754852295,0.05,,,,,,,,,,,0.3696727802476026,0.6836420328937901
907,train-load-0.9-scenario-548,0.9,0.8049395833333333,0.8049395833333333,0.5549492500000001,11.93880724187166,1.0750312663421506,0.4249687336578493,0.875,0.125,0.875,0.125,7,1,7,1,8,4,8,7,0.3729149103164673,0.05,,,,,,,,,,,0.3696727802476026,0.6836420328937901
908,train-load-0.9-scenario-415-retry-3,0.9,0.88125,0.459375,0.88125,4.928254922628845,-0.11451934290459154,0.7811860095712582,0.6666666666666666,0.3333333333333333,0.6,0.4,6,3,9,6,15,8,9,6,0.4104360342025757,0.05,,,,,,,,,,,0.3696727802476026,0.6836420328937901
909,train-load-0.8-scenario-425-retry-2,0.8,0.9,0.625,0.9,9.214595443594291,0.4754413718581453,0.32455862814185465,0.7,0.3,0.7,0.3,7,3,7,3,10,4,10,7,0.1282283365726471,0.05,,,,,,,,,,,0.3696727802476026,0.6836420328937901
910,train-load-1.0-scenario-298-retry-2,1.0,1.0857142857142856,0.2976190476190476,1.0857142857142856,-1.5393555489961743,-1.3214748102731453,0.5214748102731454,0.3,0.7,0.3,0.7,3,7,3,7,10,7,10,3,0.22583281993865967,0.05,,,,,,,,,,,0.3696727802476026,0.6836420328937901
911,train-load-1.0-scenario-441-retry-1,1.0,0.919086375,0.5102290625,0.919086375,11.70387149103631,0.6215261397938912,0.6512011329333817,0.8181818181818182,0.18181818181818182,0.7857142857142857,0.21428571428571427,9,2,11,3,14,8,11,9,0.325952410697937,0.05,,,,,,,,,,,0.3696727802476026,0.6836420328937901
912,train-load-1.0-scenario-365-retry-2,1.0,1.1,1.1,0.18333333333333332,3.8272041855414503,-0.48963977189977537,0.6714579537179571,0.5454545454545454,0.45454545454545453,0.5454545454545454,0.45454545454545453,6,5,6,5,11,6,11,6,0.25899940729141235,0.05,,,,,,,,,,,0.3696727802476026,0.6836420328937901
913,train-load-0.5-scenario-521-retry-4,0.5,0.5714285714285714,0.5714285714285714,0.2857142857142857,11.574723390280697,1.0276850943940754,0.47231490560592465,0.875,0.125,0.875,0.125,7,1,7,1,8,7,8,7,0.41772159934043884,0.05,,,,,,,,,,,0.3696727802476026,0.6836420328937901
914,train-load-0.7-scenario-162-retry-1,0.7,0.8,0.52,0.8,11.261788887047054,0.9867030953382683,0.5132969046617317,0.875,0.125,0.875,0.125,7,1,7,1,8,5,8,7,0.2634504437446594,0.05,,,,,,,,,,,0.3696727802476026,0.6836420328937901
915,train-load-1.0-scenario-525,1.0,0.9509855,0.5002635416666666,0.9509855,8.99012230169076,0.7618447199291024,0.6667267086423262,0.8571428571428571,0.14285714285714285,0.75,0.25,6,1,6,2,8,4,7,6,0.3633633852005005,0.05,,,,,,,,,,,0.3696727802476026,0.6836420328937901
916,train-load-0.6-scenario-233,0.6,0.5,0.5,0.425,19.673831096798843,1.6070335755060778,0.3929664244939223,1.0,0.0,1.0,0.0,11,0,11,0,11,6,11,11,0.35654187202453613,0.05,,,,,,,,,,,0.3696727802476026,0.6836420328937901
917,train-load-0.8-scenario-506,0.8,0.7905465625,0.7905465625,0.7273497499999999,5.118693041730689,0.1230316242296311,0.7341112329132261,0.7142857142857143,0.2857142857142857,0.625,0.375,5,2,5,3,8,4,7,5,0.32431596517562866,0.05,,,,,,,,,,,0.3696727802476026,0.6836420328937901
918,train-load-0.8-scenario-163,0.8,0.7023426,0.6635080000000001,0.7023426,11.672059567551884,0.8364886283294976,0.719066927226058,0.8888888888888888,0.1111111111111111,0.8,0.2,8,1,8,2,10,5,9,8,0.3799296021461487,0.05,,,,,,,,,,,0.3696727802476026,0.6836420328937901
919,train-load-0.7-scenario-205,0.7,0.6015771428571428,0.2371025,0.6015771428571428,7.357560524433407,0.6512238516038638,0.6821094817294697,0.8333333333333334,0.16666666666666666,0.7142857142857143,0.2857142857142857,5,1,5,2,7,7,6,5,0.3925286531448364,0.05,,,,,,,,,,,0.3696727802476026,0.6836420328937901
920,train-load-0.6-scenario-165,0.6,0.5517361428571428,0.44138035714285717,0.5517361428571428,8.35573296762545,0.6601605701895065,0.768410858381922,0.8571428571428571,0.14285714285714285,0.7777777777777778,0.2222222222222222,6,1,7,2,9,7,7,6,0.27199265360832214,0.05,,,,,,,,,,,0.3696727802476026,0.6836420328937901
921,train-load-0.7-scenario-360,0.7,0.775,0.425,0.775,16.67975673116291,0.8082868302136247,0.6202845983578038,0.8571428571428571,0.14285714285714285,0.8571428571428571,0.14285714285714285,12,2,12,2,14,8,14,12,0.47650665044784546,0.05,,,,,,,,,,,0.3696727802476026,0.6836420328937901
922,train-load-0.9-scenario-174,0.9,0.85,0.07291666666666667,0.85,1.9950215155165592,-0.7051685928769365,0.30516859287693654,0.4,0.6,0.4,0.6,4,6,4,6,10,8,10,4,0.36833345890045166,0.05,,,,,,,,,,,0.3696727802476026,0.6836420328937901
923,train-load-0.8-scenario-600-retry-9,0.8,0.68,0.5666666666666667,0.68,27.511211329019353,1.614942477492042,0.3850575225079579,1.0,0.0,1.0,0.0,17,0,17,0,17,5,17,17,0.33073630928993225,0.05,,,,,,,,,,,0.3696727802476026,0.6836420328937901
924,train-load-0.7-scenario-267-retry-4,0.7,0.65,0.2708333333333333,0.65,21.442475552478136,1.4830230877974424,0.5169769122025576,1.0,0.0,1.0,0.0,13,0,13,0,13,4,13,13,0.3178873658180237,0.05,,,,,,,,,,,0.3696727802476026,0.6836420328937901
925,train-load-0.7-scenario-632,0.7,0.6421453333333333,0.45828541666666667,0.6421453333333333,14.10570941815768,1.4074804143886277,0.5925195856113723,1.0,0.0,1.0,0.0,8,0,9,0,9,6,8,8,0.4300090968608856,0.05,,,,,,,,,,,0.3696727802476026,0.6836420328937901
926,train-load-1.0-scenario-634-retry-3,1.0,1.0833333333333333,0.7222222222222222,1.0833333333333333,4.530891352709671,-0.38526114094344655,0.5670793227616283,0.5454545454545454,0.45454545454545453,0.5454545454545454,0.45454545454545453,6,5,6,5,11,6,11,6,0.3571968078613281,0.05,,,,,,,,,,,0.3696727802476026,0.6836420328937901
927,train-load-0.6-scenario-592,0.6,0.5,0.4166666666666667,0.5,31.052331904030986,1.528523746843645,0.471476253156355,1.0,0.0,1.0,0.0,20,0,20,0,20,8,20,20,0.23368459939956665,0.05,,,,,,,,,,,0.3696727802476026,0.6836420328937901
928,train-load-1.0-scenario-473-retry-14,1.0,1.1,0.7875,1.1,5.136359201363153,-0.48318765638118033,0.6370338102273341,0.5384615384615384,0.46153846153846156,0.5384615384615384,0.46153846153846156,7,6,7,6,13,8,13,7,0.29999324679374695,0.05,,,,,,,,,,,0.3696727802476026,0.6836420328937901
929,train-load-0.6-scenario-714,0.6,0.6045318,0.5288991666666667,0.6045318,9.51722909333106,0.6766505809906908,0.8233494190093092,0.875,0.125,0.875,0.125,7,1,7,1,8,5,8,7,0.5160344839096069,0.05,,,,,,,,,,,0.3696727802476026,0.6836420328937901
930,train-load-1.0-scenario-326,1.0,0.9562507499999999,0.85497625,0.9562507499999999,3.522873025341635,-0.34721634041489946,0.5694385626371218,0.5555555555555556,0.4444444444444444,0.5,0.5,5,4,5,5,10,4,9,5,0.3716047406196594,0.05,,,,,,,,,,,0.3696727802476026,0.6836420328937901
931,train-load-0.6-scenario-702,0.6,0.5825642857142856,0.5825642857142856,0.527482,15.666475859231046,1.4063739775195727,0.5936260224804273,1.0,0.0,1.0,0.0,9,0,10,0,10,7,9,9,0.3597416281700134,0.05,,,,,,,,,,,0.3696727802476026,0.6836420328937901
932,train-load-1.0-scenario-335,1.0,0.9433549999999999,0.46797109374999996,0.9433549999999999,12.303583522629197,0.5526322913700952,0.7807010419632383,0.8333333333333334,0.16666666666666666,0.7333333333333333,0.26666666666666666,10,2,11,4,15,8,12,10,0.4523022770881653,0.05,,,,,,,,,,,0.3696727802476026,0.6836420328937901
933,train-load-0.9-scenario-3-retry-1,0.9,0.9375,0.46875,0.9375,7.277756352146689,-0.31756538748363283,0.45089872081696614,0.5333333333333333,0.4666666666666667,0.5333333333333333,0.4666666666666667,8,7,8,7,15,8,15,8,0.2763914167881012,0.05,,,,,,,,,,,0.3696727802476026,0.6836420328937901
934,train-load-0.9-scenario-175,0.9,0.8571428571428571,0.2857142857142857,0.8571428571428571,25.192478419568303,0.7012470456667086,0.6320862876666249,0.8333333333333334,0.16666666666666666,0.8333333333333334,0.16666666666666666,20,4,20,4,24,7,24,20,0.4975879192352295,0.05,,,,,,,,,,,0.3696727802476026,0.6836420328937901
935,train-load-0.5-scenario-78-retry-1,0.5,0.6,0.15,0.6,11.933721085936648,0.8876807325779786,0.6678748229775768,0.8888888888888888,0.1111111111111111,0.8888888888888888,0.1111111111111111,8,1,8,1,9,6,9,8,0.4129139184951782,0.05,,,,,,,,,,,0.3696727802476026,0.6836420328937901
936,train-load-0.5-scenario-642-retry-2,0.5,0.6,0.3,0.6,21.049383781498015,1.631192386106653,0.36880761389334693,1.0,0.0,1.0,0.0,12,0,12,0,12,4,12,12,0.2840917110443115,0.05,,,,,,,,,,,0.3696727802476026,0.6836420328937901
937,train-load-0.9-scenario-344-retry-1,0.9,1.0,1.0,0.4,2.8227433948477323,-0.5502087519606407,0.5502087519606407,0.5,0.5,0.5,0.5,5,5,5,5,10,5,10,5,0.32957470417022705,0.05,,,,,,,,,,,0.3696727802476026,0.6836420328937901
938,train-load-0.5-scenario-729-retry-1,0.5,0.4166666666666667,0.4166666666666667,0.35,16.40254871234207,1.2659065980700213,0.7340934019299789,1.0,0.0,1.0,0.0,10,0,10,0,10,7,10,10,0.8015080690383911,0.05,,,,,,,,,,,0.3696727802476026,0.6836420328937901
939,train-load-0.8-scenario-208,0.8,0.7208695,0.7208695,0.6775327999999999,13.287918701579315,1.1396646506159875,0.4158909049395677,0.8888888888888888,0.1111111111111111,0.9,0.1,8,1,9,1,10,5,9,8,0.5132562518119812,0.05,,,,,,,,,,,0.3696727802476026,0.6836420328937901
940,train-load-0.7-scenario-481,0.7,0.6283650000000001,0.42243624999999996,0.6283650000000001,14.616350666697175,1.4679831629239648,0.5320168370760353,1.0,0.0,1.0,0.0,8,0,8,0,8,6,8,8,0.3434583842754364,0.05,,,,,,,,,,,0.3696727802476026,0.6836420328937901
941,train-load-0.7-scenario-446-retry-2,0.7,0.8,0.32,0.8,4.871176012133465,-0.03732602947901609,0.5373260294790161,0.625,0.375,0.625,0.375,5,3,5,3,8,5,8,5,0.44268545508384705,0.05,,,,,,,,,,,0.3696727802476026,0.6836420328937901
942,train-load-0.7-scenario-208-retry-1,0.7,0.8,0.5333333333333333,0.8,5.408623330126425,0.08382208912270106,0.416177910877299,0.625,0.375,0.625,0.375,5,3,5,3,8,5,8,5,0.362740695476532,0.05,,,,,,,,,,,0.3696727802476026,0.6836420328937901
943,train-load-0.8-scenario-641-retry-1,0.8,0.9,0.675,0.9,10.18760309158127,0.7049180140807307,0.4061930970303804,0.7777777777777778,0.2222222222222222,0.7777777777777778,0.2222222222222222,7,2,14,4,18,8,9,7,0.626977801322937,0.05,,,,,,,,,,,0.3696727802476026,0.6836420328937901
944,train-load-0.6-scenario-76,0.6,0.565496,0.3996495833333333,0.565496,13.954169741859477,1.3265605351661898,0.6734394648338103,1.0,0.0,1.0,0.0,8,0,8,0,8,6,8,8,0.2859892249107361,0.05,,,,,,,,,,,0.3696727802476026,0.6836420328937901
945,train-load-0.8-scenario-465,0.8,0.875,0.575,0.875,7.048258853103562,0.23235825558487455,0.4343084110817921,0.6666666666666666,0.3333333333333333,0.6666666666666666,0.3333333333333333,6,3,6,3,9,4,9,6,0.3143044114112854,0.05,,,,,,,,,,,0.3696727802476026,0.6836420328937901
946,train-load-0.5-scenario-30,0.5,0.5131911428571428,0.21793553571428573,0.5131911428571428,5.767118431376564,0.513603120204251,0.686396879795749,0.8,0.2,0.6666666666666666,0.3333333333333333,4,1,4,2,6,7,5,4,0.4778028726577759,0.05,,,,,,,,,,,0.3696727802476026,0.6836420328937901
947,train-load-0.6-scenario-464-retry-1,0.6,0.7083333333333334,0.45416666666666666,0.7083333333333334,12.577173070279585,0.9541837218436401,0.6013718337119154,0.8888888888888888,0.1111111111111111,0.8333333333333334,0.16666666666666666,8,1,10,2,12,6,9,8,0.3903394043445587,0.05,,,,,,,,,,,0.3696727802476026,0.6836420328937901
948,train-load-1.0-scenario-573-retry-3,1.0,1.0,1.0,0.92,7.358859247015195,0.1804623694226546,0.21953763057734538,0.6,0.4,0.6,0.4,6,4,6,4,10,5,10,6,0.5259772539138794,0.05,,,,,,,,,,,0.3696727802476026,0.6836420328937901
949,train-load-0.9-scenario-119-retry-2,0.9,0.98,0.98,0.94,0.8563496361912899,-0.8424061440142896,0.6201839217920673,0.4444444444444444,0.5555555555555556,0.5,0.5,4,5,5,5,10,5,9,4,0.5471347570419312,0.05,,,,,,,,,,,0.3696727802476026,0.6836420328937901
950,train-load-0.8-scenario-677-retry-2,0.8,0.9142857142857143,0.5142857142857142,0.9142857142857143,8.241195375796874,0.5101981155291646,0.4898018844708354,0.75,0.25,0.6666666666666666,0.3333333333333333,6,2,8,4,12,7,8,6,0.29503804445266724,0.05,,,,,,,,,,,0.3696727802476026,0.6836420328937901
951,train-load-0.6-scenario-0,0.6,0.60437,0.304595,0.60437,7.20156810510376,1.1416138766442325,0.8583861233557675,1.0,0.0,1.0,0.0,4,0,4,0,4,4,4,4,0.28388512134552,0.05,,,,,,,,,,,0.3696727802476026,0.6836420328937901
952,train-load-0.8-scenario-278,0.8,0.7081053333333334,0.5585935416666667,0.7081053333333334,18.454237302287282,1.4762422022939343,0.5237577977060657,1.0,0.0,1.0,0.0,11,0,11,0,11,6,11,11,0.4276053309440613,0.05,,,,,,,,,,,0.3696727802476026,0.6836420328937901
953,train-load-0.7-scenario-589,0.7,0.59375,0.53125,0.59375,22.284028443421924,1.47243878581114,0.5275612141888598,1.0,0.0,1.0,0.0,14,0,14,0,14,8,14,14,0.4151288866996765,0.05,,,,,,,,,,,0.3696727802476026,0.6836420328937901
954,train-load-0.6-scenario-49-retry-1,0.6,0.625,0.625,0.6125,15.742079011128743,1.6412210597692596,0.3587789402307403,1.0,0.0,1.0,0.0,8,0,8,0,8,4,8,8,0.23716352880001068,0.05,,,,,,,,,,,0.3696727802476026,0.6836420328937901
955,train-load-1.0-scenario-471-retry-7,1.0,1.0,1.0,0.8,3.2334388581808162,-0.30651855379027415,0.3065185537902741,0.5,0.5,0.5,0.5,4,4,8,8,16,8,8,4,0.26429396867752075,0.05,,,,,,,,,,,0.3696727802476026,0.6836420328937901
956,train-load-0.6-scenario-405,0.6,0.6060276041666667,0.6060276041666667,0.44089174999999997,3.872783331319155,0.3379225287024039,0.6620774712975961,0.75,0.25,0.6666666666666666,0.3333333333333333,3,1,4,2,6,4,4,3,0.3331170678138733,0.05,,,,,,,,,,,0.3696727802476026,0.6836420328937901
957,train-load-1.0-scenario-305-retry-2,1.0,1.0006115,0.459691875,1.0006115,2.9849723530946126,-0.16161560146665754,0.8282822681333242,0.6666666666666666,0.3333333333333333,0.5714285714285714,0.42857142857142855,4,2,4,3,7,4,6,4,0.5184396505355835,0.05,,,,,,,,,,,0.3696727802476026,0.6836420328937901
958,train-load-0.5-scenario-170,0.5,0.4780811428571428,0.33249196428571426,0.4780811428571428,12.907380771027896,1.1905381972168707,0.8094618027831293,1.0,0.0,1.0,0.0,8,0,8,0,8,7,8,8,0.43676480650901794,0.05,,,,,,,,,,,0.3696727802476026,0.6836420328937901
959,train-load-0.8-scenario-232-retry-1,0.8,0.9,0.3,0.9,3.410842642300345,-0.3965311832533496,0.6187534054755719,0.5555555555555556,0.4444444444444444,0.5555555555555556,0.4444444444444444,5,4,5,4,9,5,9,5,0.30146104097366333,0.05,,,,,,,,,,,0.3696727802476026,0.6836420328937901
960,train-load-1.0-scenario-115,1.0,0.9,0.6,0.9,2.8000192506762898,-0.5144079292477266,0.5144079292477266,0.5,0.5,0.5,0.5,5,5,5,5,10,4,10,5,0.2731294631958008,0.05,,,,,,,,,,,0.3696727802476026,0.6836420328937901
961,train-load-0.6-scenario-434-retry-3,0.6,0.5,0.375,0.5,30.35461168815223,1.4120195620784393,0.5879804379215607,1.0,0.0,1.0,0.0,20,0,20,0,20,8,20,20,0.18550384044647217,0.05,,,,,,,,,,,0.3696727802476026,0.6836420328937901
962,train-load-0.6-scenario-634-retry-1,0.6,0.7083333333333334,0.5555555555555556,0.7083333333333334,9.728693942512708,0.4381767186691322,0.7618232813308679,0.8,0.2,0.8,0.2,8,2,8,2,10,6,10,8,0.16323056817054749,0.05,,,,,,,,,,,0.3696727802476026,0.6836420328937901
963,train-load-1.0-scenario-306-retry-1,1.0,1.05,1.05,0.6,22.883008934979017,0.8073390720868803,0.430756166008358,0.8095238095238095,0.19047619047619047,0.7333333333333333,0.26666666666666666,17,4,22,8,30,8,21,17,0.1517346203327179,0.05,,,,,,,,,,,0.3696727802476026,0.6836420328937901
964,train-load-1.0-scenario-470,1.0,1.0666666666666667,0.3333333333333333,1.0666666666666667,11.775100230602675,-0.3878754365499063,0.7212087698832397,0.5833333333333334,0.4166666666666667,0.5833333333333334,0.4166666666666667,14,10,14,10,24,6,24,14,0.26395201683044434,0.05,,,,,,,,,,,0.3696727802476026,0.6836420328937901
965,train-load-0.7-scenario-629,0.7,0.6690053333333332,0.6492486111111111,0.6690053333333332,13.681029584025644,1.1600072609325607,0.39554829462299496,0.8888888888888888,0.1111111111111111,0.8181818181818182,0.18181818181818182,8,1,9,2,11,6,9,8,0.36317646503448486,0.05,,,,,,,,,,,0.3696727802476026,0.6836420328937901
966,train-load-0.6-scenario-311,0.6,0.6785714285714286,0.44285714285714284,0.6785714285714286,16.38427522771768,1.573562886898391,0.42643711310160903,1.0,0.0,1.0,0.0,9,0,9,0,9,7,9,9,0.1480458378791809,0.05,,,,,,,,,,,0.3696727802476026,0.6836420328937901
967,train-load-0.5-scenario-167,0.5,0.45584525,0.38312343749999994,0.45584525,14.30343634799382,1.3815059328246275,0.6184940671753726,1.0,0.0,1.0,0.0,8,0,9,0,9,8,8,8,0.25236302614212036,0.05,,,,,,,,,,,0.3696727802476026,0.6836420328937901
968,train-load-0.9-scenario-215,0.9,0.8,0.7,0.8,18.039169293832124,1.3020676873514068,0.3645989793152598,0.9166666666666666,0.08333333333333333,0.9166666666666666,0.08333333333333333,11,1,11,1,12,4,12,11,0.3189597725868225,0.05,,,,,,,,,,,0.3696727802476026,0.6836420328937901
969,train-load-0.6-scenario-447-retry-1,0.6,0.6666666666666666,0.6666666666666666,0.5,16.18948140212091,1.708317692902664,0.29168230709733595,1.0,0.0,1.0,0.0,8,0,16,0,16,8,8,8,0.25767970085144043,0.05,,,,,,,,,,,0.3696727802476026,0.6836420328937901
970,train-load-0.7-scenario-512,0.7,0.80625,0.80625,0.7875,6.159943555821661,0.056170103196168775,0.6104965634704979,0.6666666666666666,0.3333333333333333,0.6,0.4,6,3,9,6,15,8,9,6,0.16110949218273163,0.05,,,,,,,,,,,0.3696727802476026,0.6836420328937901
971,train-load-0.7-scenario-38,0.7,0.6524232,0.5182410000000001,0.6524232,10.040119783380558,0.8964572188358083,0.5321142097356201,0.8571428571428571,0.14285714285714285,0.75,0.25,6,1,6,2,8,5,7,6,0.19005583226680756,0.05,,,,,,,,,,,0.3696727802476026,0.6836420328937901
972,train-load-0.8-scenario-186,0.8,0.88,0.22,0.88,21.97521381189459,0.5730087936635504,0.6997184790637224,0.8181818181818182,0.18181818181818182,0.8181818181818182,0.18181818181818182,18,4,18,4,22,5,22,18,0.3810975253582001,0.05,,,,,,,,,,,0.3696727802476026,0.6836420328937901
973,train-load-0.5-scenario-122-retry-2,0.5,0.5625,0.1125,0.5625,11.907436729888524,0.92164611003396,0.6339094455215954,0.8888888888888888,0.1111111111111111,0.8888888888888888,0.1111111111111111,8,1,8,1,9,8,9,8,0.3122748136520386,0.05,,,,,,,,,,,0.3696727802476026,0.6836420328937901
974,train-load-0.8-scenario-346,0.8,0.6967528333333333,0.49743,0.6967528333333333,10.367769426078377,0.8058696504186713,0.6941303495813288,0.875,0.125,0.8,0.2,7,1,8,2,10,6,8,7,0.2630945146083832,0.05,,,,,,,,,,,0.3696727802476026,0.6836420328937901
975,train-load-1.0-scenario-336-retry-1,1.0,0.952744,0.5729109375,0.952744,11.388700533559586,1.001806894340283,0.49819310565971703,0.875,0.125,0.875,0.125,7,1,7,1,8,4,8,7,0.24397607147693634,0.05,,,,,,,,,,,0.3696727802476026,0.6836420328937901
976,train-load-0.9-scenario-358-retry-1,0.9,0.9666666666666667,0.4444444444444444,0.9666666666666667,7.332619975220274,0.1378843005812299,0.66211569941877,0.7,0.3,0.7,0.3,7,3,7,3,10,6,10,7,0.24206675589084625,0.05,,,,,,,,,,,0.3696727802476026,0.6836420328937901
977,train-load-0.9-scenario-508-retry-1,0.9,1.0,0.3333333333333333,1.0,3.5810000914784696,-0.5828656519779232,0.5828656519779232,0.5,0.5,0.5,0.5,6,6,6,6,12,6,12,6,0.38873523473739624,0.05,,,,,,,,,,,0.3696727802476026,0.6836420328937901
978,train-load-0.8-scenario-299,0.8,0.6848602,0.611239,0.6848602,10.781496461172413,0.892369212413153,0.607630787586847,0.875,0.125,0.8888888888888888,0.1111111111111111,7,1,8,1,9,5,8,7,0.14578497409820557,0.05,,,,,,,,,,,0.3696727802476026,0.6836420328937901
979,train-load-0.8-scenario-521-retry-2,0.8,0.9142857142857143,0.9142857142857143,0.6928571428571428,6.959176871690472,-0.2287390055175571,0.6902774670560187,0.6153846153846154,0.38461538461538464,0.6153846153846154,0.38461538461538464,8,5,8,5,13,7,13,8,0.2031160295009613,0.05,,,,,,,,,,,0.3696727802476026,0.6836420328937901
980,train-load-0.9-scenario-620,0.9,0.79013925,0.6791603125,0.79013925,15.534801444430865,0.6821902160697949,0.7463812125016336,0.8571428571428571,0.14285714285714285,0.8235294117647058,0.17647058823529413,12,2,14,3,17,8,14,12,0.27213746309280396,0.05,,,,,,,,,,,0.3696727802476026,0.6836420328937901
981,train-load-0.6-scenario-741,0.6,0.5368892857142857,0.5368892857142857,0.477895,17.715910431182316,1.530058098245304,0.46994190175469597,1.0,0.0,1.0,0.0,10,0,10,0,10,7,10,10,0.3467864394187927,0.05,,,,,,,,,,,0.3696727802476026,0.6836420328937901
982,train-load-1.0-scenario-30-retry-2,1.0,0.8995805,0.5794621527777778,0.8995805,13.004971714251878,0.5697111352391223,0.5072119416839547,0.7692307692307693,0.23076923076923078,0.7692307692307693,0.23076923076923078,10,3,10,3,13,6,13,10,0.510648250579834,0.05,,,,,,,,,,,0.3696727802476026,0.6836420328937901
983,train-load-0.8-scenario-256-retry-1,0.8,0.9,0.9,0.45,9.397559220520638,0.5996874155411962,0.511423695569915,0.7777777777777778,0.2222222222222222,0.7777777777777778,0.2222222222222222,7,2,7,2,9,4,9,7,0.3492431044578552,0.05,,,,,,,,,,,0.3696727802476026,0.6836420328937901
984,train-load-1.0-scenario-590,1.0,0.8870075,0.4198015625,0.8870075,4.566973391382572,0.4778995382700302,0.5221004617299698,0.75,0.25,0.7142857142857143,0.2857142857142857,3,1,5,2,7,4,4,3,0.27357369661331177,0.05,,,,,,,,,,,0.3696727802476026,0.6836420328937901
985,train-load-1.0-scenario-234,1.0,0.9053006666666666,0.5955625,0.9053006666666666,8.572380426078503,0.1639197917451216,0.7451711173457876,0.7272727272727273,0.2727272727272727,0.6666666666666666,0.3333333333333333,8,3,8,4,12,6,11,8,0.23028619587421417,0.05,,,,,,,,,,,0.3696727802476026,0.6836420328937901
986,train-load-0.9-scenario-449,0.9,0.919760857142857,0.6477628571428572,0.919760857142857,12.938262368592921,0.620968226261742,0.7123651070715914,0.8333333333333334,0.16666666666666666,0.7142857142857143,0.2857142857142857,10,2,10,4,14,7,12,10,0.2959364652633667,0.05,,,,,,,,,,,0.3696727802476026,0.6836420328937901
987,train-load-0.5-scenario-88,0.5,0.546999,0.3100375,0.546999,8.926320329703769,1.363156313352583,0.636843686647417,1.0,0.0,1.0,0.0,4,0,6,0,6,5,4,4,0.24811705946922302,0.05,,,,,,,,,,,0.3696727802476026,0.6836420328937901
988,train-load-0.5-scenario-250,0.5,0.508861,0.27154618055555557,0.508861,11.023468083309485,1.2993623610046452,0.7006376389953548,1.0,0.0,1.0,0.0,6,0,6,0,6,6,6,6,0.3041099011898041,0.05,,,,,,,,,,,0.3696727802476026,0.6836420328937901
989,train-load-0.7-scenario-737,0.7,0.6366017500000001,0.29887864583333335,0.6366017500000001,13.645619661692479,1.100505782802397,0.899494217197603,1.0,0.0,1.0,0.0,9,0,9,0,9,8,9,9,0.2518511116504669,0.05,,,,,,,,,,,0.3696727802476026,0.6836420328937901
990,train-load-0.9-scenario-747,0.9,0.780164,0.34569374999999997,0.780164,6.455864460198181,0.23916679732186585,0.7608332026781341,0.75,0.25,0.6666666666666666,0.3333333333333333,6,2,6,3,9,6,8,6,0.3560502529144287,0.05,,,,,,,,,,,0.3696727802476026,0.6836420328937901
991,train-load-0.6-scenario-525,0.6,0.6,0.40476190476190477,0.6,12.00329331059617,1.0925174804558617,0.4074825195441384,0.875,0.125,0.875,0.125,7,1,7,1,8,7,8,7,0.44376906752586365,0.05,,,,,,,,,,,0.3696727802476026,0.6836420328937901
992,train-load-1.0-scenario-152-retry-1,1.0,0.88172775,0.70890078125,0.88172775,21.930009430161306,1.1244289061785016,0.4049828585273807,0.8823529411764706,0.11764705882352941,0.8333333333333334,0.16666666666666666,15,2,15,3,18,8,17,15,0.24073338508605957,0.05,,,,,,,,,,,0.3696727802476026,0.6836420328937901
993,train-load-0.6-scenario-708,0.6,0.4857142857142857,0.40476190476190477,0.4857142857142857,27.724413795055007,1.617552415541775,0.3824475844582249,1.0,0.0,1.0,0.0,17,0,17,0,17,7,17,17,0.19685585796833038,0.05,,,,,,,,,,,0.3696727802476026,0.6836420328937901
994,train-load-0.6-scenario-470,0.6,0.5182862500000001,0.3680240625,0.5182862500000001,11.941575892305142,0.8660476570483421,0.6895078985072134,0.8888888888888888,0.1111111111111111,0.8888888888888888,0.1111111111111111,8,1,8,1,9,8,9,8,0.34622782468795776,0.05,,,,,,,,,,,0.3696727802476026,0.6836420328937901
995,train-load-0.5-scenario-715-retry-1,0.5,0.55,0.55,0.34375,19.084976126653828,1.5373711602790632,0.4626288397209368,1.0,0.0,1.0,0.0,11,0,11,0,11,8,11,11,0.22824184596538544,0.05,,,,,,,,,,,0.3696727802476026,0.6836420328937901
996,train-load-0.9-scenario-225-retry-14,0.9,0.9,0.75,0.9,10.346689527454403,0.4065970030764353,0.26006966359023126,0.6666666666666666,0.3333333333333333,0.6666666666666666,0.3333333333333333,8,4,8,4,12,8,12,8,0.3511578142642975,0.05,,,,,,,,,,,0.3696727802476026,0.6836420328937901
997,train-load-1.0-scenario-379,1.0,0.9346028,0.63627,0.9346028,1.0701966372729521,-0.7542020851223115,0.9764243073445338,0.5555555555555556,0.4444444444444444,0.5,0.5,5,4,5,5,10,5,9,5,0.2296348214149475,0.05,,,,,,,,,,,0.3696727802476026,0.6836420328937901
998,train-load-1.0-scenario-534,1.0,0.9348442,0.75090875,0.9348442,2.8882929681718377,-0.6189772270539904,1.0189772270539903,0.6,0.4,0.5454545454545454,0.45454545454545453,6,4,6,5,11,5,10,6,0.34447941184043884,0.05,,,,,,,,,,,0.3696727802476026,0.6836420328937901
999,train-load-0.7-scenario-98,0.7,0.6970219999999999,0.5035705357142858,0.6970219999999999,15.017906270376931,1.1125432011757879,0.8874567988242121,1.0,0.0,1.0,0.0,10,0,11,0,11,7,10,10,0.46910786628723145,0.05,,,,,,,,,,,0.3696727802476026,0.6836420328937901
1000,train-load-0.7-scenario-642,0.7,0.647916,0.35807625,0.647916,3.8954721396852143,0.3126505007375372,0.8873494992624629,0.8,0.2,0.8,0.2,4,1,4,1,5,4,5,4,0.12113333493471146,0.05,0.3685099246542854,0.5283435509441985,0.724213368899621,0.27578663110037904,0.7101536256885211,0.2898463743114789,0.6594525819346809,0.6824004878149479,0.2859402412356413,0.7170527959151972,0.3696727802476026,0.6836420328937901
1001,train-load-0.6-scenario-104-retry-3,0.6,0.6,0.6,0.36,15.913061983549436,1.428184276721161,0.571815723278839,1.0,0.0,1.0,0.0,9,0,9,0,9,5,9,9,0.2799679636955261,0.05,,,,,,,,,,,0.3696727802476026,0.6836420328937901
1002,train-load-0.8-scenario-649-retry-5,0.8,0.80625,0.5125,0.80625,11.192787100708093,0.7209599825250571,0.47904001747494296,0.8,0.2,0.8,0.2,8,2,8,2,10,8,10,8,0.4173503816127777,0.05,,,,,,,,,,,0.3696727802476026,0.6836420328937901
1003,train-load-0.5-scenario-649-retry-1,0.5,0.45714285714285713,0.44285714285714284,0.45714285714285713,11.913353110505334,0.8625569603625179,0.6929985951930375,0.8888888888888888,0.1111111111111111,0.8888888888888888,0.1111111111111111,8,1,8,1,9,7,9,8,0.3070870041847229,0.05,,,,,,,,,,,0.3696727802476026,0.6836420328937901
1004,train-load-1.0-scenario-612-retry-2,1.0,0.9092774285714286,0.6270460714285715,0.9092774285714286,16.219454068295477,0.9386650637794869,0.44595032083589775,0.8461538461538461,0.15384615384615385,0.7857142857142857,0.21428571428571427,11,2,11,3,14,7,13,11,0.44084280729293823,0.05,,,,,,,,,,,0.3696727802476026,0.6836420328937901
1005,train-load-0.6-scenario-745,0.6,0.5693108,0.3158479166666667,0.5693108,9.619658128459367,1.2542419210410642,0.7457580789589356,1.0,0.0,1.0,0.0,5,0,6,0,6,5,5,5,0.49087244272232056,0.05,,,,,,,,,,,0.3696727802476026,0.6836420328937901
1006,train-load-0.9-scenario-405,0.9,0.7857058333333333,0.7857058333333333,0.7042725,13.953236835224203,1.0332411679253224,0.5667588320746777,0.9,0.1,0.8461538461538461,0.15384615384615385,9,1,11,2,13,6,10,9,0.17679119110107422,0.05,,,,,,,,,,,0.3696727802476026,0.6836420328937901
1007,train-load-1.0-scenario-491-retry-2,1.0,0.8974981666666667,0.7498499999999999,0.8974981666666667,14.096765549446562,0.8288692293046485,0.504464104028685,0.8333333333333334,0.16666666666666666,0.7692307692307693,0.23076923076923078,10,2,10,3,13,6,12,10,0.44463294744491577,0.05,,,,,,,,,,,0.3696727802476026,0.6836420328937901
1008,train-load-0.6-scenario-358-retry-3,0.6,0.4875,0.4875,0.325,21.164321331140624,1.414038165715072,0.585961834284928,1.0,0.0,1.0,0.0,13,0,13,0,13,8,13,13,0.37328946590423584,0.05,,,,,,,,,,,0.3696727802476026,0.6836420328937901
1009,train-load-0.9-scenario-321,0.9,1.0,1.0,0.4,2.3974497213457493,-0.46556166731948856,0.46556166731948856,0.5,0.5,0.5,0.5,4,4,8,8,16,8,8,4,0.4751460552215576,0.05,,,,,,,,,,,0.3696727802476026,0.6836420328937901
1010,train-load-0.9-scenario-231-retry-2,0.9,0.7833333333333333,0.4166666666666667,0.7833333333333333,13.202935038752953,0.7740163759094122,0.4987108968178606,0.8181818181818182,0.18181818181818182,0.7333333333333333,0.26666666666666666,9,2,11,4,15,6,11,9,0.49001532793045044,0.05,,,,,,,,,,,0.3696727802476026,0.6836420328937901
1011,train-load-0.9-scenario-555,0.9,0.828651,0.5832225,0.828651,9.94523114528008,0.6036080510475426,0.5075030600635686,0.7777777777777778,0.2222222222222222,0.7777777777777778,0.2222222222222222,7,2,7,2,9,5,9,7,0.41421812772750854,0.05,,,,,,,,,,,0.3696727802476026,0.6836420328937901
1012,train-load-0.7-scenario-518-retry-1,0.7,0.6,0.6,0.5,22.61686578527628,1.669895325938775,0.330104674061225,1.0,0.0,1.0,0.0,13,0,13,0,13,6,13,13,0.4630419611930847,0.05,,,,,,,,,,,0.3696727802476026,0.6836420328937901
1013,train-load-0.8-scenario-541-retry-7,0.8,0.9,0.9,0.6,11.727304566392228,0.5249162168070529,0.47508378319294703,0.75,0.25,0.75,0.25,9,3,9,3,12,4,12,9,0.1709877848625183,0.05,,,,,,,,,,,0.3696727802476026,0.6836420328937901
1014,train-load-0.7-scenario-354,0.7,0.8,0.6666666666666666,0.8,11.69709913939132,0.4889354453349063,0.5110645546650937,0.75,0.25,0.75,0.25,9,3,9,3,12,6,12,9,0.3193414509296417,0.05,,,,,,,,,,,0.3696727802476026,0.6836420328937901
1015,train-load-0.9-scenario-10-retry-3,0.9,0.9875,0.9,0.9875,10.893301303932134,0.6052806686339363,0.3038102404569729,0.7272727272727273,0.2727272727272727,0.7272727272727273,0.2727272727272727,8,3,8,3,11,4,11,8,0.45278623700141907,0.05,,,,,,,,,,,0.3696727802476026,0.6836420328937901
1016,train-load-0.6-scenario-473,0.6,0.5497142,0.49144625000000003,0.5497142,12.305387722284667,1.4720262301053464,0.5279737698946536,1.0,0.0,1.0,0.0,6,0,7,0,7,5,6,6,0.4006945490837097,0.05,,,,,,,,,,,0.3696727802476026,0.6836420328937901
1017,train-load-0.8-scenario-648-retry-1,0.8,0.75,0.25,0.75,32.7140704193837,1.2676226044030126,0.5657107289303209,0.9583333333333334,0.041666666666666664,0.9583333333333334,0.041666666666666664,23,1,23,1,24,8,24,23,0.23644661903381348,0.05,,,,,,,,,,,0.3696727802476026,0.6836420328937901
1018,train-load-0.8-scenario-436-retry-1,0.8,0.875,0.875,0.5357142857142857,6.9044536099040625,0.15329485747080962,0.513371809195857,0.6666666666666666,0.3333333333333333,0.6,0.4,6,3,9,6,15,7,9,6,0.44361424446105957,0.05,,,,,,,,,,,0.3696727802476026,0.6836420328937901
1019,train-load-0.9-scenario-609-retry-7,0.9,1.0,1.0,0.4,4.662728529972856,-0.4586878089135731,0.45868780891357314,0.5,0.5,0.5,0.5,6,6,6,6,12,6,12,6,0.3716723918914795,0.05,,,,,,,,,,,0.3696727802476026,0.6836420328937901
1020,train-load-0.9-scenario-564,0.9,1.0,0.8541666666666666,1.0,8.193851514809658,-0.28508796491849075,0.5350879649184908,0.5625,0.4375,0.5625,0.4375,9,7,9,7,16,4,16,9,0.1956426054239273,0.05,,,,,,,,,,,0.3696727802476026,0.6836420328937901
1021,train-load-1.0-scenario-683-retry-9,1.0,0.9166666666666666,0.18333333333333332,0.9166666666666666,21.928176862743197,0.5585675306294822,0.7141597420977907,0.8181818181818182,0.18181818181818182,0.8181818181818182,0.18181818181818182,18,4,18,4,22,6,22,18,0.3020126223564148,0.05,,,,,,,,,,,0.3696727802476026,0.6836420328937901
1022,train-load-0.7-scenario-486,0.7,0.6166563333333334,0.4311302083333333,0.6166563333333334,14.211677212886427,1.3823267443762601,0.6176732556237399,1.0,0.0,1.0,0.0,8,0,9,0,9,6,8,8,0.5381622314453125,0.05,,,,,,,,,,,0.3696727802476026,0.6836420328937901
1023,train-load-0.9-scenario-709,0.9,0.8664984,0.567875,0.8664984,12.125847407146786,0.9227668223332485,0.632788733222307,0.8888888888888888,0.1111111111111111,0.8,0.2,8,1,8,2,10,5,9,8,0.16610091924667358,0.05,,,,,,,,,,,0.3696727802476026,0.6836420328937901
1024,train-load-1.0-scenario-91-retry-15,1.0,0.9714285714285714,0.5928571428571429,0.9714285714285714,26.291095711908966,0.8279362012531277,0.5053971320802058,0.8333333333333334,0.16666666666666666,0.8333333333333334,0.16666666666666666,20,4,20,4,24,7,24,20,0.22776173055171967,0.05,,,,,,,,,,,0.3696727802476026,0.6836420328937901
1025,train-load-0.6-scenario-117,0.6,0.5663535714285715,0.5364207142857143,0.5663535714285715,17.53442058427546,1.4918091364977357,0.5081908635022643,1.0,0.0,1.0,0.0,10,0,11,0,11,7,10,10,0.5271140336990356,0.05,,,,,,,,,,,0.3696727802476026,0.6836420328937901
1026,train-load-0.6-scenario-100-retry-1,0.6,0.5834965,0.443530625,0.5834965,12.791174333872341,1.5850513975067808,0.4149486024932191,1.0,0.0,1.0,0.0,6,0,6,0,6,4,6,6,0.3985379934310913,0.05,,,,,,,,,,,0.3696727802476026,0.6836420328937901
1027,train-load-0.9-scenario-45-retry-3,0.9,0.85,0.2125,0.85,16.55209169505011,0.5894866461868294,0.4693368832249351,0.7647058823529411,0.23529411764705882,0.7647058823529411,0.23529411764705882,13,4,13,4,17,4,17,13,0.40882837772369385,0.05,,,,,,,,,,,0.3696727802476026,0.6836420328937901
1028,train-load-0.9-scenario-412-retry-1,0.9,0.8125,0.5833333333333334,0.8125,13.306753782268853,0.8882908682867053,0.3844364044405675,0.8181818181818182,0.18181818181818182,0.8181818181818182,0.18181818181818182,9,2,9,2,11,8,11,9,0.6989405155181885,0.05,,,,,,,,,,,0.3696727802476026,0.6836420328937901
1029,train-load-0.9-scenario-193,0.9,0.818213,0.5251541666666667,0.818213,11.810305225446744,0.9329105949259994,0.6226449606295561,0.8888888888888888,0.1111111111111111,0.8181818181818182,0.18181818181818182,8,1,9,2,11,6,9,8,0.42585092782974243,0.05,,,,,,,,,,,0.3696727802476026,0.6836420328937901
1030,train-load-0.5-scenario-81,0.5,0.6,0.45,0.6,19.948185601831504,1.493929388084831,0.506070611915169,1.0,0.0,1.0,0.0,12,0,12,0,12,8,12,12,0.4250166714191437,0.05,,,,,,,,,,,0.3696727802476026,0.6836420328937901
1031,train-load-0.5-scenario-441,0.5,0.51875,0.4,0.51875,15.517633120918639,1.6312355029254837,0.3687644970745162,1.0,0.0,1.0,0.0,8,0,8,0,8,8,8,8,0.5727347135543823,0.05,,,,,,,,,,,0.3696727802476026,0.6836420328937901
1032,train-hard-4gpu-4pod-1vgpu,0.25,0.25,0.16666666666666666,0.25,11.544497883017963,1.9166666666666665,0.08333333333333337,1.0,0.0,1.0,0.0,4,0,4,0,4,4,4,4,0.5307788848876953,0.05,,,,,,,,,,,0.3696727802476026,0.6836420328937901
1033,train-load-0.5-scenario-28,0.5,0.54600425,0.3034088541666667,0.54600425,9.705052739406575,1.319035943249891,0.680964056750109,1.0,0.0,1.0,0.0,5,0,5,0,5,4,5,5,0.7040479183197021,0.05,,,,,,,,,,,0.3696727802476026,0.6836420328937901
1034,train-load-0.5-scenario-138-retry-4,0.5,0.5833333333333334,0.5833333333333334,0.4375,23.04892159140784,1.5122055984266976,0.4877944015733024,1.0,0.0,1.0,0.0,14,0,14,0,14,8,14,14,0.42657366394996643,0.05,,,,,,,,,,,0.3696727802476026,0.6836420328937901
1035,train-load-0.8-scenario-700,0.8,0.74,0.74,0.36,14.838784790087741,0.6323008735084557,0.5105562693486871,0.7857142857142857,0.21428571428571427,0.7857142857142857,0.21428571428571427,11,3,11,3,14,5,14,11,0.3642701506614685,0.05,,,,,,,,,,,0.3696727802476026,0.6836420328937901
1036,train-load-0.7-scenario-352,0.7,0.624647875,0.4106330729166667,0.624647875,16.665589240946822,1.1851139571062983,0.8148860428937017,1.0,0.0,1.0,0.0,11,0,11,0,11,8,11,11,0.22232982516288757,0.05,,,,,,,,,,,0.3696727802476026,0.6836420328937901
1037,train-load-0.7-scenario-618,0.7,0.60508575,0.33072708333333334,0.60508575,8.691177988736705,1.3262117940295595,0.6737882059704405,1.0,0.0,1.0,0.0,4,0,5,0,5,4,4,4,0.3830302357673645,0.05,,,,,,,,,,,0.3696727802476026,0.6836420328937901
1038,train-load-0.6-scenario-716,0.6,0.6833333333333333,0.5166666666666667,0.6833333333333333,15.551611933854591,1.6409438874658595,0.3590561125341404,1.0,0.0,1.0,0.0,8,0,8,0,8,6,8,8,0.31827080249786377,0.05,,,,,,,,,,,0.3696727802476026,0.6836420328937901
1039,train-load-0.5-scenario-748,0.5,0.461018,0.39347552083333337,0.461018,12.236062427485663,1.2550474025798783,0.7449525974201217,1.0,0.0,1.0,0.0,7,0,9,0,9,8,7,7,0.5995690822601318,0.05,,,,,,,,,,,0.3696727802476026,0.6836420328937901
1040,train-load-0.6-scenario-111,0.6,0.5288816666666667,0.3493077083333333,0.5288816666666667,11.688145777901092,1.1957129049342785,0.8042870950657214,1.0,0.0,1.0,0.0,7,0,7,0,7,6,7,7,0.43882715702056885,0.05,,,,,,,,,,,0.3696727802476026,0.6836420328937901
1041,train-hard-4gpu-4pod-2vgpu,0.25,0.25,0.16666666666666666,0.25,11.616666666666667,1.9166666666666665,0.08333333333333337,1.0,0.0,1.0,0.0,4,0,8,0,8,4,4,4,0.5253097414970398,0.05,,,,,,,,,,,0.3696727802476026,0.6836420328937901
1042,train-load-0.6-scenario-348,0.6,0.67033725,0.41002453125000005,0.67033725,8.817610952511558,0.7209887724027856,0.7075826561686429,0.8571428571428571,0.14285714285714285,0.8,0.2,6,1,8,2,10,8,7,6,0.37049973011016846,0.05,,,,,,,,,,,0.3696727802476026,0.6836420328937901
1043,train-load-0.9-scenario-146-retry-4,0.9,0.8571428571428571,0.8571428571428571,0.5142857142857142,18.924069583977523,0.7259140270158693,0.3851970840952418,0.7777777777777778,0.2222222222222222,0.7777777777777778,0.2222222222222222,14,4,14,4,18,7,18,14,0.49095481634140015,0.05,,,,,,,,,,,0.3696727802476026,0.6836420328937901
1044,train-load-0.8-scenario-261,0.8,0.9,0.75,0.9,7.513756488201269,0.2675841966358474,0.3990824700308192,0.6666666666666666,0.3333333333333333,0.6666666666666666,0.3333333333333333,6,3,6,3,9,4,9,6,0.5391346216201782,0.05,,,,,,,,,,,0.3696727802476026,0.6836420328937901
1045,train-load-0.7-scenario-665-retry-1,0.7,0.74375,0.3645833333333333,0.74375,16.90730178732376,0.9083363790325653,0.5202350495388632,0.8571428571428571,0.14285714285714285,0.8571428571428571,0.14285714285714285,12,2,12,2,14,8,14,12,0.4127822518348694,0.05,,,,,,,,,,,0.3696727802476026,0.6836420328937901
1046,train-load-1.0-scenario-529-retry-1,1.0,0.920017,0.6995394642857142,0.920017,13.154953280309378,0.16508919463537597,0.65844021712933,0.7058823529411765,0.29411764705882354,0.7058823529411765,0.29411764705882354,12,5,12,5,17,7,17,12,0.32287484407424927,0.05,,,,,,,,,,,0.3696727802476026,0.6836420328937901
1047,train-load-0.9-scenario-660-retry-7,0.9,1.0,1.0,0.8166666666666667,3.351521600139856,-0.7035738448459664,0.4178595591316807,0.42857142857142855,0.5714285714285714,0.4,0.6,6,8,6,9,15,6,14,6,0.3275284469127655,0.05,,,,,,,,,,,0.3696727802476026,0.6836420328937901
1048,train-load-0.7-scenario-684,0.7,0.6,0.6,0.5142857142857142,12.40964757167977,0.7994906512413771,0.800509348758623,0.9,0.1,0.9,0.1,9,1,9,1,10,7,10,9,0.2771664261817932,0.05,,,,,,,,,,,0.3696727802476026,0.6836420328937901
1049,train-load-1.0-scenario-22,1.0,0.9003112857142856,0.6569239285714286,0.9003112857142856,15.085502519014739,0.8108132196299636,0.573802164985421,0.8461538461538461,0.15384615384615385,0.7333333333333333,0.26666666666666666,11,2,11,4,15,7,13,11,0.24805650115013123,0.05,,,,,,,,,,,0.3696727802476026,0.6836420328937901
1050,train-load-0.6-scenario-40,0.6,0.6666666666666666,0.6666666666666666,0.2,10.145037588758026,0.797443848784823,0.702556151215177,0.875,0.125,0.875,0.125,7,1,7,1,8,8,8,7,0.3935813903808594,0.05,,,,,,,,,,,0.3696727802476026,0.6836420328937901
1051,train-load-0.6-scenario-399,0.6,0.5608995,0.4216815625,0.5608995,16.949292516100726,1.398048451063542,0.601951548936458,1.0,0.0,1.0,0.0,10,0,11,0,11,8,10,10,0.06597086042165756,0.05,,,,,,,,,,,0.3696727802476026,0.6836420328937901
1052,train-load-0.7-scenario-571,0.7,0.6084627499999999,0.4015333333333333,0.6084627499999999,10.114386153059474,1.386546218960132,0.6134537810398679,1.0,0.0,1.0,0.0,5,0,5,0,5,4,5,5,0.25916534662246704,0.05,,,,,,,,,,,0.3696727802476026,0.6836420328937901
1053,train-load-0.5-scenario-111-retry-6,0.5,0.6,0.5,0.6,16.35962605717785,1.525554592110887,0.4744454078891128,1.0,0.0,1.0,0.0,9,0,9,0,9,7,9,9,0.2909795045852661,0.05,,,,,,,,,,,0.3696727802476026,0.6836420328937901
1054,train-load-1.0-scenario-220-retry-3,1.0,1.0875,1.0875,0.575,17.156387596491733,0.3863045716990684,0.5610638493535631,0.7368421052631579,0.2631578947368421,0.6428571428571429,0.35714285714285715,14,5,18,10,28,8,19,14,0.3775021731853485,0.05,,,,,,,,,,,0.3696727802476026,0.6836420328937901
1055,train-load-1.0-scenario-675-retry-10,1.0,1.0,1.0,1.0,14.3890311063932,0.5011326396916318,0.2488673603083682,0.6875,0.3125,0.6875,0.3125,11,5,11,5,16,4,16,11,0.5881387591362,0.05,,,,,,,,,,,0.3696727802476026,0.6836420328937901
1056,train-load-0.7-scenario-487-retry-3,0.7,0.8142857142857143,0.6190476190476191,0.8142857142857143,5.573185960989946,-0.29705399250895137,0.6303873258422847,0.5833333333333334,0.4166666666666667,0.5833333333333334,0.4166666666666667,7,5,7,5,12,7,12,7,0.17910650372505188,0.05,,,,,,,,,,,0.3696727802476026,0.6836420328937901
1057,train-load-0.6-scenario-293,0.6,0.5241841428571429,0.4256132142857143,0.5241841428571429,14.972525560880282,1.3491289686229981,0.6508710313770019,1.0,0.0,1.0,0.0,9,0,9,0,9,7,9,9,0.19348333775997162,0.05,,,,,,,,,,,0.3696727802476026,0.6836420328937901
1058,train-hard-4gpu-8pod-1vgpu,0.5,0.5,0.3333333333333333,0.5,13.66604431072341,1.3230229702535046,0.6769770297464954,1.0,0.0,1.0,0.0,8,0,8,0,8,4,8,8,0.23046477138996124,0.05,,,,,,,,,,,0.3696727802476026,0.6836420328937901
1059,train-load-0.8-scenario-599,0.8,0.890149,0.5056714999999999,0.890149,9.807710128232895,0.733647601938733,0.766352398061267,0.875,0.125,0.7777777777777778,0.2222222222222222,7,1,7,2,9,5,8,7,0.31616175174713135,0.05,,,,,,,,,,,0.3696727802476026,0.6836420328937901
1060,train-load-0.5-scenario-54,0.5,0.45093049999999996,0.3706240625,0.45093049999999996,12.481209468750755,1.1188308251799413,0.8811691748200587,1.0,0.0,1.0,0.0,8,0,8,0,8,8,8,8,0.2937074303627014,0.05,,,,,,,,,,,0.3696727802476026,0.6836420328937901
1061,train-load-0.5-scenario-583-retry-7,0.5,0.6,0.3,0.6,14.817749769361345,1.535129323267627,0.46487067673237287,1.0,0.0,1.0,0.0,8,0,8,0,8,8,8,8,0.2148582935333252,0.05,,,,,,,,,,,0.3696727802476026,0.6836420328937901
1062,train-load-0.8-scenario-368,0.8,0.78917925,0.6839237499999999,0.78917925,10.700273324600458,0.8699785394955799,0.6300214605044202,0.875,0.125,0.875,0.125,7,1,7,1,8,4,8,7,0.5765513181686401,0.05,,,,,,,,,,,0.3696727802476026,0.6836420328937901
1063,train-load-0.7-scenario-705,0.7,0.76011575,0.359230625,0.76011575,4.105282549693515,0.3330980946741181,0.6669019053258819,0.75,0.25,0.6,0.4,3,1,3,2,5,4,4,3,0.36452484130859375,0.05,,,,,,,,,,,0.3696727802476026,0.6836420328937901
1064,train-load-0.9-scenario-158-retry-1,0.9,1.0,1.0,0.62,3.763183863443859,-0.4482135151603689,0.4482135151603689,0.5,0.5,0.5,0.5,5,5,5,5,10,5,10,5,0.568078339099884,0.05,,,,,,,,,,,0.3696727802476026,0.6836420328937901
1065,train-load-0.5-scenario-507-retry-2,0.5,0.4166666666666667,0.25,0.4166666666666667,17.417292191709436,1.4936344609570744,0.5063655390429256,1.0,0.0,1.0,0.0,10,0,10,0,10,6,10,10,0.29635336995124817,0.05,,,,,,,,,,,0.3696727802476026,0.6836420328937901
1066,train-load-0.7-scenario-612,0.7,0.7356416666666666,0.7356416666666666,0.593892,8.742445141329934,0.7478196295175662,0.6807517990538624,0.8571428571428571,0.14285714285714285,0.75,0.25,6,1,6,2,8,4,7,6,0.5735820531845093,0.05,,,,,,,,,,,0.3696727802476026,0.6836420328937901
1067,train-load-0.9-scenario-148-retry-7,0.9,1.0,0.4,1.0,6.2078048779958594,-0.5027091803549997,0.5027091803549997,0.5,0.5,0.5,0.5,8,8,8,8,16,8,16,8,0.38217541575431824,0.05,,,,,,,,,,,0.3696727802476026,0.6836420328937901
1068,train-load-0.9-scenario-14,0.9,0.9166666666666666,0.9166666666666666,0.5333333333333333,17.08087705760083,1.1971761941603913,0.46949047250627507,0.9166666666666666,0.08333333333333333,0.9166666666666666,0.08333333333333333,11,1,11,1,12,6,12,11,0.1783629059791565,0.05,,,,,,,,,,,0.3696727802476026,0.6836420328937901
1069,train-load-0.6-scenario-329,0.6,0.58358175,0.36738437500000004,0.58358175,8.693802477745333,1.305493107057711,0.6945068929422892,1.0,0.0,1.0,0.0,4,0,5,0,5,4,4,4,0.34172192215919495,0.05,,,,,,,,,,,0.3696727802476026,0.6836420328937901
1070,train-load-0.7-scenario-606,0.7,0.76875,0.2125,0.76875,12.025017624975398,0.9302581795147306,0.6252973760408249,0.8888888888888888,0.1111111111111111,0.8888888888888888,0.1111111111111111,8,1,8,1,9,8,9,8,0.48228365182876587,0.05,,,,,,,,,,,0.3696727802476026,0.6836420328937901
1071,train-load-0.8-scenario-534,0.8,0.8214285714285714,0.32857142857142857,0.8214285714285714,24.521825619807483,0.7694873405147684,0.534860485572188,0.8260869565217391,0.17391304347826086,0.8260869565217391,0.17391304347826086,19,4,19,4,23,7,23,19,0.2596328556537628,0.05,,,,,,,,,,,0.3696727802476026,0.6836420328937901
1072,train-load-0.9-scenario-413-retry-2,0.9,0.95,0.5833333333333334,0.95,4.799409513581124,-0.22851406119079165,0.6285140611907916,0.6,0.4,0.6,0.4,6,4,6,4,10,5,10,6,0.3534630537033081,0.05,,,,,,,,,,,0.3696727802476026,0.6836420328937901
1073,train-load-0.5-scenario-205,0.5,0.46638749999999995,0.41820125,0.46638749999999995,9.216030242001205,1.1922676693871435,0.8077323306128565,1.0,0.0,1.0,0.0,5,0,7,0,7,6,5,5,0.4450070858001709,0.05,,,,,,,,,,,0.3696727802476026,0.6836420328937901
1074,train-load-0.9-scenario-392-retry-1,0.9,0.8,0.8,0.48,22.284848740420994,0.5337061370338758,0.46629386296612424,0.75,0.25,0.75,0.25,18,6,18,6,24,5,24,18,0.3340148329734802,0.05,,,,,,,,,,,0.3696727802476026,0.6836420328937901
1075,train-load-1.0-scenario-324,1.0,0.8815281428571429,0.7888771428571429,0.8815281428571429,17.39828852819756,1.0018709935479073,0.4267004350235214,0.8571428571428571,0.14285714285714285,0.8125,0.1875,12,2,13,3,16,7,14,12,0.4740646481513977,0.05,,,,,,,,,,,0.3696727802476026,0.6836420328937901
1076,train-load-0.9-scenario-300-retry-10,0.9,1.0,1.0,1.0,3.8892822418902133,-0.15917013172997585,0.15917013172997585,0.5,0.5,0.5,0.5,4,4,4,4,8,4,8,4,0.4158189296722412,0.05,,,,,,,,,,,0.3696727802476026,0.6836420328937901
1077,train-load-0.6-scenario-93-retry-1,0.6,0.7142857142857143,0.6547619047619048,0.7142857142857143,6.998042508928766,0.05222999950082108,0.7477700004991789,0.7,0.3,0.7,0.3,7,3,7,3,10,7,10,7,0.6245415806770325,0.05,,,,,,,,,,,0.3696727802476026,0.6836420328937901
1078,train-load-0.5-scenario-310,0.5,0.45714285714285713,0.34285714285714286,0.45714285714285713,13.825553641210846,1.3080638478853523,0.6919361521146478,1.0,0.0,1.0,0.0,8,0,8,0,8,7,8,8,0.46936315298080444,0.05,,,,,,,,,,,0.3696727802476026,0.6836420328937901
1079,train-load-0.9-scenario-416,0.9,0.849593625,0.6076721875000001,0.849593625,15.234233743575261,0.6816682837439839,0.7469031448274446,0.8571428571428571,0.14285714285714285,0.8125,0.1875,12,2,13,3,16,8,14,12,0.3118177056312561,0.05,,,,,,,,,,,0.3696727802476026,0.6836420328937901
1080,train-load-0.8-scenario-724-retry-1,0.8,0.775,0.3020833333333333,0.775,11.501839466117477,0.3411834084145965,0.7357396685084805,0.7692307692307693,0.23076923076923078,0.7692307692307693,0.23076923076923078,10,3,10,3,13,8,13,10,0.47889259457588196,0.05,,,,,,,,,,,0.3696727802476026,0.6836420328937901
1081,train-load-0.8-scenario-550-retry-10,0.8,0.8,0.8,0.64,9.53247303455346,0.7002843895396791,0.2997156104603208,0.75,0.25,0.75,0.25,6,2,6,2,8,5,8,6,0.3533194661140442,0.05,,,,,,,,,,,0.3696727802476026,0.6836420328937901
1082,train-load-0.6-scenario-599,0.6,0.5783604,0.323304,0.5783604,10.554549681109753,1.2076760587343611,0.7923239412656388,1.0,0.0,1.0,0.0,6,0,6,0,6,5,6,6,0.2806369662284851,0.05,,,,,,,,,,,0.3696727802476026,0.6836420328937901
1083,train-load-1.0-scenario-661,1.0,0.8953500000000001,0.6533041666666667,0.8953500000000001,13.658113351759845,0.8798982117843438,0.3928290609429289,0.8181818181818182,0.18181818181818182,0.7857142857142857,0.21428571428571427,9,2,11,3,14,6,11,9,0.48272791504859924,0.05,,,,,,,,,,,0.3696727802476026,0.6836420328937901
1084,train-load-0.5-scenario-140-retry-5,0.5,0.4166666666666667,0.4166666666666667,0.325,19.43467864514341,1.362420732574774,0.637579267425226,1.0,0.0,1.0,0.0,12,0,12,0,12,8,12,12,0.3185102045536041,0.05,,,,,,,,,,,0.3696727802476026,0.6836420328937901
1085,train-load-0.9-scenario-748-retry-2,0.9,1.0,0.16666666666666666,1.0,4.794062824737603,-0.2121863471156249,0.6121863471156248,0.6,0.4,0.6,0.4,6,4,6,4,10,6,10,6,0.2245761901140213,0.05,,,,,,,,,,,0.3696727802476026,0.6836420328937901
1086,train-hard-4gpu-12pod-small,0.375,0.375,0.25,0.375,22.270778062990146,1.875,0.125,1.0,0.0,1.0,0.0,12,0,12,0,12,4,12,12,0.5730732679367065,0.05,,,,,,,,,,,0.3696727802476026,0.6836420328937901
1087,train-load-0.7-scenario-535,0.7,0.6,0.16666666666666666,0.6,14.085336615237747,1.3978217733600407,0.6021782266399593,1.0,0.0,1.0,0.0,8,0,8,0,8,8,8,8,0.36135709285736084,0.05,,,,,,,,,,,0.3696727802476026,0.6836420328937901
1088,train-load-0.9-scenario-490,0.9,0.7954685714285714,0.6622619642857144,0.7954685714285714,16.504877877354268,1.0265705352042906,0.35804484941109394,0.8461538461538461,0.15384615384615385,0.8571428571428571,0.14285714285714285,11,2,12,2,14,7,13,11,0.3853694498538971,0.05,,,,,,,,,,,0.3696727802476026,0.6836420328937901
1089,train-load-0.7-scenario-122,0.7,0.6007895,0.5297824999999999,0.6007895,7.233698586812547,0.7655582034731853,0.4344417965268149,0.8,0.2,0.6666666666666666,0.3333333333333333,4,1,4,2,6,4,5,4,0.41403746604919434,0.05,,,,,,,,,,,0.3696727802476026,0.6836420328937901
1090,train-load-0.6-scenario-2-retry-1,0.6,0.5,0.5,0.3,36.1823992686451,1.4508054934710533,0.5491945065289467,1.0,0.0,1.0,0.0,24,0,24,0,24,8,24,24,0.294159471988678,0.05,,,,,,,,,,,0.3696727802476026,0.6836420328937901
1091,train-load-0.6-scenario-540,0.6,0.5915130000000001,0.30926200000000004,0.5915130000000001,10.171226151884742,1.1379937651683756,0.8620062348316244,1.0,0.0,1.0,0.0,6,0,6,0,6,5,6,6,0.40206432342529297,0.05,,,,,,,,,,,0.3696727802476026,0.6836420328937901
1092,train-load-0.7-scenario-41-retry-1,0.7,0.6,0.48,0.6,20.943291545442577,1.6569560179922287,0.34304398200777136,1.0,0.0,1.0,0.0,12,0,12,0,12,5,12,12,0.3091621696949005,0.05,,,,,,,,,,,0.3696727802476026,0.6836420328937901
1093,train-load-0.8-scenario-140-retry-5,0.8,0.9,0.9,0.9,7.03767886965593,0.1962310354977198,0.47043563116894677,0.6666666666666666,0.3333333333333333,0.6666666666666666,0.3333333333333333,6,3,6,3,9,4,9,6,0.3074513375759125,0.05,,,,,,,,,,,0.3696727802476026,0.6836420328937901
1094,train-load-0.5-scenario-182,0.5,0.47289250000000005,0.47289250000000005,0.3517012,11.03422575574714,1.5161744550962353,0.4838255449037647,1.0,0.0,1.0,0.0,5,0,6,0,6,5,5,5,0.2748149633407593,0.05,,,,,,,,,,,0.3696727802476026,0.6836420328937901
1095,train-load-1.0-scenario-519,1.0,1.0857142857142856,0.4523809523809524,1.0857142857142856,9.945412568203874,-0.31807120891069807,0.6338606825949087,0.5789473684210527,0.42105263157894735,0.5789473684210527,0.42105263157894735,11,8,11,8,19,7,19,11,0.35989484190940857,0.05,,,,,,,,,,,0.3696727802476026,0.6836420328937901
1096,train-load-0.9-scenario-136,0.9,0.895280875,0.56138296875,0.895280875,19.70182915177923,1.2062256359548287,0.5080600783308857,0.9285714285714286,0.07142857142857142,0.8666666666666667,0.13333333333333333,13,1,13,2,15,8,14,13,0.3258913457393646,0.05,,,,,,,,,,,0.3696727802476026,0.6836420328937901
1097,train-load-0.5-scenario-145-retry-3,0.5,0.525,0.45,0.525,15.631833310051707,1.3967744339883983,0.6032255660116018,1.0,0.0,1.0,0.0,9,0,9,0,9,4,9,9,0.24581187963485718,0.05,,,,,,,,,,,0.3696727802476026,0.6836420328937901
1098,train-load-0.9-scenario-552,0.9,0.840625,0.840625,0.8336562,11.746172645477587,0.8194350696648293,0.3805649303351709,0.8,0.2,0.75,0.25,8,2,9,3,12,5,10,8,0.3925417959690094,0.05,,,,,,,,,,,0.3696727802476026,0.6836420328937901
1099,train-load-0.6-scenario-378,0.6,0.6666666666666666,0.6666666666666666,0.5714285714285714,20.990216091256368,1.673771673981415,0.32622832601858487,1.0,0.0,1.0,0.0,12,0,12,0,12,7,12,12,0.42410606145858765,0.05,,,,,,,,,,,0.3696727802476026,0.6836420328937901
1100,train-load-1.0-scenario-44,1.0,0.943413375,0.7465421874999999,0.943413375,14.552956139192387,0.4600340102949979,0.5399659897050021,0.75,0.25,0.7222222222222222,0.2777777777777778,12,4,13,5,18,8,16,12,0.43606579303741455,0.05,0.3563197554239781,0.5397972775081638,0.7240292582330354,0.27597074176696457,0.7101263893913055,0.28987361060869454,0.6439996931031694,0.678703090378308,0.2839297232820266,0.7042747761105208,0.3696727802476026,0.6836420328937901
1101,train-load-0.7-scenario-552-retry-5,0.7,0.6,0.5,0.6,21.5586294700424,1.7115400663126348,0.2884599336873652,1.0,0.0,1.0,0.0,12,0,12,0,12,4,12,12,0.5017688274383545,0.05,,,,,,,,,,,0.3696727802476026,0.6836420328937901
1102,train-load-1.0-scenario-728-retry-6,1.0,1.1111111111111112,1.1111111111111112,0.38333333333333336,3.018098598131432,-0.6006245127012256,0.7824426945194074,0.5454545454545454,0.45454545454545453,0.5454545454545454,0.45454545454545453,6,5,6,5,11,6,11,6,0.17901331186294556,0.05,,,,,,,,,,,0.3696727802476026,0.6836420328937901
1103,train-load-0.5-scenario-16,0.5,0.4,0.3333333333333333,0.4,18.082559586203608,1.5700625672448052,0.4299374327551948,1.0,0.0,1.0,0.0,10,0,10,0,10,5,10,10,0.29497671127319336,0.05,,,,,,,,,,,0.3696727802476026,0.6836420328937901
1104,train-load-0.8-scenario-65-retry-1,0.8,0.8333333333333334,0.3333333333333333,0.8333333333333334,5.491712584001514,-0.14393898191541044,0.5439389819154103,0.6,0.4,0.6,0.4,6,4,6,4,10,6,10,6,0.32341891527175903,0.05,,,,,,,,,,,0.3696727802476026,0.6836420328937901
1105,train-load-0.6-scenario-161,0.6,0.5,0.5,0.5,15.914847285733691,1.6754095301770517,0.32459046982294837,1.0,0.0,1.0,0.0,8,0,8,0,8,8,8,8,0.38787317276000977,0.05,,,,,,,,,,,0.3696727802476026,0.6836420328937901
1106,train-load-0.6-scenario-313-retry-3,0.6,0.5,0.5,0.5,31.74808233352733,1.588646395148369,0.4113536048516312,1.0,0.0,1.0,0.0,20,0,20,0,20,8,20,20,0.09400596469640732,0.05,,,,,,,,,,,0.3696727802476026,0.6836420328937901
1107,train-load-0.5-scenario-463-retry-2,0.5,0.6,0.5,0.6,16.941662345331615,1.6393647631919128,0.3606352368080871,1.0,0.0,1.0,0.0,9,0,9,0,9,7,9,9,0.28107577562332153,0.05,,,,,,,,,,,0.3696727802476026,0.6836420328937901
1108,train-load-0.9-scenario-697,0.9,0.8715470000000001,0.4916158333333333,0.8715470000000001,9.62538680475673,0.5533935186515725,0.5577175924595387,0.7777777777777778,0.2222222222222222,0.7,0.3,7,2,7,3,10,6,9,7,0.3098123073577881,0.05,,,,,,,,,,,0.3696727802476026,0.6836420328937901
1109,train-load-0.8-scenario-42,0.8,0.8714285714285714,0.8285714285714286,0.8714285714285714,4.7817303630964405,-0.07539588869968727,0.5753958886996873,0.625,0.375,0.45454545454545453,0.5454545454545454,5,3,5,6,11,7,8,5,0.39363932609558105,0.05,,,,,,,,,,,0.3696727802476026,0.6836420328937901
1110,train-load-0.8-scenario-413,0.8,0.721735625,0.721735625,0.6921685,11.982362468658042,1.0833397698405238,0.4166602301594763,0.875,0.125,0.875,0.125,7,1,7,1,8,4,8,7,0.20494049787521362,0.05,,,,,,,,,,,0.3696727802476026,0.6836420328937901
1111,train-load-0.5-scenario-437,0.5,0.5377834,0.26697666666666664,0.5377834,10.209022687474897,1.3698655939841162,0.6301344060158838,1.0,0.0,1.0,0.0,5,0,5,0,5,5,5,5,0.35582536458969116,0.05,,,,,,,,,,,0.3696727802476026,0.6836420328937901
1112,train-load-0.5-scenario-2,0.5,0.5512440000000001,0.22677,0.5512440000000001,8.112331826517543,1.194854457804027,0.805145542195973,1.0,0.0,1.0,0.0,4,0,4,0,4,4,4,4,0.2949824333190918,0.05,,,,,,,,,,,0.3696727802476026,0.6836420328937901
1113,train-load-0.5-scenario-194-retry-1,0.5,0.5714285714285714,0.5714285714285714,0.5714285714285714,14.869464236533602,1.516216810745455,0.483783189254545,1.0,0.0,1.0,0.0,8,0,10,0,10,7,8,8,0.2630195617675781,0.05,,,,,,,,,,,0.3696727802476026,0.6836420328937901
1114,train-load-0.9-scenario-571,0.9,0.8348988749999999,0.47460125,0.8348988749999999,13.00272800987151,0.5733211961430238,0.7600121371903097,0.8333333333333334,0.16666666666666666,0.7692307692307693,0.23076923076923078,10,2,10,3,13,8,12,10,0.3142549991607666,0.05,,,,,,,,,,,0.3696727802476026,0.6836420328937901
1115,train-load-0.7-scenario-381,0.7,0.7168632,0.3338316666666667,0.7168632,9.373267654828087,1.2432416537547135,0.7567583462452865,1.0,0.0,1.0,0.0,5,0,6,0,6,5,5,5,0.24578984081745148,0.05,,,,,,,,,,,0.3696727802476026,0.6836420328937901
1116,train-load-0.7-scenario-444,0.7,0.65,0.38125,0.65,6.259766715224275,0.04746988778939609,0.6191967788772705,0.6666666666666666,0.3333333333333333,0.6666666666666666,0.3333333333333333,6,3,6,3,9,8,9,6,0.25499534606933594,0.05,,,,,,,,,,,0.3696727802476026,0.6836420328937901
1117,train-load-0.8-scenario-259,0.8,0.6920106666666667,0.3022489583333333,0.6920106666666667,10.65855533951379,1.268458874821485,0.7315411251785151,1.0,0.0,1.0,0.0,6,0,7,0,7,6,6,6,0.35480573773384094,0.05,,,,,,,,,,,0.3696727802476026,0.6836420328937901
1118,train-load-0.6-scenario-61-retry-3,0.6,0.7,0.28,0.7,17.12358283874472,0.907934489029046,0.5206369395423824,0.8571428571428571,0.14285714285714285,0.8571428571428571,0.14285714285714285,12,2,12,2,14,5,14,12,0.3241575360298157,0.05,,,,,,,,,,,0.3696727802476026,0.6836420328937901
1119,train-load-0.8-scenario-255,0.8,0.9166666666666666,0.6666666666666666,0.9166666666666666,6.98663304038182,0.1468800371196345,0.2531199628803654,0.6,0.4,0.6,0.4,6,4,6,4,10,6,10,6,0.24873164296150208,0.05,,,,,,,,,,,0.3696727802476026,0.6836420328937901
1120,train-load-0.8-scenario-316-retry-2,0.8,0.6857142857142857,0.5714285714285714,0.6857142857142857,20.335713068123376,1.5816852717525718,0.4183147282474281,1.0,0.0,1.0,0.0,12,0,12,0,12,7,12,12,0.451708048582077,0.05,,,,,,,,,,,0.3696727802476026,0.6836420328937901
1121,train-load-0.6-scenario-11-retry-5,0.6,0.64,0.26666666666666666,0.64,14.188139678862697,1.4190080452014144,0.5809919547985857,1.0,0.0,1.0,0.0,8,0,8,0,8,5,8,8,0.3814420998096466,0.05,,,,,,,,,,,0.3696727802476026,0.6836420328937901
1122,train-load-1.0-scenario-687-retry-4,1.0,1.0,0.6666666666666666,1.0,3.384101772581391,-0.4326795803121031,0.432679580312103,0.5,0.5,0.5,0.5,5,5,5,5,10,5,10,5,0.2866145074367523,0.05,,,,,,,,,,,0.3696727802476026,0.6836420328937901
1123,train-load-0.8-scenario-168-retry-2,0.8,0.9,0.9,0.4125,8.870219541764342,0.4636650473508208,0.6474460637602903,0.7777777777777778,0.2222222222222222,0.7777777777777778,0.2222222222222222,7,2,7,2,9,8,9,7,0.23330970108509064,0.05,,,,,,,,,,,0.3696727802476026,0.6836420328937901
1124,train-load-0.9-scenario-712-retry-1,0.9,0.824690375,0.7144052083333333,0.824690375,21.751295630629404,1.0984470228089203,0.4309647418969619,0.8823529411764706,0.11764705882352941,0.8333333333333334,0.16666666666666666,15,2,15,3,18,8,17,15,0.356188029050827,0.05,,,,,,,,,,,0.3696727802476026,0.6836420328937901
1125,train-load-1.0-scenario-586-retry-2,1.0,0.9,0.9,0.9,14.54650172345911,0.30843269289848685,0.3582339737681798,0.6666666666666666,0.3333333333333333,0.6666666666666666,0.3333333333333333,12,6,12,6,18,4,18,12,0.22152449190616608,0.05,,,,,,,,,,,0.3696727802476026,0.6836420328937901
1126,train-load-0.8-scenario-41-retry-7,0.8,0.87,0.2,0.87,8.485450810838204,0.42738963449619827,0.6837214766149129,0.7777777777777778,0.2222222222222222,0.7777777777777778,0.2222222222222222,7,2,7,2,9,5,9,7,0.36249566078186035,0.05,,,,,,,,,,,0.3696727802476026,0.6836420328937901
1127,train-load-1.0-scenario-631-retry-4,1.0,1.0416666666666667,1.0416666666666667,0.875,8.708328320512273,0.29499927519094193,0.505000724809058,0.7,0.3,0.6,0.4,7,3,9,6,15,4,10,7,0.3134934902191162,0.05,,,,,,,,,,,0.3696727802476026,0.6836420328937901
1128,train-load-0.7-scenario-742,0.7,0.638610125,0.41523177083333335,0.638610125,11.671021498873834,0.8242282286354089,0.7313273269201466,0.8888888888888888,0.1111111111111111,0.8181818181818182,0.18181818181818182,8,1,9,2,11,8,9,8,0.274030864238739,0.05,,,,,,,,,,,0.3696727802476026,0.6836420328937901
1129,train-load-0.5-scenario-270,0.5,0.4578494791666667,0.4578494791666667,0.43494999999999995,10.268922482438285,1.3780630729866785,0.6219369270133214,1.0,0.0,1.0,0.0,5,0,5,0,5,4,5,5,0.3571225106716156,0.05,,,,,,,,,,,0.3696727802476026,0.6836420328937901
1130,train-load-1.0-scenario-725,1.0,0.8877321666666668,0.5941145833333333,0.8877321666666668,15.506564858253125,0.9694040798065632,0.6972625868601035,0.9166666666666666,0.08333333333333333,0.8461538461538461,0.15384615384615385,11,1,11,2,13,6,12,11,0.3838134706020355,0.05,,,,,,,,,,,0.3696727802476026,0.6836420328937901
1131,train-load-0.6-scenario-456,0.6,0.5895276250000001,0.25671875,0.5895276250000001,12.945427739415514,1.2245963427842645,0.7754036572157356,1.0,0.0,1.0,0.0,8,0,8,0,8,8,8,8,0.41777151823043823,0.05,,,,,,,,,,,0.3696727802476026,0.6836420328937901
1132,train-load-0.5-scenario-1,0.5,0.56,0.56,0.46,19.83354546535301,1.6694381290099476,0.3305618709900523,1.0,0.0,1.0,0.0,11,0,11,0,11,5,11,11,0.30948883295059204,0.05,,,,,,,,,,,0.3696727802476026,0.6836420328937901
1133,train-load-0.6-scenario-184,0.6,0.5,0.3333333333333333,0.5,26.24730743325328,1.6020558407824712,0.3979441592175288,1.0,0.0,1.0,0.0,16,0,16,0,16,8,16,16,0.4312227666378021,0.05,,,,,,,,,,,0.3696727802476026,0.6836420328937901
1134,train-load-0.9-scenario-428,0.9,0.9,0.9,0.9,7.267478077840117,0.2579457147177564,0.4087209519489102,0.6666666666666666,0.3333333333333333,0.6666666666666666,0.3333333333333333,6,3,6,3,9,4,9,6,0.3914893567562103,0.05,,,,,,,,,,,0.3696727802476026,0.6836420328937901
1135,train-load-0.7-scenario-703,0.7,0.67604825,0.36447421875,0.67604825,13.033274200141157,0.9158322407845878,0.6841677592154123,0.9,0.1,0.9,0.1,9,1,9,1,10,8,10,9,0.3370770812034607,0.05,,,,,,,,,,,0.3696727802476026,0.6836420328937901
1136,train-load-0.8-scenario-122-retry-5,0.8,0.8571428571428571,0.8571428571428571,0.6857142857142857,7.434905694424156,-0.034876910161196206,0.3682102434945296,0.5833333333333334,0.4166666666666667,0.5833333333333334,0.4166666666666667,7,5,7,5,12,7,12,7,0.19750599563121796,0.05,,,,,,,,,,,0.3696727802476026,0.6836420328937901
1137,train-load-0.7-scenario-290-retry-2,0.7,0.8095238095238095,0.8095238095238095,0.6285714285714286,12.25008222618094,0.7162539440541204,0.5564733286731524,0.8181818181818182,0.18181818181818182,0.8181818181818182,0.18181818181818182,9,2,9,2,11,7,11,9,0.40142515301704407,0.05,,,,,,,,,,,0.3696727802476026,0.6836420328937901
1138,train-load-0.6-scenario-191-retry-1,0.6,0.5,0.5,0.3125,17.512118269653598,1.4657970209994247,0.5342029790005752,1.0,0.0,1.0,0.0,10,0,10,0,10,8,10,10,0.40332329273223877,0.05,,,,,,,,,,,0.3696727802476026,0.6836420328937901
1139,train-load-0.9-scenario-17,0.9,0.8828646,0.698252,0.8828646,9.133698739863977,0.38035660696002893,0.41964339303997095,0.7,0.3,0.7272727272727273,0.2727272727272727,7,3,8,3,11,5,10,7,0.3848184645175934,0.05,,,,,,,,,,,0.3696727802476026,0.6836420328937901
1140,train-load-0.8-scenario-214-retry-5,0.8,0.7142857142857143,0.5285714285714286,0.7142857142857143,25.17151864979337,1.6624277502151044,0.33757224978489575,1.0,0.0,1.0,0.0,15,0,15,0,15,7,15,15,0.4187272787094116,0.05,,,,,,,,,,,0.3696727802476026,0.6836420328937901
1141,train-load-0.7-scenario-240-retry-1,0.7,0.8,0.7375,0.8,11.257033687795069,0.6795493003421019,0.5204506996578981,0.8,0.2,0.8,0.2,8,2,8,2,10,4,10,8,0.2452908754348755,0.05,,,,,,,,,,,0.3696727802476026,0.6836420328937901
1142,train-load-0.8-scenario-694-retry-4,0.8,0.9,0.375,0.9,6.993650640519309,0.18203131773084769,0.48463534893581894,0.6666666666666666,0.3333333333333333,0.6666666666666666,0.3333333333333333,6,3,6,3,9,4,9,6,0.29950594902038574,0.05,,,,,,,,,,,0.3696727802476026,0.6836420328937901
1143,train-load-0.7-scenario-691,0.7,0.6149239999999999,0.5381817708333333,0.6149239999999999,7.341391115851052,0.6669233643000623,0.6664099690332712,0.8333333333333334,0.16666666666666666,0.8333333333333334,0.16666666666666666,5,1,5,1,6,4,6,5,0.46232378482818604,0.05,,,,,,,,,,,0.3696727802476026,0.6836420328937901
1144,train-load-1.0-scenario-88,1.0,0.8989434,0.7603300000000001,0.8989434,11.225476142298087,0.5583839138320398,0.714343358895233,0.8181818181818182,0.18181818181818182,0.75,0.25,9,2,9,3,12,5,11,9,0.24484999477863312,0.05,,,,,,,,,,,0.3696727802476026,0.6836420328937901
1145,train-load-0.7-scenario-713,0.7,0.7333333333333333,0.7333333333333333,0.36666666666666664,18.470757381505752,1.503746991233419,0.49625300876658096,1.0,0.0,1.0,0.0,11,0,11,0,11,6,11,11,0.4551105201244354,0.05,,,,,,,,,,,0.3696727802476026,0.6836420328937901
1146,train-load-0.7-scenario-270,0.7,0.6008416,0.29185,0.6008416,12.29689275261832,1.5033897795128812,0.49661022048711884,1.0,0.0,1.0,0.0,6,0,6,0,6,5,6,6,0.29838114976882935,0.05,,,,,,,,,,,0.3696727802476026,0.6836420328937901
1147,train-hard-4gpu-8pod-1vgpu,0.5,0.5,0.3333333333333333,0.5,14.826750331841652,1.5387055078389387,0.46129449216106144,1.0,0.0,1.0,0.0,8,0,8,0,8,4,8,8,0.3872821033000946,0.05,,,,,,,,,,,0.3696727802476026,0.6836420328937901
1148,train-load-0.5-scenario-661,0.5,0.6,0.3333333333333333,0.6,11.24052929634107,0.9760977887208284,0.5239022112791717,0.875,0.125,0.875,0.125,7,1,7,1,8,6,8,7,0.525246262550354,0.05,,,,,,,,,,,0.3696727802476026,0.6836420328937901
1149,train-load-0.9-scenario-414,0.9,0.8758007142857144,0.3236154761904762,0.8758007142857144,9.453776774431468,0.6747903811044709,0.8252096188955291,0.875,0.125,0.8,0.2,7,1,8,2,10,7,8,7,0.23458966612815857,0.05,,,,,,,,,,,0.3696727802476026,0.6836420328937901
1150,train-load-0.6-scenario-503,0.6,0.48,0.48,0.24,20.917588155231673,1.5785288104682647,0.42147118953173535,1.0,0.0,1.0,0.0,12,0,12,0,12,5,12,12,0.39208072423934937,0.05,,,,,,,,,,,0.3696727802476026,0.6836420328937901
1151,train-load-0.9-scenario-135,0.9,0.9583333333333334,0.15,0.9583333333333334,8.0637069192362,0.3748809056811183,0.7362302054299928,0.7777777777777778,0.2222222222222222,0.7777777777777778,0.2222222222222222,7,2,7,2,9,6,9,7,0.17448148131370544,0.05,,,,,,,,,,,0.3696727802476026,0.6836420328937901
1152,train-load-0.9-scenario-200,0.9,0.8044456,0.6075379166666667,0.8044456,14.46525277550203,1.0760862554408324,0.5239137445591676,0.9,0.1,0.9,0.1,9,1,9,1,10,5,10,9,0.36678919196128845,0.05,,,,,,,,,,,0.3696727802476026,0.6836420328937901
1153,train-load-0.9-scenario-182,0.9,0.791737,0.5488392857142858,0.791737,12.054966285395514,0.7436049715421178,0.8563950284578823,0.9,0.1,0.8333333333333334,0.16666666666666666,9,1,10,2,12,7,10,9,0.4108213782310486,0.05,,,,,,,,,,,0.3696727802476026,0.6836420328937901
1154,train-load-0.6-scenario-64,0.6,0.675,0.6375,0.675,17.158603073849502,1.691618235939898,0.308381764060102,1.0,0.0,1.0,0.0,9,0,9,0,9,4,9,9,0.47567397356033325,0.05,,,,,,,,,,,0.3696727802476026,0.6836420328937901
1155,train-load-1.0-scenario-501-retry-4,1.0,1.0833333333333333,1.0833333333333333,0.9833333333333333,8.940175292711295,-0.13895965996248738,0.3889596599624873,0.5625,0.4375,0.5625,0.4375,9,7,9,7,16,6,16,9,0.24359285831451416,0.05,,,,,,,,,,,0.3696727802476026,0.6836420328937901
1156,train-load-0.8-scenario-213,0.8,0.7398354166666666,0.7398354166666666,0.5498517142857143,14.724880182501519,0.9671518557435872,0.669211780620049,0.9090909090909091,0.09090909090909091,0.8461538461538461,0.15384615384615385,10,1,11,2,13,7,11,10,0.19678659737110138,0.05,,,,,,,,,,,0.3696727802476026,0.6836420328937901
1157,train-load-0.5-scenario-733,0.5,0.493117,0.3583203125,0.493117,11.097746020653567,1.31457630127273,0.6854236987272699,1.0,0.0,1.0,0.0,6,0,9,0,9,8,6,6,0.5011385679244995,0.05,,,,,,,,,,,0.3696727802476026,0.6836420328937901
1158,train-hard-8gpu-16pod-1vgpu,0.5,0.5,0.3333333333333333,0.5,24.780496640741873,1.4166666666666665,0.5833333333333334,1.0,0.0,1.0,0.0,16,0,16,0,16,8,16,16,0.3177407681941986,0.05,,,,,,,,,,,0.3696727802476026,0.6836420328937901
1159,train-load-0.6-scenario-448,0.6,0.51772925,0.2784890625,0.51772925,9.799165198613995,0.6803304538549239,0.8196695461450761,0.875,0.125,0.875,0.125,7,1,7,1,8,8,8,7,0.32068365812301636,0.05,,,,,,,,,,,0.3696727802476026,0.6836420328937901
1160,train-load-0.5-scenario-5,0.5,0.5714285714285714,0.38095238095238093,0.5714285714285714,12.385356989869038,1.1347039256262739,0.36529607437372624,0.875,0.125,0.875,0.125,7,1,7,1,8,7,8,7,0.4953511953353882,0.05,,,,,,,,,,,0.3696727802476026,0.6836420328937901
1161,train-load-1.0-scenario-307-retry-1,1.0,0.8919255,0.4867673611111111,0.8919255,11.14023991723134,0.6159331203409066,0.9840668796590935,0.9,0.1,0.8181818181818182,0.18181818181818182,9,1,9,2,11,6,10,9,0.18184302747249603,0.05,,,,,,,,,,,0.3696727802476026,0.6836420328937901
1162,train-load-0.7-scenario-217,0.7,0.65,0.3333333333333333,0.65,17.229910929719605,1.4784298494096726,0.5215701505903273,1.0,0.0,1.0,0.0,10,0,10,0,10,5,10,10,0.3977413475513458,0.05,,,,,,,,,,,0.3696727802476026,0.6836420328937901
1163,train-load-1.0-scenario-209-retry-5,1.0,1.0625,1.0625,0.775,18.058196480846753,0.4191103976229733,0.5808896023770267,0.75,0.25,0.6428571428571429,0.35714285714285715,15,5,18,10,28,8,20,15,0.1445656269788742,0.05,,,,,,,,,,,0.3696727802476026,0.6836420328937901
1164,train-load-1.0-scenario-95,1.0,1.0046591428571428,0.7095335714285714,1.0046591428571428,14.79405480611327,0.7871888318144704,0.5974265528009142,0.8461538461538461,0.15384615384615385,0.75,0.25,11,2,12,4,16,7,13,11,0.3180011510848999,0.05,,,,,,,,,,,0.3696727802476026,0.6836420328937901
1165,train-hard-4gpu-8pod-1vgpu,0.5,0.5,0.3333333333333333,0.5,14.826750331841652,1.5387055078389387,0.46129449216106144,1.0,0.0,1.0,0.0,8,0,8,0,8,4,8,8,0.48737457394599915,0.05,,,,,,,,,,,0.3696727802476026,0.6836420328937901
1166,train-load-0.6-scenario-305,0.6,0.6666666666666666,0.6666666666666666,0.5333333333333333,11.588665714512867,0.7542989413689901,0.44570105863100995,0.8,0.2,0.8,0.2,8,2,8,2,10,6,10,8,0.36925655603408813,0.05,,,,,,,,,,,0.3696727802476026,0.6836420328937901
1167,train-load-0.8-scenario-347-retry-3,0.8,0.75,0.16666666666666666,0.75,15.40383097173386,0.9494232872075384,0.7172433794591281,0.9166666666666666,0.08333333333333333,0.9166666666666666,0.08333333333333333,11,1,11,1,12,6,12,11,0.2944156527519226,0.05,,,,,,,,,,,0.3696727802476026,0.6836420328937901
1168,train-load-0.7-scenario-36,0.7,0.5833333333333334,0.3888888888888889,0.5833333333333334,23.21236221366395,1.5552411136335043,0.44475888636649574,1.0,0.0,1.0,0.0,14,0,14,0,14,6,14,14,0.40812739729881287,0.05,,,,,,,,,,,0.3696727802476026,0.6836420328937901
1169,train-load-0.8-scenario-515-retry-1,0.8,0.8125,0.8125,0.45,10.904414940658372,0.6694032522920426,0.8861523032635129,0.8888888888888888,0.1111111111111111,0.8181818181818182,0.18181818181818182,8,1,9,2,11,4,9,8,0.262478232383728,0.05,,,,,,,,,,,0.3696727802476026,0.6836420328937901
1170,train-load-0.6-scenario-175-retry-2,0.6,0.72,0.6,0.72,13.122941098463876,1.0822449438048038,0.47331061175075156,0.8888888888888888,0.1111111111111111,0.8888888888888888,0.1111111111111111,8,1,8,1,9,5,9,8,0.10313324630260468,0.05,,,,,,,,,,,0.3696727802476026,0.6836420328937901
1171,train-load-1.0-scenario-671-retry-1,1.0,0.908413,0.8033858333333334,0.908413,9.982392769789206,0.4025011821540141,0.5065897269368951,0.7272727272727273,0.2727272727272727,0.6666666666666666,0.3333333333333333,8,3,8,4,12,5,11,8,0.24593712389469147,0.05,,,,,,,,,,,0.3696727802476026,0.6836420328937901
1172,train-load-0.9-scenario-229,0.9,0.8791092,0.7676929166666666,0.8791092,13.044597259536417,0.7628873411885252,0.5098399315387477,0.8181818181818182,0.18181818181818182,0.75,0.25,9,2,9,3,12,5,11,9,0.3212643563747406,0.05,,,,,,,,,,,0.3696727802476026,0.6836420328937901
1173,train-load-0.7-scenario-595-retry-5,0.7,0.73,0.73,0.54,25.69881431636447,1.6117300039665672,0.3882699960334327,1.0,0.0,1.0,0.0,16,0,16,0,16,5,16,16,0.255252867937088,0.05,,,,,,,,,,,0.3696727802476026,0.6836420328937901
1174,train-load-1.0-scenario-19-retry-11,1.0,0.9333333333333333,0.9333333333333333,0.23333333333333334,10.395904550349847,0.14093206596795127,0.7162107911749059,0.7142857142857143,0.2857142857142857,0.7142857142857143,0.2857142857142857,10,4,10,4,14,6,14,10,0.4881780743598938,0.05,,,,,,,,,,,0.3696727802476026,0.6836420328937901
1175,train-load-0.8-scenario-546,0.8,0.6869111250000001,0.5432364583333333,0.6869111250000001,19.184277160538777,1.238985332852903,0.7610146671470971,1.0,0.0,1.0,0.0,13,0,13,0,13,8,13,13,0.1818673312664032,0.05,,,,,,,,,,,0.3696727802476026,0.6836420328937901
1176,train-load-0.7-scenario-125-retry-3,0.7,0.6583333333333333,0.5083333333333333,0.6583333333333333,21.275166569528793,1.5020302275604267,0.4979697724395733,1.0,0.0,1.0,0.0,13,0,13,0,13,6,13,13,0.28388550877571106,0.05,,,,,,,,,,,0.3696727802476026,0.6836420328937901
1177,train-load-0.8-scenario-225-retry-1,0.8,0.8571428571428571,0.6285714285714286,0.8571428571428571,5.163861772682145,-0.02657668931089363,0.5265766893108936,0.625,0.375,0.5,0.5,5,3,6,6,12,7,8,5,0.4679977297782898,0.05,,,,,,,,,,,0.3696727802476026,0.6836420328937901
1178,train-load-0.5-scenario-659,0.5,0.5014615,0.37707604166666664,0.5014615,13.102418878616913,1.417033564635936,0.582966435364064,1.0,0.0,1.0,0.0,7,0,7,0,7,6,7,7,0.24066442251205444,0.05,,,,,,,,,,,0.3696727802476026,0.6836420328937901
1179,train-load-1.0-scenario-92-retry-4,1.0,0.95,0.95,0.5428571428571428,7.156145179244557,-0.2742490201441492,1.0434797893749184,0.6923076923076923,0.3076923076923077,0.6923076923076923,0.3076923076923077,9,4,9,4,13,7,13,9,0.4536248445510864,0.05,,,,,,,,,,,0.3696727802476026,0.6836420328937901
1180,train-load-0.5-scenario-511-retry-2,0.5,0.5714285714285714,0.38095238095238093,0.5714285714285714,12.507231107607412,1.1613063859124053,0.3386936140875946,0.875,0.125,0.875,0.125,7,1,7,1,8,7,8,7,0.4505395293235779,0.05,,,,,,,,,,,0.3696727802476026,0.6836420328937901
1181,train-load-0.7-scenario-50,0.7,0.6046288571428572,0.4873846428571429,0.6046288571428572,10.703841932186526,0.7137801653818151,0.8417753901737404,0.8888888888888888,0.1111111111111111,0.8,0.2,8,1,8,2,10,7,9,8,0.3567865490913391,0.05,,,,,,,,,,,0.3696727802476026,0.6836420328937901
1182,train-load-0.5-scenario-259-retry-9,0.5,0.575,0.19791666666666666,0.575,13.801808073104603,1.3397528887235262,0.6602471112764737,1.0,0.0,1.0,0.0,8,0,8,0,8,8,8,8,0.42329493165016174,0.05,,,,,,,,,,,0.3696727802476026,0.6836420328937901
1183,train-load-0.5-scenario-567-retry-6,0.5,0.56,0.14,0.56,20.98299990709166,1.2602816324146326,0.7397183675853675,1.0,0.0,1.0,0.0,14,0,14,0,14,5,14,14,0.46557846665382385,0.05,,,,,,,,,,,0.3696727802476026,0.6836420328937901
1184,train-load-0.7-scenario-78-retry-3,0.7,0.8,0.8,0.34,5.305323221115132,0.073887518183396,0.42611248181660405,0.625,0.375,0.625,0.375,5,3,5,3,8,5,8,5,0.5322427749633789,0.05,,,,,,,,,,,0.3696727802476026,0.6836420328937901
1185,train-load-0.8-scenario-107,0.8,0.7654005208333333,0.7654005208333333,0.58697175,10.091281873703373,0.8957103403349843,0.5328610882364442,0.8571428571428571,0.14285714285714285,0.75,0.25,6,1,6,2,8,4,7,6,0.4182891845703125,0.05,,,,,,,,,,,0.3696727802476026,0.6836420328937901
1186,train-load-0.8-scenario-500,0.8,0.7048496666666667,0.47070972222222224,0.7048496666666667,14.356597184826057,1.4226444016756377,0.5773555983243625,1.0,0.0,1.0,0.0,8,0,9,0,9,6,8,8,0.24682337045669556,0.05,,,,,,,,,,,0.3696727802476026,0.6836420328937901
1187,train-load-0.7-scenario-149,0.7,0.6181598214285715,0.6181598214285715,0.612615,10.515514333514746,0.38491844524909447,0.8878088274781784,0.8181818181818182,0.18181818181818182,0.75,0.25,9,2,9,3,12,7,11,9,0.2675934433937073,0.05,,,,,,,,,,,0.3696727802476026,0.6836420328937901
1188,train-load-1.0-scenario-63,1.0,0.9998157999999999,0.8267722499999999,0.9998157999999999,10.255310419304145,0.40876757602949354,0.5003233330614156,0.7272727272727273,0.2727272727272727,0.6153846153846154,0.38461538461538464,8,3,8,5,13,5,11,8,0.30406180024147034,0.05,,,,,,,,,,,0.3696727802476026,0.6836420328937901
1189,train-load-0.7-scenario-185,0.7,0.6484758,0.31206249999999996,0.6484758,9.947486967507048,1.3107443830969672,0.6892556169030328,1.0,0.0,1.0,0.0,5,0,6,0,6,5,5,5,0.2716996669769287,0.05,,,,,,,,,,,0.3696727802476026,0.6836420328937901
1190,train-load-0.6-scenario-479,0.6,0.6071428571428571,0.3333333333333333,0.6071428571428571,4.259998881317324,-0.20011553612488875,0.7001155361248887,0.625,0.375,0.625,0.375,5,3,5,3,8,7,8,5,0.4859216809272766,0.05,,,,,,,,,,,0.3696727802476026,0.6836420328937901
1191,train-load-0.8-scenario-22,0.8,0.7063581250000001,0.7063581250000001,0.6644785,4.741336047471064,0.05645003324532738,0.22926425246895837,0.5714285714285714,0.42857142857142855,0.5714285714285714,0.42857142857142855,4,3,4,3,7,4,7,4,0.48039841651916504,0.05,,,,,,,,,,,0.3696727802476026,0.6836420328937901
1192,train-load-0.7-scenario-707,0.7,0.625,0.1875,0.625,10.63689225754043,0.5907890649979338,0.6092109350020662,0.8,0.2,0.8,0.2,8,2,8,2,10,8,10,8,0.2747890055179596,0.05,,,,,,,,,,,0.3696727802476026,0.6836420328937901
1193,train-load-0.5-scenario-662,0.5,0.5528143999999999,0.2585441666666667,0.5528143999999999,5.5782526858331405,0.5269911302621432,0.6730088697378569,0.8,0.2,0.8,0.2,4,1,4,1,5,5,5,4,0.38137364387512207,0.05,,,,,,,,,,,0.3696727802476026,0.6836420328937901
1194,train-load-0.7-scenario-614,0.7,0.675,0.3125,0.675,19.48362025235789,1.4134955395978908,0.5865044604021092,1.0,0.0,1.0,0.0,12,0,12,0,12,8,12,12,0.5542299747467041,0.05,,,,,,,,,,,0.3696727802476026,0.6836420328937901
1195,train-load-0.9-scenario-705,0.9,0.78125,0.3333333333333333,0.78125,12.56674445924291,0.2400281383765227,0.5099718616234773,0.6875,0.3125,0.6875,0.3125,11,5,11,5,16,8,16,11,0.8179240226745605,0.05,,,,,,,,,,,0.3696727802476026,0.6836420328937901
1196,train-load-1.0-scenario-289-retry-6,1.0,0.88,0.355,0.88,26.525234659932828,0.9468055234419013,0.689558112921735,0.9090909090909091,0.09090909090909091,0.9090909090909091,0.09090909090909091,20,2,20,2,22,5,22,20,0.3520280718803406,0.05,,,,,,,,,,,0.3696727802476026,0.6836420328937901
1197,train-load-0.6-scenario-340,0.6,0.539448125,0.34081812499999997,0.539448125,8.421487823767459,0.6686335798721827,0.7599378486992457,0.8571428571428571,0.14285714285714285,0.7777777777777778,0.2222222222222222,6,1,7,2,9,8,7,6,0.25939857959747314,0.05,,,,,,,,,,,0.3696727802476026,0.6836420328937901
1198,train-load-0.8-scenario-159,0.8,0.688513875,0.40506770833333333,0.688513875,14.265335012321284,0.9002904834029724,0.7360731529606639,0.9090909090909091,0.09090909090909091,0.9166666666666666,0.08333333333333333,10,1,11,1,12,8,11,10,0.3257545232772827,0.05,,,,,,,,,,,0.3696727802476026,0.6836420328937901
1199,train-load-0.8-scenario-466-retry-3,0.8,0.8571428571428571,0.8571428571428571,0.32142857142857145,7.97813723056945,0.1881458598677218,0.6118541401322781,0.7,0.3,0.7,0.3,7,3,7,3,10,7,10,7,0.35729527473449707,0.05,,,,,,,,,,,0.3696727802476026,0.6836420328937901
1200,train-load-0.5-scenario-121,0.5,0.4587895,0.446319375,0.4587895,9.38175450708166,1.2790613260575185,0.7209386739424815,1.0,0.0,1.0,0.0,5,0,5,0,5,4,5,5,0.4850624203681946,0.05,0.35900697830026673,0.5390685601182968,0.7245188846046409,0.2754811153953591,0.7103629173725575,0.28963708262744237,0.6445698831705157,0.6671868967949907,0.2787839880719329,0.7058181672306919,0.3696727802476026,0.6836420328937901
1201,train-load-0.8-scenario-348,0.8,0.7936703333333334,0.4981127083333333,0.7936703333333334,12.29489800347465,0.9793580986064906,0.5761974569490649,0.8888888888888888,0.1111111111111111,0.8181818181818182,0.18181818181818182,8,1,9,2,11,6,9,8,0.3002023696899414,0.05,,,,,,,,,,,0.3696727802476026,0.6836420328937901
1202,train-load-0.9-scenario-232,0.9,0.8604225,0.510878125,0.8604225,8.637910250922207,0.08337966659587626,0.9166203334041237,0.75,0.25,0.7142857142857143,0.2857142857142857,9,3,10,4,14,8,12,9,0.3206214904785156,0.05,,,,,,,,,,,0.3696727802476026,0.6836420328937901
1203,train-load-0.7-scenario-158,0.7,0.68,0.68,0.22,10.512370371931652,0.8527653528365882,0.6472346471634117,0.875,0.125,0.875,0.125,7,1,7,1,8,5,8,7,0.18653613328933716,0.05,,,,,,,,,,,0.3696727802476026,0.6836420328937901
1204,train-load-0.5-scenario-339-retry-2,0.5,0.5625,0.5625,0.45,13.905009646746608,1.209829344987205,0.34572621056835057,0.8888888888888888,0.1111111111111111,0.8888888888888888,0.1111111111111111,8,1,8,1,9,8,9,8,0.3587266504764557,0.05,,,,,,,,,,,0.3696727802476026,0.6836420328937901
1205,train-load-0.8-scenario-80,0.8,0.6946768333333334,0.3998427083333333,0.6946768333333334,11.292900571306149,0.8265099555338183,0.7290456000217371,0.8888888888888888,0.1111111111111111,0.8888888888888888,0.1111111111111111,8,1,8,1,9,6,9,8,0.4488295316696167,0.05,,,,,,,,,,,0.3696727802476026,0.6836420328937901
1206,train-load-0.7-scenario-634,0.7,0.7229686666666667,0.41915416666666666,0.7229686666666667,10.62828833413678,0.886673310984694,0.613326689015306,0.875,0.125,0.8888888888888888,0.1111111111111111,7,1,8,1,9,6,8,7,0.4041106700897217,0.05,,,,,,,,,,,0.3696727802476026,0.6836420328937901
1207,train-load-0.6-scenario-454,0.6,0.5329945,0.44039093749999997,0.5329945,15.045332156261694,1.1323911634797093,0.8676088365202907,1.0,0.0,1.0,0.0,10,0,10,0,10,8,10,10,0.13889920711517334,0.05,,,,,,,,,,,0.3696727802476026,0.6836420328937901
1208,train-load-0.6-scenario-697,0.6,0.7,0.5833333333333334,0.7,22.89055348190066,1.5932132583747554,0.40678674162524453,1.0,0.0,1.0,0.0,14,0,14,0,14,8,14,14,0.24965521693229675,0.05,,,,,,,,,,,0.3696727802476026,0.6836420328937901
1209,train-load-0.7-scenario-432-retry-1,0.7,0.58125,0.5625,0.58125,23.421880641952438,1.4284055154657596,0.5715944845342403,1.0,0.0,1.0,0.0,15,0,15,0,15,8,15,15,0.23722097277641296,0.05,,,,,,,,,,,0.3696727802476026,0.6836420328937901
1210,train-load-0.7-scenario-334-retry-1,0.7,0.75,0.5375,0.75,19.053999697269262,1.7989213251952252,0.20107867480477476,1.0,0.0,1.0,0.0,10,0,10,0,10,4,10,10,0.3123987913131714,0.05,,,,,,,,,,,0.3696727802476026,0.6836420328937901
1211,train-load-0.6-scenario-149,0.6,0.6733166250000001,0.374570625,0.6733166250000001,12.803093320063589,1.3850501202117527,0.6149498797882472,1.0,0.0,1.0,0.0,7,0,11,0,11,8,7,7,0.3015323579311371,0.05,,,,,,,,,,,0.3696727802476026,0.6836420328937901
1212,train-load-0.7-scenario-49-retry-3,0.7,0.8,0.8,0.13333333333333333,6.669325388712046,0.2565630682492397,0.7434369317507603,0.75,0.25,0.75,0.25,6,2,6,2,8,6,8,6,0.36540287733078003,0.05,,,,,,,,,,,0.3696727802476026,0.6836420328937901
1213,train-load-0.6-scenario-613,0.6,0.5241605714285714,0.4459761904761904,0.5241605714285714,14.295339305038057,1.5927862558122297,0.40721374418777034,1.0,0.0,1.0,0.0,7,0,9,0,9,7,7,7,0.4631634056568146,0.05,,,,,,,,,,,0.3696727802476026,0.6836420328937901
1214,train-load-0.9-scenario-362-retry-1,0.9,1.0,0.4722222222222222,1.0,1.5327298229329436,-0.6916797787363833,0.469457556514161,0.4444444444444444,0.5555555555555556,0.4444444444444444,0.5555555555555556,4,5,4,5,9,6,9,4,0.23413866758346558,0.05,,,,,,,,,,,0.3696727802476026,0.6836420328937901
1215,train-load-0.7-scenario-368-retry-1,0.7,0.6370861250000001,0.42577265625,0.6370861250000001,14.035223015699291,0.8697697139748224,0.7665939223888137,0.9090909090909091,0.09090909090909091,0.8333333333333334,0.16666666666666666,10,1,10,2,12,8,11,10,0.41244933009147644,0.05,,,,,,,,,,,0.3696727802476026,0.6836420328937901
1216,train-load-0.6-scenario-491,0.6,0.5362232499999999,0.365415,0.5362232499999999,8.004077224537042,1.2486504157046499,0.7513495842953503,1.0,0.0,1.0,0.0,4,0,5,0,5,4,4,4,0.2310061752796173,0.05,,,,,,,,,,,0.3696727802476026,0.6836420328937901
1217,train-hard-4gpu-4pod-1vgpu,0.25,0.25,0.16666666666666666,0.25,11.544497883017963,1.9166666666666665,0.08333333333333337,1.0,0.0,1.0,0.0,4,0,4,0,4,4,4,4,0.4316725730895996,0.05,,,,,,,,,,,0.3696727802476026,0.6836420328937901
1218,train-load-0.7-scenario-492-retry-1,0.7,0.75625,0.625,0.75625,11.303138290475806,0.5125556539862115,0.7601716187410613,0.8181818181818182,0.18181818181818182,0.8181818181818182,0.18181818181818182,9,2,9,2,11,8,11,9,0.6425378322601318,0.05,,,,,,,,,,,0.3696727802476026,0.6836420328937901
1219,train-load-0.7-scenario-51,0.7,0.73,0.51,0.73,17.637913869655247,1.5564953339038812,0.44350466609611877,1.0,0.0,1.0,0.0,10,0,10,0,10,5,10,10,0.3896685242652893,0.05,,,,,,,,,,,0.3696727802476026,0.6836420328937901
1220,train-load-0.6-scenario-120,0.6,0.51617475,0.441943125,0.51617475,13.376159964251714,1.2782459516754185,0.7217540483245815,1.0,0.0,1.0,0.0,8,0,10,0,10,8,8,8,0.34299713373184204,0.05,,,,,,,,,,,0.3696727802476026,0.6836420328937901
1221,train-hard-4gpu-4pod-1vgpu,0.25,0.25,0.16666666666666666,0.25,11.544497883017963,1.9166666666666665,0.08333333333333337,1.0,0.0,1.0,0.0,4,0,4,0,4,4,4,4,0.5637400150299072,0.05,,,,,,,,,,,0.3696727802476026,0.6836420328937901
1222,train-load-0.9-scenario-6-retry-3,0.9,1.0,1.0,0.15,2.3069729720447247,-0.5562274867331987,0.778449708955421,0.5555555555555556,0.4444444444444444,0.5555555555555556,0.4444444444444444,5,4,5,4,9,6,9,5,0.34981662034988403,0.05,,,,,,,,,,,0.3696727802476026,0.6836420328937901
1223,train-load-0.8-scenario-740-retry-1,0.8,0.9142857142857143,0.8,0.9142857142857143,11.457594402628718,0.38895941212395035,0.3802713571068187,0.6923076923076923,0.3076923076923077,0.6470588235294118,0.35294117647058826,9,4,11,6,17,7,13,9,0.24487854540348053,0.05,,,,,,,,,,,0.3696727802476026,0.6836420328937901
1224,train-load-0.8-scenario-696-retry-6,0.8,0.9083333333333333,0.6180555555555556,0.9083333333333333,14.202594252871336,0.7928993934480559,0.5404339398852775,0.8333333333333334,0.16666666666666666,0.8333333333333334,0.16666666666666666,10,2,10,2,12,6,12,10,0.4331602454185486,0.05,,,,,,,,,,,0.3696727802476026,0.6836420328937901
1225,train-load-1.0-scenario-467-retry-1,1.0,0.910426,0.7268425000000001,0.910426,8.390289361427044,0.37553760156339044,0.7355735095477207,0.7777777777777778,0.2222222222222222,0.6363636363636364,0.36363636363636365,7,2,7,4,11,5,9,7,0.22694215178489685,0.05,,,,,,,,,,,0.3696727802476026,0.6836420328937901
1226,train-load-0.6-scenario-1,0.6,0.586704,0.29392541666666666,0.586704,8.474487599507826,0.8255813156168132,0.5077520177165202,0.8333333333333334,0.16666666666666666,0.7142857142857143,0.2857142857142857,5,1,5,2,7,6,6,5,0.2477995753288269,0.05,,,,,,,,,,,0.3696727802476026,0.6836420328937901
1227,train-load-0.7-scenario-136,0.7,0.5833333333333334,0.3888888888888889,0.5833333333333334,23.123685037752605,1.5551494480720933,0.44485055192790657,1.0,0.0,1.0,0.0,14,0,14,0,14,6,14,14,0.2574303150177002,0.05,,,,,,,,,,,0.3696727802476026,0.6836420328937901
1228,train-load-0.9-scenario-600-retry-1,0.9,1.0125,1.0125,0.5625,15.158789077389912,0.351057988600495,0.5378309002883939,0.7222222222222222,0.2777777777777778,0.7222222222222222,0.2777777777777778,13,5,13,5,18,8,18,13,0.28474217653274536,0.05,,,,,,,,,,,0.3696727802476026,0.6836420328937901
1229,train-load-0.6-scenario-551,0.6,0.5430574285714286,0.29668809523809525,0.5430574285714286,13.27363072747058,1.4465870768503746,0.5534129231496254,1.0,0.0,1.0,0.0,7,0,8,0,8,7,7,7,0.6410850286483765,0.05,,,,,,,,,,,0.3696727802476026,0.6836420328937901
1230,train-load-0.9-scenario-393,0.9,1.0,0.2777777777777778,1.0,4.836980143944375,-0.24447793890998015,0.6444779389099801,0.6,0.4,0.6,0.4,6,4,6,4,10,6,10,6,0.3354203701019287,0.05,,,,,,,,,,,0.3696727802476026,0.6836420328937901
1231,train-load-0.7-scenario-482,0.7,0.8083333333333333,0.7222222222222222,0.8083333333333333,8.372387879716293,0.12820657688325166,0.7808843322076575,0.7272727272727273,0.2727272727272727,0.7272727272727273,0.2727272727272727,8,3,8,3,11,6,11,8,0.4328225255012512,0.05,,,,,,,,,,,0.3696727802476026,0.6836420328937901
1232,train-load-0.7-scenario-415,0.7,0.8,0.32,0.8,5.657542529943935,0.1365708341619083,0.3634291658380917,0.625,0.375,0.625,0.375,5,3,5,3,8,5,8,5,0.4055023193359375,0.05,,,,,,,,,,,0.3696727802476026,0.6836420328937901
1233,train-load-1.0-scenario-387-retry-3,1.0,1.1142857142857143,0.5142857142857142,1.1142857142857143,15.619026951642908,-0.020410179833134756,0.5204101798331348,0.625,0.375,0.625,0.375,15,9,15,9,24,7,24,15,0.497089147567749,0.05,,,,,,,,,,,0.3696727802476026,0.6836420328937901
1234,train-load-0.8-scenario-589,0.8,0.682646125,0.46467015624999997,0.682646125,16.71801981940229,1.2162774986539229,0.7837225013460772,1.0,0.0,1.0,0.0,11,0,12,0,12,8,11,11,0.3526190519332886,0.05,,,,,,,,,,,0.3696727802476026,0.6836420328937901
1235,train-load-1.0-scenario-723-retry-8,1.0,0.9583333333333334,0.9583333333333334,0.275,21.87954344952016,0.5126629660431735,0.7600643066840993,0.8181818181818182,0.18181818181818182,0.8181818181818182,0.18181818181818182,18,4,18,4,22,8,22,18,0.3803296387195587,0.05,,,,,,,,,,,0.3696727802476026,0.6836420328937901
1236,train-load-0.6-scenario-186-retry-5,0.6,0.6,0.6,0.21428571428571427,23.19775726014635,1.3781869642824778,0.6218130357175222,1.0,0.0,1.0,0.0,15,0,15,0,15,7,15,15,0.4808293581008911,0.05,,,,,,,,,,,0.3696727802476026,0.6836420328937901
1237,train-load-0.9-scenario-1-retry-4,0.9,0.92,0.36666666666666664,0.92,6.969573145961272,0.11084717862007987,0.28915282137992004,0.6,0.4,0.6,0.4,6,4,6,4,10,5,10,6,0.3849276900291443,0.05,,,,,,,,,,,0.3696727802476026,0.6836420328937901
1238,train-load-0.8-scenario-491-retry-4,0.8,0.7083333333333334,0.7083333333333334,0.5,23.340223136846475,1.7329604468306758,0.26703955316932415,1.0,0.0,1.0,0.0,14,0,14,0,14,4,14,14,0.4345265328884125,0.05,,,,,,,,,,,0.3696727802476026,0.6836420328937901
1239,train-load-1.0-scenario-405-retry-1,1.0,0.9217271666666667,0.5009958333333333,0.9217271666666667,10.621717372960134,0.6135773866339934,0.5864226133660065,0.8,0.2,0.8181818181818182,0.18181818181818182,8,2,9,2,11,6,10,8,0.3500451147556305,0.05,,,,,,,,,,,0.3696727802476026,0.6836420328937901
1240,train-load-0.5-scenario-460-retry-5,0.5,0.4027777777777778,0.4027777777777778,0.3333333333333333,16.24951749067596,1.4870314132726516,0.5129685867273482,1.0,0.0,1.0,0.0,9,0,9,0,9,6,9,9,0.48787811398506165,0.05,,,,,,,,,,,0.3696727802476026,0.6836420328937901
1241,train-load-0.7-scenario-207-retry-4,0.7,0.6857142857142857,0.2857142857142857,0.6857142857142857,10.89556317646014,0.9343130981247156,0.5656869018752844,0.875,0.125,0.875,0.125,7,1,7,1,8,7,8,7,0.34805387258529663,0.05,,,,,,,,,,,0.3696727802476026,0.6836420328937901
1242,train-load-0.8-scenario-371,0.8,0.85,0.7083333333333334,0.85,19.756882696034722,0.9404519055873597,0.3536657414714636,0.8235294117647058,0.17647058823529413,0.8235294117647058,0.17647058823529413,14,3,14,3,17,4,17,14,0.3016645312309265,0.05,,,,,,,,,,,0.3696727802476026,0.6836420328937901
1243,train-load-0.8-scenario-438,0.8,0.7328962857142857,0.4641011904761904,0.7328962857142857,12.275554522682523,0.8101724384015887,0.7898275615984114,0.9,0.1,0.9090909090909091,0.09090909090909091,9,1,10,1,11,7,10,9,0.36689168214797974,0.05,,,,,,,,,,,0.3696727802476026,0.6836420328937901
1244,train-load-0.5-scenario-451-retry-1,0.5,0.5714285714285714,0.19047619047619047,0.5714285714285714,11.859648503157654,1.0951531548513058,0.4048468451486943,0.875,0.125,0.875,0.125,7,1,7,1,8,7,8,7,0.5183874368667603,0.05,,,,,,,,,,,0.3696727802476026,0.6836420328937901
1245,train-load-0.5-scenario-63-retry-2,0.5,0.5714285714285714,0.5714285714285714,0.11428571428571428,10.759107915349542,0.917833146182728,0.5821668538172718,0.875,0.125,0.875,0.125,7,1,7,1,8,7,8,7,0.3624005913734436,0.05,,,,,,,,,,,0.3696727802476026,0.6836420328937901
1246,train-load-0.7-scenario-178,0.7,0.59375,0.3020833333333333,0.59375,19.314768789498128,1.4031203154536458,0.5968796845463542,1.0,0.0,1.0,0.0,12,0,12,0,12,8,12,12,0.15611135959625244,0.05,,,,,,,,,,,0.3696727802476026,0.6836420328937901
1247,train-load-0.9-scenario-88-retry-1,0.9,0.8574611666666667,0.5974361111111111,0.8574611666666667,10.929695833307875,0.6151327924233215,0.5848672075766785,0.8,0.2,0.75,0.25,8,2,9,3,12,6,10,8,0.2654849588871002,0.05,,,,,,,,,,,0.3696727802476026,0.6836420328937901
1248,train-load-0.8-scenario-620,0.8,0.798756625,0.33154249999999996,0.798756625,11.35282433390083,0.8365638240064989,0.7189917315490566,0.8888888888888888,0.1111111111111111,0.8181818181818182,0.18181818181818182,8,1,9,2,11,8,9,8,0.32749754190444946,0.05,,,,,,,,,,,0.3696727802476026,0.6836420328937901
1249,train-load-1.0-scenario-402,1.0,0.9026386,0.7270665,0.9026386,11.112838198546712,0.665865753240447,0.5341342467595531,0.8,0.2,0.7272727272727273,0.2727272727272727,8,2,8,3,11,5,10,8,0.27857309579849243,0.05,,,,,,,,,,,0.3696727802476026,0.6836420328937901
1250,train-load-0.9-scenario-207,0.9,0.8333333333333334,0.8333333333333334,0.7083333333333334,4.152935682358031,-0.18173844797947836,0.6817384479794784,0.625,0.375,0.6,0.4,5,3,6,4,10,6,8,5,0.38357019424438477,0.05,,,,,,,,,,,0.3696727802476026,0.6836420328937901
1251,train-hard-4gpu-8pod-1vgpu,0.5,0.5,0.3333333333333333,0.5,13.66604431072341,1.3230229702535046,0.6769770297464954,1.0,0.0,1.0,0.0,8,0,8,0,8,4,8,8,0.2573949694633484,0.05,,,,,,,,,,,0.3696727802476026,0.6836420328937901
1252,train-load-0.6-scenario-257,0.6,0.5893390000000001,0.4791479166666666,0.5893390000000001,7.0937946535302725,1.3374925118439127,0.6625074881560874,1.0,0.0,1.0,0.0,3,0,5,0,5,4,3,3,0.36739709973335266,0.05,,,,,,,,,,,0.3696727802476026,0.6836420328937901
1253,train-load-0.6-scenario-692,0.6,0.5618746666666666,0.3660158333333333,0.5618746666666666,10.840822996817785,1.2375378610321617,0.7624621389678382,1.0,0.0,1.0,0.0,6,0,7,0,7,6,6,6,0.13832388818264008,0.05,,,,,,,,,,,0.3696727802476026,0.6836420328937901
1254,train-load-0.8-scenario-669,0.8,0.685780625,0.5838353125,0.685780625,11.307575687285311,0.4802287164814818,0.792498556245791,0.8181818181818182,0.18181818181818182,0.7692307692307693,0.23076923076923078,9,2,10,3,13,8,11,9,0.22976388037204742,0.05,,,,,,,,,,,0.3696727802476026,0.6836420328937901
1255,train-load-0.7-scenario-227,0.7,0.8,0.5,0.8,7.862383893142852,0.42207977706031563,0.5779202229396844,0.75,0.25,0.75,0.25,6,2,12,4,16,8,8,6,0.1578327715396881,0.05,,,,,,,,,,,0.3696727802476026,0.6836420328937901
1256,train-load-0.6-scenario-400-retry-1,0.6,0.6217898333333334,0.40913784722222224,0.6217898333333334,12.508852473907274,1.3492586995771667,0.6507413004228334,1.0,0.0,1.0,0.0,7,0,8,0,8,6,7,7,0.18287378549575806,0.05,,,,,,,,,,,0.3696727802476026,0.6836420328937901
1257,train-load-0.8-scenario-54-retry-2,0.8,0.8,0.8,0.4,5.408353102784365,0.10534865756698975,0.3946513424330102,0.625,0.375,0.625,0.375,5,3,5,3,8,5,8,5,0.49281442165374756,0.05,,,,,,,,,,,0.3696727802476026,0.6836420328937901
1258,train-load-0.5-scenario-399,0.5,0.5209988000000001,0.4371725,0.5209988000000001,10.72489387445788,1.2152770953145704,0.7847229046854296,1.0,0.0,1.0,0.0,6,0,7,0,7,5,6,6,0.39283937215805054,0.05,,,,,,,,,,,0.3696727802476026,0.6836420328937901
1259,train-load-0.8-scenario-636,0.8,0.7265184523809524,0.7265184523809524,0.6519767142857142,16.596449058766012,1.120999824326826,0.5456668423398406,0.9166666666666666,0.08333333333333333,0.8571428571428571,0.14285714285714285,11,1,12,2,14,7,12,11,0.6411446928977966,0.05,,,,,,,,,,,0.3696727802476026,0.6836420328937901
1260,train-load-0.8-scenario-5,0.8,0.7887406,0.5106408333333333,0.7887406,12.105953632307473,0.9266507953806794,0.6289047601748761,0.8888888888888888,0.1111111111111111,0.8888888888888888,0.1111111111111111,8,1,8,1,9,5,9,8,0.2846258282661438,0.05,,,,,,,,,,,0.3696727802476026,0.6836420328937901
1261,train-load-0.8-scenario-697,0.8,0.7468828571428571,0.40953410714285715,0.7468828571428571,12.297316415012677,0.9498619616757275,0.6056935938798281,0.8888888888888888,0.1111111111111111,0.8,0.2,8,1,8,2,10,7,9,8,0.4567108154296875,0.05,,,,,,,,,,,0.3696727802476026,0.6836420328937901
1262,train-load-0.7-scenario-315-retry-2,0.7,0.8,0.8,0.5,16.01149140783552,1.7093799931530416,0.29062000684695843,1.0,0.0,1.0,0.0,8,0,8,0,8,4,8,8,0.19286128878593445,0.05,,,,,,,,,,,0.3696727802476026,0.6836420328937901
1263,train-load-0.7-scenario-103,0.7,0.6852732857142857,0.4049101190476191,0.6852732857142857,13.903003028925482,1.3628391555133803,0.6371608444866197,1.0,0.0,1.0,0.0,8,0,10,0,10,7,8,8,0.3208569884300232,0.05,,,,,,,,,,,0.3696727802476026,0.6836420328937901
1264,train-load-0.8-scenario-177,0.8,0.9166666666666666,0.9166666666666666,0.36666666666666664,4.738713661424579,-0.33744817347289136,0.5192663552910731,0.5454545454545454,0.45454545454545453,0.5454545454545454,0.45454545454545453,6,5,6,5,11,6,11,6,0.3758688271045685,0.05,,,,,,,,,,,0.3696727802476026,0.6836420328937901
1265,train-load-1.0-scenario-617-retry-5,1.0,1.0666666666666667,1.0666666666666667,0.64,5.844357744497453,0.1455195668884237,0.3544804331115763,0.625,0.375,0.625,0.375,5,3,5,3,8,5,8,5,0.28104567527770996,0.05,,,,,,,,,,,0.3696727802476026,0.6836420328937901
1266,train-load-0.9-scenario-568,0.9,0.7977738333333334,0.5597475,0.7977738333333334,9.11868637263874,0.5285599290749089,0.5825511820362023,0.7777777777777778,0.2222222222222222,0.7,0.3,7,2,7,3,10,6,9,7,0.2749619483947754,0.05,,,,,,,,,,,0.3696727802476026,0.6836420328937901
1267,train-load-0.5-scenario-287,0.5,0.5349673333333332,0.27703194444444446,0.5349673333333332,11.420583268104526,1.358041863040337,0.6419581369596631,1.0,0.0,1.0,0.0,6,0,6,0,6,6,6,6,0.23973006010055542,0.05,,,,,,,,,,,0.3696727802476026,0.6836420328937901
1268,train-load-0.5-scenario-591-retry-2,0.5,0.6,0.5,0.6,18.064454777546672,1.5743960086150919,0.425603991384908,1.0,0.0,1.0,0.0,10,0,10,0,10,5,10,10,0.3283790051937103,0.05,,,,,,,,,,,0.3696727802476026,0.6836420328937901
1269,train-load-0.8-scenario-234-retry-3,0.8,0.7083333333333334,0.6388888888888888,0.7083333333333334,11.974675785629433,0.6412214171292866,0.6315058555979862,0.8181818181818182,0.18181818181818182,0.8181818181818182,0.18181818181818182,9,2,9,2,11,6,11,9,0.18033435940742493,0.05,,,,,,,,,,,0.3696727802476026,0.6836420328937901
1270,train-load-0.5-scenario-341,0.5,0.4900942,0.4133233333333333,0.4900942,11.308812615551876,1.3316361326973967,0.6683638673026033,1.0,0.0,1.0,0.0,6,0,6,0,6,5,6,6,0.2695170044898987,0.05,,,,,,,,,,,0.3696727802476026,0.6836420328937901
1271,train-load-0.7-scenario-332,0.7,0.747114142857143,0.3798247023809524,0.747114142857143,7.880432925209882,0.2738971616848178,0.8372139494262933,0.7777777777777778,0.2222222222222222,0.7,0.3,7,2,7,3,10,7,9,7,0.2847999334335327,0.05,,,,,,,,,,,0.3696727802476026,0.6836420328937901
1272,train-load-1.0-scenario-223-retry-3,1.0,0.8874024305555556,0.8874024305555556,0.7941236666666667,11.437303156996265,0.33545937833551964,0.7414636985875573,0.7692307692307693,0.23076923076923078,0.7142857142857143,0.2857142857142857,10,3,10,4,14,6,13,10,0.24906286597251892,0.05,,,,,,,,,,,0.3696727802476026,0.6836420328937901
1273,train-load-0.9-scenario-689,0.9,0.7952356666666667,0.5758208333333333,0.7952356666666667,12.867452357524218,0.8601566081181791,0.739843391881821,0.9,0.1,0.8181818181818182,0.18181818181818182,9,1,9,2,11,6,10,9,0.27931857109069824,0.05,,,,,,,,,,,0.3696727802476026,0.6836420328937901
1274,train-load-0.8-scenario-686-retry-1,0.8,0.75,0.25,0.75,30.195794835157162,1.0761410220440788,0.5905256446225877,0.9166666666666666,0.08333333333333333,0.9166666666666666,0.08333333333333333,22,2,22,2,24,8,24,22,0.25210219621658325,0.05,,,,,,,,,,,0.3696727802476026,0.6836420328937901
1275,train-load-0.7-scenario-80-retry-2,0.7,0.6,0.24,0.6,20.281754592207633,1.5439832455778053,0.4560167544221947,1.0,0.0,1.0,0.0,12,0,12,0,12,5,12,12,0.271551251411438,0.05,,,,,,,,,,,0.3696727802476026,0.6836420328937901
1276,train-load-0.8-scenario-554,0.8,0.9027777777777778,0.9027777777777778,0.5916666666666667,15.63563487983552,0.6265929927247184,0.5734070072752816,0.8,0.2,0.8,0.2,12,3,12,3,15,6,15,12,0.2967502176761627,0.05,,,,,,,,,,,0.3696727802476026,0.6836420328937901
1277,train-load-0.6-scenario-35,0.6,0.6875,0.22916666666666666,0.6875,14.596025496473814,0.9989790363928861,0.63738459997075,0.9090909090909091,0.09090909090909091,0.9090909090909091,0.09090909090909091,10,1,10,1,11,4,11,10,0.42313289642333984,0.05,,,,,,,,,,,0.3696727802476026,0.6836420328937901
1278,train-load-0.9-scenario-486-retry-2,0.9,0.7993151785714286,0.7993151785714286,0.6791971428571428,15.36800184639049,0.6198011413887724,0.5801988586112278,0.8,0.2,0.8,0.2,12,3,12,3,15,7,15,12,0.4127084016799927,0.05,,,,,,,,,,,0.3696727802476026,0.6836420328937901
1279,train-load-0.7-scenario-551,0.7,0.5980215000000001,0.5536072916666667,0.5980215000000001,11.415506693553425,1.557574956389121,0.4424250436108789,1.0,0.0,1.0,0.0,5,0,7,0,7,4,5,5,0.23536410927772522,0.05,,,,,,,,,,,0.3696727802476026,0.6836420328937901
1280,train-load-1.0-scenario-566-retry-1,1.0,0.9356428333333334,0.6570666666666667,0.9356428333333334,11.229282283660108,0.44750597216824706,0.5524940278317529,0.75,0.25,0.6923076923076923,0.3076923076923077,9,3,9,4,13,6,12,9,0.3418186902999878,0.05,,,,,,,,,,,0.3696727802476026,0.6836420328937901
1281,train-load-0.6-scenario-671,0.6,0.5375966145833333,0.5375966145833333,0.516254625,18.36335856562734,1.4139278205765815,0.5860721794234185,1.0,0.0,1.0,0.0,11,0,12,0,12,8,11,11,0.19912609457969666,0.05,,,,,,,,,,,0.3696727802476026,0.6836420328937901
1282,train-load-0.9-scenario-276,0.9,0.8142479166666666,0.8142479166666666,0.77674375,6.541406455728692,0.07733421753069902,0.5893324491359676,0.6666666666666666,0.3333333333333333,0.6666666666666666,0.3333333333333333,6,3,6,3,9,4,9,6,0.41658157110214233,0.05,,,,,,,,,,,0.3696727802476026,0.6836420328937901
1283,train-load-0.8-scenario-731-retry-7,0.8,0.71875,0.6041666666666666,0.71875,19.83896360364326,1.7202525550119674,0.2797474449880327,1.0,0.0,1.0,0.0,11,0,11,0,11,8,11,11,0.5124826431274414,0.05,,,,,,,,,,,0.3696727802476026,0.6836420328937901
1284,train-load-0.5-scenario-289,0.5,0.5928571428571429,0.5238095238095238,0.5928571428571429,8.603712479127873,0.36246580043926424,0.7486453106718469,0.7777777777777778,0.2222222222222222,0.7777777777777778,0.2222222222222222,7,2,7,2,9,7,9,7,0.46310484409332275,0.05,,,,,,,,,,,0.3696727802476026,0.6836420328937901
1285,train-load-0.7-scenario-181,0.7,0.75,0.06770833333333333,0.75,3.438574846802381,-0.3326747455903243,0.8326747455903243,0.625,0.375,0.625,0.375,5,3,5,3,8,8,8,5,0.3004078269004822,0.05,,,,,,,,,,,0.3696727802476026,0.6836420328937901
1286,train-hard-4gpu-8pod-1vgpu,0.5,0.5,0.3333333333333333,0.5,14.826750331841652,1.5387055078389387,0.46129449216106144,1.0,0.0,1.0,0.0,8,0,8,0,8,4,8,8,0.1590072214603424,0.05,,,,,,,,,,,0.3696727802476026,0.6836420328937901
1287,train-load-0.5-scenario-239-retry-1,0.5,0.4686766,0.2659665,0.4686766,9.336620644303608,1.2403926891920676,0.7596073108079324,1.0,0.0,1.0,0.0,5,0,5,0,5,5,5,5,0.3360595703125,0.05,,,,,,,,,,,0.3696727802476026,0.6836420328937901
1288,train-load-0.9-scenario-480-retry-1,0.9,0.9,0.6,0.9,4.6500672504044305,-0.1604922158870814,0.3827144381093037,0.5555555555555556,0.4444444444444444,0.5555555555555556,0.4444444444444444,5,4,5,4,9,5,9,5,0.28615909814834595,0.05,,,,,,,,,,,0.3696727802476026,0.6836420328937901
1289,train-load-0.5-scenario-488,0.5,0.5118782857142857,0.39106321428571433,0.5118782857142857,12.489292507010319,1.3305086145174323,0.6694913854825677,1.0,0.0,1.0,0.0,7,0,8,0,8,7,7,7,0.4109957218170166,0.05,,,,,,,,,,,0.3696727802476026,0.6836420328937901
1290,train-load-0.5-scenario-241-retry-1,0.5,0.5714285714285714,0.5714285714285714,0.11428571428571428,10.75774958673402,0.9203957945700958,0.5796042054299042,0.875,0.125,0.875,0.125,7,1,7,1,8,7,8,7,0.3417373299598694,0.05,,,,,,,,,,,0.3696727802476026,0.6836420328937901
1291,train-load-0.8-scenario-119-retry-4,0.8,0.8285714285714286,0.5952380952380952,0.8285714285714286,9.842068080604912,0.10457415237859435,0.6646566168521748,0.6923076923076923,0.3076923076923077,0.6923076923076923,0.3076923076923077,9,4,9,4,13,7,13,9,0.28650620579719543,0.05,,,,,,,,,,,0.3696727802476026,0.6836420328937901
1292,train-load-0.9-scenario-641-retry-3,0.9,0.9,0.6714285714285714,0.9,7.2369929447496215,-0.04261122456943167,0.9517021336603408,0.7272727272727273,0.2727272727272727,0.6428571428571429,0.35714285714285715,8,3,9,5,14,7,11,8,0.276183545589447,0.05,,,,,,,,,,,0.3696727802476026,0.6836420328937901
1293,train-load-1.0-scenario-508-retry-5,1.0,0.9285714285714286,0.5571428571428572,0.9285714285714286,6.310734613013129,-0.26007372911593385,0.4139198829620876,0.5384615384615384,0.46153846153846156,0.5384615384615384,0.46153846153846156,7,6,7,6,13,7,13,7,0.453030526638031,0.05,,,,,,,,,,,0.3696727802476026,0.6836420328937901
1294,train-load-0.7-scenario-600,0.7,0.5960578571428571,0.39791803571428574,0.5960578571428571,15.336450636329296,1.3897512869270887,0.6102487130729113,1.0,0.0,1.0,0.0,9,0,9,0,9,7,9,9,0.3672119081020355,0.05,,,,,,,,,,,0.3696727802476026,0.6836420328937901
1295,train-load-0.6-scenario-508-retry-1,0.6,0.65,0.65,0.3375,18.831464550389907,1.2863732037020676,0.7136267962979324,1.0,0.0,1.0,0.0,12,0,15,0,15,8,12,12,0.3342720866203308,0.05,,,,,,,,,,,0.3696727802476026,0.6836420328937901
1296,train-load-0.5-scenario-609,0.5,0.4546266666666667,0.4546266666666667,0.3717082,11.562892239080973,1.3515571812689904,0.6484428187310096,1.0,0.0,1.0,0.0,6,0,6,0,6,5,6,6,0.244756281375885,0.05,,,,,,,,,,,0.3696727802476026,0.6836420328937901
1297,train-load-0.9-scenario-85-retry-1,0.9,0.8632242499999999,0.7130421875,0.8632242499999999,5.549655730911458,0.18326339540421044,0.6738794617386468,0.7142857142857143,0.2857142857142857,0.625,0.375,5,2,5,3,8,4,7,5,0.3154716491699219,0.05,,,,,,,,,,,0.3696727802476026,0.6836420328937901
1298,train-load-0.6-scenario-514-retry-1,0.6,0.5,0.25,0.5,17.234024197437797,1.4796290900027358,0.5203709099972642,1.0,0.0,1.0,0.0,10,0,10,0,10,8,10,10,0.5613856315612793,0.05,,,,,,,,,,,0.3696727802476026,0.6836420328937901
1299,train-load-0.6-scenario-562,0.6,0.511491,0.35605175,0.511491,10.077160530057224,1.3521727102983512,0.6478272897016488,1.0,0.0,1.0,0.0,5,0,6,0,6,5,5,5,0.6696306467056274,0.05,,,,,,,,,,,0.3696727802476026,0.6836420328937901
1300,train-load-0.7-scenario-664,0.7,0.8,0.4444444444444444,0.8,8.380193812259513,0.5426312849020161,0.457368715097984,0.75,0.25,0.75,0.25,6,2,6,2,8,6,8,6,0.30399376153945923,0.05,0.37811157207103907,0.5295767393865101,0.7269220778643873,0.2730779221356127,0.7128268174126045,0.2871731825873956,0.6737927141845413,0.6888420241905822,0.2651544257859236,0.7102971000675616,0.3696727802476026,0.6836420328937901
1301,train-hard-4gpu-4pod-2vgpu,0.25,0.25,0.16666666666666666,0.25,11.616666666666667,1.9166666666666665,0.08333333333333337,1.0,0.0,1.0,0.0,4,0,8,0,8,4,4,4,0.17457914352416992,0.05,,,,,,,,,,,0.3696727802476026,0.6836420328937901
1302,train-load-0.6-scenario-584,0.6,0.569963,0.44414714285714285,0.569963,15.16804013005043,1.3483820735820182,0.6516179264179818,1.0,0.0,1.0,0.0,9,0,9,0,9,7,9,9,0.20249149203300476,0.05,,,,,,,,,,,0.3696727802476026,0.6836420328937901
1303,train-load-0.7-scenario-184,0.7,0.8,0.3333333333333333,0.8,7.914782390310706,0.4934776682411939,0.5065223317588061,0.75,0.25,0.75,0.25,6,2,6,2,8,6,8,6,0.3609178960323334,0.05,,,,,,,,,,,0.3696727802476026,0.6836420328937901
1304,train-load-0.6-scenario-53,0.6,0.6666666666666666,0.55,0.6666666666666666,15.506288696386521,1.4265217734342532,0.5734782265657469,1.0,0.0,1.0,0.0,9,0,9,0,9,6,9,9,0.5397344827651978,0.05,,,,,,,,,,,0.3696727802476026,0.6836420328937901
1305,train-load-1.0-scenario-403-retry-2,1.0,0.8899042500000001,0.5503697916666667,0.8899042500000001,10.048494466924168,0.9038726383514927,0.5246987902199359,0.8571428571428571,0.14285714285714285,0.75,0.25,6,1,6,2,8,4,7,6,0.43033772706985474,0.05,,,,,,,,,,,0.3696727802476026,0.6836420328937901
1306,train-load-1.0-scenario-718,1.0,0.972503875,0.6812510416666666,0.972503875,13.871037379075478,0.5294425226306059,0.6134146202265369,0.7857142857142857,0.21428571428571427,0.6666666666666666,0.3333333333333333,11,3,12,6,18,8,14,11,0.286054402589798,0.05,,,,,,,,,,,0.3696727802476026,0.6836420328937901
1307,train-load-0.8-scenario-445,0.8,0.723532625,0.46166432291666665,0.723532625,13.306014754110434,0.9127333633765184,0.6872666366234816,0.9,0.1,0.8333333333333334,0.16666666666666666,9,1,10,2,12,8,10,9,0.4889863431453705,0.05,,,,,,,,,,,0.3696727802476026,0.6836420328937901
1308,train-load-1.0-scenario-35-retry-10,1.0,1.1142857142857143,0.34285714285714286,1.1142857142857143,7.092399784689592,0.10847223655413019,0.6915277634458697,0.7,0.3,0.5833333333333334,0.4166666666666667,7,3,7,5,12,7,10,7,0.38822752237319946,0.05,,,,,,,,,,,0.3696727802476026,0.6836420328937901
1309,train-load-0.6-scenario-330-retry-1,0.6,0.48,0.4,0.48,37.9654133105745,1.714110762302518,0.285889237697482,1.0,0.0,1.0,0.0,24,0,24,0,24,5,24,24,0.4217711091041565,0.05,,,,,,,,,,,0.3696727802476026,0.6836420328937901
1310,train-load-0.6-scenario-252,0.6,0.5969720000000001,0.3509690476190476,0.5969720000000001,11.382664494223429,1.1629800247148956,0.8370199752851044,1.0,0.0,1.0,0.0,7,0,8,0,8,7,7,7,0.3095499277114868,0.05,,,,,,,,,,,0.3696727802476026,0.6836420328937901
1311,train-load-0.5-scenario-537,0.5,0.48920437499999997,0.45691421875,0.48920437499999997,15.097726998269218,1.3145233929355582,0.6854766070644419,1.0,0.0,1.0,0.0,9,0,10,0,10,8,9,9,0.5248619318008423,0.05,,,,,,,,,,,0.3696727802476026,0.6836420328937901
1312,train-load-0.8-scenario-485-retry-2,0.8,0.85,0.5208333333333334,0.85,7.860693578969649,0.08339747971387379,0.4620570657406716,0.6363636363636364,0.36363636363636365,0.6363636363636364,0.36363636363636365,7,4,7,4,11,8,11,7,0.37500303983688354,0.05,,,,,,,,,,,0.3696727802476026,0.6836420328937901
1313,train-load-0.9-scenario-706-retry-1,0.9,0.82,0.82,0.32,14.29921483861789,0.9569220148058715,0.6794416215577647,0.9090909090909091,0.09090909090909091,0.9090909090909091,0.09090909090909091,10,1,10,1,11,5,11,10,0.2682897448539734,0.05,,,,,,,,,,,0.3696727802476026,0.6836420328937901
1314,train-load-0.9-scenario-481-retry-5,0.9,0.8571428571428571,0.7142857142857143,0.8571428571428571,10.04832968003302,0.5743882420344818,0.22561175796551808,0.7,0.3,0.7,0.3,7,3,7,3,10,7,10,7,0.35382211208343506,0.05,,,,,,,,,,,0.3696727802476026,0.6836420328937901
1315,train-load-0.8-scenario-333-retry-3,0.8,0.6875,0.4583333333333333,0.6875,11.293339257382568,0.5944178395580375,0.31467306953287166,0.7272727272727273,0.2727272727272727,0.7272727272727273,0.2727272727272727,8,3,8,3,11,8,11,8,0.4524449110031128,0.05,,,,,,,,,,,0.3696727802476026,0.6836420328937901
1316,train-load-0.5-scenario-749-retry-2,0.5,0.5119047619047619,0.5119047619047619,0.15714285714285714,17.58022491745356,1.3213236339722103,0.6786763660277897,1.0,0.0,1.0,0.0,11,0,11,0,11,7,11,11,0.33167195320129395,0.05,,,,,,,,,,,0.3696727802476026,0.6836420328937901
1317,train-load-1.0-scenario-12,1.0,0.904994,0.6284164062500001,0.904994,13.290053162692924,0.4237163678001417,0.7191407750570011,0.7857142857142857,0.21428571428571427,0.6875,0.3125,11,3,11,5,16,8,14,11,0.4397720694541931,0.05,,,,,,,,,,,0.3696727802476026,0.6836420328937901
1318,train-load-0.8-scenario-0-retry-8,0.8,0.8333333333333334,0.8333333333333334,0.8166666666666667,10.11496393858595,0.11875180079333258,0.6504789684374366,0.6923076923076923,0.3076923076923077,0.6923076923076923,0.3076923076923077,9,4,9,4,13,6,13,9,0.35014936327934265,0.05,,,,,,,,,,,0.3696727802476026,0.6836420328937901
1319,train-load-0.5-scenario-208,0.5,0.4274205729166667,0.4274205729166667,0.41791275,13.788766819963023,1.3306258075382367,0.6693741924617633,1.0,0.0,1.0,0.0,8,0,9,0,9,8,8,8,0.3196442425251007,0.05,,,,,,,,,,,0.3696727802476026,0.6836420328937901
1320,train-load-1.0-scenario-163-retry-1,1.0,0.9259142857142857,0.7660922619047619,0.9259142857142857,14.711506049553197,0.6835949258437701,0.45926221701337255,0.7857142857142857,0.21428571428571427,0.7333333333333333,0.26666666666666666,11,3,11,4,15,7,14,11,0.5379060506820679,0.05,,,,,,,,,,,0.3696727802476026,0.6836420328937901
1321,train-load-0.5-scenario-128,0.5,0.44400421875000007,0.44400421875000007,0.40046262499999996,12.935088809048551,0.8454778475735942,0.7545221524264059,0.9,0.1,0.9,0.1,9,1,9,1,10,8,10,9,0.23841530084609985,0.05,,,,,,,,,,,0.3696727802476026,0.6836420328937901
1322,train-load-0.5-scenario-570-retry-1,0.5,0.4583333333333333,0.10833333333333334,0.4583333333333333,13.743468789894099,1.315346872230385,0.6846531277696151,1.0,0.0,1.0,0.0,8,0,8,0,8,6,8,8,0.428841233253479,0.05,,,,,,,,,,,0.3696727802476026,0.6836420328937901
1323,train-load-0.8-scenario-662,0.8,0.75,0.2,0.75,13.961382675159545,0.34568103357271995,0.65431896642728,0.75,0.25,0.75,0.25,12,4,12,4,16,8,16,12,0.3454506993293762,0.05,,,,,,,,,,,0.3696727802476026,0.6836420328937901
1324,train-load-0.7-scenario-655-retry-2,0.7,0.8,0.8,0.8,16.979581968679046,1.0839647560807697,0.30065062853461477,0.8461538461538461,0.15384615384615385,0.8461538461538461,0.15384615384615385,11,2,11,2,13,4,13,11,0.1739068478345871,0.05,,,,,,,,,,,0.3696727802476026,0.6836420328937901
1325,train-load-0.5-scenario-9,0.5,0.45991875,0.3376348958333333,0.45991875,11.158718047170577,1.7327227063048183,0.26727729369518166,1.0,0.0,1.0,0.0,4,0,4,0,4,4,4,4,0.4474368095397949,0.05,,,,,,,,,,,0.3696727802476026,0.6836420328937901
1326,train-load-0.7-scenario-117,0.7,0.6349138888888889,0.6349138888888889,0.5846453333333334,10.467087522017637,0.8401002111509595,0.6598997888490404,0.875,0.125,0.8,0.2,7,1,8,2,10,6,8,7,0.5165759921073914,0.05,,,,,,,,,,,0.3696727802476026,0.6836420328937901
1327,train-load-0.6-scenario-129,0.6,0.526507625,0.3636609375,0.526507625,11.444703279894075,0.7870709169736659,0.7684846385818895,0.8888888888888888,0.1111111111111111,0.8888888888888888,0.1111111111111111,8,1,8,1,9,8,9,8,0.24158316850662231,0.05,,,,,,,,,,,0.3696727802476026,0.6836420328937901
1328,train-load-0.6-scenario-704,0.6,0.5655593750000001,0.5655593750000001,0.53811,11.445442271811796,1.3986766090011322,0.6013233909988679,1.0,0.0,1.0,0.0,6,0,6,0,6,4,6,6,0.1825128197669983,0.05,,,,,,,,,,,0.3696727802476026,0.6836420328937901
1329,train-load-0.9-scenario-616-retry-1,0.9,1.0,1.0,0.2,3.6854177169976543,-0.5878604955045703,0.5878604955045703,0.5,0.5,0.5,0.5,6,6,6,6,12,6,12,6,0.3287670612335205,0.05,,,,,,,,,,,0.3696727802476026,0.6836420328937901
1330,train-load-0.5-scenario-404-retry-1,0.5,0.5625,0.5625,0.45,14.080359801224413,1.2400328547705062,0.31552270078504907,0.8888888888888888,0.1111111111111111,0.8888888888888888,0.1111111111111111,8,1,8,1,9,8,9,8,0.35992899537086487,0.05,,,,,,,,,,,0.3696727802476026,0.6836420328937901
1331,train-load-0.7-scenario-95,0.7,0.6228899999999999,0.3995358333333333,0.6228899999999999,11.38965964121179,1.3529271163831935,0.6470728836168066,1.0,0.0,1.0,0.0,6,0,8,0,8,6,6,6,0.5330197811126709,0.05,,,,,,,,,,,0.3696727802476026,0.6836420328937901
1332,train-load-0.5-scenario-59,0.5,0.47598725000000003,0.3753575,0.47598725000000003,9.139409845725279,1.4092369121111141,0.5907630878888859,1.0,0.0,1.0,0.0,4,0,5,0,5,4,4,4,0.33915257453918457,0.05,,,,,,,,,,,0.3696727802476026,0.6836420328937901
1333,train-load-0.6-scenario-739,0.6,0.70110375,0.468634375,0.70110375,4.687441011272773,0.14711682147305793,0.5195498451936087,0.6666666666666666,0.3333333333333333,0.6666666666666666,0.3333333333333333,4,2,4,2,6,4,6,4,0.3508654534816742,0.05,,,,,,,,,,,0.3696727802476026,0.6836420328937901
1334,train-load-1.0-scenario-538-retry-8,1.0,1.0285714285714285,0.8571428571428571,1.0285714285714285,14.756515110776801,0.34926490034433966,0.31740176632232686,0.6666666666666666,0.3333333333333333,0.6666666666666666,0.3333333333333333,12,6,12,6,18,7,18,12,0.5434885621070862,0.05,,,,,,,,,,,0.3696727802476026,0.6836420328937901
1335,train-load-0.6-scenario-561,0.6,0.64673,0.3758722222222222,0.64673,8.975384434653675,0.7037070330278052,0.7248643955436233,0.8571428571428571,0.14285714285714285,0.75,0.25,6,1,6,2,8,6,7,6,0.35280659794807434,0.05,,,,,,,,,,,0.3696727802476026,0.6836420328937901
1336,train-hard-8gpu-16pod-1vgpu,0.5,0.5,0.3333333333333333,0.5,25.535587440307925,1.5387055078389387,0.46129449216106144,1.0,0.0,1.0,0.0,16,0,16,0,16,8,16,16,0.4351627826690674,0.05,,,,,,,,,,,0.3696727802476026,0.6836420328937901
1337,train-load-0.5-scenario-377,0.5,0.4348432,0.32011775,0.4348432,11.340466464589117,1.3341273529761577,0.6658726470238423,1.0,0.0,1.0,0.0,6,0,6,0,6,5,6,6,0.26657700538635254,0.05,,,,,,,,,,,0.3696727802476026,0.6836420328937901
1338,train-hard-8gpu-16pod-1vgpu,0.5,0.5,0.3333333333333333,0.5,25.493920773641257,1.5387055078389387,0.46129449216106144,1.0,0.0,1.0,0.0,16,0,16,0,16,8,16,16,0.33485275506973267,0.05,,,,,,,,,,,0.3696727802476026,0.6836420328937901
1339,train-load-0.6-scenario-79,0.6,0.6422127500000001,0.5633526041666667,0.6422127500000001,10.95739316407613,1.296367783743524,0.7036322162564761,1.0,0.0,1.0,0.0,6,0,7,0,7,4,6,6,0.6538571119308472,0.05,,,,,,,,,,,0.3696727802476026,0.6836420328937901
1340,train-load-0.9-scenario-662-retry-6,0.9,0.9,0.6666666666666666,0.9,10.624247136207943,0.6025206245880833,0.5974793754119168,0.8,0.2,0.8,0.2,8,2,8,2,10,5,10,8,0.3206976056098938,0.05,,,,,,,,,,,0.3696727802476026,0.6836420328937901
1341,train-load-0.6-scenario-196-retry-1,0.6,0.6,0.4,0.6,15.083130023870734,1.5736240776480623,0.4263759223519377,1.0,0.0,1.0,0.0,8,0,8,0,8,8,8,8,0.27111703157424927,0.05,,,,,,,,,,,0.3696727802476026,0.6836420328937901
1342,train-load-1.0-scenario-440,1.0,0.9386928333333333,0.4462503472222223,0.9386928333333333,9.54843097081474,0.41083435596330453,0.7891656440366955,0.8,0.2,0.7272727272727273,0.2727272727272727,8,2,8,3,11,6,10,8,0.4315893054008484,0.05,,,,,,,,,,,0.3696727802476026,0.6836420328937901
1343,train-load-0.6-scenario-396,0.6,0.5434415714285714,0.24165267857142858,0.5434415714285714,10.044951727196736,1.1143069475069365,0.8856930524930635,1.0,0.0,1.0,0.0,6,0,7,0,7,7,6,6,0.39601415395736694,0.05,,,,,,,,,,,0.3696727802476026,0.6836420328937901
1344,train-load-0.5-scenario-677,0.5,0.501978,0.28280812499999997,0.501978,7.683965490566736,1.1923983127743978,0.8076016872256022,1.0,0.0,1.0,0.0,4,0,4,0,4,4,4,4,0.17438724637031555,0.05,,,,,,,,,,,0.3696727802476026,0.6836420328937901
1345,train-load-0.8-scenario-306,0.8,0.92,0.7666666666666667,0.92,13.462947921396015,0.843148922564697,0.42957835016257584,0.8181818181818182,0.18181818181818182,0.8181818181818182,0.18181818181818182,9,2,9,2,11,5,11,9,0.1990034431219101,0.05,,,,,,,,,,,0.3696727802476026,0.6836420328937901
1346,train-load-0.9-scenario-9,0.9,0.806882738095238,0.806882738095238,0.7450504285714286,14.64703248566111,0.5090306307012812,0.6909693692987189,0.8,0.2,0.8,0.2,12,3,12,3,15,7,15,12,0.5085396766662598,0.05,,,,,,,,,,,0.3696727802476026,0.6836420328937901
1347,train-load-0.5-scenario-357,0.5,0.5933401428571429,0.27750625,0.5933401428571429,11.701268563026822,1.4149779599019559,0.5850220400980441,1.0,0.0,1.0,0.0,6,0,7,0,7,7,6,6,0.1368332803249359,0.05,,,,,,,,,,,0.3696727802476026,0.6836420328937901
1348,train-load-0.6-scenario-306,0.6,0.612063,0.3522848214285714,0.612063,10.387831072955287,1.1920330251030966,0.8079669748969034,1.0,0.0,1.0,0.0,6,0,8,0,8,7,6,6,0.44391119480133057,0.05,,,,,,,,,,,0.3696727802476026,0.6836420328937901
1349,train-load-0.9-scenario-729-retry-2,0.9,1.0,1.0,0.6666666666666666,6.108303678412422,-0.04192775234799462,0.44192775234799453,0.6,0.4,0.6,0.4,6,4,6,4,10,6,10,6,0.5483712553977966,0.05,,,,,,,,,,,0.3696727802476026,0.6836420328937901
1350,train-load-0.5-scenario-336,0.5,0.5779002857142856,0.4240873214285714,0.5779002857142856,13.551290365308045,1.4984086467707207,0.5015913532292793,1.0,0.0,1.0,0.0,7,0,9,0,9,7,7,7,0.33226072788238525,0.05,,,,,,,,,,,0.3696727802476026,0.6836420328937901
1351,train-load-0.7-scenario-708,0.7,0.607028,0.566184375,0.607028,6.901125292507937,0.7413672895642754,0.4586327104357247,0.8,0.2,0.6666666666666666,0.3333333333333333,4,1,4,2,6,4,5,4,0.3793955445289612,0.05,,,,,,,,,,,0.3696727802476026,0.6836420328937901
1352,train-load-0.6-scenario-577-retry-2,0.6,0.6785714285714286,0.5595238095238095,0.6785714285714286,19.318543217886642,1.4510775066558896,0.5489224933441104,1.0,0.0,1.0,0.0,12,0,12,0,12,7,12,12,0.3154875636100769,0.05,,,,,,,,,,,0.3696727802476026,0.6836420328937901
1353,train-hard-4gpu-4pod-1vgpu,0.25,0.25,0.16666666666666666,0.25,11.544497883017963,1.9166666666666665,0.08333333333333337,1.0,0.0,1.0,0.0,4,0,4,0,4,4,4,4,0.5329474210739136,0.05,,,,,,,,,,,0.3696727802476026,0.6836420328937901
1354,train-load-0.7-scenario-509,0.7,0.65680625,0.53192953125,0.65680625,21.165261553083035,1.4970189915082766,0.5029810084917233,1.0,0.0,1.0,0.0,13,0,14,0,14,8,13,13,0.601544976234436,0.05,,,,,,,,,,,0.3696727802476026,0.6836420328937901
1355,train-load-0.5-scenario-235-retry-5,0.5,0.4,0.4,0.4,21.5639121522067,1.703621376498503,0.2963786235014968,1.0,0.0,1.0,0.0,12,0,12,0,12,6,12,12,0.47787895798683167,0.05,,,,,,,,,,,0.3696727802476026,0.6836420328937901
1356,train-load-0.5-scenario-91-retry-1,0.5,0.4,0.2916666666666667,0.4,25.71148109124971,1.7191294617348492,0.28087053826515096,1.0,0.0,1.0,0.0,15,0,15,0,15,6,15,15,0.5800650119781494,0.05,,,,,,,,,,,0.3696727802476026,0.6836420328937901
1357,train-hard-4gpu-4pod-2vgpu,0.25,0.25,0.16666666666666666,0.25,11.616666666666667,1.9166666666666665,0.08333333333333337,1.0,0.0,1.0,0.0,4,0,8,0,8,4,4,4,0.20803022384643555,0.05,,,,,,,,,,,0.3696727802476026,0.6836420328937901
1358,train-load-0.7-scenario-469-retry-3,0.7,0.8,0.6,0.8,11.86856524898448,0.5483241425768248,0.4516758574231752,0.75,0.25,0.75,0.25,9,3,9,3,12,6,12,9,0.34902453422546387,0.05,,,,,,,,,,,0.3696727802476026,0.6836420328937901
1359,train-load-0.9-scenario-248,0.9,0.8054078571428572,0.7785416666666666,0.8054078571428572,7.170914294704151,-0.3739890115198623,0.9454175829484338,0.6428571428571429,0.35714285714285715,0.6,0.4,9,5,9,6,15,7,14,9,0.30541449785232544,0.05,,,,,,,,,,,0.3696727802476026,0.6836420328937901
1360,train-load-0.9-scenario-316,0.9,0.801522142857143,0.47827678571428567,0.801522142857143,13.630785942538239,0.8199692387364148,0.8163943976272213,0.9090909090909091,0.09090909090909091,0.8333333333333334,0.16666666666666666,10,1,10,2,12,7,11,10,0.18572060763835907,0.05,,,,,,,,,,,0.3696727802476026,0.6836420328937901
1361,train-load-0.6-scenario-696-retry-1,0.6,0.6625,0.525,0.6625,13.866780939401588,0.9334379126535223,0.33928936007375055,0.8181818181818182,0.18181818181818182,0.8181818181818182,0.18181818181818182,9,2,9,2,11,8,11,9,0.5675475597381592,0.05,,,,,,,,,,,0.3696727802476026,0.6836420328937901
1362,train-load-0.8-scenario-487,0.8,0.7984773333333334,0.678145,0.7984773333333334,13.780227485346883,0.7937083488941901,0.5396249844391434,0.8333333333333334,0.16666666666666666,0.8333333333333334,0.16666666666666666,10,2,10,2,12,6,12,10,0.41418492794036865,0.05,,,,,,,,,,,0.3696727802476026,0.6836420328937901
1363,train-load-0.6-scenario-225-retry-5,0.6,0.5,0.2,0.5,22.66362003163337,1.4371269733649206,0.5628730266350794,1.0,0.0,1.0,0.0,14,0,14,0,14,7,14,14,0.3612483739852905,0.05,,,,,,,,,,,0.3696727802476026,0.6836420328937901
1364,train-load-0.8-scenario-571-retry-1,0.8,0.75,0.325,0.75,1.3994867321747801,-0.7254823807868289,0.5032601585646066,0.4444444444444444,0.5555555555555556,0.4444444444444444,0.5555555555555556,4,5,4,5,9,8,9,4,0.328402042388916,0.05,,,,,,,,,,,0.3696727802476026,0.6836420328937901
1365,train-load-0.7-scenario-302,0.7,0.612477,0.3916291666666667,0.612477,16.288209009711686,1.158228443866208,0.841771556133792,1.0,0.0,1.0,0.0,11,0,11,0,11,8,11,11,0.19387297332286835,0.05,,,,,,,,,,,0.3696727802476026,0.6836420328937901
1366,train-load-1.0-scenario-638-retry-2,1.0,0.9333333333333333,0.9333333333333333,0.59,10.78176484870232,0.38399404923732094,0.616005950762679,0.75,0.25,0.75,0.25,9,3,9,3,12,5,12,9,0.4068291187286377,0.05,,,,,,,,,,,0.3696727802476026,0.6836420328937901
1367,train-load-0.8-scenario-596-retry-5,0.8,0.9166666666666666,0.9166666666666666,0.45625,6.86099303455674,0.29093186298989715,0.7090681370101029,0.75,0.25,0.6363636363636364,0.36363636363636365,6,2,7,4,11,8,8,6,0.3714810311794281,0.05,,,,,,,,,,,0.3696727802476026,0.6836420328937901
1368,train-load-1.0-scenario-469,1.0,0.89148,0.7029079166666666,0.89148,5.686323357901344,-0.010800608290116531,0.6774672749567832,0.6666666666666666,0.3333333333333333,0.7,0.3,6,3,7,3,10,5,9,6,0.349423885345459,0.05,,,,,,,,,,,0.3696727802476026,0.6836420328937901
1369,train-load-0.5-scenario-702-retry-1,0.5,0.5555555555555556,0.5555555555555556,0.4166666666666667,18.66853883784048,1.6440313691287547,0.3559686308712454,1.0,0.0,1.0,0.0,10,0,10,0,10,6,10,10,0.5598322153091431,0.05,,,,,,,,,,,0.3696727802476026,0.6836420328937901
1370,train-load-0.5-scenario-638,0.5,0.5080182291666667,0.5080182291666667,0.479261,9.15078514453202,1.1734161032629593,0.8265838967370407,1.0,0.0,1.0,0.0,5,0,6,0,6,4,5,5,0.2294478863477707,0.05,,,,,,,,,,,0.3696727802476026,0.6836420328937901
1371,train-load-0.8-scenario-477-retry-2,0.8,0.9,0.825,0.9,1.3360104745063606,-0.6365417690078209,0.6365417690078209,0.5,0.5,0.5,0.5,4,4,4,4,8,4,8,4,0.14618965983390808,0.05,,,,,,,,,,,0.3696727802476026,0.6836420328937901
1372,train-load-0.5-scenario-290,0.5,0.5714285714285714,0.5714285714285714,0.4,15.570529602049394,1.618137504366397,0.38186249563360297,1.0,0.0,1.0,0.0,8,0,12,0,12,7,8,8,0.14395400881767273,0.05,,,,,,,,,,,0.3696727802476026,0.6836420328937901
1373,train-load-1.0-scenario-377,1.0,0.9415207142857144,0.5897535714285714,0.9415207142857144,10.868960844127688,0.4001541931855839,0.5998458068144161,0.75,0.25,0.7142857142857143,0.2857142857142857,9,3,10,4,14,7,12,9,0.31773877143859863,0.05,,,,,,,,,,,0.3696727802476026,0.6836420328937901
1374,train-load-0.9-scenario-418,0.9,0.91404675,0.6708739583333333,0.91404675,7.946662959757829,0.4772352318737374,0.5227647681262626,0.75,0.25,0.6666666666666666,0.3333333333333333,6,2,6,3,9,4,8,6,0.3866615295410156,0.05,,,,,,,,,,,0.3696727802476026,0.6836420328937901
1375,train-load-1.0-scenario-46-retry-1,1.0,0.9311301999999999,0.6333915,0.9311301999999999,13.868600352576138,1.2375211198955287,0.3180344356600267,0.8888888888888888,0.1111111111111111,0.8,0.2,8,1,8,2,10,5,9,8,0.3708060383796692,0.05,,,,,,,,,,,0.3696727802476026,0.6836420328937901
1376,train-load-0.8-scenario-170,0.8,0.7670166,0.5067558333333333,0.7670166,8.792337519165565,0.7084542776941108,0.7201171508773176,0.8571428571428571,0.14285714285714285,0.8888888888888888,0.1111111111111111,6,1,8,1,9,5,7,6,0.1827007383108139,0.05,,,,,,,,,,,0.3696727802476026,0.6836420328937901
1377,train-load-0.8-scenario-691-retry-1,0.8,0.85,0.7083333333333334,0.85,12.543099831264563,0.14793683568170068,0.4402984584359464,0.6470588235294118,0.35294117647058826,0.6470588235294118,0.35294117647058826,11,6,11,6,17,8,17,11,0.4069599211215973,0.05,,,,,,,,,,,0.3696727802476026,0.6836420328937901
1378,train-load-1.0-scenario-188,1.0,0.9278105714285714,0.7142507142857143,0.9278105714285714,8.794259241029163,0.028517320493334664,0.7407134487374345,0.6923076923076923,0.3076923076923077,0.6666666666666666,0.3333333333333333,9,4,10,5,15,7,13,9,0.722568929195404,0.05,,,,,,,,,,,0.3696727802476026,0.6836420328937901
1379,train-load-1.0-scenario-349-retry-4,1.0,1.0083333333333333,1.0083333333333333,0.6083333333333333,19.47755994743521,0.9333409309681122,0.5666590690318877,0.875,0.125,0.875,0.125,14,2,14,2,16,6,16,14,0.6871291399002075,0.05,,,,,,,,,,,0.3696727802476026,0.6836420328937901
1380,train-load-0.9-scenario-676-retry-2,0.9,0.82773825,0.5409606250000001,0.82773825,8.82988830947987,0.7944111568663436,0.6341602717050848,0.8571428571428571,0.14285714285714285,0.8571428571428571,0.14285714285714285,6,1,6,1,7,4,7,6,0.17254260182380676,0.05,,,,,,,,,,,0.3696727802476026,0.6836420328937901
1381,train-load-0.8-scenario-654-retry-1,0.8,0.8095238095238095,0.8095238095238095,0.6285714285714286,20.337214948303917,1.0672058822840986,0.43279411771590137,0.875,0.125,0.875,0.125,14,2,14,2,16,7,16,14,0.4307298958301544,0.05,,,,,,,,,,,0.3696727802476026,0.6836420328937901
1382,train-load-0.9-scenario-91,0.9,0.8579376,0.44185424999999995,0.8579376,9.976196035260678,0.8248818619621878,0.6751181380378121,0.875,0.125,0.8888888888888888,0.1111111111111111,7,1,8,1,9,5,8,7,0.29980969429016113,0.05,,,,,,,,,,,0.3696727802476026,0.6836420328937901
1383,train-load-1.0-scenario-172-retry-2,1.0,0.99306,0.5371173611111111,0.99306,15.679488084468337,1.1816872022338232,0.454676434129813,0.9090909090909091,0.09090909090909091,0.8333333333333334,0.16666666666666666,10,1,10,2,12,6,11,10,0.40486234426498413,0.05,,,,,,,,,,,0.3696727802476026,0.6836420328937901
1384,train-load-1.0-scenario-311-retry-1,1.0,0.92919375,0.92919375,0.85668375,7.6080844904413,0.14908364606859692,0.650916353931403,0.7,0.3,0.6363636363636364,0.36363636363636365,7,3,7,4,11,4,10,7,0.513900101184845,0.05,,,,,,,,,,,0.3696727802476026,0.6836420328937901
1385,train-load-0.6-scenario-51,0.6,0.6666666666666666,0.05555555555555555,0.6666666666666666,6.790517276425554,0.31666108937224813,0.6833389106277519,0.75,0.25,0.75,0.25,6,2,6,2,8,6,8,6,0.358515202999115,0.05,,,,,,,,,,,0.3696727802476026,0.6836420328937901
1386,train-load-1.0-scenario-688-retry-3,1.0,0.9285714285714286,0.9285714285714286,0.4642857142857143,6.497936736900197,-0.24584992289757968,0.3996960767437334,0.5384615384615384,0.46153846153846156,0.5384615384615384,0.46153846153846156,7,6,7,6,13,7,13,7,0.36711806058883667,0.05,,,,,,,,,,,0.3696727802476026,0.6836420328937901
1387,train-hard-4gpu-4pod-2vgpu,0.25,0.25,0.16666666666666666,0.25,11.616666666666667,1.9166666666666665,0.08333333333333337,1.0,0.0,1.0,0.0,4,0,8,0,8,4,4,4,0.4852597713470459,0.05,,,,,,,,,,,0.3696727802476026,0.6836420328937901
1388,train-load-1.0-scenario-635,1.0,0.95,0.25,0.95,7.641095294068472,0.29456550443244467,0.8165456066786665,0.7777777777777778,0.2222222222222222,0.7777777777777778,0.2222222222222222,7,2,7,2,9,6,9,7,0.37258976697921753,0.05,,,,,,,,,,,0.3696727802476026,0.6836420328937901
1389,train-load-1.0-scenario-237-retry-2,1.0,0.957373,0.861931,0.957373,10.00207086758412,0.3940283457585254,0.5150625633323838,0.7272727272727273,0.2727272727272727,0.6666666666666666,0.3333333333333333,8,3,8,4,12,5,11,8,0.39270591735839844,0.05,,,,,,,,,,,0.3696727802476026,0.6836420328937901
1390,train-load-0.8-scenario-109-retry-1,0.8,0.72,0.09,0.72,26.935729008045485,1.3701925762624967,0.6298074237375032,1.0,0.0,1.0,0.0,18,0,18,0,18,5,18,18,0.3487597405910492,0.05,,,,,,,,,,,0.3696727802476026,0.6836420328937901
1391,train-load-0.7-scenario-723-retry-3,0.7,0.75,0.75,0.7375,6.495344258562132,0.16013036521078017,0.5065363014558865,0.6666666666666666,0.3333333333333333,0.6666666666666666,0.3333333333333333,6,3,6,3,9,4,9,6,0.2950917184352875,0.05,,,,,,,,,,,0.3696727802476026,0.6836420328937901
1392,train-load-0.6-scenario-312,0.6,0.5917738333333333,0.42559131944444445,0.5917738333333333,12.11462078246068,1.486339257647003,0.5136607423529972,1.0,0.0,1.0,0.0,6,0,8,0,8,6,6,6,0.2531954050064087,0.05,,,,,,,,,,,0.3696727802476026,0.6836420328937901
1393,train-load-0.9-scenario-439-retry-1,0.9,0.9583333333333334,0.65,0.9583333333333334,6.407125260321884,0.010221964391932237,0.3897780356080677,0.6,0.4,0.6,0.4,6,4,6,4,10,6,10,6,0.37309545278549194,0.05,,,,,,,,,,,0.3696727802476026,0.6836420328937901
1394,train-load-0.8-scenario-407-retry-4,0.8,0.8333333333333334,0.8333333333333334,0.8,13.63747975379194,0.006812341083096363,0.5931876589169037,0.65,0.35,0.65,0.35,13,7,13,7,20,8,20,13,0.37330079078674316,0.05,,,,,,,,,,,0.3696727802476026,0.6836420328937901
1395,train-load-1.0-scenario-103,1.0,1.1071428571428572,0.42857142857142855,1.1071428571428572,11.551422604069929,0.5754594889936092,0.6972677837336636,0.8181818181818182,0.18181818181818182,0.7333333333333333,0.26666666666666666,9,2,11,4,15,7,11,9,0.4704122543334961,0.05,,,,,,,,,,,0.3696727802476026,0.6836420328937901
1396,train-load-1.0-scenario-60,1.0,0.9124953333333333,0.5966141666666667,0.9124953333333333,7.358922970653206,0.15200050983614533,0.6479994901638546,0.7,0.3,0.7272727272727273,0.2727272727272727,7,3,8,3,11,6,10,7,0.36721670627593994,0.05,,,,,,,,,,,0.3696727802476026,0.6836420328937901
1397,train-load-0.7-scenario-679,0.7,0.75,0.7333333333333333,0.75,4.063252982505766,-0.27403933724367713,0.4962615594658995,0.5555555555555556,0.4444444444444444,0.5555555555555556,0.4444444444444444,5,4,5,4,9,5,9,5,0.31799983978271484,0.05,,,,,,,,,,,0.3696727802476026,0.6836420328937901
1398,train-load-0.5-scenario-216-retry-1,0.5,0.4,0.16666666666666666,0.4,26.996442202590487,1.6896680439785672,0.3103319560214328,1.0,0.0,1.0,0.0,16,0,16,0,16,4,16,16,0.3499811887741089,0.05,,,,,,,,,,,0.3696727802476026,0.6836420328937901
1399,train-load-0.8-scenario-533-retry-6,0.8,0.9166666666666666,0.9166666666666666,0.5833333333333334,5.467766019662438,-0.15892698048418907,0.558926980484189,0.6,0.4,0.6,0.4,6,4,6,4,10,6,10,6,0.1550966203212738,0.05,,,,,,,,,,,0.3696727802476026,0.6836420328937901
1400,train-load-1.0-scenario-497,1.0,0.881735,0.45671375000000003,0.881735,4.652679640587717,0.06070383839411342,0.7964390187487438,0.7142857142857143,0.2857142857142857,0.7142857142857143,0.2857142857142857,5,2,5,2,7,4,7,5,0.2365664839744568,0.05,0.3663340343120097,0.5237879769462145,0.7225305028145561,0.27746949718544395,0.7085597222250039,0.29144027777499626,0.6328224539523736,0.6135221063214071,0.3071105491641856,0.7192694878838939,0.3696727802476026,0.6836420328937901
1401,train-load-0.6-scenario-68-retry-1,0.6,0.515031,0.33159940476190475,0.515031,12.820286253847195,1.180460037254852,0.8195399627451481,1.0,0.0,1.0,0.0,8,0,8,0,8,7,8,8,0.35882970690727234,0.05,,,,,,,,,,,0.3696727802476026,0.6836420328937901
1402,train-load-0.9-scenario-597-retry-1,0.9,0.88523775,0.816175625,0.88523775,12.038773523012182,1.0690566539296262,0.43094334607037377,0.875,0.125,0.7777777777777778,0.2222222222222222,7,1,7,2,9,4,8,7,0.22831624746322632,0.05,,,,,,,,,,,0.3696727802476026,0.6836420328937901
1403,train-load-0.9-scenario-341-retry-2,0.9,0.8055555555555556,0.8055555555555556,0.7666666666666667,26.78120627844761,1.7660175338909085,0.23398246610909135,1.0,0.0,1.0,0.0,16,0,16,0,16,6,16,16,0.1919223666191101,0.05,,,,,,,,,,,0.3696727802476026,0.6836420328937901
1404,train-load-0.8-scenario-178,0.8,0.734406,0.38326666666666664,0.734406,11.03498630823754,1.3474308055069963,0.6525691944930038,1.0,0.0,1.0,0.0,6,0,6,0,6,4,6,6,0.4005272686481476,0.05,,,,,,,,,,,0.3696727802476026,0.6836420328937901
1405,train-load-0.6-scenario-403,0.6,0.7083333333333334,0.2833333333333333,0.7083333333333334,16.6074533382412,1.1129957091794855,0.553670957487181,0.9166666666666666,0.08333333333333333,0.9166666666666666,0.08333333333333333,11,1,11,1,12,6,12,11,0.36978691816329956,0.05,,,,,,,,,,,0.3696727802476026,0.6836420328937901
1406,train-load-0.7-scenario-457,0.7,0.7775708,0.5810555000000001,0.7775708,9.654830687728746,0.7250543855548159,0.7749456144451841,0.875,0.125,0.7777777777777778,0.2222222222222222,7,1,7,2,9,5,8,7,0.23495298624038696,0.05,,,,,,,,,,,0.3696727802476026,0.6836420328937901
1407,train-load-1.0-scenario-167,1.0,1.1,0.8333333333333334,1.1,4.804241342865709,-0.07877266923003379,0.5787726692300338,0.625,0.375,0.625,0.375,5,3,5,3,8,4,8,5,0.15146350860595703,0.05,,,,,,,,,,,0.3696727802476026,0.6836420328937901
1408,train-load-0.9-scenario-648,0.9,0.9125,0.5625,0.9125,10.036117668404648,0.5250501657598625,0.6749498342401375,0.8,0.2,0.8,0.2,8,2,8,2,10,4,10,8,0.2967732548713684,0.05,,,,,,,,,,,0.3696727802476026,0.6836420328937901
1409,train-load-0.5-scenario-340,0.5,0.43581866666666663,0.4186256944444444,0.43581866666666663,12.455326360414265,1.2885996791713104,0.7114003208286896,1.0,0.0,1.0,0.0,7,0,7,0,7,6,7,7,0.3018798232078552,0.05,,,,,,,,,,,0.3696727802476026,0.6836420328937901
1410,train-load-0.5-scenario-727-retry-1,0.5,0.575,0.3333333333333333,0.575,17.43976633500693,1.3421465876623386,0.6578534123376614,1.0,0.0,1.0,0.0,11,0,11,0,11,8,11,11,0.3522992730140686,0.05,,,,,,,,,,,0.3696727802476026,0.6836420328937901
1411,train-load-0.8-scenario-363,0.8,0.8123179999999999,0.739030625,0.8123179999999999,3.5551929463852456,-0.015627948876728248,0.6822946155433949,0.6666666666666666,0.3333333333333333,0.625,0.375,4,2,5,3,8,4,6,4,0.25504636764526367,0.05,,,,,,,,,,,0.3696727802476026,0.6836420328937901
1412,train-load-0.6-scenario-596,0.6,0.52726609375,0.52726609375,0.459534125,17.757782606543,1.381725848442911,0.618274151557089,1.0,0.0,1.0,0.0,11,0,12,0,12,8,11,11,0.2891889214515686,0.05,,,,,,,,,,,0.3696727802476026,0.6836420328937901
1413,train-load-0.8-scenario-184,0.8,0.72537325,0.5397989583333334,0.72537325,14.107985114054816,0.9045831413341998,0.7317804950294364,0.9090909090909091,0.09090909090909091,0.8461538461538461,0.15384615384615385,10,1,11,2,13,8,11,10,0.3005273640155792,0.05,,,,,,,,,,,0.3696727802476026,0.6836420328937901
1414,train-load-1.0-scenario-113,1.0,0.9193765,0.693125625,0.9193765,1.8192776470468037,-0.5756037493956252,0.5756037493956252,0.5,0.5,0.5,0.5,4,4,4,4,8,4,8,4,0.21864691376686096,0.05,,,,,,,,,,,0.3696727802476026,0.6836420328937901
1415,train-load-0.5-scenario-174-retry-4,0.5,0.6,0.6,0.5,15.403789445505746,1.5959790661136108,0.40402093388638916,1.0,0.0,1.0,0.0,8,0,8,0,8,4,8,8,0.3089013397693634,0.05,,,,,,,,,,,0.3696727802476026,0.6836420328937901
1416,train-load-0.7-scenario-222,0.7,0.7,0.7,0.6,23.578026598590256,1.4071652576873492,0.34283474231265076,0.9375,0.0625,0.9375,0.0625,15,1,15,1,16,8,16,15,0.36084428429603577,0.05,,,,,,,,,,,0.3696727802476026,0.6836420328937901
1417,train-load-0.8-scenario-121,0.8,0.75057125,0.4872940625,0.75057125,14.457680001225087,0.9751631623249848,0.6612004740386515,0.9090909090909091,0.09090909090909091,0.8461538461538461,0.15384615384615385,10,1,11,2,13,8,11,10,0.21016499400138855,0.05,,,,,,,,,,,0.3696727802476026,0.6836420328937901
1418,train-load-1.0-scenario-229,1.0,1.0681393333333333,0.7782308333333333,1.0681393333333333,6.96293783427987,-0.02268990248269509,0.5681444479372405,0.6363636363636364,0.36363636363636365,0.5714285714285714,0.42857142857142855,7,4,8,6,14,6,11,7,0.22919991612434387,0.05,,,,,,,,,,,0.3696727802476026,0.6836420328937901
1419,train-load-0.7-scenario-312,0.7,0.70776725,0.39575187500000003,0.70776725,7.49415669101688,0.707820176153475,0.6255131571798584,0.8333333333333334,0.16666666666666666,0.8333333333333334,0.16666666666666666,5,1,5,1,6,4,6,5,0.16699568927288055,0.05,,,,,,,,,,,0.3696727802476026,0.6836420328937901
1420,train-load-0.5-scenario-75-retry-1,0.5,0.5714285714285714,0.5714285714285714,0.5714285714285714,11.544927991207366,0.984739864160133,0.5152601358398669,0.875,0.125,0.8333333333333334,0.16666666666666666,7,1,10,2,12,7,8,7,0.13420656323432922,0.05,,,,,,,,,,,0.3696727802476026,0.6836420328937901
1421,train-load-0.6-scenario-363-retry-1,0.6,0.7142857142857143,0.23809523809523808,0.7142857142857143,7.8835813331607465,0.19560182376507063,0.6043981762349293,0.7,0.3,0.7,0.3,7,3,7,3,10,7,10,7,0.4201582074165344,0.05,,,,,,,,,,,0.3696727802476026,0.6836420328937901
1422,train-load-0.6-scenario-106-retry-1,0.6,0.5,0.4166666666666667,0.5,31.5454704426837,1.5982687344735922,0.4017312655264078,1.0,0.0,1.0,0.0,20,0,20,0,20,8,20,20,0.32456427812576294,0.05,,,,,,,,,,,0.3696727802476026,0.6836420328937901
1423,train-load-0.6-scenario-666,0.6,0.6333333333333333,0.6,0.6333333333333333,16.7310865156601,1.0905314478571906,0.576135218809476,0.9166666666666666,0.08333333333333333,0.9166666666666666,0.08333333333333333,11,1,11,1,12,6,12,11,0.2324795424938202,0.05,,,,,,,,,,,0.3696727802476026,0.6836420328937901
1424,train-load-0.8-scenario-354,0.8,0.88,0.6666666666666666,0.88,7.933366027277347,0.19424098434173975,0.6057590156582602,0.7,0.3,0.7,0.3,7,3,7,3,10,5,10,7,0.3176034092903137,0.05,,,,,,,,,,,0.3696727802476026,0.6836420328937901
1425,train-load-0.9-scenario-578,0.9,0.809999375,0.7193375,0.809999375,13.475319118937328,0.49934016193978864,0.6435169809173542,0.7857142857142857,0.21428571428571427,0.7647058823529411,0.23529411764705882,11,3,13,4,17,8,14,11,0.10208167135715485,0.05,,,,,,,,,,,0.3696727802476026,0.6836420328937901
1426,train-load-0.6-scenario-70,0.6,0.5488191428571428,0.4884151785714286,0.5488191428571428,15.351799022488207,1.377822530953222,0.6221774690467781,1.0,0.0,1.0,0.0,9,0,10,0,10,7,9,9,0.36186110973358154,0.05,,,,,,,,,,,0.3696727802476026,0.6836420328937901
1427,train-load-1.0-scenario-28,1.0,0.9571428571428572,0.6571428571428571,0.9571428571428572,22.763558621587272,0.6987092593616786,0.4317255232470172,0.782608695652174,0.21739130434782608,0.782608695652174,0.21739130434782608,18,5,18,5,23,7,23,18,0.23150020837783813,0.05,,,,,,,,,,,0.3696727802476026,0.6836420328937901
1428,train-load-0.6-scenario-723,0.6,0.7,0.5833333333333334,0.7,24.852176591303945,1.8287796518143233,0.17122034818567675,1.0,0.0,1.0,0.0,14,0,14,0,14,4,14,14,0.33157408237457275,0.05,,,,,,,,,,,0.3696727802476026,0.6836420328937901
1429,train-load-0.7-scenario-34,0.7,0.7337502499999999,0.4010869791666667,0.7337502499999999,2.9761838085946852,0.2718512466508465,0.7281487533491535,0.75,0.25,0.6666666666666666,0.3333333333333333,3,1,4,2,6,4,4,3,0.38663315773010254,0.05,,,,,,,,,,,0.3696727802476026,0.6836420328937901
1430,train-load-0.7-scenario-46,0.7,0.6875,0.625,0.6875,19.962415559956984,1.1647988881565983,0.3018677785100685,0.8666666666666667,0.13333333333333333,0.8666666666666667,0.13333333333333333,13,2,13,2,15,8,15,13,0.1699303686618805,0.05,,,,,,,,,,,0.3696727802476026,0.6836420328937901
1431,train-load-1.0-scenario-429,1.0,0.9507848333333334,0.84813375,0.9507848333333334,13.881518132080334,0.5301129853683988,0.612744157488744,0.7857142857142857,0.21428571428571427,0.7333333333333333,0.26666666666666666,11,3,11,4,15,6,14,11,0.22227521240711212,0.05,,,,,,,,,,,0.3696727802476026,0.6836420328937901
1432,train-load-1.0-scenario-186,1.0,0.9032062,0.45898625,0.9032062,9.04709631975384,0.5215331586497589,0.5895779524613523,0.7777777777777778,0.2222222222222222,0.7777777777777778,0.2222222222222222,7,2,7,2,9,5,9,7,0.31810563802719116,0.05,,,,,,,,,,,0.3696727802476026,0.6836420328937901
1433,train-load-0.6-scenario-116,0.6,0.5142857142857142,0.19285714285714287,0.5142857142857142,14.915392312222279,1.3129610108584462,0.6870389891415538,1.0,0.0,1.0,0.0,9,0,9,0,9,7,9,9,0.20431816577911377,0.05,,,,,,,,,,,0.3696727802476026,0.6836420328937901
1434,train-load-0.9-scenario-188,0.9,0.99375,0.8333333333333334,0.99375,7.878443868224376,-0.10545288096619787,0.5669913425046594,0.6153846153846154,0.38461538461538464,0.5294117647058824,0.47058823529411764,8,5,9,8,17,8,13,8,0.21955418586730957,0.05,,,,,,,,,,,0.3696727802476026,0.6836420328937901
1435,train-load-1.0-scenario-663-retry-2,1.0,1.05,0.5,1.05,4.781872122143951,-0.17697113008687904,0.576971130086879,0.6,0.4,0.6,0.4,6,4,6,4,10,4,10,6,0.31092318892478943,0.05,,,,,,,,,,,0.3696727802476026,0.6836420328937901
1436,train-load-0.9-scenario-502-retry-5,0.9,0.99,0.36666666666666664,0.99,3.4909473828701056,-0.2279186873841248,0.7279186873841248,0.625,0.375,0.625,0.375,5,3,5,3,8,5,8,5,0.33783185482025146,0.05,,,,,,,,,,,0.3696727802476026,0.6836420328937901
1437,train-load-1.0-scenario-276,1.0,1.0375,0.2916666666666667,1.0375,16.13078217613316,0.3693877758253601,0.7417233352857511,0.7777777777777778,0.2222222222222222,0.7777777777777778,0.2222222222222222,14,4,14,4,18,8,18,14,0.3892291188240051,0.05,,,,,,,,,,,0.3696727802476026,0.6836420328937901
1438,train-load-0.7-scenario-339-retry-1,0.7,0.58125,0.3,0.58125,14.814176835907297,1.2855130050281978,0.7144869949718022,1.0,0.0,1.0,0.0,9,0,9,0,9,8,9,9,0.4027869403362274,0.05,,,,,,,,,,,0.3696727802476026,0.6836420328937901
1439,train-load-0.9-scenario-498,0.9,0.9595138333333334,0.59938375,0.9595138333333334,13.578185366675143,0.985766089707532,0.6142339102924681,0.9,0.1,0.8333333333333334,0.16666666666666666,9,1,10,2,12,6,10,9,0.1486523300409317,0.05,,,,,,,,,,,0.3696727802476026,0.6836420328937901
1440,train-load-0.9-scenario-41-retry-4,0.9,1.0,1.0,0.16666666666666666,4.632120445440615,-0.25063274895877385,0.6506327489587738,0.6,0.4,0.6,0.4,6,4,6,4,10,6,10,6,0.24913129210472107,0.05,,,,,,,,,,,0.3696727802476026,0.6836420328937901
1441,train-load-0.7-scenario-274,0.7,0.675,0.5208333333333334,0.675,10.985419134185646,0.8627751241220873,0.6372248758779128,0.875,0.125,0.8,0.2,7,1,8,2,10,8,8,7,0.3935023546218872,0.05,,,,,,,,,,,0.3696727802476026,0.6836420328937901
1442,train-load-0.6-scenario-628,0.6,0.7,0.5333333333333333,0.7,7.8041542680109774,0.41156821182192693,0.5884317881780731,0.75,0.25,0.75,0.25,6,2,6,2,8,5,8,6,0.4250044822692871,0.05,,,,,,,,,,,0.3696727802476026,0.6836420328937901
1443,train-load-0.8-scenario-735,0.8,0.7483114583333333,0.7483114583333333,0.589531,10.79076156705269,0.9133327216419671,0.5866672783580328,0.875,0.125,0.875,0.125,7,1,7,1,8,4,8,7,0.3147539496421814,0.05,,,,,,,,,,,0.3696727802476026,0.6836420328937901
1444,train-load-0.5-scenario-141-retry-3,0.5,0.5071428571428571,0.34285714285714286,0.5071428571428571,26.182614749470034,1.6058088819185392,0.3941911180814607,1.0,0.0,1.0,0.0,16,0,16,0,16,7,16,16,0.3495120406150818,0.05,,,,,,,,,,,0.3696727802476026,0.6836420328937901
1445,train-load-0.7-scenario-702,0.7,0.5987022857142856,0.4968571428571429,0.5987022857142856,15.716409793140038,1.4333655236438982,0.5666344763561016,1.0,0.0,1.0,0.0,9,0,11,0,11,7,9,9,0.2705494463443756,0.05,,,,,,,,,,,0.3696727802476026,0.6836420328937901
1446,train-load-1.0-scenario-739-retry-1,1.0,0.96875,0.7625,0.96875,12.384065183613531,-0.19288065749462724,0.5565170211309909,0.5909090909090909,0.4090909090909091,0.5909090909090909,0.4090909090909091,13,9,13,9,22,8,22,13,0.3314473628997803,0.05,,,,,,,,,,,0.3696727802476026,0.6836420328937901
1447,train-load-0.7-scenario-597,0.7,0.6174121428571429,0.3689071428571428,0.6174121428571429,15.105321934702786,1.338090480950111,0.6619095190498889,1.0,0.0,1.0,0.0,9,0,9,0,9,7,9,9,0.5103370547294617,0.05,,,,,,,,,,,0.3696727802476026,0.6836420328937901
1448,train-load-0.5-scenario-429,0.5,0.5304715,0.2447459375,0.5304715,8.293356210988891,1.3076946678236752,0.692305332176325,1.0,0.0,1.0,0.0,4,0,4,0,4,4,4,4,0.25269490480422974,0.05,,,,,,,,,,,0.3696727802476026,0.6836420328937901
1449,train-load-1.0-scenario-593,1.0,0.9628322500000001,0.642725,0.9628322500000001,4.397358297842423,-0.004332559147671833,0.861475416290529,0.7142857142857143,0.2857142857142857,0.625,0.375,5,2,5,3,8,4,7,5,0.3553089201450348,0.05,,,,,,,,,,,0.3696727802476026,0.6836420328937901
1450,train-load-0.5-scenario-55-retry-1,0.5,0.5714285714285714,0.5714285714285714,0.2857142857142857,12.041434668622813,1.118425180390639,0.381574819609361,0.875,0.125,0.875,0.125,7,1,7,1,8,7,8,7,0.41943472623825073,0.05,,,,,,,,,,,0.3696727802476026,0.6836420328937901
1451,train-load-0.9-scenario-153-retry-5,0.9,0.8333333333333334,0.8333333333333334,0.8,5.717344071333284,-0.37130125346404363,0.5251474073101974,0.5384615384615384,0.46153846153846156,0.5384615384615384,0.46153846153846156,7,6,7,6,13,7,13,7,0.3320983648300171,0.05,,,,,,,,,,,0.3696727802476026,0.6836420328937901
1452,train-load-0.9-scenario-30,0.9,0.8969881666666667,0.618909375,0.8969881666666667,6.804948490041177,0.03495749454869468,0.7650425054513053,0.7,0.3,0.5833333333333334,0.4166666666666667,7,3,7,5,12,6,10,7,0.2900126874446869,0.05,,,,,,,,,,,0.3696727802476026,0.6836420328937901
1453,train-load-1.0-scenario-678,1.0,0.8894378333333333,0.6744576388888889,0.8894378333333333,14.296420945665325,1.0600251408700208,0.5399748591299793,0.9,0.1,0.8333333333333334,0.16666666666666666,9,1,10,2,12,6,10,9,0.28529250621795654,0.05,,,,,,,,,,,0.3696727802476026,0.6836420328937901
1454,train-load-0.8-scenario-586,0.8,0.809277,0.3905489583333333,0.809277,5.940137711092179,0.4410768572452621,0.8922564760880713,0.8333333333333334,0.16666666666666666,0.7142857142857143,0.2857142857142857,5,1,5,2,7,4,6,5,0.5329087376594543,0.05,,,,,,,,,,,0.3696727802476026,0.6836420328937901
1455,train-load-0.6-scenario-462,0.6,0.5475375714285714,0.2747047619047619,0.5475375714285714,10.088638287334978,1.1615088451990563,0.8384911548009437,1.0,0.0,1.0,0.0,6,0,7,0,7,7,6,6,0.3247922360897064,0.05,,,,,,,,,,,0.3696727802476026,0.6836420328937901
1456,train-load-0.5-scenario-409,0.5,0.44792771428571426,0.32640892857142856,0.44792771428571426,9.637348105382635,0.834848244330633,0.5937231842407954,0.8571428571428571,0.14285714285714285,0.8571428571428571,0.14285714285714285,6,1,6,1,7,7,7,6,0.4333654046058655,0.05,,,,,,,,,,,0.3696727802476026,0.6836420328937901
1457,train-load-0.7-scenario-120,0.7,0.62211575,0.42361302083333335,0.62211575,15.372254544657537,1.3340147572301573,0.6659852427698427,1.0,0.0,1.0,0.0,9,0,11,0,11,8,9,9,0.6448733806610107,0.05,,,,,,,,,,,0.3696727802476026,0.6836420328937901
1458,train-load-1.0-scenario-551,1.0,1.0,0.8,1.0,12.033439071704342,0.22995845917989477,0.27004154082010523,0.625,0.375,0.625,0.375,10,6,10,6,16,4,16,10,0.44172096252441406,0.05,,,,,,,,,,,0.3696727802476026,0.6836420328937901
1459,train-load-0.5-scenario-747,0.5,0.475,0.20833333333333334,0.475,12.917913339770525,1.1812309752849282,0.8187690247150718,1.0,0.0,1.0,0.0,8,0,8,0,8,8,8,8,0.09441464394330978,0.05,,,,,,,,,,,0.3696727802476026,0.6836420328937901
1460,train-load-0.7-scenario-513,0.7,0.596816,0.47769345238095234,0.596816,14.952721953348126,1.2834276757782714,0.7165723242217286,1.0,0.0,1.0,0.0,9,0,10,0,10,7,9,9,0.5481868982315063,0.05,,,,,,,,,,,0.3696727802476026,0.6836420328937901
1461,train-load-0.7-scenario-137-retry-2,0.7,0.8,0.8,0.6,15.017631451592596,0.9214360020160368,0.4118973313172968,0.8333333333333334,0.16666666666666666,0.8333333333333334,0.16666666666666666,10,2,10,2,12,5,12,10,0.5048205852508545,0.05,,,,,,,,,,,0.3696727802476026,0.6836420328937901
1462,train-load-0.7-scenario-397-retry-5,0.7,0.7083333333333334,0.7083333333333334,0.7,16.059208827263138,1.7340296155356951,0.2659703844643048,1.0,0.0,1.0,0.0,8,0,8,0,8,4,8,8,0.5943442583084106,0.05,,,,,,,,,,,0.3696727802476026,0.6836420328937901
1463,train-load-0.5-scenario-667-retry-1,0.5,0.6,0.2,0.6,19.560256865406842,1.4458997873625856,0.5541002126374144,1.0,0.0,1.0,0.0,12,0,12,0,12,5,12,12,0.35774165391921997,0.05,,,,,,,,,,,0.3696727802476026,0.6836420328937901
1464,train-load-0.7-scenario-330-retry-3,0.7,0.6,0.6,0.3,19.84243260684265,1.4670412836084146,0.5329587163915855,1.0,0.0,1.0,0.0,12,0,12,0,12,8,12,12,0.31711703538894653,0.05,,,,,,,,,,,0.3696727802476026,0.6836420328937901
1465,train-load-0.8-scenario-545,0.8,0.7602168571428571,0.39166011904761905,0.7602168571428571,11.79893013721006,0.8855044766877801,0.6700510788677753,0.8888888888888888,0.1111111111111111,0.9,0.1,8,1,9,1,10,7,9,8,0.3565484881401062,0.05,,,,,,,,,,,0.3696727802476026,0.6836420328937901
1466,train-load-1.0-scenario-710-retry-1,1.0,0.8819298,0.609025,0.8819298,7.17928435704199,0.350639209997591,0.649360790002409,0.75,0.25,0.7,0.3,6,2,7,3,10,5,8,6,0.20614051818847656,0.05,,,,,,,,,,,0.3696727802476026,0.6836420328937901
1467,train-load-0.6-scenario-546,0.6,0.55517225,0.305525,0.55517225,6.901804319373233,1.0260451010666582,0.9739548989333418,1.0,0.0,1.0,0.0,4,0,4,0,4,4,4,4,0.41866517066955566,0.05,,,,,,,,,,,0.3696727802476026,0.6836420328937901
1468,train-load-1.0-scenario-269-retry-3,1.0,1.05,0.24166666666666667,1.05,2.4786777736748595,-0.5746433792095909,0.7968656014318132,0.5555555555555556,0.4444444444444444,0.5555555555555556,0.4444444444444444,5,4,5,4,9,5,9,5,0.4753574728965759,0.05,,,,,,,,,,,0.3696727802476026,0.6836420328937901
1469,train-load-0.9-scenario-463-retry-1,0.9,0.9434385000000001,0.49401375,0.9434385000000001,8.850748840710882,0.7869612777184684,0.6416101508529602,0.8571428571428571,0.14285714285714285,0.8571428571428571,0.14285714285714285,6,1,6,1,7,4,7,6,0.3200833201408386,0.05,,,,,,,,,,,0.3696727802476026,0.6836420328937901
1470,train-load-1.0-scenario-277-retry-8,1.0,1.0,0.37142857142857144,1.0,6.945507769162631,0.05479379822706332,0.7452062017729366,0.7,0.3,0.625,0.375,7,3,10,6,16,7,10,7,0.5524624586105347,0.05,,,,,,,,,,,0.3696727802476026,0.6836420328937901
1471,train-load-1.0-scenario-294-retry-1,1.0,1.0,1.0,0.85,10.611514306010243,0.7572361569343187,0.3538749541767925,0.7777777777777778,0.2222222222222222,0.6666666666666666,0.3333333333333333,7,2,8,4,12,6,9,7,0.2803616523742676,0.05,,,,,,,,,,,0.3696727802476026,0.6836420328937901
1472,train-load-1.0-scenario-500,1.0,0.88089075,0.7029546875,0.88089075,14.901048404956601,0.28948914095732436,0.5993997479315645,0.7222222222222222,0.2777777777777778,0.7222222222222222,0.2777777777777778,13,5,13,5,18,8,18,13,0.5872756242752075,0.05,,,,,,,,,,,0.3696727802476026,0.6836420328937901
1473,train-load-1.0-scenario-40,1.0,0.9946278,0.852984,0.9946278,13.186241246999543,0.9035403236260865,0.3691869491011863,0.8181818181818182,0.18181818181818182,0.75,0.25,9,2,9,3,12,5,11,9,0.21154356002807617,0.05,,,,,,,,,,,0.3696727802476026,0.6836420328937901
1474,train-load-0.9-scenario-16-retry-1,0.9,0.9,0.7333333333333333,0.9,16.6681316838246,0.6404264982223711,0.6095735017776289,0.8125,0.1875,0.8125,0.1875,13,3,13,3,16,6,16,13,0.4196532666683197,0.05,,,,,,,,,,,0.3696727802476026,0.6836420328937901
1475,train-load-0.8-scenario-721,0.8,0.7132510000000001,0.4726791666666667,0.7132510000000001,7.072875501017466,0.5434121851763365,0.7899211481569969,0.8333333333333334,0.16666666666666666,0.8333333333333334,0.16666666666666666,5,1,5,1,6,4,6,5,0.33841854333877563,0.05,,,,,,,,,,,0.3696727802476026,0.6836420328937901
1476,train-load-0.9-scenario-396,0.9,0.7889363333333334,0.45567729166666665,0.7889363333333334,13.878660807129783,1.0380572209612435,0.5619427790387566,0.9,0.1,0.9,0.1,9,1,9,1,10,6,10,9,0.45090121030807495,0.05,,,,,,,,,,,0.3696727802476026,0.6836420328937901
1477,train-load-0.9-scenario-173-retry-1,0.9,1.0,0.4166666666666667,1.0,10.994975253364812,0.6842367644350226,0.5157632355649775,0.8,0.2,0.8,0.2,8,2,8,2,10,4,10,8,0.330087274312973,0.05,,,,,,,,,,,0.3696727802476026,0.6836420328937901
1478,train-load-0.7-scenario-550-retry-2,0.7,0.6666666666666666,0.6111111111111112,0.6666666666666666,13.069813208135264,0.37745587653733986,0.765401266319803,0.7857142857142857,0.21428571428571427,0.7857142857142857,0.21428571428571427,11,3,11,3,14,6,14,11,0.4435638189315796,0.05,,,,,,,,,,,0.3696727802476026,0.6836420328937901
1479,train-load-0.7-scenario-389-retry-3,0.7,0.78125,0.4625,0.78125,15.743790180629656,0.9615932333146144,0.4230221513007702,0.8461538461538461,0.15384615384615385,0.8461538461538461,0.15384615384615385,11,2,11,2,13,8,13,11,0.31343239545822144,0.05,,,,,,,,,,,0.3696727802476026,0.6836420328937901
1480,train-load-0.5-scenario-278,0.5,0.455838125,0.455838125,0.43710675000000004,8.94927038714,1.411880786389399,0.5881192136106012,1.0,0.0,1.0,0.0,4,0,5,0,5,4,4,4,0.33649998903274536,0.05,,,,,,,,,,,0.3696727802476026,0.6836420328937901
1481,train-load-1.0-scenario-58,1.0,0.929885875,0.6426259375,0.929885875,13.328011423763563,0.46364755962214316,0.6792095832349997,0.7857142857142857,0.21428571428571427,0.6470588235294118,0.35294117647058826,11,3,11,6,17,8,14,11,0.11687996983528137,0.05,,,,,,,,,,,0.3696727802476026,0.6836420328937901
1482,train-load-0.6-scenario-583,0.6,0.518919875,0.301826875,0.518919875,12.731717362649748,1.317347554436012,0.6826524455639881,1.0,0.0,1.0,0.0,7,0,9,0,9,8,7,7,0.48422113060951233,0.05,,,,,,,,,,,0.3696727802476026,0.6836420328937901
1483,train-load-0.9-scenario-569-retry-1,0.9,0.8962452,0.5379766666666667,0.8962452,5.805642141996865,0.017456543983497275,0.6492101226831694,0.6666666666666666,0.3333333333333333,0.6666666666666666,0.3333333333333333,6,3,6,3,9,5,9,6,0.3640526533126831,0.05,,,,,,,,,,,0.3696727802476026,0.6836420328937901
1484,train-load-0.5-scenario-685,0.5,0.5714285714285714,0.5714285714285714,0.5714285714285714,12.977936982898777,1.2746576827211766,0.22534231727882334,0.875,0.125,0.875,0.125,7,1,7,1,8,7,8,7,0.24226447939872742,0.05,,,,,,,,,,,0.3696727802476026,0.6836420328937901
1485,train-load-0.6-scenario-151,0.6,0.7142857142857143,0.38095238095238093,0.7142857142857143,16.533159930516476,1.0989570363687815,0.567709630297885,0.9166666666666666,0.08333333333333333,0.9166666666666666,0.08333333333333333,11,1,11,1,12,7,12,11,0.4746655523777008,0.05,,,,,,,,,,,0.3696727802476026,0.6836420328937901
1486,train-load-1.0-scenario-652,1.0,0.9611995,0.6173135416666667,0.9611995,4.138129778318252,-0.15648454480584884,0.6564845448058488,0.625,0.375,0.625,0.375,5,3,5,3,8,4,8,5,0.2242535948753357,0.05,,,,,,,,,,,0.3696727802476026,0.6836420328937901
1487,train-load-0.9-scenario-451-retry-1,0.9,0.9333333333333333,0.7777777777777778,0.9333333333333333,23.982409533850284,1.0051221267172759,0.2329731113779624,0.8095238095238095,0.19047619047619047,0.8095238095238095,0.19047619047619047,17,4,17,4,21,6,21,17,0.4859916865825653,0.05,,,,,,,,,,,0.3696727802476026,0.6836420328937901
1488,train-load-0.8-scenario-342,0.8,0.6964827499999999,0.33656125000000003,0.6964827499999999,11.879914440473145,0.8939196733277054,0.6616358822278501,0.8888888888888888,0.1111111111111111,0.8181818181818182,0.18181818181818182,8,1,9,2,11,8,9,8,0.33936014771461487,0.05,,,,,,,,,,,0.3696727802476026,0.6836420328937901
1489,train-load-0.5-scenario-680,0.5,0.4522458333333333,0.21160166666666666,0.4522458333333333,10.504723881937629,1.3989309467646183,0.6010690532353816,1.0,0.0,1.0,0.0,5,0,5,0,5,6,5,5,0.40971511602401733,0.05,,,,,,,,,,,0.3696727802476026,0.6836420328937901
1490,train-load-1.0-scenario-9,1.0,1.013048,0.45063125000000004,1.013048,3.3180050614125536,-0.0698447096002831,0.7365113762669497,0.6666666666666666,0.3333333333333333,0.5714285714285714,0.42857142857142855,4,2,4,3,7,4,6,4,0.48654669523239136,0.05,,,,,,,,,,,0.3696727802476026,0.6836420328937901
1491,train-load-0.7-scenario-748,0.7,0.655501,0.5638375,0.655501,17.006271457928552,1.2720744438681781,0.7279255561318219,1.0,0.0,1.0,0.0,11,0,13,0,13,8,11,11,0.35850679874420166,0.05,,,,,,,,,,,0.3696727802476026,0.6836420328937901
1492,train-load-1.0-scenario-495-retry-2,1.0,0.9142857142857143,0.17142857142857143,0.9142857142857143,-0.5449635078373829,-1.1270308956914044,0.7270308956914044,0.4,0.6,0.4,0.6,4,6,4,6,10,7,10,4,0.22916093468666077,0.05,,,,,,,,,,,0.3696727802476026,0.6836420328937901
1493,train-load-0.8-scenario-253,0.8,0.6860642857142857,0.6860642857142857,0.6430497142857143,13.208425842761562,0.924270555698463,0.675729444301537,0.9,0.1,0.8333333333333334,0.16666666666666666,9,1,10,2,12,7,10,9,0.5381616353988647,0.05,,,,,,,,,,,0.3696727802476026,0.6836420328937901
1494,train-load-0.9-scenario-7,0.9,0.883674625,0.41943656249999994,0.883674625,8.627717126025455,0.18195008232455256,0.7271408267663566,0.7272727272727273,0.2727272727272727,0.6923076923076923,0.3076923076923077,8,3,9,4,13,8,11,8,0.30780285596847534,0.05,,,,,,,,,,,0.3696727802476026,0.6836420328937901
1495,train-load-0.9-scenario-715-retry-1,0.9,0.808368125,0.808368125,0.5468999999999999,17.7009398692813,1.1132182627247191,0.5790894295829732,0.9230769230769231,0.07692307692307693,0.8666666666666667,0.13333333333333333,12,1,13,2,15,8,13,12,0.38836580514907837,0.05,,,,,,,,,,,0.3696727802476026,0.6836420328937901
1496,train-load-0.5-scenario-400,0.5,0.6,0.6,0.6,20.584292114813877,1.6047003465242466,0.3952996534757534,1.0,0.0,1.0,0.0,12,0,12,0,12,8,12,12,0.44769522547721863,0.05,,,,,,,,,,,0.3696727802476026,0.6836420328937901
1497,train-load-1.0-scenario-260,1.0,0.9777963999999999,0.6569875,0.9777963999999999,6.830078073558353,0.06148786640190018,0.7385121335980998,0.7,0.3,0.6363636363636364,0.36363636363636365,7,3,7,4,11,5,10,7,0.18944591283798218,0.05,,,,,,,,,,,0.3696727802476026,0.6836420328937901
1498,train-load-0.9-scenario-654,0.9,0.9333333333333333,0.6388888888888888,0.9333333333333333,0.7647533752177651,-0.7871025101927966,0.28710251019279664,0.375,0.625,0.375,0.625,3,5,3,5,8,6,8,3,0.374620646238327,0.05,,,,,,,,,,,0.3696727802476026,0.6836420328937901
1499,train-load-0.7-scenario-411-retry-7,0.7,0.7714285714285715,0.42857142857142855,0.7714285714285715,9.401536884406157,0.5610125881799675,0.5500985229311437,0.7777777777777778,0.2222222222222222,0.7777777777777778,0.2222222222222222,7,2,7,2,9,7,9,7,0.5293294191360474,0.05,,,,,,,,,,,0.3696727802476026,0.6836420328937901
1500,train-load-0.8-scenario-103,0.8,0.9142857142857143,0.9142857142857143,0.5714285714285714,8.584170264756755,-0.21643790670482965,0.46643790670482965,0.5625,0.4375,0.5625,0.4375,9,7,9,7,16,7,16,9,0.41199517250061035,0.05,0.37044814527934666,0.5260275135066276,0.7241189146964936,0.2758810853035064,0.7109732294479265,0.28902677055207343,0.6761989864516359,0.7229556892016029,0.2791490771472165,0.7234697492062588,0.3696727802476026,0.6836420328937901
1501,train-load-0.6-scenario-726,0.6,0.6064048000000001,0.44943,0.6064048000000001,6.937661712985385,0.44323104321660256,0.9853403853548259,0.8571428571428571,0.14285714285714285,0.8571428571428571,0.14285714285714285,6,1,6,1,7,5,7,6,0.476764053106308,0.05,,,,,,,,,,,0.3696727802476026,0.6836420328937901
1502,train-load-0.5-scenario-505,0.5,0.5087610714285714,0.5087610714285714,0.4121417142857142,10.968269077153877,1.2827456418190115,0.7172543581809886,1.0,0.0,1.0,0.0,6,0,9,0,9,7,6,6,0.5346699953079224,0.05,,,,,,,,,,,0.3696727802476026,0.6836420328937901
1503,train-load-1.0-scenario-259-retry-7,1.0,0.9333333333333333,0.9333333333333333,0.5833333333333334,5.229357629794794,-0.5045106947773215,0.5045106947773215,0.5,0.5,0.5,0.5,7,7,7,7,14,6,14,7,0.5437018275260925,0.05,,,,,,,,,,,0.3696727802476026,0.6836420328937901
1504,train-load-0.9-scenario-723-retry-2,0.9,1.0,1.0,0.25,1.9100044791932511,-0.7403318633068525,0.7403318633068525,0.5,0.5,0.5,0.5,5,5,5,5,10,4,10,5,0.21719211339950562,0.05,,,,,,,,,,,0.3696727802476026,0.6836420328937901
1505,train-load-0.8-scenario-451,0.8,0.6870059999999999,0.31500500000000003,0.6870059999999999,10.029519687766673,1.354708062353968,0.645291937646032,1.0,0.0,1.0,0.0,5,0,5,0,5,4,5,5,0.3577478229999542,0.05,,,,,,,,,,,0.3696727802476026,0.6836420328937901
1506,train-load-1.0-scenario-729-retry-7,1.0,1.1,1.0,1.1,3.612755059412187,-0.221455118217453,0.22145511821745298,0.5,0.5,0.5,0.5,4,4,4,4,8,4,8,4,0.48916900157928467,0.05,,,,,,,,,,,0.3696727802476026,0.6836420328937901
1507,train-load-0.8-scenario-381,0.8,0.7281956,0.5194033333333333,0.7281956,3.785212021371889,-0.016991183959732425,0.683657850626399,0.6666666666666666,0.3333333333333333,0.5555555555555556,0.4444444444444444,4,2,5,4,9,5,6,4,0.4765801429748535,0.05,,,,,,,,,,,0.3696727802476026,0.6836420328937901
1508,train-load-0.6-scenario-112,0.6,0.550979125,0.5414846875,0.550979125,18.35541179199324,1.432888112606283,0.5671118873937171,1.0,0.0,1.0,0.0,11,0,12,0,12,8,11,11,0.5510609149932861,0.05,,,,,,,,,,,0.3696727802476026,0.6836420328937901
1509,train-load-0.7-scenario-740,0.7,0.6554438333333333,0.5796383333333334,0.6554438333333333,10.667617121313405,0.7034705765815393,0.8520849789740161,0.8888888888888888,0.1111111111111111,0.9,0.1,8,1,9,1,10,6,9,8,0.4861396551132202,0.05,,,,,,,,,,,0.3696727802476026,0.6836420328937901
1510,train-load-0.6-scenario-140,0.6,0.4857142857142857,0.40476190476190477,0.4857142857142857,36.739618090402786,1.605958931953067,0.3940410680469332,1.0,0.0,1.0,0.0,24,0,24,0,24,7,24,24,0.28518080711364746,0.05,,,,,,,,,,,0.3696727802476026,0.6836420328937901
1511,train-load-1.0-scenario-560-retry-3,1.0,0.8875,0.51875,0.8875,9.935067153456469,0.29416239283004053,0.3725042738366261,0.6666666666666666,0.3333333333333333,0.6666666666666666,0.3333333333333333,8,4,8,4,12,8,12,8,0.5707311630249023,0.05,,,,,,,,,,,0.3696727802476026,0.6836420328937901
1512,train-load-0.8-scenario-718-retry-1,0.8,0.6875,0.6875,0.34375,11.042605713895297,0.5796007757135067,0.3294901333774025,0.7272727272727273,0.2727272727272727,0.7272727272727273,0.2727272727272727,8,3,8,3,11,8,11,8,0.4122839570045471,0.05,,,,,,,,,,,0.3696727802476026,0.6836420328937901
1513,train-load-0.9-scenario-728-retry-1,0.9,0.9714285714285714,0.9714285714285714,0.4857142857142857,2.3736637793561504,-0.7120635661586758,0.5302453843404941,0.45454545454545453,0.5454545454545454,0.45454545454545453,0.5454545454545454,5,6,5,6,11,7,11,5,0.34778645634651184,0.05,,,,,,,,,,,0.3696727802476026,0.6836420328937901
1514,train-load-0.8-scenario-339-retry-2,0.8,0.9,0.9,0.75,12.142739582099994,0.5826207787780402,0.4173792212219599,0.75,0.25,0.75,0.25,9,3,9,3,12,4,12,9,0.5265979170799255,0.05,,,,,,,,,,,0.3696727802476026,0.6836420328937901
1515,train-load-1.0-scenario-628,1.0,0.9462443333333335,0.7462284722222221,0.9462443333333335,12.646403067025211,0.5268492908890952,0.5500737860339818,0.7692307692307693,0.23076923076923078,0.7857142857142857,0.21428571428571427,10,3,11,3,14,6,13,10,0.5246467590332031,0.05,,,,,,,,,,,0.3696727802476026,0.6836420328937901
1516,train-load-1.0-scenario-567,1.0,0.886627,0.49743583333333335,0.886627,9.220178430281818,0.7938450442344201,0.6347263843370085,0.8571428571428571,0.14285714285714285,0.7777777777777778,0.2222222222222222,6,1,7,2,9,5,7,6,0.3882995843887329,0.05,,,,,,,,,,,0.3696727802476026,0.6836420328937901
1517,train-load-0.5-scenario-550-retry-2,0.5,0.42857142857142855,0.08571428571428572,0.42857142857142855,18.125547895722693,1.193487607280867,0.8065123927191331,1.0,0.0,1.0,0.0,12,0,12,0,12,7,12,12,0.3531925082206726,0.05,,,,,,,,,,,0.3696727802476026,0.6836420328937901
1518,train-load-0.5-scenario-284,0.5,0.5714285714285714,0.34285714285714286,0.5714285714285714,14.657524349913155,1.479899654248189,0.520100345751811,1.0,0.0,1.0,0.0,8,0,8,0,8,7,8,8,0.43766677379608154,0.05,,,,,,,,,,,0.3696727802476026,0.6836420328937901
1519,train-load-1.0-scenario-239,1.0,1.1,1.1,0.6875,7.4313429009784855,0.03818859319193901,0.5072659522626064,0.6363636363636364,0.36363636363636365,0.6363636363636364,0.36363636363636365,7,4,7,4,11,4,11,7,0.20963604748249054,0.05,,,,,,,,,,,0.3696727802476026,0.6836420328937901
1520,train-load-0.8-scenario-498-retry-1,0.8,0.7714285714285715,0.4142857142857143,0.7714285714285715,3.0286594927352875,-0.42745865941615957,0.2052364371939373,0.4444444444444444,0.5555555555555556,0.4444444444444444,0.5555555555555556,4,5,4,5,9,7,9,4,0.4119231104850769,0.05,,,,,,,,,,,0.3696727802476026,0.6836420328937901
1521,train-load-0.6-scenario-653-retry-1,0.6,0.6666666666666666,0.6666666666666666,0.22857142857142856,9.446506780140485,0.6797573594524766,0.8202426405475234,0.875,0.125,0.875,0.125,7,1,7,1,8,7,8,7,0.2916328012943268,0.05,,,,,,,,,,,0.3696727802476026,0.6836420328937901
1522,train-load-0.8-scenario-547,0.8,0.9166666666666666,0.9166666666666666,0.55,10.748343738735898,0.550470251119016,0.35862065797189324,0.7272727272727273,0.2727272727272727,0.7272727272727273,0.2727272727272727,8,3,8,3,11,8,11,8,0.26277977228164673,0.05,,,,,,,,,,,0.3696727802476026,0.6836420328937901
1523,train-load-0.8-scenario-82,0.8,0.7063832857142857,0.47576964285714285,0.7063832857142857,13.476181399052292,0.9964489647268253,0.6035510352731748,0.9,0.1,0.9090909090909091,0.09090909090909091,9,1,10,1,11,7,10,9,0.3023833632469177,0.05,,,,,,,,,,,0.3696727802476026,0.6836420328937901
1524,train-load-1.0-scenario-31,1.0,0.916066,0.743046,0.916066,12.069884789792509,0.8708488995090081,0.32915110049099183,0.8,0.2,0.75,0.25,8,2,9,3,12,5,10,8,0.4815453588962555,0.05,,,,,,,,,,,0.3696727802476026,0.6836420328937901
1525,train-load-0.9-scenario-691-retry-5,0.9,0.9,0.7,0.9,8.957562563439794,0.40494233280963965,0.3950576671903603,0.7,0.3,0.7,0.3,7,3,7,3,10,5,10,7,0.48439115285873413,0.05,,,,,,,,,,,0.3696727802476026,0.6836420328937901
1526,train-load-0.8-scenario-158-retry-1,0.8,0.8214285714285714,0.35714285714285715,0.8214285714285714,13.38525253061724,0.42842004598242023,0.504913287350913,0.7333333333333333,0.26666666666666666,0.7333333333333333,0.26666666666666666,11,4,11,4,15,7,15,11,0.26499366760253906,0.05,,,,,,,,,,,0.3696727802476026,0.6836420328937901
1527,train-load-0.7-scenario-484-retry-1,0.7,0.7666666666666667,0.7666666666666667,0.6666666666666666,11.58776123411483,1.0207679885300447,0.4792320114699554,0.875,0.125,0.8333333333333334,0.16666666666666666,7,1,10,2,12,6,8,7,0.4320647120475769,0.05,,,,,,,,,,,0.3696727802476026,0.6836420328937901
1528,train-load-0.8-scenario-295-retry-4,0.8,0.9,0.28,0.9,4.326124630769137,-0.25908687748103354,0.48130909970325586,0.5555555555555556,0.4444444444444444,0.5555555555555556,0.4444444444444444,5,4,5,4,9,5,9,5,0.3772107660770416,0.05,,,,,,,,,,,0.3696727802476026,0.6836420328937901
1529,train-load-0.8-scenario-489,0.8,0.7471157142857142,0.7471157142857142,0.6593194285714286,16.818022802657367,0.8866102309414362,0.5419611976299922,0.8571428571428571,0.14285714285714285,0.8571428571428571,0.14285714285714285,12,2,12,2,14,7,14,12,0.31156474351882935,0.05,,,,,,,,,,,0.3696727802476026,0.6836420328937901
1530,train-load-1.0-scenario-381-retry-4,1.0,1.1,0.3,1.1,3.0302836448285575,-0.48150293237695185,0.48150293237695185,0.5,0.5,0.5,0.5,5,5,5,5,10,5,10,5,0.3739768862724304,0.05,,,,,,,,,,,0.3696727802476026,0.6836420328937901
1531,train-load-0.5-scenario-597-retry-1,0.5,0.5714285714285714,0.2857142857142857,0.5714285714285714,11.233852046851002,0.9529895432630489,0.5470104567369511,0.875,0.125,0.875,0.125,7,1,7,1,8,7,8,7,0.34598156809806824,0.05,,,,,,,,,,,0.3696727802476026,0.6836420328937901
1532,train-load-0.9-scenario-47-retry-2,0.9,0.95,0.775,0.95,10.160975000304976,0.40662944242006505,0.5024614666708441,0.7272727272727273,0.2727272727272727,0.7272727272727273,0.2727272727272727,8,3,8,3,11,4,11,8,0.5732529163360596,0.05,,,,,,,,,,,0.3696727802476026,0.6836420328937901
1533,train-load-1.0-scenario-146-retry-1,1.0,1.0,0.8333333333333334,1.0,14.343922867555811,0.6101475937375497,0.32318573959578345,0.7333333333333333,0.26666666666666666,0.7333333333333333,0.26666666666666666,11,4,11,4,15,6,15,11,0.392657995223999,0.05,,,,,,,,,,,0.3696727802476026,0.6836420328937901
1534,train-hard-8gpu-16pod-1vgpu,0.5,0.5,0.3333333333333333,0.5,24.275604192394308,1.3230229702535046,0.6769770297464954,1.0,0.0,1.0,0.0,16,0,16,0,16,8,16,16,0.43033915758132935,0.05,,,,,,,,,,,0.3696727802476026,0.6836420328937901
1535,train-load-0.9-scenario-659,0.9,0.8,0.5333333333333333,0.8,20.992465856078635,1.1697532541766638,0.33024674582333624,0.875,0.125,0.875,0.125,14,2,14,2,16,5,16,14,0.4369004964828491,0.05,,,,,,,,,,,0.3696727802476026,0.6836420328937901
1536,train-load-0.8-scenario-516,0.8,0.706955,0.6876989583333333,0.706955,19.29165571997205,1.0986603491280118,0.6156253651577026,0.9285714285714286,0.07142857142857142,0.8666666666666667,0.13333333333333333,13,1,13,2,15,8,14,13,0.411869078874588,0.05,,,,,,,,,,,0.3696727802476026,0.6836420328937901
1537,train-load-0.5-scenario-190,0.5,0.5333333333333333,0.5333333333333333,0.5333333333333333,14.923536923033515,1.515893167235556,0.484106832764444,1.0,0.0,1.0,0.0,8,0,8,0,8,6,8,8,0.3325347304344177,0.05,,,,,,,,,,,0.3696727802476026,0.6836420328937901
1538,train-load-0.9-scenario-214-retry-1,0.9,1.0,0.875,1.0,10.01488051062582,0.06606504221063458,0.3339349577893653,0.6,0.4,0.6,0.4,9,6,9,6,15,4,15,9,0.4010598659515381,0.05,,,,,,,,,,,0.3696727802476026,0.6836420328937901
1539,train-load-0.5-scenario-724,0.5,0.43502937500000005,0.43502937500000005,0.4306655,9.923048692757376,1.3711658912741918,0.6288341087258082,1.0,0.0,1.0,0.0,5,0,5,0,5,4,5,5,0.20970231294631958,0.05,,,,,,,,,,,0.3696727802476026,0.6836420328937901
1540,train-load-0.5-scenario-183,0.5,0.4538858571428571,0.21769940476190475,0.4538858571428571,10.438514063233647,1.3784856901423985,0.6215143098576015,1.0,0.0,1.0,0.0,5,0,6,0,6,7,5,5,0.38317710161209106,0.05,,,,,,,,,,,0.3696727802476026,0.6836420328937901
1541,train-hard-4gpu-8pod-1vgpu,0.5,0.5,0.3333333333333333,0.5,16.42232909936926,1.8333333333333335,0.16666666666666663,1.0,0.0,1.0,0.0,8,0,8,0,8,4,8,8,0.3776540160179138,0.05,,,,,,,,,,,0.3696727802476026,0.6836420328937901
1542,train-load-0.9-scenario-640-retry-2,0.9,1.0,0.6571428571428571,1.0,2.1768450120873184,-0.7872610594532524,0.6054428776350707,0.45454545454545453,0.5454545454545454,0.45454545454545453,0.5454545454545454,5,6,5,6,11,7,11,5,0.6242509484291077,0.05,,,,,,,,,,,0.3696727802476026,0.6836420328937901
1543,train-load-0.7-scenario-745-retry-2,0.7,0.775,0.3333333333333333,0.775,10.033411704915075,0.6577982788868246,0.4533128322242865,0.7777777777777778,0.2222222222222222,0.6666666666666666,0.3333333333333333,7,2,8,4,12,8,9,7,0.5064001083374023,0.05,,,,,,,,,,,0.3696727802476026,0.6836420328937901
1544,train-load-1.0-scenario-319,1.0,1.1,0.9166666666666666,1.1,12.98594629597379,-0.13958755335584727,0.5032239169922109,0.5909090909090909,0.4090909090909091,0.5909090909090909,0.4090909090909091,13,9,13,9,22,8,22,13,0.33512425422668457,0.05,,,,,,,,,,,0.3696727802476026,0.6836420328937901
1545,train-load-0.6-scenario-386,0.6,0.585329,0.51200171875,0.585329,16.452897049539004,1.3350314965763317,0.6649685034236683,1.0,0.0,1.0,0.0,10,0,12,0,12,8,10,10,0.4651578664779663,0.05,,,,,,,,,,,0.3696727802476026,0.6836420328937901
1546,train-load-1.0-scenario-203,1.0,0.9182547142857143,0.6355775,0.9182547142857143,14.154007336469673,0.7873633939239955,0.5459699394093381,0.8333333333333334,0.16666666666666666,0.7333333333333333,0.26666666666666666,10,2,11,4,15,7,12,10,0.3566020131111145,0.05,,,,,,,,,,,0.3696727802476026,0.6836420328937901
1547,train-load-0.9-scenario-342,0.9,0.98,0.32,0.98,12.662193287195791,0.9323479134393005,0.6676520865606996,0.9,0.1,0.9,0.1,9,1,9,1,10,5,10,9,0.4709368944168091,0.05,,,,,,,,,,,0.3696727802476026,0.6836420328937901
1548,train-load-1.0-scenario-245-retry-1,1.0,1.0714285714285714,0.9047619047619048,1.0714285714285714,8.417737440046464,0.26428255742991713,0.5357174425700828,0.7,0.3,0.5714285714285714,0.42857142857142855,7,3,8,6,14,7,10,7,0.2896125912666321,0.05,,,,,,,,,,,0.3696727802476026,0.6836420328937901
1549,train-load-0.5-scenario-383-retry-3,0.5,0.6,0.13333333333333333,0.6,13.602600126693023,1.3180224863104129,0.6819775136895873,1.0,0.0,1.0,0.0,8,0,8,0,8,5,8,8,0.3804921805858612,0.05,,,,,,,,,,,0.3696727802476026,0.6836420328937901
1550,train-load-0.8-scenario-473,0.8,0.7600022,0.373071,0.7600022,10.149070765245462,0.9465785111713302,0.4819929174000982,0.8571428571428571,0.14285714285714285,0.8571428571428571,0.14285714285714285,6,1,6,1,7,5,7,6,0.3478158116340637,0.05,,,,,,,,,,,0.3696727802476026,0.6836420328937901
1551,train-load-0.5-scenario-271,0.5,0.4792613333333334,0.2566983333333333,0.4792613333333334,9.014719058684742,1.3443897837377317,0.6556102162622683,1.0,0.0,1.0,0.0,4,0,6,0,6,6,4,4,0.43783634901046753,0.05,,,,,,,,,,,0.3696727802476026,0.6836420328937901
1552,train-load-0.9-scenario-44,0.9,0.9,0.44166666666666665,0.9,9.198161792813732,0.5090822194949279,0.6020288916161832,0.7777777777777778,0.2222222222222222,0.6923076923076923,0.3076923076923077,7,2,9,4,13,5,9,7,0.4050508141517639,0.05,,,,,,,,,,,0.3696727802476026,0.6836420328937901
1553,train-load-0.8-scenario-643-retry-2,0.8,0.9142857142857143,0.22857142857142856,0.9142857142857143,11.25184331219018,0.059863481944938624,0.6901365180550614,0.6875,0.3125,0.6875,0.3125,11,5,11,5,16,7,16,11,0.21068322658538818,0.05,,,,,,,,,,,0.3696727802476026,0.6836420328937901
1554,train-load-1.0-scenario-682,1.0,0.8882249999999999,0.45349625,0.8882249999999999,9.068647813756733,0.4717125169142592,0.639398594196852,0.7777777777777778,0.2222222222222222,0.7777777777777778,0.2222222222222222,7,2,7,2,9,5,9,7,0.5575046539306641,0.05,,,,,,,,,,,0.3696727802476026,0.6836420328937901
1555,train-load-0.6-scenario-160-retry-1,0.6,0.52,0.21666666666666667,0.52,21.72345362856194,1.5214270643778753,0.47857293562212466,1.0,0.0,1.0,0.0,13,0,13,0,13,5,13,13,0.14859053492546082,0.05,,,,,,,,,,,0.3696727802476026,0.6836420328937901
1556,train-load-0.9-scenario-13-retry-5,0.9,1.0,0.4,1.0,1.7612529799829988,-0.5249426036572611,0.5249426036572611,0.5,0.5,0.5,0.5,4,4,4,4,8,4,8,4,0.6895490884780884,0.05,,,,,,,,,,,0.3696727802476026,0.6836420328937901
1557,train-load-0.9-scenario-576-retry-2,0.9,0.9166666666666666,0.9166666666666666,0.55,25.254131743352254,0.988986893153602,0.28374037957367093,0.8181818181818182,0.18181818181818182,0.8181818181818182,0.18181818181818182,18,4,18,4,22,4,22,18,0.20675402879714966,0.05,,,,,,,,,,,0.3696727802476026,0.6836420328937901
1558,train-load-0.5-scenario-187-retry-1,0.5,0.55,0.275,0.55,19.64717364992839,1.6322342796130067,0.36776572038699334,1.0,0.0,1.0,0.0,11,0,11,0,11,4,11,11,0.22003622353076935,0.05,,,,,,,,,,,0.3696727802476026,0.6836420328937901
1559,train-load-0.8-scenario-452-retry-4,0.8,0.9,0.9,0.36,4.175953804988925,-0.19485170966141174,0.417073931883634,0.5555555555555556,0.4444444444444444,0.5555555555555556,0.4444444444444444,5,4,5,4,9,5,9,5,0.639177680015564,0.05,,,,,,,,,,,0.3696727802476026,0.6836420328937901
1560,train-load-0.8-scenario-747,0.8,0.8888888888888888,0.8888888888888888,0.3333333333333333,1.3189910408899077,-0.6795873820643217,0.6795873820643217,0.5,0.5,0.5,0.5,4,4,4,4,8,6,8,4,0.6238535046577454,0.05,,,,,,,,,,,0.3696727802476026,0.6836420328937901
1561,train-load-0.9-scenario-623-retry-2,0.9,0.8142857142857143,0.7857142857142857,0.8142857142857143,25.647774724728208,1.5269188479961788,0.23778703435676232,0.9411764705882353,0.058823529411764705,0.9411764705882353,0.058823529411764705,16,1,16,1,17,7,17,16,0.2944166958332062,0.05,,,,,,,,,,,0.3696727802476026,0.6836420328937901
1562,train-load-0.8-scenario-67-retry-2,0.8,0.85,0.7083333333333334,0.85,20.073468242872707,0.9384383632508222,0.3556792838080012,0.8235294117647058,0.17647058823529413,0.8235294117647058,0.17647058823529413,14,3,14,3,17,4,17,14,0.29120972752571106,0.05,,,,,,,,,,,0.3696727802476026,0.6836420328937901
1563,train-load-0.7-scenario-111,0.7,0.8,0.8,0.65,23.34463904895385,1.3796945803169298,0.37030541968307007,0.9375,0.0625,0.9375,0.0625,15,1,15,1,16,8,16,15,0.21474729478359222,0.05,,,,,,,,,,,0.3696727802476026,0.6836420328937901
1564,train-load-0.7-scenario-726,0.7,0.8,0.8,0.32,4.7006042769089555,-0.04699924242048703,0.546999242420487,0.625,0.375,0.625,0.375,5,3,5,3,8,5,8,5,0.5225129723548889,0.05,,,,,,,,,,,0.3696727802476026,0.6836420328937901
1565,train-load-1.0-scenario-712,1.0,0.9502064999999998,0.81129125,0.9502064999999998,12.413787495940706,0.4608829322253023,0.6160401446977747,0.7692307692307693,0.23076923076923078,0.7142857142857143,0.2857142857142857,10,3,10,4,14,6,13,10,0.5561413168907166,0.05,,,,,,,,,,,0.3696727802476026,0.6836420328937901
1566,train-load-0.6-scenario-707,0.6,0.59388375,0.30080052083333336,0.59388375,15.075680914341778,1.3567203484731425,0.6432796515268575,1.0,0.0,1.0,0.0,9,0,9,0,9,8,9,9,0.6278778314590454,0.05,,,,,,,,,,,0.3696727802476026,0.6836420328937901
1567,train-load-0.7-scenario-76-retry-2,0.7,0.5857142857142857,0.25,0.5857142857142857,20.596874111222228,1.3659344778266052,0.6340655221733948,1.0,0.0,1.0,0.0,13,0,13,0,13,7,13,13,0.35333389043807983,0.05,,,,,,,,,,,0.3696727802476026,0.6836420328937901
1568,train-load-0.5-scenario-315,0.5,0.5714285714285714,0.2642857142857143,0.5714285714285714,13.933758182268983,1.1451730088660947,0.8548269911339053,1.0,0.0,1.0,0.0,9,0,9,0,9,7,9,9,0.20031577348709106,0.05,,,,,,,,,,,0.3696727802476026,0.6836420328937901
1569,train-load-0.8-scenario-76-retry-3,0.8,0.7071428571428572,0.6071428571428571,0.7071428571428572,8.09652145041458,0.08995530606441882,0.8191356030264904,0.7272727272727273,0.2727272727272727,0.7272727272727273,0.2727272727272727,8,3,8,3,11,7,11,8,0.37171339988708496,0.05,,,,,,,,,,,0.3696727802476026,0.6836420328937901
1570,train-load-0.8-scenario-190-retry-2,0.8,0.9142857142857143,0.9142857142857143,0.9142857142857143,16.128140812749844,0.7012153401394259,0.298784659860574,0.75,0.25,0.75,0.25,12,4,12,4,16,7,16,12,0.2901473045349121,0.05,,,,,,,,,,,0.3696727802476026,0.6836420328937901
1571,train-load-0.9-scenario-668,0.9,0.80425125,0.39982406249999997,0.80425125,3.408403873893066,-0.06689592017667423,0.7335625868433409,0.6666666666666666,0.3333333333333333,0.6666666666666666,0.3333333333333333,4,2,4,2,6,4,6,4,0.24401763081550598,0.05,,,,,,,,,,,0.3696727802476026,0.6836420328937901
1572,train-load-0.6-scenario-710-retry-1,0.6,0.7125,0.5,0.7125,17.05692085546061,1.1695025910423544,0.49716407562431203,0.9166666666666666,0.08333333333333333,0.9166666666666666,0.08333333333333333,11,1,11,1,12,8,12,11,0.4852648675441742,0.05,,,,,,,,,,,0.3696727802476026,0.6836420328937901
1573,train-load-0.5-scenario-504-retry-5,0.5,0.6142857142857143,0.3333333333333333,0.6142857142857143,10.36535157035591,0.8022580307110243,0.6977419692889757,0.875,0.125,0.875,0.125,7,1,7,1,8,7,8,7,0.3002144992351532,0.05,,,,,,,,,,,0.3696727802476026,0.6836420328937901
1574,train-load-1.0-scenario-247-retry-1,1.0,0.892114,0.740394642857143,0.892114,10.662972727317568,0.43278366267784973,0.8399436100494231,0.8181818181818182,0.18181818181818182,0.7142857142857143,0.2857142857142857,9,2,10,4,14,7,11,9,0.32027173042297363,0.05,,,,,,,,,,,0.3696727802476026,0.6836420328937901
1575,train-load-1.0-scenario-619-retry-25,1.0,0.9375,0.6,0.9375,10.855888689960587,0.8045862992388739,0.30652481187223724,0.7777777777777778,0.2222222222222222,0.7777777777777778,0.2222222222222222,7,2,7,2,9,4,9,7,0.26106512546539307,0.05,,,,,,,,,,,0.3696727802476026,0.6836420328937901
1576,train-load-0.5-scenario-175-retry-4,0.5,0.4,0.2,0.4,23.185342275460457,1.5195710667418,0.4804289332581999,1.0,0.0,1.0,0.0,14,0,14,0,14,7,14,14,0.5550007820129395,0.05,,,,,,,,,,,0.3696727802476026,0.6836420328937901
1577,train-load-0.9-scenario-384,0.9,1.0,1.0,0.9142857142857143,20.29441153634266,0.5496866646241763,0.35940424446673286,0.7272727272727273,0.2727272727272727,0.7272727272727273,0.2727272727272727,16,6,16,6,22,7,22,16,0.3808387517929077,0.05,,,,,,,,,,,0.3696727802476026,0.6836420328937901
1578,train-load-0.6-scenario-603-retry-1,0.6,0.7,0.575,0.7,10.366575306879616,0.43874634125254597,0.4703445678383632,0.7272727272727273,0.2727272727272727,0.7272727272727273,0.2727272727272727,8,3,8,3,11,8,11,8,0.3302280306816101,0.05,,,,,,,,,,,0.3696727802476026,0.6836420328937901
1579,train-load-0.6-scenario-449,0.6,0.7142857142857143,0.30952380952380953,0.7142857142857143,16.05963610183909,0.9148355663387908,0.46977981827659376,0.8461538461538461,0.15384615384615385,0.8461538461538461,0.15384615384615385,11,2,11,2,13,7,13,11,0.22018003463745117,0.05,,,,,,,,,,,0.3696727802476026,0.6836420328937901
1580,train-load-0.9-scenario-581-retry-1,0.9,0.9,0.9,0.5583333333333333,15.522725103972764,1.1478218865279015,0.4885417498357346,0.9090909090909091,0.09090909090909091,0.9090909090909091,0.09090909090909091,10,1,10,1,11,6,11,10,0.48840439319610596,0.05,,,,,,,,,,,0.3696727802476026,0.6836420328937901
1581,train-load-0.5-scenario-380,0.5,0.617866,0.4044052083333333,0.617866,8.157770509448719,1.2358646626331176,0.7641353373668825,1.0,0.0,1.0,0.0,4,0,5,0,5,4,4,4,0.30052703619003296,0.05,,,,,,,,,,,0.3696727802476026,0.6836420328937901
1582,train-load-0.9-scenario-353-retry-5,0.9,0.9428571428571428,0.9428571428571428,0.8571428571428571,11.766379940473138,0.5221154588167609,0.4778845411832391,0.75,0.25,0.6666666666666666,0.3333333333333333,9,3,12,6,18,7,12,9,0.3822028338909149,0.05,,,,,,,,,,,0.3696727802476026,0.6836420328937901
1583,train-load-0.9-scenario-649-retry-2,0.9,0.822262375,0.5833822916666667,0.822262375,17.716344035375492,1.0618249086370652,0.6304827836706273,0.9230769230769231,0.07692307692307693,0.875,0.125,12,1,14,2,16,8,13,12,0.4725353717803955,0.05,,,,,,,,,,,0.3696727802476026,0.6836420328937901
1584,train-load-1.0-scenario-134-retry-4,1.0,0.9142857142857143,0.6571428571428571,0.9142857142857143,9.108290983465107,-0.02850066152175279,0.5999292329503243,0.6428571428571429,0.35714285714285715,0.6428571428571429,0.35714285714285715,9,5,9,5,14,7,14,9,0.526762068271637,0.05,,,,,,,,,,,0.3696727802476026,0.6836420328937901
1585,train-load-0.5-scenario-728,0.5,0.45085812500000005,0.22275208333333332,0.45085812500000005,11.049267094637969,1.3186379660881427,0.6813620339118575,1.0,0.0,1.0,0.0,6,0,7,0,7,8,6,6,0.20899111032485962,0.05,,,,,,,,,,,0.3696727802476026,0.6836420328937901
1586,train-load-0.8-scenario-671,0.8,0.84,0.72,0.84,11.63603957339463,0.9583825322338431,0.5416174677661569,0.875,0.125,0.8,0.2,7,1,8,2,10,5,8,7,0.44949668645858765,0.05,,,,,,,,,,,0.3696727802476026,0.6836420328937901
1587,train-load-0.9-scenario-139,0.9,1.0,1.0,0.7,3.5715918472433232,-0.6048751722856032,0.6048751722856032,0.5,0.5,0.5,0.5,6,6,6,6,12,6,12,6,0.15321767330169678,0.05,,,,,,,,,,,0.3696727802476026,0.6836420328937901
1588,train-load-0.6-scenario-172,0.6,0.6071428571428571,0.6071428571428571,0.5785714285714286,11.545481002318711,0.5510547923525403,0.7216724803747325,0.8181818181818182,0.18181818181818182,0.8181818181818182,0.18181818181818182,9,2,9,2,11,7,11,9,0.33249571919441223,0.05,,,,,,,,,,,0.3696727802476026,0.6836420328937901
1589,train-load-1.0-scenario-601-retry-1,1.0,1.0625,0.375,1.0625,10.9701045778768,0.0793821837888099,0.8539511495445233,0.7333333333333333,0.26666666666666666,0.7333333333333333,0.26666666666666666,11,4,11,4,15,8,15,11,0.3896602392196655,0.05,,,,,,,,,,,0.3696727802476026,0.6836420328937901
1590,train-load-0.9-scenario-493,0.9,0.8001038,0.520625,0.8001038,8.155261009718398,0.4926933040123065,0.5073066959876935,0.75,0.25,0.7777777777777778,0.2222222222222222,6,2,7,2,9,5,8,6,0.3899596929550171,0.05,,,,,,,,,,,0.3696727802476026,0.6836420328937901
1591,train-load-0.9-scenario-204,0.9,0.8084646875000001,0.8084646875000001,0.611824,11.016252970360602,0.9364528856766321,0.563547114323368,0.875,0.125,0.7777777777777778,0.2222222222222222,7,1,7,2,9,4,8,7,0.26198524236679077,0.05,,,,,,,,,,,0.3696727802476026,0.6836420328937901
1592,train-load-0.5-scenario-668,0.5,0.4332665,0.3178154166666667,0.4332665,10.419212830534764,1.4053320291070688,0.5946679708929312,1.0,0.0,1.0,0.0,5,0,6,0,6,6,5,5,0.28749358654022217,0.05,,,,,,,,,,,0.3696727802476026,0.6836420328937901
1593,train-load-0.8-scenario-374,0.8,0.7494730000000001,0.3395460416666667,0.7494730000000001,5.173204462590066,0.478990210868914,0.721009789131086,0.8,0.2,0.75,0.25,4,1,6,2,8,6,5,4,0.36153072118759155,0.05,,,,,,,,,,,0.3696727802476026,0.6836420328937901
1594,train-load-0.7-scenario-183,0.7,0.610038,0.4496432142857143,0.610038,10.992799492340671,0.8853441889193463,0.6146558110806537,0.875,0.125,0.8,0.2,7,1,8,2,10,7,8,7,0.2707015872001648,0.05,,,,,,,,,,,0.3696727802476026,0.6836420328937901
1595,train-load-0.8-scenario-230-retry-3,0.8,0.9,0.75,0.9,7.995796209004326,0.37297381543755115,0.29369285122911537,0.6666666666666666,0.3333333333333333,0.6666666666666666,0.3333333333333333,6,3,6,3,9,6,9,6,0.24960525333881378,0.05,,,,,,,,,,,0.3696727802476026,0.6836420328937901
1596,train-load-0.6-scenario-507,0.6,0.5134112857142857,0.3727232142857143,0.5134112857142857,15.4213542676496,1.3873662656103551,0.612633734389645,1.0,0.0,1.0,0.0,9,0,9,0,9,7,9,9,0.38615313172340393,0.05,,,,,,,,,,,0.3696727802476026,0.6836420328937901
1597,train-load-0.7-scenario-545,0.7,0.7427214999999999,0.4299975,0.7427214999999999,6.151622415828102,0.6047752722371676,0.5952247277628324,0.8,0.2,0.8333333333333334,0.16666666666666666,4,1,5,1,6,4,5,4,0.3790976107120514,0.05,,,,,,,,,,,0.3696727802476026,0.6836420328937901
1598,train-load-0.6-scenario-489,0.6,0.72,0.54,0.72,7.145136696346501,0.21753745036371497,0.44912921630295166,0.6666666666666666,0.3333333333333333,0.6666666666666666,0.3333333333333333,6,3,6,3,9,5,9,6,0.10971131175756454,0.05,,,,,,,,,,,0.3696727802476026,0.6836420328937901
1599,train-load-0.5-scenario-697,0.5,0.4514728571428572,0.44720607142857144,0.4514728571428572,12.904284973400525,1.181040037552508,0.8189599624474918,1.0,0.0,1.0,0.0,8,0,8,0,8,7,8,8,0.5526619553565979,0.05,,,,,,,,,,,0.3696727802476026,0.6836420328937901
1600,train-load-0.5-scenario-155,0.5,0.431911,0.2159708333333333,0.431911,8.088473545700092,1.223122247779814,0.776877752220186,1.0,0.0,1.0,0.0,4,0,5,0,5,7,4,4,0.21984222531318665,0.05,0.3824546613497479,0.528355205252484,0.727702466650558,0.272297533349442,0.713749693035239,0.286250306964761,0.6851281334293352,0.7100353481866228,0.2810874150102321,0.729401753128234,0.3824546613497479,0.6851281334293352
1601,train-hard-4gpu-4pod-1vgpu,0.25,0.25,0.16666666666666666,0.25,11.544497883017963,1.9166666666666665,0.08333333333333337,1.0,0.0,1.0,0.0,4,0,4,0,4,4,4,4,0.3506251573562622,0.05,,,,,,,,,,,0.3824546613497479,0.6851281334293352
1602,train-load-1.0-scenario-689-retry-1,1.0,0.9,0.75,0.9,10.09875659142823,0.3359447389515212,0.3307219277151453,0.6666666666666666,0.3333333333333333,0.6666666666666666,0.3333333333333333,8,4,8,4,12,8,12,8,0.2923622727394104,0.05,,,,,,,,,,,0.3824546613497479,0.6851281334293352
1603,train-load-0.9-scenario-397,0.9,0.793896,0.4646525,0.793896,3.185358402984841,0.21660346905027417,0.7833965309497258,0.75,0.25,0.6666666666666666,0.3333333333333333,3,1,4,2,6,4,4,3,0.6964261531829834,0.05,,,,,,,,,,,0.3824546613497479,0.6851281334293352
1604,train-load-0.8-scenario-15-retry-2,0.8,0.7714285714285715,0.37857142857142856,0.7714285714285715,6.939152858217329,-0.023052108019989692,0.5685066534745351,0.6363636363636364,0.36363636363636365,0.6363636363636364,0.36363636363636365,7,4,7,4,11,7,11,7,0.5969690084457397,0.05,,,,,,,,,,,0.3824546613497479,0.6851281334293352
1605,train-load-1.0-scenario-705-retry-12,1.0,1.08,0.66,1.08,10.909686682835863,-0.23986558963718008,0.63986558963718,0.6,0.4,0.6,0.4,12,8,12,8,20,5,20,12,0.40509122610092163,0.05,,,,,,,,,,,0.3824546613497479,0.6851281334293352
1606,train-load-0.9-scenario-103,0.9,0.8336075,0.46522916666666664,0.8336075,7.161230630036846,0.0038460324973077498,0.9052448765936014,0.7272727272727273,0.2727272727272727,0.7272727272727273,0.2727272727272727,8,3,8,3,11,6,11,8,0.4238312244415283,0.05,,,,,,,,,,,0.3824546613497479,0.6851281334293352
1607,train-load-0.9-scenario-718-retry-1,0.9,0.7834711999999999,0.62442,0.7834711999999999,3.3057880992406243,-0.4062988562098766,0.6285210784320989,0.5555555555555556,0.4444444444444444,0.5555555555555556,0.4444444444444444,5,4,5,4,9,5,9,5,0.4254993200302124,0.05,,,,,,,,,,,0.3824546613497479,0.6851281334293352
1608,train-load-0.9-scenario-590-retry-2,0.9,1.0,0.3,1.0,4.216214580897917,-0.6603099088573126,0.6603099088573126,0.5,0.5,0.5,0.5,7,7,7,7,14,7,14,7,0.41146302223205566,0.05,,,,,,,,,,,0.3824546613497479,0.6851281334293352
1609,train-load-1.0-scenario-715,1.0,0.9178713333333334,0.5457006944444445,0.9178713333333334,9.89515121650167,0.5228324186387223,0.6771675813612777,0.8,0.2,0.6666666666666666,0.3333333333333333,8,2,8,4,12,6,10,8,0.3713570237159729,0.05,,,,,,,,,,,0.3824546613497479,0.6851281334293352
1610,train-load-0.7-scenario-554,0.7,0.7157825,0.6571190625,0.7157825,5.537581934103433,0.5274799700248677,0.6725200299751324,0.8,0.2,0.7142857142857143,0.2857142857142857,4,1,5,2,7,4,5,4,0.29232633113861084,0.05,,,,,,,,,,,0.3824546613497479,0.6851281334293352
1611,train-load-1.0-scenario-709,1.0,0.9633533333333333,0.7817774305555556,0.9633533333333333,16.765715783320303,1.0614575715403916,0.32315781307499314,0.8461538461538461,0.15384615384615385,0.8,0.2,11,2,12,3,15,6,13,11,0.39012426137924194,0.05,,,,,,,,,,,0.3824546613497479,0.6851281334293352
1612,train-load-0.8-scenario-313,0.8,0.8960181666666667,0.5325354166666666,0.8960181666666667,11.033138083486437,0.7717111483390698,0.7838444072164856,0.8888888888888888,0.1111111111111111,0.8181818181818182,0.18181818181818182,8,1,9,2,11,6,9,8,0.3679189682006836,0.05,,,,,,,,,,,0.3824546613497479,0.6851281334293352
1613,train-load-0.7-scenario-47,0.7,0.8,0.44,0.8,8.340717267534007,0.5180940536305423,0.4819059463694578,0.75,0.25,0.75,0.25,6,2,6,2,8,5,8,6,0.40550562739372253,0.05,,,,,,,,,,,0.3824546613497479,0.6851281334293352
1614,train-load-0.9-scenario-433-retry-1,0.9,0.790944,0.5973854166666667,0.790944,12.443793359903475,0.8269299927065188,0.7730700072934814,0.9,0.1,0.8181818181818182,0.18181818181818182,9,1,9,2,11,6,10,9,0.1699264496564865,0.05,,,,,,,,,,,0.3824546613497479,0.6851281334293352
1615,train-load-0.9-scenario-746,0.9,0.9375,0.14375,0.9375,5.963809788192108,0.21416758595262853,0.7858324140473715,0.75,0.25,0.75,0.25,6,2,6,2,8,4,8,6,0.41709378361701965,0.05,,,,,,,,,,,0.3824546613497479,0.6851281334293352
1616,train-load-0.6-scenario-357-retry-1,0.6,0.7,0.20833333333333334,0.7,15.17713217516951,1.3658885142981818,0.6341114857018182,1.0,0.0,1.0,0.0,9,0,9,0,9,6,9,9,0.26968252658843994,0.05,,,,,,,,,,,0.3824546613497479,0.6851281334293352
1617,train-load-0.8-scenario-358-retry-3,0.8,0.9166666666666666,0.18333333333333332,0.9166666666666666,3.769354166039983,-0.4699474701095786,0.6517656519277604,0.5454545454545454,0.45454545454545453,0.5454545454545454,0.45454545454545453,6,5,6,5,11,6,11,6,0.32614031434059143,0.05,,,,,,,,,,,0.3824546613497479,0.6851281334293352
1618,train-load-0.6-scenario-46,0.6,0.5116925714285714,0.31981309523809526,0.5116925714285714,11.018587895687501,1.2812599162202174,0.7187400837797825,1.0,0.0,1.0,0.0,6,0,7,0,7,7,6,6,0.7236552238464355,0.05,,,,,,,,,,,0.3824546613497479,0.6851281334293352
1619,train-load-0.7-scenario-143,0.7,0.63404275,0.39019812500000006,0.63404275,10.240052583650435,1.3637816143075843,0.6362183856924157,1.0,0.0,1.0,0.0,5,0,6,0,6,4,5,5,0.7002243995666504,0.05,,,,,,,,,,,0.3824546613497479,0.6851281334293352
1620,train-load-0.7-scenario-471,0.7,0.61263875,0.542121875,0.61263875,7.279528931393797,0.5959280358818437,0.7374052974514897,0.8333333333333334,0.16666666666666666,0.7142857142857143,0.2857142857142857,5,1,5,2,7,4,6,5,0.6900267601013184,0.05,,,,,,,,,,,0.3824546613497479,0.6851281334293352
1621,train-load-0.7-scenario-135,0.7,0.628290625,0.628290625,0.6257674999999999,8.374978310307037,0.6565699491798687,0.7720014793915598,0.8571428571428571,0.14285714285714285,0.8571428571428571,0.14285714285714285,6,1,6,1,7,4,7,6,0.27924180030822754,0.05,,,,,,,,,,,0.3824546613497479,0.6851281334293352
1622,train-load-0.9-scenario-391-retry-2,0.9,0.875,0.425,0.875,11.842600968128565,1.0608517312185444,0.4391482687814555,0.875,0.125,0.8,0.2,7,1,8,2,10,4,8,7,0.5713480710983276,0.05,,,,,,,,,,,0.3824546613497479,0.6851281334293352
1623,train-load-0.8-scenario-424,0.8,0.7,0.7,0.46875,20.812531780931565,1.6235431062205339,0.3764568937794661,1.0,0.0,1.0,0.0,12,0,12,0,12,8,12,12,0.4229358732700348,0.05,,,,,,,,,,,0.3824546613497479,0.6851281334293352
1624,train-load-0.5-scenario-157,0.5,0.48755871428571423,0.325052380952381,0.48755871428571423,12.05527930985279,1.2555667354285027,0.7444332645714973,1.0,0.0,1.0,0.0,7,0,7,0,7,7,7,7,0.5670814514160156,0.05,,,,,,,,,,,0.3824546613497479,0.6851281334293352
1625,train-load-0.8-scenario-48-retry-1,0.8,0.86,0.86,0.22,7.019489762767151,0.2981645576870444,0.7018354423129556,0.75,0.25,0.7777777777777778,0.2222222222222222,6,2,7,2,9,5,8,6,0.2714795470237732,0.05,,,,,,,,,,,0.3824546613497479,0.6851281334293352
1626,train-load-0.6-scenario-709-retry-5,0.6,0.6,0.2,0.6,13.797788008926727,1.3738471715199507,0.6261528284800492,1.0,0.0,1.0,0.0,8,0,8,0,8,8,8,8,0.276661217212677,0.05,,,,,,,,,,,0.3824546613497479,0.6851281334293352
1627,train-load-0.9-scenario-33,0.9,0.89294,0.4037295,0.89294,6.779081492218037,0.2755888545073226,0.7244111454926774,0.75,0.25,0.75,0.25,6,2,6,2,8,5,8,6,0.46774983406066895,0.05,,,,,,,,,,,0.3824546613497479,0.6851281334293352
1628,train-load-0.7-scenario-386-retry-3,0.7,0.8,0.4666666666666667,0.8,5.924808496523505,0.17082551865392093,0.3291744813460791,0.625,0.375,0.625,0.375,5,3,5,3,8,5,8,5,0.3842885494232178,0.05,,,,,,,,,,,0.3824546613497479,0.6851281334293352
1629,train-load-0.6-scenario-452,0.6,0.514709625,0.20259010416666667,0.514709625,11.9696682014145,1.2366192603667305,0.7633807396332695,1.0,0.0,1.0,0.0,7,0,7,0,7,8,7,7,0.36241334676742554,0.05,,,,,,,,,,,0.3824546613497479,0.6851281334293352
1630,train-load-0.9-scenario-311,0.9,0.8235760000000001,0.6406369791666667,0.8235760000000001,18.57327513706905,0.9697842037023887,0.49688246296427807,0.8666666666666667,0.13333333333333333,0.8125,0.1875,13,2,13,3,16,8,15,13,0.18515418469905853,0.05,,,,,,,,,,,0.3824546613497479,0.6851281334293352
1631,train-load-0.9-scenario-626,0.9,0.798099,0.5051035714285714,0.798099,16.088418116204586,1.1574616453430384,0.47890199102059794,0.9090909090909091,0.09090909090909091,0.9166666666666666,0.08333333333333333,10,1,11,1,12,7,11,10,0.3074537515640259,0.05,,,,,,,,,,,0.3824546613497479,0.6851281334293352
1632,train-load-0.9-scenario-19,0.9,0.7817938750000001,0.58744859375,0.7817938750000001,13.890198361735994,0.48502814665307664,0.6578289962040662,0.7857142857142857,0.21428571428571427,0.7333333333333333,0.26666666666666666,11,3,11,4,15,8,14,11,0.5124393701553345,0.05,,,,,,,,,,,0.3824546613497479,0.6851281334293352
1633,train-load-0.7-scenario-197-retry-3,0.7,0.8,0.8,0.65,9.183782701756856,0.16969284412603125,0.4969738225406354,0.6666666666666666,0.3333333333333333,0.6666666666666666,0.3333333333333333,8,4,8,4,12,6,12,8,0.3916568458080292,0.05,,,,,,,,,,,0.3824546613497479,0.6851281334293352
1634,train-load-1.0-scenario-221,1.0,0.889260625,0.49730052083333337,0.889260625,15.009733506538966,1.04662731845891,0.5897363179047261,0.9090909090909091,0.09090909090909091,0.8461538461538461,0.15384615384615385,10,1,11,2,13,8,11,10,0.34371015429496765,0.05,,,,,,,,,,,0.3824546613497479,0.6851281334293352
1635,train-load-0.6-scenario-597,0.6,0.5,0.5,0.42857142857142855,20.346696023362725,1.5660228770268645,0.43397712297313557,1.0,0.0,1.0,0.0,12,0,12,0,12,7,12,12,0.47018030285835266,0.05,,,,,,,,,,,0.3824546613497479,0.6851281334293352
1636,train-load-0.8-scenario-484,0.8,0.69276475,0.38725578125,0.69276475,17.680700471492422,1.3275422693728525,0.6724577306271475,1.0,0.0,1.0,0.0,11,0,11,0,11,8,11,11,0.22910943627357483,0.05,,,,,,,,,,,0.3824546613497479,0.6851281334293352
1637,train-load-0.8-scenario-404,0.8,0.8916666666666667,0.8833333333333333,0.8916666666666667,12.90843856093558,0.28216111163092317,0.46783888836907683,0.6875,0.3125,0.6875,0.3125,11,5,11,5,16,6,16,11,0.3448312282562256,0.05,,,,,,,,,,,0.3824546613497479,0.6851281334293352
1638,train-load-0.5-scenario-574,0.5,0.435006,0.4132098958333333,0.435006,14.78168287820641,1.3104793956010476,0.6895206043989524,1.0,0.0,1.0,0.0,9,0,9,0,9,8,9,9,0.2481950968503952,0.05,,,,,,,,,,,0.3824546613497479,0.6851281334293352
1639,train-hard-8gpu-16pod-1vgpu,0.5,0.5,0.3333333333333333,0.5,25.037260794548725,1.4724894150898171,0.5275105849101828,1.0,0.0,1.0,0.0,16,0,16,0,16,8,16,16,0.17843683063983917,0.05,,,,,,,,,,,0.3824546613497479,0.6851281334293352
1640,train-load-0.7-scenario-243-retry-1,0.7,0.8,0.6,0.8,12.192136988320208,0.5914502098569199,0.40854979014308,0.75,0.25,0.75,0.25,9,3,9,3,12,6,12,9,0.3207555413246155,0.05,,,,,,,,,,,0.3824546613497479,0.6851281334293352
1641,train-load-0.5-scenario-95,0.5,0.5833333333333334,0.5833333333333334,0.5833333333333334,12.750542054012463,0.8313049994514898,0.7686950005485103,0.9,0.1,0.9,0.1,9,1,9,1,10,6,10,9,0.21566087007522583,0.05,,,,,,,,,,,0.3824546613497479,0.6851281334293352
1642,train-load-0.8-scenario-240,0.8,0.7570346,0.5422533333333334,0.7570346,14.56367838824217,1.511878039996483,0.48812196000351693,1.0,0.0,1.0,0.0,8,0,9,0,9,5,8,8,0.35826942324638367,0.05,,,,,,,,,,,0.3824546613497479,0.6851281334293352
1643,train-load-0.8-scenario-417,0.8,0.92,0.8,0.92,14.60709922765076,1.0457557761932823,0.22697149653399035,0.8181818181818182,0.18181818181818182,0.75,0.25,9,2,9,3,12,5,11,9,0.25842759013175964,0.05,,,,,,,,,,,0.3824546613497479,0.6851281334293352
1644,train-load-0.9-scenario-363-retry-1,0.9,0.84104675,0.771753125,0.84104675,12.553853181814336,1.178396830700513,0.32160316929948696,0.875,0.125,0.8888888888888888,0.1111111111111111,7,1,8,1,9,4,8,7,0.4474911093711853,0.05,,,,,,,,,,,0.3824546613497479,0.6851281334293352
1645,train-load-1.0-scenario-230-retry-3,1.0,1.10167475,0.9495583333333334,1.10167475,9.701115941520234,0.5945524909439235,0.5165586201671877,0.7777777777777778,0.2222222222222222,0.6363636363636364,0.36363636363636365,7,2,7,4,11,4,9,7,0.35946428775787354,0.05,,,,,,,,,,,0.3824546613497479,0.6851281334293352
1646,train-load-1.0-scenario-257,1.0,0.959136125,0.5408177083333333,0.959136125,14.547365966540816,0.7140191409261543,0.6705962436892303,0.8461538461538461,0.15384615384615385,0.7333333333333333,0.26666666666666666,11,2,11,4,15,8,13,11,0.44442713260650635,0.05,,,,,,,,,,,0.3824546613497479,0.6851281334293352
1647,train-load-0.8-scenario-745,0.8,0.696920125,0.48294578125000004,0.696920125,16.209996450978295,1.0138446335627642,0.6528220331039023,0.9166666666666666,0.08333333333333333,0.8461538461538461,0.15384615384615385,11,1,11,2,13,8,12,11,0.3696095943450928,0.05,,,,,,,,,,,0.3824546613497479,0.6851281334293352
1648,train-load-0.9-scenario-584,0.9,0.7933694285714286,0.6082818452380953,0.7933694285714286,15.28947001389478,0.9211421713355837,0.7455244953310829,0.9166666666666666,0.08333333333333333,0.8461538461538461,0.15384615384615385,11,1,11,2,13,7,12,11,0.40523695945739746,0.05,,,,,,,,,,,0.3824546613497479,0.6851281334293352
1649,train-load-0.6-scenario-331,0.6,0.5489805,0.381015625,0.5489805,14.859331730476715,1.485918773261988,0.5140812267380119,1.0,0.0,1.0,0.0,8,0,8,0,8,6,8,8,0.18626335263252258,0.05,,,,,,,,,,,0.3824546613497479,0.6851281334293352
1650,train-load-0.8-scenario-332-retry-2,0.8,0.9166666666666666,0.6111111111111112,0.9166666666666666,5.473042837673795,-0.24514064767933996,0.42695882949752173,0.5454545454545454,0.45454545454545453,0.5454545454545454,0.45454545454545453,6,5,6,5,11,6,11,6,0.21714749932289124,0.05,,,,,,,,,,,0.3824546613497479,0.6851281334293352
1651,train-load-0.8-scenario-580-retry-1,0.8,0.9,0.9,0.36,3.97010032468894,-0.26225844930505193,0.48448067152727425,0.5555555555555556,0.4444444444444444,0.5555555555555556,0.4444444444444444,5,4,5,4,9,5,9,5,0.4539720416069031,0.05,,,,,,,,,,,0.3824546613497479,0.6851281334293352
1652,train-load-0.8-scenario-504,0.8,0.7186886666666666,0.5905012500000001,0.7186886666666666,15.433497940492384,1.1158681213994888,0.5204955149641476,0.9090909090909091,0.09090909090909091,0.8333333333333334,0.16666666666666666,10,1,10,2,12,6,11,10,0.2593511939048767,0.05,,,,,,,,,,,0.3824546613497479,0.6851281334293352
1653,train-load-0.7-scenario-106-retry-1,0.7,0.7714285714285715,0.6428571428571429,0.7714285714285715,10.698643247989562,0.7802645336571816,0.3308465774539295,0.7777777777777778,0.2222222222222222,0.7777777777777778,0.2222222222222222,7,2,7,2,9,7,9,7,0.258791446685791,0.05,,,,,,,,,,,0.3824546613497479,0.6851281334293352
1654,train-load-1.0-scenario-2,1.0,0.9076941666666666,0.72275,0.9076941666666666,8.157698019256994,0.25215862217806906,0.5478413778219309,0.7,0.3,0.5384615384615384,0.46153846153846156,7,3,7,6,13,6,10,7,0.2231627106666565,0.05,,,,,,,,,,,0.3824546613497479,0.6851281334293352
1655,train-load-1.0-scenario-510,1.0,0.9882278750000001,0.7438771875,0.9882278750000001,13.525510348005566,0.3094847746986492,0.6905152253013508,0.75,0.25,0.6666666666666666,0.3333333333333333,12,4,12,6,18,8,16,12,0.5077568292617798,0.05,,,,,,,,,,,0.3824546613497479,0.6851281334293352
1656,train-load-0.6-scenario-273-retry-1,0.6,0.5639335,0.4272125,0.5639335,9.407868281487335,1.290356177166644,0.7096438228333559,1.0,0.0,1.0,0.0,5,0,5,0,5,4,5,5,0.3704298138618469,0.05,,,,,,,,,,,0.3824546613497479,0.6851281334293352
1657,train-load-0.5-scenario-169-retry-1,0.5,0.42857142857142855,0.14285714285714285,0.42857142857142855,19.726056611000246,1.4416625428380625,0.5583374571619376,1.0,0.0,1.0,0.0,12,0,12,0,12,7,12,12,0.28063106536865234,0.05,,,,,,,,,,,0.3824546613497479,0.6851281334293352
1658,train-load-0.8-scenario-388,0.8,0.7435364285714285,0.6957266071428572,0.7435364285714285,17.203175516245885,1.2156961322788866,0.45097053438777984,0.9166666666666666,0.08333333333333333,0.9230769230769231,0.07692307692307693,11,1,12,1,13,7,12,11,0.40146899223327637,0.05,,,,,,,,,,,0.3824546613497479,0.6851281334293352
1659,train-load-0.8-scenario-297,0.8,0.714329,0.5999433333333334,0.714329,10.321287439414036,0.8122212468542276,0.6877787531457724,0.875,0.125,0.8888888888888888,0.1111111111111111,7,1,8,1,9,5,8,7,0.40102559328079224,0.05,,,,,,,,,,,0.3824546613497479,0.6851281334293352
1660,train-load-0.5-scenario-19,0.5,0.4,0.4,0.2,26.073977763935183,1.5220063709668148,0.4779936290331851,1.0,0.0,1.0,0.0,16,0,16,0,16,8,16,16,0.3330734968185425,0.05,,,,,,,,,,,0.3824546613497479,0.6851281334293352
1661,train-load-0.9-scenario-328-retry-9,0.9,1.0,0.9333333333333333,1.0,3.9217602952570605,-0.29512271488781794,0.5173449371100403,0.5555555555555556,0.4444444444444444,0.5555555555555556,0.4444444444444444,5,4,5,4,9,5,9,5,0.36038559675216675,0.05,,,,,,,,,,,0.3824546613497479,0.6851281334293352
1662,train-load-0.5-scenario-114-retry-2,0.5,0.5714285714285714,0.5714285714285714,0.36428571428571427,13.094382234289998,1.2116762469354776,0.7883237530645224,1.0,0.0,1.0,0.0,8,0,10,0,10,7,8,8,0.34664058685302734,0.05,,,,,,,,,,,0.3824546613497479,0.6851281334293352
1663,train-load-0.9-scenario-202-retry-10,0.9,0.9666666666666667,0.9666666666666667,0.4583333333333333,13.263298385705713,0.4137592260876924,0.7290979167694505,0.7857142857142857,0.21428571428571427,0.7857142857142857,0.21428571428571427,11,3,11,3,14,6,14,11,0.37107157707214355,0.05,,,,,,,,,,,0.3824546613497479,0.6851281334293352
1664,train-load-0.9-scenario-586,0.9,0.798883,0.53608765625,0.798883,14.938503949351562,0.6402218599213733,0.7883495686500552,0.8571428571428571,0.14285714285714285,0.8571428571428571,0.14285714285714285,12,2,12,2,14,8,14,12,0.35998955368995667,0.05,,,,,,,,,,,0.3824546613497479,0.6851281334293352
1665,train-load-1.0-scenario-49-retry-2,1.0,1.0714285714285714,0.21428571428571427,1.0714285714285714,4.2618333218817925,-0.6583117156109828,0.5249783822776495,0.4666666666666667,0.5333333333333333,0.4666666666666667,0.5333333333333333,7,8,7,8,15,7,15,7,0.23580852150917053,0.05,,,,,,,,,,,0.3824546613497479,0.6851281334293352
1666,train-load-0.7-scenario-495,0.7,0.6142857142857143,0.5119047619047619,0.6142857142857143,22.65591100463488,1.693054213575625,0.3069457864243749,1.0,0.0,1.0,0.0,13,0,13,0,13,7,13,13,0.2702421545982361,0.05,,,,,,,,,,,0.3824546613497479,0.6851281334293352
1667,train-load-0.6-scenario-80-retry-2,0.6,0.6875,0.4583333333333333,0.6875,11.069507436372627,0.5703534813180291,0.3387374277728801,0.7272727272727273,0.2727272727272727,0.7272727272727273,0.2727272727272727,8,3,8,3,11,8,11,8,0.20871728658676147,0.05,,,,,,,,,,,0.3824546613497479,0.6851281334293352
1668,train-load-0.5-scenario-191,0.5,0.43709528571428574,0.21843589285714285,0.43709528571428574,10.587938313514016,1.2164025578912747,0.7835974421087253,1.0,0.0,1.0,0.0,6,0,6,0,6,7,6,6,0.17628628015518188,0.05,,,,,,,,,,,0.3824546613497479,0.6851281334293352
1669,train-load-1.0-scenario-342-retry-11,1.0,1.1,0.36666666666666664,1.1,14.416829310452801,-0.010546403634455137,0.5560009490890006,0.6363636363636364,0.36363636363636365,0.6363636363636364,0.36363636363636365,14,8,14,8,22,5,22,14,0.24486322700977325,0.05,,,,,,,,,,,0.3824546613497479,0.6851281334293352
1670,train-load-0.8-scenario-517-retry-1,0.8,0.9,0.8333333333333334,0.9,8.201645946756376,0.5093272033671781,0.4906727966328218,0.75,0.25,0.75,0.25,6,2,6,2,8,4,8,6,0.25031471252441406,0.05,,,,,,,,,,,0.3824546613497479,0.6851281334293352
1671,train-load-0.8-scenario-695,0.8,0.6905256249999999,0.6620125,0.6905256249999999,12.315617578436086,0.28317502309614834,0.8596821197609945,0.7857142857142857,0.21428571428571427,0.7333333333333333,0.26666666666666666,11,3,11,4,15,8,14,11,0.21214284002780914,0.05,,,,,,,,,,,0.3824546613497479,0.6851281334293352
1672,train-load-0.7-scenario-519,0.7,0.6529083333333333,0.6529083333333333,0.6293723333333333,6.582353529722875,0.10109840711875584,0.5655682595479108,0.6666666666666666,0.3333333333333333,0.6,0.4,6,3,6,4,10,6,9,6,0.20570096373558044,0.05,,,,,,,,,,,0.3824546613497479,0.6851281334293352
1673,train-load-0.5-scenario-165,0.5,0.439753375,0.18379322916666666,0.439753375,4.783560825111009,0.47621822961328775,0.5237817703867123,0.75,0.25,0.6666666666666666,0.3333333333333333,3,1,4,2,6,8,4,3,0.319583535194397,0.05,,,,,,,,,,,0.3824546613497479,0.6851281334293352
1674,train-load-0.6-scenario-650,0.6,0.5479001666666666,0.3420434027777778,0.5479001666666666,10.97034931601513,1.490339478212413,0.5096605217875869,1.0,0.0,1.0,0.0,5,0,7,0,7,6,5,5,0.270344078540802,0.05,,,,,,,,,,,0.3824546613497479,0.6851281334293352
1675,train-load-0.7-scenario-398,0.7,0.6766495,0.39722843750000003,0.6766495,6.6948175977584885,1.1800001413875283,0.8199998586124717,1.0,0.0,1.0,0.0,3,0,5,0,5,4,3,3,0.4127614498138428,0.05,,,,,,,,,,,0.3824546613497479,0.6851281334293352
1676,train-load-0.5-scenario-462-retry-1,0.5,0.6,0.45,0.6,16.57160565198973,1.547060349642809,0.45293965035719097,1.0,0.0,1.0,0.0,9,0,9,0,9,5,9,9,0.2445831000804901,0.05,,,,,,,,,,,0.3824546613497479,0.6851281334293352
1677,train-load-0.6-scenario-677,0.6,0.6625,0.35,0.6625,22.48224340683689,1.1783642834162968,0.821635716583703,1.0,0.0,1.0,0.0,16,0,16,0,16,8,16,16,0.25510919094085693,0.05,,,,,,,,,,,0.3824546613497479,0.6851281334293352
1678,train-load-0.5-scenario-498,0.5,0.60625,0.6041666666666666,0.60625,10.762254564066367,0.8138103405858788,0.6861896594141212,0.875,0.125,0.8181818181818182,0.18181818181818182,7,1,9,2,11,8,8,7,0.19488905370235443,0.05,,,,,,,,,,,0.3824546613497479,0.6851281334293352
1679,train-load-0.6-scenario-407,0.6,0.5,0.5,0.25,30.271347855713316,1.395495455698448,0.604504544301552,1.0,0.0,1.0,0.0,20,0,20,0,20,8,20,20,0.24269045889377594,0.05,,,,,,,,,,,0.3824546613497479,0.6851281334293352
1680,train-load-0.6-scenario-190,0.6,0.6008150000000001,0.28488125,0.6008150000000001,11.02847990715421,1.3683313111522004,0.6316686888477996,1.0,0.0,1.0,0.0,6,0,6,0,6,5,6,6,0.38075971603393555,0.05,,,,,,,,,,,0.3824546613497479,0.6851281334293352
1681,train-load-0.6-scenario-81-retry-1,0.6,0.7142857142857143,0.7142857142857143,0.2857142857142857,8.4578718644735,0.32868068961114216,0.4713193103888578,0.7,0.3,0.7,0.3,7,3,7,3,10,7,10,7,0.2763131260871887,0.05,,,,,,,,,,,0.3824546613497479,0.6851281334293352
1682,train-load-0.7-scenario-743-retry-7,0.7,0.6428571428571429,0.5714285714285714,0.6428571428571429,11.912954152712022,0.8978525523848705,0.657703003170685,0.8888888888888888,0.1111111111111111,0.9090909090909091,0.09090909090909091,8,1,10,1,11,7,9,8,0.30871954560279846,0.05,,,,,,,,,,,0.3824546613497479,0.6851281334293352
1683,train-load-0.7-scenario-369,0.7,0.6,0.6,0.6,20.5182868302769,1.583380878534883,0.41661912146511704,1.0,0.0,1.0,0.0,12,0,12,0,12,8,12,12,0.2631714642047882,0.05,,,,,,,,,,,0.3824546613497479,0.6851281334293352
1684,train-load-1.0-scenario-251,1.0,0.9615184999999999,0.7526890625,0.9615184999999999,4.248782728342608,-0.11463375418837118,0.6146337541883712,0.625,0.375,0.5555555555555556,0.4444444444444444,5,3,5,4,9,4,8,5,0.36909711360931396,0.05,,,,,,,,,,,0.3824546613497479,0.6851281334293352
1685,train-hard-4gpu-12pod-small,0.375,0.375,0.25,0.375,22.316746824526945,1.875,0.125,1.0,0.0,1.0,0.0,12,0,12,0,12,4,12,12,0.21659690141677856,0.05,,,,,,,,,,,0.3824546613497479,0.6851281334293352
1686,train-load-0.7-scenario-596,0.7,0.7097522,0.36461875,0.7097522,8.696208809874861,0.7581028149682766,0.6704686136031519,0.8571428571428571,0.14285714285714285,0.8571428571428571,0.14285714285714285,6,1,6,1,7,5,7,6,0.34539684653282166,0.05,,,,,,,,,,,0.3824546613497479,0.6851281334293352
1687,train-load-0.8-scenario-653,0.8,0.6905208333333333,0.6905208333333333,0.6714341428571429,19.31687738839767,1.457129446504638,0.542870553495362,1.0,0.0,1.0,0.0,12,0,13,0,13,7,12,12,0.30879172682762146,0.05,,,,,,,,,,,0.3824546613497479,0.6851281334293352
1688,train-load-0.7-scenario-169-retry-4,0.7,0.75,0.3125,0.75,4.820749753787795,-0.2551769304447177,0.2551769304447177,0.5,0.5,0.5,0.5,5,5,5,5,10,8,10,5,0.3194664716720581,0.05,,,,,,,,,,,0.3824546613497479,0.6851281334293352
1689,train-load-0.9-scenario-154,0.9,0.8377254000000001,0.7042654166666666,0.8377254000000001,15.225110238744742,1.2534805698182085,0.3465194301817915,0.9,0.1,0.8181818181818182,0.18181818181818182,9,1,9,2,11,5,10,9,0.24163466691970825,0.05,,,,,,,,,,,0.3824546613497479,0.6851281334293352
1690,train-load-0.6-scenario-328,0.6,0.65,0.65,0.41875,23.686854008965355,1.4682386646399581,0.5317613353600419,1.0,0.0,1.0,0.0,15,0,15,0,15,8,15,15,0.15111950039863586,0.05,,,,,,,,,,,0.3824546613497479,0.6851281334293352
1691,train-load-0.6-scenario-519,0.6,0.6875,0.6875,0.25,21.963747273134032,1.409910557459769,0.590089442540231,1.0,0.0,1.0,0.0,14,0,14,0,14,8,14,14,0.2546060085296631,0.05,,,,,,,,,,,0.3824546613497479,0.6851281334293352
1692,train-load-0.5-scenario-393-retry-11,0.5,0.5625,0.05625,0.5625,11.657787611943686,0.8971254888276948,0.6584300667278606,0.8888888888888888,0.1111111111111111,0.8888888888888888,0.1111111111111111,8,1,8,1,9,8,9,8,0.3045341372489929,0.05,,,,,,,,,,,0.3824546613497479,0.6851281334293352
1693,train-load-1.0-scenario-425,1.0,0.9,0.9,0.74375,14.172150561973487,0.6783563443858592,0.7062590402295253,0.8461538461538461,0.15384615384615385,0.7777777777777778,0.2222222222222222,11,2,14,4,18,8,13,11,0.1857893168926239,0.05,,,,,,,,,,,0.3824546613497479,0.6851281334293352
1694,train-load-0.5-scenario-304,0.5,0.5185639999999999,0.3289683333333333,0.5185639999999999,8.21010880496728,1.2370419053267998,0.7629580946732003,1.0,0.0,1.0,0.0,4,0,5,0,5,5,4,4,0.06524072587490082,0.05,,,,,,,,,,,0.3824546613497479,0.6851281334293352
1695,train-load-0.7-scenario-247,0.7,0.71875,0.40625,0.71875,-0.8819992959600125,-1.092523407748298,0.5925234077482979,0.375,0.625,0.375,0.625,3,5,3,5,8,8,8,3,0.2742619514465332,0.05,,,,,,,,,,,0.3824546613497479,0.6851281334293352
1696,train-load-0.5-scenario-197,0.5,0.5626236666666667,0.3727138888888889,0.5626236666666667,11.535884449890542,1.1841525082705373,0.8158474917294627,1.0,0.0,1.0,0.0,7,0,7,0,7,6,7,7,0.45269784331321716,0.05,,,,,,,,,,,0.3824546613497479,0.6851281334293352
1697,train-load-1.0-scenario-81-retry-1,1.0,1.0,0.21428571428571427,1.0,7.96563894191274,-0.09883033944289055,0.5603688009813521,0.6153846153846154,0.38461538461538464,0.6153846153846154,0.38461538461538464,8,5,8,5,13,7,13,8,0.39045363664627075,0.05,,,,,,,,,,,0.3824546613497479,0.6851281334293352
1698,train-load-0.5-scenario-367-retry-4,0.5,0.42857142857142855,0.08928571428571429,0.42857142857142855,22.44961739671013,1.2470360282563582,0.7529639717436418,1.0,0.0,1.0,0.0,15,0,15,0,15,7,15,15,0.3133145570755005,0.05,,,,,,,,,,,0.3824546613497479,0.6851281334293352
1699,train-load-0.8-scenario-273,0.8,0.85,0.6666666666666666,0.85,9.727289377720407,0.731231005292512,0.268768994707488,0.75,0.25,0.75,0.25,6,2,6,2,8,4,8,6,0.1639135479927063,0.05,,,,,,,,,,,0.3824546613497479,0.6851281334293352
1700,train-load-0.8-scenario-88-retry-6,0.8,0.9,0.6,0.9,9.7316022603211,0.28113542402660296,0.38553124264006366,0.6666666666666666,0.3333333333333333,0.6666666666666666,0.3333333333333333,8,4,8,4,12,8,12,8,0.27654191851615906,0.05,0.37900385631140676,0.5236127331348492,0.7256541473615641,0.274345852638436,0.711821044215712,0.2881789557842879,0.6599130564246816,0.6500353816969493,0.3011161750371868,0.7306091030581366,0.3824546613497479,0.6851281334293352
1701,train-load-1.0-scenario-244-retry-4,1.0,0.95,0.95,0.8666666666666667,12.401865195865561,0.4969537706542453,0.5799693062688317,0.7692307692307693,0.23076923076923078,0.7058823529411765,0.29411764705882354,10,3,12,5,17,6,13,10,0.3521026372909546,0.05,,,,,,,,,,,0.3824546613497479,0.6851281334293352
1702,train-load-0.6-scenario-679-retry-2,0.6,0.4857142857142857,0.24285714285714285,0.4857142857142857,27.305722693071417,1.575075434582802,0.42492456541719803,1.0,0.0,1.0,0.0,17,0,17,0,17,7,17,17,0.298303484916687,0.05,,,,,,,,,,,0.3824546613497479,0.6851281334293352
1703,train-load-0.7-scenario-165-retry-1,0.7,0.6,0.6,0.3,23.425403922422657,1.421337293368813,0.5786627066311868,1.0,0.0,1.0,0.0,15,0,15,0,15,5,15,15,0.36109718680381775,0.05,,,,,,,,,,,0.3824546613497479,0.6851281334293352
1704,train-load-0.6-scenario-278,0.6,0.7083333333333334,0.5555555555555556,0.7083333333333334,18.890583135000185,1.5488709911850593,0.45112900881494067,1.0,0.0,1.0,0.0,11,0,11,0,11,6,11,11,0.18411825597286224,0.05,,,,,,,,,,,0.3824546613497479,0.6851281334293352
1705,train-load-0.5-scenario-35,0.5,0.425,0.17708333333333334,0.425,19.714748440599703,1.4343757209659418,0.5656242790340582,1.0,0.0,1.0,0.0,12,0,12,0,12,8,12,12,0.3185068368911743,0.05,,,,,,,,,,,0.3824546613497479,0.6851281334293352
1706,train-load-0.5-scenario-587,0.5,0.4777524,0.257116,0.4777524,8.346479365403455,1.2880695887438427,0.7119304112561574,1.0,0.0,1.0,0.0,4,0,5,0,5,5,4,4,0.2352837771177292,0.05,,,,,,,,,,,0.3824546613497479,0.6851281334293352
1707,train-load-0.6-scenario-347,0.6,0.5894535999999999,0.23031166666666666,0.5894535999999999,8.408961881712777,1.2951935030225643,0.7048064969774357,1.0,0.0,1.0,0.0,4,0,5,0,5,5,4,4,0.34376928210258484,0.05,,,,,,,,,,,0.3824546613497479,0.6851281334293352
1708,train-load-1.0-scenario-451-retry-1,1.0,0.8844762500000001,0.5631447916666666,0.8844762500000001,6.139820027813181,0.4940092539602418,0.8393240793730916,0.8333333333333334,0.16666666666666666,0.7142857142857143,0.2857142857142857,5,1,5,2,7,4,6,5,0.49842748045921326,0.05,,,,,,,,,,,0.3824546613497479,0.6851281334293352
1709,train-load-1.0-scenario-89,1.0,0.97283675,0.755015,0.97283675,12.256518114497723,1.1063439096717298,0.3936560903282703,0.875,0.125,0.8,0.2,7,1,8,2,10,4,8,7,0.5051752328872681,0.05,,,,,,,,,,,0.3824546613497479,0.6851281334293352
1710,train-load-0.9-scenario-99,0.9,0.9260685,0.45284625,0.9260685,4.959956099451594,0.4585822442574764,0.7414177557425237,0.8,0.2,0.7142857142857143,0.2857142857142857,4,1,5,2,7,4,5,4,0.07597021013498306,0.05,,,,,,,,,,,0.3824546613497479,0.6851281334293352
1711,train-load-0.5-scenario-34,0.5,0.4418328333333333,0.34941944444444445,0.4418328333333333,12.4923842465428,1.5322859259447081,0.46771407405529186,1.0,0.0,1.0,0.0,6,0,7,0,7,6,6,6,0.32582736015319824,0.05,,,,,,,,,,,0.3824546613497479,0.6851281334293352
1712,train-load-0.5-scenario-24,0.5,0.44846640000000004,0.3031135,0.44846640000000004,9.269043045690218,1.4328694130274024,0.5671305869725976,1.0,0.0,1.0,0.0,4,0,5,0,5,5,4,4,0.3187274932861328,0.05,,,,,,,,,,,0.3824546613497479,0.6851281334293352
1713,train-load-1.0-scenario-553,1.0,0.96,0.48,0.96,12.257454437858279,0.5524656069485199,0.44753439305148013,0.75,0.25,0.75,0.25,9,3,9,3,12,5,12,9,0.39979487657546997,0.05,,,,,,,,,,,0.3824546613497479,0.6851281334293352
1714,train-load-0.6-scenario-379,0.6,0.5539235714285715,0.4251851190476191,0.5539235714285715,15.637938336129803,1.4146632528345289,0.5853367471654711,1.0,0.0,1.0,0.0,9,0,10,0,10,7,9,9,0.46947574615478516,0.05,,,,,,,,,,,0.3824546613497479,0.6851281334293352
1715,train-load-0.7-scenario-496-retry-1,0.7,0.6857142857142857,0.6857142857142857,0.6857142857142857,14.895952017483086,0.9083478367017881,0.4249854966315455,0.8333333333333334,0.16666666666666666,0.8333333333333334,0.16666666666666666,10,2,10,2,12,7,12,10,0.3624906539916992,0.05,,,,,,,,,,,0.3824546613497479,0.6851281334293352
1716,train-load-0.8-scenario-315-retry-5,0.8,0.9,0.9,0.5625,9.726821594668598,0.6145066885774957,0.4966044225336155,0.7777777777777778,0.2222222222222222,0.7777777777777778,0.2222222222222222,7,2,7,2,9,4,9,7,0.40761804580688477,0.05,,,,,,,,,,,0.3824546613497479,0.6851281334293352
1717,train-load-0.7-scenario-472-retry-1,0.7,0.8,0.6666666666666666,0.8,8.759741289202525,0.5729863994208526,0.4270136005791475,0.75,0.25,0.75,0.25,6,2,6,2,8,6,8,6,0.3682129979133606,0.05,,,,,,,,,,,0.3824546613497479,0.6851281334293352
1718,train-load-0.6-scenario-249,0.6,0.5176737142857143,0.3532664285714286,0.5176737142857143,13.305007739540656,1.2359097457289967,0.7640902542710033,1.0,0.0,1.0,0.0,8,0,8,0,8,7,8,8,0.33685019612312317,0.05,,,,,,,,,,,0.3824546613497479,0.6851281334293352
1719,train-load-0.7-scenario-615,0.7,0.648182,0.36609089285714286,0.648182,16.46920524512187,1.331574847460088,0.6684251525399121,1.0,0.0,1.0,0.0,10,0,10,0,10,7,10,10,0.1896580159664154,0.05,,,,,,,,,,,0.3824546613497479,0.6851281334293352
1720,train-load-0.6-scenario-239,0.6,0.675,0.625,0.675,6.819417957864664,0.013980804605301933,0.786019195394698,0.7,0.3,0.7,0.3,7,3,7,3,10,8,10,7,0.3190028965473175,0.05,,,,,,,,,,,0.3824546613497479,0.6851281334293352
1721,train-load-0.9-scenario-180-retry-2,0.9,0.95,0.475,0.95,16.987263743448697,0.4304702245892108,0.5168981964634207,0.7368421052631579,0.2631578947368421,0.7368421052631579,0.2631578947368421,14,5,14,5,19,4,19,14,0.2470206767320633,0.05,,,,,,,,,,,0.3824546613497479,0.6851281334293352
1722,train-load-0.9-scenario-400,0.9,0.7943768333333333,0.3811083333333334,0.7943768333333333,5.17788626876895,-0.15239526852198304,0.8190619351886497,0.6666666666666666,0.3333333333333333,0.6666666666666666,0.3333333333333333,6,3,6,3,9,6,9,6,0.16845591366291046,0.05,,,,,,,,,,,0.3824546613497479,0.6851281334293352
1723,train-load-0.6-scenario-556,0.6,0.5246503333333333,0.2396270833333333,0.5246503333333333,10.221516030535152,1.3768257402988053,0.6231742597011947,1.0,0.0,1.0,0.0,5,0,6,0,6,6,5,5,0.32588475942611694,0.05,,,,,,,,,,,0.3824546613497479,0.6851281334293352
1724,train-load-1.0-scenario-140,1.0,1.008749,0.648809375,1.008749,11.50463848195809,0.35668695287739116,0.7202361240456858,0.7692307692307693,0.23076923076923078,0.6470588235294118,0.35294117647058826,10,3,11,6,17,8,13,10,0.27337342500686646,0.05,,,,,,,,,,,0.3824546613497479,0.6851281334293352
1725,train-load-0.5-scenario-123,0.5,0.47396999999999995,0.32850450000000003,0.47396999999999995,9.597325666013042,1.465574895053754,0.5344251049462461,1.0,0.0,1.0,0.0,4,0,5,0,5,5,4,4,0.2698923647403717,0.05,,,,,,,,,,,0.3824546613497479,0.6851281334293352
1726,train-load-1.0-scenario-672-retry-4,1.0,1.0,0.05,1.0,3.045178447175435,-0.6402064894574916,0.6402064894574916,0.5,0.5,0.5,0.5,6,6,6,6,12,6,12,6,0.44400903582572937,0.05,,,,,,,,,,,0.3824546613497479,0.6851281334293352
1727,train-load-0.6-scenario-183-retry-3,0.6,0.6666666666666666,0.5555555555555556,0.6666666666666666,16.85714092158112,1.1253359485943972,0.5413307180722692,0.9166666666666666,0.08333333333333333,0.9166666666666666,0.08333333333333333,11,1,11,1,12,6,12,11,0.3088088631629944,0.05,,,,,,,,,,,0.3824546613497479,0.6851281334293352
1728,train-load-0.6-scenario-285,0.6,0.6042716666666667,0.50624875,0.6042716666666667,12.590795705042998,1.354498742227799,0.645501257772201,1.0,0.0,1.0,0.0,7,0,9,0,9,6,7,7,0.37267059087753296,0.05,,,,,,,,,,,0.3824546613497479,0.6851281334293352
1729,train-hard-8gpu-16pod-1vgpu,0.5,0.5,0.3333333333333333,0.5,24.738829974075205,1.4166666666666665,0.5833333333333334,1.0,0.0,1.0,0.0,16,0,16,0,16,8,16,16,0.291686087846756,0.05,,,,,,,,,,,0.3824546613497479,0.6851281334293352
1730,train-load-0.5-scenario-18,0.5,0.42584652777777776,0.42584652777777776,0.40759900000000004,12.409440604833794,1.5041008901670208,0.49589910983297936,1.0,0.0,1.0,0.0,6,0,7,0,7,6,6,6,0.21011823415756226,0.05,,,,,,,,,,,0.3824546613497479,0.6851281334293352
1731,train-load-0.5-scenario-309,0.5,0.4907895,0.40308093749999996,0.4907895,15.88872047100908,1.460069605033715,0.5399303949662849,1.0,0.0,1.0,0.0,9,0,10,0,10,8,9,9,0.3357554078102112,0.05,,,,,,,,,,,0.3824546613497479,0.6851281334293352
1732,train-load-0.9-scenario-92-retry-1,0.9,0.794661,0.5230209375,0.794661,9.636721135148019,0.8883191227268413,0.5402523058445872,0.8571428571428571,0.14285714285714285,0.8571428571428571,0.14285714285714285,6,1,6,1,7,4,7,6,0.1205240786075592,0.05,,,,,,,,,,,0.3824546613497479,0.6851281334293352
1733,train-load-0.5-scenario-139,0.5,0.47466716666666664,0.28752083333333334,0.47466716666666664,9.893170412082815,1.2990423400267939,0.7009576599732062,1.0,0.0,1.0,0.0,5,0,6,0,6,6,5,5,0.5537033677101135,0.05,,,,,,,,,,,0.3824546613497479,0.6851281334293352
1734,train-load-0.5-scenario-473-retry-4,0.5,0.5625,0.45,0.5625,13.600104483989728,1.1752296928434927,0.38032586271206287,0.8888888888888888,0.1111111111111111,0.8888888888888888,0.1111111111111111,8,1,8,1,9,8,9,8,0.3144195079803467,0.05,,,,,,,,,,,0.3824546613497479,0.6851281334293352
1735,train-load-0.6-scenario-541,0.6,0.70289475,0.32148125,0.70289475,3.0255571089653035,0.1114522404056677,0.8885477595943323,0.75,0.25,0.6,0.4,3,1,3,2,5,4,4,3,0.2881437838077545,0.05,,,,,,,,,,,0.3824546613497479,0.6851281334293352
1736,train-load-1.0-scenario-588-retry-6,1.0,0.9166666666666666,0.8125,0.9166666666666666,-1.4074063738526,-1.3879307080143404,1.054597374681007,0.4166666666666667,0.5833333333333334,0.4166666666666667,0.5833333333333334,5,7,5,7,12,6,12,5,0.3452158570289612,0.05,,,,,,,,,,,0.3824546613497479,0.6851281334293352
1737,train-load-0.9-scenario-580,0.9,0.9333333333333333,0.9333333333333333,0.84,1.0902567104712344,-0.8146008221169876,0.8146008221169876,0.5,0.5,0.5,0.5,5,5,5,5,10,5,10,5,0.20897747576236725,0.05,,,,,,,,,,,0.3824546613497479,0.6851281334293352
1738,train-load-0.6-scenario-94,0.6,0.5651035,0.3396875,0.5651035,11.856594562999184,1.2017139316931438,0.7982860683068561,1.0,0.0,1.0,0.0,7,0,7,0,7,6,7,7,0.24298393726348877,0.05,,,,,,,,,,,0.3824546613497479,0.6851281334293352
1739,train-load-1.0-scenario-498-retry-1,1.0,1.0277777777777777,1.0277777777777777,0.9166666666666666,10.474305300487437,0.397352967011939,0.26931369965472773,0.6666666666666666,0.3333333333333333,0.6470588235294118,0.35294117647058826,8,4,11,6,17,6,12,8,0.4049749970436096,0.05,,,,,,,,,,,0.3824546613497479,0.6851281334293352
1740,train-load-0.7-scenario-65-retry-2,0.7,0.8,0.8,0.6666666666666666,8.87454880688611,0.5837075352389949,0.4162924647610052,0.75,0.25,0.75,0.25,6,2,6,2,8,6,8,6,0.24554312229156494,0.05,,,,,,,,,,,0.3824546613497479,0.6851281334293352
1741,train-load-0.9-scenario-592-retry-6,0.9,0.8333333333333334,0.8333333333333334,0.3333333333333333,5.969424488789743,-0.03448459373871349,0.43448459373871345,0.6,0.4,0.6,0.4,6,4,6,4,10,6,10,6,0.4602736234664917,0.05,,,,,,,,,,,0.3824546613497479,0.6851281334293352
1742,train-load-0.6-scenario-618-retry-4,0.6,0.4857142857142857,0.060714285714285714,0.4857142857142857,25.405504352195074,1.2855655402861415,0.7144344597138585,1.0,0.0,1.0,0.0,17,0,17,0,17,7,17,17,0.3842644691467285,0.05,,,,,,,,,,,0.3824546613497479,0.6851281334293352
1743,train-load-0.7-scenario-175,0.7,0.6400231666666667,0.43209583333333335,0.6400231666666667,6.632024474454308,0.5674573748905851,0.7658759584427484,0.8333333333333334,0.16666666666666666,0.75,0.25,5,1,6,2,8,6,6,5,0.3199244737625122,0.05,,,,,,,,,,,0.3824546613497479,0.6851281334293352
1744,train-load-0.7-scenario-667,0.7,0.7083333333333334,0.7083333333333334,0.3333333333333333,14.441403561727672,1.0795260877839843,0.5204739122160158,0.9,0.1,0.8666666666666667,0.13333333333333333,9,1,13,2,15,6,10,9,0.309486448764801,0.05,,,,,,,,,,,0.3824546613497479,0.6851281334293352
1745,train-load-0.7-scenario-367,0.7,0.7222222222222222,0.7222222222222222,0.625,26.11569311235326,1.6565329566824836,0.3434670433175164,1.0,0.0,1.0,0.0,16,0,16,0,16,6,16,16,0.4390030801296234,0.05,,,,,,,,,,,0.3824546613497479,0.6851281334293352
1746,train-load-0.7-scenario-218,0.7,0.6078348214285714,0.6078348214285714,0.5823841428571429,16.96793835546459,1.2403474035295894,0.7596525964704106,1.0,0.0,1.0,0.0,11,0,11,0,11,7,11,11,0.4688361585140228,0.05,,,,,,,,,,,0.3824546613497479,0.6851281334293352
1747,train-load-0.5-scenario-69,0.5,0.4480605,0.40577083333333336,0.4480605,9.10447975718869,1.5706446522151478,0.4293553477848523,1.0,0.0,1.0,0.0,3,0,5,0,5,4,3,3,0.38278287649154663,0.05,,,,,,,,,,,0.3824546613497479,0.6851281334293352
1748,train-load-0.9-scenario-314,0.9,0.793240375,0.45551734374999997,0.793240375,11.63646747296184,0.6662865112298184,0.9337134887701817,0.9,0.1,0.8333333333333334,0.16666666666666666,9,1,10,2,12,8,10,9,0.3229202926158905,0.05,,,,,,,,,,,0.3824546613497479,0.6851281334293352
1749,train-load-1.0-scenario-673-retry-3,1.0,1.0625,0.4166666666666667,1.0625,7.7280569594338875,0.24435114659245005,0.5556488534075499,0.7,0.3,0.7,0.3,7,3,7,3,10,4,10,7,0.3398929834365845,0.05,,,,,,,,,,,0.3824546613497479,0.6851281334293352
1750,train-load-0.9-scenario-464-retry-3,0.9,1.0166666666666666,0.2638888888888889,1.0166666666666666,14.750831377427447,0.6104561914172641,0.8181152371541643,0.8571428571428571,0.14285714285714285,0.8571428571428571,0.14285714285714285,12,2,12,2,14,6,14,12,0.20342198014259338,0.05,,,,,,,,,,,0.3824546613497479,0.6851281334293352
1751,train-load-0.7-scenario-696-retry-5,0.7,0.7,0.6571428571428571,0.7,11.28847737378846,0.49552783925057764,0.7771994334766952,0.8181818181818182,0.18181818181818182,0.75,0.25,9,2,12,4,16,7,11,9,0.07648608833551407,0.05,,,,,,,,,,,0.3824546613497479,0.6851281334293352
1752,train-load-0.7-scenario-396,0.7,0.8,0.8,0.64,6.588265581305816,0.30426617910299836,0.1957338208970017,0.625,0.375,0.625,0.375,5,3,5,3,8,5,8,5,0.32464492321014404,0.05,,,,,,,,,,,0.3824546613497479,0.6851281334293352
1753,train-load-0.7-scenario-266,0.7,0.8,0.32857142857142857,0.8,7.754351830702138,0.40073792083826365,0.5992620791617363,0.75,0.25,0.6363636363636364,0.36363636363636365,6,2,7,4,11,7,8,6,0.25393399596214294,0.05,,,,,,,,,,,0.3824546613497479,0.6851281334293352
1754,train-load-0.9-scenario-628,0.9,0.8602195,0.5582046875000001,0.8602195,10.21332189367952,0.27563999882558154,0.7243600011744185,0.75,0.25,0.6,0.4,9,3,9,6,15,8,12,9,0.34158554673194885,0.05,,,,,,,,,,,0.3824546613497479,0.6851281334293352
1755,train-load-0.6-scenario-725,0.6,0.569875,0.3464509375,0.569875,15.232200464321398,1.31231846023588,0.68768153976412,1.0,0.0,1.0,0.0,9,0,10,0,10,8,9,9,0.18313322961330414,0.05,,,,,,,,,,,0.3824546613497479,0.6851281334293352
1756,train-load-0.7-scenario-447,0.7,0.7082957142857144,0.40652857142857146,0.7082957142857144,11.164400731389382,0.7817616065804579,0.7737939489750976,0.8888888888888888,0.1111111111111111,0.8,0.2,8,1,8,2,10,7,9,8,0.17532259225845337,0.05,,,,,,,,,,,0.3824546613497479,0.6851281334293352
1757,train-load-0.5-scenario-346,0.5,0.6,0.5952380952380952,0.6,9.615464921646002,0.5484777993960519,0.5626333117150593,0.7777777777777778,0.2222222222222222,0.75,0.25,7,2,9,3,12,7,9,7,0.2528148293495178,0.05,,,,,,,,,,,0.3824546613497479,0.6851281334293352
1758,train-load-1.0-scenario-246-retry-7,1.0,1.07,0.21666666666666667,1.07,2.258737662816869,-0.4999698583852853,0.7221920806075076,0.5555555555555556,0.4444444444444444,0.5555555555555556,0.4444444444444444,5,4,5,4,9,5,9,5,0.3757326006889343,0.05,,,,,,,,,,,0.3824546613497479,0.6851281334293352
1759,train-load-0.9-scenario-507-retry-7,0.9,0.9333333333333333,0.6,0.9333333333333333,15.2594813003018,0.9696220849247665,0.3637112484085669,0.8333333333333334,0.16666666666666666,0.75,0.25,10,2,12,4,16,6,12,10,0.4190942943096161,0.05,,,,,,,,,,,0.3824546613497479,0.6851281334293352
1760,train-load-0.8-scenario-276-retry-2,0.8,0.76875,0.571875,0.76875,19.956221862281538,0.7855579332883089,0.5477754000450245,0.8333333333333334,0.16666666666666666,0.8333333333333334,0.16666666666666666,15,3,15,3,18,8,18,15,0.3943249583244324,0.05,,,,,,,,,,,0.3824546613497479,0.6851281334293352
1761,train-load-0.5-scenario-344,0.5,0.5859792,0.429298,0.5859792,11.919907538292543,1.480694465261017,0.5193055347389829,1.0,0.0,1.0,0.0,6,0,7,0,7,5,6,6,0.27273958921432495,0.05,,,,,,,,,,,0.3824546613497479,0.6851281334293352
1762,train-load-0.9-scenario-381,0.9,0.78194525,0.60715234375,0.78194525,19.009465791720906,1.2934431699459936,0.39886452236169895,0.9230769230769231,0.07692307692307693,0.8666666666666667,0.13333333333333333,12,1,13,2,15,8,13,12,0.5417242050170898,0.05,,,,,,,,,,,0.3824546613497479,0.6851281334293352
1763,train-load-0.6-scenario-254,0.6,0.5220400000000001,0.35895364583333333,0.5220400000000001,13.713129812461375,1.3332106363598781,0.6667893636401219,1.0,0.0,1.0,0.0,8,0,9,0,9,8,8,8,0.35985177755355835,0.05,,,,,,,,,,,0.3824546613497479,0.6851281334293352
1764,train-load-0.7-scenario-14,0.7,0.6737219999999999,0.53491,0.6737219999999999,8.287485582673431,0.8726238565672162,0.46070947676611734,0.8333333333333334,0.16666666666666666,0.8333333333333334,0.16666666666666666,5,1,5,1,6,4,6,5,0.4016774296760559,0.05,,,,,,,,,,,0.3824546613497479,0.6851281334293352
1765,train-load-0.6-scenario-564-retry-1,0.6,0.6,0.6,0.4,17.45912602560838,1.4275507256858844,0.5724492743141155,1.0,0.0,1.0,0.0,10,0,12,0,12,6,10,10,0.4288870096206665,0.05,,,,,,,,,,,0.3824546613497479,0.6851281334293352
1766,train-load-0.9-scenario-65,0.9,1.02,0.8,1.02,9.605875851957002,0.264502747200536,0.40216391946613056,0.6666666666666666,0.3333333333333333,0.6666666666666666,0.3333333333333333,8,4,8,4,12,5,12,8,0.22596564888954163,0.05,,,,,,,,,,,0.3824546613497479,0.6851281334293352
1767,train-hard-8gpu-16pod-1vgpu,0.5,0.5,0.3333333333333333,0.5,24.25816141157835,1.3230229702535046,0.6769770297464954,1.0,0.0,1.0,0.0,16,0,16,0,16,8,16,16,0.24182605743408203,0.05,,,,,,,,,,,0.3824546613497479,0.6851281334293352
1768,train-load-0.8-scenario-203,0.8,0.9,0.6,0.9,5.1563042636806244,-0.11965326668405984,0.34187548890628217,0.5555555555555556,0.4444444444444444,0.5555555555555556,0.4444444444444444,5,4,5,4,9,5,9,5,0.2377420961856842,0.05,,,,,,,,,,,0.3824546613497479,0.6851281334293352
1769,train-load-0.7-scenario-63,0.7,0.6637594285714286,0.42434517857142856,0.6637594285714286,15.28388014093429,1.3610601646293425,0.6389398353706575,1.0,0.0,1.0,0.0,9,0,10,0,10,7,9,9,0.5304117202758789,0.05,,,,,,,,,,,0.3824546613497479,0.6851281334293352
1770,train-load-0.8-scenario-56,0.8,0.7500127500000001,0.491615625,0.7500127500000001,18.87267766646565,1.243407284351163,0.44890040795652963,0.9230769230769231,0.07692307692307693,0.9285714285714286,0.07142857142857142,12,1,13,1,14,8,13,12,0.3389156758785248,0.05,,,,,,,,,,,0.3824546613497479,0.6851281334293352
1771,train-load-0.5-scenario-691,0.5,0.5625,0.4375,0.5625,16.458154360783826,1.3762748029087326,0.6237251970912674,1.0,0.0,1.0,0.0,10,0,10,0,10,8,10,10,0.7806726694107056,0.05,,,,,,,,,,,0.3824546613497479,0.6851281334293352
1772,train-load-0.7-scenario-729,0.7,0.60282625,0.4619479166666667,0.60282625,12.83864036931564,0.5823392304054273,0.7509941029279061,0.8333333333333334,0.16666666666666666,0.8333333333333334,0.16666666666666666,10,2,10,2,12,8,12,10,0.3232216536998749,0.05,,,,,,,,,,,0.3824546613497479,0.6851281334293352
1773,train-load-0.6-scenario-590,0.6,0.6666666666666666,0.5555555555555556,0.6666666666666666,12.635714874394026,0.8962640072199178,0.30373599278008234,0.8,0.2,0.8,0.2,8,2,8,2,10,6,10,8,0.44582995772361755,0.05,,,,,,,,,,,0.3824546613497479,0.6851281334293352
1774,train-load-0.6-scenario-377,0.6,0.5,0.2,0.5,19.830576964998347,1.4580920158936808,0.5419079841063192,1.0,0.0,1.0,0.0,12,0,12,0,12,6,12,12,0.31185972690582275,0.05,,,,,,,,,,,0.3824546613497479,0.6851281334293352
1775,train-load-0.8-scenario-257-retry-1,0.8,0.875,0.875,0.3375,5.676179804671427,-0.0444124679199448,0.7110791345866114,0.6666666666666666,0.3333333333333333,0.5833333333333334,0.4166666666666667,6,3,7,5,12,8,9,6,0.4217766523361206,0.05,,,,,,,,,,,0.3824546613497479,0.6851281334293352
1776,train-load-0.5-scenario-503,0.5,0.5714285714285714,0.11428571428571428,0.5714285714285714,10.639045582021165,0.8864012592396626,0.6135987407603374,0.875,0.125,0.875,0.125,7,1,7,1,8,7,8,7,0.5015252828598022,0.05,,,,,,,,,,,0.3824546613497479,0.6851281334293352
1777,train-load-1.0-scenario-162-retry-3,1.0,0.95,0.3958333333333333,0.95,12.02521970807305,-0.07170641047332771,0.5980221999470119,0.631578947368421,0.3684210526315789,0.631578947368421,0.3684210526315789,12,7,12,7,19,8,19,12,0.6362811923027039,0.05,,,,,,,,,,,0.3824546613497479,0.6851281334293352
1778,train-load-0.6-scenario-416-retry-3,0.6,0.6375,0.3375,0.6375,10.99959962963799,0.3629045005523721,0.6370954994476279,0.75,0.25,0.75,0.25,9,3,9,3,12,8,12,9,0.28302183747291565,0.05,,,,,,,,,,,0.3824546613497479,0.6851281334293352
1779,train-load-0.8-scenario-102-retry-5,0.8,0.875,0.875,0.575,11.793216269875284,0.4917676326039069,0.5082323673960931,0.75,0.25,0.6470588235294118,0.35294117647058826,9,3,11,6,17,8,12,9,0.35012269020080566,0.05,,,,,,,,,,,0.3824546613497479,0.6851281334293352
1780,train-load-0.8-scenario-698-retry-1,0.8,0.694504,0.6299033333333334,0.694504,10.280363362139003,0.8163939458253044,0.6836060541746956,0.875,0.125,0.7777777777777778,0.2222222222222222,7,1,7,2,9,5,8,7,0.3213479816913605,0.05,,,,,,,,,,,0.3824546613497479,0.6851281334293352
1781,train-load-0.5-scenario-675,0.5,0.50522275,0.203601875,0.50522275,11.483951477659481,1.3963609885632937,0.6036390114367063,1.0,0.0,1.0,0.0,6,0,7,0,7,8,6,6,0.5049855709075928,0.05,,,,,,,,,,,0.3824546613497479,0.6851281334293352
1782,train-load-0.5-scenario-401,0.5,0.47936419999999996,0.33563200000000004,0.47936419999999996,8.253881994121322,1.0961159577627428,0.9038840422372572,1.0,0.0,1.0,0.0,5,0,5,0,5,5,5,5,0.4759775996208191,0.05,,,,,,,,,,,0.3824546613497479,0.6851281334293352
1783,train-load-0.8-scenario-674,0.8,0.731446375,0.5619975,0.731446375,13.913937079162428,0.8893943884513205,0.7469692479123158,0.9090909090909091,0.09090909090909091,0.8461538461538461,0.15384615384615385,10,1,11,2,13,8,11,10,0.31623536348342896,0.05,,,,,,,,,,,0.3824546613497479,0.6851281334293352
1784,train-load-0.8-scenario-664,0.8,0.700896875,0.700896875,0.6981543333333333,11.694760901888413,0.6101596575907997,0.6625676151364731,0.8181818181818182,0.18181818181818182,0.75,0.25,9,2,9,3,12,6,11,9,0.44713449478149414,0.05,,,,,,,,,,,0.3824546613497479,0.6851281334293352
1785,train-load-0.6-scenario-105,0.6,0.5577712499999999,0.37996119791666666,0.5577712499999999,14.35471851887554,1.2194283773051655,0.7805716226948345,1.0,0.0,1.0,0.0,9,0,10,0,10,8,9,9,0.6327282190322876,0.05,,,,,,,,,,,0.3824546613497479,0.6851281334293352
1786,train-load-0.6-scenario-724,0.6,0.5245358571428571,0.3829559523809524,0.5245358571428571,13.393691605374714,1.2878282741289908,0.7121717258710092,1.0,0.0,1.0,0.0,8,0,8,0,8,7,8,8,0.45863401889801025,0.05,,,,,,,,,,,0.3824546613497479,0.6851281334293352
1787,train-load-0.8-scenario-145,0.8,0.7875,0.15625,0.7875,22.08477966843634,1.274503369213305,0.725496630786695,1.0,0.0,1.0,0.0,15,0,15,0,15,4,15,15,0.4910215735435486,0.05,,,,,,,,,,,0.3824546613497479,0.6851281334293352
1788,train-load-1.0-scenario-111-retry-1,1.0,0.9124942500000001,0.618420625,0.9124942500000001,4.4820867678640095,0.04475998844823903,0.8123828686946182,0.7142857142857143,0.2857142857142857,0.75,0.25,5,2,6,2,8,4,7,5,0.4614645540714264,0.05,,,,,,,,,,,0.3824546613497479,0.6851281334293352
1789,train-load-1.0-scenario-407-retry-1,1.0,1.0,0.6,1.0,7.0085081939193845,-0.37004766313282556,0.3700476631328256,0.5,0.5,0.5,0.5,8,8,8,8,16,8,16,8,0.3461242914199829,0.05,,,,,,,,,,,0.3824546613497479,0.6851281334293352
1790,train-load-0.5-scenario-534,0.5,0.6,0.6,0.54,14.19013174763396,1.2370951582620489,0.3184603972935067,0.8888888888888888,0.1111111111111111,0.8888888888888888,0.1111111111111111,8,1,8,1,9,5,9,8,0.4712381958961487,0.05,,,,,,,,,,,0.3824546613497479,0.6851281334293352
1791,train-load-1.0-scenario-53-retry-1,1.0,1.1,0.33,1.1,6.700150625268792,-0.15964828659122587,0.8263149532578925,0.6666666666666666,0.3333333333333333,0.6666666666666666,0.3333333333333333,8,4,8,4,12,5,12,8,0.09830460697412491,0.05,,,,,,,,,,,0.3824546613497479,0.6851281334293352
1792,train-load-0.9-scenario-615,0.9,1.0,1.0,1.0,4.689321211535478,-0.4386337387704805,0.4386337387704805,0.5,0.5,0.5,0.5,6,6,6,6,12,6,12,6,0.4356132745742798,0.05,,,,,,,,,,,0.3824546613497479,0.6851281334293352
1793,train-load-1.0-scenario-176,1.0,0.897212,0.6599309895833333,0.897212,13.073076285132935,0.3699998616557102,0.563333471677623,0.7333333333333333,0.26666666666666666,0.6875,0.3125,11,4,11,5,16,8,15,11,0.355946809053421,0.05,,,,,,,,,,,0.3824546613497479,0.6851281334293352
1794,train-load-0.5-scenario-453-retry-3,0.5,0.4,0.2,0.4,23.7453970045257,1.6276160752047546,0.37238392479524535,1.0,0.0,1.0,0.0,14,0,14,0,14,7,14,14,0.11861799657344818,0.05,,,,,,,,,,,0.3824546613497479,0.6851281334293352
1795,train-load-0.9-scenario-722-retry-4,0.9,0.875,0.5833333333333334,0.875,18.348283969695085,0.4348735840409452,0.42226927310191187,0.7142857142857143,0.2857142857142857,0.7142857142857143,0.2857142857142857,15,6,15,6,21,6,21,15,0.290201336145401,0.05,,,,,,,,,,,0.3824546613497479,0.6851281334293352
1796,train-load-1.0-scenario-216,1.0,0.9804473333333334,0.5048958333333334,0.9804473333333334,12.287211800557856,0.9420162331982004,0.6135393223573551,0.8888888888888888,0.1111111111111111,0.8181818181818182,0.18181818181818182,8,1,9,2,11,6,9,8,0.43054094910621643,0.05,,,,,,,,,,,0.3824546613497479,0.6851281334293352
1797,train-load-0.5-scenario-93,0.5,0.5238885,0.2799975,0.5238885,10.399544731893775,1.4105401109840612,0.5894598890159388,1.0,0.0,1.0,0.0,5,0,6,0,6,6,5,5,0.3860574960708618,0.05,,,,,,,,,,,0.3824546613497479,0.6851281334293352
1798,train-load-0.6-scenario-97,0.6,0.53183275,0.3068634375,0.53183275,13.460048431057508,1.275145256819569,0.7248547431804311,1.0,0.0,1.0,0.0,8,0,10,0,10,8,8,8,0.22028596699237823,0.05,,,,,,,,,,,0.3824546613497479,0.6851281334293352
1799,train-load-0.5-scenario-640,0.5,0.5759666666666666,0.34920902777777774,0.5759666666666666,10.014517656540953,1.3083999546815006,0.6916000453184993,1.0,0.0,1.0,0.0,5,0,7,0,7,6,5,5,0.4284924864768982,0.05,,,,,,,,,,,0.3824546613497479,0.6851281334293352
1800,train-load-0.9-scenario-76-retry-1,0.9,0.8314498571428571,0.5815808928571429,0.8314498571428571,12.494378456422023,0.5796771588815208,0.7536561744518127,0.8333333333333334,0.16666666666666666,0.7692307692307693,0.23076923076923078,10,2,10,3,13,7,12,10,0.23300811648368835,0.05,0.39799627360153683,0.5223923393893156,0.7300971532477132,0.2699028467522869,0.7152809038000874,0.28471909619991254,0.7044493890552401,0.7156532459878487,0.27264963181003676,0.7314353400967802,0.39799627360153683,0.7044493890552401
1801,train-load-1.0-scenario-413-retry-2,1.0,1.0833333333333333,0.18055555555555555,1.0833333333333333,1.7492616960934333,-0.5697858075127704,0.5697858075127704,0.5,0.5,0.42857142857142855,0.5714285714285714,4,4,6,8,14,6,8,4,0.42336246371269226,0.05,,,,,,,,,,,0.39799627360153683,0.7044493890552401
1802,train-load-0.8-scenario-285,0.8,0.7675562857142857,0.4244425,0.7675562857142857,16.765142532164806,1.4413417800909158,0.558658219909084,1.0,0.0,1.0,0.0,10,0,11,0,11,7,10,10,0.4099457263946533,0.05,,,,,,,,,,,0.39799627360153683,0.7044493890552401
1803,train-load-0.8-scenario-440-retry-1,0.8,0.9166666666666666,0.4583333333333333,0.9166666666666666,5.074192508884977,-0.2516437278619995,0.4334619096801813,0.5454545454545454,0.45454545454545453,0.5454545454545454,0.45454545454545453,6,5,6,5,11,6,11,6,0.24643608927726746,0.05,,,,,,,,,,,0.39799627360153683,0.7044493890552401
1804,train-load-0.9-scenario-129-retry-1,0.9,0.7874729166666667,0.7874729166666667,0.7054056000000001,7.761608686594837,0.4453558129625339,0.5546441870374661,0.75,0.25,0.6363636363636364,0.36363636363636365,6,2,7,4,11,5,8,6,0.39887183904647827,0.05,,,,,,,,,,,0.39799627360153683,0.7044493890552401
1805,train-load-0.9-scenario-283,0.9,0.781675,0.4354020833333333,0.781675,14.127296994195914,1.0273538445921298,0.5726461554078703,0.9,0.1,0.9,0.1,9,1,9,1,10,6,10,9,0.33003515005111694,0.05,,,,,,,,,,,0.39799627360153683,0.7044493890552401
1806,train-load-0.6-scenario-729,0.6,0.5423361666666667,0.331575,0.5423361666666667,12.135202854974086,1.2366948039563583,0.7633051960436417,1.0,0.0,1.0,0.0,7,0,7,0,7,6,7,7,0.515839695930481,0.05,,,,,,,,,,,0.39799627360153683,0.7044493890552401
1807,train-load-0.8-scenario-46,0.8,0.7070831249999999,0.3544755208333334,0.7070831249999999,7.242124499179864,0.3257185919647996,0.6742814080352004,0.75,0.25,0.6,0.4,6,2,6,4,10,8,8,6,0.5621185302734375,0.05,,,,,,,,,,,0.39799627360153683,0.7044493890552401
1808,train-load-0.5-scenario-201,0.5,0.4368976,0.41733500000000007,0.4368976,12.98986903813805,1.6112753191924964,0.38872468080750344,1.0,0.0,1.0,0.0,6,0,6,0,6,5,6,6,0.28378039598464966,0.05,,,,,,,,,,,0.39799627360153683,0.7044493890552401
1809,train-load-0.8-scenario-266,0.8,0.7032521428571429,0.3221708333333333,0.7032521428571429,12.22109624485967,1.3185263347067748,0.6814736652932252,1.0,0.0,1.0,0.0,7,0,9,0,9,7,7,7,0.21562713384628296,0.05,,,,,,,,,,,0.39799627360153683,0.7044493890552401
1810,train-load-0.6-scenario-268-retry-1,0.6,0.72,0.45,0.72,9.7370505584953,0.5804266844341295,0.5306844266769817,0.7777777777777778,0.2222222222222222,0.7777777777777778,0.2222222222222222,7,2,7,2,9,5,9,7,0.4384062886238098,0.05,,,,,,,,,,,0.39799627360153683,0.7044493890552401
1811,train-load-0.7-scenario-307-retry-9,0.7,0.6,0.4,0.6,20.28476759369235,1.5073204236999338,0.49267957630006615,1.0,0.0,1.0,0.0,12,0,12,0,12,5,12,12,0.39789751172065735,0.05,,,,,,,,,,,0.39799627360153683,0.7044493890552401
1812,train-load-0.7-scenario-700,0.7,0.6317652857142857,0.47888964285714286,0.6317652857142857,7.978813039670282,0.30810971039375445,0.8030014007173567,0.7777777777777778,0.2222222222222222,0.7,0.3,7,2,7,3,10,7,9,7,0.45657384395599365,0.05,,,,,,,,,,,0.39799627360153683,0.7044493890552401
1813,train-load-0.5-scenario-736,0.5,0.483718875,0.22477187499999998,0.483718875,11.494120778587911,1.3686440686227779,0.6313559313772221,1.0,0.0,1.0,0.0,6,0,7,0,7,8,6,6,0.20392529666423798,0.05,,,,,,,,,,,0.39799627360153683,0.7044493890552401
1814,train-load-0.8-scenario-124-retry-2,0.8,0.9,0.6,0.9,4.643574303374763,-0.1759011424306398,0.39812336465286213,0.5555555555555556,0.4444444444444444,0.5555555555555556,0.4444444444444444,5,4,5,4,9,5,9,5,0.1638263314962387,0.05,,,,,,,,,,,0.39799627360153683,0.7044493890552401
1815,train-load-0.9-scenario-512,0.9,1.0,0.675,1.0,5.268180132363594,-0.3252034732473149,0.3252034732473149,0.5,0.5,0.5,0.5,6,6,6,6,12,6,12,6,0.3481902480125427,0.05,,,,,,,,,,,0.39799627360153683,0.7044493890552401
1816,train-load-0.5-scenario-735,0.5,0.45300989583333334,0.45300989583333334,0.350918,14.553711676085753,1.2496792927624998,0.7503207072375002,1.0,0.0,1.0,0.0,9,0,10,0,10,8,9,9,0.3317335844039917,0.05,,,,,,,,,,,0.39799627360153683,0.7044493890552401
1817,train-load-1.0-scenario-136-retry-1,1.0,0.9190336,0.8656795833333334,0.9190336,9.733991046012008,0.5665024026985221,0.544608708412589,0.7777777777777778,0.2222222222222222,0.6666666666666666,0.3333333333333333,7,2,8,4,12,5,9,7,0.5095930099487305,0.05,,,,,,,,,,,0.39799627360153683,0.7044493890552401
1818,train-load-0.9-scenario-497,0.9,0.8264305000000001,0.7428052083333333,0.8264305000000001,10.916255013212728,1.0244716394030715,0.4040997891683571,0.8571428571428571,0.14285714285714285,0.7777777777777778,0.2222222222222222,6,1,7,2,9,4,7,6,0.4461385905742645,0.05,,,,,,,,,,,0.39799627360153683,0.7044493890552401
1819,train-load-0.9-scenario-220,0.9,0.81308825,0.49811625,0.81308825,13.953115121393454,0.7612659059001179,0.5720674274332156,0.8333333333333334,0.16666666666666666,0.7857142857142857,0.21428571428571427,10,2,11,3,14,8,12,10,0.5788789987564087,0.05,,,,,,,,,,,0.39799627360153683,0.7044493890552401
1820,train-load-0.6-scenario-29-retry-2,0.6,0.7,0.7,0.5,16.32620001191555,1.6015276200430877,0.3984723799569123,1.0,0.0,1.0,0.0,9,0,9,0,9,6,9,9,0.5966652035713196,0.05,,,,,,,,,,,0.39799627360153683,0.7044493890552401
1821,train-load-0.8-scenario-555-retry-1,0.8,0.825,0.4125,0.825,10.079558638747208,0.40064150267489385,0.5084494064160153,0.7272727272727273,0.2727272727272727,0.7272727272727273,0.2727272727272727,8,3,8,3,11,8,11,8,0.20708823204040527,0.05,,,,,,,,,,,0.39799627360153683,0.7044493890552401
1822,train-load-0.7-scenario-88,0.7,0.8125,0.725,0.8125,8.42150046141757,0.5245275731128238,0.4754724268871763,0.75,0.25,0.6363636363636364,0.36363636363636365,6,2,7,4,11,8,8,6,0.5074297189712524,0.05,,,,,,,,,,,0.39799627360153683,0.7044493890552401
1823,train-hard-4gpu-12pod-small,0.375,0.375,0.25,0.375,22.316746824526945,1.875,0.125,1.0,0.0,1.0,0.0,12,0,12,0,12,4,12,12,0.3196054697036743,0.05,,,,,,,,,,,0.39799627360153683,0.7044493890552401
1824,train-load-0.9-scenario-536,0.9,1.0,0.3333333333333333,1.0,4.889795242865245,-0.21076170651687642,0.6107617065168763,0.6,0.4,0.6,0.4,6,4,6,4,10,6,10,6,0.37228894233703613,0.05,,,,,,,,,,,0.39799627360153683,0.7044493890552401
1825,train-load-0.5-scenario-490,0.5,0.49868049999999997,0.3107713541666667,0.49868049999999997,13.568732614925505,1.298387003888442,0.701612996111558,1.0,0.0,1.0,0.0,8,0,9,0,9,8,8,8,0.3915020525455475,0.05,,,,,,,,,,,0.39799627360153683,0.7044493890552401
1826,train-load-1.0-scenario-291-retry-4,1.0,0.9625,0.9625,0.6125,6.4135930237907495,-0.5965189178819139,0.7141659767054434,0.5294117647058824,0.47058823529411764,0.5294117647058824,0.47058823529411764,9,8,9,8,17,8,17,9,0.3488265573978424,0.05,,,,,,,,,,,0.39799627360153683,0.7044493890552401
1827,train-load-0.5-scenario-418-retry-5,0.5,0.5833333333333334,0.25,0.5833333333333334,17.68660017088084,1.5377410558926956,0.46225894410730445,1.0,0.0,1.0,0.0,10,0,10,0,10,6,10,10,0.454807311296463,0.05,,,,,,,,,,,0.39799627360153683,0.7044493890552401
1828,train-load-0.9-scenario-51-retry-3,0.9,1.0,0.3333333333333333,1.0,4.482691702426203,-0.5975552490505367,0.5975552490505367,0.5,0.5,0.5,0.5,7,7,7,7,14,7,14,7,0.28169935941696167,0.05,,,,,,,,,,,0.39799627360153683,0.7044493890552401
1829,train-load-0.9-scenario-313-retry-1,0.9,0.849257,0.6129982142857143,0.849257,11.785079731320911,0.38234000399567714,0.6945830729273998,0.7692307692307693,0.23076923076923078,0.7142857142857143,0.2857142857142857,10,3,10,4,14,7,13,10,0.2454463243484497,0.05,,,,,,,,,,,0.39799627360153683,0.7044493890552401
1830,train-load-0.6-scenario-674-retry-3,0.6,0.5357142857142857,0.42857142857142855,0.5357142857142857,25.267375744677082,1.6627905312839806,0.3372094687160194,1.0,0.0,1.0,0.0,15,0,15,0,15,7,15,15,0.42848870158195496,0.05,,,,,,,,,,,0.39799627360153683,0.7044493890552401
1831,train-load-1.0-scenario-692,1.0,0.901716,0.634219,0.901716,9.97969091410457,0.6369520245108407,0.47415908660027045,0.7777777777777778,0.2222222222222222,0.8,0.2,7,2,8,2,10,5,9,7,0.35985586047172546,0.05,,,,,,,,,,,0.39799627360153683,0.7044493890552401
1832,train-load-0.7-scenario-692-retry-2,0.7,0.8,0.8,0.8,12.233671410246746,0.5660456719828726,0.4339543280171274,0.75,0.25,0.75,0.25,9,3,9,3,12,6,12,9,0.3868158459663391,0.05,,,,,,,,,,,0.39799627360153683,0.7044493890552401
1833,train-load-0.7-scenario-451-retry-4,0.7,0.7361111111111112,0.7361111111111112,0.5166666666666667,23.936204608352867,1.3906311630641182,0.6093688369358817,1.0,0.0,1.0,0.0,16,0,16,0,16,6,16,16,0.6793651580810547,0.05,,,,,,,,,,,0.39799627360153683,0.7044493890552401
1834,train-load-0.8-scenario-373,0.8,0.6861975714285714,0.5717460714285714,0.6861975714285714,12.075259876651348,0.9303729312016024,0.625182624353953,0.8888888888888888,0.1111111111111111,0.8333333333333334,0.16666666666666666,8,1,10,2,12,7,9,8,0.23595884442329407,0.05,,,,,,,,,,,0.39799627360153683,0.7044493890552401
1835,train-load-0.5-scenario-240,0.5,0.5875,0.5,0.5875,22.42949057534849,1.6342503995322202,0.3657496004677798,1.0,0.0,1.0,0.0,13,0,13,0,13,4,13,13,0.7022557258605957,0.05,,,,,,,,,,,0.39799627360153683,0.7044493890552401
1836,train-load-0.7-scenario-18,0.7,0.636751625,0.256309375,0.636751625,14.919216082701512,1.3453632425694233,0.6546367574305767,1.0,0.0,1.0,0.0,9,0,9,0,9,8,9,9,0.5925880074501038,0.05,,,,,,,,,,,0.39799627360153683,0.7044493890552401
1837,train-load-1.0-scenario-141,1.0,0.903326,0.64191625,0.903326,4.005595318345035,0.015542491719266471,0.6511241749474002,0.6666666666666666,0.3333333333333333,0.5,0.5,4,2,4,4,8,4,6,4,0.44882023334503174,0.05,,,,,,,,,,,0.39799627360153683,0.7044493890552401
1838,train-load-0.8-scenario-687,0.8,0.74245,0.74245,0.717606,6.403044887446256,0.22016790997924063,0.7798320900207594,0.75,0.25,0.75,0.25,6,2,6,2,8,4,8,6,0.5528778433799744,0.05,,,,,,,,,,,0.39799627360153683,0.7044493890552401
1839,train-load-0.8-scenario-727,0.8,0.7755901428571428,0.583341369047619,0.7755901428571428,18.089377589484606,1.4618989814995165,0.5381010185004834,1.0,0.0,1.0,0.0,11,0,13,0,13,7,11,11,0.4632526636123657,0.05,,,,,,,,,,,0.39799627360153683,0.7044493890552401
1840,train-load-0.8-scenario-423,0.8,0.7102021999999999,0.33689225,0.7102021999999999,11.120307656288158,1.3287380744050816,0.6712619255949184,1.0,0.0,1.0,0.0,6,0,6,0,6,5,6,6,0.4435482323169708,0.05,,,,,,,,,,,0.39799627360153683,0.7044493890552401
1841,train-load-0.9-scenario-475,0.9,0.8213558,0.62751725,0.8213558,8.017208274341051,0.3295078457923464,0.7816032653187648,0.7777777777777778,0.2222222222222222,0.7,0.3,7,2,7,3,10,5,9,7,0.2289687991142273,0.05,,,,,,,,,,,0.39799627360153683,0.7044493890552401
1842,train-load-0.7-scenario-531,0.7,0.6,0.1,0.6,18.6781693973973,1.285823961213982,0.7141760387860181,1.0,0.0,1.0,0.0,12,0,12,0,12,5,12,12,0.26653146743774414,0.05,,,,,,,,,,,0.39799627360153683,0.7044493890552401
1843,train-load-0.5-scenario-427-retry-12,0.5,0.5625,0.5625,0.275,18.077449334383306,1.390858776267868,0.6091412237321322,1.0,0.0,1.0,0.0,11,0,11,0,11,8,11,11,0.3598787486553192,0.05,,,,,,,,,,,0.39799627360153683,0.7044493890552401
1844,train-load-0.6-scenario-231,0.6,0.5439810714285714,0.5439810714285714,0.5386918571428572,15.081938839169823,1.5556630440366956,0.44433695596330425,1.0,0.0,1.0,0.0,8,0,11,0,11,7,8,8,0.36304232478141785,0.05,,,,,,,,,,,0.39799627360153683,0.7044493890552401
1845,train-load-0.7-scenario-452,0.7,0.7542829999999999,0.6640875,0.7542829999999999,13.983282831262947,0.9485948101495648,0.3241324625777081,0.8181818181818182,0.18181818181818182,0.8333333333333334,0.16666666666666666,9,2,10,2,12,6,11,9,0.296528697013855,0.05,,,,,,,,,,,0.39799627360153683,0.7044493890552401
1846,train-load-0.6-scenario-394,0.6,0.6256591428571429,0.44611904761904764,0.6256591428571429,10.403009301291736,0.8419428730994594,0.6580571269005406,0.875,0.125,0.7777777777777778,0.2222222222222222,7,1,7,2,9,7,8,7,0.28512099385261536,0.05,,,,,,,,,,,0.39799627360153683,0.7044493890552401
1847,train-load-0.6-scenario-625,0.6,0.72,0.36,0.72,12.564564034450818,0.9969081824010427,0.5586473731545127,0.8888888888888888,0.1111111111111111,0.8888888888888888,0.1111111111111111,8,1,8,1,9,5,9,8,0.2602154016494751,0.05,,,,,,,,,,,0.39799627360153683,0.7044493890552401
1848,train-load-0.7-scenario-593,0.7,0.8,0.6666666666666666,0.8,8.409652595104697,0.5400724494276719,0.45992755057232804,0.75,0.25,0.75,0.25,6,2,6,2,8,4,8,6,0.40874770283699036,0.05,,,,,,,,,,,0.39799627360153683,0.7044493890552401
1849,train-load-0.8-scenario-309-retry-3,0.8,0.9,0.3,0.9,7.230053652522482,0.24000732652150847,0.4266593401451582,0.6666666666666666,0.3333333333333333,0.6666666666666666,0.3333333333333333,6,3,6,3,9,6,9,6,0.5043389201164246,0.05,,,,,,,,,,,0.39799627360153683,0.7044493890552401
1850,train-load-1.0-scenario-702,1.0,1.1103342,0.7726864999999999,1.1103342,10.308641935107744,0.6753384357720649,0.4357726753390463,0.7777777777777778,0.2222222222222222,0.6666666666666666,0.3333333333333333,7,2,8,4,12,5,9,7,0.18662545084953308,0.05,,,,,,,,,,,0.39799627360153683,0.7044493890552401
1851,train-load-1.0-scenario-736-retry-3,1.0,0.925,0.046875,0.925,13.74695853479602,0.38881464213657146,0.8111853578634286,0.8,0.2,0.8,0.2,12,3,12,3,15,8,15,12,0.3518477976322174,0.05,,,,,,,,,,,0.39799627360153683,0.7044493890552401
1852,train-hard-4gpu-4pod-1vgpu,0.25,0.25,0.16666666666666666,0.25,11.544497883017963,1.9166666666666665,0.08333333333333337,1.0,0.0,1.0,0.0,4,0,4,0,4,4,4,4,0.3510614037513733,0.05,,,,,,,,,,,0.39799627360153683,0.7044493890552401
1853,train-load-0.9-scenario-478,0.9,1.0,1.0,0.6333333333333333,8.883878265380504,0.06231893918929299,0.3992195223491686,0.6153846153846154,0.38461538461538464,0.6153846153846154,0.38461538461538464,8,5,8,5,13,6,13,8,0.4982667565345764,0.05,,,,,,,,,,,0.39799627360153683,0.7044493890552401
1854,train-hard-4gpu-8pod-1vgpu,0.5,0.5,0.3333333333333333,0.5,16.42232909936926,1.8333333333333335,0.16666666666666663,1.0,0.0,1.0,0.0,8,0,8,0,8,4,8,8,0.2878163456916809,0.05,,,,,,,,,,,0.39799627360153683,0.7044493890552401
1855,train-load-0.5-scenario-80,0.5,0.47919525,0.3289213541666667,0.47919525,12.43296934401425,1.0931717041642754,0.9068282958357246,1.0,0.0,1.0,0.0,8,0,8,0,8,8,8,8,0.079644575715065,0.05,,,,,,,,,,,0.39799627360153683,0.7044493890552401
1856,train-load-0.8-scenario-734,0.8,0.7536400000000001,0.7536400000000001,0.6637850000000001,8.784964809812497,0.9092206034828458,0.4241127298504876,0.8333333333333334,0.16666666666666666,0.75,0.25,5,1,6,2,8,4,6,5,0.34307432174682617,0.05,,,,,,,,,,,0.39799627360153683,0.7044493890552401
1857,train-load-1.0-scenario-120-retry-1,1.0,1.0357142857142858,0.4642857142857143,1.0357142857142858,9.020662598626348,0.4723541286711198,0.6387569824399913,0.7777777777777778,0.2222222222222222,0.6923076923076923,0.3076923076923077,7,2,9,4,13,7,9,7,0.415663480758667,0.05,,,,,,,,,,,0.39799627360153683,0.7044493890552401
1858,train-load-0.7-scenario-500,0.7,0.6201926666666666,0.5352495833333334,0.6201926666666666,8.997097904341524,0.7413533307117738,0.6872180978596547,0.8571428571428571,0.14285714285714285,0.7777777777777778,0.2222222222222222,6,1,7,2,9,6,7,6,0.521237313747406,0.05,,,,,,,,,,,0.39799627360153683,0.7044493890552401
1859,train-load-0.9-scenario-554,0.9,0.91754175,0.652490625,0.91754175,7.117327061528334,0.44440190663584933,0.41274095050700776,0.7142857142857143,0.2857142857142857,0.625,0.375,5,2,5,3,8,4,7,5,0.5128357410430908,0.05,,,,,,,,,,,0.39799627360153683,0.7044493890552401
1860,train-load-0.7-scenario-649,0.7,0.6058445,0.38555989583333333,0.6058445,15.23476419361354,1.365642523473635,0.6343574765263651,1.0,0.0,1.0,0.0,9,0,10,0,10,8,9,9,0.21523910760879517,0.05,,,,,,,,,,,0.39799627360153683,0.7044493890552401
1861,train-load-0.9-scenario-206-retry-1,0.9,0.8018648333333334,0.5326586805555555,0.8018648333333334,8.749110150197048,0.4674488880422758,0.6436622230688354,0.7777777777777778,0.2222222222222222,0.7,0.3,7,2,7,3,10,6,9,7,0.3160076141357422,0.05,,,,,,,,,,,0.39799627360153683,0.7044493890552401
1862,train-load-1.0-scenario-191-retry-4,1.0,0.975,0.975,0.6,20.14704638387537,0.816002077245767,0.5173312560875666,0.8333333333333334,0.16666666666666666,0.8333333333333334,0.16666666666666666,15,3,15,3,18,6,18,15,0.3351476192474365,0.05,,,,,,,,,,,0.39799627360153683,0.7044493890552401
1863,train-load-0.7-scenario-198,0.7,0.60699,0.47708999999999996,0.60699,9.47087624803417,0.8247541285173811,0.6038173000540474,0.8571428571428571,0.14285714285714285,0.8571428571428571,0.14285714285714285,6,1,6,1,7,5,7,6,0.3509392738342285,0.05,,,,,,,,,,,0.39799627360153683,0.7044493890552401
1864,train-load-1.0-scenario-559,1.0,1.1,0.5857142857142857,1.1,7.8093447189842555,-0.16717143534245138,0.7386000067710229,0.6428571428571429,0.35714285714285715,0.6428571428571429,0.35714285714285715,9,5,9,5,14,7,14,9,0.22739669680595398,0.05,,,,,,,,,,,0.39799627360153683,0.7044493890552401
1865,train-load-0.6-scenario-346,0.6,0.5385361666666667,0.32152152777777776,0.5385361666666667,10.274254707455315,1.3677107537591882,0.6322892462408117,1.0,0.0,1.0,0.0,5,0,6,0,6,6,5,5,0.3837442994117737,0.05,,,,,,,,,,,0.39799627360153683,0.7044493890552401
1866,train-load-0.5-scenario-189-retry-4,0.5,0.58,0.4583333333333333,0.58,17.56327680623746,1.4538358532665643,0.5461641467334358,1.0,0.0,1.0,0.0,10,0,13,0,13,5,10,10,0.24937739968299866,0.05,,,,,,,,,,,0.39799627360153683,0.7044493890552401
1867,train-hard-4gpu-4pod-1vgpu,0.25,0.25,0.16666666666666666,0.25,11.544497883017963,1.9166666666666665,0.08333333333333337,1.0,0.0,1.0,0.0,4,0,4,0,4,4,4,4,0.3726257085800171,0.05,,,,,,,,,,,0.39799627360153683,0.7044493890552401
1868,train-load-0.8-scenario-535,0.8,0.7125,0.7125,0.6875,15.563382684554593,1.060523834631016,0.27280949870231747,0.8333333333333334,0.16666666666666666,0.8333333333333334,0.16666666666666666,10,2,10,2,12,8,12,10,0.29886019229888916,0.05,,,,,,,,,,,0.39799627360153683,0.7044493890552401
1869,train-load-0.7-scenario-721,0.7,0.604741,0.6028026041666666,0.604741,20.606981966941635,1.2009638341498552,0.7990361658501447,1.0,0.0,1.0,0.0,14,0,14,0,14,8,14,14,0.31500160694122314,0.05,,,,,,,,,,,0.39799627360153683,0.7044493890552401
1870,train-load-0.9-scenario-370,0.9,0.8004312,0.649979,0.8004312,12.124599311265747,0.8002449057817308,0.3997550942182692,0.8,0.2,0.8,0.2,8,2,8,2,10,5,10,8,0.31514880061149597,0.05,,,,,,,,,,,0.39799627360153683,0.7044493890552401
1871,train-load-0.9-scenario-663,0.9,0.8176034999999999,0.5945444444444444,0.8176034999999999,10.79335308561176,0.6141234781729233,0.5858765218270767,0.8,0.2,0.75,0.25,8,2,9,3,12,6,10,8,0.29499179124832153,0.05,,,,,,,,,,,0.39799627360153683,0.7044493890552401
1872,train-load-0.5-scenario-676,0.5,0.48728233333333343,0.22293833333333332,0.48728233333333343,7.770837802966846,1.1908207594594047,0.8091792405405952,1.0,0.0,1.0,0.0,4,0,5,0,5,6,4,4,0.26219528913497925,0.05,,,,,,,,,,,0.39799627360153683,0.7044493890552401
1873,train-load-1.0-scenario-581-retry-4,1.0,1.08,0.6,1.08,12.136042157512062,0.5296570230098654,0.4703429769901346,0.75,0.25,0.6666666666666666,0.3333333333333333,9,3,12,6,18,5,12,9,0.4213436245918274,0.05,,,,,,,,,,,0.39799627360153683,0.7044493890552401
1874,train-load-0.5-scenario-522,0.5,0.5856702500000001,0.22899479166666667,0.5856702500000001,5.489376881254197,1.0219929318482452,0.9780070681517548,1.0,0.0,1.0,0.0,3,0,4,0,4,4,3,3,0.5395326018333435,0.05,,,,,,,,,,,0.39799627360153683,0.7044493890552401
1875,train-load-1.0-scenario-297-retry-2,1.0,0.892483125,0.892483125,0.7189945,6.767658562667902,0.16797042626857095,0.4986962403980957,0.6666666666666666,0.3333333333333333,0.6666666666666666,0.3333333333333333,6,3,6,3,9,4,9,6,0.262342631816864,0.05,,,,,,,,,,,0.39799627360153683,0.7044493890552401
1876,train-load-1.0-scenario-125-retry-9,1.0,1.1166666666666667,0.9861111111111112,1.1166666666666667,12.824327950456597,0.31610471851769506,0.6172286148156382,0.7333333333333333,0.26666666666666666,0.7333333333333333,0.26666666666666666,11,4,11,4,15,6,15,11,0.31256619095802307,0.05,,,,,,,,,,,0.39799627360153683,0.7044493890552401
1877,train-load-0.9-scenario-111-retry-2,0.9,0.8,0.8,0.56,12.376794330001943,1.1363731429981507,0.3636268570018493,0.875,0.125,0.8333333333333334,0.16666666666666666,7,1,10,2,12,5,8,7,0.23763076961040497,0.05,,,,,,,,,,,0.39799627360153683,0.7044493890552401
1878,train-load-1.0-scenario-366-retry-1,1.0,0.950198,0.557810625,0.950198,14.467113730066236,1.1445707435926098,0.45542925640739035,0.9,0.1,0.8461538461538461,0.15384615384615385,9,1,11,2,13,6,10,9,0.43644213676452637,0.05,,,,,,,,,,,0.39799627360153683,0.7044493890552401
1879,train-load-0.8-scenario-258,0.8,0.9166666666666666,0.3055555555555556,0.9166666666666666,4.492228775827777,-0.3516349053250335,0.5334530871432153,0.5454545454545454,0.45454545454545453,0.5454545454545454,0.45454545454545453,6,5,6,5,11,6,11,6,0.25212013721466064,0.05,,,,,,,,,,,0.39799627360153683,0.7044493890552401
1880,train-load-0.6-scenario-103,0.6,0.6875,0.35,0.6875,4.546979424461014,-0.13505173837544948,0.6350517383754495,0.625,0.375,0.625,0.375,5,3,5,3,8,8,8,5,0.27261075377464294,0.05,,,,,,,,,,,0.39799627360153683,0.7044493890552401
1881,train-load-0.6-scenario-95-retry-1,0.6,0.48,0.4,0.48,21.348018217937586,1.6498287635055575,0.3501712364944425,1.0,0.0,1.0,0.0,12,0,12,0,12,5,12,12,0.4014756977558136,0.05,,,,,,,,,,,0.39799627360153683,0.7044493890552401
1882,train-load-0.6-scenario-401,0.6,0.7142857142857143,0.2857142857142857,0.7142857142857143,8.388504361106206,0.29204262540084125,0.5079573745991587,0.7,0.3,0.7,0.3,7,3,7,3,10,7,10,7,0.3024129569530487,0.05,,,,,,,,,,,0.39799627360153683,0.7044493890552401
1883,train-load-1.0-scenario-392,1.0,0.9025232857142858,0.7295535714285715,0.9025232857142858,13.552947305096778,0.4856826560061068,0.4476506773272265,0.7333333333333333,0.26666666666666666,0.7333333333333333,0.26666666666666666,11,4,11,4,15,7,15,11,0.3396741449832916,0.05,,,,,,,,,,,0.39799627360153683,0.7044493890552401
1884,train-load-0.7-scenario-373-retry-1,0.7,0.65,0.65,0.4,10.439749451602708,0.5285769197059558,0.6714230802940443,0.8,0.2,0.8,0.2,8,2,8,2,10,8,10,8,0.5242697596549988,0.05,,,,,,,,,,,0.39799627360153683,0.7044493890552401
1885,train-load-1.0-scenario-255,1.0,0.938504875,0.838970625,0.938504875,18.869871989771855,0.9440125855820327,0.30598741441796734,0.8125,0.1875,0.8,0.2,13,3,16,4,20,8,16,13,0.3313896059989929,0.05,,,,,,,,,,,0.39799627360153683,0.7044493890552401
1886,train-load-0.7-scenario-150,0.7,0.8125,0.11458333333333333,0.8125,5.8905472153323535,-0.17789349196988824,0.35971167378807,0.5454545454545454,0.45454545454545453,0.5454545454545454,0.45454545454545453,6,5,6,5,11,8,11,6,0.2218526154756546,0.05,,,,,,,,,,,0.39799627360153683,0.7044493890552401
1887,train-load-0.8-scenario-714,0.8,0.7066726666666667,0.68313375,0.7066726666666667,10.123197418021892,0.5122501993899294,0.6877498006100706,0.8,0.2,0.7272727272727273,0.2727272727272727,8,2,8,3,11,6,10,8,0.2739127278327942,0.05,,,,,,,,,,,0.39799627360153683,0.7044493890552401
1888,train-load-0.6-scenario-699,0.6,0.5508911428571429,0.27223690476190476,0.5508911428571429,11.938031529322823,1.2304549256239148,0.7695450743760852,1.0,0.0,1.0,0.0,7,0,7,0,7,7,7,7,0.4258834421634674,0.05,,,,,,,,,,,0.39799627360153683,0.7044493890552401
1889,train-load-1.0-scenario-436,1.0,0.8955504285714286,0.7058110119047619,0.8955504285714286,11.942262592017045,0.3732892542859475,0.7036338226371295,0.7692307692307693,0.23076923076923078,0.7857142857142857,0.21428571428571427,10,3,11,3,14,7,13,10,0.283822238445282,0.05,,,,,,,,,,,0.39799627360153683,0.7044493890552401
1890,train-load-1.0-scenario-29-retry-2,1.0,0.91097275,0.7837881250000001,0.91097275,14.097025612214827,1.2804843617404211,0.27507119381513445,0.8888888888888888,0.1111111111111111,0.8,0.2,8,1,8,2,10,4,9,8,0.3956145644187927,0.05,,,,,,,,,,,0.39799627360153683,0.7044493890552401
1891,train-load-0.8-scenario-387,0.8,0.68,0.5666666666666667,0.68,27.64566021952352,1.649582924203038,0.35041707579696196,1.0,0.0,1.0,0.0,17,0,17,0,17,5,17,17,0.2943429946899414,0.05,,,,,,,,,,,0.39799627360153683,0.7044493890552401
1892,train-load-0.7-scenario-239,0.7,0.612457375,0.3992059375,0.612457375,17.439939366737335,1.3143650735803696,0.6856349264196304,1.0,0.0,1.0,0.0,11,0,11,0,11,8,11,11,0.30032849311828613,0.05,,,,,,,,,,,0.39799627360153683,0.7044493890552401
1893,train-load-0.5-scenario-493-retry-1,0.5,0.6,0.6,0.41,16.562392371782405,1.600312682196474,0.39968731780352607,1.0,0.0,1.0,0.0,9,0,9,0,9,5,9,9,0.1713750958442688,0.05,,,,,,,,,,,0.39799627360153683,0.7044493890552401
1894,train-load-0.8-scenario-219-retry-1,0.8,0.9,0.9,0.9,8.047552308248273,0.32953646692160865,0.337130199745058,0.6666666666666666,0.3333333333333333,0.6,0.4,6,3,9,6,15,6,9,6,0.12468135356903076,0.05,,,,,,,,,,,0.39799627360153683,0.7044493890552401
1895,train-load-0.6-scenario-351-retry-2,0.6,0.4857142857142857,0.20238095238095238,0.4857142857142857,26.666554018904886,1.4752765586675889,0.5247234413324111,1.0,0.0,1.0,0.0,17,0,17,0,17,7,17,17,0.3465787172317505,0.05,,,,,,,,,,,0.39799627360153683,0.7044493890552401
1896,train-load-1.0-scenario-107,1.0,0.9060378333333333,0.8254111111111111,0.9060378333333333,12.101471207435235,0.541181749842893,0.4588182501571071,0.75,0.25,0.7142857142857143,0.2857142857142857,9,3,10,4,14,6,12,9,0.3975341320037842,0.05,,,,,,,,,,,0.39799627360153683,0.7044493890552401
1897,train-load-0.5-scenario-376-retry-3,0.5,0.4375,0.18125,0.4375,6.241318582569095,0.15657514526255745,0.3434248547374425,0.625,0.375,0.625,0.375,5,3,5,3,8,8,8,5,0.20524495840072632,0.05,,,,,,,,,,,0.39799627360153683,0.7044493890552401
1898,train-load-0.6-scenario-20-retry-4,0.6,0.5583333333333333,0.5,0.5583333333333333,18.88386723255889,1.508929281602121,0.49107071839787897,1.0,0.0,1.0,0.0,11,0,11,0,11,6,11,11,0.3188122510910034,0.05,,,,,,,,,,,0.39799627360153683,0.7044493890552401
1899,train-load-0.5-scenario-614,0.5,0.5055959999999999,0.42898125,0.5055959999999999,9.553202898995549,1.4863917242463212,0.5136082757536788,1.0,0.0,1.0,0.0,4,0,5,0,5,4,4,4,0.47577038407325745,0.05,,,,,,,,,,,0.39799627360153683,0.7044493890552401
1900,train-load-0.5-scenario-305-retry-1,0.5,0.4,0.35,0.4,24.512076337378573,1.524272965826953,0.47572703417304707,1.0,0.0,1.0,0.0,15,0,15,0,15,6,15,15,0.342052161693573,0.05,0.4064466810807744,0.5171762045907395,0.7309057214178785,0.2690942785821215,0.7167667158558735,0.2832332841441265,0.7256581948544853,0.7483417992207653,0.2668952033468684,0.740440073384275,0.4064466810807744,0.7256581948544853
1901,train-load-0.6-scenario-86,0.6,0.6,0.125,0.6,22.37369702318719,1.273690039520023,0.7263099604799771,1.0,0.0,1.0,0.0,15,0,15,0,15,5,15,15,0.42796844244003296,0.05,,,,,,,,,,,0.4064466810807744,0.7256581948544853
1902,train-load-0.6-scenario-102-retry-5,0.6,0.5104166666666666,0.5104166666666666,0.275,13.20048603113972,1.250129878701503,0.7498701212984972,1.0,0.0,1.0,0.0,8,0,8,0,8,8,8,8,0.15694734454154968,0.05,,,,,,,,,,,0.4064466810807744,0.7256581948544853
1903,train-load-0.6-scenario-676,0.6,0.6159856666666667,0.40071805555555556,0.6159856666666667,13.545511597606392,1.3356764552664644,0.6643235447335356,1.0,0.0,1.0,0.0,8,0,8,0,8,6,8,8,0.3788612484931946,0.05,,,,,,,,,,,0.4064466810807744,0.7256581948544853
1904,train-load-0.9-scenario-68-retry-5,0.9,0.95,0.95,0.6833333333333333,8.197424451998717,-0.057416778074119046,0.5189552396125806,0.6153846153846154,0.38461538461538464,0.6153846153846154,0.38461538461538464,8,5,8,5,13,6,13,8,0.3528454303741455,0.05,,,,,,,,,,,0.4064466810807744,0.7256581948544853
1905,train-load-0.6-scenario-324,0.6,0.5149076,0.26748,0.5149076,9.460853964116401,1.2665959253501695,0.7334040746498305,1.0,0.0,1.0,0.0,5,0,5,0,5,5,5,5,0.28601038455963135,0.05,,,,,,,,,,,0.4064466810807744,0.7256581948544853
1906,train-load-0.9-scenario-60,0.9,1.0,0.6666666666666666,1.0,4.059638020832647,-0.14740956899747226,0.6474095689974723,0.625,0.375,0.625,0.375,5,3,5,3,8,6,8,5,0.16906847059726715,0.05,,,,,,,,,,,0.4064466810807744,0.7256581948544853
1907,train-load-0.9-scenario-593,0.9,0.8262735000000001,0.41983812499999995,0.8262735000000001,9.38738326096477,0.8671931628797672,0.5613782656916613,0.8571428571428571,0.14285714285714285,0.8571428571428571,0.14285714285714285,6,1,6,1,7,4,7,6,0.09730067849159241,0.05,,,,,,,,,,,0.4064466810807744,0.7256581948544853
1908,train-load-0.6-scenario-624-retry-1,0.6,0.48,0.4,0.48,38.223311652277275,1.751838086727906,0.24816191327209403,1.0,0.0,1.0,0.0,24,0,24,0,24,5,24,24,0.3352013826370239,0.05,,,,,,,,,,,0.4064466810807744,0.7256581948544853
1909,train-load-0.6-scenario-567-retry-1,0.6,0.5,0.5,0.5,32.29076524018825,1.6842862355213437,0.3157137644786563,1.0,0.0,1.0,0.0,20,0,20,0,20,8,20,20,0.16335132718086243,0.05,,,,,,,,,,,0.4064466810807744,0.7256581948544853
1910,train-load-0.5-scenario-705,0.5,0.4592794,0.40109249999999996,0.4592794,10.606989064541443,1.4536486860863111,0.5463513139136889,1.0,0.0,1.0,0.0,5,0,6,0,6,5,5,5,0.5505949854850769,0.05,,,,,,,,,,,0.4064466810807744,0.7256581948544853
1911,train-load-0.5-scenario-96-retry-7,0.5,0.5625,0.09375,0.5625,12.00934558591543,0.9106628311955763,0.644892724359979,0.8888888888888888,0.1111111111111111,0.8888888888888888,0.1111111111111111,8,1,8,1,9,8,9,8,0.3513244390487671,0.05,,,,,,,,,,,0.4064466810807744,0.7256581948544853
1912,train-hard-8gpu-16pod-1vgpu,0.5,0.5,0.3333333333333333,0.5,27.21738182198293,1.8333333333333335,0.16666666666666663,1.0,0.0,1.0,0.0,16,0,16,0,16,8,16,16,0.23045171797275543,0.05,,,,,,,,,,,0.4064466810807744,0.7256581948544853
1913,train-load-0.6-scenario-388,0.6,0.54353475,0.381528125,0.54353475,2.3052232727405584,0.11997371901089304,0.5466929476557736,0.6666666666666666,0.3333333333333333,0.6,0.4,2,1,3,2,5,4,3,2,0.2756180763244629,0.05,,,,,,,,,,,0.4064466810807744,0.7256581948544853
1914,train-load-0.6-scenario-124,0.6,0.5365062500000001,0.5365062500000001,0.48099816666666667,11.271586895332089,1.3396980386093014,0.6603019613906985,1.0,0.0,1.0,0.0,6,0,8,0,8,6,6,6,0.13980555534362793,0.05,,,,,,,,,,,0.4064466810807744,0.7256581948544853
1915,train-hard-8gpu-16pod-1vgpu,0.5,0.5,0.3333333333333333,0.5,25.93929682471377,1.625,0.375,1.0,0.0,1.0,0.0,16,0,16,0,16,8,16,16,0.4052704870700836,0.05,,,,,,,,,,,0.4064466810807744,0.7256581948544853
1916,train-load-0.8-scenario-707,0.8,0.6998176666666667,0.49817875,0.6998176666666667,7.6794148855743085,0.5748306964353204,0.8537407321361081,0.8571428571428571,0.14285714285714285,0.7777777777777778,0.2222222222222222,6,1,7,2,9,6,7,6,0.13853409886360168,0.05,,,,,,,,,,,0.4064466810807744,0.7256581948544853
1917,train-load-0.5-scenario-358,0.5,0.6,0.6,0.36,19.561903496688032,1.4705635458919846,0.5294364541080154,1.0,0.0,1.0,0.0,12,0,12,0,12,5,12,12,0.3802412152290344,0.05,,,,,,,,,,,0.4064466810807744,0.7256581948544853
1918,train-hard-8gpu-16pod-1vgpu,0.5,0.5,0.3333333333333333,0.5,25.535587440307925,1.5387055078389387,0.46129449216106144,1.0,0.0,1.0,0.0,16,0,16,0,16,8,16,16,0.2947922348976135,0.05,,,,,,,,,,,0.4064466810807744,0.7256581948544853
1919,train-load-0.7-scenario-599,0.7,0.73408225,0.5738690104166667,0.73408225,17.775705903424516,1.1092038149561856,0.5831038773515069,0.9230769230769231,0.07692307692307693,0.9285714285714286,0.07142857142857142,12,1,13,1,14,8,13,12,0.34981170296669006,0.05,,,,,,,,,,,0.4064466810807744,0.7256581948544853
1920,train-load-0.8-scenario-325,0.8,0.6862685714285714,0.6862685714285714,0.6354387142857143,11.303334400745094,0.3140267352113705,0.7628963417117065,0.7692307692307693,0.23076923076923078,0.7857142857142857,0.21428571428571427,10,3,11,3,14,7,13,10,0.47010454535484314,0.05,,,,,,,,,,,0.4064466810807744,0.7256581948544853
1921,train-load-0.9-scenario-333-retry-1,0.9,0.8553594999999999,0.5613025,0.8553594999999999,9.871160354436816,0.39361232303739613,0.8791149496898767,0.8181818181818182,0.18181818181818182,0.75,0.25,9,2,9,3,12,6,11,9,0.33354905247688293,0.05,,,,,,,,,,,0.4064466810807744,0.7256581948544853
1922,train-load-0.6-scenario-390,0.6,0.5,0.5,0.1,14.484871296790903,1.4658760088456684,0.5341239911543316,1.0,0.0,1.0,0.0,8,0,8,0,8,8,8,8,0.22813680768013,0.05,,,,,,,,,,,0.4064466810807744,0.7256581948544853
1923,train-load-0.8-scenario-148-retry-1,0.8,0.8625,0.8625,0.525,6.641421251070205,0.09539366163490204,0.5712730050317646,0.6666666666666666,0.3333333333333333,0.5384615384615384,0.46153846153846156,6,3,7,6,13,8,9,6,0.26658445596694946,0.05,,,,,,,,,,,0.4064466810807744,0.7256581948544853
1924,train-load-0.8-scenario-25,0.8,0.698236,0.6758824404761905,0.698236,14.632577950606741,0.8371140000471552,0.8295526666195114,0.9166666666666666,0.08333333333333333,0.8461538461538461,0.15384615384615385,11,1,11,2,13,7,12,11,0.1969267874956131,0.05,,,,,,,,,,,0.4064466810807744,0.7256581948544853
1925,train-load-0.9-scenario-165,0.9,0.82,0.3,0.82,17.927043283214857,1.119985802818571,0.5723218894891213,0.9230769230769231,0.07692307692307693,0.9230769230769231,0.07692307692307693,12,1,12,1,13,5,13,12,0.3072049617767334,0.05,,,,,,,,,,,0.4064466810807744,0.7256581948544853
1926,train-load-0.6-scenario-96,0.6,0.6169544,0.3266295,0.6169544,11.089478842066983,1.3117398351221032,0.6882601648778967,1.0,0.0,1.0,0.0,6,0,6,0,6,5,6,6,0.29819926619529724,0.05,,,,,,,,,,,0.4064466810807744,0.7256581948544853
1927,train-load-0.5-scenario-452-retry-2,0.5,0.525,0.2916666666666667,0.525,19.579629256011042,1.4767967825340476,0.5232032174659523,1.0,0.0,1.0,0.0,12,0,12,0,12,6,12,12,0.2989504337310791,0.05,,,,,,,,,,,0.4064466810807744,0.7256581948544853
1928,train-load-0.6-scenario-317,0.6,0.7142857142857143,0.7142857142857143,0.35714285714285715,8.472443299700362,0.2988100216121641,0.5011899783878359,0.7,0.3,0.7,0.3,7,3,7,3,10,7,10,7,0.23669284582138062,0.05,,,,,,,,,,,0.4064466810807744,0.7256581948544853
1929,train-load-0.9-scenario-417,0.9,0.7950666666666667,0.7950666666666667,0.7793846666666667,13.34015757543894,0.7173346015106299,0.6159987318227036,0.8333333333333334,0.16666666666666666,0.7692307692307693,0.23076923076923078,10,2,10,3,13,6,12,10,0.19450774788856506,0.05,,,,,,,,,,,0.4064466810807744,0.7256581948544853
1930,train-load-0.5-scenario-293,0.5,0.48531171428571435,0.43936101190476196,0.48531171428571435,14.680041167015306,1.2776183113667912,0.7223816886332088,1.0,0.0,1.0,0.0,9,0,9,0,9,7,9,9,0.4720745086669922,0.05,,,,,,,,,,,0.4064466810807744,0.7256581948544853
1931,train-load-0.9-scenario-331-retry-5,0.9,0.8229166666666666,0.8229166666666666,0.7,5.364800892359465,-0.34375137718062565,0.677084710513959,0.5833333333333334,0.4166666666666667,0.5882352941176471,0.4117647058823529,7,5,10,7,17,8,12,7,0.37423479557037354,0.05,,,,,,,,,,,0.4064466810807744,0.7256581948544853
1932,train-load-0.9-scenario-541,0.9,0.7927025999999999,0.4664935,0.7927025999999999,7.795820140619267,0.5924757096143163,0.8360957189571122,0.8571428571428571,0.14285714285714285,0.75,0.25,6,1,6,2,8,5,7,6,0.36176538467407227,0.05,,,,,,,,,,,0.4064466810807744,0.7256581948544853
1933,train-load-1.0-scenario-73,1.0,1.00025,0.7546925,1.00025,5.260313429730615,-0.16623989176969178,0.5662398917696917,0.6,0.4,0.5833333333333334,0.4166666666666667,6,4,7,5,12,5,10,6,0.3203185200691223,0.05,,,,,,,,,,,0.4064466810807744,0.7256581948544853
1934,train-load-1.0-scenario-14-retry-5,1.0,0.9896632857142857,0.7443824404761905,0.9896632857142857,14.289097356231341,0.5139455194367727,0.6860544805632274,0.8,0.2,0.75,0.25,12,3,12,4,16,7,15,12,0.43382373452186584,0.05,,,,,,,,,,,0.4064466810807744,0.7256581948544853
1935,train-load-0.7-scenario-176-retry-1,0.7,0.6,0.15,0.6,18.84480611239353,1.3070760972884452,0.6929239027115548,1.0,0.0,1.0,0.0,12,0,12,0,12,4,12,12,0.4413912892341614,0.05,,,,,,,,,,,0.4064466810807744,0.7256581948544853
1936,train-load-0.9-scenario-72,0.9,0.84,0.84,0.84,24.05667853128941,0.9950242348313143,0.24307100326392383,0.8095238095238095,0.19047619047619047,0.8095238095238095,0.19047619047619047,17,4,17,4,21,5,21,17,0.10505291819572449,0.05,,,,,,,,,,,0.4064466810807744,0.7256581948544853
1937,train-load-1.0-scenario-24-retry-2,1.0,0.9085693333333335,0.6925090277777778,0.9085693333333335,15.708819278085892,0.9210162137085427,0.4635991709068419,0.8461538461538461,0.15384615384615385,0.8461538461538461,0.15384615384615385,11,2,11,2,13,6,13,11,0.39680027961730957,0.05,,,,,,,,,,,0.4064466810807744,0.7256581948544853
1938,train-load-0.7-scenario-464,0.7,0.7026695999999999,0.45906075,0.7026695999999999,14.827448649343896,1.4631364529420412,0.5368635470579587,1.0,0.0,1.0,0.0,8,0,8,0,8,5,8,8,0.23819611966609955,0.05,,,,,,,,,,,0.4064466810807744,0.7256581948544853
1939,train-load-0.8-scenario-64,0.8,0.7319714999999999,0.6466270833333333,0.7319714999999999,10.859453964702226,0.1670211082312656,0.6901217489115916,0.7142857142857143,0.2857142857142857,0.7142857142857143,0.2857142857142857,10,4,10,4,14,8,14,10,0.4569244682788849,0.05,,,,,,,,,,,0.4064466810807744,0.7256581948544853
1940,train-hard-4gpu-4pod-1vgpu,0.25,0.25,0.16666666666666666,0.25,11.544497883017963,1.9166666666666665,0.08333333333333337,1.0,0.0,1.0,0.0,4,0,4,0,4,4,4,4,0.2755170464515686,0.05,,,,,,,,,,,0.4064466810807744,0.7256581948544853
1941,train-load-0.9-scenario-635,0.9,0.9231127499999999,0.4629046875,0.9231127499999999,5.848168890494349,0.26577326707782123,0.591369590065036,0.7142857142857143,0.2857142857142857,0.7142857142857143,0.2857142857142857,5,2,5,2,7,4,7,5,0.3800869584083557,0.05,,,,,,,,,,,0.4064466810807744,0.7256581948544853
1942,train-load-0.8-scenario-72,0.8,0.6942014000000001,0.41499050000000004,0.6942014000000001,8.521368189037197,0.6628886989166528,0.7656827296547757,0.8571428571428571,0.14285714285714285,0.8571428571428571,0.14285714285714285,6,1,6,1,7,5,7,6,0.2734433114528656,0.05,,,,,,,,,,,0.4064466810807744,0.7256581948544853
1943,train-load-1.0-scenario-655-retry-1,1.0,0.9347875000000001,0.9347875000000001,0.8275166,7.640694808341749,0.04155779006917815,0.5038967553853673,0.6363636363636364,0.36363636363636365,0.5833333333333334,0.4166666666666667,7,4,7,5,12,5,11,7,0.49319517612457275,0.05,,,,,,,,,,,0.4064466810807744,0.7256581948544853
1944,train-load-0.7-scenario-170-retry-2,0.7,0.65,0.4,0.65,13.929557914207354,1.3904683333820447,0.6095316666179553,1.0,0.0,1.0,0.0,8,0,8,0,8,6,8,8,0.17926599085330963,0.05,,,,,,,,,,,0.4064466810807744,0.7256581948544853
1945,train-load-0.7-scenario-454,0.7,0.6666666666666666,0.2777777777777778,0.6666666666666666,10.624494772264498,0.6032114572392918,0.5967885427607083,0.8,0.2,0.8,0.2,8,2,8,2,10,6,10,8,0.48991966247558594,0.05,,,,,,,,,,,0.4064466810807744,0.7256581948544853
1946,train-load-0.9-scenario-213,0.9,0.85,0.85,0.6625,10.728378177133244,0.8883381133899859,0.6116618866100142,0.875,0.125,0.7777777777777778,0.2222222222222222,7,1,7,2,9,4,8,7,0.23371464014053345,0.05,,,,,,,,,,,0.4064466810807744,0.7256581948544853
1947,train-load-0.6-scenario-281,0.6,0.5227566,0.40928749999999997,0.5227566,10.515577492320375,1.4452578911396927,0.5547421088603073,1.0,0.0,1.0,0.0,5,0,6,0,6,5,5,5,0.3423754572868347,0.05,,,,,,,,,,,0.4064466810807744,0.7256581948544853
1948,train-load-0.5-scenario-286,0.5,0.5817091428571428,0.2286404761904762,0.5817091428571428,8.95009193135895,1.1347203928587877,0.8652796071412123,1.0,0.0,1.0,0.0,5,0,7,0,7,7,5,5,0.7667335867881775,0.05,,,,,,,,,,,0.4064466810807744,0.7256581948544853
1949,train-load-0.9-scenario-655,0.9,0.860137,0.659071875,0.860137,7.544760238486596,0.3593857691250396,0.6406142308749604,0.75,0.25,0.75,0.25,6,2,6,2,8,4,8,6,0.3631402254104614,0.05,,,,,,,,,,,0.4064466810807744,0.7256581948544853
1950,train-load-0.7-scenario-89-retry-1,0.7,0.7,0.675,0.7,12.11670093379827,1.09652856578562,0.4034714342143799,0.875,0.125,0.875,0.125,7,1,7,1,8,4,8,7,0.2582011818885803,0.05,,,,,,,,,,,0.4064466810807744,0.7256581948544853
1951,train-load-0.9-scenario-107-retry-9,0.9,0.9125,0.8625,0.9125,11.437238298100288,0.7659464155401557,0.4340535844598443,0.8,0.2,0.8,0.2,8,2,8,2,10,4,10,8,0.3267132639884949,0.05,,,,,,,,,,,0.4064466810807744,0.7256581948544853
1952,train-load-0.7-scenario-44-retry-2,0.7,0.6285714285714286,0.6285714285714286,0.5142857142857142,10.469570947822174,0.8559952111071885,0.6440047888928115,0.875,0.125,0.875,0.125,7,1,7,1,8,7,8,7,0.20718061923980713,0.05,,,,,,,,,,,0.4064466810807744,0.7256581948544853
1953,train-load-0.5-scenario-444,0.5,0.42608825000000006,0.31256,0.42608825000000006,8.994709620799064,1.3547475007413887,0.6452524992586113,1.0,0.0,1.0,0.0,4,0,4,0,4,4,4,4,0.4388653039932251,0.05,,,,,,,,,,,0.4064466810807744,0.7256581948544853
1954,train-load-0.6-scenario-355-retry-1,0.6,0.6857142857142857,0.6857142857142857,0.2642857142857143,10.55701599302725,0.8656755284825635,0.6343244715174365,0.875,0.125,0.875,0.125,7,1,7,1,8,7,8,7,0.26664721965789795,0.05,,,,,,,,,,,0.4064466810807744,0.7256581948544853
1955,train-load-1.0-scenario-650-retry-2,1.0,0.9714285714285714,0.6428571428571429,0.9714285714285714,8.662743140425935,0.4391045522743565,0.6720065588367546,0.7777777777777778,0.2222222222222222,0.6923076923076923,0.3076923076923077,7,2,9,4,13,7,9,7,0.3205172121524811,0.05,,,,,,,,,,,0.4064466810807744,0.7256581948544853
1956,train-hard-4gpu-8pod-1vgpu,0.5,0.5,0.3333333333333333,0.5,16.42232909936926,1.8333333333333335,0.16666666666666663,1.0,0.0,1.0,0.0,8,0,8,0,8,4,8,8,0.27328237891197205,0.05,,,,,,,,,,,0.4064466810807744,0.7256581948544853
1957,train-load-0.8-scenario-221-retry-1,0.8,0.9,0.9,0.8,6.310373010545887,-0.19419557092329676,0.5275289042566301,0.5833333333333334,0.4166666666666667,0.5833333333333334,0.4166666666666667,7,5,7,5,12,5,12,7,0.21859687566757202,0.05,,,,,,,,,,,0.4064466810807744,0.7256581948544853
1958,train-load-0.5-scenario-90-retry-1,0.5,0.5625,0.375,0.5625,18.387797067848673,1.4077375736559612,0.5922624263440388,1.0,0.0,1.0,0.0,11,0,11,0,11,8,11,11,0.2782311737537384,0.05,,,,,,,,,,,0.4064466810807744,0.7256581948544853
1959,train-load-0.7-scenario-16,0.7,0.7142857142857143,0.7142857142857143,0.5714285714285714,9.652104106353194,0.4937864128054851,0.30621358719451486,0.7,0.3,0.7,0.3,7,3,7,3,10,7,10,7,0.23927606642246246,0.05,,,,,,,,,,,0.4064466810807744,0.7256581948544853
1960,train-load-0.8-scenario-116-retry-3,0.8,0.875,0.2,0.875,-3.3169854944779997,-1.50812457807237,0.5081245780723701,0.25,0.75,0.25,0.75,2,6,2,6,8,8,8,2,0.34255221486091614,0.05,,,,,,,,,,,0.4064466810807744,0.7256581948544853
1961,train-load-0.5-scenario-99-retry-1,0.5,0.5428571428571428,0.5285714285714286,0.5428571428571428,16.550155862896084,1.5340542083954405,0.4659457916045595,1.0,0.0,1.0,0.0,9,0,9,0,9,7,9,9,0.2412489503622055,0.05,,,,,,,,,,,0.4064466810807744,0.7256581948544853
1962,train-load-0.8-scenario-711,0.8,0.731077,0.4235864583333333,0.731077,9.868781277151205,1.2988232307829841,0.7011767692170159,1.0,0.0,1.0,0.0,5,0,6,0,6,4,5,5,0.24584758281707764,0.05,,,,,,,,,,,0.4064466810807744,0.7256581948544853
1963,train-load-1.0-scenario-293,1.0,0.9265678,0.812525,0.9265678,12.988858972537555,0.8084631713497265,0.4642641013775463,0.8181818181818182,0.18181818181818182,0.75,0.25,9,2,9,3,12,5,11,9,0.2970596253871918,0.05,,,,,,,,,,,0.4064466810807744,0.7256581948544853
1964,train-load-0.6-scenario-626,0.6,0.5,0.5,0.375,20.715455547932773,1.5705107859985106,0.42948921400148937,1.0,0.0,1.0,0.0,12,0,12,0,12,8,12,12,0.31602662801742554,0.05,,,,,,,,,,,0.4064466810807744,0.7256581948544853
1965,train-load-0.6-scenario-474-retry-1,0.6,0.72,0.56,0.72,21.191526370809807,1.6992162133175888,0.30078378668241135,1.0,0.0,1.0,0.0,12,0,12,0,12,5,12,12,0.35092177987098694,0.05,,,,,,,,,,,0.4064466810807744,0.7256581948544853
1966,train-load-0.6-scenario-164-retry-4,0.6,0.5,0.3333333333333333,0.5,30.6889073679224,1.5135528857512652,0.4864471142487348,1.0,0.0,1.0,0.0,20,0,20,0,20,8,20,20,0.0924968346953392,0.05,,,,,,,,,,,0.4064466810807744,0.7256581948544853
1967,train-load-0.8-scenario-470,0.8,0.68999,0.68999,0.5674547999999999,16.121653024633254,1.5533228845314317,0.44667711546856814,1.0,0.0,1.0,0.0,9,0,9,0,9,5,9,9,0.5737341642379761,0.05,,,,,,,,,,,0.4064466810807744,0.7256581948544853
1968,train-load-0.6-scenario-466,0.6,0.5168568452380953,0.5168568452380953,0.4474275714285714,13.219937674874922,1.2493836698936593,0.7506163301063407,1.0,0.0,1.0,0.0,8,0,9,0,9,7,8,8,0.4624564051628113,0.05,,,,,,,,,,,0.4064466810807744,0.7256581948544853
1969,train-load-0.5-scenario-206,0.5,0.47973183333333336,0.4069666666666667,0.47973183333333336,13.299417479264168,1.2217533796399846,0.7782466203600154,1.0,0.0,1.0,0.0,8,0,8,0,8,6,8,8,0.2922435402870178,0.05,,,,,,,,,,,0.4064466810807744,0.7256581948544853
1970,train-load-0.5-scenario-137-retry-1,0.5,0.5666666666666667,0.4722222222222222,0.5666666666666667,5.48261850827026,0.037273403239180825,0.9627265967608192,0.75,0.25,0.75,0.25,6,2,6,2,8,6,8,6,0.35959988832473755,0.05,,,,,,,,,,,0.4064466810807744,0.7256581948544853
1971,train-load-0.5-scenario-422-retry-1,0.5,0.6,0.4,0.6,17.8594830640235,1.2704210539067786,0.396245612759888,0.9166666666666666,0.08333333333333333,0.9166666666666666,0.08333333333333333,11,1,11,1,12,5,12,11,0.6673755645751953,0.05,,,,,,,,,,,0.4064466810807744,0.7256581948544853
1972,train-load-0.5-scenario-492,0.5,0.45770337499999997,0.333496875,0.45770337499999997,11.312346244630781,1.3302282964951357,0.6697717035048643,1.0,0.0,1.0,0.0,6,0,8,0,8,8,6,6,0.28493738174438477,0.05,,,,,,,,,,,0.4064466810807744,0.7256581948544853
1973,train-load-0.5-scenario-32-retry-1,0.5,0.425,0.3020833333333333,0.425,13.803129681888715,1.2904695983495937,0.7095304016504063,1.0,0.0,1.0,0.0,8,0,8,0,8,8,8,8,0.48815715312957764,0.05,,,,,,,,,,,0.4064466810807744,0.7256581948544853
1974,train-load-0.7-scenario-320,0.7,0.7619047619047619,0.7619047619047619,0.22857142857142856,7.274552700175027,0.390719914491901,0.609280085508099,0.75,0.25,0.75,0.25,6,2,6,2,8,7,8,6,0.21781271696090698,0.05,,,,,,,,,,,0.4064466810807744,0.7256581948544853
1975,train-load-0.8-scenario-613,0.8,0.7374232142857142,0.7374232142857142,0.6455385714285714,11.61883782454946,0.32059534890373,0.756327728019347,0.7692307692307693,0.23076923076923078,0.7692307692307693,0.23076923076923078,10,3,10,3,13,7,13,10,0.33917945623397827,0.05,,,,,,,,,,,0.4064466810807744,0.7256581948544853
1976,train-load-0.7-scenario-651-retry-1,0.7,0.8,0.8,0.64,6.187920805894988,0.2118544779585455,0.2881455220414545,0.625,0.375,0.625,0.375,5,3,5,3,8,5,8,5,0.3313981890678406,0.05,,,,,,,,,,,0.4064466810807744,0.7256581948544853
1977,train-load-0.7-scenario-543,0.7,0.6751012000000001,0.27290475,0.6751012000000001,8.715285111645128,1.1813897031318037,0.8186102968681963,1.0,0.0,1.0,0.0,5,0,6,0,6,5,5,5,0.6802632808685303,0.05,,,,,,,,,,,0.4064466810807744,0.7256581948544853
1978,train-load-0.9-scenario-744-retry-4,0.9,1.0,0.2,1.0,2.9124337405571596,-0.5157532179550107,0.5157532179550107,0.5,0.5,0.5,0.5,5,5,5,5,10,5,10,5,0.6394697427749634,0.05,,,,,,,,,,,0.4064466810807744,0.7256581948544853
1979,train-load-0.6-scenario-108,0.6,0.71875,0.4791666666666667,0.71875,16.279253097277994,1.2244331932113142,0.41193044315232213,0.9090909090909091,0.09090909090909091,0.8666666666666667,0.13333333333333333,10,1,13,2,15,8,11,10,0.5223709344863892,0.05,,,,,,,,,,,0.4064466810807744,0.7256581948544853
1980,train-load-0.9-scenario-250-retry-7,0.9,1.02,0.84,1.02,9.912226155308693,0.2314423389328394,0.7685576610671606,0.75,0.25,0.75,0.25,9,3,9,3,12,5,12,9,0.2923734486103058,0.05,,,,,,,,,,,0.4064466810807744,0.7256581948544853
1981,train-load-0.7-scenario-157,0.7,0.7063687142857142,0.3794826785714286,0.7063687142857142,7.339029378670177,0.6483621071130043,0.6849712262203291,0.8333333333333334,0.16666666666666666,0.7777777777777778,0.2222222222222222,5,1,7,2,9,7,6,5,0.260177344083786,0.05,,,,,,,,,,,0.4064466810807744,0.7256581948544853
1982,train-load-0.5-scenario-65,0.5,0.42873485714285714,0.23869940476190477,0.42873485714285714,10.29847120768881,1.3890253245964916,0.6109746754035084,1.0,0.0,1.0,0.0,5,0,6,0,6,7,5,5,0.5135677456855774,0.05,,,,,,,,,,,0.4064466810807744,0.7256581948544853
1983,train-load-0.5-scenario-231-retry-2,0.5,0.5142857142857142,0.5142857142857142,0.12857142857142856,15.009780273314139,1.3117797698554265,0.6882202301445733,1.0,0.0,1.0,0.0,9,0,9,0,9,7,9,9,0.347604900598526,0.05,,,,,,,,,,,0.4064466810807744,0.7256581948544853
1984,train-load-0.7-scenario-67,0.7,0.6309901666666666,0.33577291666666664,0.6309901666666666,11.17330837169822,1.323546432735434,0.676453567264566,1.0,0.0,1.0,0.0,6,0,7,0,7,6,6,6,0.4565417766571045,0.05,,,,,,,,,,,0.4064466810807744,0.7256581948544853
1985,train-load-0.8-scenario-66,0.8,0.6875,0.4583333333333333,0.6875,11.74808919478695,0.7217004725625453,0.1873904365283639,0.7272727272727273,0.2727272727272727,0.7272727272727273,0.2727272727272727,8,3,8,3,11,8,11,8,0.17101645469665527,0.05,,,,,,,,,,,0.4064466810807744,0.7256581948544853
1986,train-load-0.9-scenario-315,0.9,0.8121508749999999,0.5236334375,0.8121508749999999,11.195248563638588,0.5069385420179028,0.76578873070937,0.8181818181818182,0.18181818181818182,0.7142857142857143,0.2857142857142857,9,2,10,4,14,8,11,9,0.5529415011405945,0.05,,,,,,,,,,,0.4064466810807744,0.7256581948544853
1987,train-load-0.9-scenario-736,0.9,0.7832905714285714,0.40436500000000003,0.7832905714285714,10.987735758775417,0.5135295781234855,0.7591976946037873,0.8181818181818182,0.18181818181818182,0.8181818181818182,0.18181818181818182,9,2,9,2,11,7,11,9,0.39590418338775635,0.05,,,,,,,,,,,0.4064466810807744,0.7256581948544853
1988,train-load-0.5-scenario-386,0.5,0.43612500000000004,0.1892,0.43612500000000004,9.545115321002655,1.474890872046101,0.5251091279538991,1.0,0.0,1.0,0.0,4,0,5,0,5,6,4,4,0.43738269805908203,0.05,,,,,,,,,,,0.4064466810807744,0.7256581948544853
1989,train-load-0.5-scenario-564-retry-1,0.5,0.5357142857142857,0.12857142857142856,0.5357142857142857,14.610177693173792,1.2920403055413296,0.7079596944586704,1.0,0.0,1.0,0.0,9,0,9,0,9,7,9,9,0.3839033842086792,0.05,,,,,,,,,,,0.4064466810807744,0.7256581948544853
1990,train-load-1.0-scenario-536-retry-1,1.0,1.0077762857142858,0.4507801785714286,1.0077762857142858,13.442541693408831,1.0095690658375354,0.5904309341624647,0.9,0.1,0.8333333333333334,0.16666666666666666,9,1,10,2,12,7,10,9,0.4621802568435669,0.05,,,,,,,,,,,0.4064466810807744,0.7256581948544853
1991,train-load-0.5-scenario-708-retry-1,0.5,0.5714285714285714,0.4,0.5714285714285714,13.962460925657549,1.1497903222454513,0.8502096777545487,1.0,0.0,1.0,0.0,9,0,9,0,9,7,9,9,0.21706852316856384,0.05,,,,,,,,,,,0.4064466810807744,0.7256581948544853
1992,train-load-0.6-scenario-193,0.6,0.6461184000000001,0.385955,0.6461184000000001,12.21688169236419,1.3199212735305546,0.6800787264694454,1.0,0.0,1.0,0.0,7,0,7,0,7,5,7,7,0.337424635887146,0.05,,,,,,,,,,,0.4064466810807744,0.7256581948544853
1993,train-load-0.9-scenario-320-retry-3,0.9,1.00625,0.78125,1.00625,4.772165655105802,-0.6611073888054928,0.7944407221388261,0.5333333333333333,0.4666666666666667,0.5333333333333333,0.4666666666666667,8,7,8,7,15,8,15,8,0.4311419129371643,0.05,,,,,,,,,,,0.4064466810807744,0.7256581948544853
1994,train-load-0.9-scenario-70-retry-1,0.9,0.8440892,0.7547933333333333,0.8440892,15.306134940818819,1.2368405215874143,0.3631594784125858,0.9,0.1,0.8181818181818182,0.18181818181818182,9,1,9,2,11,5,10,9,0.3311517536640167,0.05,,,,,,,,,,,0.4064466810807744,0.7256581948544853
1995,train-load-0.9-scenario-677-retry-3,0.9,0.7875,0.7875,0.375,13.137960756784546,0.6722158988618829,0.6611174344714504,0.8333333333333334,0.16666666666666666,0.8333333333333334,0.16666666666666666,10,2,10,2,12,8,12,10,0.35226452350616455,0.05,,,,,,,,,,,0.4064466810807744,0.7256581948544853
1996,train-load-0.6-scenario-26-retry-1,0.6,0.7,0.7,0.35,16.54774656722866,0.8266365159356232,0.6019349126358053,0.8571428571428571,0.14285714285714285,0.8571428571428571,0.14285714285714285,12,2,12,2,14,8,14,12,0.11754453182220459,0.05,,,,,,,,,,,0.4064466810807744,0.7256581948544853
1997,train-load-0.6-scenario-339,0.6,0.5171091666666666,0.3099666666666667,0.5171091666666666,10.461292080415083,1.1865414298208616,0.8134585701791383,1.0,0.0,1.0,0.0,6,0,7,0,7,6,6,6,0.3106684982776642,0.05,,,,,,,,,,,0.4064466810807744,0.7256581948544853
1998,train-load-0.9-scenario-239,0.9,0.8075377142857142,0.3204669642857143,0.8075377142857142,14.211738110117572,1.0796154963244933,0.5203845036755069,0.9,0.1,0.8181818181818182,0.18181818181818182,9,1,9,2,11,7,10,9,0.31439322233200073,0.05,,,,,,,,,,,0.4064466810807744,0.7256581948544853
1999,train-load-0.9-scenario-731,0.9,0.7803275714285713,0.6427330357142857,0.7803275714285713,14.980688388933729,1.2080381669192632,0.39196183308073673,0.9,0.1,0.8333333333333334,0.16666666666666666,9,1,10,2,12,7,10,9,0.3659151792526245,0.05,,,,,,,,,,,0.4064466810807744,0.7256581948544853
2000,train-hard-4gpu-12pod-small,0.375,0.375,0.25,0.375,22.316746824526945,1.875,0.125,1.0,0.0,1.0,0.0,12,0,12,0,12,4,12,12,0.48757097125053406,0.05,0.3933361053696544,0.5237436601866022,0.7292699413890642,0.27073005861093585,0.7147271402991088,0.28527285970089117,0.6899688684170358,0.692046567364965,0.2884918297002382,0.7335857938896975,0.4064466810807744,0.7256581948544853
2001,train-load-0.8-scenario-513,0.8,0.7375108,0.6581555,0.7375108,11.102594015840216,0.7858140282156231,0.7697415273399325,0.8888888888888888,0.1111111111111111,0.9,0.1,8,1,9,1,10,5,9,8,0.4195364713668823,0.05,,,,,,,,,,,0.4064466810807744,0.7256581948544853
2002,train-load-1.0-scenario-26,1.0,0.9232364285714285,0.4900230357142857,0.9232364285714285,12.517821411849066,0.7525142932937631,0.5202129794335097,0.8181818181818182,0.18181818181818182,0.75,0.25,9,2,9,3,12,7,11,9,0.21502143144607544,0.05,,,,,,,,,,,0.4064466810807744,0.7256581948544853
2003,train-load-1.0-scenario-79-retry-6,1.0,0.9,0.6,0.9,19.178572676088102,0.7679445557843587,0.34316655532675244,0.7777777777777778,0.2222222222222222,0.7777777777777778,0.2222222222222222,14,4,14,4,18,5,18,14,0.30268850922584534,0.05,,,,,,,,,,,0.4064466810807744,0.7256581948544853
2004,train-load-0.9-scenario-608-retry-8,0.9,0.9916666666666667,0.4625,0.9916666666666667,16.5289213248667,0.6409305292116132,0.6090694707883867,0.8125,0.1875,0.8125,0.1875,13,3,13,3,16,6,16,13,0.35670506954193115,0.05,,,,,,,,,,,0.4064466810807744,0.7256581948544853
2005,train-load-0.8-scenario-556,0.8,0.7885601428571429,0.6574223214285714,0.7885601428571429,14.945909347436062,0.7136121142799698,0.6710032703354147,0.8461538461538461,0.15384615384615385,0.7857142857142857,0.21428571428571427,11,2,11,3,14,7,13,11,0.46378740668296814,0.05,,,,,,,,,,,0.4064466810807744,0.7256581948544853
2006,train-load-0.7-scenario-48,0.7,0.603708,0.36796755952380955,0.603708,14.04349642934191,1.3888620298421133,0.6111379701578867,1.0,0.0,1.0,0.0,8,0,9,0,9,7,8,8,0.4239300787448883,0.05,,,,,,,,,,,0.4064466810807744,0.7256581948544853
2007,train-load-0.5-scenario-7,0.5,0.5339756666666666,0.31109479166666665,0.5339756666666666,10.197203648782324,1.128816321412987,0.8711836785870131,1.0,0.0,1.0,0.0,6,0,6,0,6,6,6,6,0.34203094244003296,0.05,,,,,,,,,,,0.4064466810807744,0.7256581948544853
2008,train-load-0.7-scenario-209-retry-1,0.7,0.6,0.2916666666666667,0.6,16.12770027299365,1.2736414121020065,0.7263585878979935,1.0,0.0,1.0,0.0,10,0,10,0,10,8,10,10,0.5364075303077698,0.05,,,,,,,,,,,0.4064466810807744,0.7256581948544853
2009,train-load-0.5-scenario-456,0.5,0.5625,0.375,0.5625,16.90169220779224,1.578397675857075,0.421602324142925,1.0,0.0,1.0,0.0,9,0,9,0,9,4,9,9,0.33089929819107056,0.05,,,,,,,,,,,0.4064466810807744,0.7256581948544853
2010,train-load-0.9-scenario-265-retry-1,0.9,0.8333333333333334,0.5555555555555556,0.8333333333333334,24.298342776831714,1.071697227562231,0.32830277243776884,0.85,0.15,0.85,0.15,17,3,17,3,20,6,20,17,0.36612480878829956,0.05,,,,,,,,,,,0.4064466810807744,0.7256581948544853
2011,train-load-0.8-scenario-582,0.8,0.6992817499999999,0.6463384375,0.6992817499999999,5.182180122951351,0.05353313141358762,0.9464668685864124,0.75,0.25,0.75,0.25,6,2,6,2,8,4,8,6,0.19195754826068878,0.05,,,,,,,,,,,0.4064466810807744,0.7256581948544853
2012,train-load-0.9-scenario-189,0.9,0.8330202857142857,0.4909797619047619,0.8330202857142857,13.395988992140522,0.6970911735020808,0.6362421598312527,0.8333333333333334,0.16666666666666666,0.8461538461538461,0.15384615384615385,10,2,11,2,13,7,12,10,0.31092244386672974,0.05,,,,,,,,,,,0.4064466810807744,0.7256581948544853
2013,train-load-0.8-scenario-75-retry-1,0.8,0.9,0.9,0.15,5.942529833801994,0.029540783142811944,0.6371258835238547,0.6666666666666666,0.3333333333333333,0.6666666666666666,0.3333333333333333,6,3,6,3,9,6,9,6,0.2387441098690033,0.05,,,,,,,,,,,0.4064466810807744,0.7256581948544853
2014,train-load-0.8-scenario-171-retry-2,0.8,0.8571428571428571,0.32857142857142857,0.8571428571428571,2.3986067376469054,-0.5543162534534268,0.3320940312312045,0.4444444444444444,0.5555555555555556,0.4444444444444444,0.5555555555555556,4,5,4,5,9,7,9,4,0.25904524326324463,0.05,,,,,,,,,,,0.4064466810807744,0.7256581948544853
2015,train-load-1.0-scenario-595-retry-1,1.0,0.9683811666666666,0.8566833333333332,0.9683811666666666,6.747944141872712,-0.2549297762878179,0.7164682378262794,0.6153846153846154,0.38461538461538464,0.5714285714285714,0.42857142857142855,8,5,8,6,14,6,13,8,0.2808326780796051,0.05,,,,,,,,,,,0.4064466810807744,0.7256581948544853
2016,train-load-0.5-scenario-365-retry-2,0.5,0.48333333333333334,0.4722222222222222,0.48333333333333334,14.945251462369741,1.122968616860903,0.4770313831390971,0.9,0.1,0.8181818181818182,0.18181818181818182,9,1,9,2,11,6,10,9,0.19935564696788788,0.05,,,,,,,,,,,0.4064466810807744,0.7256581948544853
2017,train-load-0.7-scenario-670-retry-2,0.7,0.75,0.6875,0.75,13.67749193562659,1.1600017263109454,0.39555382924461,0.8888888888888888,0.1111111111111111,0.8888888888888888,0.1111111111111111,8,1,8,1,9,4,9,8,0.10314138233661652,0.05,,,,,,,,,,,0.4064466810807744,0.7256581948544853
2018,train-hard-4gpu-4pod-1vgpu,0.25,0.25,0.16666666666666666,0.25,11.544497883017963,1.9166666666666665,0.08333333333333337,1.0,0.0,1.0,0.0,4,0,4,0,4,4,4,4,0.3708857297897339,0.05,,,,,,,,,,,0.4064466810807744,0.7256581948544853
2019,train-load-0.9-scenario-130,0.9,1.0,0.5555555555555556,1.0,3.448856241765707,-0.5527029686536019,0.7345211504717837,0.5454545454545454,0.45454545454545453,0.5454545454545454,0.45454545454545453,6,5,6,5,11,6,11,6,0.47585177421569824,0.05,,,,,,,,,,,0.4064466810807744,0.7256581948544853
2020,train-load-0.9-scenario-359-retry-1,0.9,0.9833333333333333,0.85,0.9833333333333333,14.90603665482157,0.8181537249720755,0.2587693519510014,0.7692307692307693,0.23076923076923078,0.75,0.25,10,3,15,5,20,6,13,10,0.3269535005092621,0.05,,,,,,,,,,,0.4064466810807744,0.7256581948544853
2021,train-load-0.5-scenario-272-retry-4,0.5,0.5,0.25,0.5,19.118336926424,1.7128031583326786,0.2871968416673215,1.0,0.0,1.0,0.0,10,0,10,0,10,4,10,10,0.2684714198112488,0.05,,,,,,,,,,,0.4064466810807744,0.7256581948544853
2022,train-load-0.6-scenario-354,0.6,0.6875,0.275,0.6875,18.64187102215786,1.4753949675953337,0.5246050324046663,1.0,0.0,1.0,0.0,11,0,11,0,11,4,11,11,0.2054847776889801,0.05,,,,,,,,,,,0.4064466810807744,0.7256581948544853
2023,train-load-1.0-scenario-268-retry-1,1.0,1.1,0.6125,1.1,13.68083064786189,0.26874988530567034,0.5547795264590356,0.7058823529411765,0.29411764705882354,0.7058823529411765,0.29411764705882354,12,5,12,5,17,8,17,12,0.21431131660938263,0.05,,,,,,,,,,,0.4064466810807744,0.7256581948544853
2024,train-load-0.6-scenario-605,0.6,0.61351375,0.61351375,0.4236725,11.026814567229348,1.4730278783128627,0.5269721216871373,1.0,0.0,1.0,0.0,5,0,6,0,6,4,5,5,0.3064071536064148,0.05,,,,,,,,,,,0.4064466810807744,0.7256581948544853
2025,train-load-0.7-scenario-474,0.7,0.6221616,0.38987674999999994,0.6221616,7.218415010128354,0.6419433965692181,0.6913899367641154,0.8333333333333334,0.16666666666666666,0.8571428571428571,0.14285714285714285,5,1,6,1,7,5,6,5,0.33867746591567993,0.05,,,,,,,,,,,0.4064466810807744,0.7256581948544853
2026,train-load-0.6-scenario-648,0.6,0.5189136666666667,0.43018680555555555,0.5189136666666667,12.011763044257421,1.4540347804373825,0.5459652195626175,1.0,0.0,1.0,0.0,6,0,8,0,8,6,6,6,0.25348326563835144,0.05,,,,,,,,,,,0.4064466810807744,0.7256581948544853
2027,train-load-0.8-scenario-44,0.8,0.6988266,0.6552344999999999,0.6988266,14.014841081490063,1.186918752383359,0.8130812476166409,1.0,0.0,1.0,0.0,9,0,9,0,9,5,9,9,0.32136473059654236,0.05,,,,,,,,,,,0.4064466810807744,0.7256581948544853
2028,train-load-0.6-scenario-19,0.6,0.6220954000000001,0.46064666666666665,0.6220954000000001,13.55577485184912,1.4757189388359664,0.5242810611640336,1.0,0.0,1.0,0.0,7,0,7,0,7,5,7,7,0.2122642546892166,0.05,,,,,,,,,,,0.4064466810807744,0.7256581948544853
2029,train-load-0.6-scenario-23,0.6,0.5445115714285714,0.23444404761904764,0.5445115714285714,12.407028923024708,1.3197486594885266,0.6802513405114734,1.0,0.0,1.0,0.0,7,0,7,0,7,7,7,7,0.394117534160614,0.05,,,,,,,,,,,0.4064466810807744,0.7256581948544853
2030,train-load-0.7-scenario-569,0.7,0.8,0.06666666666666667,0.8,4.035746768137276,-0.15692094318597283,0.6569209431859728,0.625,0.375,0.625,0.375,5,3,5,3,8,5,8,5,0.22343569993972778,0.05,,,,,,,,,,,0.4064466810807744,0.7256581948544853
2031,train-load-0.7-scenario-378,0.7,0.68,0.65,0.68,20.22991721159123,1.5316053864493204,0.46839461355067946,1.0,0.0,1.0,0.0,12,0,13,0,13,5,12,12,0.10681194067001343,0.05,,,,,,,,,,,0.4064466810807744,0.7256581948544853
2032,train-load-0.7-scenario-280,0.7,0.5985868333333334,0.38053791666666664,0.5985868333333334,13.858122604843487,1.3589628628793067,0.6410371371206933,1.0,0.0,1.0,0.0,8,0,9,0,9,6,8,8,0.2677880525588989,0.05,,,,,,,,,,,0.4064466810807744,0.7256581948544853
2033,train-load-0.8-scenario-223-retry-5,0.8,0.9,0.15,0.9,5.743576006550323,0.007964263422385542,0.6587024032442811,0.6666666666666666,0.3333333333333333,0.6666666666666666,0.3333333333333333,6,3,6,3,9,6,9,6,0.4275272488594055,0.05,,,,,,,,,,,0.4064466810807744,0.7256581948544853
2034,train-load-0.6-scenario-33,0.6,0.6295108333333334,0.51096,0.6295108333333334,13.378658190706021,1.5223902098534454,0.4776097901465546,1.0,0.0,1.0,0.0,7,0,10,0,10,6,7,7,0.2684507966041565,0.05,,,,,,,,,,,0.4064466810807744,0.7256581948544853
2035,train-load-0.7-scenario-325,0.7,0.75,0.75,0.75,12.046944028718327,0.7933673790912569,0.4066326209087432,0.8,0.2,0.8,0.2,8,2,8,2,10,5,10,8,0.25714147090911865,0.05,,,,,,,,,,,0.4064466810807744,0.7256581948544853
2036,train-load-0.7-scenario-533,0.7,0.7044297500000001,0.5595552083333334,0.7044297500000001,10.652504735599575,1.4459313577723925,0.5540686422276074,1.0,0.0,1.0,0.0,5,0,7,0,7,4,5,5,0.3155991733074188,0.05,,,,,,,,,,,0.4064466810807744,0.7256581948544853
2037,train-load-0.6-scenario-16-retry-1,0.6,0.7,0.7,0.35,19.37928493162761,1.1393244335456758,0.5749612807400386,0.9285714285714286,0.07142857142857142,0.9285714285714286,0.07142857142857142,13,1,13,1,14,4,14,13,0.2834538221359253,0.05,,,,,,,,,,,0.4064466810807744,0.7256581948544853
2038,train-load-0.6-scenario-110-retry-2,0.6,0.7,0.3875,0.7,8.377572440462792,0.4981733867702107,0.5018266132297893,0.75,0.25,0.6363636363636364,0.36363636363636365,6,2,7,4,11,8,8,6,0.39825329184532166,0.05,,,,,,,,,,,0.4064466810807744,0.7256581948544853
2039,train-load-1.0-scenario-487,1.0,0.890754,0.678476,0.890754,13.401084271591355,0.9638024371443554,0.6361975628556447,0.9,0.1,0.8181818181818182,0.18181818181818182,9,1,9,2,11,5,10,9,0.4191175103187561,0.05,,,,,,,,,,,0.4064466810807744,0.7256581948544853
2040,train-load-0.6-scenario-572-retry-1,0.6,0.7142857142857143,0.42857142857142855,0.7142857142857143,8.937636959725463,0.34108170707235264,0.4589182929276473,0.7,0.3,0.7,0.3,7,3,7,3,10,7,10,7,0.3186492323875427,0.05,,,,,,,,,,,0.4064466810807744,0.7256581948544853
2041,train-load-0.6-scenario-743,0.6,0.6081612,0.279342,0.6081612,9.836719742164732,1.292315739542287,0.7076842604577129,1.0,0.0,1.0,0.0,5,0,6,0,6,5,5,5,0.30696558952331543,0.05,,,,,,,,,,,0.4064466810807744,0.7256581948544853
2042,train-load-0.7-scenario-503,0.7,0.6491722,0.6050955,0.6491722,11.315423700326813,0.9525852409254509,0.5474147590745491,0.875,0.125,0.8888888888888888,0.1111111111111111,7,1,8,1,9,5,8,7,0.24239976704120636,0.05,,,,,,,,,,,0.4064466810807744,0.7256581948544853
2043,train-load-0.6-scenario-563,0.6,0.57907825,0.27331343750000003,0.57907825,11.917043799220949,1.4457970961985342,0.5542029038014659,1.0,0.0,1.0,0.0,6,0,8,0,8,8,6,6,0.23307856917381287,0.05,,,,,,,,,,,0.4064466810807744,0.7256581948544853
2044,train-load-0.8-scenario-274,0.8,0.796821875,0.796821875,0.621725,12.371341551235666,1.3827102288336606,0.6172897711663394,1.0,0.0,1.0,0.0,7,0,8,0,8,4,7,7,0.2756061851978302,0.05,,,,,,,,,,,0.4064466810807744,0.7256581948544853
2045,train-load-0.8-scenario-543-retry-5,0.8,0.9,0.09,0.9,2.513478975378405,-0.4944384774796202,0.7166606997018425,0.5555555555555556,0.4444444444444444,0.5555555555555556,0.4444444444444444,5,4,5,4,9,5,9,5,0.24434393644332886,0.05,,,,,,,,,,,0.4064466810807744,0.7256581948544853
2046,train-load-0.8-scenario-612-retry-3,0.8,0.8571428571428571,0.09523809523809523,0.8571428571428571,2.8705084090737296,-0.3308887764194699,0.8308887764194699,0.625,0.375,0.625,0.375,5,3,5,3,8,7,8,5,0.2068566530942917,0.05,,,,,,,,,,,0.4064466810807744,0.7256581948544853
2047,train-load-0.8-scenario-150,0.8,0.7970401250000001,0.50958046875,0.7970401250000001,17.0011196634829,1.0001997291372913,0.692107963170401,0.9230769230769231,0.07692307692307693,0.8666666666666667,0.13333333333333333,12,1,13,2,15,8,13,12,0.2812972664833069,0.05,,,,,,,,,,,0.4064466810807744,0.7256581948544853
2048,train-load-1.0-scenario-181,1.0,0.9215028,0.382598,0.9215028,7.3535441328527575,0.35702391987161164,0.6429760801283884,0.75,0.25,0.7777777777777778,0.2222222222222222,6,2,7,2,9,5,8,6,0.2046983242034912,0.05,,,,,,,,,,,0.4064466810807744,0.7256581948544853
2049,train-load-0.8-scenario-435-retry-4,0.8,0.9,0.54,0.9,4.689842858040517,-0.16687814288455094,0.3891003651067732,0.5555555555555556,0.4444444444444444,0.5555555555555556,0.4444444444444444,5,4,5,4,9,5,9,5,0.24012874066829681,0.05,,,,,,,,,,,0.4064466810807744,0.7256581948544853
2050,train-hard-4gpu-4pod-2vgpu,0.25,0.25,0.16666666666666666,0.25,11.616666666666667,1.9166666666666665,0.08333333333333337,1.0,0.0,1.0,0.0,4,0,8,0,8,4,4,4,0.33339864015579224,0.05,,,,,,,,,,,0.4064466810807744,0.7256581948544853
2051,train-load-0.7-scenario-433-retry-3,0.7,0.8,0.6,0.8,8.961721788462132,0.5977796831900688,0.40222031680993114,0.75,0.25,0.75,0.25,6,2,12,4,16,8,8,6,0.2808440327644348,0.05,,,,,,,,,,,0.4064466810807744,0.7256581948544853
2052,train-load-1.0-scenario-266-retry-9,1.0,1.0285714285714285,0.08571428571428572,1.0285714285714285,5.170940037652918,-0.3600820558683566,0.69341538920169,0.5833333333333334,0.4166666666666667,0.5833333333333334,0.4166666666666667,7,5,7,5,12,7,12,7,0.26166635751724243,0.05,,,,,,,,,,,0.4064466810807744,0.7256581948544853
2053,train-load-1.0-scenario-51,1.0,1.0476190476190477,1.0476190476190477,0.3142857142857143,3.6089399515123204,-0.5287130641822119,0.7105312460003936,0.5454545454545454,0.45454545454545453,0.5454545454545454,0.45454545454545453,6,5,6,5,11,7,11,6,0.18861417472362518,0.05,,,,,,,,,,,0.4064466810807744,0.7256581948544853
2054,train-load-0.5-scenario-261,0.5,0.42857142857142855,0.4,0.42857142857142855,21.91303540274056,1.524928199263175,0.4750718007368252,1.0,0.0,1.0,0.0,13,0,13,0,13,7,13,13,0.30547285079956055,0.05,,,,,,,,,,,0.4064466810807744,0.7256581948544853
2055,train-load-0.8-scenario-193-retry-4,0.8,0.85,0.72,0.85,4.520874029237641,-0.091126056733143,0.591126056733143,0.625,0.375,0.625,0.375,5,3,5,3,8,5,8,5,0.30939510464668274,0.05,,,,,,,,,,,0.4064466810807744,0.7256581948544853
2056,train-load-1.0-scenario-738-retry-3,1.0,0.96,0.62,0.96,4.289876076713834,-0.11671627950013086,0.6167162795001309,0.625,0.375,0.7,0.3,5,3,7,3,10,5,8,5,0.2715167999267578,0.05,,,,,,,,,,,0.4064466810807744,0.7256581948544853
2057,train-load-0.8-scenario-43-retry-1,0.8,0.9142857142857143,0.8095238095238095,0.9142857142857143,11.102881747901058,0.3311728567034429,0.6688271432965571,0.75,0.25,0.625,0.375,9,3,10,6,16,7,12,9,0.22435986995697021,0.05,,,,,,,,,,,0.4064466810807744,0.7256581948544853
2058,train-load-0.5-scenario-299-retry-1,0.5,0.6,0.6,0.6,17.4922585840108,1.7209578172192355,0.27904218278076454,1.0,0.0,1.0,0.0,9,0,9,0,9,5,9,9,0.3200805187225342,0.05,,,,,,,,,,,0.4064466810807744,0.7256581948544853
2059,train-load-1.0-scenario-322,1.0,0.9296258333333333,0.7279743055555555,0.9296258333333333,12.934656838243228,0.8220901314284098,0.4506371412988631,0.8181818181818182,0.18181818181818182,0.7692307692307693,0.23076923076923078,9,2,10,3,13,6,11,9,0.14026936888694763,0.05,,,,,,,,,,,0.4064466810807744,0.7256581948544853
2060,train-load-0.5-scenario-12,0.5,0.46940950000000004,0.29603489583333337,0.46940950000000004,9.053375132380474,1.417880293529547,0.5821197064704531,1.0,0.0,1.0,0.0,4,0,4,0,4,4,4,4,0.2062009572982788,0.05,,,,,,,,,,,0.4064466810807744,0.7256581948544853
2061,train-load-1.0-scenario-483-retry-2,1.0,0.975,0.975,0.6125,1.0439071379872962,-0.643320629068572,1.143320629068572,0.625,0.375,0.625,0.375,5,3,5,3,8,4,8,5,0.18972833454608917,0.05,,,,,,,,,,,0.4064466810807744,0.7256581948544853
2062,train-load-0.8-scenario-680,0.8,0.7093181428571428,0.5564869047619048,0.7093181428571428,15.038073659799295,1.0435413630351122,0.5928222733285241,0.9090909090909091,0.09090909090909091,0.8333333333333334,0.16666666666666666,10,1,10,2,12,7,11,10,0.14928887784481049,0.05,,,,,,,,,,,0.4064466810807744,0.7256581948544853
2063,train-load-0.9-scenario-407-retry-1,0.9,1.0,1.0,0.8,4.227204161963041,-0.2936248692028358,0.2936248692028358,0.5,0.5,0.5,0.5,5,5,5,5,10,5,10,5,0.3387022614479065,0.05,,,,,,,,,,,0.4064466810807744,0.7256581948544853
2064,train-load-0.6-scenario-512,0.6,0.5718008,0.21089458333333333,0.5718008,9.496358339337263,1.3191665519336735,0.6808334480663265,1.0,0.0,1.0,0.0,5,0,5,0,5,5,5,5,0.18450048565864563,0.05,,,,,,,,,,,0.4064466810807744,0.7256581948544853
2065,train-load-0.7-scenario-393,0.7,0.6121052083333334,0.6121052083333334,0.578301125,15.407871075768906,0.8928289248980271,0.7738377417686395,0.9166666666666666,0.08333333333333333,0.8571428571428571,0.14285714285714285,11,1,12,2,14,8,12,11,0.276562362909317,0.05,,,,,,,,,,,0.4064466810807744,0.7256581948544853
2066,train-load-0.5-scenario-236,0.5,0.471184,0.2513241666666667,0.471184,9.61604364728883,1.2820755769776087,0.7179244230223913,1.0,0.0,1.0,0.0,5,0,5,0,5,5,5,5,0.35165154933929443,0.05,,,,,,,,,,,0.4064466810807744,0.7256581948544853
2067,train-load-0.8-scenario-37-retry-2,0.8,0.7,0.6125,0.7,32.52359145975405,1.601121586953091,0.39887841304690885,1.0,0.0,1.0,0.0,21,0,21,0,21,8,21,21,0.28242185711860657,0.05,,,,,,,,,,,0.4064466810807744,0.7256581948544853
2068,train-load-0.9-scenario-357,0.9,0.9583333333333334,0.3055555555555556,0.9583333333333334,7.052310152351746,0.3286198844718212,0.6713801155281788,0.75,0.25,0.7272727272727273,0.2727272727272727,6,2,8,3,11,6,8,6,0.2371940165758133,0.05,,,,,,,,,,,0.4064466810807744,0.7256581948544853
2069,train-load-0.5-scenario-540-retry-1,0.5,0.467062,0.2554798611111111,0.467062,9.892069960064035,1.3041561112733566,0.6958438887266434,1.0,0.0,1.0,0.0,5,0,6,0,6,6,5,5,0.2249779850244522,0.05,,,,,,,,,,,0.4064466810807744,0.7256581948544853
2070,train-load-0.8-scenario-139,0.8,0.7286718333333333,0.56464375,0.7286718333333333,9.843617817022924,0.7673089759699632,0.7326910240300368,0.875,0.125,0.8181818181818182,0.18181818181818182,7,1,9,2,11,6,8,7,0.27041420340538025,0.05,,,,,,,,,,,0.4064466810807744,0.7256581948544853
2071,train-load-0.5-scenario-227,0.5,0.5010020000000001,0.2711232638888889,0.5010020000000001,10.011362146017232,1.3320167243935876,0.6679832756064125,1.0,0.0,1.0,0.0,5,0,6,0,6,6,5,5,0.2388511598110199,0.05,,,,,,,,,,,0.4064466810807744,0.7256581948544853
2072,train-load-0.7-scenario-324,0.7,0.8,0.7333333333333333,0.8,5.247067917775719,-0.13281517247968777,0.5328151724796877,0.6,0.4,0.6,0.4,6,4,6,4,10,6,10,6,0.45509201288223267,0.05,,,,,,,,,,,0.4064466810807744,0.7256581948544853
2073,train-load-0.5-scenario-372-retry-2,0.5,0.5,0.42857142857142855,0.5,4.471709416675919,-0.11276563461916633,0.6127656346191663,0.625,0.375,0.625,0.375,5,3,5,3,8,7,8,5,0.25324881076812744,0.05,,,,,,,,,,,0.4064466810807744,0.7256581948544853
2074,train-load-0.7-scenario-717,0.7,0.7055142499999999,0.32729453125,0.7055142499999999,15.623412422191983,1.2330588412765224,0.7669411587234776,1.0,0.0,1.0,0.0,10,0,11,0,11,8,10,10,0.16479071974754333,0.05,,,,,,,,,,,0.4064466810807744,0.7256581948544853
2075,train-load-0.6-scenario-91-retry-2,0.6,0.7,0.23333333333333334,0.7,21.799212043482704,1.4072366676057237,0.5927633323942761,1.0,0.0,1.0,0.0,14,0,14,0,14,5,14,14,0.10922208428382874,0.05,,,,,,,,,,,0.4064466810807744,0.7256581948544853
2076,train-load-0.5-scenario-476,0.5,0.6,0.55,0.6,15.753710709646944,1.628276985697655,0.3717230143023448,1.0,0.0,1.0,0.0,8,0,8,0,8,4,8,8,0.24093127250671387,0.05,,,,,,,,,,,0.4064466810807744,0.7256581948544853
2077,train-load-0.9-scenario-429,0.9,1.0,1.0,0.95,6.13147256881536,-0.2535115777318183,0.5868449110651517,0.5833333333333334,0.4166666666666667,0.5833333333333334,0.4166666666666667,7,5,7,5,12,5,12,7,0.3027568459510803,0.05,,,,,,,,,,,0.4064466810807744,0.7256581948544853
2078,train-load-0.7-scenario-630-retry-4,0.7,0.7666666666666667,0.7666666666666667,0.32,9.55134682209658,0.5968428869799971,0.5142682241311141,0.7777777777777778,0.2222222222222222,0.7777777777777778,0.2222222222222222,7,2,7,2,9,5,9,7,0.3503212332725525,0.05,,,,,,,,,,,0.4064466810807744,0.7256581948544853
2079,train-load-0.9-scenario-347,0.9,0.84272375,0.382815,0.84272375,4.946312462599451,0.39653252708067976,0.8034674729193203,0.8,0.2,0.6666666666666666,0.3333333333333333,4,1,4,2,6,4,5,4,0.2535666823387146,0.05,,,,,,,,,,,0.4064466810807744,0.7256581948544853
2080,train-load-0.5-scenario-613,0.5,0.4593098333333333,0.25075416666666667,0.4593098333333333,9.337374114373137,1.4198996835470077,0.5801003164529923,1.0,0.0,1.0,0.0,4,0,6,0,6,6,4,4,0.4018424451351166,0.05,,,,,,,,,,,0.4064466810807744,0.7256581948544853
2081,train-load-0.6-scenario-78,0.6,0.5,0.5,0.45,18.940382888698714,1.3533814355840597,0.6466185644159405,1.0,0.0,1.0,0.0,12,0,12,0,12,8,12,12,0.23882511258125305,0.05,,,,,,,,,,,0.4064466810807744,0.7256581948544853
2082,train-load-0.9-scenario-553-retry-2,0.9,0.8214285714285714,0.5476190476190477,0.8214285714285714,25.71722825393981,0.907972937819608,0.3963748882673487,0.8260869565217391,0.17391304347826086,0.8260869565217391,0.17391304347826086,19,4,19,4,23,7,23,19,0.3185195326805115,0.05,,,,,,,,,,,0.4064466810807744,0.7256581948544853
2083,train-load-0.5-scenario-252,0.5,0.47501514285714286,0.24734607142857143,0.47501514285714286,10.50401199357074,1.2358326923621368,0.7641673076378633,1.0,0.0,1.0,0.0,6,0,6,0,6,7,6,6,0.2040591537952423,0.05,,,,,,,,,,,0.4064466810807744,0.7256581948544853
2084,train-load-0.5-scenario-459,0.5,0.470371125,0.1694083333333333,0.470371125,8.924962067902133,1.1485066480672286,0.8514933519327714,1.0,0.0,1.0,0.0,5,0,6,0,6,8,5,5,0.44450843334198,0.05,,,,,,,,,,,0.4064466810807744,0.7256581948544853
2085,train-load-0.5-scenario-319,0.5,0.49383449999999995,0.25405875,0.49383449999999995,12.586339340311962,1.3379112123395347,0.6620887876604653,1.0,0.0,1.0,0.0,7,0,8,0,8,8,7,7,0.324113667011261,0.05,,,,,,,,,,,0.4064466810807744,0.7256581948544853
2086,train-load-0.9-scenario-647-retry-2,0.9,1.0,0.3333333333333333,1.0,4.697878865582672,-0.2800021530849043,0.6800021530849042,0.6,0.4,0.6,0.4,6,4,6,4,10,6,10,6,0.25475046038627625,0.05,,,,,,,,,,,0.4064466810807744,0.7256581948544853
2087,train-load-0.7-scenario-617-retry-1,0.7,0.65,0.65,0.58,13.040898228196932,0.9031546635541856,0.6968453364458145,0.9,0.1,0.9,0.1,9,1,9,1,10,5,10,9,0.2978495955467224,0.05,,,,,,,,,,,0.4064466810807744,0.7256581948544853
2088,train-load-0.5-scenario-335,0.5,0.4,0.2,0.4,31.811539751753422,1.6240498899786275,0.37595011002137235,1.0,0.0,1.0,0.0,20,0,20,0,20,5,20,20,0.2618978023529053,0.05,,,,,,,,,,,0.4064466810807744,0.7256581948544853
2089,train-load-0.6-scenario-263,0.6,0.5585129166666667,0.5585129166666667,0.485786,12.652468353822846,1.3871741811112308,0.6128258188887691,1.0,0.0,1.0,0.0,7,0,7,0,7,5,7,7,0.18758974969387054,0.05,,,,,,,,,,,0.4064466810807744,0.7256581948544853
2090,train-load-0.6-scenario-144-retry-5,0.6,0.5375,0.3,0.5375,23.475740356470233,1.6171052866957343,0.38289471330426583,1.0,0.0,1.0,0.0,14,0,14,0,14,8,14,14,0.14095163345336914,0.05,,,,,,,,,,,0.4064466810807744,0.7256581948544853
2091,train-load-0.7-scenario-428-retry-2,0.7,0.8,0.5,0.8,8.549910976443183,0.5610694846059214,0.43893051539407846,0.75,0.25,0.75,0.25,6,2,6,2,8,4,8,6,0.3706623911857605,0.05,,,,,,,,,,,0.4064466810807744,0.7256581948544853
2092,train-load-0.9-scenario-123,0.9,0.8220135,0.5456570833333333,0.8220135,12.889356316343152,0.8964211310010508,0.7035788689989492,0.9,0.1,0.8181818181818182,0.18181818181818182,9,1,9,2,11,6,10,9,0.33503496646881104,0.05,,,,,,,,,,,0.4064466810807744,0.7256581948544853
2093,train-load-0.7-scenario-30,0.7,0.6849120000000001,0.5992474999999999,0.6849120000000001,14.89724613795279,1.3316797633869282,0.6683202366130718,1.0,0.0,1.0,0.0,9,0,9,0,9,5,9,9,0.4532184600830078,0.05,,,,,,,,,,,0.4064466810807744,0.7256581948544853
2094,train-load-0.7-scenario-363,0.7,0.627757,0.44537465277777777,0.627757,14.160351966126715,1.397773664801784,0.602226335198216,1.0,0.0,1.0,0.0,8,0,9,0,9,6,8,8,0.3492068648338318,0.05,,,,,,,,,,,0.4064466810807744,0.7256581948544853
2095,train-load-0.5-scenario-627,0.5,0.5729166666666666,0.5729166666666666,0.55,15.296239414718034,1.0324996326790028,0.6038640036846334,0.9090909090909091,0.09090909090909091,0.9090909090909091,0.09090909090909091,10,1,10,1,11,8,11,10,0.30842679738998413,0.05,,,,,,,,,,,0.4064466810807744,0.7256581948544853
2096,train-load-0.7-scenario-458,0.7,0.713232125,0.451188125,0.713232125,14.22707207216775,0.9035265381805946,0.7328370981830417,0.9090909090909091,0.09090909090909091,0.8333333333333334,0.16666666666666666,10,1,10,2,12,8,11,10,0.35886305570602417,0.05,,,,,,,,,,,0.4064466810807744,0.7256581948544853
2097,train-load-0.5-scenario-547-retry-1,0.5,0.6,0.48,0.6,20.989007353978053,1.5918111351742334,0.4081888648257665,1.0,0.0,1.0,0.0,12,0,12,0,12,5,12,12,0.269020676612854,0.05,,,,,,,,,,,0.4064466810807744,0.7256581948544853
2098,train-load-0.9-scenario-386-retry-4,0.9,1.0,0.06666666666666667,1.0,0.08064362015167159,-0.8371118703815169,0.8371118703815169,0.5,0.5,0.5,0.5,4,4,4,4,8,6,8,4,0.199486643075943,0.05,,,,,,,,,,,0.4064466810807744,0.7256581948544853
2099,train-load-0.6-scenario-154,0.6,0.6253155,0.55799625,0.6253155,15.301996536675048,1.3695238670994192,0.6304761329005808,1.0,0.0,1.0,0.0,9,0,10,0,10,6,9,9,0.15017172694206238,0.05,,,,,,,,,,,0.4064466810807744,0.7256581948544853
2100,train-load-0.9-scenario-71-retry-1,0.9,0.8287842500000001,0.733028125,0.8287842500000001,10.351667246126677,1.0478519281056746,0.3807195004657541,0.8571428571428571,0.14285714285714285,0.75,0.25,6,1,6,2,8,4,7,6,0.2453770637512207,0.05,0.3875416792474659,0.5229416007221365,0.7276208199924007,0.2723791800075994,0.7131727971992272,0.28682720280077273,0.698474526284092,0.7242503777525888,0.26612713864708715,0.7344158072013339,0.4064466810807744,0.7256581948544853
2101,train-load-1.0-scenario-626-retry-3,1.0,1.0,0.6,1.0,6.957329752768182,-0.37848072809644007,0.37848072809644007,0.5,0.5,0.5,0.5,8,8,8,8,16,8,16,8,0.21066707372665405,0.05,,,,,,,,,,,0.4064466810807744,0.7256581948544853
2102,train-load-1.0-scenario-664-retry-1,1.0,0.8999915714285714,0.778573511904762,0.8999915714285714,12.133585151219032,0.15717526973947604,0.592824730260524,0.6875,0.3125,0.6875,0.3125,11,5,11,5,16,7,16,11,0.42262858152389526,0.05,,,,,,,,,,,0.4064466810807744,0.7256581948544853
2103,train-load-1.0-scenario-591-retry-5,1.0,1.1,0.35,1.1,8.281326236647091,0.05939818980260847,0.6072684768640582,0.6666666666666666,0.3333333333333333,0.5625,0.4375,8,4,9,7,16,8,12,8,0.2405659258365631,0.05,,,,,,,,,,,0.4064466810807744,0.7256581948544853
2104,train-load-1.0-scenario-323,1.0,0.8854745,0.6704358333333332,0.8854745,5.524420717930456,-0.2632552068442281,0.8087097522987735,0.6363636363636364,0.36363636363636365,0.6666666666666666,0.3333333333333333,7,4,8,4,12,6,11,7,0.405239462852478,0.05,,,,,,,,,,,0.4064466810807744,0.7256581948544853
2105,train-load-0.7-scenario-633-retry-1,0.7,0.79,0.64,0.79,12.569435638409246,1.0276902618052643,0.5278652937502912,0.8888888888888888,0.1111111111111111,0.8888888888888888,0.1111111111111111,8,1,8,1,9,5,9,8,0.2770000994205475,0.05,,,,,,,,,,,0.4064466810807744,0.7256581948544853
2106,train-load-0.8-scenario-400,0.8,0.8960515,0.58297875,0.8960515,5.8733068698004605,0.5664374358111808,0.6335625641888193,0.8,0.2,0.7142857142857143,0.2857142857142857,4,1,5,2,7,4,5,4,0.18705898523330688,0.05,,,,,,,,,,,0.4064466810807744,0.7256581948544853
2107,train-load-0.6-scenario-506,0.6,0.618819,0.562240625,0.618819,12.908996027940052,1.5946183258814495,0.4053816741185504,1.0,0.0,1.0,0.0,6,0,7,0,7,4,6,6,0.17349529266357422,0.05,,,,,,,,,,,0.4064466810807744,0.7256581948544853
2108,train-load-0.7-scenario-406,0.7,0.6833333333333333,0.6833333333333333,0.66,22.448703000363935,1.698864420993854,0.3011355790061462,1.0,0.0,1.0,0.0,13,0,13,0,13,5,13,13,0.23909392952919006,0.05,,,,,,,,,,,0.4064466810807744,0.7256581948544853
2109,train-load-0.5-scenario-484-retry-1,0.5,0.54,0.21,0.54,14.903044036072068,1.2919313999740245,0.7080686000259754,1.0,0.0,1.0,0.0,9,0,9,0,9,5,9,9,0.32874375581741333,0.05,,,,,,,,,,,0.4064466810807744,0.7256581948544853
2110,train-load-0.5-scenario-254-retry-1,0.5,0.4,0.1,0.4,19.254144697069066,1.3625322648787062,0.6374677351212938,1.0,0.0,1.0,0.0,12,0,12,0,12,6,12,12,0.24900425970554352,0.05,,,,,,,,,,,0.4064466810807744,0.7256581948544853
2111,train-load-0.8-scenario-663,0.8,0.8666666666666667,0.8666666666666667,0.8666666666666667,9.15426579753322,0.11357071275362818,0.3479677487848334,0.6153846153846154,0.38461538461538464,0.6153846153846154,0.38461538461538464,8,5,8,5,13,6,13,8,0.26237189769744873,0.05,,,,,,,,,,,0.4064466810807744,0.7256581948544853
2112,train-load-0.6-scenario-722-retry-1,0.6,0.6666666666666666,0.6666666666666666,0.4,11.760092112650337,1.0376405306192096,0.46235946938079053,0.875,0.125,0.875,0.125,7,1,7,1,8,6,8,7,0.2872753441333771,0.05,,,,,,,,,,,0.4064466810807744,0.7256581948544853
2113,train-load-1.0-scenario-574-retry-4,1.0,1.0416666666666667,1.0416666666666667,0.7625,10.285662739082866,0.20394007540018233,0.5652906938305868,0.6923076923076923,0.3076923076923077,0.6923076923076923,0.3076923076923077,9,4,9,4,13,4,13,9,0.2173130214214325,0.05,,,,,,,,,,,0.4064466810807744,0.7256581948544853
2114,train-load-0.5-scenario-46,0.5,0.6,0.2,0.6,13.982796217318455,1.397874358894556,0.6021256411054441,1.0,0.0,1.0,0.0,8,0,8,0,8,8,8,8,0.1615680307149887,0.05,,,,,,,,,,,0.4064466810807744,0.7256581948544853
2115,train-load-0.6-scenario-486,0.6,0.6875,0.6875,0.275,9.855351035878646,0.3540005700098686,0.5550903390810406,0.7272727272727273,0.2727272727272727,0.7272727272727273,0.2727272727272727,8,3,8,3,11,8,11,8,0.22737178206443787,0.05,,,,,,,,,,,0.4064466810807744,0.7256581948544853
2116,train-load-0.8-scenario-569-retry-1,0.8,0.7129131999999999,0.705569,0.7129131999999999,10.123576137741171,0.6212573063352107,0.4898538047759004,0.7777777777777778,0.2222222222222222,0.7777777777777778,0.2222222222222222,7,2,7,2,9,5,9,7,0.44185924530029297,0.05,,,,,,,,,,,0.4064466810807744,0.7256581948544853
2117,train-load-0.9-scenario-638-retry-10,0.9,0.95,0.7976190476190477,0.95,4.873949826947996,-0.2657543487387579,0.6657543487387578,0.6,0.4,0.5833333333333334,0.4166666666666667,6,4,7,5,12,7,10,6,0.22494618594646454,0.05,,,,,,,,,,,0.4064466810807744,0.7256581948544853
2118,train-load-0.9-scenario-565,0.9,0.875,0.375,0.875,25.33334139168106,1.0742555151689903,0.5257444848310097,0.9,0.1,0.9,0.1,18,2,18,2,20,8,20,18,0.3500114679336548,0.05,,,,,,,,,,,0.4064466810807744,0.7256581948544853
2119,train-load-0.6-scenario-214-retry-2,0.6,0.48,0.48,0.42,20.98271366765583,1.58842310033483,0.4115768996651701,1.0,0.0,1.0,0.0,12,0,12,0,12,5,12,12,0.41388270258903503,0.05,,,,,,,,,,,0.4064466810807744,0.7256581948544853
2120,train-load-0.9-scenario-594-retry-1,0.9,0.8237673999999999,0.37836833333333336,0.8237673999999999,8.614202058716375,0.7003596493341203,0.7282117792373082,0.8571428571428571,0.14285714285714285,0.75,0.25,6,1,6,2,8,5,7,6,0.3460637331008911,0.05,,,,,,,,,,,0.4064466810807744,0.7256581948544853
2121,train-load-0.6-scenario-318-retry-1,0.6,0.72,0.72,0.7,14.590740678835282,1.1287752361266634,0.4712247638733368,0.9,0.1,0.9,0.1,9,1,9,1,10,5,10,9,0.3484035134315491,0.05,,,,,,,,,,,0.4064466810807744,0.7256581948544853
2122,train-load-0.5-scenario-27,0.5,0.5161291666666666,0.5161291666666666,0.47060860000000004,3.834969751051139,0.3278171272992798,0.6721828727007202,0.75,0.25,0.6666666666666666,0.3333333333333333,3,1,4,2,6,5,4,3,0.35208550095558167,0.05,,,,,,,,,,,0.4064466810807744,0.7256581948544853
2123,train-load-0.9-scenario-711-retry-4,0.9,0.9375,0.1875,0.9375,12.488898262958802,0.23870308019489062,0.6946302531384426,0.7333333333333333,0.26666666666666666,0.7333333333333333,0.26666666666666666,11,4,11,4,15,4,15,11,0.19948625564575195,0.05,,,,,,,,,,,0.4064466810807744,0.7256581948544853
2124,train-load-0.6-scenario-575-retry-1,0.6,0.6428571428571429,0.5119047619047619,0.6428571428571429,14.773343555554137,1.5092966807900976,0.4907033192099025,1.0,0.0,1.0,0.0,8,0,8,0,8,7,8,8,0.13036099076271057,0.05,,,,,,,,,,,0.4064466810807744,0.7256581948544853
2125,train-load-0.7-scenario-689,0.7,0.6306917142857144,0.5437221428571428,0.6306917142857144,17.38528133998509,1.5017441935844342,0.49825580641556566,1.0,0.0,1.0,0.0,10,0,12,0,12,7,10,10,0.35240790247917175,0.05,,,,,,,,,,,0.4064466810807744,0.7256581948544853
2126,train-load-0.5-scenario-575,0.5,0.47318466666666664,0.2753152777777778,0.47318466666666664,10.367873613843539,1.4017860769473538,0.5982139230526463,1.0,0.0,1.0,0.0,5,0,6,0,6,6,5,5,0.3774249255657196,0.05,,,,,,,,,,,0.4064466810807744,0.7256581948544853
2127,train-load-1.0-scenario-580-retry-3,1.0,0.9375,0.3333333333333333,0.9375,9.275839602907524,0.244732550654587,0.6643583584363222,0.7272727272727273,0.2727272727272727,0.6,0.4,8,3,9,6,15,8,11,8,0.19883614778518677,0.05,,,,,,,,,,,0.4064466810807744,0.7256581948544853
2128,train-load-0.5-scenario-390-retry-1,0.5,0.4666666666666667,0.1388888888888889,0.4666666666666667,17.965580237073503,1.2250596368588442,0.7749403631411559,1.0,0.0,1.0,0.0,12,0,12,0,12,6,12,12,0.19103752076625824,0.05,,,,,,,,,,,0.4064466810807744,0.7256581948544853
2129,train-load-1.0-scenario-743,1.0,0.885618,0.6577135416666667,0.885618,16.21706820045337,0.7790452134025169,0.6495262151689117,0.8571428571428571,0.14285714285714285,0.75,0.25,12,2,12,4,16,8,14,12,0.28960326313972473,0.05,,,,,,,,,,,0.4064466810807744,0.7256581948544853
2130,train-hard-4gpu-8pod-1vgpu,0.5,0.5,0.3333333333333333,0.5,16.42232909936926,1.8333333333333335,0.16666666666666663,1.0,0.0,1.0,0.0,8,0,8,0,8,4,8,8,0.20499137043952942,0.05,,,,,,,,,,,0.4064466810807744,0.7256581948544853
2131,train-load-0.8-scenario-33,0.8,0.7000730357142858,0.7000730357142858,0.5506954285714286,14.806259874435806,0.7220239009841178,0.6625914836312667,0.8461538461538461,0.15384615384615385,0.8461538461538461,0.15384615384615385,11,2,11,2,13,7,13,11,0.27929526567459106,0.05,,,,,,,,,,,0.4064466810807744,0.7256581948544853
2132,train-load-0.8-scenario-572,0.8,0.6836198571428571,0.5729666666666666,0.6836198571428571,18.820280608518473,1.3396001319737423,0.6603998680262577,1.0,0.0,1.0,0.0,12,0,12,0,12,7,12,12,0.2559293806552887,0.05,,,,,,,,,,,0.4064466810807744,0.7256581948544853
2133,train-load-1.0-scenario-666-retry-3,1.0,1.0625,0.9125,1.0625,12.73837651157768,-0.004602797219694366,0.4046027972196943,0.6,0.4,0.6,0.4,12,8,12,8,20,8,20,12,0.3344660997390747,0.05,,,,,,,,,,,0.4064466810807744,0.7256581948544853
2134,train-load-0.7-scenario-160,0.7,0.6298945,0.6298945,0.6131576,15.456930470849825,1.3745605093121926,0.6254394906878072,1.0,0.0,1.0,0.0,9,0,9,0,9,5,9,9,0.3073081970214844,0.05,,,,,,,,,,,0.4064466810807744,0.7256581948544853
2135,train-load-0.5-scenario-718-retry-1,0.5,0.5333333333333333,0.5333333333333333,0.3333333333333333,15.194850606807789,1.5483758112308177,0.45162418876918237,1.0,0.0,1.0,0.0,8,0,8,0,8,6,8,8,0.2952396869659424,0.05,,,,,,,,,,,0.4064466810807744,0.7256581948544853
2136,train-load-0.6-scenario-41-retry-1,0.6,0.6666666666666666,0.26666666666666666,0.6666666666666666,8.33590417557429,0.539865600576426,0.4601343994235741,0.75,0.25,0.75,0.25,6,2,6,2,8,6,8,6,0.2147841453552246,0.05,,,,,,,,,,,0.4064466810807744,0.7256581948544853
2137,train-load-0.9-scenario-343,0.9,0.8432196666666667,0.5180802083333333,0.8432196666666667,12.45391547485797,0.8421888564803885,0.7578111435196115,0.9,0.1,0.9,0.1,9,1,9,1,10,6,10,9,0.39261335134506226,0.05,,,,,,,,,,,0.4064466810807744,0.7256581948544853
2138,train-load-0.6-scenario-630-retry-1,0.6,0.65,0.5,0.65,20.429042152012162,1.5134796715030152,0.4865203284969847,1.0,0.0,1.0,0.0,12,0,12,0,12,6,12,12,0.31648969650268555,0.05,,,,,,,,,,,0.4064466810807744,0.7256581948544853
2139,train-load-0.9-scenario-540-retry-9,0.9,0.9,0.265,0.9,12.284334470325888,0.44607766876846744,0.6308454081546095,0.7692307692307693,0.23076923076923078,0.7692307692307693,0.23076923076923078,10,3,10,3,13,5,13,10,0.21352240443229675,0.05,,,,,,,,,,,0.4064466810807744,0.7256581948544853
2140,train-load-0.8-scenario-254-retry-1,0.8,0.8888888888888888,0.8888888888888888,0.13333333333333333,6.975808032180447,0.35319364752903204,0.646806352470968,0.75,0.25,0.75,0.25,6,2,6,2,8,6,8,6,0.34438759088516235,0.05,,,,,,,,,,,0.4064466810807744,0.7256581948544853
2141,train-load-0.6-scenario-303,0.6,0.6875,0.4125,0.6875,11.010681926713502,0.5644675403988657,0.34462336869204335,0.7272727272727273,0.2727272727272727,0.7272727272727273,0.2727272727272727,8,3,8,3,11,8,11,8,0.1084480732679367,0.05,,,,,,,,,,,0.4064466810807744,0.7256581948544853
2142,train-load-0.7-scenario-379,0.7,0.59694225,0.39959125,0.59694225,10.91693962680396,1.503692424883287,0.496307575116713,1.0,0.0,1.0,0.0,5,0,5,0,5,4,5,5,0.25968119502067566,0.05,,,,,,,,,,,0.4064466810807744,0.7256581948544853
2143,train-load-1.0-scenario-680,1.0,0.9030137500000001,0.4591927083333333,0.9030137500000001,6.473698656773224,0.3632339185698208,0.4939089385730364,0.7142857142857143,0.2857142857142857,0.7142857142857143,0.2857142857142857,5,2,5,2,7,4,7,5,0.23311935365200043,0.05,,,,,,,,,,,0.4064466810807744,0.7256581948544853
2144,train-load-1.0-scenario-156-retry-2,1.0,0.99,0.99,0.93,26.426165858783985,0.9348530874378549,0.23181357922881168,0.7916666666666666,0.20833333333333334,0.7916666666666666,0.20833333333333334,19,5,19,5,24,5,24,19,0.2503335177898407,0.05,,,,,,,,,,,0.4064466810807744,0.7256581948544853
2145,train-load-0.5-scenario-461,0.5,0.6,0.45,0.6,14.327249946782388,1.0752394382507076,0.5247605617492925,0.9,0.1,0.9,0.1,9,1,9,1,10,8,10,9,0.3029453456401825,0.05,,,,,,,,,,,0.4064466810807744,0.7256581948544853
2146,train-load-0.6-scenario-39,0.6,0.5607184523809524,0.5607184523809524,0.528242,15.696946386735789,1.422808450017452,0.5771915499825481,1.0,0.0,1.0,0.0,9,0,11,0,11,7,9,9,0.328137069940567,0.05,,,,,,,,,,,0.4064466810807744,0.7256581948544853
2147,train-load-0.9-scenario-673,0.9,0.8700604,0.523478,0.8700604,9.985761630688327,0.6785133942243351,0.43259771688677606,0.7777777777777778,0.2222222222222222,0.8,0.2,7,2,8,2,10,5,9,7,0.40158790349960327,0.05,,,,,,,,,,,0.4064466810807744,0.7256581948544853
2148,train-load-0.7-scenario-417-retry-1,0.7,0.7857142857142857,0.7857142857142857,0.3142857142857143,7.348283422476778,0.02067302375289426,0.5247815217016512,0.6363636363636364,0.36363636363636365,0.6363636363636364,0.36363636363636365,7,4,7,4,11,7,11,7,0.265374094247818,0.05,,,,,,,,,,,0.4064466810807744,0.7256581948544853
2149,train-load-0.8-scenario-61,0.8,0.7803056666666667,0.40711875,0.7803056666666667,13.838349024425533,1.4003515866762637,0.5996484133237364,1.0,0.0,1.0,0.0,8,0,9,0,9,6,8,8,0.345920205116272,0.05,,,,,,,,,,,0.4064466810807744,0.7256581948544853
2150,train-load-0.5-scenario-549,0.5,0.44585546875000004,0.44585546875000004,0.40625525,16.061773417321533,1.4970226368096888,0.5029773631903113,1.0,0.0,1.0,0.0,9,0,10,0,10,8,9,9,0.3753189742565155,0.05,,,,,,,,,,,0.4064466810807744,0.7256581948544853
2151,train-load-0.8-scenario-410,0.8,0.8333333333333334,0.7916666666666666,0.8333333333333334,19.698056463727454,0.7022950303339843,0.45559970650812104,0.7894736842105263,0.21052631578947367,0.7894736842105263,0.21052631578947367,15,4,15,4,19,6,19,15,0.3330885171890259,0.05,,,,,,,,,,,0.4064466810807744,0.7256581948544853
2152,train-load-0.9-scenario-216,0.9,0.7972467142857143,0.4796269642857143,0.7972467142857143,14.509729143000742,1.006662132633,0.6297015037306362,0.9090909090909091,0.09090909090909091,0.9090909090909091,0.09090909090909091,10,1,10,1,11,7,11,10,0.20817583799362183,0.05,,,,,,,,,,,0.4064466810807744,0.7256581948544853
2153,train-load-0.7-scenario-361,0.7,0.76,0.6333333333333333,0.76,9.078930984700513,0.6473725294441857,0.35262747055581434,0.75,0.25,0.75,0.25,6,2,6,2,8,5,8,6,0.23952074348926544,0.05,,,,,,,,,,,0.4064466810807744,0.7256581948544853
2154,train-load-0.6-scenario-415,0.6,0.5776886666666666,0.5087520833333333,0.5776886666666666,12.309484870557279,1.1203928845140811,0.8796071154859189,1.0,0.0,1.0,0.0,8,0,8,0,8,6,8,8,0.30962827801704407,0.05,,,,,,,,,,,0.4064466810807744,0.7256581948544853
2155,train-load-0.6-scenario-622,0.6,0.72,0.18,0.72,14.921628050553391,1.3562857788284455,0.6437142211715544,1.0,0.0,1.0,0.0,9,0,9,0,9,5,9,9,0.40368473529815674,0.05,,,,,,,,,,,0.4064466810807744,0.7256581948544853
2156,train-load-0.5-scenario-439-retry-1,0.5,0.5571428571428572,0.4714285714285714,0.5571428571428572,15.249129286125413,1.522120795894976,0.47787920410502394,1.0,0.0,1.0,0.0,8,0,11,0,11,7,8,8,0.2879495620727539,0.05,,,,,,,,,,,0.4064466810807744,0.7256581948544853
2157,train-load-0.9-scenario-653,0.9,0.9149091666666668,0.4542597222222222,0.9149091666666668,11.616460712738103,0.8575550531014807,0.6980005024540746,0.8888888888888888,0.1111111111111111,0.8181818181818182,0.18181818181818182,8,1,9,2,11,6,9,8,0.2421363890171051,0.05,,,,,,,,,,,0.4064466810807744,0.7256581948544853
2158,train-load-0.5-scenario-37,0.5,0.4,0.1,0.4,24.924400909632006,1.4051874579299648,0.5948125420700352,1.0,0.0,1.0,0.0,16,0,16,0,16,8,16,16,0.1952246129512787,0.05,,,,,,,,,,,0.4064466810807744,0.7256581948544853
2159,train-load-0.5-scenario-153,0.5,0.5169005999999999,0.2400995,0.5169005999999999,8.801836586823685,1.1284187552029938,0.8715812447970063,1.0,0.0,1.0,0.0,5,0,5,0,5,5,5,5,0.3406120240688324,0.05,,,,,,,,,,,0.4064466810807744,0.7256581948544853
2160,train-load-1.0-scenario-187,1.0,0.8995070000000001,0.6862304166666667,0.8995070000000001,12.545911240090996,0.7244703125151989,0.5482569602120738,0.8181818181818182,0.18181818181818182,0.7692307692307693,0.23076923076923078,9,2,10,3,13,6,11,9,0.16386756300926208,0.05,,,,,,,,,,,0.4064466810807744,0.7256581948544853
2161,train-load-0.6-scenario-13,0.6,0.5919144,0.5288016666666667,0.5919144,11.196660633325356,1.1325963632255598,0.8674036367744403,1.0,0.0,1.0,0.0,7,0,8,0,8,5,7,7,0.1491721272468567,0.05,,,,,,,,,,,0.4064466810807744,0.7256581948544853
2162,train-load-1.0-scenario-684,1.0,0.887698,0.8075579166666667,0.887698,7.650209766188135,0.17692390626648602,0.6230760937335139,0.7,0.3,0.5833333333333334,0.4166666666666667,7,3,7,5,12,5,10,7,0.23065391182899475,0.05,,,,,,,,,,,0.4064466810807744,0.7256581948544853
2163,train-load-0.8-scenario-713,0.8,0.73,0.62,0.73,10.439523928109336,0.5772105810504093,0.6227894189495907,0.8,0.2,0.8,0.2,8,2,8,2,10,5,10,8,0.16055671870708466,0.05,,,,,,,,,,,0.4064466810807744,0.7256581948544853
2164,train-load-0.5-scenario-148-retry-10,0.5,0.59375,0.3625,0.59375,18.398721644003132,1.3921669228132383,0.6078330771867618,1.0,0.0,1.0,0.0,11,0,11,0,11,8,11,11,0.41062450408935547,0.05,,,,,,,,,,,0.4064466810807744,0.7256581948544853
2165,train-load-0.5-scenario-720-retry-4,0.5,0.4,0.4,0.2,23.91472327924845,1.6052081116080217,0.3947918883919784,1.0,0.0,1.0,0.0,14,0,14,0,14,7,14,14,0.12135360389947891,0.05,,,,,,,,,,,0.4064466810807744,0.7256581948544853
2166,train-load-0.7-scenario-211,0.7,0.6526118571428572,0.3881047619047619,0.6526118571428572,14.159638013756116,1.4132923867876588,0.5867076132123412,1.0,0.0,1.0,0.0,8,0,9,0,9,7,8,8,0.2641677260398865,0.05,,,,,,,,,,,0.4064466810807744,0.7256581948544853
2167,train-load-1.0-scenario-0-retry-6,1.0,1.0833333333333333,1.0833333333333333,0.35,7.567664397955404,0.2023323706407264,0.5976676293592735,0.7,0.3,0.7,0.3,7,3,7,3,10,4,10,7,0.38632553815841675,0.05,,,,,,,,,,,0.4064466810807744,0.7256581948544853
2168,train-load-0.9-scenario-288,0.9,0.8143028333333333,0.5794995833333334,0.8143028333333333,12.015112080725324,0.6559098678044707,0.6168174049228021,0.8181818181818182,0.18181818181818182,0.75,0.25,9,2,9,3,12,6,11,9,0.17092213034629822,0.05,,,,,,,,,,,0.4064466810807744,0.7256581948544853
2169,train-load-1.0-scenario-481-retry-10,1.0,0.975,0.975,0.65,8.486962410745582,0.061586027494356155,0.39995243404410546,0.6153846153846154,0.38461538461538464,0.6153846153846154,0.38461538461538464,8,5,8,5,13,8,13,8,0.4436660408973694,0.05,,,,,,,,,,,0.4064466810807744,0.7256581948544853
2170,train-load-0.5-scenario-366,0.5,0.4371662857142857,0.3006878571428571,0.4371662857142857,11.803726796039635,1.4360407242943913,0.5639592757056088,1.0,0.0,1.0,0.0,6,0,7,0,7,7,6,6,0.33497437834739685,0.05,,,,,,,,,,,0.4064466810807744,0.7256581948544853
2171,train-load-0.5-scenario-242-retry-5,0.5,0.5714285714285714,0.5714285714285714,0.14285714285714285,15.860122470305484,1.2587510467679872,0.7412489532320128,1.0,0.0,1.0,0.0,10,0,10,0,10,7,10,10,0.28551775217056274,0.05,,,,,,,,,,,0.4064466810807744,0.7256581948544853
2172,train-load-0.9-scenario-484-retry-3,0.9,1.0,0.041666666666666664,1.0,3.8384102710970787,-0.3481210663991888,0.7481210663991887,0.6,0.4,0.6,0.4,6,4,6,4,10,6,10,6,0.3299630284309387,0.05,,,,,,,,,,,0.4064466810807744,0.7256581948544853
2173,train-load-0.9-scenario-317,0.9,0.8156284,0.6856074999999999,0.8156284,12.701299031248883,0.7574247330818623,0.5153025396454104,0.8181818181818182,0.18181818181818182,0.8181818181818182,0.18181818181818182,9,2,9,2,11,5,11,9,0.29377782344818115,0.05,,,,,,,,,,,0.4064466810807744,0.7256581948544853
2174,train-load-0.6-scenario-426,0.6,0.6400333333333333,0.6400333333333333,0.5189228333333333,9.113891970249643,0.6363209332571239,0.8636790667428761,0.875,0.125,0.8,0.2,7,1,8,2,10,6,8,7,0.14989683032035828,0.05,,,,,,,,,,,0.4064466810807744,0.7256581948544853
2175,train-load-1.0-scenario-334-retry-1,1.0,0.9428571428571428,0.2785714285714286,0.9428571428571428,8.393573364211498,0.4007212521519671,0.26594541451469955,0.6666666666666666,0.3333333333333333,0.5,0.5,6,3,6,6,12,7,9,6,0.2979062497615814,0.05,,,,,,,,,,,0.4064466810807744,0.7256581948544853
2176,train-load-1.0-scenario-623-retry-2,1.0,1.0285714285714285,0.8571428571428571,1.0285714285714285,4.1897039110822085,-0.2523460844746017,0.47456830669682404,0.5555555555555556,0.4444444444444444,0.5555555555555556,0.4444444444444444,5,4,10,8,18,7,9,5,0.421164333820343,0.05,,,,,,,,,,,0.4064466810807744,0.7256581948544853
2177,train-load-0.8-scenario-601-retry-6,0.8,0.88125,0.38125,0.88125,14.328376525069485,0.8204151097580714,0.5129182235752621,0.8333333333333334,0.16666666666666666,0.75,0.25,10,2,12,4,16,8,12,10,0.25736895203590393,0.05,,,,,,,,,,,0.4064466810807744,0.7256581948544853
2178,train-load-0.7-scenario-166-retry-1,0.7,0.625,0.55,0.625,7.95059886014969,0.3891668593843771,0.6108331406156229,0.75,0.25,0.75,0.25,6,2,6,2,8,8,8,6,0.32105040550231934,0.05,,,,,,,,,,,0.4064466810807744,0.7256581948544853
2179,train-load-0.5-scenario-646,0.5,0.441717,0.3235957142857143,0.441717,11.694854346977195,1.1954274948773385,0.8045725051226615,1.0,0.0,1.0,0.0,7,0,7,0,7,7,7,7,0.33299264311790466,0.05,,,,,,,,,,,0.4064466810807744,0.7256581948544853
2180,train-load-0.8-scenario-429,0.8,0.7567321875,0.7567321875,0.72245025,15.389072274873481,0.5996141061517877,0.8670525605148791,0.8666666666666667,0.13333333333333333,0.8235294117647058,0.17647058823529413,13,2,14,3,17,8,15,13,0.3001996874809265,0.05,,,,,,,,,,,0.4064466810807744,0.7256581948544853
2181,train-load-1.0-scenario-312-retry-1,1.0,0.95,0.95,0.475,16.5166794116575,0.3500319747401873,0.5973364463124442,0.7368421052631579,0.2631578947368421,0.7368421052631579,0.2631578947368421,14,5,14,5,19,8,19,14,0.1904641091823578,0.05,,,,,,,,,,,0.4064466810807744,0.7256581948544853
2182,train-load-0.9-scenario-477-retry-1,0.9,0.875,0.14583333333333334,0.875,20.410241808306992,0.5022033153274825,0.7358919227677556,0.8095238095238095,0.19047619047619047,0.8095238095238095,0.19047619047619047,17,4,17,4,21,6,21,17,0.32654547691345215,0.05,,,,,,,,,,,0.4064466810807744,0.7256581948544853
2183,train-load-0.9-scenario-599,0.9,0.8013327380952381,0.8013327380952381,0.7397671428571428,14.558993062119997,0.6177139381319166,0.5251432047252261,0.7857142857142857,0.21428571428571427,0.7857142857142857,0.21428571428571427,11,3,11,3,14,7,14,11,0.2327115833759308,0.05,,,,,,,,,,,0.4064466810807744,0.7256581948544853
2184,train-load-1.0-scenario-373,1.0,1.1041666666666667,1.1041666666666667,0.51875,14.815381026996196,-0.003956871342273849,0.5494114167968193,0.6363636363636364,0.36363636363636365,0.6363636363636364,0.36363636363636365,14,8,14,8,22,8,22,14,0.309585303068161,0.05,,,,,,,,,,,0.4064466810807744,0.7256581948544853
2185,train-load-1.0-scenario-599,1.0,1.05,0.175,1.05,6.181444171104738,-0.3614571681204115,0.6471714538346972,0.5714285714285714,0.42857142857142855,0.5714285714285714,0.42857142857142855,8,6,8,6,14,8,14,8,0.4709838032722473,0.05,,,,,,,,,,,0.4064466810807744,0.7256581948544853
2186,train-load-1.0-scenario-646,1.0,0.9476757499999999,0.7405193750000001,0.9476757499999999,19.3509423631578,0.9309758524744205,0.5690241475255796,0.875,0.125,0.8235294117647058,0.17647058823529413,14,2,14,3,17,8,16,14,0.3472995162010193,0.05,,,,,,,,,,,0.4064466810807744,0.7256581948544853
2187,train-load-0.9-scenario-21-retry-1,0.9,0.94,0.69,0.94,11.15042079550347,0.2748752968112679,0.8020477801118091,0.7692307692307693,0.23076923076923078,0.7692307692307693,0.23076923076923078,10,3,10,3,13,5,13,10,0.23287241160869598,0.05,,,,,,,,,,,0.4064466810807744,0.7256581948544853
2188,train-load-0.6-scenario-203,0.6,0.539401875,0.539401875,0.441021875,17.052997365177994,1.4565648809703764,0.5434351190296236,1.0,0.0,1.0,0.0,10,0,11,0,11,8,10,10,0.32916271686553955,0.05,,,,,,,,,,,0.4064466810807744,0.7256581948544853
2189,train-load-1.0-scenario-703,1.0,1.025,0.8125,1.025,3.555032077245799,-0.9142235384762711,0.9142235384762711,0.5,0.5,0.5,0.5,8,8,8,8,16,8,16,8,0.30623364448547363,0.05,,,,,,,,,,,0.4064466810807744,0.7256581948544853
2190,train-load-0.9-scenario-525-retry-1,0.9,0.8463010000000001,0.6424366666666667,0.8463010000000001,5.876638070240172,0.005880131564984348,0.6607865351016823,0.6666666666666666,0.3333333333333333,0.6666666666666666,0.3333333333333333,6,3,6,3,9,5,9,6,0.341255247592926,0.05,,,,,,,,,,,0.4064466810807744,0.7256581948544853
2191,train-load-0.8-scenario-85,0.8,0.7418956666666667,0.5140654166666667,0.7418956666666667,11.692008120916164,0.8663613447027826,0.6891942108527729,0.8888888888888888,0.1111111111111111,0.8181818181818182,0.18181818181818182,8,1,9,2,11,6,9,8,0.22656506299972534,0.05,,,,,,,,,,,0.4064466810807744,0.7256581948544853
2192,train-load-0.6-scenario-243,0.6,0.5118010000000001,0.422284375,0.5118010000000001,10.238580290800485,0.7942706936778723,0.7057293063221277,0.875,0.125,0.8,0.2,7,1,8,2,10,8,8,7,0.2708131670951843,0.05,,,,,,,,,,,0.4064466810807744,0.7256581948544853
2193,train-load-1.0-scenario-428-retry-4,1.0,0.938576,0.6754458333333334,0.938576,11.620423746145768,0.16161559212139787,0.7717177412119354,0.7333333333333333,0.26666666666666666,0.6875,0.3125,11,4,11,5,16,7,15,11,0.27225711941719055,0.05,,,,,,,,,,,0.4064466810807744,0.7256581948544853
2194,train-load-0.5-scenario-447-retry-1,0.5,0.4125,0.3125,0.4125,16.622553233413868,1.549877202270541,0.4501227977294591,1.0,0.0,1.0,0.0,9,0,9,0,9,8,9,9,0.08195681869983673,0.05,,,,,,,,,,,0.4064466810807744,0.7256581948544853
2195,train-load-0.8-scenario-732-retry-1,0.8,0.9142857142857143,0.21428571428571427,0.9142857142857143,12.68885426939783,0.4162836599030791,0.7265734829540638,0.7857142857142857,0.21428571428571427,0.7857142857142857,0.21428571428571427,11,3,11,3,14,7,14,11,0.12995174527168274,0.05,,,,,,,,,,,0.4064466810807744,0.7256581948544853
2196,train-load-0.6-scenario-362,0.6,0.515208,0.43229375,0.515208,8.55623422002132,1.1429877037152174,0.8570122962847826,1.0,0.0,1.0,0.0,5,0,5,0,5,4,5,5,0.29684019088745117,0.05,,,,,,,,,,,0.4064466810807744,0.7256581948544853
2197,train-load-0.6-scenario-360,0.6,0.572233125,0.4230408854166667,0.572233125,15.277939373737237,1.1799438664265858,0.8200561335734141,1.0,0.0,1.0,0.0,10,0,11,0,11,8,10,10,0.0671258270740509,0.05,,,,,,,,,,,0.4064466810807744,0.7256581948544853
2198,train-hard-4gpu-4pod-2vgpu,0.25,0.25,0.16666666666666666,0.25,11.616666666666667,1.9166666666666665,0.08333333333333337,1.0,0.0,1.0,0.0,4,0,8,0,8,4,4,4,0.35995566844940186,0.05,,,,,,,,,,,0.4064466810807744,0.7256581948544853
2199,train-load-1.0-scenario-592-retry-3,1.0,1.1,0.9166666666666666,1.1,5.668523875132603,-0.20498127678806377,0.38679945860624554,0.5454545454545454,0.45454545454545453,0.5454545454545454,0.45454545454545453,6,5,6,5,11,4,11,6,0.22857549786567688,0.05,,,,,,,,,,,0.4064466810807744,0.7256581948544853
2200,train-load-0.7-scenario-462,0.7,0.7857142857142857,0.06547619047619048,0.7857142857142857,6.207389063380268,-0.11391595611880234,0.6593705015733478,0.6363636363636364,0.36363636363636365,0.6363636363636364,0.36363636363636365,7,4,7,4,11,7,11,7,0.28157031536102295,0.05,0.3754679418610157,0.5232602705004058,0.7246820530903554,0.2753179469096446,0.7103882009066904,0.2896117990933097,0.6620589185056175,0.6691167585330617,0.2943295982673411,0.7236093436907576,0.4064466810807744,0.7256581948544853
2201,train-load-0.6-scenario-300,0.6,0.62302225,0.384951875,0.62302225,5.609446371017356,0.50645851396146,0.69354148603854,0.8,0.2,0.8,0.2,4,1,4,1,5,4,5,4,0.27198582887649536,0.05,,,,,,,,,,,0.4064466810807744,0.7256581948544853
2202,train-load-0.8-scenario-634-retry-6,0.8,0.88,0.68,0.88,8.719709045830598,0.3373339775221281,0.4626660224778718,0.7,0.3,0.7,0.3,7,3,7,3,10,5,10,7,0.34195277094841003,0.05,,,,,,,,,,,0.4064466810807744,0.7256581948544853
2203,train-load-0.6-scenario-668,0.6,0.6875,0.34375,0.6875,10.44480203608834,0.4640302131020153,0.44506069598889375,0.7272727272727273,0.2727272727272727,0.7272727272727273,0.2727272727272727,8,3,8,3,11,8,11,8,0.5307348966598511,0.05,,,,,,,,,,,0.4064466810807744,0.7256581948544853
2204,train-load-0.8-scenario-173,0.8,0.6843518571428571,0.31838571428571427,0.6843518571428571,14.867535143607833,1.3026465134562653,0.6973534865437347,1.0,0.0,1.0,0.0,9,0,9,0,9,7,9,9,0.31796908378601074,0.05,,,,,,,,,,,0.4064466810807744,0.7256581948544853
2205,train-load-0.9-scenario-211-retry-1,0.9,1.0,0.75,1.0,12.699309283675822,0.4897940866470921,0.5871289902759849,0.7692307692307693,0.23076923076923078,0.7692307692307693,0.23076923076923078,10,3,10,3,13,4,13,10,0.260442852973938,0.05,,,,,,,,,,,0.4064466810807744,0.7256581948544853
2206,train-load-1.0-scenario-724,1.0,1.0285714285714285,0.17142857142857143,1.0285714285714285,4.6414580564755035,-0.45086846185039764,0.784201795183731,0.5833333333333334,0.4166666666666667,0.5833333333333334,0.4166666666666667,7,5,7,5,12,7,12,7,0.25241798162460327,0.05,,,,,,,,,,,0.4064466810807744,0.7256581948544853
2207,train-load-0.9-scenario-140,0.9,0.8976798333333332,0.6145404166666667,0.8976798333333332,15.463377034975027,1.0913342927895877,0.5450293435740485,0.9090909090909091,0.09090909090909091,0.8461538461538461,0.15384615384615385,10,1,11,2,13,6,11,10,0.20364120602607727,0.05,,,,,,,,,,,0.4064466810807744,0.7256581948544853
2208,train-load-0.8-scenario-661,0.8,0.7282636,0.4824691666666666,0.7282636,8.049294504464612,0.45588957602930313,0.5441104239706969,0.75,0.25,0.75,0.25,6,2,6,2,8,5,8,6,0.09929002076387405,0.05,,,,,,,,,,,0.4064466810807744,0.7256581948544853
2209,train-load-0.9-scenario-2,0.9,0.79605,0.5544675,0.79605,7.908476513821186,0.6205634318468682,0.8080079967245603,0.8571428571428571,0.14285714285714285,0.8571428571428571,0.14285714285714285,6,1,6,1,7,4,7,6,0.4666716754436493,0.05,,,,,,,,,,,0.4064466810807744,0.7256581948544853
2210,train-load-0.9-scenario-324-retry-4,0.9,0.8,0.8,0.4,25.280176731175537,1.0463832058877414,0.5536167941122587,0.9,0.1,0.9,0.1,18,2,18,2,20,5,20,18,0.38909319043159485,0.05,,,,,,,,,,,0.4064466810807744,0.7256581948544853
2211,train-load-1.0-scenario-653-retry-7,1.0,1.0,0.4791666666666667,1.0,4.904419817439129,0.006834299489637319,0.4931657005103627,0.625,0.375,0.625,0.375,5,3,5,3,8,4,8,5,0.15676915645599365,0.05,,,,,,,,,,,0.4064466810807744,0.7256581948544853
2212,train-load-0.8-scenario-415,0.8,0.8666666666666667,0.7083333333333334,0.8666666666666667,9.772584350119194,0.29994247275468033,0.36672419391198624,0.6666666666666666,0.3333333333333333,0.6666666666666666,0.3333333333333333,8,4,8,4,12,6,12,8,0.15032026171684265,0.05,,,,,,,,,,,0.4064466810807744,0.7256581948544853
2213,train-load-0.9-scenario-86,0.9,0.975,0.95,0.975,7.075630121518932,0.12136292582812469,0.2786370741718752,0.6,0.4,0.6,0.4,6,4,6,4,10,4,10,6,0.22197359800338745,0.05,,,,,,,,,,,0.4064466810807744,0.7256581948544853
2214,train-load-0.6-scenario-370-retry-1,0.6,0.5,0.5,0.5,31.459814484160542,1.5794939747002774,0.42050602529972264,1.0,0.0,1.0,0.0,20,0,20,0,20,8,20,20,0.3497278690338135,0.05,,,,,,,,,,,0.4064466810807744,0.7256581948544853
2215,train-load-0.6-scenario-678,0.6,0.6187504,0.27400708333333335,0.6187504,9.324243627603039,1.2564702612719696,0.7435297387280303,1.0,0.0,1.0,0.0,5,0,6,0,6,5,5,5,0.35265278816223145,0.05,,,,,,,,,,,0.4064466810807744,0.7256581948544853
2216,train-load-0.7-scenario-465,0.7,0.75082525,0.47365124999999997,0.75082525,10.871224749919318,1.365441993890958,0.6345580061090419,1.0,0.0,1.0,0.0,6,0,6,0,6,4,6,6,0.3522278666496277,0.05,,,,,,,,,,,0.4064466810807744,0.7256581948544853
2217,train-load-0.8-scenario-575-retry-2,0.8,0.8285714285714286,0.34285714285714286,0.8285714285714286,11.361417797019573,0.9738574781388163,0.5261425218611837,0.875,0.125,0.8333333333333334,0.16666666666666666,7,1,10,2,12,7,8,7,0.36322322487831116,0.05,,,,,,,,,,,0.4064466810807744,0.7256581948544853
2218,train-load-0.7-scenario-502,0.7,0.7885628333333333,0.49214479166666664,0.7885628333333333,15.097210385988916,1.389653981544717,0.6103460184552829,1.0,0.0,1.0,0.0,9,0,10,0,10,6,9,9,0.16063667833805084,0.05,,,,,,,,,,,0.4064466810807744,0.7256581948544853
2219,train-load-1.0-scenario-384-retry-10,1.0,0.8833333333333333,0.8,0.8833333333333333,9.147504154624814,0.40710858895984103,0.39289141104015884,0.7,0.3,0.7,0.3,7,3,7,3,10,6,10,7,0.49177831411361694,0.05,,,,,,,,,,,0.4064466810807744,0.7256581948544853
2220,train-load-0.6-scenario-433-retry-5,0.6,0.675,0.5729166666666666,0.675,15.014327362865394,0.7588908522106517,0.6257245324047329,0.8461538461538461,0.15384615384615385,0.8461538461538461,0.15384615384615385,11,2,11,2,13,8,13,11,0.21279451251029968,0.05,,,,,,,,,,,0.4064466810807744,0.7256581948544853
2221,train-load-0.6-scenario-469,0.6,0.56,0.42,0.56,24.09746966546159,1.7273247703851615,0.2726752296148384,1.0,0.0,1.0,0.0,14,0,14,0,14,5,14,14,0.4011981785297394,0.05,,,,,,,,,,,0.4064466810807744,0.7256581948544853
2222,train-load-0.6-scenario-171,0.6,0.534137375,0.32844114583333334,0.534137375,10.961380758720889,1.2952958112895585,0.7047041887104414,1.0,0.0,1.0,0.0,6,0,9,0,9,8,6,6,0.32427966594696045,0.05,,,,,,,,,,,0.4064466810807744,0.7256581948544853
2223,train-load-0.9-scenario-573-retry-1,0.9,0.799131625,0.706709375,0.799131625,12.320109624103884,0.31586361408351254,0.8269935287736303,0.7857142857142857,0.21428571428571427,0.6875,0.3125,11,3,11,5,16,8,14,11,0.46904271841049194,0.05,,,,,,,,,,,0.4064466810807744,0.7256581948544853
2224,train-load-1.0-scenario-222-retry-1,1.0,0.9,0.2857142857142857,0.9,16.14126787221719,0.667959800917661,0.7987068657490057,0.8666666666666667,0.13333333333333333,0.8666666666666667,0.13333333333333333,13,2,13,2,15,7,15,13,0.4455048441886902,0.05,,,,,,,,,,,0.4064466810807744,0.7256581948544853
2225,train-load-0.6-scenario-259-retry-2,0.6,0.5,0.25,0.5,31.419756223162043,1.5941637335148642,0.4058362664851358,1.0,0.0,1.0,0.0,20,0,20,0,20,4,20,20,0.2465287744998932,0.05,,,,,,,,,,,0.4064466810807744,0.7256581948544853
2226,train-load-0.6-scenario-37,0.6,0.5689685,0.33988541666666666,0.5689685,15.226252682024654,1.3438248585583004,0.6561751414416996,1.0,0.0,1.0,0.0,9,0,10,0,10,8,9,9,0.117528036236763,0.05,,,,,,,,,,,0.4064466810807744,0.7256581948544853
2227,train-load-0.8-scenario-364,0.8,0.88624175,0.40764249999999996,0.88624175,5.981058327111988,0.6220512927070873,0.5779487072929129,0.8,0.2,0.6666666666666666,0.3333333333333333,4,1,4,2,6,4,5,4,0.23812219500541687,0.05,,,,,,,,,,,0.4064466810807744,0.7256581948544853
2228,train-load-0.6-scenario-332-retry-2,0.6,0.6666666666666666,0.6666666666666666,0.25,13.682804692553546,1.3768047777243353,0.6231952222756647,1.0,0.0,1.0,0.0,8,0,8,0,8,8,8,8,0.6569515466690063,0.05,,,,,,,,,,,0.4064466810807744,0.7256581948544853
2229,train-load-0.6-scenario-701,0.6,0.631122125,0.30122,0.631122125,9.097740072679457,0.7731329002651223,0.6554385283063063,0.8571428571428571,0.14285714285714285,0.8,0.2,6,1,8,2,10,8,7,6,0.47804200649261475,0.05,,,,,,,,,,,0.4064466810807744,0.7256581948544853
2230,train-load-0.6-scenario-652,0.6,0.5865927142857142,0.5268782738095238,0.5865927142857142,15.65312437355902,1.410087338628362,0.5899126613716379,1.0,0.0,1.0,0.0,9,0,10,0,10,7,9,9,0.16533759236335754,0.05,,,,,,,,,,,0.4064466810807744,0.7256581948544853
2231,train-load-0.7-scenario-683,0.7,0.697195,0.304586,0.697195,6.979133207649029,0.6097446724812772,0.7235886608520562,0.8333333333333334,0.16666666666666666,0.8333333333333334,0.16666666666666666,5,1,5,1,6,5,6,5,0.3549744784832001,0.05,,,,,,,,,,,0.4064466810807744,0.7256581948544853
2232,train-load-0.9-scenario-440-retry-1,0.9,1.0,0.8333333333333334,1.0,9.152616687480347,0.3893993314352401,0.4106006685647599,0.7,0.3,0.7,0.3,7,3,7,3,10,4,10,7,0.45214518904685974,0.05,,,,,,,,,,,0.4064466810807744,0.7256581948544853
2233,train-load-0.5-scenario-709-retry-5,0.5,0.5,0.3,0.5,17.237937225144876,1.4231795817036599,0.5768204182963401,1.0,0.0,1.0,0.0,10,0,10,0,10,5,10,10,0.48277097940444946,0.05,,,,,,,,,,,0.4064466810807744,0.7256581948544853
2234,train-load-0.6-scenario-535,0.6,0.62680825,0.4507453125,0.62680825,5.647847253012845,0.5318141651805929,0.6681858348194072,0.8,0.2,0.8333333333333334,0.16666666666666666,4,1,5,1,6,4,5,4,0.40886110067367554,0.05,,,,,,,,,,,0.4064466810807744,0.7256581948544853
2235,train-load-0.8-scenario-509,0.8,0.6945872000000001,0.3438805,0.6945872000000001,3.4731080751436187,0.23848608904824997,0.76151391095175,0.75,0.25,0.6666666666666666,0.3333333333333333,3,1,4,2,6,5,4,3,0.3451991081237793,0.05,,,,,,,,,,,0.4064466810807744,0.7256581948544853
2236,train-hard-4gpu-8pod-1vgpu,0.5,0.5,0.3333333333333333,0.5,14.826750331841652,1.5387055078389387,0.46129449216106144,1.0,0.0,1.0,0.0,8,0,8,0,8,4,8,8,0.46771109104156494,0.05,,,,,,,,,,,0.4064466810807744,0.7256581948544853
2237,train-load-1.0-scenario-417,1.0,0.963215,0.56778275,0.963215,7.546342944443527,0.15431918079457108,0.6456808192054289,0.7,0.3,0.7,0.3,7,3,7,3,10,5,10,7,0.20251813530921936,0.05,,,,,,,,,,,0.4064466810807744,0.7256581948544853
2238,train-load-0.9-scenario-147,0.9,0.8593121666666668,0.602057986111111,0.8593121666666668,9.819581748270945,0.4897838934468183,0.7102161065531818,0.8,0.2,0.6923076923076923,0.3076923076923077,8,2,9,4,13,6,10,8,0.18948543071746826,0.05,,,,,,,,,,,0.4064466810807744,0.7256581948544853
2239,train-load-0.6-scenario-99,0.6,0.6875,0.275,0.6875,12.499154290840263,1.0224286736611017,0.5331268818944538,0.8888888888888888,0.1111111111111111,0.8888888888888888,0.1111111111111111,8,1,8,1,9,8,9,8,0.5066066384315491,0.05,,,,,,,,,,,0.4064466810807744,0.7256581948544853
2240,train-load-0.7-scenario-624,0.7,0.676967,0.43635,0.676967,7.437561315582979,0.6918143766994005,0.641518956633933,0.8333333333333334,0.16666666666666666,0.7142857142857143,0.2857142857142857,5,1,5,2,7,5,6,5,0.15424475073814392,0.05,,,,,,,,,,,0.4064466810807744,0.7256581948544853
2241,train-load-0.5-scenario-565,0.5,0.4406134,0.3434825,0.4406134,11.000795915384787,1.4734410176797184,0.5265589823202816,1.0,0.0,1.0,0.0,5,0,5,0,5,5,5,5,0.37997400760650635,0.05,,,,,,,,,,,0.4064466810807744,0.7256581948544853
2242,train-load-0.5-scenario-255,0.5,0.4722548333333334,0.35607361111111113,0.4722548333333334,10.002472063346033,1.159983803643195,0.8400161963568049,1.0,0.0,1.0,0.0,6,0,7,0,7,6,6,6,0.20229454338550568,0.05,,,,,,,,,,,0.4064466810807744,0.7256581948544853
2243,train-load-0.9-scenario-306,0.9,0.8774995,0.45705260416666665,0.8774995,5.547527670465062,0.39930143050240224,0.9340319028309312,0.8333333333333334,0.16666666666666666,0.7142857142857143,0.2857142857142857,5,1,5,2,7,4,6,5,0.36864447593688965,0.05,,,,,,,,,,,0.4064466810807744,0.7256581948544853
2244,train-load-0.9-scenario-349-retry-2,0.9,1.0,0.4,1.0,-6.9083486230557245,-2.3027828743519083,0.3027828743519082,0.0,1.0,0.0,1.0,0,8,0,8,8,8,8,0,0.29732197523117065,0.05,,,,,,,,,,,0.4064466810807744,0.7256581948544853
2245,train-load-0.7-scenario-180,0.7,0.6272881944444444,0.6272881944444444,0.5093593333333333,12.674531468944789,1.3745325091748035,0.6254674908251965,1.0,0.0,1.0,0.0,7,0,9,0,9,6,7,7,0.3123491406440735,0.05,,,,,,,,,,,0.4064466810807744,0.7256581948544853
2246,train-load-0.8-scenario-131-retry-2,0.8,0.8125,0.8125,0.75,15.066660608538921,0.6015517800155189,0.5984482199844813,0.8,0.2,0.8,0.2,12,3,12,3,15,8,15,12,0.3708760142326355,0.05,,,,,,,,,,,0.4064466810807744,0.7256581948544853
2247,train-load-0.7-scenario-191-retry-2,0.7,0.75,0.3,0.75,6.377975243455998,0.18468732902225937,0.8153126709777406,0.75,0.25,0.75,0.25,6,2,6,2,8,8,8,6,0.3599582314491272,0.05,,,,,,,,,,,0.4064466810807744,0.7256581948544853
2248,train-load-0.5-scenario-620,0.5,0.4528032857142857,0.23724178571428572,0.4528032857142857,9.18281228187423,1.2200913679119334,0.7799086320880666,1.0,0.0,1.0,0.0,5,0,6,0,6,7,5,5,0.303035706281662,0.05,,,,,,,,,,,0.4064466810807744,0.7256581948544853
2249,train-load-0.7-scenario-215,0.7,0.6481259375,0.6481259375,0.6073817499999999,13.20280254434335,1.4526231818822017,0.5473768181177983,1.0,0.0,1.0,0.0,7,0,7,0,7,4,7,7,0.17210163176059723,0.05,,,,,,,,,,,0.4064466810807744,0.7256581948544853
2250,train-load-0.6-scenario-534,0.6,0.675,0.6458333333333334,0.675,0.15300747736405418,-0.9554435037204461,0.7332212814982237,0.4444444444444444,0.5555555555555556,0.4444444444444444,0.5555555555555556,4,5,4,5,9,8,9,4,0.3398805856704712,0.05,,,,,,,,,,,0.4064466810807744,0.7256581948544853
2251,train-load-1.0-scenario-383-retry-1,1.0,0.9083333333333333,0.2361111111111111,0.9083333333333333,13.177676867564825,0.6656821845421645,0.6676511487911689,0.8333333333333334,0.16666666666666666,0.8333333333333334,0.16666666666666666,10,2,10,2,12,6,12,10,0.30240827798843384,0.05,,,,,,,,,,,0.4064466810807744,0.7256581948544853
2252,train-load-1.0-scenario-356-retry-2,1.0,1.0,1.0,0.5,3.6528336433100925,-0.405188303532519,0.40518830353251895,0.5,0.5,0.5,0.5,5,5,5,5,10,5,10,5,0.16017530858516693,0.05,,,,,,,,,,,0.4064466810807744,0.7256581948544853
2253,train-load-0.6-scenario-31-retry-2,0.6,0.625,0.625,0.35,17.429212604844395,1.0188940101179464,0.673413682189746,0.9230769230769231,0.07692307692307693,0.9230769230769231,0.07692307692307693,12,1,12,1,13,8,13,12,0.1799205243587494,0.05,,,,,,,,,,,0.4064466810807744,0.7256581948544853
2254,train-load-0.9-scenario-208-retry-4,0.9,0.8833333333333333,0.75,0.8833333333333333,5.878131078626758,-0.023334883051966737,0.6900015497186334,0.6666666666666666,0.3333333333333333,0.6153846153846154,0.38461538461538464,6,3,8,5,13,6,9,6,0.2585083544254303,0.05,,,,,,,,,,,0.4064466810807744,0.7256581948544853
2255,train-load-0.5-scenario-129,0.5,0.4482704,0.2916945,0.4482704,11.007100531029781,1.4853510432517614,0.5146489567482387,1.0,0.0,1.0,0.0,5,0,5,0,5,5,5,5,0.20087900757789612,0.05,,,,,,,,,,,0.4064466810807744,0.7256581948544853
2256,train-load-0.6-scenario-242,0.6,0.5220975714285714,0.34103214285714284,0.5220975714285714,12.677928560388025,1.3644627406369474,0.6355372593630526,1.0,0.0,1.0,0.0,7,0,8,0,8,7,7,7,0.2764107882976532,0.05,,,,,,,,,,,0.4064466810807744,0.7256581948544853
2257,train-load-0.5-scenario-605,0.5,0.46977957142857146,0.3690895833333333,0.46977957142857146,12.798812801655785,1.3604443496505085,0.6395556503494915,1.0,0.0,1.0,0.0,7,0,7,0,7,7,7,7,0.23761394619941711,0.05,,,,,,,,,,,0.4064466810807744,0.7256581948544853
2258,train-load-0.8-scenario-722-retry-5,0.8,0.8571428571428571,0.5714285714285714,0.8571428571428571,26.834928057933272,0.9221528405823334,0.4111804927510001,0.8333333333333334,0.16666666666666666,0.8333333333333334,0.16666666666666666,20,4,20,4,24,7,24,20,0.20002813637256622,0.05,,,,,,,,,,,0.4064466810807744,0.7256581948544853
2259,train-load-0.7-scenario-647,0.7,0.655646375,0.5954303125,0.655646375,15.920713221310493,1.0181511294160464,0.6485155372506202,0.9166666666666666,0.08333333333333333,0.8571428571428571,0.14285714285714285,11,1,12,2,14,8,12,11,0.31993284821510315,0.05,,,,,,,,,,,0.4064466810807744,0.7256581948544853
2260,train-load-0.5-scenario-698,0.5,0.5714285714285714,0.5714285714285714,0.2857142857142857,12.148939132777132,1.1164766505008905,0.3835233494991095,0.875,0.125,0.875,0.125,7,1,7,1,8,7,8,7,0.24982230365276337,0.05,,,,,,,,,,,0.4064466810807744,0.7256581948544853
2261,train-load-0.7-scenario-467,0.7,0.64730275,0.49932708333333337,0.64730275,5.638427104218641,0.39357457687668357,0.9397587564566499,0.8333333333333334,0.16666666666666666,0.8333333333333334,0.16666666666666666,5,1,5,1,6,4,6,5,0.38188719749450684,0.05,,,,,,,,,,,0.4064466810807744,0.7256581948544853
2262,train-load-0.9-scenario-87-retry-1,0.9,0.8666666666666667,0.3055555555555556,0.8666666666666667,16.52719186160978,0.8490709833649929,0.5795004452064356,0.8571428571428571,0.14285714285714285,0.8571428571428571,0.14285714285714285,12,2,12,2,14,6,14,12,0.091163769364357,0.05,,,,,,,,,,,0.4064466810807744,0.7256581948544853
2263,train-load-0.6-scenario-182,0.6,0.5142857142857142,0.5142857142857142,0.34285714285714286,19.953676796676994,1.4298812721400318,0.5701187278599682,1.0,0.0,1.0,0.0,12,0,12,0,12,7,12,12,0.2123391181230545,0.05,,,,,,,,,,,0.4064466810807744,0.7256581948544853
2264,train-load-0.6-scenario-337,0.6,0.5,0.3,0.5,19.887861359495833,1.4660515251821344,0.5339484748178654,1.0,0.0,1.0,0.0,12,0,12,0,12,6,12,12,0.2632729709148407,0.05,,,,,,,,,,,0.4064466810807744,0.7256581948544853
2265,train-load-0.7-scenario-443,0.7,0.731037,0.5202709375,0.731037,6.495661216025751,0.5003861553877953,0.8329471779455382,0.8333333333333334,0.16666666666666666,0.7142857142857143,0.2857142857142857,5,1,5,2,7,4,6,5,0.20073749125003815,0.05,,,,,,,,,,,0.4064466810807744,0.7256581948544853
2266,train-load-1.0-scenario-493-retry-5,1.0,0.9285714285714286,0.18571428571428572,0.9285714285714286,4.92465152145838,-0.45453802555176437,0.6083841793979181,0.5384615384615384,0.46153846153846156,0.5384615384615384,0.46153846153846156,7,6,7,6,13,7,13,7,0.30535876750946045,0.05,,,,,,,,,,,0.4064466810807744,0.7256581948544853
2267,train-load-0.6-scenario-510,0.6,0.5125131944444444,0.5125131944444444,0.4705056666666667,11.073236132775646,1.3101661177422228,0.6898338822577771,1.0,0.0,1.0,0.0,6,0,7,0,7,6,6,6,0.41038867831230164,0.05,,,,,,,,,,,0.4064466810807744,0.7256581948544853
2268,train-load-0.8-scenario-149-retry-4,0.8,0.88,0.32,0.88,8.15907004178869,0.26044894954746634,0.5395510504525336,0.7,0.3,0.7,0.3,7,3,7,3,10,5,10,7,0.27055051922798157,0.05,,,,,,,,,,,0.4064466810807744,0.7256581948544853
2269,train-load-0.5-scenario-448,0.5,0.469014880952381,0.469014880952381,0.40142228571428573,13.474086345918048,1.2414578385483295,0.7585421614516705,1.0,0.0,1.0,0.0,8,0,8,0,8,7,8,8,0.11364399641752243,0.05,,,,,,,,,,,0.4064466810807744,0.7256581948544853
2270,train-load-0.6-scenario-606,0.6,0.532152,0.2353802083333333,0.532152,8.11759670639022,1.2794185326559613,0.7205814673440388,1.0,0.0,1.0,0.0,4,0,4,0,4,4,4,4,0.18780073523521423,0.05,,,,,,,,,,,0.4064466810807744,0.7256581948544853
2271,train-load-0.7-scenario-8,0.7,0.6066914285714287,0.3614339285714286,0.6066914285714287,11.70343883998844,1.4138321321459542,0.5861678678540458,1.0,0.0,1.0,0.0,6,0,8,0,8,7,6,6,0.2216944396495819,0.05,,,,,,,,,,,0.4064466810807744,0.7256581948544853
2272,train-load-0.5-scenario-68-retry-8,0.5,0.4,0.2,0.4,31.2100477452259,1.5502445644258345,0.4497554355741656,1.0,0.0,1.0,0.0,20,0,20,0,20,5,20,20,0.25371646881103516,0.05,,,,,,,,,,,0.4064466810807744,0.7256581948544853
2273,train-load-0.7-scenario-445,0.7,0.7209975,0.5774125,0.7209975,8.953012458130369,0.8261133043720853,0.6024581241993432,0.8571428571428571,0.14285714285714285,0.8571428571428571,0.14285714285714285,6,1,6,1,7,4,7,6,0.33303987979888916,0.05,,,,,,,,,,,0.4064466810807744,0.7256581948544853
2274,train-load-0.6-scenario-477,0.6,0.512710875,0.4311510416666667,0.512710875,15.214443357814364,1.3594351746300373,0.6405648253699627,1.0,0.0,1.0,0.0,9,0,10,0,10,8,9,9,0.3587509095668793,0.05,,,,,,,,,,,0.4064466810807744,0.7256581948544853
2275,train-hard-4gpu-4pod-1vgpu,0.25,0.25,0.16666666666666666,0.25,11.544497883017963,1.9166666666666665,0.08333333333333337,1.0,0.0,1.0,0.0,4,0,4,0,4,4,4,4,0.7778714299201965,0.05,,,,,,,,,,,0.4064466810807744,0.7256581948544853
2276,train-load-0.7-scenario-680,0.7,0.602981,0.602981,0.4170468,8.479003058491639,0.7139396272046514,0.7146318013667771,0.8571428571428571,0.14285714285714285,0.8571428571428571,0.14285714285714285,6,1,6,1,7,5,7,6,0.26613491773605347,0.05,,,,,,,,,,,0.4064466810807744,0.7256581948544853
2277,train-load-0.7-scenario-587,0.7,0.6461964285714286,0.6461964285714286,0.623624,16.543236586553277,1.387418683914236,0.612581316085764,1.0,0.0,1.0,0.0,10,0,12,0,12,7,10,10,0.2515338659286499,0.05,,,,,,,,,,,0.4064466810807744,0.7256581948544853
2278,train-load-0.7-scenario-577,0.7,0.6002436666666667,0.5436922916666667,0.6002436666666667,13.23004248655802,1.2244281272301767,0.7755718727698233,1.0,0.0,1.0,0.0,8,0,9,0,9,6,8,8,0.2503181993961334,0.05,,,,,,,,,,,0.4064466810807744,0.7256581948544853
2279,train-load-1.0-scenario-212-retry-3,1.0,1.0,0.3125,1.0,5.3042909920329055,-0.637849297016589,0.637849297016589,0.5,0.5,0.5,0.5,8,8,8,8,16,8,16,8,0.262237012386322,0.05,,,,,,,,,,,0.4064466810807744,0.7256581948544853
2280,train-load-0.9-scenario-426,0.9,0.8177315000000001,0.4674536458333334,0.8177315000000001,7.213379045152373,0.6447342211963787,0.6885991121369548,0.8333333333333334,0.16666666666666666,0.8333333333333334,0.16666666666666666,5,1,5,1,6,4,6,5,0.2486768513917923,0.05,,,,,,,,,,,0.4064466810807744,0.7256581948544853
2281,train-load-0.7-scenario-109-retry-1,0.7,0.6,0.125,0.6,3.0905514868178896,-0.3880937757402003,0.3880937757402004,0.5,0.5,0.5,0.5,4,4,4,4,8,8,8,4,0.39581847190856934,0.05,,,,,,,,,,,0.4064466810807744,0.7256581948544853
2282,train-load-0.5-scenario-665,0.5,0.4377869047619048,0.4377869047619048,0.41811042857142855,11.095187769529076,1.3277972137782694,0.6722027862217306,1.0,0.0,1.0,0.0,6,0,8,0,8,7,6,6,0.29500913619995117,0.05,,,,,,,,,,,0.4064466810807744,0.7256581948544853
2283,train-load-1.0-scenario-539,1.0,0.9140686666666666,0.7707764583333333,0.9140686666666666,14.289185670114161,0.8618567037642355,0.47147662956909797,0.8333333333333334,0.16666666666666666,0.7142857142857143,0.2857142857142857,10,2,10,4,14,6,12,10,0.29010748863220215,0.05,,,,,,,,,,,0.4064466810807744,0.7256581948544853
2284,train-load-0.8-scenario-305-retry-1,0.8,0.85,0.45,0.85,9.046796451152758,0.5212943163793071,0.589816794731804,0.7777777777777778,0.2222222222222222,0.7777777777777778,0.2222222222222222,7,2,7,2,9,5,9,7,0.3538203239440918,0.05,,,,,,,,,,,0.4064466810807744,0.7256581948544853
2285,train-load-0.9-scenario-290,0.9,0.8506872857142856,0.40551125,0.8506872857142856,13.325013439168721,0.9753842425301629,0.6246157574698372,0.9,0.1,0.8333333333333334,0.16666666666666666,9,1,10,2,12,7,10,9,0.4265809953212738,0.05,,,,,,,,,,,0.4064466810807744,0.7256581948544853
2286,train-load-1.0-scenario-627-retry-1,1.0,0.9219963541666667,0.9219963541666667,0.69631175,14.431669592217075,0.40226304178122463,0.5977369582187754,0.75,0.25,0.6666666666666666,0.3333333333333333,12,4,12,6,18,8,16,12,0.23172923922538757,0.05,,,,,,,,,,,0.4064466810807744,0.7256581948544853
2287,train-load-1.0-scenario-3-retry-6,1.0,1.03125,0.34375,1.03125,6.1945770263577495,-0.15496388652465543,0.7004184319792008,0.6363636363636364,0.36363636363636365,0.6363636363636364,0.36363636363636365,7,4,7,4,11,8,11,7,0.32395029067993164,0.05,,,,,,,,,,,0.4064466810807744,0.7256581948544853
2288,train-load-0.9-scenario-421,0.9,0.7804376,0.49174350000000006,0.7804376,8.166508000063832,0.8212114277729017,0.5121219055604318,0.8333333333333334,0.16666666666666666,0.75,0.25,5,1,6,2,8,5,6,5,0.18453103303909302,0.05,,,,,,,,,,,0.4064466810807744,0.7256581948544853
2289,train-load-0.7-scenario-627,0.7,0.6927401249999999,0.5621796875,0.6927401249999999,10.5605945262698,0.21645491213733936,0.8604681647857376,0.7692307692307693,0.23076923076923078,0.7692307692307693,0.23076923076923078,10,3,10,3,13,8,13,10,0.46825459599494934,0.05,,,,,,,,,,,0.4064466810807744,0.7256581948544853
2290,train-load-0.7-scenario-440,0.7,0.75,0.75,0.75,16.94156517448854,0.8106359827998054,0.3893640172001947,0.8,0.2,0.8,0.2,12,3,12,3,15,8,15,12,0.32626357674598694,0.05,,,,,,,,,,,0.4064466810807744,0.7256581948544853
2291,train-load-0.8-scenario-676,0.8,0.7691818333333333,0.33861006944444444,0.7691818333333333,11.5208954181684,1.2114125863669003,0.7885874136330997,1.0,0.0,1.0,0.0,7,0,8,0,8,6,7,7,0.3622707426548004,0.05,,,,,,,,,,,0.4064466810807744,0.7256581948544853
2292,train-load-1.0-scenario-637-retry-6,1.0,0.92,0.92,0.64,17.79195011387149,0.6215171120135441,0.6726005350452794,0.8235294117647058,0.17647058823529413,0.8235294117647058,0.17647058823529413,14,3,14,3,17,5,17,14,0.21340134739875793,0.05,,,,,,,,,,,0.4064466810807744,0.7256581948544853
2293,train-hard-4gpu-12pod-small,0.375,0.375,0.25,0.375,22.316746824526945,1.875,0.125,1.0,0.0,1.0,0.0,12,0,12,0,12,4,12,12,0.4261223077774048,0.05,,,,,,,,,,,0.4064466810807744,0.7256581948544853
2294,train-load-0.8-scenario-71,0.8,0.7177745,0.6118281250000001,0.7177745,7.203517015596204,0.6488590155304796,0.6844743178028537,0.8333333333333334,0.16666666666666666,0.7142857142857143,0.2857142857142857,5,1,5,2,7,4,6,5,0.27020126581192017,0.05,,,,,,,,,,,0.4064466810807744,0.7256581948544853
2295,train-load-0.9-scenario-703-retry-2,0.9,1.0,1.0,0.5,4.490949673504443,-0.43066176131493117,0.43066176131493117,0.5,0.5,0.5,0.5,6,6,6,6,12,6,12,6,0.16433468461036682,0.05,,,,,,,,,,,0.4064466810807744,0.7256581948544853
2296,train-load-0.7-scenario-548-retry-9,0.7,0.6111111111111112,0.6111111111111112,0.4166666666666667,18.0428911875315,1.5792928918611815,0.42070710813881856,1.0,0.0,1.0,0.0,10,0,10,0,10,6,10,10,0.30611535906791687,0.05,,,,,,,,,,,0.4064466810807744,0.7256581948544853
2297,train-load-0.7-scenario-144,0.7,0.6246795,0.4693653125,0.6246795,17.625693108492595,1.2704720029124033,0.7295279970875967,1.0,0.0,1.0,0.0,11,0,12,0,12,8,11,11,0.519110381603241,0.05,,,,,,,,,,,0.4064466810807744,0.7256581948544853
2298,train-load-0.7-scenario-585-retry-1,0.7,0.8,0.8,0.4,7.848051828861326,0.41520703321032426,0.5847929667896757,0.75,0.25,0.75,0.25,6,2,12,4,16,8,8,6,0.1801760345697403,0.05,,,,,,,,,,,0.4064466810807744,0.7256581948544853
2299,train-load-0.9-scenario-601,0.9,0.9048028125,0.9048028125,0.6971762499999999,6.256081075362756,0.3305524441028601,0.5265904130399971,0.7142857142857143,0.2857142857142857,0.6666666666666666,0.3333333333333333,5,2,6,3,9,4,7,5,0.2497614026069641,0.05,,,,,,,,,,,0.4064466810807744,0.7256581948544853
2300,train-load-0.9-scenario-518-retry-4,0.9,1.0,1.0,0.4125,5.514701724068416,-0.03924563547926874,0.7059123021459354,0.6666666666666666,0.3333333333333333,0.6666666666666666,0.3333333333333333,6,3,6,3,9,4,9,6,0.497300922870636,0.05,0.3853959179759931,0.5280869376832434,0.7283707139148091,0.2716292860851908,0.7136983172344079,0.28630168276559215,0.6951410028182652,0.7296798026708606,0.27330384341850006,0.7275095636235696,0.4064466810807744,0.7256581948544853
2301,train-load-0.6-scenario-747,0.6,0.5942130952380952,0.5942130952380952,0.43933771428571433,14.81797974853885,1.311789269474092,0.688210730525908,1.0,0.0,1.0,0.0,9,0,11,0,11,7,9,9,0.3187217116355896,0.05,,,,,,,,,,,0.4064466810807744,0.7256581948544853
2302,train-load-0.8-scenario-34,0.8,0.7086274285714286,0.47704160714285715,0.7086274285714286,14.086557398080998,1.3799591116183072,0.6200408883816928,1.0,0.0,1.0,0.0,8,0,10,0,10,7,8,8,0.224168598651886,0.05,,,,,,,,,,,0.4064466810807744,0.7256581948544853
2303,train-load-0.8-scenario-366-retry-1,0.8,0.9,0.9,0.72,4.786430344675809,-0.1571412910229848,0.3793635132452071,0.5555555555555556,0.4444444444444444,0.5555555555555556,0.4444444444444444,5,4,5,4,9,5,9,5,0.10073357820510864,0.05,,,,,,,,,,,0.4064466810807744,0.7256581948544853
2304,train-load-0.7-scenario-28,0.7,0.6642645,0.3144425,0.6642645,6.325251803773136,0.6314899308355181,0.568510069164482,0.8,0.2,0.8,0.2,4,1,4,1,5,4,5,4,0.2201204001903534,0.05,,,,,,,,,,,0.4064466810807744,0.7256581948544853
2305,train-load-0.7-scenario-113,0.7,0.7857142857142857,0.7857142857142857,0.15714285714285714,6.967211661741854,-0.007433996621716621,0.552888542076262,0.6363636363636364,0.36363636363636365,0.6363636363636364,0.36363636363636365,7,4,7,4,11,7,11,7,0.3180890679359436,0.05,,,,,,,,,,,0.4064466810807744,0.7256581948544853
2306,train-load-0.8-scenario-111,0.8,0.9166666666666666,0.9166666666666666,0.5333333333333333,4.867233959646513,-0.3422612095130191,0.5240793913312009,0.5454545454545454,0.45454545454545453,0.5454545454545454,0.45454545454545453,6,5,6,5,11,6,11,6,0.3153667747974396,0.05,,,,,,,,,,,0.4064466810807744,0.7256581948544853
2307,train-load-0.5-scenario-527,0.5,0.6,0.2,0.6,19.70752401332255,1.4281067756770005,0.5718932243229994,1.0,0.0,1.0,0.0,12,0,12,0,12,5,12,12,0.30704909563064575,0.05,,,,,,,,,,,0.4064466810807744,0.7256581948544853
2308,train-load-0.5-scenario-486,0.5,0.5714285714285714,0.5714285714285714,0.45714285714285713,12.616504227127692,1.1658952413134047,0.3341047586865954,0.875,0.125,0.875,0.125,7,1,7,1,8,7,8,7,0.3000947833061218,0.05,,,,,,,,,,,0.4064466810807744,0.7256581948544853
2309,train-load-0.9-scenario-262,0.9,0.7857142857142857,0.42857142857142855,0.7857142857142857,7.296182802427995,0.11535336958212661,0.2846466304178733,0.6,0.4,0.6,0.4,6,4,6,4,10,7,10,6,0.322532057762146,0.05,,,,,,,,,,,0.4064466810807744,0.7256581948544853
2310,train-load-1.0-scenario-315-retry-9,1.0,0.9375,0.375,0.9375,6.666766014681343,-0.3391509460031876,0.472484279336521,0.5333333333333333,0.4666666666666667,0.5333333333333333,0.4666666666666667,8,7,8,7,15,8,15,8,0.26421821117401123,0.05,,,,,,,,,,,0.4064466810807744,0.7256581948544853
2311,train-load-0.7-scenario-344-retry-3,0.7,0.8,0.6,0.8,11.786351629591351,1.0388275072730364,0.4611724927269635,0.875,0.125,0.875,0.125,7,1,7,1,8,4,8,7,0.26120197772979736,0.05,,,,,,,,,,,0.4064466810807744,0.7256581948544853
2312,train-load-0.7-scenario-565-retry-1,0.7,0.7666666666666667,0.575,0.7666666666666667,22.593926572890325,1.6939297431066533,0.30607025689334655,1.0,0.0,1.0,0.0,13,0,13,0,13,6,13,13,0.24864080548286438,0.05,,,,,,,,,,,0.4064466810807744,0.7256581948544853
2313,train-load-1.0-scenario-526,1.0,0.8897011666666667,0.5726375,0.8897011666666667,10.929841235204819,0.4859653992684446,0.7867618734588282,0.8181818181818182,0.18181818181818182,0.75,0.25,9,2,9,3,12,6,11,9,0.3946104943752289,0.05,,,,,,,,,,,0.4064466810807744,0.7256581948544853
2314,train-load-0.9-scenario-160-retry-1,0.9,1.0,1.0,0.5,2.239138711692114,-0.4691521121574902,0.4691521121574902,0.5,0.5,0.5,0.5,4,4,4,4,8,4,8,4,0.28180718421936035,0.05,,,,,,,,,,,0.4064466810807744,0.7256581948544853
2315,train-load-1.0-scenario-432,1.0,0.96721625,0.616835,0.96721625,7.13397096184776,0.4334295010903271,0.4237133560525302,0.7142857142857143,0.2857142857142857,0.625,0.375,5,2,5,3,8,4,7,5,0.35517576336860657,0.05,,,,,,,,,,,0.4064466810807744,0.7256581948544853
2316,train-load-1.0-scenario-112-retry-19,1.0,0.9,0.7333333333333333,0.9,12.929453796844946,0.7667686418124996,0.5059586309147732,0.8181818181818182,0.18181818181818182,0.7333333333333333,0.26666666666666666,9,2,11,4,15,6,11,9,0.2754669785499573,0.05,,,,,,,,,,,0.4064466810807744,0.7256581948544853
2317,train-load-0.6-scenario-734,0.6,0.517245,0.517245,0.45022575000000004,15.4268801301047,1.411411774712491,0.588588225287509,1.0,0.0,1.0,0.0,9,0,10,0,10,8,9,9,0.4471864104270935,0.05,,,,,,,,,,,0.4064466810807744,0.7256581948544853
2318,train-load-0.6-scenario-47,0.6,0.634165875,0.5213065625,0.634165875,10.567669260482397,0.8576863087584012,0.6423136912415988,0.875,0.125,0.8333333333333334,0.16666666666666666,7,1,10,2,12,8,8,7,0.27088046073913574,0.05,,,,,,,,,,,0.4064466810807744,0.7256581948544853
2319,train-load-0.8-scenario-51,0.8,0.9083333333333333,0.2916666666666667,0.9083333333333333,8.012950638733468,0.48698431288499755,0.5130156871150025,0.75,0.25,0.75,0.25,6,2,6,2,8,6,8,6,0.27141231298446655,0.05,,,,,,,,,,,0.4064466810807744,0.7256581948544853
2320,train-load-0.5-scenario-209,0.5,0.5021547500000001,0.2539473958333333,0.5021547500000001,7.363351189728951,1.0763440051609479,0.9236559948390521,1.0,0.0,1.0,0.0,4,0,4,0,4,4,4,4,0.2997426390647888,0.05,,,,,,,,,,,0.4064466810807744,0.7256581948544853
2321,train-load-0.8-scenario-683,0.8,0.9,0.3375,0.9,8.771751996766511,0.4505543490717936,0.6605567620393176,0.7777777777777778,0.2222222222222222,0.7777777777777778,0.2222222222222222,7,2,7,2,9,4,9,7,0.19839835166931152,0.05,,,,,,,,,,,0.4064466810807744,0.7256581948544853
2322,train-load-0.9-scenario-289-retry-13,0.9,1.0,0.2,1.0,3.81007533676154,-0.18203696547068626,0.6820369654706863,0.625,0.375,0.625,0.375,5,3,5,3,8,5,8,5,0.205503910779953,0.05,,,,,,,,,,,0.4064466810807744,0.7256581948544853
2323,train-load-1.0-scenario-564-retry-1,1.0,0.928019,0.5382107638888889,0.928019,11.647342852749677,0.6256959368956468,0.647031335831626,0.8181818181818182,0.18181818181818182,0.75,0.25,9,2,9,3,12,6,11,9,0.1970396339893341,0.05,,,,,,,,,,,0.4064466810807744,0.7256581948544853
2324,train-load-0.7-scenario-151-retry-1,0.7,0.7642857142857142,0.7380952380952381,0.7642857142857142,14.78833552847407,1.1469218614552426,0.45307813854475754,0.9,0.1,0.8461538461538461,0.15384615384615385,9,1,11,2,13,7,10,9,0.24681037664413452,0.05,,,,,,,,,,,0.4064466810807744,0.7256581948544853
2325,train-load-0.9-scenario-327,0.9,0.8090445312500001,0.8090445312500001,0.723169625,21.371688902272943,1.296465800309127,0.43686753302420633,0.9333333333333333,0.06666666666666667,0.8823529411764706,0.11764705882352941,14,1,15,2,17,8,15,14,0.42166656255722046,0.05,,,,,,,,,,,0.4064466810807744,0.7256581948544853
2326,train-load-1.0-scenario-224-retry-1,1.0,1.05,0.75,1.05,7.24155947124326,0.0801809111430315,0.7198190888569684,0.7,0.3,0.7,0.3,7,3,7,3,10,4,10,7,0.280494749546051,0.05,,,,,,,,,,,0.4064466810807744,0.7256581948544853
2327,train-load-0.5-scenario-548,0.5,0.606248,0.34520677083333334,0.606248,10.837248894701471,1.4831472694310057,0.5168527305689942,1.0,0.0,1.0,0.0,5,0,5,0,5,4,5,5,0.16950684785842896,0.05,,,,,,,,,,,0.4064466810807744,0.7256581948544853
2328,train-load-0.7-scenario-265-retry-3,0.7,0.5857142857142857,0.4857142857142857,0.5857142857142857,19.19178868539658,1.536969503597678,0.4630304964023219,1.0,0.0,1.0,0.0,11,0,11,0,11,7,11,11,0.2999061942100525,0.05,,,,,,,,,,,0.4064466810807744,0.7256581948544853
2329,train-load-0.5-scenario-440,0.5,0.5874349999999999,0.21810104166666666,0.5874349999999999,2.6074760671894395,0.15681856779852665,0.8431814322014733,0.75,0.25,0.75,0.25,3,1,3,1,4,4,4,3,0.3472462296485901,0.05,,,,,,,,,,,0.4064466810807744,0.7256581948544853
2330,train-load-1.0-scenario-225,1.0,1.0857142857142856,0.6571428571428571,1.0857142857142856,7.1378366601604775,0.012597940792024365,0.532856604662521,0.6363636363636364,0.36363636363636365,0.5,0.5,7,4,7,7,14,7,11,7,0.34807440638542175,0.05,,,,,,,,,,,0.4064466810807744,0.7256581948544853
2331,train-load-0.7-scenario-698,0.7,0.6284395,0.6284395,0.5226742000000001,9.83094792556226,0.7133825747229694,0.7866174252770306,0.875,0.125,0.875,0.125,7,1,7,1,8,5,8,7,0.27145448327064514,0.05,,,,,,,,,,,0.4064466810807744,0.7256581948544853
2332,train-hard-4gpu-8pod-1vgpu,0.5,0.5,0.3333333333333333,0.5,16.42232909936926,1.8333333333333335,0.16666666666666663,1.0,0.0,1.0,0.0,8,0,8,0,8,4,8,8,0.3566771447658539,0.05,,,,,,,,,,,0.4064466810807744,0.7256581948544853
2333,train-load-0.9-scenario-699-retry-4,0.9,1.0,1.0,0.15,4.9771045456665375,-0.4064885128067167,0.7398218461400501,0.5833333333333334,0.4166666666666667,0.5833333333333334,0.4166666666666667,7,5,7,5,12,8,12,7,0.34313541650772095,0.05,,,,,,,,,,,0.4064466810807744,0.7256581948544853
2334,train-load-0.7-scenario-527,0.7,0.6292928125,0.6292928125,0.5940198750000001,20.09303127392528,1.3116311849773283,0.6883688150226717,1.0,0.0,1.0,0.0,13,0,15,0,15,8,13,13,0.2857142984867096,0.05,,,,,,,,,,,0.4064466810807744,0.7256581948544853
2335,train-load-0.6-scenario-402,0.6,0.5238095238095238,0.5238095238095238,0.2857142857142857,15.060257522517526,1.5451022324016581,0.4548977675983419,1.0,0.0,1.0,0.0,8,0,8,0,8,7,8,8,0.27729982137680054,0.05,,,,,,,,,,,0.4064466810807744,0.7256581948544853
2336,train-load-0.9-scenario-704,0.9,0.7857142857142857,0.7857142857142857,0.24285714285714285,13.390258335352339,0.6945729535917236,0.6387603797416099,0.8333333333333334,0.16666666666666666,0.8333333333333334,0.16666666666666666,10,2,10,2,12,7,12,10,0.32486599683761597,0.05,,,,,,,,,,,0.4064466810807744,0.7256581948544853
2337,train-load-0.5-scenario-199,0.5,0.46233683333333336,0.24199041666666668,0.46233683333333336,10.954593845345904,1.505303165903793,0.4946968340962069,1.0,0.0,1.0,0.0,5,0,6,0,6,6,5,5,0.3512372374534607,0.05,,,,,,,,,,,0.4064466810807744,0.7256581948544853
2338,train-load-1.0-scenario-178-retry-1,1.0,1.0833333333333333,1.0833333333333333,0.6125,2.460931825192988,-0.41922221903223633,0.9192222190322363,0.625,0.375,0.625,0.375,5,3,5,3,8,4,8,5,0.1422966718673706,0.05,,,,,,,,,,,0.4064466810807744,0.7256581948544853
2339,train-load-0.9-scenario-34,0.9,1.0,0.08333333333333333,1.0,1.1988987268147846,-0.8511243140581739,0.451124314058174,0.4,0.6,0.4,0.6,4,6,4,6,10,7,10,4,0.4326741695404053,0.05,,,,,,,,,,,0.4064466810807744,0.7256581948544853
2340,train-load-0.9-scenario-448-retry-2,0.9,1.0,1.0,0.5,2.216742315332967,-0.5154148116407045,0.5154148116407045,0.5,0.5,0.5,0.5,4,4,4,4,8,4,8,4,0.46741944551467896,0.05,,,,,,,,,,,0.4064466810807744,0.7256581948544853
2341,train-load-0.9-scenario-293,0.9,0.8205912857142857,0.3912539285714286,0.8205912857142857,13.212716639687823,0.9639719720819313,0.6360280279180688,0.9,0.1,0.8181818181818182,0.18181818181818182,9,1,9,2,11,7,10,9,0.1970120519399643,0.05,,,,,,,,,,,0.4064466810807744,0.7256581948544853
2342,train-load-1.0-scenario-318,1.0,0.8854711999999999,0.7381058333333333,0.8854711999999999,15.067048215959938,1.268169753064434,0.33183024693556606,0.9,0.1,0.8181818181818182,0.18181818181818182,9,1,9,2,11,5,10,9,0.31216302514076233,0.05,,,,,,,,,,,0.4064466810807744,0.7256581948544853
2343,train-load-0.7-scenario-110-retry-2,0.7,0.7142857142857143,0.7142857142857143,0.7142857142857143,17.549178206549186,0.8314035583179471,0.6352631083487197,0.8666666666666667,0.13333333333333333,0.8666666666666667,0.13333333333333333,13,2,13,2,15,7,15,13,0.26331812143325806,0.05,,,,,,,,,,,0.4064466810807744,0.7256581948544853
2344,train-load-0.5-scenario-368,0.5,0.43538439999999995,0.22928833333333334,0.43538439999999995,10.388589696770241,1.373272470288999,0.6267275297110011,1.0,0.0,1.0,0.0,5,0,5,0,5,5,5,5,0.4147339463233948,0.05,,,,,,,,,,,0.4064466810807744,0.7256581948544853
2345,train-hard-4gpu-4pod-2vgpu,0.25,0.25,0.16666666666666666,0.25,11.616666666666667,1.9166666666666665,0.08333333333333337,1.0,0.0,1.0,0.0,4,0,8,0,8,4,4,4,0.3665398359298706,0.05,,,,,,,,,,,0.4064466810807744,0.7256581948544853
2346,train-load-1.0-scenario-542-retry-6,1.0,0.9166666666666666,0.5,0.9166666666666666,6.683224922184836,0.00450539388809279,0.3954946061119071,0.6,0.4,0.6,0.4,6,4,6,4,10,6,10,6,0.3008365333080292,0.05,,,,,,,,,,,0.4064466810807744,0.7256581948544853
2347,train-load-0.8-scenario-742,0.8,0.736578,0.603428125,0.736578,9.681240837729806,0.9099455746498023,0.5186258539216262,0.8571428571428571,0.14285714285714285,0.8571428571428571,0.14285714285714285,6,1,6,1,7,4,7,6,0.23184528946876526,0.05,,,,,,,,,,,0.4064466810807744,0.7256581948544853
2348,train-load-0.7-scenario-542-retry-3,0.7,0.75625,0.4625,0.75625,14.323083151310438,0.4336219257778048,0.7663780742221953,0.8,0.2,0.8,0.2,12,3,12,3,15,8,15,12,0.37803083658218384,0.05,,,,,,,,,,,0.4064466810807744,0.7256581948544853
2349,train-load-0.7-scenario-412-retry-1,0.7,0.7619047619047619,0.7619047619047619,0.22857142857142856,11.006214313130888,0.9608395286199696,0.5391604713800305,0.875,0.125,0.875,0.125,7,1,7,1,8,7,8,7,0.4449544847011566,0.05,,,,,,,,,,,0.4064466810807744,0.7256581948544853
2350,train-load-0.7-scenario-608-retry-1,0.7,0.8,0.8,0.64,14.836194499564954,1.1808026993872478,0.4191973006127524,0.9,0.1,0.9,0.1,9,1,9,1,10,5,10,9,0.4332859516143799,0.05,,,,,,,,,,,0.4064466810807744,0.7256581948544853
2351,train-load-0.7-scenario-540,0.7,0.6293641666666667,0.57124375,0.6293641666666667,11.678251278321799,0.8315972054377828,0.7239583501177727,0.8888888888888888,0.1111111111111111,0.8,0.2,8,1,8,2,10,6,9,8,0.39884114265441895,0.05,,,,,,,,,,,0.4064466810807744,0.7256581948544853
2352,train-load-0.5-scenario-652,0.5,0.4723614583333333,0.4723614583333333,0.329768875,14.385709180071775,1.2070228948322188,0.7929771051677813,1.0,0.0,1.0,0.0,9,0,9,0,9,8,9,9,0.44377219676971436,0.05,,,,,,,,,,,0.4064466810807744,0.7256581948544853
2353,train-load-0.9-scenario-244,0.9,0.95,0.475,0.95,12.665264172585273,-0.0031022066166146445,0.5294179960902988,0.631578947368421,0.3684210526315789,0.631578947368421,0.3684210526315789,12,7,12,7,19,8,19,12,0.20855502784252167,0.05,,,,,,,,,,,0.4064466810807744,0.7256581948544853
2354,train-load-0.8-scenario-684-retry-1,0.8,0.8857142857142857,0.3,0.8857142857142857,9.167900147267277,0.06278906011613072,0.7064417091146384,0.6923076923076923,0.3076923076923077,0.6923076923076923,0.3076923076923077,9,4,9,4,13,7,13,9,0.2937796115875244,0.05,,,,,,,,,,,0.4064466810807744,0.7256581948544853
2355,train-load-0.6-scenario-591,0.6,0.56602275,0.327010625,0.56602275,1.1207261624125406,-0.10491087381131603,0.7715775404779827,0.6666666666666666,0.3333333333333333,0.6,0.4,2,1,3,2,5,4,3,2,0.3344791531562805,0.05,,,,,,,,,,,0.4064466810807744,0.7256581948544853
2356,train-load-0.5-scenario-654-retry-1,0.5,0.5333333333333333,0.2222222222222222,0.5333333333333333,24.508188517588,1.389918645636298,0.610081354363702,1.0,0.0,1.0,0.0,16,0,16,0,16,6,16,16,0.4232000708580017,0.05,,,,,,,,,,,0.4064466810807744,0.7256581948544853
2357,train-load-1.0-scenario-74-retry-1,1.0,0.9721881666666667,0.694825,0.9721881666666667,8.088872961901481,0.026189480283583255,0.6404771863830834,0.6666666666666666,0.3333333333333333,0.6153846153846154,0.38461538461538464,8,4,8,5,13,6,12,8,0.44922003149986267,0.05,,,,,,,,,,,0.4064466810807744,0.7256581948544853
2358,train-load-0.7-scenario-212,0.7,0.612554875,0.3177028125,0.612554875,14.248714607245542,1.241456783153442,0.7585432168465579,1.0,0.0,1.0,0.0,9,0,9,0,9,8,9,9,0.42278334498405457,0.05,,,,,,,,,,,0.4064466810807744,0.7256581948544853
2359,train-load-0.7-scenario-73,0.7,0.6431855714285714,0.5767175595238095,0.6431855714285714,15.736870669106645,1.4773426498456488,0.5226573501543512,1.0,0.0,1.0,0.0,9,0,11,0,11,7,9,9,0.2144993543624878,0.05,,,,,,,,,,,0.4064466810807744,0.7256581948544853
2360,train-load-0.6-scenario-438,0.6,0.7,0.5833333333333334,0.7,24.472373233181116,1.747725559822976,0.25227444017702416,1.0,0.0,1.0,0.0,14,0,14,0,14,4,14,14,0.41847312450408936,0.05,,,,,,,,,,,0.4064466810807744,0.7256581948544853
2361,train-load-0.9-scenario-234-retry-3,0.9,0.8375,0.6458333333333334,0.8375,20.20925788373321,0.9580775466967402,0.3360401003620832,0.8235294117647058,0.17647058823529413,0.8235294117647058,0.17647058823529413,14,3,14,3,17,8,17,14,0.1955505609512329,0.05,,,,,,,,,,,0.4064466810807744,0.7256581948544853
2362,train-load-0.5-scenario-396,0.5,0.43581909722222223,0.43581909722222223,0.3584153333333333,14.284010819694354,1.6541268138114495,0.3458731861885505,1.0,0.0,1.0,0.0,7,0,7,0,7,6,7,7,0.33397412300109863,0.05,,,,,,,,,,,0.4064466810807744,0.7256581948544853
2363,train-load-0.5-scenario-577,0.5,0.4256372857142857,0.20733321428571427,0.4256372857142857,7.005298218997726,1.2187467155528875,0.7812532844471126,1.0,0.0,1.0,0.0,3,0,5,0,5,7,3,3,0.2444448620080948,0.05,,,,,,,,,,,0.4064466810807744,0.7256581948544853
2364,train-load-0.6-scenario-265,0.6,0.4857142857142857,0.40476190476190477,0.4857142857142857,28.282152554972765,1.7044695146062945,0.2955304853937055,1.0,0.0,1.0,0.0,17,0,17,0,17,7,17,17,0.21976810693740845,0.05,,,,,,,,,,,0.4064466810807744,0.7256581948544853
2365,train-load-0.7-scenario-341,0.7,0.8,0.6666666666666666,0.8,20.88782492881306,1.3396395849744327,0.3746461293112817,0.9285714285714286,0.07142857142857142,0.9285714285714286,0.07142857142857142,13,1,13,1,14,6,14,13,0.3813714385032654,0.05,,,,,,,,,,,0.4064466810807744,0.7256581948544853
2366,train-load-1.0-scenario-158,1.0,0.954071,0.673455,0.954071,12.3983616889491,0.6840625629389986,0.5886647097882742,0.8181818181818182,0.18181818181818182,0.7142857142857143,0.2857142857142857,9,2,10,4,14,7,11,9,0.27151650190353394,0.05,,,,,,,,,,,0.4064466810807744,0.7256581948544853
2367,train-load-0.5-scenario-501-retry-2,0.5,0.44,0.44,0.44,19.941141412595066,1.6286473216192296,0.3713526783807704,1.0,0.0,1.0,0.0,11,0,11,0,11,5,11,11,0.27408045530319214,0.05,,,,,,,,,,,0.4064466810807744,0.7256581948544853
2368,train-load-0.7-scenario-410,0.7,0.7583333333333333,0.5333333333333333,0.7583333333333333,14.339468646519402,0.9613951918456098,0.6749684445180264,0.9090909090909091,0.09090909090909091,0.9090909090909091,0.09090909090909091,10,1,10,1,11,6,11,10,0.2533836364746094,0.05,,,,,,,,,,,0.4064466810807744,0.7256581948544853
2369,train-load-0.8-scenario-399-retry-4,0.8,0.9,0.56,0.9,8.37679501021726,0.5086349932334988,0.49136500676650113,0.75,0.25,0.75,0.25,6,2,6,2,8,5,8,6,0.20864465832710266,0.05,,,,,,,,,,,0.4064466810807744,0.7256581948544853
2370,train-load-0.9-scenario-632-retry-1,0.9,1.0,0.3,1.0,-6.8537501851976135,-2.284583395065871,0.2845833950658714,0.0,1.0,0.0,1.0,0,8,0,8,8,8,8,0,0.29189881682395935,0.05,,,,,,,,,,,0.4064466810807744,0.7256581948544853
2371,train-load-0.5-scenario-434,0.5,0.49304383333333335,0.26184291666666665,0.49304383333333335,9.740789233712988,1.2787091267893214,0.7212908732106788,1.0,0.0,1.0,0.0,5,0,6,0,6,6,5,5,0.2634654641151428,0.05,,,,,,,,,,,0.4064466810807744,0.7256581948544853
2372,train-load-0.8-scenario-497,0.8,0.9166666666666666,0.6333333333333333,0.9166666666666666,16.39498332522335,0.9341761992037871,0.45043918541159744,0.8461538461538461,0.15384615384615385,0.75,0.25,11,2,12,4,16,6,13,11,0.28902003169059753,0.05,,,,,,,,,,,0.4064466810807744,0.7256581948544853
2373,train-load-0.7-scenario-609-retry-6,0.7,0.7142857142857143,0.6428571428571429,0.7142857142857143,20.627092109232308,1.288860083083664,0.1778065835830026,0.8666666666666667,0.13333333333333333,0.8666666666666667,0.13333333333333333,13,2,13,2,15,7,15,13,0.2677702009677887,0.05,,,,,,,,,,,0.4064466810807744,0.7256581948544853
2374,train-load-0.9-scenario-259-retry-2,0.9,1.0,0.8,1.0,3.8633517788144065,-0.31135995767214775,0.5335821798943701,0.5555555555555556,0.4444444444444444,0.5555555555555556,0.4444444444444444,5,4,5,4,9,5,9,5,0.24161046743392944,0.05,,,,,,,,,,,0.4064466810807744,0.7256581948544853
2375,train-load-0.5-scenario-535,0.5,0.4,0.4,0.4,22.076656647469775,1.7770745024536163,0.22292549754638358,1.0,0.0,1.0,0.0,12,0,12,0,12,6,12,12,0.33401721715927124,0.05,,,,,,,,,,,0.4064466810807744,0.7256581948544853
2376,train-load-1.0-scenario-509,1.0,0.9178758333333333,0.640725,0.9178758333333333,10.975964160094284,0.5278709993575804,0.7448562733696924,0.8181818181818182,0.18181818181818182,0.8181818181818182,0.18181818181818182,9,2,9,2,11,6,11,9,0.15396803617477417,0.05,,,,,,,,,,,0.4064466810807744,0.7256581948544853
2377,train-load-0.6-scenario-664,0.6,0.7125794,0.41964,0.7125794,13.12784389613444,1.4552330593906826,0.5447669406093174,1.0,0.0,1.0,0.0,7,0,8,0,8,5,7,7,0.2022503912448883,0.05,,,,,,,,,,,0.4064466810807744,0.7256581948544853
2378,train-hard-4gpu-4pod-2vgpu,0.25,0.25,0.16666666666666666,0.25,11.616666666666667,1.9166666666666665,0.08333333333333337,1.0,0.0,1.0,0.0,4,0,8,0,8,4,4,4,0.3562661409378052,0.05,,,,,,,,,,,0.4064466810807744,0.7256581948544853
2379,train-load-0.9-scenario-118-retry-4,0.9,0.7916666666666666,0.375,0.7916666666666666,14.34813607727489,1.0747264325744792,0.5252735674255208,0.9,0.1,0.8461538461538461,0.15384615384615385,9,1,11,2,13,6,10,9,0.22162114083766937,0.05,,,,,,,,,,,0.4064466810807744,0.7256581948544853
2380,train-load-0.8-scenario-398,0.8,0.755273,0.4807425,0.755273,15.524793381356035,1.135904320740498,0.5004593156231384,0.9090909090909091,0.09090909090909091,0.9166666666666666,0.08333333333333333,10,1,11,1,12,7,11,10,0.2863296866416931,0.05,,,,,,,,,,,0.4064466810807744,0.7256581948544853
2381,train-load-0.6-scenario-643,0.6,0.5604144,0.3535858333333334,0.5604144,10.05178897177735,1.355142669397631,0.6448573306023692,1.0,0.0,1.0,0.0,5,0,6,0,6,5,5,5,0.3170129656791687,0.05,,,,,,,,,,,0.4064466810807744,0.7256581948544853
2382,train-load-0.6-scenario-85-retry-2,0.6,0.675,0.6,0.675,2.99675318761912,-0.4503835945086182,0.22816137228639588,0.4444444444444444,0.5555555555555556,0.4444444444444444,0.5555555555555556,4,5,4,5,9,8,9,4,0.25341373682022095,0.05,,,,,,,,,,,0.4064466810807744,0.7256581948544853
2383,train-load-0.7-scenario-402,0.7,0.6883296428571429,0.6883296428571429,0.5053891428571429,13.16305290274953,1.078232383815156,0.4773231717403994,0.8888888888888888,0.1111111111111111,0.8333333333333334,0.16666666666666666,8,1,10,2,12,7,9,8,0.15760627388954163,0.05,,,,,,,,,,,0.4064466810807744,0.7256581948544853
2384,train-load-0.9-scenario-563-retry-5,0.9,1.0,1.0,0.9,14.31680735122872,0.28113140270897485,0.3855352639576918,0.6666666666666666,0.3333333333333333,0.6666666666666666,0.3333333333333333,12,6,12,6,18,5,18,12,0.29013311862945557,0.05,,,,,,,,,,,0.4064466810807744,0.7256581948544853
2385,train-load-0.7-scenario-202,0.7,0.6649494,0.5196908333333333,0.6649494,11.092021489821535,1.3127523067188078,0.6872476932811922,1.0,0.0,1.0,0.0,6,0,8,0,8,5,6,6,0.33923661708831787,0.05,,,,,,,,,,,0.4064466810807744,0.7256581948544853
2386,train-load-0.7-scenario-300-retry-1,0.7,0.7928571428571428,0.4642857142857143,0.7928571428571428,16.783192802895343,1.4426322751113814,0.5573677248886187,1.0,0.0,1.0,0.0,10,0,10,0,10,7,10,10,0.2157781720161438,0.05,,,,,,,,,,,0.4064466810807744,0.7256581948544853
2387,train-load-0.9-scenario-431-retry-3,0.9,1.0,1.0,0.4,3.6542779117966657,-0.5787760351831152,0.5787760351831152,0.5,0.5,0.5,0.5,6,6,6,6,12,6,12,6,0.10899405181407928,0.05,,,,,,,,,,,0.4064466810807744,0.7256581948544853
2388,train-hard-4gpu-4pod-1vgpu,0.25,0.25,0.16666666666666666,0.25,11.544497883017963,1.9166666666666665,0.08333333333333337,1.0,0.0,1.0,0.0,4,0,4,0,4,4,4,4,0.26560378074645996,0.05,,,,,,,,,,,0.4064466810807744,0.7256581948544853
2389,train-load-0.5-scenario-298,0.5,0.4294004,0.182237,0.4294004,7.61661318673689,1.148788797590143,0.851211202409857,1.0,0.0,1.0,0.0,4,0,4,0,4,5,4,4,0.26383668184280396,0.05,,,,,,,,,,,0.4064466810807744,0.7256581948544853
2390,train-load-0.9-scenario-702-retry-1,0.9,0.975,0.5875,0.975,6.011582648955159,-0.2671305498174772,0.6004638831508106,0.5833333333333334,0.4166666666666667,0.5833333333333334,0.4166666666666667,7,5,7,5,12,8,12,7,0.32932713627815247,0.05,,,,,,,,,,,0.4064466810807744,0.7256581948544853
2391,train-load-0.6-scenario-468,0.6,0.5590728749999999,0.3252734375,0.5590728749999999,13.624359237730744,1.3098462041361536,0.6901537958638463,1.0,0.0,1.0,0.0,8,0,9,0,9,8,8,8,0.4713248014450073,0.05,,,,,,,,,,,0.4064466810807744,0.7256581948544853
2392,train-load-0.9-scenario-450-retry-2,0.9,0.9333333333333333,0.3611111111111111,0.9333333333333333,15.84334165397485,0.5197438357417564,0.5390796936700082,0.7647058823529411,0.23529411764705882,0.7647058823529411,0.23529411764705882,13,4,13,4,17,6,17,13,0.35064589977264404,0.05,,,,,,,,,,,0.4064466810807744,0.7256581948544853
2393,train-load-0.6-scenario-253,0.6,0.6031277777777777,0.6031277777777777,0.5204271666666667,14.927844095414589,1.2910284074044869,0.7089715925955131,1.0,0.0,1.0,0.0,9,0,10,0,10,6,9,9,0.31793922185897827,0.05,,,,,,,,,,,0.4064466810807744,0.7256581948544853
2394,train-load-0.7-scenario-478,0.7,0.6348435,0.6348435,0.6180384,8.475756911603089,0.6894357013992314,0.7391357271721971,0.8571428571428571,0.14285714285714285,0.7777777777777778,0.2222222222222222,6,1,7,2,9,5,7,6,0.30981552600860596,0.05,,,,,,,,,,,0.4064466810807744,0.7256581948544853
2395,train-load-0.9-scenario-340,0.9,1.0106428333333335,0.678355625,1.0106428333333335,11.719135718161404,0.48530083094680443,0.5146991690531956,0.75,0.25,0.6923076923076923,0.3076923076923077,9,3,9,4,13,6,12,9,0.3374441862106323,0.05,,,,,,,,,,,0.4064466810807744,0.7256581948544853
2396,train-load-0.6-scenario-436,0.6,0.520867,0.41051770833333334,0.520867,14.875138492935715,1.317096809356023,0.6829031906439771,1.0,0.0,1.0,0.0,9,0,10,0,10,8,9,9,0.1810855269432068,0.05,,,,,,,,,,,0.4064466810807744,0.7256581948544853
2397,train-hard-4gpu-4pod-2vgpu,0.25,0.25,0.16666666666666666,0.25,11.616666666666667,1.9166666666666665,0.08333333333333337,1.0,0.0,1.0,0.0,4,0,8,0,8,4,4,4,0.2599135637283325,0.05,,,,,,,,,,,0.4064466810807744,0.7256581948544853
2398,train-load-0.7-scenario-539,0.7,0.6792814285714286,0.3885221428571428,0.6792814285714286,11.556881196499901,0.8457398840339877,0.7098156715215678,0.8888888888888888,0.1111111111111111,0.8,0.2,8,1,8,2,10,7,9,8,0.05231112986803055,0.05,,,,,,,,,,,0.4064466810807744,0.7256581948544853
2399,train-load-0.5-scenario-124-retry-3,0.5,0.5916666666666667,0.55,0.5916666666666667,17.17248675789581,1.4624728901560717,0.5375271098439283,1.0,0.0,1.0,0.0,10,0,10,0,10,6,10,10,0.3148374557495117,0.05,,,,,,,,,,,0.4064466810807744,0.7256581948544853
2400,train-load-0.8-scenario-617,0.8,0.779528875,0.6374276562500001,0.779528875,16.977407597484074,1.0234453282636014,0.6688623640440909,0.9230769230769231,0.07692307692307693,0.8666666666666667,0.13333333333333333,12,1,13,2,15,8,13,12,0.3482132852077484,0.05,0.3729008789177381,0.5389058663393993,0.7279516863142843,0.27204831368571564,0.7134239925831295,0.28657600741687045,0.6748128318551762,0.7118264808976841,0.2723528676417779,0.7141729109824426,0.4064466810807744,0.7256581948544853
2401,train-load-0.8-scenario-93,0.8,0.7285714285714285,0.7285714285714285,0.4857142857142857,27.180736699393456,1.5982512949519512,0.40174870504804894,1.0,0.0,1.0,0.0,17,0,17,0,17,7,17,17,0.2597929537296295,0.05,,,,,,,,,,,0.4064466810807744,0.7256581948544853
2402,train-load-0.6-scenario-113,0.6,0.5,0.5,0.42,19.666886123926453,1.4187294534871324,0.5812705465128676,1.0,0.0,1.0,0.0,12,0,12,0,12,5,12,12,0.2836056351661682,0.05,,,,,,,,,,,0.4064466810807744,0.7256581948544853
2403,train-load-0.6-scenario-334,0.6,0.6875,0.22916666666666666,0.6875,10.243219974575744,0.44919105352671673,0.45989985556419244,0.7272727272727273,0.2727272727272727,0.7272727272727273,0.2727272727272727,8,3,8,3,11,8,11,8,0.3365333080291748,0.05,,,,,,,,,,,0.4064466810807744,0.7256581948544853
2404,train-load-0.8-scenario-112,0.8,0.751725,0.4395839285714286,0.751725,16.166135127493213,1.3547731855295182,0.6452268144704817,1.0,0.0,1.0,0.0,10,0,11,0,11,7,10,10,0.20685961842536926,0.05,,,,,,,,,,,0.4064466810807744,0.7256581948544853
2405,train-load-0.8-scenario-741,0.8,0.7239125,0.4965713541666667,0.7239125,16.22516038032689,0.8863123801604812,0.8059953121472112,0.9230769230769231,0.07692307692307693,0.9230769230769231,0.07692307692307693,12,1,12,1,13,8,13,12,0.38079318404197693,0.05,,,,,,,,,,,0.4064466810807744,0.7256581948544853
2406,train-load-1.0-scenario-41-retry-13,1.0,1.0,1.0,1.0,12.621835277925651,0.4143975077974086,0.25226915886925816,0.6666666666666666,0.3333333333333333,0.6666666666666666,0.3333333333333333,10,5,10,5,15,5,15,10,0.30027908086776733,0.05,,,,,,,,,,,0.4064466810807744,0.7256581948544853
2407,train-load-0.5-scenario-116,0.5,0.49682500000000007,0.43555357142857143,0.49682500000000007,12.317181440178697,1.3117141372800583,0.6882858627199419,1.0,0.0,1.0,0.0,7,0,8,0,8,7,7,7,0.3737301826477051,0.05,,,,,,,,,,,0.4064466810807744,0.7256581948544853
2408,train-load-0.8-scenario-608,0.8,0.8812404,0.55156,0.8812404,11.56027885222392,0.8505223742372338,0.7050331813183217,0.8888888888888888,0.1111111111111111,0.8,0.2,8,1,8,2,10,5,9,8,0.24675574898719788,0.05,,,,,,,,,,,0.4064466810807744,0.7256581948544853
2409,train-load-1.0-scenario-589-retry-4,1.0,1.06,0.68,1.06,13.56666342124593,0.4808162356492421,0.6620409072079008,0.7857142857142857,0.21428571428571427,0.7857142857142857,0.21428571428571427,11,3,11,3,14,5,14,11,0.18662483990192413,0.05,,,,,,,,,,,0.4064466810807744,0.7256581948544853
2410,train-load-0.6-scenario-632,0.6,0.586856625,0.39342604166666667,0.586856625,14.534523913784824,1.2708931686506737,0.7291068313493263,1.0,0.0,1.0,0.0,9,0,10,0,10,8,9,9,0.17498114705085754,0.05,,,,,,,,,,,0.4064466810807744,0.7256581948544853
2411,train-load-1.0-scenario-749-retry-1,1.0,1.0625,0.875,1.0625,15.604009045484482,0.5987065246917229,0.6012934753082771,0.8,0.2,0.7,0.3,12,3,14,6,20,8,15,12,0.30971041321754456,0.05,,,,,,,,,,,0.4064466810807744,0.7256581948544853
2412,train-load-0.8-scenario-508-retry-1,0.8,0.9,0.9,0.9,13.906070390191871,0.23156479535102026,0.43510187131564637,0.6666666666666666,0.3333333333333333,0.6666666666666666,0.3333333333333333,12,6,12,6,18,8,18,12,0.34389036893844604,0.05,,,,,,,,,,,0.4064466810807744,0.7256581948544853
2413,train-load-0.8-scenario-128,0.8,0.7967019999999999,0.5239775,0.7967019999999999,10.290011942031741,0.9688818690168096,0.45968955955461877,0.8571428571428571,0.14285714285714285,0.8571428571428571,0.14285714285714285,6,1,6,1,7,4,7,6,0.27596792578697205,0.05,,,,,,,,,,,0.4064466810807744,0.7256581948544853
2414,train-load-0.5-scenario-690,0.5,0.45898075,0.37129531250000003,0.45898075,14.046100115150821,1.1889463998860186,0.8110536001139814,1.0,0.0,1.0,0.0,9,0,9,0,9,8,9,9,0.2595093250274658,0.05,,,,,,,,,,,0.4064466810807744,0.7256581948544853
2415,train-load-0.7-scenario-558,0.7,0.64183975,0.6200253124999999,0.64183975,13.924540216143527,1.0293839480397498,0.5706160519602504,0.9,0.1,0.8461538461538461,0.15384615384615385,9,1,11,2,13,8,10,9,0.2562163472175598,0.05,,,,,,,,,,,0.4064466810807744,0.7256581948544853
2416,train-load-0.9-scenario-741,0.9,0.8038028571428572,0.6862685714285714,0.8038028571428572,11.335540251634281,0.5163948018092438,0.756332470918029,0.8181818181818182,0.18181818181818182,0.7142857142857143,0.2857142857142857,9,2,10,4,14,7,11,9,0.3463215231895447,0.05,,,,,,,,,,,0.4064466810807744,0.7256581948544853
2417,train-load-0.9-scenario-500-retry-1,0.9,0.91108625,0.91108625,0.608615,9.499515024142667,0.877754550923285,0.5508168776481435,0.8571428571428571,0.14285714285714285,0.7777777777777778,0.2222222222222222,6,1,7,2,9,4,7,6,0.20357869565486908,0.05,,,,,,,,,,,0.4064466810807744,0.7256581948544853
2418,train-load-0.8-scenario-720,0.8,0.8622421666666665,0.4346861111111111,0.8622421666666665,5.262824238297628,0.10769415150721307,0.7494487056356441,0.7142857142857143,0.2857142857142857,0.6,0.4,5,2,6,4,10,6,7,5,0.30851125717163086,0.05,,,,,,,,,,,0.4064466810807744,0.7256581948544853
2419,train-load-0.5-scenario-512,0.5,0.4281515714285714,0.34605839285714285,0.4281515714285714,11.679193958680202,1.6184078715456276,0.3815921284543724,1.0,0.0,1.0,0.0,5,0,7,0,7,7,5,5,0.3161814212799072,0.05,,,,,,,,,,,0.4064466810807744,0.7256581948544853
2420,train-load-0.8-scenario-291,0.8,0.6943902000000001,0.3487625,0.6943902000000001,7.972603322813828,0.7372209630052042,0.5961123703281292,0.8333333333333334,0.16666666666666666,0.8333333333333334,0.16666666666666666,5,1,5,1,6,5,6,5,0.42126232385635376,0.05,,,,,,,,,,,0.4064466810807744,0.7256581948544853
2421,train-load-0.9-scenario-621-retry-1,0.9,1.0,0.5333333333333333,1.0,12.490998301957408,0.4634483921148884,0.39369446502796873,0.7142857142857143,0.2857142857142857,0.7142857142857143,0.2857142857142857,10,4,10,4,14,5,14,10,0.22456565499305725,0.05,,,,,,,,,,,0.4064466810807744,0.7256581948544853
2422,train-load-0.6-scenario-54,0.6,0.55,0.55,0.1375,17.98166772485424,1.375960986165307,0.624039013834693,1.0,0.0,1.0,0.0,11,0,11,0,11,8,11,11,0.3109093904495239,0.05,,,,,,,,,,,0.4064466810807744,0.7256581948544853
2423,train-load-0.9-scenario-210,0.9,0.8,0.8,0.48,12.100398140455232,0.5903832251963097,0.4096167748036903,0.75,0.25,0.75,0.25,9,3,9,3,12,5,12,9,0.2312489151954651,0.05,,,,,,,,,,,0.4064466810807744,0.7256581948544853
2424,train-load-0.8-scenario-314,0.8,0.7135447142857142,0.6416757142857142,0.7135447142857142,13.277171893659233,0.682349825323189,0.6509835080101446,0.8333333333333334,0.16666666666666666,0.7692307692307693,0.23076923076923078,10,2,10,3,13,7,12,10,0.42512041330337524,0.05,,,,,,,,,,,0.4064466810807744,0.7256581948544853
2425,train-load-0.8-scenario-564,0.8,0.6964189999999999,0.55560078125,0.6964189999999999,20.418532773852064,1.4594605723417637,0.5405394276582363,1.0,0.0,1.0,0.0,13,0,14,0,14,8,13,13,0.23311161994934082,0.05,,,,,,,,,,,0.4064466810807744,0.7256581948544853
2426,train-load-1.0-scenario-730-retry-2,1.0,0.91806725,0.679175625,0.91806725,6.382387713793708,0.10066134066513921,0.5660053260015274,0.6666666666666666,0.3333333333333333,0.6666666666666666,0.3333333333333333,6,3,6,3,9,4,9,6,0.24599498510360718,0.05,,,,,,,,,,,0.4064466810807744,0.7256581948544853
2427,train-load-0.6-scenario-667-retry-2,0.6,0.5142857142857142,0.5142857142857142,0.12857142857142856,14.930795385280264,1.251965805484693,0.7480341945153071,1.0,0.0,1.0,0.0,9,0,9,0,9,7,9,9,0.19664424657821655,0.05,,,,,,,,,,,0.4064466810807744,0.7256581948544853
2428,train-load-0.6-scenario-173,0.6,0.72,0.72,0.64,15.635979146951321,1.6499770699457588,0.3500229300542411,1.0,0.0,1.0,0.0,8,0,8,0,8,5,8,8,0.24569174647331238,0.05,,,,,,,,,,,0.4064466810807744,0.7256581948544853
2429,train-load-0.6-scenario-571,0.6,0.5459995,0.32371,0.5459995,12.988101454182814,1.2161144744896635,0.7838855255103365,1.0,0.0,1.0,0.0,8,0,10,0,10,8,8,8,0.18312472105026245,0.05,,,,,,,,,,,0.4064466810807744,0.7256581948544853
2430,train-load-0.8-scenario-479,0.8,0.680968,0.446440625,0.680968,6.629271487977059,0.5598424884289537,0.7734908449043798,0.8333333333333334,0.16666666666666666,0.8333333333333334,0.16666666666666666,5,1,5,1,6,4,6,5,0.2827763557434082,0.05,,,,,,,,,,,0.4064466810807744,0.7256581948544853
2431,train-load-0.5-scenario-674,0.5,0.48198450000000004,0.3898996875,0.48198450000000004,9.258395710122713,1.4607201970886576,0.5392798029113424,1.0,0.0,1.0,0.0,4,0,4,0,4,4,4,4,0.3176676630973816,0.05,,,,,,,,,,,0.4064466810807744,0.7256581948544853
2432,train-load-0.9-scenario-734,0.9,1.0,0.4714285714285714,1.0,8.661851797877057,0.5550703666143466,0.4449296333856534,0.75,0.25,0.6363636363636364,0.36363636363636365,6,2,7,4,11,7,8,6,0.46585777401924133,0.05,,,,,,,,,,,0.4064466810807744,0.7256581948544853
2433,train-load-0.9-scenario-708-retry-1,0.9,0.8333333333333334,0.1388888888888889,0.8333333333333334,5.214927689484936,-0.17309838510442965,0.5730983851044296,0.6,0.4,0.6,0.4,6,4,6,4,10,6,10,6,0.35044369101524353,0.05,,,,,,,,,,,0.4064466810807744,0.7256581948544853
2434,train-load-0.7-scenario-622-retry-1,0.7,0.6857142857142857,0.6857142857142857,0.34285714285714286,19.761271772980567,1.4663167405048474,0.5336832594951526,1.0,0.0,1.0,0.0,12,0,12,0,12,7,12,12,0.23133546113967896,0.05,,,,,,,,,,,0.4064466810807744,0.7256581948544853
2435,train-load-0.5-scenario-508,0.5,0.575,0.4,0.575,17.978026766985963,1.3890939038575036,0.6109060961424964,1.0,0.0,1.0,0.0,11,0,11,0,11,8,11,11,0.29948168992996216,0.05,,,,,,,,,,,0.4064466810807744,0.7256581948544853
2436,train-load-1.0-scenario-516-retry-1,1.0,1.1,1.1,0.22,1.8126246965871133,-0.8119485483621747,0.6301303665439929,0.45454545454545453,0.5454545454545454,0.45454545454545453,0.5454545454545454,5,6,5,6,11,5,11,5,0.3611730933189392,0.05,,,,,,,,,,,0.4064466810807744,0.7256581948544853
2437,train-load-0.8-scenario-743-retry-7,0.8,0.6857142857142857,0.42857142857142855,0.6857142857142857,20.284976882421397,1.5068654739215739,0.4931345260784261,1.0,0.0,1.0,0.0,12,0,12,0,12,7,12,12,0.13262470066547394,0.05,,,,,,,,,,,0.4064466810807744,0.7256581948544853
2438,train-load-0.7-scenario-272-retry-5,0.7,0.8,0.5,0.8,9.376169364795283,0.218980176485152,0.44768649018151463,0.6666666666666666,0.3333333333333333,0.6666666666666666,0.3333333333333333,8,4,8,4,12,6,12,8,0.24074885249137878,0.05,,,,,,,,,,,0.4064466810807744,0.7256581948544853
2439,train-load-0.8-scenario-549,0.8,0.6833333333333333,0.6833333333333333,0.6333333333333333,31.040960012856686,1.7434001566765844,0.2565998433234155,1.0,0.0,1.0,0.0,19,0,19,0,19,6,19,19,0.3459716737270355,0.05,,,,,,,,,,,0.4064466810807744,0.7256581948544853
2440,train-load-0.5-scenario-745,0.5,0.6,0.12,0.6,19.56845492321518,1.4075397626606687,0.5924602373393312,1.0,0.0,1.0,0.0,12,0,12,0,12,5,12,12,0.08283122628927231,0.05,,,,,,,,,,,0.4064466810807744,0.7256581948544853
2441,train-load-0.8-scenario-157,0.8,0.9142857142857143,0.6428571428571429,0.9142857142857143,5.018533551165104,-0.47109358288451997,0.6249397367306737,0.5384615384615384,0.46153846153846156,0.5384615384615384,0.46153846153846156,7,6,7,6,13,7,13,7,0.22947950661182404,0.05,,,,,,,,,,,0.4064466810807744,0.7256581948544853
2442,train-load-1.0-scenario-537-retry-3,1.0,0.88,0.84,0.88,19.75365767596398,0.4798401613278487,0.4292507477630604,0.7272727272727273,0.2727272727272727,0.7272727272727273,0.2727272727272727,16,6,16,6,22,5,22,16,0.2833220362663269,0.05,,,,,,,,,,,0.4064466810807744,0.7256581948544853
2443,train-load-0.5-scenario-525-retry-6,0.5,0.55,0.4375,0.55,15.402662136269033,1.5902530256646046,0.40974697433539536,1.0,0.0,1.0,0.0,8,0,8,0,8,8,8,8,0.441597580909729,0.05,,,,,,,,,,,0.4064466810807744,0.7256581948544853
2444,train-load-0.6-scenario-661,0.6,0.619184,0.48019875,0.619184,8.311064290210822,0.8005649305847329,0.5327684027486006,0.8333333333333334,0.16666666666666666,0.8571428571428571,0.14285714285714285,5,1,6,1,7,5,6,5,0.3056093454360962,0.05,,,,,,,,,,,0.4064466810807744,0.7256581948544853
2445,train-load-0.7-scenario-619-retry-1,0.7,0.8125,0.8125,0.65,9.599486402301832,0.21098275021924628,0.2505557113192153,0.6153846153846154,0.38461538461538464,0.6153846153846154,0.38461538461538464,8,5,8,5,13,8,13,8,0.34977787733078003,0.05,,,,,,,,,,,0.4064466810807744,0.7256581948544853
2446,train-load-0.7-scenario-408,0.7,0.71875,0.425,0.71875,-1.7153221537104981,-1.2312900216711675,0.7312900216711674,0.375,0.625,0.375,0.625,3,5,3,5,8,8,8,3,0.16031208634376526,0.05,,,,,,,,,,,0.4064466810807744,0.7256581948544853
2447,train-load-0.7-scenario-343,0.7,0.5995507999999999,0.40300375,0.5995507999999999,10.087490595935874,1.3557267153588404,0.6442732846411596,1.0,0.0,1.0,0.0,5,0,6,0,6,5,5,5,0.12494876980781555,0.05,,,,,,,,,,,0.4064466810807744,0.7256581948544853
2448,train-load-1.0-scenario-475,1.0,0.9062472,0.4248545833333333,0.9062472,6.919552497062565,0.6152851782811204,0.718048155052213,0.8333333333333334,0.16666666666666666,0.75,0.25,5,1,6,2,8,5,6,5,0.22152523696422577,0.05,,,,,,,,,,,0.4064466810807744,0.7256581948544853
2449,train-load-0.6-scenario-548,0.6,0.5,0.4166666666666667,0.5,32.09964509766465,1.69872531169888,0.3012746883011198,1.0,0.0,1.0,0.0,20,0,20,0,20,8,20,20,0.22144189476966858,0.05,,,,,,,,,,,0.4064466810807744,0.7256581948544853
2450,train-load-0.5-scenario-513,0.5,0.45160775000000003,0.3037520833333333,0.45160775000000003,9.251141809165482,1.3864266460728987,0.6135733539271013,1.0,0.0,1.0,0.0,4,0,4,0,4,4,4,4,0.444266676902771,0.05,,,,,,,,,,,0.4064466810807744,0.7256581948544853
2451,train-load-1.0-scenario-499-retry-2,1.0,0.92307925,0.81248046875,0.92307925,14.631307168499678,0.21576596787111202,0.521076137392046,0.6842105263157895,0.3157894736842105,0.65,0.35,13,6,13,7,20,8,19,13,0.3355270326137543,0.05,,,,,,,,,,,0.4064466810807744,0.7256581948544853
2452,train-load-0.9-scenario-411,0.9,0.80215825,0.53750625,0.80215825,13.647907520302716,0.5223226617527721,0.6205344811043707,0.7857142857142857,0.21428571428571427,0.7857142857142857,0.21428571428571427,11,3,11,3,14,8,14,11,0.2848103940486908,0.05,,,,,,,,,,,0.4064466810807744,0.7256581948544853
2453,train-load-0.7-scenario-177,0.7,0.8,0.4666666666666667,0.8,2.0975795814626936,-0.5792924091729035,0.5792924091729035,0.5,0.5,0.5,0.5,4,4,4,4,8,6,8,4,0.23743940889835358,0.05,,,,,,,,,,,0.4064466810807744,0.7256581948544853
2454,train-load-1.0-scenario-640,1.0,0.9296746,0.8530083333333333,0.9296746,12.385343641817968,0.6433555155720962,0.35664448442790375,0.75,0.25,0.6923076923076923,0.3076923076923077,9,3,9,4,13,5,12,9,0.17549453675746918,0.05,,,,,,,,,,,0.4064466810807744,0.7256581948544853
2455,train-load-0.7-scenario-653,0.7,0.645361125,0.5059665625,0.645361125,14.644213005025783,0.9930942615797846,0.6432693747838516,0.9090909090909091,0.09090909090909091,0.8333333333333334,0.16666666666666666,10,1,10,2,12,8,11,10,0.46343469619750977,0.05,,,,,,,,,,,0.4064466810807744,0.7256581948544853
2456,train-load-0.8-scenario-355-retry-1,0.8,0.8,0.16,0.8,3.96393437797654,-0.18086680242001374,0.6808668024200137,0.625,0.375,0.625,0.375,5,3,5,3,8,5,8,5,0.40227264165878296,0.05,,,,,,,,,,,0.4064466810807744,0.7256581948544853
2457,train-load-0.8-scenario-260,0.8,0.7147785,0.5464288194444444,0.7147785,12.663680567578474,1.0376924480364393,0.5178631075191162,0.8888888888888888,0.1111111111111111,0.8,0.2,8,1,8,2,10,6,9,8,0.4128988981246948,0.05,,,,,,,,,,,0.4064466810807744,0.7256581948544853
2458,train-load-1.0-scenario-550,1.0,0.9133686249999999,0.46871718749999997,0.9133686249999999,12.24767769950957,0.527690880979319,0.8056424523540143,0.8333333333333334,0.16666666666666666,0.7142857142857143,0.2857142857142857,10,2,10,4,14,8,12,10,0.38762837648391724,0.05,,,,,,,,,,,0.4064466810807744,0.7256581948544853
2459,train-load-0.9-scenario-735-retry-2,0.9,0.8497447916666667,0.8497447916666667,0.7877190000000001,5.132428338407113,0.16290645874587728,0.6942363983969799,0.7142857142857143,0.2857142857142857,0.625,0.375,5,2,5,3,8,4,7,5,0.19827871024608612,0.05,,,,,,,,,,,0.4064466810807744,0.7256581948544853
2460,train-load-0.5-scenario-353,0.5,0.5392462499999999,0.5392462499999999,0.362158375,16.54229835034536,1.3851179776927087,0.6148820223072913,1.0,0.0,1.0,0.0,10,0,11,0,11,8,10,10,0.23618084192276,0.05,,,,,,,,,,,0.4064466810807744,0.7256581948544853
2461,train-load-0.5-scenario-531,0.5,0.46875,0.4270833333333333,0.46875,16.66730904679025,1.5491793486265018,0.45082065137349825,1.0,0.0,1.0,0.0,9,0,9,0,9,8,9,9,0.2993185520172119,0.05,,,,,,,,,,,0.4064466810807744,0.7256581948544853
2462,train-load-0.8-scenario-9,0.8,0.8538225,0.4378572916666667,0.8538225,4.943163295382515,0.21319172960334365,0.453474937063323,0.6666666666666666,0.3333333333333333,0.6666666666666666,0.3333333333333333,4,2,4,2,6,4,6,4,0.40301987528800964,0.05,,,,,,,,,,,0.4064466810807744,0.7256581948544853
2463,train-load-0.7-scenario-414-retry-2,0.7,0.8,0.8,0.6,6.353202520485458,0.20908056927543361,0.2909194307245664,0.625,0.375,0.625,0.375,5,3,5,3,8,5,8,5,0.37213757634162903,0.05,,,,,,,,,,,0.4064466810807744,0.7256581948544853
2464,train-load-1.0-scenario-164-retry-8,1.0,1.0375,1.0,1.0375,11.057926644620286,0.626995850640216,0.28209505845069327,0.7272727272727273,0.2727272727272727,0.7272727272727273,0.2727272727272727,8,3,8,3,11,4,11,8,0.4243137240409851,0.05,,,,,,,,,,,0.4064466810807744,0.7256581948544853
2465,train-load-0.8-scenario-94,0.8,0.7434571666666666,0.6332008333333333,0.7434571666666666,12.426977408813624,0.9918311519452262,0.5637244036103293,0.8888888888888888,0.1111111111111111,0.8181818181818182,0.18181818181818182,8,1,9,2,11,6,9,8,0.28276875615119934,0.05,,,,,,,,,,,0.4064466810807744,0.7256581948544853
2466,train-load-0.8-scenario-380,0.8,0.6914437499999999,0.633835625,0.6914437499999999,8.62637632336511,0.8447932337604278,0.48854009957290556,0.8333333333333334,0.16666666666666666,0.7142857142857143,0.2857142857142857,5,1,5,2,7,4,6,5,0.45950818061828613,0.05,,,,,,,,,,,0.4064466810807744,0.7256581948544853
2467,train-load-1.0-scenario-706,1.0,0.9675641428571429,0.5075308928571429,0.9675641428571429,14.675097636675583,1.0216322025698783,0.614731433793758,0.9090909090909091,0.09090909090909091,0.8461538461538461,0.15384615384615385,10,1,11,2,13,7,11,10,0.30682170391082764,0.05,,,,,,,,,,,0.4064466810807744,0.7256581948544853
2468,train-load-1.0-scenario-733-retry-10,1.0,1.0625,0.5729166666666666,1.0625,10.03908699843665,-0.300836348689559,0.5008363486895591,0.55,0.45,0.55,0.45,11,9,11,9,20,8,20,11,0.17739075422286987,0.05,,,,,,,,,,,0.4064466810807744,0.7256581948544853
2469,train-load-0.8-scenario-651,0.8,0.69416375,0.348895,0.69416375,6.532876657292376,0.7293776343113468,0.47062236568865323,0.8,0.2,0.8,0.2,4,1,4,1,5,4,5,4,0.16741786897182465,0.05,,,,,,,,,,,0.4064466810807744,0.7256581948544853
2470,train-load-0.6-scenario-219,0.6,0.625,0.625,0.5,12.450414799832135,0.8856754851282168,0.3143245148717832,0.8,0.2,0.8,0.2,8,2,8,2,10,8,10,8,0.3614850640296936,0.05,,,,,,,,,,,0.4064466810807744,0.7256581948544853
2471,train-load-0.8-scenario-433-retry-2,0.8,0.9166666666666666,0.9166666666666666,0.7333333333333333,6.005808873411754,-0.10124942398072012,0.28306760579890183,0.5454545454545454,0.45454545454545453,0.5454545454545454,0.45454545454545453,6,5,6,5,11,6,11,6,0.3671703338623047,0.05,,,,,,,,,,,0.4064466810807744,0.7256581948544853
2472,train-load-0.6-scenario-73,0.6,0.5755453333333334,0.24777166666666667,0.5755453333333334,11.074100709384684,1.3110818654547745,0.6889181345452255,1.0,0.0,1.0,0.0,6,0,6,0,6,6,6,6,0.3262724280357361,0.05,,,,,,,,,,,0.4064466810807744,0.7256581948544853
2473,train-load-1.0-scenario-676-retry-1,1.0,0.9528472499999999,0.6907177083333335,0.9528472499999999,14.343887357990152,0.4964528369486292,0.7035471630513709,0.8,0.2,0.7058823529411765,0.29411764705882354,12,3,12,5,17,8,15,12,0.2926570475101471,0.05,,,,,,,,,,,0.4064466810807744,0.7256581948544853
2474,train-load-0.9-scenario-75,0.9,0.7998102,0.6088312499999999,0.7998102,6.47085745024251,0.23834360916722575,0.7616563908327743,0.75,0.25,0.6666666666666666,0.3333333333333333,6,2,6,3,9,5,8,6,0.2772861421108246,0.05,,,,,,,,,,,0.4064466810807744,0.7256581948544853
2475,train-load-0.7-scenario-583,0.7,0.8,0.8,0.8,9.064662160954786,0.39584807292663615,0.40415192707336384,0.7,0.3,0.7,0.3,7,3,7,3,10,5,10,7,0.3607838749885559,0.05,,,,,,,,,,,0.4064466810807744,0.7256581948544853
2476,train-load-0.6-scenario-730,0.6,0.4857142857142857,0.4142857142857143,0.4857142857142857,15.891961419298697,1.4477755352102961,0.5522244647897039,1.0,0.0,1.0,0.0,9,0,9,0,9,7,9,9,0.3471992015838623,0.05,,,,,,,,,,,0.4064466810807744,0.7256581948544853
2477,train-load-1.0-scenario-660-retry-9,1.0,1.1,1.1,0.75,13.179379242414832,0.5419700122854009,0.534953064637676,0.7692307692307693,0.23076923076923078,0.6666666666666666,0.3333333333333333,10,3,12,6,18,6,13,10,0.20159566402435303,0.05,,,,,,,,,,,0.4064466810807744,0.7256581948544853
2478,train-hard-4gpu-8pod-1vgpu,0.5,0.5,0.3333333333333333,0.5,16.42232909936926,1.8333333333333335,0.16666666666666663,1.0,0.0,1.0,0.0,8,0,8,0,8,4,8,8,0.1612604260444641,0.05,,,,,,,,,,,0.4064466810807744,0.7256581948544853
2479,train-load-0.6-scenario-478-retry-3,0.6,0.6666666666666666,0.3333333333333333,0.6666666666666666,17.710594843305,1.546908524861649,0.4530914751383511,1.0,0.0,1.0,0.0,10,0,10,0,10,6,10,10,0.2915084660053253,0.05,,,,,,,,,,,0.4064466810807744,0.7256581948544853
2480,train-load-0.6-scenario-439,0.6,0.7142857142857143,0.21428571428571427,0.7142857142857143,12.249715219155176,0.8142473315351575,0.7857526684648426,0.9,0.1,0.9,0.1,9,1,9,1,10,7,10,9,0.3101547658443451,0.05,,,,,,,,,,,0.4064466810807744,0.7256581948544853
2481,train-load-0.7-scenario-720,0.7,0.6041190000000001,0.5236320833333333,0.6041190000000001,14.590960777827787,1.4586782930434055,0.5413217069565947,1.0,0.0,1.0,0.0,8,0,10,0,10,6,8,8,0.2715122699737549,0.05,,,,,,,,,,,0.4064466810807744,0.7256581948544853
2482,train-load-0.8-scenario-2-retry-8,0.8,0.6875,0.6875,0.6875,13.968999894291944,0.8872631026027419,0.38546417012453105,0.8181818181818182,0.18181818181818182,0.8181818181818182,0.18181818181818182,9,2,9,2,11,4,11,9,0.12084288150072098,0.05,,,,,,,,,,,0.4064466810807744,0.7256581948544853
2483,train-load-0.5-scenario-265-retry-1,0.5,0.5,0.10416666666666667,0.5,22.610879115131148,1.2986101471278304,0.7013898528721697,1.0,0.0,1.0,0.0,15,0,15,0,15,6,15,15,0.24086982011795044,0.05,,,,,,,,,,,0.4064466810807744,0.7256581948544853
2484,train-load-0.6-scenario-673-retry-1,0.6,0.69,0.15,0.69,13.47740467212368,1.2069524273244705,0.7930475726755295,1.0,0.0,1.0,0.0,9,0,9,0,9,5,9,9,0.4446462392807007,0.05,,,,,,,,,,,0.4064466810807744,0.7256581948544853
2485,train-load-0.6-scenario-559,0.6,0.5769965714285714,0.38426428571428567,0.5769965714285714,15.407880409273554,1.3954564742709468,0.6045435257290531,1.0,0.0,1.0,0.0,9,0,9,0,9,7,9,9,0.229701966047287,0.05,,,,,,,,,,,0.4064466810807744,0.7256581948544853
2486,train-load-0.5-scenario-359,0.5,0.507697,0.3934930555555555,0.507697,9.798025009580996,1.082170037663326,0.9178299623366739,1.0,0.0,1.0,0.0,6,0,7,0,7,6,6,6,0.24311885237693787,0.05,,,,,,,,,,,0.4064466810807744,0.7256581948544853
2487,train-load-0.7-scenario-323-retry-2,0.7,0.6928571428571428,0.34285714285714286,0.6928571428571428,16.80739883382887,1.2647133276329892,0.7352866723670108,1.0,0.0,1.0,0.0,11,0,11,0,11,7,11,11,0.2909276485443115,0.05,,,,,,,,,,,0.4064466810807744,0.7256581948544853
2488,train-load-0.5-scenario-707,0.5,0.5,0.4166666666666667,0.5,18.70032409139177,1.6518965556307919,0.34810344436920804,1.0,0.0,1.0,0.0,10,0,10,0,10,8,10,10,0.2823002338409424,0.05,,,,,,,,,,,0.4064466810807744,0.7256581948544853
2489,train-load-0.8-scenario-623-retry-1,0.8,0.9,0.9,0.75,8.002088921775819,0.35965790506420336,0.30700876160246315,0.6666666666666666,0.3333333333333333,0.6666666666666666,0.3333333333333333,6,3,12,6,18,6,9,6,0.2414911836385727,0.05,,,,,,,,,,,0.4064466810807744,0.7256581948544853
2490,train-load-1.0-scenario-520,1.0,1.05,0.975,1.05,0.6568240045029685,-0.834542159983771,0.6123199377615487,0.4444444444444444,0.5555555555555556,0.4444444444444444,0.5555555555555556,4,5,4,5,9,4,9,4,0.4906892776489258,0.05,,,,,,,,,,,0.4064466810807744,0.7256581948544853
2491,train-load-0.9-scenario-281-retry-1,0.9,0.804688,0.7925607638888889,0.804688,11.465763033224267,0.3209685695261647,0.7559545073969123,0.7692307692307693,0.23076923076923078,0.7692307692307693,0.23076923076923078,10,3,10,3,13,6,13,10,0.23535844683647156,0.05,,,,,,,,,,,0.4064466810807744,0.7256581948544853
2492,train-load-0.5-scenario-502,0.5,0.43101728571428577,0.3205452380952381,0.43101728571428577,12.106232349481918,1.2764747580348443,0.7235252419651557,1.0,0.0,1.0,0.0,7,0,7,0,7,7,7,7,0.32263922691345215,0.05,,,,,,,,,,,0.4064466810807744,0.7256581948544853
2493,train-load-1.0-scenario-746-retry-3,1.0,0.9046215000000001,0.748843125,0.9046215000000001,9.519082387139854,0.07529797713702957,0.6939327920937396,0.6923076923076923,0.3076923076923077,0.6428571428571429,0.35714285714285715,9,4,9,5,14,6,13,9,0.3146195411682129,0.05,,,,,,,,,,,0.4064466810807744,0.7256581948544853
2494,train-load-0.7-scenario-511,0.7,0.7074517142857143,0.33590059523809523,0.7074517142857143,10.451554358223303,0.8121900413546783,0.6878099586453217,0.875,0.125,0.7777777777777778,0.2222222222222222,7,1,7,2,9,7,8,7,0.17827916145324707,0.05,,,,,,,,,,,0.4064466810807744,0.7256581948544853
2495,train-load-0.6-scenario-419-retry-2,0.6,0.5,0.5,0.3,34.357994466052666,1.3141743027423858,0.6858256972576141,1.0,0.0,1.0,0.0,24,0,24,0,24,8,24,24,0.4311804175376892,0.05,,,,,,,,,,,0.4064466810807744,0.7256581948544853
2496,train-load-0.6-scenario-128,0.6,0.6488263999999999,0.3165383333333333,0.6488263999999999,8.774540480212888,1.338806508144853,0.661193491855147,1.0,0.0,1.0,0.0,4,0,6,0,6,5,4,4,0.3084215223789215,0.05,,,,,,,,,,,0.4064466810807744,0.7256581948544853
2497,train-load-0.7-scenario-327,0.7,0.6197916666666666,0.6197916666666666,0.6125,23.62695499349017,1.6514142839404196,0.3485857160595805,1.0,0.0,1.0,0.0,14,0,14,0,14,8,14,14,0.3978525400161743,0.05,,,,,,,,,,,0.4064466810807744,0.7256581948544853
2498,train-load-0.6-scenario-316-retry-2,0.6,0.6857142857142857,0.5714285714285714,0.6857142857142857,17.86849541298666,1.268532700292948,0.3981339663737184,0.9166666666666666,0.08333333333333333,0.9166666666666666,0.08333333333333333,11,1,11,1,12,7,12,11,0.27440738677978516,0.05,,,,,,,,,,,0.4064466810807744,0.7256581948544853
2499,train-load-1.0-scenario-620,1.0,0.9325910000000001,0.45135,0.9325910000000001,4.972290046879573,0.1535327802771298,0.7036100768657274,0.7142857142857143,0.2857142857142857,0.7142857142857143,0.2857142857142857,5,2,5,2,7,4,7,5,0.25288137793540955,0.05,,,,,,,,,,,0.4064466810807744,0.7256581948544853
2500,train-load-1.0-scenario-719,1.0,0.9023313333333334,0.8118391666666667,0.9023313333333334,13.017471060071792,0.5973149638064402,0.47960811311663676,0.7692307692307693,0.23076923076923078,0.7142857142857143,0.2857142857142857,10,3,10,4,14,6,13,10,0.38458251953125,0.05,0.3563077920344044,0.5350331895424646,0.7228352453942172,0.27716475460578277,0.7082077162050399,0.2917922837949602,0.6204027914438242,0.6077187104161992,0.30091961993891253,0.7098165513617126,0.4064466810807744,0.7256581948544853
2501,train-load-0.9-scenario-701,0.9,0.8499031666666667,0.49159395833333336,0.8499031666666667,11.990951739891608,0.6188852786415028,0.65384199408577,0.8181818181818182,0.18181818181818182,0.8181818181818182,0.18181818181818182,9,2,9,2,11,6,11,9,0.26170814037323,0.05,,,,,,,,,,,0.4064466810807744,0.7256581948544853
2502,train-load-0.7-scenario-85-retry-2,0.7,0.7857142857142857,0.7857142857142857,0.3142857142857143,7.6120704672040675,0.10531484225272592,0.4401397032018195,0.6363636363636364,0.36363636363636365,0.6363636363636364,0.36363636363636365,7,4,7,4,11,7,11,7,0.40943342447280884,0.05,,,,,,,,,,,0.4064466810807744,0.7256581948544853
2503,train-load-0.7-scenario-620,0.7,0.6134541666666666,0.6134541666666666,0.612417,8.331795742677325,0.6671808648707923,0.7613905637006362,0.8571428571428571,0.14285714285714285,0.7777777777777778,0.2222222222222222,6,1,7,2,9,6,7,6,0.42914777994155884,0.05,,,,,,,,,,,0.4064466810807744,0.7256581948544853
2504,train-load-1.0-scenario-554,1.0,0.9371289999999999,0.8178379166666667,0.9371289999999999,12.776487275259724,0.554702848280921,0.5222202286421561,0.7692307692307693,0.23076923076923078,0.7142857142857143,0.2857142857142857,10,3,10,4,14,6,13,10,0.37417542934417725,0.05,,,,,,,,,,,0.4064466810807744,0.7256581948544853
2505,train-load-0.6-scenario-12,0.6,0.5614195999999999,0.291999,0.5614195999999999,9.794328366065535,1.125455348811162,0.874544651188838,1.0,0.0,1.0,0.0,6,0,6,0,6,5,6,6,0.23901371657848358,0.05,,,,,,,,,,,0.4064466810807744,0.7256581948544853
2506,train-load-0.5-scenario-106,0.5,0.42502928571428567,0.2374057142857143,0.42502928571428567,9.266063876355648,1.2017390056603583,0.7982609943396417,1.0,0.0,1.0,0.0,5,0,6,0,6,7,5,5,0.3040594458580017,0.05,,,,,,,,,,,0.4064466810807744,0.7256581948544853
2507,train-load-0.9-scenario-614,0.9,0.8602554,0.6011905,0.8602554,10.617578820915266,0.6311206910323727,0.5688793089676274,0.8,0.2,0.8,0.2,8,2,8,2,10,5,10,8,0.2153007984161377,0.05,,,,,,,,,,,0.4064466810807744,0.7256581948544853
2508,train-hard-4gpu-12pod-small,0.375,0.375,0.25,0.375,22.25552700449913,1.875,0.125,1.0,0.0,1.0,0.0,12,0,12,0,12,4,12,12,0.16995951533317566,0.05,,,,,,,,,,,0.4064466810807744,0.7256581948544853
2509,train-load-0.9-scenario-69,0.9,0.8254670000000001,0.6351424999999999,0.8254670000000001,8.831842735729076,0.20795481295676255,0.7011360961341466,0.7272727272727273,0.2727272727272727,0.7142857142857143,0.2857142857142857,8,3,10,4,14,8,11,8,0.4476911723613739,0.05,,,,,,,,,,,0.4064466810807744,0.7256581948544853
2510,train-load-0.6-scenario-537,0.6,0.6927083333333334,0.6927083333333334,0.6625,12.44705558388423,0.45142324313977766,0.6254998337832993,0.7692307692307693,0.23076923076923078,0.7692307692307693,0.23076923076923078,10,3,10,3,13,8,13,10,0.2703014016151428,0.05,,,,,,,,,,,0.4064466810807744,0.7256581948544853
2511,train-load-0.9-scenario-457-retry-1,0.9,0.89064525,0.605945625,0.89064525,4.478464971563616,0.11481573435780801,0.5518509323088586,0.6666666666666666,0.3333333333333333,0.5,0.5,4,2,4,4,8,4,6,4,0.4030543267726898,0.05,,,,,,,,,,,0.4064466810807744,0.7256581948544853
2512,train-load-1.0-scenario-681-retry-5,1.0,1.1111111111111112,1.1111111111111112,0.8666666666666667,5.344686378141623,-0.4688420947727655,0.4688420947727655,0.5,0.5,0.5,0.5,7,7,7,7,14,6,14,7,0.510278582572937,0.05,,,,,,,,,,,0.4064466810807744,0.7256581948544853
2513,train-load-0.7-scenario-668,0.7,0.7129888,0.639224,0.7129888,12.33091857189817,1.0058120537910074,0.5497435017645482,0.8888888888888888,0.1111111111111111,0.8,0.2,8,1,8,2,10,5,9,8,0.2480972707271576,0.05,,,,,,,,,,,0.4064466810807744,0.7256581948544853
2514,train-load-1.0-scenario-279,1.0,0.9551271666666665,0.412218125,0.9551271666666665,8.019522910852361,0.3430371371016325,0.7680739740094786,0.7777777777777778,0.2222222222222222,0.7272727272727273,0.2727272727272727,7,2,8,3,11,6,9,7,0.22351469099521637,0.05,,,,,,,,,,,0.4064466810807744,0.7256581948544853
2515,train-load-1.0-scenario-474,1.0,0.926368,0.44997468749999997,0.926368,7.927948315679513,0.7687654361949054,0.5645678971384281,0.8333333333333334,0.16666666666666666,0.7142857142857143,0.2857142857142857,5,1,5,2,7,4,6,5,0.38430681824684143,0.05,,,,,,,,,,,0.4064466810807744,0.7256581948544853
2516,train-load-0.8-scenario-618-retry-2,0.8,0.9142857142857143,0.9142857142857143,0.6785714285714286,9.852759631271446,0.1593801868085417,0.6098505824222274,0.6923076923076923,0.3076923076923077,0.6923076923076923,0.3076923076923077,9,4,9,4,13,7,13,9,0.526146411895752,0.05,,,,,,,,,,,0.4064466810807744,0.7256581948544853
2517,train-load-0.8-scenario-298,0.8,0.7135042500000001,0.7135042500000001,0.7008928,13.112199405353323,1.095178878543019,0.46037667701253665,0.8888888888888888,0.1111111111111111,0.8,0.2,8,1,8,2,10,5,9,8,0.35852354764938354,0.05,,,,,,,,,,,0.4064466810807744,0.7256581948544853
2518,train-load-0.7-scenario-23,0.7,0.73636625,0.512740625,0.73636625,8.792700077517708,1.1860192104254195,0.8139807895745805,1.0,0.0,1.0,0.0,5,0,6,0,6,4,5,5,0.41863763332366943,0.05,,,,,,,,,,,0.4064466810807744,0.7256581948544853
2519,train-load-0.9-scenario-278-retry-3,0.9,0.975,0.975,0.6,6.839683522825336,0.1754707384161991,0.49119592825046754,0.6666666666666666,0.3333333333333333,0.6666666666666666,0.3333333333333333,6,3,12,6,18,8,9,6,0.6159646511077881,0.05,,,,,,,,,,,0.4064466810807744,0.7256581948544853
2520,train-load-0.8-scenario-607,0.8,0.75,0.5,0.75,9.49496870449494,0.2846740460110241,0.38199262065564255,0.6666666666666666,0.3333333333333333,0.6666666666666666,0.3333333333333333,8,4,8,4,12,8,12,8,0.11226502805948257,0.05,,,,,,,,,,,0.4064466810807744,0.7256581948544853
2521,train-load-0.5-scenario-628,0.5,0.4359805,0.31209131944444446,0.4359805,12.187694148122851,1.4541169438679278,0.5458830561320721,1.0,0.0,1.0,0.0,6,0,6,0,6,6,6,6,0.3812519609928131,0.05,,,,,,,,,,,0.4064466810807744,0.7256581948544853
2522,train-load-0.9-scenario-275-retry-1,0.9,0.8220367500000001,0.49390625,0.8220367500000001,6.689478584417865,0.5716751006006393,0.7616582327326942,0.8333333333333334,0.16666666666666666,0.7142857142857143,0.2857142857142857,5,1,5,2,7,4,6,5,0.4021734595298767,0.05,,,,,,,,,,,0.4064466810807744,0.7256581948544853
2523,train-load-0.5-scenario-132,0.5,0.4,0.3,0.4,15.120369098176287,1.5045309241916347,0.49546907580836536,1.0,0.0,1.0,0.0,8,0,8,0,8,4,8,8,0.3355525732040405,0.05,,,,,,,,,,,0.4064466810807744,0.7256581948544853
2524,train-load-0.8-scenario-73-retry-9,0.8,0.8928571428571429,0.6547619047619048,0.8928571428571429,15.548822182007651,0.8504148763050059,0.5342005083103787,0.8461538461538461,0.15384615384615385,0.8461538461538461,0.15384615384615385,11,2,11,2,13,7,13,11,0.44678568840026855,0.05,,,,,,,,,,,0.4064466810807744,0.7256581948544853
2525,train-load-0.9-scenario-550,0.9,0.83930425,0.6303425,0.83930425,9.248090547994416,0.8583040892383683,0.5702673393330602,0.8571428571428571,0.14285714285714285,0.8571428571428571,0.14285714285714285,6,1,6,1,7,4,7,6,0.16056758165359497,0.05,,,,,,,,,,,0.4064466810807744,0.7256581948544853
2526,train-load-1.0-scenario-254-retry-8,1.0,1.0625,1.0625,0.75,11.313114468401787,0.9065796068783807,0.20453150423273056,0.7777777777777778,0.2222222222222222,0.7777777777777778,0.2222222222222222,7,2,7,2,9,4,9,7,0.33518099784851074,0.05,,,,,,,,,,,0.4064466810807744,0.7256581948544853
2527,train-load-0.7-scenario-0-retry-9,0.7,0.8125,0.052083333333333336,0.8125,7.1309763540274345,0.08734019516190938,0.7126598048380905,0.7,0.3,0.7,0.3,7,3,7,3,10,8,10,7,0.20964547991752625,0.05,,,,,,,,,,,0.4064466810807744,0.7256581948544853
2528,train-load-0.6-scenario-216,0.6,0.7,0.7,0.56,20.273752134320567,1.3170938341484457,0.3971918801372688,0.9285714285714286,0.07142857142857142,0.9285714285714286,0.07142857142857142,13,1,13,1,14,5,14,13,0.4662102460861206,0.05,,,,,,,,,,,0.4064466810807744,0.7256581948544853
2529,train-load-0.5-scenario-275-retry-1,0.5,0.59,0.23333333333333334,0.59,22.41185078239374,1.4511810735765025,0.5488189264234975,1.0,0.0,1.0,0.0,14,0,14,0,14,5,14,14,0.22663404047489166,0.05,,,,,,,,,,,0.4064466810807744,0.7256581948544853
2530,train-load-0.9-scenario-530,0.9,0.87382375,0.661984375,0.87382375,10.90994933966018,0.9229026914502727,0.5770973085497273,0.875,0.125,0.875,0.125,7,1,7,1,8,4,8,7,0.3807874917984009,0.05,,,,,,,,,,,0.4064466810807744,0.7256581948544853
2531,train-load-0.5-scenario-142-retry-6,0.5,0.5357142857142857,0.35714285714285715,0.5357142857142857,24.577785040442492,1.6118285986714023,0.3881714013285977,1.0,0.0,1.0,0.0,15,0,15,0,15,7,15,15,0.28605717420578003,0.05,,,,,,,,,,,0.4064466810807744,0.7256581948544853
2532,train-load-0.9-scenario-634,0.9,1.0,0.1388888888888889,1.0,3.834473402227675,-0.362210054307988,0.7622100543079879,0.6,0.4,0.6,0.4,6,4,6,4,10,6,10,6,0.4955848753452301,0.05,,,,,,,,,,,0.4064466810807744,0.7256581948544853
2533,train-load-0.8-scenario-238,0.8,0.9166666666666666,0.36666666666666664,0.9166666666666666,4.467238303409933,-0.34622168956685784,0.5280398713850396,0.5454545454545454,0.45454545454545453,0.5454545454545454,0.45454545454545453,6,5,6,5,11,6,11,6,0.3472093939781189,0.05,,,,,,,,,,,0.4064466810807744,0.7256581948544853
2534,train-hard-4gpu-4pod-2vgpu,0.25,0.25,0.16666666666666666,0.25,11.616666666666667,1.9166666666666665,0.08333333333333337,1.0,0.0,1.0,0.0,4,0,8,0,8,4,4,4,0.3203793168067932,0.05,,,,,,,,,,,0.4064466810807744,0.7256581948544853
2535,train-load-0.9-scenario-170,0.9,1.0,1.0,0.15,4.794078923722883,-0.4380140003030897,0.771347333636423,0.5833333333333334,0.4166666666666667,0.5833333333333334,0.4166666666666667,7,5,7,5,12,8,12,7,0.3224993944168091,0.05,,,,,,,,,,,0.4064466810807744,0.7256581948544853
2536,train-load-0.5-scenario-655-retry-1,0.5,0.5714285714285714,0.5714285714285714,0.2857142857142857,11.444610314105756,1.0282117193924702,0.47178828060752964,0.875,0.125,0.875,0.125,7,1,7,1,8,7,8,7,0.35514622926712036,0.05,,,,,,,,,,,0.4064466810807744,0.7256581948544853
2537,train-load-0.7-scenario-601,0.7,0.6072428,0.21887725,0.6072428,3.772835106920808,0.2891206629027171,0.7108793370972829,0.75,0.25,0.6,0.4,3,1,3,2,5,5,4,3,0.290170282125473,0.05,,,,,,,,,,,0.4064466810807744,0.7256581948544853
2538,train-load-1.0-scenario-363,1.0,0.92391,0.5244683333333333,0.92391,11.861056931569983,0.6725255544637508,0.600201718263522,0.8181818181818182,0.18181818181818182,0.8333333333333334,0.16666666666666666,9,2,10,2,12,6,11,9,0.18314146995544434,0.05,,,,,,,,,,,0.4064466810807744,0.7256581948544853
2539,train-load-0.7-scenario-163-retry-1,0.7,0.7714285714285715,0.38571428571428573,0.7714285714285715,9.822642679916893,0.6581183551405141,0.4529927559705972,0.7777777777777778,0.2222222222222222,0.7777777777777778,0.2222222222222222,7,2,7,2,9,7,9,7,0.2612655758857727,0.05,,,,,,,,,,,0.4064466810807744,0.7256581948544853
2540,train-hard-4gpu-4pod-2vgpu,0.25,0.25,0.16666666666666666,0.25,11.616666666666667,1.9166666666666665,0.08333333333333337,1.0,0.0,1.0,0.0,4,0,8,0,8,4,4,4,0.45140182971954346,0.05,,,,,,,,,,,0.4064466810807744,0.7256581948544853
2541,train-load-0.5-scenario-234,0.5,0.45003233333333337,0.3012270833333333,0.45003233333333337,9.867014255038198,1.325029730779514,0.674970269220486,1.0,0.0,1.0,0.0,5,0,6,0,6,6,5,5,0.2876052260398865,0.05,,,,,,,,,,,0.4064466810807744,0.7256581948544853
2542,train-load-0.9-scenario-403,0.9,0.847808,0.6470364583333333,0.847808,5.503244291686256,0.1835607888602846,0.6735820682825726,0.7142857142857143,0.2857142857142857,0.75,0.25,5,2,6,2,8,4,7,5,0.1492711305618286,0.05,,,,,,,,,,,0.4064466810807744,0.7256581948544853
2543,train-load-0.7-scenario-281-retry-1,0.7,0.8,0.06666666666666667,0.8,6.361896669299185,0.2785477280327394,0.7214522719672606,0.75,0.25,0.75,0.25,6,2,6,2,8,6,8,6,0.4217204749584198,0.05,,,,,,,,,,,0.4064466810807744,0.7256581948544853
2544,train-load-0.8-scenario-394-retry-4,0.8,0.9166666666666666,0.7333333333333333,0.9166666666666666,5.941737376958841,-0.16039371677917647,0.34221189859735823,0.5454545454545454,0.45454545454545453,0.5454545454545454,0.45454545454545453,6,5,6,5,11,6,11,6,0.2706683278083801,0.05,,,,,,,,,,,0.4064466810807744,0.7256581948544853
2545,train-load-0.6-scenario-694,0.6,0.5726266666666667,0.33846458333333335,0.5726266666666667,12.459818623688854,1.3400106062031116,0.6599893937968884,1.0,0.0,1.0,0.0,7,0,7,0,7,6,7,7,0.24512775242328644,0.05,,,,,,,,,,,0.4064466810807744,0.7256581948544853
2546,train-hard-4gpu-12pod-small,0.375,0.375,0.25,0.375,21.53420849925416,1.7276860872528026,0.2723139127471974,1.0,0.0,1.0,0.0,12,0,12,0,12,4,12,12,0.34346485137939453,0.05,,,,,,,,,,,0.4064466810807744,0.7256581948544853
2547,train-load-0.7-scenario-331-retry-4,0.7,0.8125,0.2125,0.8125,3.8654184392096713,-0.2932312370264061,0.5154534592486284,0.5555555555555556,0.4444444444444444,0.5555555555555556,0.4444444444444444,5,4,5,4,9,8,9,5,0.28789231181144714,0.05,,,,,,,,,,,0.4064466810807744,0.7256581948544853
2548,train-load-0.6-scenario-689,0.6,0.6666666666666666,0.3333333333333333,0.6666666666666666,8.774091331467567,0.5833097019336102,0.4166902980663897,0.75,0.25,0.75,0.25,6,2,6,2,8,6,8,6,0.4473702907562256,0.05,,,,,,,,,,,0.4064466810807744,0.7256581948544853
2549,train-load-0.7-scenario-318-retry-4,0.7,0.5833333333333334,0.11666666666666667,0.5833333333333334,21.42657444464566,1.3062658686947621,0.6937341313052379,1.0,0.0,1.0,0.0,14,0,14,0,14,6,14,14,0.4156855344772339,0.05,,,,,,,,,,,0.4064466810807744,0.7256581948544853
2550,train-load-0.5-scenario-682,0.5,0.48221225000000006,0.4500965625,0.48221225000000006,16.911123263445514,1.5820868047969865,0.41791319520301357,1.0,0.0,1.0,0.0,9,0,11,0,11,8,9,9,0.240831658244133,0.05,,,,,,,,,,,0.4064466810807744,0.7256581948544853
2551,train-load-0.7-scenario-245,0.7,0.8,0.8,0.3,11.672013560902347,0.5847894931554539,0.6879377795718189,0.8181818181818182,0.18181818181818182,0.8181818181818182,0.18181818181818182,9,2,9,2,11,5,11,9,0.44780343770980835,0.05,,,,,,,,,,,0.4064466810807744,0.7256581948544853
2552,train-load-1.0-scenario-82,1.0,0.8877925714285714,0.5468863095238096,0.8877925714285714,16.665813265542205,1.1449473502474528,0.5217193164192138,0.9166666666666666,0.08333333333333333,0.8571428571428571,0.14285714285714285,11,1,12,2,14,7,12,11,0.33259302377700806,0.05,,,,,,,,,,,0.4064466810807744,0.7256581948544853
2553,train-load-1.0-scenario-528,1.0,0.8888888888888888,0.8888888888888888,0.2833333333333333,13.697799930392677,0.8608239553447183,0.7755396810189179,0.9090909090909091,0.09090909090909091,0.9090909090909091,0.09090909090909091,10,1,10,1,11,6,11,10,0.38168835639953613,0.05,,,,,,,,,,,0.4064466810807744,0.7256581948544853
2554,train-load-1.0-scenario-151-retry-1,1.0,0.88151425,0.5606734375,0.88151425,14.163978034327823,0.6569703509368876,0.727645033678497,0.8461538461538461,0.15384615384615385,0.7333333333333333,0.26666666666666666,11,2,11,4,15,8,13,11,0.4179762303829193,0.05,,,,,,,,,,,0.4064466810807744,0.7256581948544853
2555,train-load-0.6-scenario-460-retry-6,0.6,0.6875,0.6875,0.5625,12.518385423400115,0.9612875046955215,0.5942680508600339,0.8888888888888888,0.1111111111111111,0.8888888888888888,0.1111111111111111,8,1,8,1,9,4,9,8,0.24119949340820312,0.05,,,,,,,,,,,0.4064466810807744,0.7256581948544853
2556,train-load-0.8-scenario-729-retry-1,0.8,0.725,0.6041666666666666,0.725,13.812301151642504,1.2001143393017828,0.35544121625377256,0.8888888888888888,0.1111111111111111,0.8888888888888888,0.1111111111111111,8,1,8,1,9,4,9,8,0.30165305733680725,0.05,,,,,,,,,,,0.4064466810807744,0.7256581948544853
2557,train-load-0.5-scenario-327,0.5,0.5005775714285714,0.30359375,0.5005775714285714,11.289588463544764,1.3338206864379238,0.6661793135620762,1.0,0.0,1.0,0.0,6,0,7,0,7,7,6,6,0.27844399213790894,0.05,,,,,,,,,,,0.4064466810807744,0.7256581948544853
2558,train-load-1.0-scenario-166-retry-7,1.0,1.08,1.08,0.96,8.051170749633467,0.3436829710656143,0.32298369560105245,0.6666666666666666,0.3333333333333333,0.6666666666666666,0.3333333333333333,6,3,6,3,9,5,9,6,0.1196933463215828,0.05,,,,,,,,,,,0.4064466810807744,0.7256581948544853
2559,train-load-0.9-scenario-683,0.9,0.8046641666666667,0.8046641666666667,0.7731439999999999,15.11388055546631,0.8167866346383332,0.5678287499770515,0.8461538461538461,0.15384615384615385,0.7857142857142857,0.21428571428571427,11,2,11,3,14,6,13,11,0.4448421597480774,0.05,,,,,,,,,,,0.4064466810807744,0.7256581948544853
2560,train-load-0.6-scenario-453,0.6,0.5800597916666667,0.5800597916666667,0.4838276666666667,15.695785049449372,1.4393274669045173,0.5606725330954827,1.0,0.0,1.0,0.0,9,0,9,0,9,6,9,9,0.30966684222221375,0.05,,,,,,,,,,,0.4064466810807744,0.7256581948544853
2561,train-load-0.7-scenario-734-retry-2,0.7,0.7,0.35,0.7,22.19767481474811,1.4373168922599404,0.5626831077400596,1.0,0.0,1.0,0.0,14,0,14,0,14,4,14,14,0.28074222803115845,0.05,,,,,,,,,,,0.4064466810807744,0.7256581948544853
2562,train-load-0.5-scenario-739,0.5,0.5,0.5,0.375,15.006835168373323,1.290232189053718,0.709767810946282,1.0,0.0,1.0,0.0,9,0,12,0,12,8,9,9,0.21365448832511902,0.05,,,,,,,,,,,0.4064466810807744,0.7256581948544853
2563,train-load-0.9-scenario-624,0.9,0.7991214999999999,0.4860416666666667,0.7991214999999999,6.205504561677891,0.4902591997996218,0.8430741335337116,0.8333333333333334,0.16666666666666666,0.8333333333333334,0.16666666666666666,5,1,5,1,6,4,6,5,0.17512568831443787,0.05,,,,,,,,,,,0.4064466810807744,0.7256581948544853
2564,train-load-0.8-scenario-725-retry-2,0.8,0.9,0.6,0.9,4.928526628703883,-0.08574429053238508,0.30796651275460735,0.5555555555555556,0.4444444444444444,0.5555555555555556,0.4444444444444444,5,4,5,4,9,5,9,5,0.23773302137851715,0.05,,,,,,,,,,,0.4064466810807744,0.7256581948544853
2565,train-load-1.0-scenario-352-retry-1,1.0,0.91790475,0.49661770833333335,0.91790475,6.550715760532976,-0.46128869121252203,0.8612886912125219,0.6,0.4,0.6,0.4,9,6,9,6,15,8,15,9,0.3152995705604553,0.05,,,,,,,,,,,0.4064466810807744,0.7256581948544853
2566,train-load-0.7-scenario-238-retry-3,0.7,0.7395833333333334,0.7395833333333334,0.55,14.151078151438977,0.9030947005128698,0.7332689358507665,0.9090909090909091,0.09090909090909091,0.9090909090909091,0.09090909090909091,10,1,10,1,11,4,11,10,0.3719676733016968,0.05,,,,,,,,,,,0.4064466810807744,0.7256581948544853
2567,train-load-0.5-scenario-338,0.5,0.52481975,0.371403125,0.52481975,10.502299867666093,1.3691332203313755,0.6308667796686246,1.0,0.0,1.0,0.0,5,0,5,0,5,4,5,5,0.1987670361995697,0.05,,,,,,,,,,,0.4064466810807744,0.7256581948544853
2568,train-load-1.0-scenario-431,1.0,0.8821033333333334,0.8821033333333334,0.7873654,11.568028711442073,0.5511635783491073,0.4488364216508926,0.75,0.25,0.75,0.25,9,3,9,3,12,5,12,9,0.46441859006881714,0.05,,,,,,,,,,,0.4064466810807744,0.7256581948544853
2569,train-load-0.7-scenario-626-retry-1,0.7,0.6285714285714286,0.35714285714285715,0.6285714285714286,25.28782892858115,1.5501559594392302,0.44984404056076976,1.0,0.0,1.0,0.0,16,0,16,0,16,7,16,16,0.41991275548934937,0.05,,,,,,,,,,,0.4064466810807744,0.7256581948544853
2570,train-load-0.9-scenario-251,0.9,0.7907833333333333,0.7907833333333333,0.6519437499999999,11.201207221290584,0.9607593632714193,0.5392406367285807,0.875,0.125,0.7777777777777778,0.2222222222222222,7,1,7,2,9,4,8,7,0.16242128610610962,0.05,,,,,,,,,,,0.4064466810807744,0.7256581948544853
2571,train-load-0.9-scenario-270,0.9,0.7904760000000001,0.4433782142857143,0.7904760000000001,14.086899219865298,0.7982232535634377,0.5351100797698957,0.8333333333333334,0.16666666666666666,0.8333333333333334,0.16666666666666666,10,2,10,2,12,7,12,10,0.20622505247592926,0.05,,,,,,,,,,,0.4064466810807744,0.7256581948544853
2572,train-load-1.0-scenario-541,1.0,1.0,0.42857142857142855,1.0,5.800441356632872,-0.057169476565916755,0.45716947656591667,0.6,0.4,0.6,0.4,6,4,6,4,10,7,10,6,0.3534964919090271,0.05,,,,,,,,,,,0.4064466810807744,0.7256581948544853
2573,train-load-1.0-scenario-460-retry-7,1.0,0.8857142857142857,0.47619047619047616,0.8857142857142857,19.466566690607323,0.7625951214161599,0.5707382119171736,0.8333333333333334,0.16666666666666666,0.8333333333333334,0.16666666666666666,15,3,15,3,18,7,18,15,0.38918647170066833,0.05,,,,,,,,,,,0.4064466810807744,0.7256581948544853
2574,train-hard-4gpu-4pod-2vgpu,0.25,0.25,0.16666666666666666,0.25,11.616666666666667,1.9166666666666665,0.08333333333333337,1.0,0.0,1.0,0.0,4,0,8,0,8,4,4,4,0.4070873260498047,0.05,,,,,,,,,,,0.4064466810807744,0.7256581948544853
2575,train-load-1.0-scenario-18-retry-1,1.0,0.9660991666666666,0.7152547916666666,0.9660991666666666,6.136909031669384,-0.34197245084698746,0.803510912385449,0.6153846153846154,0.38461538461538464,0.6153846153846154,0.38461538461538464,8,5,8,5,13,6,13,8,0.3258492350578308,0.05,,,,,,,,,,,0.4064466810807744,0.7256581948544853
2576,train-load-0.8-scenario-637,0.8,0.9142857142857143,0.9142857142857143,0.3142857142857143,6.412499509537439,0.252691006809578,0.747308993190422,0.75,0.25,0.7777777777777778,0.2222222222222222,6,2,7,2,9,7,8,6,0.5152477622032166,0.05,,,,,,,,,,,0.4064466810807744,0.7256581948544853
2577,train-load-0.7-scenario-138,0.7,0.75,0.2,0.75,3.4795905055319407,-0.30514613377532696,0.805146133775327,0.625,0.375,0.625,0.375,5,3,5,3,8,8,8,5,0.27863848209381104,0.05,,,,,,,,,,,0.4064466810807744,0.7256581948544853
2578,train-load-0.7-scenario-289-retry-5,0.7,0.8,0.8,0.5,8.818126473637758,0.5933855586237078,0.40661444137629227,0.75,0.25,0.75,0.25,6,2,12,4,16,8,8,6,0.472331702709198,0.05,,,,,,,,,,,0.4064466810807744,0.7256581948544853
2579,train-load-0.7-scenario-7,0.7,0.7375,0.5729166666666666,0.7375,21.39640487132885,1.5595133999984685,0.44048660000153156,1.0,0.0,1.0,0.0,13,0,13,0,13,8,13,13,0.1402093768119812,0.05,,,,,,,,,,,0.4064466810807744,0.7256581948544853
2580,train-load-0.9-scenario-737-retry-2,0.9,1.0,1.0,0.875,3.406718362760923,-0.29747439593245817,0.2974743959324582,0.5,0.5,0.5,0.5,4,4,4,4,8,4,8,4,0.25087445974349976,0.05,,,,,,,,,,,0.4064466810807744,0.7256581948544853
2581,train-load-1.0-scenario-448-retry-3,1.0,0.9857142857142858,0.7285714285714285,0.9857142857142858,19.497354558153024,1.1105268621512367,0.35613980451543004,0.8666666666666667,0.13333333333333333,0.8666666666666667,0.13333333333333333,13,2,13,2,15,7,15,13,0.47140955924987793,0.05,,,,,,,,,,,0.4064466810807744,0.7256581948544853
2582,train-load-0.9-scenario-527,0.9,0.959115,0.7807005208333333,0.959115,12.64047520250817,1.0903245671109802,0.4652309884445751,0.8888888888888888,0.1111111111111111,0.8,0.2,8,1,8,2,10,4,9,8,0.39067691564559937,0.05,,,,,,,,,,,0.4064466810807744,0.7256581948544853
2583,train-load-1.0-scenario-242-retry-4,1.0,0.9,0.9,0.7833333333333333,18.690978220137563,1.152409654175886,0.27616177439554257,0.8571428571428571,0.14285714285714285,0.8571428571428571,0.14285714285714285,12,2,12,2,14,6,14,12,0.37802499532699585,0.05,,,,,,,,,,,0.4064466810807744,0.7256581948544853
2584,train-load-0.8-scenario-370,0.8,0.9,0.435,0.9,3.3763869612532282,-0.26323832501725253,0.7632383250172525,0.625,0.375,0.625,0.375,5,3,5,3,8,5,8,5,0.4744895100593567,0.05,,,,,,,,,,,0.4064466810807744,0.7256581948544853
2585,train-load-0.6-scenario-421,0.6,0.6666666666666666,0.6666666666666666,0.5,15.317345202588472,1.5952018702899649,0.40479812971003504,1.0,0.0,1.0,0.0,8,0,8,0,8,4,8,8,0.277144193649292,0.05,,,,,,,,,,,0.4064466810807744,0.7256581948544853
2586,train-load-1.0-scenario-190-retry-1,1.0,1.025,0.625,1.025,9.52708106472371,0.2084199661575492,0.25311849538091236,0.6153846153846154,0.38461538461538464,0.6153846153846154,0.38461538461538464,8,5,8,5,13,8,13,8,0.4189503490924835,0.05,,,,,,,,,,,0.4064466810807744,0.7256581948544853
2587,train-load-0.5-scenario-149-retry-2,0.5,0.5714285714285714,0.38095238095238093,0.5714285714285714,26.337015776601355,1.6243020952734395,0.37569790472656056,1.0,0.0,1.0,0.0,16,0,16,0,16,7,16,16,0.3486790657043457,0.05,,,,,,,,,,,0.4064466810807744,0.7256581948544853
2588,train-load-0.6-scenario-287,0.6,0.5621798333333333,0.47490902777777777,0.5621798333333333,10.741037845331725,1.2435348438712657,0.7564651561287343,1.0,0.0,1.0,0.0,6,0,8,0,8,6,6,6,0.24700325727462769,0.05,,,,,,,,,,,0.4064466810807744,0.7256581948544853
2589,train-load-1.0-scenario-327,1.0,0.9304525,0.9304525,0.7447942857142857,16.77651495531255,0.8757389085720811,0.5528325199993473,0.8571428571428571,0.14285714285714285,0.7647058823529411,0.23529411764705882,12,2,13,4,17,7,14,12,0.2530372738838196,0.05,,,,,,,,,,,0.4064466810807744,0.7256581948544853
2590,train-load-0.7-scenario-724,0.7,0.6717716,0.6332632499999999,0.6717716,8.684349106063344,0.8373102859852166,0.4960230473481169,0.8333333333333334,0.16666666666666666,0.7777777777777778,0.2222222222222222,5,1,7,2,9,5,6,5,0.5165778398513794,0.05,,,,,,,,,,,0.4064466810807744,0.7256581948544853
2591,train-load-1.0-scenario-456-retry-5,1.0,0.925967,0.61409375,0.925967,9.56579912870087,0.8842481322691659,0.5443232963022626,0.8571428571428571,0.14285714285714285,0.75,0.25,6,1,6,2,8,4,7,6,0.42152220010757446,0.05,,,,,,,,,,,0.4064466810807744,0.7256581948544853
2592,train-load-0.7-scenario-611,0.7,0.605408375,0.47885062500000003,0.605408375,16.332438788113688,1.301616230756055,0.698383769243945,1.0,0.0,1.0,0.0,10,0,11,0,11,8,10,10,0.4767666459083557,0.05,,,,,,,,,,,0.4064466810807744,0.7256581948544853
2593,train-load-0.9-scenario-487,0.9,0.7846808571428572,0.4254488095238096,0.7846808571428572,8.704504918192182,0.43464475527375845,0.6764663558373527,0.7777777777777778,0.2222222222222222,0.7272727272727273,0.2727272727272727,7,2,8,3,11,7,9,7,0.43839430809020996,0.05,,,,,,,,,,,0.4064466810807744,0.7256581948544853
2594,train-load-1.0-scenario-145-retry-3,1.0,0.9549115,0.7322759375000001,0.9549115,10.521962663780652,0.8984937165930398,0.6015062834069602,0.875,0.125,0.7777777777777778,0.2222222222222222,7,1,7,2,9,4,8,7,0.32850947976112366,0.05,,,,,,,,,,,0.4064466810807744,0.7256581948544853
2595,train-load-0.5-scenario-171-retry-1,0.5,0.4,0.1375,0.4,14.992316912947112,1.4947779737074793,0.5052220262925207,1.0,0.0,1.0,0.0,8,0,8,0,8,4,8,8,0.34136107563972473,0.05,,,,,,,,,,,0.4064466810807744,0.7256581948544853
2596,train-load-0.8-scenario-478,0.8,0.7037395,0.6035486111111111,0.7037395,13.496650849136861,0.9743171377230682,0.6256828622769319,0.9,0.1,0.8181818181818182,0.18181818181818182,9,1,9,2,11,6,10,9,0.3390957713127136,0.05,,,,,,,,,,,0.4064466810807744,0.7256581948544853
2597,train-load-0.5-scenario-179,0.5,0.4266628333333333,0.40528194444444443,0.4266628333333333,12.502163510532363,1.3381782495399146,0.6618217504600853,1.0,0.0,1.0,0.0,7,0,7,0,7,6,7,7,0.3944217562675476,0.05,,,,,,,,,,,0.4064466810807744,0.7256581948544853
2598,train-load-0.6-scenario-75,0.6,0.5509685,0.36499722222222225,0.5509685,12.644703915008103,1.3611242607915957,0.6388757392084043,1.0,0.0,1.0,0.0,7,0,7,0,7,6,7,7,0.33208799362182617,0.05,,,,,,,,,,,0.4064466810807744,0.7256581948544853
2599,train-load-0.9-scenario-467-retry-1,0.9,0.9077548,0.64417875,0.9077548,9.302186053683908,0.8460579783325425,0.582513450238886,0.8571428571428571,0.14285714285714285,0.8,0.2,6,1,8,2,10,5,7,6,0.2895652651786804,0.05,,,,,,,,,,,0.4064466810807744,0.7256581948544853
2600,train-load-1.0-scenario-699-retry-1,1.0,1.0146247142857143,0.5856651785714286,1.0146247142857143,11.868872246919288,0.4281028396964202,0.9052304936369132,0.8333333333333334,0.16666666666666666,0.7333333333333333,0.26666666666666666,10,2,11,4,15,7,12,10,0.26531338691711426,0.05,0.38589865465172996,0.5265840154061583,0.7281206675144721,0.2718793324855279,0.7135332617492044,0.28646673825079566,0.6977011415517518,0.731060902554736,0.2653812819998948,0.7278023626678998,0.4064466810807744,0.7256581948544853
2601,train-load-0.7-scenario-374-retry-1,0.7,0.5833333333333334,0.5833333333333334,0.35,32.45366882627508,1.5317394514723057,0.46826054852769416,1.0,0.0,1.0,0.0,21,0,21,0,21,6,21,21,0.33975929021835327,0.05,,,,,,,,,,,0.4064466810807744,0.7256581948544853
2602,train-load-1.0-scenario-691,1.0,0.900565,0.565902,0.900565,3.7473949715377466,-0.32462583910367426,0.5468480613258966,0.5555555555555556,0.4444444444444444,0.5555555555555556,0.4444444444444444,5,4,5,4,9,5,9,5,0.4373643398284912,0.05,,,,,,,,,,,0.4064466810807744,0.7256581948544853
2603,train-hard-4gpu-12pod-small,0.375,0.375,0.25,0.375,22.316746824526945,1.875,0.125,1.0,0.0,1.0,0.0,12,0,12,0,12,4,12,12,0.24503418803215027,0.05,,,,,,,,,,,0.4064466810807744,0.7256581948544853
2604,train-load-0.5-scenario-746,0.5,0.427326875,0.3564,0.427326875,14.729626883895023,1.2873390956112483,0.7126609043887517,1.0,0.0,1.0,0.0,9,0,9,0,9,8,9,9,0.22687563300132751,0.05,,,,,,,,,,,0.4064466810807744,0.7256581948544853
2605,train-load-0.8-scenario-337,0.8,0.6865545714285713,0.5523261904761905,0.6865545714285713,18.502169726660554,1.440415852874784,0.5595841471252162,1.0,0.0,1.0,0.0,11,0,12,0,12,7,11,11,0.36869102716445923,0.05,,,,,,,,,,,0.4064466810807744,0.7256581948544853
2606,train-load-1.0-scenario-98,1.0,0.9502462857142858,0.6373315476190475,0.9502462857142858,8.695904993140244,0.22171771226359027,0.6873731968273189,0.7272727272727273,0.2727272727272727,0.6428571428571429,0.35714285714285715,8,3,9,5,14,7,11,8,0.36740559339523315,0.05,,,,,,,,,,,0.4064466810807744,0.7256581948544853
2607,train-load-1.0-scenario-217-retry-2,1.0,0.95,0.475,0.95,4.666782317981605,-0.5354853551975811,0.38163920135142737,0.46153846153846156,0.5384615384615384,0.46153846153846156,0.5384615384615384,6,7,6,7,13,8,13,6,0.33295130729675293,0.05,,,,,,,,,,,0.4064466810807744,0.7256581948544853
2608,train-load-0.9-scenario-454-retry-3,0.9,0.96,0.96,0.76,10.69406231448098,0.7529122541373001,0.3581988569738111,0.7777777777777778,0.2222222222222222,0.7777777777777778,0.2222222222222222,7,2,7,2,9,5,9,7,0.2368844449520111,0.05,,,,,,,,,,,0.4064466810807744,0.7256581948544853
2609,train-load-0.9-scenario-510-retry-1,0.9,0.8072978333333333,0.7190504166666667,0.8072978333333333,11.766951711087554,0.6076601657667949,0.6650671069604779,0.8181818181818182,0.18181818181818182,0.6923076923076923,0.3076923076923077,9,2,9,4,13,6,11,9,0.1912057101726532,0.05,,,,,,,,,,,0.4064466810807744,0.7256581948544853
2610,train-load-0.7-scenario-736,0.7,0.6303516,0.41311708333333336,0.6303516,6.129876254060538,0.6120460837003184,0.5879539162996815,0.8,0.2,0.7142857142857143,0.2857142857142857,4,1,5,2,7,5,5,4,0.2570398449897766,0.05,,,,,,,,,,,0.4064466810807744,0.7256581948544853
2611,train-load-0.9-scenario-387,0.9,0.8000538,0.7388966666666666,0.8000538,9.298355185916767,0.5333191168597264,0.5777919942513847,0.7777777777777778,0.2222222222222222,0.8,0.2,7,2,8,2,10,5,9,7,0.2849830687046051,0.05,,,,,,,,,,,0.4064466810807744,0.7256581948544853
2612,train-load-0.5-scenario-181-retry-5,0.5,0.42,0.3,0.42,16.65935810749858,1.5614424449414601,0.43855755505853994,1.0,0.0,1.0,0.0,9,0,9,0,9,5,9,9,0.31490519642829895,0.05,,,,,,,,,,,0.4064466810807744,0.7256581948544853
2613,train-load-0.5-scenario-546,0.5,0.4,0.16666666666666666,0.4,35.67306339804281,1.4398661844203584,0.5601338155796416,1.0,0.0,1.0,0.0,24,0,24,0,24,6,24,24,0.47048595547676086,0.05,,,,,,,,,,,0.4064466810807744,0.7256581948544853
2614,train-hard-4gpu-12pod-small,0.375,0.375,0.25,0.375,22.316746824526945,1.875,0.125,1.0,0.0,1.0,0.0,12,0,12,0,12,4,12,12,0.21289482712745667,0.05,,,,,,,,,,,0.4064466810807744,0.7256581948544853
2615,train-load-0.8-scenario-133,0.8,0.875,0.875,0.4,5.468524550645863,0.07116658524663677,0.42883341475336323,0.625,0.375,0.5714285714285714,0.42857142857142855,5,3,8,6,14,8,8,5,0.18230953812599182,0.05,,,,,,,,,,,0.4064466810807744,0.7256581948544853
2616,train-load-0.9-scenario-82,0.9,0.8116328571428572,0.6115404761904761,0.8116328571428572,9.6432455324097,0.20225928904143609,0.7977407109585639,0.75,0.25,0.7142857142857143,0.2857142857142857,9,3,10,4,14,7,12,9,0.24165698885917664,0.05,,,,,,,,,,,0.4064466810807744,0.7256581948544853
2617,train-load-0.9-scenario-374,0.9,0.7994288749999999,0.74279609375,0.7994288749999999,20.75675126294584,0.9059779853203691,0.42735534801296426,0.8333333333333334,0.16666666666666666,0.8333333333333334,0.16666666666666666,15,3,15,3,18,8,18,15,0.37698376178741455,0.05,,,,,,,,,,,0.4064466810807744,0.7256581948544853
2618,train-load-0.6-scenario-237-retry-1,0.6,0.7,0.08,0.7,7.260323165908813,0.3211196042600968,0.6788803957399032,0.75,0.25,0.75,0.25,6,2,6,2,8,5,8,6,0.19894450902938843,0.05,,,,,,,,,,,0.4064466810807744,0.7256581948544853
2619,train-load-0.6-scenario-662-retry-1,0.6,0.7142857142857143,0.7142857142857143,0.35714285714285715,8.868707807822595,0.36396409910029137,0.4360359008997085,0.7,0.3,0.7,0.3,7,3,7,3,10,7,10,7,0.24238912761211395,0.05,,,,,,,,,,,0.4064466810807744,0.7256581948544853
2620,train-load-0.5-scenario-276-retry-1,0.5,0.5038566,0.417645,0.5038566,12.087922498770965,1.49611774193297,0.5038822580670299,1.0,0.0,1.0,0.0,6,0,6,0,6,5,6,6,0.3404582142829895,0.05,,,,,,,,,,,0.4064466810807744,0.7256581948544853
2621,train-load-1.0-scenario-513-retry-4,1.0,0.9047619047619048,0.9047619047619048,0.8214285714285714,6.819466935877677,-0.29077846877304137,0.5764927544873271,0.5714285714285714,0.42857142857142855,0.5714285714285714,0.42857142857142855,8,6,8,6,14,7,14,8,0.18091648817062378,0.05,,,,,,,,,,,0.4064466810807744,0.7256581948544853
2622,train-load-0.5-scenario-66,0.5,0.4375097142857143,0.4229901785714286,0.4375097142857143,11.666403233424887,1.372642226190107,0.6273577738098931,1.0,0.0,1.0,0.0,6,0,8,0,8,7,6,6,0.3020002245903015,0.05,,,,,,,,,,,0.4064466810807744,0.7256581948544853
2623,train-load-0.6-scenario-288-retry-3,0.6,0.6285714285714286,0.1357142857142857,0.6285714285714286,18.461546932570812,1.1126691144162997,0.8873308855837003,1.0,0.0,1.0,0.0,13,0,13,0,13,7,13,13,0.17003408074378967,0.05,,,,,,,,,,,0.4064466810807744,0.7256581948544853
2624,train-load-0.7-scenario-29,0.7,0.64729625,0.64729625,0.57026725,13.89357331673129,1.5351072097509544,0.46489279024904573,1.0,0.0,1.0,0.0,7,0,7,0,7,4,7,7,0.339568555355072,0.05,,,,,,,,,,,0.4064466810807744,0.7256581948544853
2625,train-load-0.7-scenario-84,0.7,0.7333333333333333,0.7333333333333333,0.64,15.953753999049063,1.7081884439785469,0.2918115560214532,1.0,0.0,1.0,0.0,8,0,8,0,8,5,8,8,0.3941439390182495,0.05,,,,,,,,,,,0.4064466810807744,0.7256581948544853
2626,train-load-1.0-scenario-253-retry-1,1.0,0.9129269999999999,0.5331026041666667,0.9129269999999999,7.882277784742798,-0.1922331488429473,0.7636617202715188,0.6428571428571429,0.35714285714285715,0.6,0.4,9,5,9,6,15,8,14,9,0.21791592240333557,0.05,,,,,,,,,,,0.4064466810807744,0.7256581948544853
2627,train-load-0.8-scenario-502,0.8,0.7000942708333334,0.7000942708333334,0.6297195,10.372708600512828,0.9922864580536451,0.43628497051778337,0.8571428571428571,0.14285714285714285,0.8571428571428571,0.14285714285714285,6,1,6,1,7,4,7,6,0.22411784529685974,0.05,,,,,,,,,,,0.4064466810807744,0.7256581948544853
2628,train-load-0.9-scenario-687-retry-1,0.9,1.0,0.625,1.0,2.066218794581659,-0.5023190181677666,0.5023190181677666,0.5,0.5,0.5,0.5,4,4,4,4,8,4,8,4,0.16458696126937866,0.05,,,,,,,,,,,0.4064466810807744,0.7256581948544853
2629,train-load-0.7-scenario-99,0.7,0.8,0.13333333333333333,0.8,4.308096961753982,-0.08204374408087378,0.5820437440808738,0.625,0.375,0.625,0.375,5,3,5,3,8,5,8,5,0.4078966975212097,0.05,,,,,,,,,,,0.4064466810807744,0.7256581948544853
2630,train-load-1.0-scenario-332,1.0,1.001349,0.6368525,1.001349,5.073425255159627,-0.16588597208337408,0.565885972083374,0.6,0.4,0.5454545454545454,0.45454545454545453,6,4,6,5,11,5,10,6,0.32521846890449524,0.05,,,,,,,,,,,0.4064466810807744,0.7256581948544853
2631,train-load-0.8-scenario-19-retry-2,0.8,0.75,0.6,0.75,23.584281151970394,0.8879430976237042,0.350152140471534,0.8095238095238095,0.19047619047619047,0.8095238095238095,0.19047619047619047,17,4,17,4,21,7,21,17,0.3614545464515686,0.05,,,,,,,,,,,0.4064466810807744,0.7256581948544853
2632,train-load-0.8-scenario-518,0.8,0.9,0.21428571428571427,0.9,8.49147718342397,0.4266760566989285,0.6844350544121827,0.7777777777777778,0.2222222222222222,0.7777777777777778,0.2222222222222222,7,2,7,2,9,7,9,7,0.5053499341011047,0.05,,,,,,,,,,,0.4064466810807744,0.7256581948544853
2633,train-load-0.8-scenario-627,0.8,0.7722717142857143,0.6177380952380952,0.7722717142857143,12.716579234257342,0.6094330847279072,0.7239002486054262,0.8333333333333334,0.16666666666666666,0.8333333333333334,0.16666666666666666,10,2,10,2,12,7,12,10,0.5088739991188049,0.05,,,,,,,,,,,0.4064466810807744,0.7256581948544853
2634,train-load-0.7-scenario-728-retry-1,0.7,0.6833333333333333,0.6833333333333333,0.68,5.652812809840573,-0.027836981973097585,0.6945036486397642,0.6666666666666666,0.3333333333333333,0.6666666666666666,0.3333333333333333,6,3,6,3,9,5,9,6,0.5854991674423218,0.05,,,,,,,,,,,0.4064466810807744,0.7256581948544853
2635,train-load-0.9-scenario-192-retry-1,0.9,1.0125,0.65625,1.0125,9.315770910634605,0.7230102901604374,0.2769897098395626,0.75,0.25,0.75,0.25,6,2,6,2,8,4,8,6,0.13291922211647034,0.05,,,,,,,,,,,0.4064466810807744,0.7256581948544853
2636,train-load-0.5-scenario-277,0.5,0.5625,0.225,0.5625,13.284195025217798,1.1886270343282663,0.36692852122728925,0.8888888888888888,0.1111111111111111,0.8888888888888888,0.1111111111111111,8,1,8,1,9,8,9,8,0.22387836873531342,0.05,,,,,,,,,,,0.4064466810807744,0.7256581948544853
2637,train-load-0.6-scenario-727,0.6,0.6937963333333333,0.3795925,0.6937963333333333,9.606053253356967,0.8851404431286763,0.5434309854427521,0.8571428571428571,0.14285714285714285,0.75,0.25,6,1,6,2,8,6,7,6,0.4693947434425354,0.05,,,,,,,,,,,0.4064466810807744,0.7256581948544853
2638,train-load-0.7-scenario-644,0.7,0.75942625,0.478331875,0.75942625,4.628221025835955,0.3751561169733252,0.8248438830266749,0.8,0.2,0.6666666666666666,0.3333333333333333,4,1,4,2,6,4,5,4,0.531356930732727,0.05,,,,,,,,,,,0.4064466810807744,0.7256581948544853
2639,train-load-1.0-scenario-189-retry-2,1.0,0.940006375,0.7597384375,0.940006375,9.177949422906684,-0.17931277099131893,0.6793127709913189,0.625,0.375,0.5882352941176471,0.4117647058823529,10,6,10,7,17,8,16,10,0.4809797406196594,0.05,,,,,,,,,,,0.4064466810807744,0.7256581948544853
2640,train-hard-4gpu-12pod-small,0.375,0.375,0.25,0.375,22.316746824526945,1.875,0.125,1.0,0.0,1.0,0.0,12,0,12,0,12,4,12,12,0.31367164850234985,0.05,,,,,,,,,,,0.4064466810807744,0.7256581948544853
2641,train-load-0.7-scenario-206-retry-3,0.7,0.6625,0.3541666666666667,0.6625,4.3788898398162965,-0.248332887124194,0.4705551093464163,0.5555555555555556,0.4444444444444444,0.5555555555555556,0.4444444444444444,5,4,5,4,9,8,9,5,0.17126792669296265,0.05,,,,,,,,,,,0.4064466810807744,0.7256581948544853
2642,train-load-0.8-scenario-87,0.8,0.87,0.7,0.87,10.977074798115776,0.7858749934536637,0.3252361176574475,0.7777777777777778,0.2222222222222222,0.7777777777777778,0.2222222222222222,7,2,7,2,9,5,9,7,0.4070870280265808,0.05,,,,,,,,,,,0.4064466810807744,0.7256581948544853
2643,train-load-0.6-scenario-235,0.6,0.6082416666666667,0.6082416666666667,0.49827400000000005,10.618505223254823,1.4432617448047802,0.5567382551952199,1.0,0.0,1.0,0.0,5,0,6,0,6,4,5,5,0.25911685824394226,0.05,,,,,,,,,,,0.4064466810807744,0.7256581948544853
2644,train-load-0.6-scenario-695,0.6,0.5553411458333334,0.5553411458333334,0.39832887499999997,17.71467834900745,1.5549698537455745,0.4450301462544255,1.0,0.0,1.0,0.0,10,0,11,0,11,8,10,10,0.08596708625555038,0.05,,,,,,,,,,,0.4064466810807744,0.7256581948544853
2645,train-load-0.8-scenario-268,0.8,0.7014267142857142,0.5545946428571428,0.7014267142857142,16.213830112290633,1.040447592400448,0.6262190742662185,0.9166666666666666,0.08333333333333333,0.9166666666666666,0.08333333333333333,11,1,11,1,12,7,12,11,0.4083384871482849,0.05,,,,,,,,,,,0.4064466810807744,0.7256581948544853
2646,train-load-0.5-scenario-6-retry-7,0.5,0.4,0.3333333333333333,0.4,26.955792144731774,1.7124495160782611,0.28755048392173893,1.0,0.0,1.0,0.0,16,0,16,0,16,8,16,16,0.247507706284523,0.05,,,,,,,,,,,0.4064466810807744,0.7256581948544853
2647,train-load-1.0-scenario-662,1.0,1.0857142857142856,0.5357142857142857,1.0857142857142856,0.014766781140498342,-1.012403201153194,0.21240320115319422,0.3,0.7,0.3,0.7,3,7,3,7,10,7,10,3,0.405224084854126,0.05,,,,,,,,,,,0.4064466810807744,0.7256581948544853
2648,train-load-0.6-scenario-443-retry-2,0.6,0.6875,0.1375,0.6875,9.399949363632127,0.29699155064061644,0.6120993584502927,0.7272727272727273,0.2727272727272727,0.7272727272727273,0.2727272727272727,8,3,8,3,11,8,11,8,0.28720325231552124,0.05,,,,,,,,,,,0.4064466810807744,0.7256581948544853
2649,train-load-0.5-scenario-588-retry-4,0.5,0.5625,0.425,0.5625,18.65622345736242,1.4635895382567408,0.5364104617432593,1.0,0.0,1.0,0.0,11,0,11,0,11,8,11,11,0.2539418339729309,0.05,,,,,,,,,,,0.4064466810807744,0.7256581948544853
2650,train-load-0.6-scenario-240,0.6,0.7142857142857143,0.42857142857142855,0.7142857142857143,12.513553699929158,0.4604693112717242,0.6164537656513528,0.7692307692307693,0.23076923076923078,0.7692307692307693,0.23076923076923078,10,3,10,3,13,7,13,10,0.3454493284225464,0.05,,,,,,,,,,,0.4064466810807744,0.7256581948544853
2651,train-load-0.8-scenario-105,0.8,0.7500397142857143,0.4761309523809524,0.7500397142857143,13.444522050956532,0.9998939110513549,0.6001060889486451,0.9,0.1,0.9090909090909091,0.09090909090909091,9,1,10,1,11,7,10,9,0.2520017921924591,0.05,,,,,,,,,,,0.4064466810807744,0.7256581948544853
2652,train-load-0.7-scenario-610,0.7,0.7285714285714285,0.7142857142857143,0.7285714285714285,17.65643966232101,1.7236402876280068,0.2763597123719931,1.0,0.0,1.0,0.0,9,0,12,0,12,7,9,9,0.19991984963417053,0.05,,,,,,,,,,,0.4064466810807744,0.7256581948544853
2653,train-load-0.8-scenario-338,0.8,0.717834,0.5648741666666667,0.717834,8.669153629342425,0.5617103307703397,0.9382896692296603,0.875,0.125,0.7777777777777778,0.2222222222222222,7,1,7,2,9,5,8,7,0.23836477100849152,0.05,,,,,,,,,,,0.4064466810807744,0.7256581948544853
2654,train-load-0.5-scenario-67,0.5,0.6145955,0.4305104166666667,0.6145955,5.9730711320391485,1.134266583402035,0.8657334165979651,1.0,0.0,1.0,0.0,3,0,5,0,5,4,3,3,0.4723290205001831,0.05,,,,,,,,,,,0.4064466810807744,0.7256581948544853
2655,train-load-0.7-scenario-695-retry-2,0.7,0.7666666666666667,0.7666666666666667,0.6333333333333333,20.084267670488583,1.2720020704853257,0.4422836438003887,0.9285714285714286,0.07142857142857142,0.9285714285714286,0.07142857142857142,13,1,13,1,14,6,14,13,0.3762452304363251,0.05,,,,,,,,,,,0.4064466810807744,0.7256581948544853
2656,train-load-1.0-scenario-129,1.0,0.8865051666666667,0.84322875,0.8865051666666667,12.587465450678017,0.569510302270861,0.4304896977291389,0.75,0.25,0.7142857142857143,0.2857142857142857,9,3,10,4,14,6,12,9,0.26551973819732666,0.05,,,,,,,,,,,0.4064466810807744,0.7256581948544853
2657,train-load-0.7-scenario-547,0.7,0.5961098958333334,0.5961098958333334,0.5865726250000001,22.580977366025827,1.4672616802426546,0.5327383197573454,1.0,0.0,1.0,0.0,14,0,14,0,14,8,14,14,0.3613411486148834,0.05,,,,,,,,,,,0.4064466810807744,0.7256581948544853
2658,train-load-0.9-scenario-0-retry-6,0.9,0.95,0.76,0.95,11.800467872795515,0.45029366623939193,0.3189371029913773,0.6923076923076923,0.3076923076923077,0.6923076923076923,0.3076923076923077,9,4,9,4,13,5,13,9,0.2252747118473053,0.05,,,,,,,,,,,0.4064466810807744,0.7256581948544853
2659,train-load-1.0-scenario-716-retry-9,1.0,0.95,0.7125,0.95,9.202593926761121,-0.3006415939577013,0.40590475185243813,0.5263157894736842,0.47368421052631576,0.5263157894736842,0.47368421052631576,10,9,10,9,19,8,19,10,0.32275423407554626,0.05,,,,,,,,,,,0.4064466810807744,0.7256581948544853
2660,train-load-0.7-scenario-372,0.7,0.641632,0.43883875000000006,0.641632,3.4771460954748536,0.18481099420487979,1.0151890057951203,0.8,0.2,0.8,0.2,4,1,4,1,5,4,5,4,0.3607664108276367,0.05,,,,,,,,,,,0.4064466810807744,0.7256581948544853
2661,train-load-0.8-scenario-301,0.8,0.75373575,0.44700468750000005,0.75373575,14.459376715654635,0.7169654196937398,0.6676499649216447,0.8461538461538461,0.15384615384615385,0.8461538461538461,0.15384615384615385,11,2,11,2,13,8,13,11,0.19589263200759888,0.05,,,,,,,,,,,0.4064466810807744,0.7256581948544853
2662,train-load-0.9-scenario-425,0.9,0.95,0.5208333333333334,0.95,11.548486908707112,0.7361300739297735,0.4638699260702265,0.8,0.2,0.75,0.25,8,2,12,4,16,8,10,8,0.2000690996646881,0.05,,,,,,,,,,,0.4064466810807744,0.7256581948544853
2663,train-hard-8gpu-16pod-1vgpu,0.5,0.5,0.3333333333333333,0.5,25.36185098701667,1.5387055078389387,0.46129449216106144,1.0,0.0,1.0,0.0,16,0,16,0,16,8,16,16,0.37395837903022766,0.05,,,,,,,,,,,0.4064466810807744,0.7256581948544853
2664,train-load-0.6-scenario-226-retry-1,0.6,0.6,0.5,0.6,8.433222008564755,0.014383773351568152,0.6522828933150985,0.6666666666666666,0.3333333333333333,0.6666666666666666,0.3333333333333333,8,4,8,4,12,8,12,8,0.45455706119537354,0.05,,,,,,,,,,,0.4064466810807744,0.7256581948544853
2665,train-load-0.5-scenario-195,0.5,0.5833333333333334,0.4666666666666667,0.5833333333333334,23.850127416341504,1.6519668404665002,0.3480331595334998,1.0,0.0,1.0,0.0,14,0,14,0,14,6,14,14,0.23644933104515076,0.05,,,,,,,,,,,0.4064466810807744,0.7256581948544853
2666,train-load-1.0-scenario-649,1.0,0.9441821666666668,0.8490222222222221,0.9441821666666668,14.042556971300455,0.8365816347782253,0.49675169855510815,0.8333333333333334,0.16666666666666666,0.7333333333333333,0.26666666666666666,10,2,11,4,15,6,12,10,0.35683396458625793,0.05,,,,,,,,,,,0.4064466810807744,0.7256581948544853
2667,train-load-0.6-scenario-483,0.6,0.5671127083333333,0.5671127083333333,0.4280761666666667,13.379576821700041,1.253859403154221,0.746140596845779,1.0,0.0,1.0,0.0,8,0,9,0,9,6,8,8,0.3881862163543701,0.05,,,,,,,,,,,0.4064466810807744,0.7256581948544853
2668,train-load-0.6-scenario-223,0.6,0.4857142857142857,0.4166666666666667,0.4857142857142857,19.173598228451148,1.2053309796795022,0.7946690203204978,1.0,0.0,1.0,0.0,13,0,13,0,13,7,13,13,0.3282736539840698,0.05,,,,,,,,,,,0.4064466810807744,0.7256581948544853
2669,train-load-0.9-scenario-674,0.9,0.83769625,0.6754953125000001,0.83769625,1.0683098934269586,-0.42431551103111975,1.0909821776977864,0.6666666666666666,0.3333333333333333,0.5,0.5,4,2,4,4,8,4,6,4,0.43950602412223816,0.05,,,,,,,,,,,0.4064466810807744,0.7256581948544853
2670,train-load-0.5-scenario-455,0.5,0.4,0.3333333333333333,0.4,25.497330808498553,1.4734057131992837,0.5265942868007164,1.0,0.0,1.0,0.0,16,0,16,0,16,8,16,16,0.18343809247016907,0.05,,,,,,,,,,,0.4064466810807744,0.7256581948544853
2671,train-load-1.0-scenario-358,1.0,0.9035402857142857,0.7456953571428572,0.9035402857142857,8.794777597713004,-0.12332412691549899,0.9804669840583562,0.7142857142857143,0.2857142857142857,0.625,0.375,10,4,10,6,16,7,14,10,0.25195586681365967,0.05,,,,,,,,,,,0.4064466810807744,0.7256581948544853
2672,train-load-0.7-scenario-661,0.7,0.7428571428571429,0.7428571428571429,0.37142857142857144,15.353248154616828,0.8336319983800575,0.550983386235327,0.8461538461538461,0.15384615384615385,0.8461538461538461,0.15384615384615385,11,2,11,2,13,7,13,11,0.22629794478416443,0.05,,,,,,,,,,,0.4064466810807744,0.7256581948544853
2673,train-load-0.9-scenario-627-retry-3,0.9,1.0,1.0,0.42,3.856359821836981,-0.24306392955931622,0.46528615178153854,0.5555555555555556,0.4444444444444444,0.5555555555555556,0.4444444444444444,5,4,5,4,9,5,9,5,0.2704969644546509,0.05,,,,,,,,,,,0.4064466810807744,0.7256581948544853
2674,train-load-0.7-scenario-747,0.7,0.8,0.6,0.8,8.291504824394977,0.5132814143745041,0.48671858562549586,0.75,0.25,0.75,0.25,6,2,6,2,8,4,8,6,0.34214743971824646,0.05,,,,,,,,,,,0.4064466810807744,0.7256581948544853
2675,train-load-0.5-scenario-612-retry-1,0.5,0.4523809523809524,0.4523809523809524,0.42857142857142855,16.076292899807317,1.4768486451141922,0.5231513548858077,1.0,0.0,1.0,0.0,9,0,9,0,9,7,9,9,0.3697308301925659,0.05,,,,,,,,,,,0.4064466810807744,0.7256581948544853
2676,train-load-0.6-scenario-133,0.6,0.5784358749999999,0.43757,0.5784358749999999,16.968719685815945,1.2645999284648335,0.7354000715351666,1.0,0.0,1.0,0.0,11,0,11,0,11,8,11,11,0.2168344259262085,0.05,,,,,,,,,,,0.4064466810807744,0.7256581948544853
2677,train-hard-4gpu-12pod-small,0.375,0.375,0.25,0.375,22.316746824526945,1.875,0.125,1.0,0.0,1.0,0.0,12,0,12,0,12,4,12,12,0.2599565088748932,0.05,,,,,,,,,,,0.4064466810807744,0.7256581948544853
2678,train-load-0.5-scenario-77-retry-1,0.5,0.5214285714285715,0.4857142857142857,0.5214285714285715,17.19583350248959,1.6818848153378436,0.31811518466215644,1.0,0.0,1.0,0.0,9,0,9,0,9,7,9,9,0.37370848655700684,0.05,,,,,,,,,,,0.4064466810807744,0.7256581948544853
2679,train-load-0.5-scenario-324,0.5,0.5307028,0.2753591666666667,0.5307028,9.214156027166648,1.4267007673649765,0.5732992326350235,1.0,0.0,1.0,0.0,4,0,5,0,5,5,4,4,0.34989267587661743,0.05,,,,,,,,,,,0.4064466810807744,0.7256581948544853
2680,train-load-0.5-scenario-21,0.5,0.5625,0.25,0.5625,16.421366195713752,1.3757913413556935,0.6242086586443064,1.0,0.0,1.0,0.0,10,0,10,0,10,8,10,10,0.3552877604961395,0.05,,,,,,,,,,,0.4064466810807744,0.7256581948544853
2681,train-load-0.8-scenario-270,0.8,0.706301,0.5712328125,0.706301,5.371475534847711,0.4350582915328528,0.7649417084671473,0.8,0.2,0.6666666666666666,0.3333333333333333,4,1,4,2,6,4,5,4,0.2208888679742813,0.05,,,,,,,,,,,0.4064466810807744,0.7256581948544853
2682,train-load-0.7-scenario-337,0.7,0.7128848000000001,0.611246,0.7128848000000001,13.741487659627971,1.0113461248096083,0.5886538751903917,0.9,0.1,0.9,0.1,9,1,9,1,10,5,10,9,0.3120257258415222,0.05,,,,,,,,,,,0.4064466810807744,0.7256581948544853
2683,train-load-0.8-scenario-490-retry-4,0.8,0.9166666666666666,0.9166666666666666,0.55,15.478519917302552,0.10611979632718416,0.43933474912736126,0.6363636363636364,0.36363636363636365,0.6363636363636364,0.36363636363636365,14,8,14,8,22,8,22,14,0.2240055948495865,0.05,,,,,,,,,,,0.4064466810807744,0.7256581948544853
2684,train-load-1.0-scenario-522,1.0,0.945913,0.7426665,0.945913,8.272734002598046,0.3716498333650542,0.739461277746057,0.7777777777777778,0.2222222222222222,0.7,0.3,7,2,7,3,10,5,9,7,0.2308233380317688,0.05,,,,,,,,,,,0.4064466810807744,0.7256581948544853
2685,train-load-0.7-scenario-435-retry-2,0.7,0.6875,0.6875,0.6875,11.282823314220094,0.6047296033583285,0.3043613057325806,0.7272727272727273,0.2727272727272727,0.7272727272727273,0.2727272727272727,8,3,8,3,11,8,11,8,0.3786475360393524,0.05,,,,,,,,,,,0.4064466810807744,0.7256581948544853
2686,train-load-0.8-scenario-619,0.8,0.9166666666666666,0.9166666666666666,0.18333333333333332,4.079322592094266,-0.4156764230905954,0.5974946049087771,0.5454545454545454,0.45454545454545453,0.5454545454545454,0.45454545454545453,6,5,6,5,11,6,11,6,0.4296625554561615,0.05,,,,,,,,,,,0.4064466810807744,0.7256581948544853
2687,train-load-0.5-scenario-156,0.5,0.45343266666666665,0.3171485416666667,0.45343266666666665,9.62225692135007,1.2399575834578078,0.7600424165421922,1.0,0.0,1.0,0.0,5,0,5,0,5,6,5,5,0.21887043118476868,0.05,,,,,,,,,,,0.4064466810807744,0.7256581948544853
2688,train-load-0.8-scenario-523,0.8,0.7083333333333334,0.7083333333333334,0.40625,21.520723351131505,1.5296579625100102,0.4703420374899897,1.0,0.0,1.0,0.0,13,0,13,0,13,8,13,13,0.39889809489250183,0.05,,,,,,,,,,,0.4064466810807744,0.7256581948544853
2689,train-load-0.5-scenario-598,0.5,0.53715625,0.53715625,0.35831,10.553041587971295,1.4535911594328659,0.5464088405671341,1.0,0.0,1.0,0.0,5,0,5,0,5,4,5,5,0.20718899369239807,0.05,,,,,,,,,,,0.4064466810807744,0.7256581948544853
2690,train-load-0.6-scenario-623-retry-1,0.6,0.6944444444444444,0.6944444444444444,0.5,16.350477443197413,1.3769770615082961,0.6230229384917039,1.0,0.0,1.0,0.0,10,0,10,0,10,6,10,10,0.3218851089477539,0.05,,,,,,,,,,,0.4064466810807744,0.7256581948544853
2691,train-load-1.0-scenario-344,1.0,1.04375,1.0416666666666667,1.04375,6.423861291862471,-0.3639095707966127,0.49724290412994593,0.5333333333333333,0.4666666666666667,0.4444444444444444,0.5555555555555556,8,7,8,10,18,8,15,8,0.33162790536880493,0.05,,,,,,,,,,,0.4064466810807744,0.7256581948544853
2692,train-load-0.9-scenario-266,0.9,1.0,0.3333333333333333,1.0,3.5235399055279353,-0.5698546447923107,0.5698546447923107,0.5,0.5,0.5,0.5,6,6,6,6,12,6,12,6,0.5640769004821777,0.05,,,,,,,,,,,0.4064466810807744,0.7256581948544853
2693,train-load-0.6-scenario-555-retry-2,0.6,0.69375,0.20625,0.69375,11.239271721274584,0.8055356020289822,0.7500199535265732,0.8888888888888888,0.1111111111111111,0.8888888888888888,0.1111111111111111,8,1,8,1,9,8,9,8,0.3259448707103729,0.05,,,,,,,,,,,0.4064466810807744,0.7256581948544853
2694,train-load-0.5-scenario-115-retry-1,0.5,0.5207981428571429,0.2868860119047619,0.5207981428571429,9.235859622407379,0.9842416937979757,1.0157583062020243,1.0,0.0,1.0,0.0,6,0,7,0,7,7,6,6,0.36998146772384644,0.05,,,,,,,,,,,0.4064466810807744,0.7256581948544853
2695,train-load-0.6-scenario-169,0.6,0.5157738571428572,0.49598392857142853,0.5157738571428572,11.79257039451796,0.8623771931554866,0.6931783624000689,0.8888888888888888,0.1111111111111111,0.8,0.2,8,1,8,2,10,7,9,8,0.2772034704685211,0.05,,,,,,,,,,,0.4064466810807744,0.7256581948544853
2696,train-load-1.0-scenario-656-retry-1,1.0,0.904381,0.6516895833333334,0.904381,8.08901870009975,0.01701815032663434,0.6496485163400323,0.6666666666666666,0.3333333333333333,0.6666666666666666,0.3333333333333333,8,4,10,5,15,7,12,8,0.18529582023620605,0.05,,,,,,,,,,,0.4064466810807744,0.7256581948544853
2697,train-load-0.9-scenario-15,0.9,0.8,0.6666666666666666,0.8,12.336147284182418,0.835171131839428,0.36482886816057214,0.8,0.2,0.8,0.2,8,2,8,2,10,6,10,8,0.21584169566631317,0.05,,,,,,,,,,,0.4064466810807744,0.7256581948544853
2698,train-load-0.9-scenario-538,0.9,0.8109675999999999,0.6013016666666666,0.8109675999999999,11.019838261242448,0.9612582061284216,0.5387417938715784,0.875,0.125,0.7777777777777778,0.2222222222222222,7,1,7,2,9,5,8,7,0.5050944685935974,0.05,,,,,,,,,,,0.4064466810807744,0.7256581948544853
2699,train-load-0.6-scenario-215,0.6,0.52580225,0.24769010416666667,0.52580225,9.91770231444634,1.335744855765264,0.664255144234736,1.0,0.0,1.0,0.0,5,0,7,0,7,8,5,5,0.27494868636131287,0.05,,,,,,,,,,,0.4064466810807744,0.7256581948544853
2700,train-load-0.7-scenario-31-retry-1,0.7,0.8,0.5,0.8,1.847241518548469,-0.5749670039968164,0.5749670039968164,0.5,0.5,0.5,0.5,4,4,4,4,8,6,8,4,0.45635515451431274,0.05,0.3694045423399253,0.5375005585266279,0.7267262752166385,0.2732737247833617,0.7117028067371862,0.2882971932628139,0.6619273175302492,0.6849564813182338,0.2793112815291784,0.7144904355034472,0.4064466810807744,0.7256581948544853
2701,train-load-0.7-scenario-556,0.7,0.6196634,0.3607829166666667,0.6196634,10.940560192477578,1.534736709295366,0.4652632907046338,1.0,0.0,1.0,0.0,5,0,7,0,7,5,5,5,0.18698462843894958,0.05,,,,,,,,,,,0.4064466810807744,0.7256581948544853
2702,train-load-0.7-scenario-123-retry-5,0.7,0.5833333333333334,0.5833333333333334,0.5571428571428572,22.92733635705623,1.5485314394494258,0.4514685605505742,1.0,0.0,1.0,0.0,14,0,14,0,14,7,14,14,0.34248989820480347,0.05,,,,,,,,,,,0.4064466810807744,0.7256581948544853
2703,train-load-0.5-scenario-218,0.5,0.5928571428571429,0.4523809523809524,0.5928571428571429,4.6553540274343685,-0.07283393316292353,0.5728339331629235,0.625,0.375,0.625,0.375,5,3,5,3,8,7,8,5,0.3902706503868103,0.05,,,,,,,,,,,0.4064466810807744,0.7256581948544853
2704,train-load-1.0-scenario-734-retry-5,1.0,1.0625,0.53125,1.0625,5.649171672295377,-0.5909585516197297,0.4733114927962002,0.47058823529411764,0.5294117647058824,0.47058823529411764,0.5294117647058824,8,9,8,9,17,8,17,8,0.23045840859413147,0.05,,,,,,,,,,,0.4064466810807744,0.7256581948544853
2705,train-load-0.5-scenario-109,0.5,0.40625,0.08125,0.40625,20.348938550272504,1.3535908056482409,0.6464091943517591,1.0,0.0,1.0,0.0,13,0,13,0,13,8,13,13,0.24216076731681824,0.05,,,,,,,,,,,0.4064466810807744,0.7256581948544853
2706,train-load-0.9-scenario-162-retry-1,0.9,1.0,0.8333333333333334,1.0,3.370293298286926,-0.46353207047458855,0.46353207047458855,0.5,0.5,0.5,0.5,5,5,5,5,10,4,10,5,0.24595455825328827,0.05,,,,,,,,,,,0.4064466810807744,0.7256581948544853
2707,train-load-0.7-scenario-347,0.7,0.65,0.52,0.65,22.46489328013225,1.6418801522438822,0.3581198477561178,1.0,0.0,1.0,0.0,13,0,13,0,13,5,13,13,0.2901344895362854,0.05,,,,,,,,,,,0.4064466810807744,0.7256581948544853
2708,train-load-0.6-scenario-159-retry-1,0.6,0.6666666666666666,0.06666666666666667,0.6666666666666666,7.14068131130524,0.36531429967562257,0.6346857003243774,0.75,0.25,0.75,0.25,6,2,6,2,8,6,8,6,0.28676551580429077,0.05,,,,,,,,,,,0.4064466810807744,0.7256581948544853
2709,train-load-0.9-scenario-36,0.9,0.87,0.36,0.87,8.93552864884322,0.4869345996992014,0.6241765114119098,0.7777777777777778,0.2222222222222222,0.7777777777777778,0.2222222222222222,7,2,7,2,9,5,9,7,0.2470759004354477,0.05,,,,,,,,,,,0.4064466810807744,0.7256581948544853
2710,train-hard-4gpu-4pod-1vgpu,0.25,0.25,0.16666666666666666,0.25,11.544497883017963,1.9166666666666665,0.08333333333333337,1.0,0.0,1.0,0.0,4,0,4,0,4,4,4,4,0.23782500624656677,0.05,,,,,,,,,,,0.4064466810807744,0.7256581948544853
2711,train-load-0.5-scenario-603,0.5,0.6,0.6,0.5,15.881915408801397,1.616341680109993,0.3836583198900069,1.0,0.0,1.0,0.0,8,0,8,0,8,4,8,8,0.334262490272522,0.05,,,,,,,,,,,0.4064466810807744,0.7256581948544853
2712,train-load-0.9-scenario-184,0.9,0.8547636666666667,0.5821611111111111,0.8547636666666667,7.500389245353724,0.2659153604191865,0.8451957506919247,0.7777777777777778,0.2222222222222222,0.7272727272727273,0.2727272727272727,7,2,8,3,11,6,9,7,0.4188951849937439,0.05,,,,,,,,,,,0.4064466810807744,0.7256581948544853
2713,train-load-1.0-scenario-457,1.0,0.9011321250000001,0.81380625,0.9011321250000001,20.233475759709037,0.8713373169502521,0.4619960163830813,0.8333333333333334,0.16666666666666666,0.8,0.2,15,3,16,4,20,8,18,15,0.3639574944972992,0.05,,,,,,,,,,,0.4064466810807744,0.7256581948544853
2714,train-load-0.6-scenario-367-retry-1,0.6,0.7,0.6666666666666666,0.7,15.297122898398754,0.9563570403388122,0.3769762929945213,0.8333333333333334,0.16666666666666666,0.8333333333333334,0.16666666666666666,10,2,10,2,12,8,12,10,0.227317214012146,0.05,,,,,,,,,,,0.4064466810807744,0.7256581948544853
2715,train-load-1.0-scenario-639-retry-1,1.0,1.0833333333333333,1.0833333333333333,0.8666666666666667,4.879930749732836,-0.40787328439342274,0.25402713054726894,0.46153846153846156,0.5384615384615384,0.46153846153846156,0.5384615384615384,6,7,6,7,13,6,13,6,0.32212698459625244,0.05,,,,,,,,,,,0.4064466810807744,0.7256581948544853
2716,train-load-0.5-scenario-343-retry-1,0.5,0.5714285714285714,0.18571428571428572,0.5714285714285714,13.38078628226232,1.2958963695446877,0.7041036304553122,1.0,0.0,1.0,0.0,8,0,8,0,8,7,8,8,0.1738027036190033,0.05,,,,,,,,,,,0.4064466810807744,0.7256581948544853
2717,train-hard-4gpu-8pod-1vgpu,0.5,0.5,0.3333333333333333,0.5,14.826750331841652,1.5387055078389387,0.46129449216106144,1.0,0.0,1.0,0.0,8,0,8,0,8,4,8,8,0.12651664018630981,0.05,,,,,,,,,,,0.4064466810807744,0.7256581948544853
2718,train-load-1.0-scenario-395-retry-3,1.0,1.1111111111111112,1.1111111111111112,1.1,2.7466606383721044,-0.7772664932083864,0.6234203393622326,0.46153846153846156,0.5384615384615384,0.46153846153846156,0.5384615384615384,6,7,6,7,13,6,13,6,0.4078395962715149,0.05,,,,,,,,,,,0.4064466810807744,0.7256581948544853
2719,train-load-0.7-scenario-613,0.7,0.6224358571428572,0.34690654761904766,0.6224358571428572,9.757762089020915,0.7301088640949811,0.7698911359050189,0.875,0.125,0.7777777777777778,0.2222222222222222,7,1,7,2,9,7,8,7,0.3585881292819977,0.05,,,,,,,,,,,0.4064466810807744,0.7256581948544853
2720,train-load-1.0-scenario-104,1.0,0.8820842857142857,0.7503479166666667,0.8820842857142857,7.034555396308205,-0.18691685631240673,0.8535835229790734,0.6666666666666666,0.3333333333333333,0.6,0.4,8,4,9,6,15,7,12,8,0.5740376710891724,0.05,,,,,,,,,,,0.4064466810807744,0.7256581948544853
2721,train-load-1.0-scenario-419-retry-1,1.0,1.0833333333333333,1.0833333333333333,0.9,9.384625244107747,0.6380748230750584,0.3619251769249416,0.75,0.25,0.6666666666666666,0.3333333333333333,6,2,8,4,12,4,8,6,0.23306988179683685,0.05,,,,,,,,,,,0.4064466810807744,0.7256581948544853
2722,train-load-0.7-scenario-20,0.7,0.6405185999999999,0.47952249999999996,0.6405185999999999,13.380267731333793,1.5118684987517492,0.4881315012482507,1.0,0.0,1.0,0.0,7,0,8,0,8,5,7,7,0.26279640197753906,0.05,,,,,,,,,,,0.4064466810807744,0.7256581948544853
2723,train-load-0.7-scenario-468,0.7,0.6,0.48,0.6,21.508669545351907,1.7225120447397901,0.2774879552602098,1.0,0.0,1.0,0.0,12,0,12,0,12,5,12,12,0.12410344928503036,0.05,,,,,,,,,,,0.4064466810807744,0.7256581948544853
2724,train-load-0.8-scenario-376,0.8,0.7702196,0.40876250000000003,0.7702196,10.913362127470304,0.9335821329789069,0.5664178670210932,0.875,0.125,0.875,0.125,7,1,7,1,8,5,8,7,0.3010018765926361,0.05,,,,,,,,,,,0.4064466810807744,0.7256581948544853
2725,train-load-0.5-scenario-213,0.5,0.4731765714285714,0.3396738095238095,0.4731765714285714,13.871971305997441,1.355823779917052,0.644176220082948,1.0,0.0,1.0,0.0,8,0,8,0,8,7,8,8,0.2763064205646515,0.05,,,,,,,,,,,0.4064466810807744,0.7256581948544853
2726,train-load-0.9-scenario-422,0.9,0.796934,0.7276170138888889,0.796934,17.040371074731745,1.047756572916627,0.3368588116987577,0.8461538461538461,0.15384615384615385,0.8461538461538461,0.15384615384615385,11,2,11,2,13,6,13,11,0.33050060272216797,0.05,,,,,,,,,,,0.4064466810807744,0.7256581948544853
2727,train-load-1.0-scenario-747,1.0,0.97327575,0.60627,0.97327575,5.753845280420608,0.2305132702359436,0.6266295869069136,0.7142857142857143,0.2857142857142857,0.625,0.375,5,2,5,3,8,4,7,5,0.4701926112174988,0.05,,,,,,,,,,,0.4064466810807744,0.7256581948544853
2728,train-load-0.8-scenario-226,0.8,0.8125,0.7083333333333334,0.8125,10.20131805786393,0.8633594598232239,0.13664054017677607,0.75,0.25,0.75,0.25,6,2,6,2,8,4,8,6,0.29884031414985657,0.05,,,,,,,,,,,0.4064466810807744,0.7256581948544853
2729,train-load-0.6-scenario-67,0.6,0.6078688,0.46913449999999995,0.6078688,14.076700577251657,1.3982404666802013,0.6017595333197987,1.0,0.0,1.0,0.0,8,0,8,0,8,5,8,8,0.4009740948677063,0.05,,,,,,,,,,,0.4064466810807744,0.7256581948544853
2730,train-load-0.5-scenario-663,0.5,0.4721895,0.31028625,0.4721895,7.459469421320074,1.33631498225322,0.6636850177467799,1.0,0.0,1.0,0.0,3,0,4,0,4,4,3,3,0.44050198793411255,0.05,,,,,,,,,,,0.4064466810807744,0.7256581948544853
2731,train-load-0.7-scenario-214,0.7,0.6296776666666667,0.5759814583333333,0.6296776666666667,16.342875572679855,1.3446059428434656,0.6553940571565344,1.0,0.0,1.0,0.0,10,0,10,0,10,6,10,10,0.19404363632202148,0.05,,,,,,,,,,,0.4064466810807744,0.7256581948544853
2732,train-load-0.7-scenario-660,0.7,0.60458796875,0.60458796875,0.540320625,14.72503937909703,0.7418975226773092,0.6427178619380753,0.8461538461538461,0.15384615384615385,0.8461538461538461,0.15384615384615385,11,2,11,2,13,8,13,11,0.19504743814468384,0.05,,,,,,,,,,,0.4064466810807744,0.7256581948544853
2733,train-hard-4gpu-4pod-1vgpu,0.25,0.25,0.16666666666666666,0.25,11.544497883017963,1.9166666666666665,0.08333333333333337,1.0,0.0,1.0,0.0,4,0,4,0,4,4,4,4,0.38252589106559753,0.05,,,,,,,,,,,0.4064466810807744,0.7256581948544853
2734,train-load-0.7-scenario-64,0.7,0.6146522,0.39004583333333337,0.6146522,10.450397508918648,1.2380540141419776,0.7619459858580224,1.0,0.0,1.0,0.0,6,0,6,0,6,5,6,6,0.2934390902519226,0.05,,,,,,,,,,,0.4064466810807744,0.7256581948544853
2735,train-load-0.6-scenario-404-retry-1,0.6,0.62,0.62,0.51,16.30988118246465,1.76188825225702,0.23811174774297994,1.0,0.0,1.0,0.0,8,0,9,0,9,5,8,8,0.4495658874511719,0.05,,,,,,,,,,,0.4064466810807744,0.7256581948544853
2736,train-load-1.0-scenario-731,1.0,0.9368615,0.5931182291666667,0.9368615,9.02316353469227,0.8063633409077763,0.6222080876636522,0.8571428571428571,0.14285714285714285,0.75,0.25,6,1,6,2,8,4,7,6,0.26418066024780273,0.05,,,,,,,,,,,0.4064466810807744,0.7256581948544853
2737,train-load-1.0-scenario-97-retry-1,1.0,0.9146916,0.5004108333333334,0.9146916,10.74651197244939,0.9015438871982253,0.5984561128017747,0.875,0.125,0.7777777777777778,0.2222222222222222,7,1,7,2,9,5,8,7,0.355449378490448,0.05,,,,,,,,,,,0.4064466810807744,0.7256581948544853
2738,train-load-1.0-scenario-657-retry-1,1.0,0.9583333333333334,0.38333333333333336,0.9583333333333334,19.722305932093597,0.34001120527157824,0.6165105338588565,0.7391304347826086,0.2608695652173913,0.7391304347826086,0.2608695652173913,17,6,17,6,23,6,23,17,0.1726035177707672,0.05,,,,,,,,,,,0.4064466810807744,0.7256581948544853
2739,train-load-0.7-scenario-6,0.7,0.6024875000000001,0.31646145833333333,0.6024875000000001,8.948508983029402,1.1518118940737254,0.8481881059262746,1.0,0.0,1.0,0.0,5,0,5,0,5,4,5,5,0.23469167947769165,0.05,,,,,,,,,,,0.4064466810807744,0.7256581948544853
2740,train-load-0.8-scenario-668,0.8,0.6982851250000001,0.354703125,0.6982851250000001,16.58584781640749,1.4199966074279038,0.5800033925720962,1.0,0.0,1.0,0.0,10,0,11,0,11,8,10,10,0.3060947060585022,0.05,,,,,,,,,,,0.4064466810807744,0.7256581948544853
2741,train-load-0.7-scenario-421,0.7,0.6190476190476191,0.6190476190476191,0.35714285714285715,16.721859824864485,1.3993753990748856,0.6006246009251144,1.0,0.0,1.0,0.0,10,0,10,0,10,7,10,10,0.2949044704437256,0.05,,,,,,,,,,,0.4064466810807744,0.7256581948544853
2742,train-load-0.6-scenario-517,0.6,0.6666666666666666,0.1111111111111111,0.6666666666666666,7.2973239445685225,0.40361506474004627,0.5963849352599537,0.75,0.25,0.75,0.25,6,2,6,2,8,6,8,6,0.3408934772014618,0.05,,,,,,,,,,,0.4064466810807744,0.7256581948544853
2743,train-load-0.6-scenario-229,0.6,0.5216336666666667,0.3380208333333333,0.5216336666666667,9.008176045262164,1.3793129982353936,0.6206870017646064,1.0,0.0,1.0,0.0,4,0,6,0,6,6,4,4,0.33898067474365234,0.05,,,,,,,,,,,0.4064466810807744,0.7256581948544853
2744,train-load-1.0-scenario-117,1.0,0.8924694285714286,0.7082464285714286,0.8924694285714286,14.271488674089063,0.42148708875842167,0.5785129112415783,0.75,0.25,0.75,0.25,12,4,12,4,16,7,16,12,0.45716556906700134,0.05,,,,,,,,,,,0.4064466810807744,0.7256581948544853
2745,train-load-0.6-scenario-208,0.6,0.5347222222222222,0.5347222222222222,0.38333333333333336,22.199989138255336,1.3735482363836566,0.6264517636163432,1.0,0.0,1.0,0.0,14,0,14,0,14,6,14,14,0.238081693649292,0.05,,,,,,,,,,,0.4064466810807744,0.7256581948544853
2746,train-load-1.0-scenario-382-retry-8,1.0,0.88,0.66,0.88,22.8434135335007,0.808387166845866,0.2825219240632249,0.7727272727272727,0.22727272727272727,0.7727272727272727,0.22727272727272727,17,5,17,5,22,5,22,17,0.3128224015235901,0.05,,,,,,,,,,,0.4064466810807744,0.7256581948544853
2747,train-load-0.6-scenario-417-retry-4,0.6,0.5,0.3869047619047619,0.5,17.77047313601445,1.5292124376175038,0.4707875623824961,1.0,0.0,1.0,0.0,10,0,10,0,10,7,10,10,0.2509058117866516,0.05,,,,,,,,,,,0.4064466810807744,0.7256581948544853
2748,train-load-1.0-scenario-530-retry-3,1.0,1.0,0.4,1.0,10.279396928692675,-0.025056957751231068,0.5250569577512311,0.625,0.375,0.625,0.375,10,6,10,6,16,4,16,10,0.33364999294281006,0.05,,,,,,,,,,,0.4064466810807744,0.7256581948544853
2749,train-load-0.7-scenario-319,0.7,0.6573388333333333,0.35690041666666666,0.6573388333333333,8.883954888448287,0.7415554362975508,0.6870159922738776,0.8571428571428571,0.14285714285714285,0.75,0.25,6,1,6,2,8,6,7,6,0.07723572105169296,0.05,,,,,,,,,,,0.4064466810807744,0.7256581948544853
2750,train-load-0.6-scenario-222-retry-3,0.6,0.4857142857142857,0.4857142857142857,0.24285714285714285,26.92258385910061,1.4846940949168599,0.5153059050831401,1.0,0.0,1.0,0.0,17,0,17,0,17,7,17,17,0.21522916853427887,0.05,,,,,,,,,,,0.4064466810807744,0.7256581948544853
2751,train-load-0.6-scenario-742-retry-1,0.6,0.6666666666666666,0.6666666666666666,0.4,7.204490700143395,0.30315313085461515,0.6968468691453849,0.75,0.25,0.75,0.25,6,2,6,2,8,8,8,6,0.43809133768081665,0.05,,,,,,,,,,,0.4064466810807744,0.7256581948544853
2752,train-load-0.9-scenario-93,0.9,0.8077872,0.49993375,0.8077872,8.737578857514993,0.5093930904566408,0.6017180206544703,0.7777777777777778,0.2222222222222222,0.7777777777777778,0.2222222222222222,7,2,7,2,9,5,9,7,0.46068787574768066,0.05,,,,,,,,,,,0.4064466810807744,0.7256581948544853
2753,train-load-0.9-scenario-545,0.9,1.0,0.5,1.0,2.4458251036242498,-0.4459148405218579,0.4459148405218579,0.5,0.5,0.5,0.5,4,4,4,4,8,4,8,4,0.2990894317626953,0.05,,,,,,,,,,,0.4064466810807744,0.7256581948544853
2754,train-load-1.0-scenario-438,1.0,1.0517078333333334,0.5877545833333334,1.0517078333333334,7.834286732253144,0.2919338906751172,0.819177220435994,0.7777777777777778,0.2222222222222222,0.6666666666666666,0.3333333333333333,7,2,8,4,12,6,9,7,0.22647219896316528,0.05,,,,,,,,,,,0.4064466810807744,0.7256581948544853
2755,train-load-0.5-scenario-678-retry-2,0.5,0.40625,0.325,0.40625,23.211100674424074,1.7437217572400003,0.25627824275999966,1.0,0.0,1.0,0.0,13,0,13,0,13,8,13,13,0.3597530722618103,0.05,,,,,,,,,,,0.4064466810807744,0.7256581948544853
2756,train-load-0.8-scenario-642,0.8,0.7558838571428571,0.42963964285714284,0.7558838571428571,14.593767171121751,0.9675158094054106,0.6688478269582255,0.9090909090909091,0.09090909090909091,0.9166666666666666,0.08333333333333333,10,1,11,1,12,7,11,10,0.5415568947792053,0.05,,,,,,,,,,,0.4064466810807744,0.7256581948544853
2757,train-load-0.5-scenario-740,0.5,0.50778875,0.2957213541666667,0.50778875,7.144668848382276,1.0505082925337947,0.9494917074662053,1.0,0.0,1.0,0.0,4,0,4,0,4,4,4,4,0.4128006100654602,0.05,,,,,,,,,,,0.4064466810807744,0.7256581948544853
2758,train-load-0.5-scenario-664-retry-2,0.5,0.42142857142857143,0.42142857142857143,0.38571428571428573,29.386199184310566,1.3567383935647188,0.6432616064352812,1.0,0.0,1.0,0.0,20,0,20,0,20,7,20,20,0.2878561019897461,0.05,,,,,,,,,,,0.4064466810807744,0.7256581948544853
2759,train-load-0.5-scenario-631,0.5,0.5456749999999999,0.426797,0.5456749999999999,13.223465014142032,1.4550251979248394,0.5449748020751606,1.0,0.0,1.0,0.0,7,0,7,0,7,5,7,7,0.3583836853504181,0.05,,,,,,,,,,,0.4064466810807744,0.7256581948544853
2760,train-load-0.7-scenario-43,0.7,0.6,0.6,0.6,18.244085338088055,1.3206963385149149,0.34597032815175166,0.9166666666666666,0.08333333333333333,0.9166666666666666,0.08333333333333333,11,1,11,1,12,8,12,11,0.3515462279319763,0.05,,,,,,,,,,,0.4064466810807744,0.7256581948544853
2761,train-load-1.0-scenario-446-retry-6,1.0,1.119047619047619,1.119047619047619,1.0285714285714285,9.33698430932911,-0.29300893329138167,0.515231155513604,0.5555555555555556,0.4444444444444444,0.5555555555555556,0.4444444444444444,10,8,10,8,18,7,18,10,0.17833703756332397,0.05,,,,,,,,,,,0.4064466810807744,0.7256581948544853
2762,train-load-0.9-scenario-636,0.9,0.9102236666666667,0.3672541666666666,0.9102236666666667,7.400005856847837,0.2440983405044096,0.8670127706067016,0.7777777777777778,0.2222222222222222,0.7,0.3,7,2,7,3,10,6,9,7,0.41635072231292725,0.05,,,,,,,,,,,0.4064466810807744,0.7256581948544853
2763,train-load-0.9-scenario-496-retry-1,0.9,0.9714285714285714,0.8571428571428571,0.9714285714285714,3.9606667597935945,-0.20541102950708146,0.7054110295070815,0.625,0.375,0.5,0.5,5,3,6,6,12,7,8,5,0.2750016450881958,0.05,,,,,,,,,,,0.4064466810807744,0.7256581948544853
2764,train-load-0.6-scenario-629,0.6,0.5228782738095238,0.5228782738095238,0.5208058571428571,15.655826605894887,1.4161638939129113,0.5838361060870888,1.0,0.0,1.0,0.0,9,0,10,0,10,7,9,9,0.2838447690010071,0.05,,,,,,,,,,,0.4064466810807744,0.7256581948544853
2765,train-load-0.9-scenario-12-retry-10,0.9,0.87,0.4,0.87,26.202631539363672,0.9347565033604843,0.39857682997284904,0.8333333333333334,0.16666666666666666,0.8333333333333334,0.16666666666666666,20,4,20,4,24,5,24,20,0.43288809061050415,0.05,,,,,,,,,,,0.4064466810807744,0.7256581948544853
2766,train-load-1.0-scenario-313-retry-5,1.0,1.1,1.0,1.1,4.75953795075313,-0.42554300468129846,0.42554300468129846,0.5,0.5,0.5,0.5,6,6,6,6,12,6,12,6,0.395632803440094,0.05,,,,,,,,,,,0.4064466810807744,0.7256581948544853
2767,train-load-0.8-scenario-646,0.8,0.911322,0.5661753125,0.911322,9.098442613201685,0.7423008672141606,0.686270561357268,0.8571428571428571,0.14285714285714285,0.75,0.25,6,1,6,2,8,4,7,6,0.2287403643131256,0.05,,,,,,,,,,,0.4064466810807744,0.7256581948544853
2768,train-load-0.7-scenario-710,0.7,0.6312112857142856,0.3674339285714286,0.6312112857142856,13.277956516725737,1.2638968766192646,0.7361031233807354,1.0,0.0,1.0,0.0,8,0,9,0,9,7,8,8,0.35104167461395264,0.05,,,,,,,,,,,0.4064466810807744,0.7256581948544853
2769,train-load-0.9-scenario-579-retry-2,0.9,0.8362815,0.32561875,0.8362815,13.5922934343895,0.8407211304152156,0.7956425059484208,0.9090909090909091,0.09090909090909091,0.8333333333333334,0.16666666666666666,10,1,10,2,12,8,11,10,0.375080943107605,0.05,,,,,,,,,,,0.4064466810807744,0.7256581948544853
2770,train-load-1.0-scenario-674-retry-2,1.0,0.895794,0.3906997023809524,0.895794,10.967191166513075,0.7785568215801623,0.7769987339753932,0.8888888888888888,0.1111111111111111,0.8181818181818182,0.18181818181818182,8,1,9,2,11,7,9,8,0.31616246700286865,0.05,,,,,,,,,,,0.4064466810807744,0.7256581948544853
2771,train-load-1.0-scenario-465-retry-2,1.0,0.9166666666666666,0.9166666666666666,0.34375,3.7249079960285476,-0.5259701740626215,0.7077883558808032,0.5454545454545454,0.45454545454545453,0.5454545454545454,0.45454545454545453,6,5,6,5,11,8,11,6,0.31424790620803833,0.05,,,,,,,,,,,0.4064466810807744,0.7256581948544853
2772,train-load-0.5-scenario-316,0.5,0.5322535714285714,0.5322535714285714,0.4227254285714286,11.812235778064132,1.4373782086225448,0.5626217913774553,1.0,0.0,1.0,0.0,6,0,9,0,9,7,6,6,0.2760002613067627,0.05,,,,,,,,,,,0.4064466810807744,0.7256581948544853
2773,train-load-1.0-scenario-414,1.0,0.9173428333333333,0.7867451388888889,0.9173428333333333,12.968368806290107,0.6035170109712852,0.4734060659517918,0.7692307692307693,0.23076923076923078,0.7333333333333333,0.26666666666666666,10,3,11,4,15,6,13,10,0.29947927594184875,0.05,,,,,,,,,,,0.4064466810807744,0.7256581948544853
2774,train-load-1.0-scenario-606,1.0,0.975,0.4125,0.975,7.402305693763804,-0.07895782792567518,0.4122911612590086,0.5833333333333334,0.4166666666666667,0.5833333333333334,0.4166666666666667,7,5,7,5,12,8,12,7,0.23595401644706726,0.05,,,,,,,,,,,0.4064466810807744,0.7256581948544853
2775,train-load-0.6-scenario-177,0.6,0.5241908571428572,0.26169035714285716,0.5241908571428572,11.764727647709098,1.3917085069688602,0.6082914930311398,1.0,0.0,1.0,0.0,6,0,7,0,7,7,6,6,0.49833840131759644,0.05,,,,,,,,,,,0.4064466810807744,0.7256581948544853
2776,train-load-0.6-scenario-36-retry-1,0.6,0.7125,0.59375,0.7125,12.916574040033382,0.5557773921777148,0.521145684745362,0.7692307692307693,0.23076923076923078,0.7692307692307693,0.23076923076923078,10,3,10,3,13,8,13,10,0.26474082469940186,0.05,,,,,,,,,,,0.4064466810807744,0.7256581948544853
2777,train-load-0.7-scenario-491-retry-2,0.7,0.8,0.8,0.4,4.946428060414283,-0.03900954651102295,0.539009546511023,0.625,0.375,0.625,0.375,5,3,5,3,8,5,8,5,0.28599128127098083,0.05,,,,,,,,,,,0.4064466810807744,0.7256581948544853
2778,train-load-0.6-scenario-649,0.6,0.4875,0.2375,0.4875,20.625874841900632,1.244398708326678,0.7556012916733219,1.0,0.0,1.0,0.0,14,0,14,0,14,8,14,14,0.36296260356903076,0.05,,,,,,,,,,,0.4064466810807744,0.7256581948544853
2779,train-load-0.6-scenario-127,0.6,0.58796675,0.39386145833333336,0.58796675,8.585652994017462,1.3207722939801694,0.6792277060198307,1.0,0.0,1.0,0.0,4,0,5,0,5,4,4,4,0.4228510558605194,0.05,,,,,,,,,,,0.4064466810807744,0.7256581948544853
2780,train-load-0.9-scenario-53-retry-2,0.9,0.9437559999999999,0.7564646875000001,0.9437559999999999,10.946902647276179,0.6739425032420113,0.5260574967579887,0.8,0.2,0.8,0.2,8,2,8,2,10,4,10,8,0.3316727876663208,0.05,,,,,,,,,,,0.4064466810807744,0.7256581948544853
2781,train-load-1.0-scenario-400-retry-3,1.0,0.8858787499999999,0.59032765625,0.8858787499999999,11.622557036102599,0.6015612309537633,0.6711660417735095,0.8181818181818182,0.18181818181818182,0.7333333333333333,0.26666666666666666,9,2,11,4,15,8,11,9,0.16581350564956665,0.05,,,,,,,,,,,0.4064466810807744,0.7256581948544853
2782,train-load-0.9-scenario-254,0.9,0.793604125,0.49705078125,0.793604125,14.090414528677993,0.8582897867900667,0.7780738495735695,0.9090909090909091,0.09090909090909091,0.8461538461538461,0.15384615384615385,10,1,11,2,13,8,11,10,0.25298190116882324,0.05,,,,,,,,,,,0.4064466810807744,0.7256581948544853
2783,train-load-0.5-scenario-74-retry-2,0.5,0.5625,0.45,0.5625,13.930778483002953,1.2262461386656547,0.3293094168899008,0.8888888888888888,0.1111111111111111,0.8888888888888888,0.1111111111111111,8,1,8,1,9,8,9,8,0.2567990720272064,0.05,,,,,,,,,,,0.4064466810807744,0.7256581948544853
2784,train-hard-8gpu-16pod-1vgpu,0.5,0.5,0.3333333333333333,0.5,25.285500090071146,1.5387055078389387,0.46129449216106144,1.0,0.0,1.0,0.0,16,0,16,0,16,8,16,16,0.3904946446418762,0.05,,,,,,,,,,,0.4064466810807744,0.7256581948544853
2785,train-load-0.7-scenario-582,0.7,0.8,0.3333333333333333,0.8,11.421127205378932,0.4482799891700249,0.5517200108299751,0.75,0.25,0.75,0.25,9,3,9,3,12,6,12,9,0.3577338457107544,0.05,,,,,,,,,,,0.4064466810807744,0.7256581948544853
2786,train-load-0.7-scenario-234,0.7,0.6,0.6,0.375,19.775380140950794,1.4544771298951722,0.5455228701048278,1.0,0.0,1.0,0.0,12,0,12,0,12,8,12,12,0.349069207906723,0.05,,,,,,,,,,,0.4064466810807744,0.7256581948544853
2787,train-load-0.9-scenario-277-retry-2,0.9,0.8333333333333334,0.6666666666666666,0.8333333333333334,7.240025798923883,0.13592195500053494,0.26407804499946497,0.6,0.4,0.6,0.4,6,4,6,4,10,6,10,6,0.23422852158546448,0.05,,,,,,,,,,,0.4064466810807744,0.7256581948544853
2788,train-load-0.9-scenario-474,0.9,0.8326038,0.5683355,0.8326038,7.138875584513197,0.3128973084969824,0.6871026915030176,0.75,0.25,0.6666666666666666,0.3333333333333333,6,2,6,3,9,5,8,6,0.3699789345264435,0.05,,,,,,,,,,,0.4064466810807744,0.7256581948544853
2789,train-load-0.5-scenario-382-retry-1,0.5,0.6,0.25,0.6,19.930254376498368,1.4899073593640098,0.5100926406359902,1.0,0.0,1.0,0.0,12,0,12,0,12,8,12,12,0.19272059202194214,0.05,,,,,,,,,,,0.4064466810807744,0.7256581948544853
2790,train-load-0.7-scenario-656,0.7,0.7375,0.4875,0.7375,10.686716936234166,0.2615321626055619,0.5076986066252073,0.6923076923076923,0.3076923076923077,0.6923076923076923,0.3076923076923077,9,4,9,4,13,8,13,9,0.20757748186588287,0.05,,,,,,,,,,,0.4064466810807744,0.7256581948544853
2791,train-load-0.9-scenario-95,0.9,1.0139346666666667,0.5429065972222222,1.0139346666666667,13.598352537191225,0.8511473380740356,0.4215799346532371,0.8181818181818182,0.18181818181818182,0.7692307692307693,0.23076923076923078,9,2,10,3,13,6,11,9,0.22272717952728271,0.05,,,,,,,,,,,0.4064466810807744,0.7256581948544853
2792,train-load-0.5-scenario-523,0.5,0.4625,0.16666666666666666,0.4625,17.967410690288595,1.402004905041561,0.5979950949584389,1.0,0.0,1.0,0.0,11,0,11,0,11,8,11,11,0.4648256301879883,0.05,,,,,,,,,,,0.4064466810807744,0.7256581948544853
2793,train-load-0.9-scenario-219-retry-5,0.9,0.88,0.6666666666666666,0.88,7.752163209401686,0.4031699007725238,0.5968300992274762,0.75,0.25,0.6,0.4,6,2,6,4,10,5,8,6,0.3126024603843689,0.05,,,,,,,,,,,0.4064466810807744,0.7256581948544853
2794,train-load-0.9-scenario-218-retry-2,0.9,1.0,1.0,0.4375,2.1118060770772007,-0.5272316902378124,0.5272316902378124,0.5,0.5,0.5,0.5,4,4,4,4,8,4,8,4,0.2465420812368393,0.05,,,,,,,,,,,0.4064466810807744,0.7256581948544853
2795,train-load-0.7-scenario-42-retry-1,0.7,0.6041666666666666,0.6041666666666666,0.1875,23.17428931452861,1.3602432334533372,0.6397567665466628,1.0,0.0,1.0,0.0,15,0,15,0,15,8,15,15,0.1965809166431427,0.05,,,,,,,,,,,0.4064466810807744,0.7256581948544853
2796,train-load-0.8-scenario-39-retry-3,0.8,0.6875,0.11458333333333333,0.6875,8.969949673152431,0.24528622235636455,0.6638046867345446,0.7272727272727273,0.2727272727272727,0.7272727272727273,0.2727272727272727,8,3,8,3,11,8,11,8,0.28204232454299927,0.05,,,,,,,,,,,0.4064466810807744,0.7256581948544853
2797,train-load-1.0-scenario-654-retry-25,1.0,1.04,0.8666666666666667,1.04,4.561971347842204,-0.5138726732396832,0.3600265193935294,0.46153846153846156,0.5384615384615384,0.46153846153846156,0.5384615384615384,6,7,6,7,13,5,13,6,0.39993852376937866,0.05,,,,,,,,,,,0.4064466810807744,0.7256581948544853
2798,train-load-0.9-scenario-22,0.9,0.794902625,0.48697135416666665,0.794902625,16.137969399196006,0.8597923231459285,0.8325153691617639,0.9230769230769231,0.07692307692307693,0.8571428571428571,0.14285714285714285,12,1,12,2,14,8,13,12,0.3971893787384033,0.05,,,,,,,,,,,0.4064466810807744,0.7256581948544853
2799,train-load-0.9-scenario-743-retry-1,0.9,1.0,1.0,0.8,4.049049506618885,-0.3589000610620763,0.3589000610620763,0.5,0.5,0.5,0.5,5,5,5,5,10,5,10,5,0.55079585313797,0.05,,,,,,,,,,,0.4064466810807744,0.7256581948544853
2800,train-load-0.5-scenario-528,0.5,0.4311465,0.325559375,0.4311465,12.61183557025544,1.3395669541183084,0.6604330458816916,1.0,0.0,1.0,0.0,7,0,8,0,8,8,7,7,0.39319658279418945,0.05,0.3779912945701254,0.5239946042766241,0.7254964747116873,0.2745035252883126,0.7105830218992002,0.28941697810079975,0.6636544079149187,0.6604096705774022,0.29070038762838524,0.728401448486248,0.4064466810807744,0.7256581948544853
2801,train-load-0.7-scenario-105,0.7,0.601095625,0.601095625,0.52433675,13.286555574596296,1.6712649313070347,0.32873506869296526,1.0,0.0,1.0,0.0,6,0,7,0,7,4,6,6,0.28103113174438477,0.05,,,,,,,,,,,0.4064466810807744,0.7256581948544853
2802,train-load-1.0-scenario-517-retry-4,1.0,0.9055414999999999,0.5961784722222222,0.9055414999999999,8.988310905204761,0.48851100453439256,0.6226001065767186,0.7777777777777778,0.2222222222222222,0.6666666666666666,0.3333333333333333,7,2,8,4,12,6,9,7,0.4078747034072876,0.05,,,,,,,,,,,0.4064466810807744,0.7256581948544853
2803,train-load-0.8-scenario-437-retry-3,0.8,0.81,0.6333333333333333,0.81,12.410458763276282,1.1244750884372818,0.3755249115627183,0.875,0.125,0.8888888888888888,0.1111111111111111,7,1,8,1,9,5,8,7,0.20222485065460205,0.05,,,,,,,,,,,0.4064466810807744,0.7256581948544853
2804,train-load-0.8-scenario-679,0.8,0.9166666666666666,0.9166666666666666,0.7333333333333333,6.071687603054864,-0.15208015476310466,0.3338983365812864,0.5454545454545454,0.45454545454545453,0.5454545454545454,0.45454545454545453,6,5,6,5,11,6,11,6,0.41228964924812317,0.05,,,,,,,,,,,0.4064466810807744,0.7256581948544853
2805,train-load-0.6-scenario-682,0.6,0.53342675,0.49275625,0.53342675,12.08915868692221,1.4579280093251983,0.5420719906748016,1.0,0.0,1.0,0.0,6,0,6,0,6,4,6,6,0.34216561913490295,0.05,,,,,,,,,,,0.4064466810807744,0.7256581948544853
2806,train-load-0.5-scenario-579-retry-7,0.5,0.5714285714285714,0.09523809523809523,0.5714285714285714,10.784604276037228,0.9219636140820127,0.5780363859179872,0.875,0.125,0.875,0.125,7,1,7,1,8,7,8,7,0.23911693692207336,0.05,,,,,,,,,,,0.4064466810807744,0.7256581948544853
2807,train-load-0.9-scenario-537,0.9,0.9714285714285714,0.9714285714285714,0.6785714285714286,0.5081929202949427,-0.7871895208297605,0.7871895208297605,0.5,0.5,0.36363636363636365,0.6363636363636364,4,4,4,7,11,7,8,4,0.44376349449157715,0.05,,,,,,,,,,,0.4064466810807744,0.7256581948544853
2808,train-load-0.8-scenario-136,0.8,0.755869,0.3897291666666667,0.755869,9.073705287477413,0.9337287942802492,0.39960453905308424,0.8333333333333334,0.16666666666666666,0.8333333333333334,0.16666666666666666,5,1,5,1,6,4,6,5,0.12801805138587952,0.05,,,,,,,,,,,0.4064466810807744,0.7256581948544853
2809,train-load-0.5-scenario-333-retry-2,0.5,0.56,0.56,0.5,19.139198940223544,1.7503425891341304,0.24965741086586962,1.0,0.0,1.0,0.0,10,0,10,0,10,5,10,10,0.2539884150028229,0.05,,,,,,,,,,,0.4064466810807744,0.7256581948544853
2810,train-load-0.9-scenario-684,0.9,0.833542,0.6420471875,0.833542,16.62097852128293,0.8884196419383182,0.5401517866331103,0.8571428571428571,0.14285714285714285,0.875,0.125,12,2,14,2,16,8,14,12,0.10383723676204681,0.05,,,,,,,,,,,0.4064466810807744,0.7256581948544853
2811,train-load-0.5-scenario-615,0.5,0.4,0.4,0.4,22.12059163439014,1.7475894781250734,0.25241052187492663,1.0,0.0,1.0,0.0,12,0,12,0,12,6,12,12,0.25259509682655334,0.05,,,,,,,,,,,0.4064466810807744,0.7256581948544853
2812,train-load-0.8-scenario-218-retry-1,0.8,0.9166666666666666,0.6111111111111112,0.9166666666666666,4.933585742384212,-0.35001010782423003,0.5318282896424118,0.5454545454545454,0.45454545454545453,0.5454545454545454,0.45454545454545453,6,5,6,5,11,6,11,6,0.31766021251678467,0.05,,,,,,,,,,,0.4064466810807744,0.7256581948544853
2813,train-load-0.9-scenario-77-retry-5,0.9,1.0,0.45,1.0,10.13637019063341,0.250868835873965,0.749131164126035,0.75,0.25,0.75,0.25,9,3,9,3,12,6,12,9,0.2327421009540558,0.05,,,,,,,,,,,0.4064466810807744,0.7256581948544853
2814,train-load-0.6-scenario-282-retry-1,0.6,0.7,0.4375,0.7,17.27863421355233,0.9168316663932642,0.5117397621781643,0.8571428571428571,0.14285714285714285,0.8571428571428571,0.14285714285714285,12,2,12,2,14,8,14,12,0.2891174256801605,0.05,,,,,,,,,,,0.4064466810807744,0.7256581948544853
2815,train-load-0.6-scenario-413,0.6,0.5,0.25,0.5,24.76698540329015,1.5666544491006231,0.4333455508993768,1.0,0.0,1.0,0.0,15,0,15,0,15,6,15,15,0.1744769662618637,0.05,,,,,,,,,,,0.4064466810807744,0.7256581948544853
2816,train-load-0.7-scenario-83,0.7,0.6053443749999999,0.29535416666666664,0.6053443749999999,14.58950996216047,1.2803419616575327,0.7196580383424673,1.0,0.0,1.0,0.0,9,0,9,0,9,8,9,9,0.2442106306552887,0.05,,,,,,,,,,,0.4064466810807744,0.7256581948544853
2817,train-load-0.8-scenario-528-retry-6,0.8,0.7375,0.6125,0.7375,13.475616884873926,0.9604545942877791,0.6395454057122211,0.9,0.1,0.8823529411764706,0.11764705882352941,9,1,15,2,17,8,10,9,0.12113495171070099,0.05,,,,,,,,,,,0.4064466810807744,0.7256581948544853
2818,train-load-1.0-scenario-72,1.0,0.8828951428571429,0.5030910714285715,0.8828951428571429,7.952632425027469,0.34550418490327384,0.7656069262078373,0.7777777777777778,0.2222222222222222,0.6666666666666666,0.3333333333333333,7,2,8,4,12,7,9,7,0.18939827382564545,0.05,,,,,,,,,,,0.4064466810807744,0.7256581948544853
2819,train-load-0.5-scenario-387,0.5,0.474701625,0.28026999999999996,0.474701625,14.344071253606188,1.4185668830749107,0.5814331169250893,1.0,0.0,1.0,0.0,8,0,8,0,8,8,8,8,0.2989211678504944,0.05,,,,,,,,,,,0.4064466810807744,0.7256581948544853
2820,train-load-0.9-scenario-96,0.9,0.7994509999999999,0.54300875,0.7994509999999999,9.296272998206558,0.8755369204719038,0.5530345080995247,0.8571428571428571,0.14285714285714285,0.8571428571428571,0.14285714285714285,6,1,6,1,7,4,7,6,0.1576223373413086,0.05,,,,,,,,,,,0.4064466810807744,0.7256581948544853
2821,train-load-1.0-scenario-503,1.0,0.8883313999999999,0.5395409999999999,0.8883313999999999,10.30195301911861,0.7933017206862791,0.7066982793137208,0.875,0.125,0.7777777777777778,0.2222222222222222,7,1,7,2,9,5,8,7,0.2924395799636841,0.05,,,,,,,,,,,0.4064466810807744,0.7256581948544853
2822,train-load-0.6-scenario-620-retry-5,0.6,0.6666666666666666,0.6666666666666666,0.26666666666666666,8.195231427985103,0.45202960070566844,0.5479703992943316,0.75,0.25,0.75,0.25,6,2,6,2,8,6,8,6,0.252996027469635,0.05,,,,,,,,,,,0.4064466810807744,0.7256581948544853
2823,train-load-0.8-scenario-401,0.8,0.8,0.8,0.75,16.746577682458714,1.288564777055939,0.3477988593076974,0.9090909090909091,0.09090909090909091,0.9090909090909091,0.09090909090909091,10,1,10,1,11,6,11,10,0.36548030376434326,0.05,,,,,,,,,,,0.4064466810807744,0.7256581948544853
2824,train-hard-4gpu-8pod-1vgpu,0.5,0.5,0.3333333333333333,0.5,16.363403534270383,1.8333333333333335,0.16666666666666663,1.0,0.0,1.0,0.0,8,0,8,0,8,4,8,8,0.3449375629425049,0.05,,,,,,,,,,,0.4064466810807744,0.7256581948544853
2825,train-load-0.9-scenario-196,0.9,0.7930422,0.42188583333333335,0.7930422,8.726513104946667,0.6964329513824316,0.7321384771889969,0.8571428571428571,0.14285714285714285,0.75,0.25,6,1,6,2,8,5,7,6,0.12848486006259918,0.05,,,,,,,,,,,0.4064466810807744,0.7256581948544853
2826,train-load-0.8-scenario-198,0.8,0.6921825,0.3984284722222222,0.6921825,9.779314939159274,0.7244721752112913,0.7755278247887087,0.875,0.125,0.875,0.125,7,1,7,1,8,6,8,7,0.1487431526184082,0.05,,,,,,,,,,,0.4064466810807744,0.7256581948544853
2827,train-load-0.8-scenario-530-retry-8,0.8,0.8333333333333334,0.15833333333333333,0.8333333333333334,8.432169942323593,0.1102708363327054,0.7988200727582038,0.7272727272727273,0.2727272727272727,0.7272727272727273,0.2727272727272727,8,3,8,3,11,6,11,8,0.32711225748062134,0.05,,,,,,,,,,,0.4064466810807744,0.7256581948544853
2828,train-load-0.6-scenario-635,0.6,0.7166666666666667,0.38333333333333336,0.7166666666666667,13.172709836942381,1.0840721185637867,0.47148343699176853,0.8888888888888888,0.1111111111111111,0.9090909090909091,0.09090909090909091,8,1,10,1,11,6,9,8,0.3781295418739319,0.05,,,,,,,,,,,0.4064466810807744,0.7256581948544853
2829,train-load-0.7-scenario-174,0.7,0.6714295,0.2827190972222222,0.6714295,12.588510200300023,1.359402002019901,0.6405979979800991,1.0,0.0,1.0,0.0,7,0,7,0,7,6,7,7,0.3139544427394867,0.05,,,,,,,,,,,0.4064466810807744,0.7256581948544853
2830,train-load-0.7-scenario-86,0.7,0.6065454,0.44725250000000005,0.6065454,12.454437410221711,1.3370728978733457,0.6629271021266543,1.0,0.0,1.0,0.0,7,0,7,0,7,5,7,7,0.22038966417312622,0.05,,,,,,,,,,,0.4064466810807744,0.7256581948544853
2831,train-load-0.9-scenario-575,0.9,0.868586,0.61031,0.868586,12.135806736361166,0.9217150834874966,0.6338404720680588,0.8888888888888888,0.1111111111111111,0.8,0.2,8,1,8,2,10,5,9,8,0.2503340542316437,0.05,,,,,,,,,,,0.4064466810807744,0.7256581948544853
2832,train-load-0.7-scenario-27,0.7,0.626115875,0.3883334375,0.626115875,17.45497318045959,1.3153212309114386,0.6846787690885614,1.0,0.0,1.0,0.0,11,0,11,0,11,8,11,11,0.2640119194984436,0.05,,,,,,,,,,,0.4064466810807744,0.7256581948544853
2833,train-load-0.6-scenario-740,0.6,0.5225700000000001,0.3263583333333333,0.5225700000000001,13.226265423227343,1.452902290670694,0.547097709329306,1.0,0.0,1.0,0.0,7,0,7,0,7,6,7,7,0.2156248241662979,0.05,,,,,,,,,,,0.4064466810807744,0.7256581948544853
2834,train-load-0.5-scenario-650,0.5,0.46232999999999996,0.46232999999999996,0.4288292,9.964414465410233,1.1229753776007119,0.8770246223992882,1.0,0.0,1.0,0.0,6,0,6,0,6,5,6,6,0.16806165874004364,0.05,,,,,,,,,,,0.4064466810807744,0.7256581948544853
2835,train-load-1.0-scenario-50,1.0,1.0238095238095237,1.0238095238095237,0.6785714285714286,8.48602405009183,0.5457969323656227,0.4542030676343773,0.75,0.25,0.6923076923076923,0.3076923076923077,6,2,9,4,13,7,8,6,0.26993104815483093,0.05,,,,,,,,,,,0.4064466810807744,0.7256581948544853
2836,train-load-0.7-scenario-641,0.7,0.6171711666666667,0.30738604166666667,0.6171711666666667,11.961266820970181,1.28085214547861,0.7191478545213901,1.0,0.0,1.0,0.0,7,0,7,0,7,6,7,7,0.41035324335098267,0.05,,,,,,,,,,,0.4064466810807744,0.7256581948544853
2837,train-load-0.8-scenario-682,0.8,0.7153348749999999,0.5413603124999999,0.7153348749999999,17.382033082651674,1.03128281305644,0.6610248792512525,0.9230769230769231,0.07692307692307693,0.9285714285714286,0.07142857142857142,12,1,13,1,14,8,13,12,0.2778565287590027,0.05,,,,,,,,,,,0.4064466810807744,0.7256581948544853
2838,train-hard-4gpu-8pod-1vgpu,0.5,0.5,0.3333333333333333,0.5,16.42232909936926,1.8333333333333335,0.16666666666666663,1.0,0.0,1.0,0.0,8,0,8,0,8,4,8,8,0.26631271839141846,0.05,,,,,,,,,,,0.4064466810807744,0.7256581948544853
2839,train-load-1.0-scenario-658,1.0,0.9606239583333332,0.9606239583333332,0.765423,9.268419482765637,0.4059485252355436,0.39405147476445623,0.7,0.3,0.7,0.3,7,3,7,3,10,4,10,7,0.1903756707906723,0.05,,,,,,,,,,,0.4064466810807744,0.7256581948544853
2840,train-load-0.6-scenario-264,0.6,0.5700784999999999,0.38455062500000003,0.5700784999999999,6.373872562230149,0.6518391217728675,0.5481608782271326,0.8,0.2,0.8,0.2,4,1,4,1,5,4,5,4,0.22432486712932587,0.05,,,,,,,,,,,0.4064466810807744,0.7256581948544853
2841,train-load-1.0-scenario-391,1.0,1.0714285714285714,0.6428571428571429,1.0714285714285714,3.520125315045937,-0.6248762836348885,0.6248762836348885,0.5,0.5,0.5,0.5,6,6,6,6,12,7,12,6,0.581449031829834,0.05,,,,,,,,,,,0.4064466810807744,0.7256581948544853
2842,train-load-0.5-scenario-706,0.5,0.42962085714285714,0.32032857142857146,0.42962085714285714,12.832340349663973,1.3611040628614433,0.6388959371385567,1.0,0.0,1.0,0.0,7,0,7,0,7,7,7,7,0.27586233615875244,0.05,,,,,,,,,,,0.4064466810807744,0.7256581948544853
2843,train-load-0.8-scenario-396-retry-1,0.8,0.9166666666666666,0.9166666666666666,0.7333333333333333,6.117054247482837,-0.10241291697334798,0.2842310987915298,0.5454545454545454,0.45454545454545453,0.5454545454545454,0.45454545454545453,6,5,6,5,11,6,11,6,0.331195592880249,0.05,,,,,,,,,,,0.4064466810807744,0.7256581948544853
2844,train-load-1.0-scenario-351-retry-1,1.0,1.0357142857142858,0.5857142857142857,1.0357142857142858,5.6967207314784,-0.046908947670458834,0.7135756143371255,0.6666666666666666,0.3333333333333333,0.5384615384615384,0.46153846153846156,6,3,7,6,13,7,9,6,0.30582863092422485,0.05,,,,,,,,,,,0.4064466810807744,0.7256581948544853
2845,train-load-0.5-scenario-345-retry-2,0.5,0.59375,0.425,0.59375,15.724984439173006,1.4368065037458135,0.5631934962541865,1.0,0.0,1.0,0.0,9,0,9,0,9,8,9,9,0.32444480061531067,0.05,,,,,,,,,,,0.4064466810807744,0.7256581948544853
2846,train-load-0.6-scenario-656-retry-3,0.6,0.6190476190476191,0.6190476190476191,0.5,10.619726174801599,0.7492788898935492,0.3618322212175619,0.7777777777777778,0.2222222222222222,0.7777777777777778,0.2222222222222222,7,2,7,2,9,7,9,7,0.14341633021831512,0.05,,,,,,,,,,,0.4064466810807744,0.7256581948544853
2847,train-load-0.5-scenario-423,0.5,0.5833333333333334,0.3888888888888889,0.5833333333333334,23.01762460642139,1.5378769069102636,0.46212309308973654,1.0,0.0,1.0,0.0,14,0,14,0,14,6,14,14,0.39724859595298767,0.05,,,,,,,,,,,0.4064466810807744,0.7256581948544853
2848,train-load-1.0-scenario-364-retry-3,1.0,0.9849492,0.52975375,0.9849492,11.871927584244773,0.7856130019256414,0.4143869980743587,0.8,0.2,0.8,0.2,8,2,8,2,10,5,10,8,0.4004959762096405,0.05,,,,,,,,,,,0.4064466810807744,0.7256581948544853
2849,train-load-0.5-scenario-253-retry-8,0.5,0.4666666666666667,0.4666666666666667,0.4666666666666667,23.25845263904337,1.5503620038259658,0.4496379961740342,1.0,0.0,1.0,0.0,14,0,14,0,14,6,14,14,0.288867712020874,0.05,,,,,,,,,,,0.4064466810807744,0.7256581948544853
2850,train-load-1.0-scenario-677-retry-2,1.0,0.8979604285714287,0.6675362499999999,0.8979604285714287,9.106898931324135,0.04791077560306656,0.7213199936277026,0.6923076923076923,0.3076923076923077,0.6,0.4,9,4,9,6,15,7,13,9,0.4489165246486664,0.05,,,,,,,,,,,0.4064466810807744,0.7256581948544853
2851,train-load-0.7-scenario-553,0.7,0.7359605,0.320150625,0.7359605,7.934570216150506,1.24806741672107,0.7519325832789302,1.0,0.0,1.0,0.0,4,0,5,0,5,4,4,4,0.2368808388710022,0.05,,,,,,,,,,,0.4064466810807744,0.7256581948544853
2852,train-load-0.7-scenario-448,0.7,0.740136,0.6388389999999999,0.740136,9.25044878291894,0.5352135526696117,0.5758975584414995,0.7777777777777778,0.2222222222222222,0.8,0.2,7,2,8,2,10,5,9,7,0.35839781165122986,0.05,,,,,,,,,,,0.4064466810807744,0.7256581948544853
2853,train-load-1.0-scenario-685,1.0,0.8952622499999999,0.41685338541666667,0.8952622499999999,13.161286690368483,0.9432786518021121,0.656721348197888,0.9,0.1,0.8461538461538461,0.15384615384615385,9,1,11,2,13,8,10,9,0.22118227183818817,0.05,,,,,,,,,,,0.4064466810807744,0.7256581948544853
2854,train-load-0.6-scenario-566,0.6,0.5784812500000001,0.33787421875,0.5784812500000001,11.787939489814516,1.1936273196757152,0.8063726803242848,1.0,0.0,1.0,0.0,7,0,9,0,9,8,7,7,0.17958378791809082,0.05,,,,,,,,,,,0.4064466810807744,0.7256581948544853
2855,train-load-0.6-scenario-21,0.6,0.5445716666666667,0.3809029166666667,0.5445716666666667,13.645509089068074,1.3448857151746076,0.6551142848253924,1.0,0.0,1.0,0.0,8,0,8,0,8,6,8,8,0.21775484085083008,0.05,,,,,,,,,,,0.4064466810807744,0.7256581948544853
2856,train-load-1.0-scenario-340-retry-11,1.0,1.1,1.1,0.65,4.738478960921575,-0.1781392796594592,0.8448059463261258,0.6666666666666666,0.3333333333333333,0.5714285714285714,0.42857142857142855,6,3,8,6,14,4,9,6,0.36006829142570496,0.05,,,,,,,,,,,0.4064466810807744,0.7256581948544853
2857,train-load-0.8-scenario-91,0.8,0.9166666666666666,0.9166666666666666,0.375,13.244711926372897,0.3439153280546462,0.589418005278687,0.7333333333333333,0.26666666666666666,0.7333333333333333,0.26666666666666666,11,4,11,4,15,8,15,11,0.2514834403991699,0.05,,,,,,,,,,,0.4064466810807744,0.7256581948544853
2858,train-load-0.7-scenario-342,0.7,0.5857142857142857,0.5857142857142857,0.44285714285714284,31.905457483307526,1.49909668107874,0.5009033189212599,1.0,0.0,1.0,0.0,21,0,21,0,21,7,21,21,0.3636907637119293,0.05,,,,,,,,,,,0.4064466810807744,0.7256581948544853
2859,train-load-1.0-scenario-272,1.0,0.9056598,0.6852608333333333,0.9056598,7.322895686765268,0.01328446742889744,0.8958064416620117,0.7272727272727273,0.2727272727272727,0.7272727272727273,0.2727272727272727,8,3,8,3,11,5,11,8,0.34753942489624023,0.05,,,,,,,,,,,0.4064466810807744,0.7256581948544853
2860,train-load-0.9-scenario-224,0.9,0.8319715714285714,0.31985327380952383,0.8319715714285714,12.610091557359539,0.8693422610998403,0.73065773890016,0.9,0.1,0.9,0.1,9,1,9,1,10,7,10,9,0.3643649220466614,0.05,,,,,,,,,,,0.4064466810807744,0.7256581948544853
2861,train-load-0.8-scenario-127,0.8,0.7467778333333334,0.6660327083333333,0.7467778333333334,12.897934075937759,1.0847487437466405,0.4708068118089148,0.8888888888888888,0.1111111111111111,0.8181818181818182,0.18181818181818182,8,1,9,2,11,6,9,8,0.35179513692855835,0.05,,,,,,,,,,,0.4064466810807744,0.7256581948544853
2862,train-load-0.7-scenario-395,0.7,0.6642297142857143,0.49942142857142857,0.6642297142857143,11.619558984708178,0.8677942885701756,0.6877612669853799,0.8888888888888888,0.1111111111111111,0.8181818181818182,0.18181818181818182,8,1,9,2,11,7,9,8,0.5030617117881775,0.05,,,,,,,,,,,0.4064466810807744,0.7256581948544853
2863,train-load-0.7-scenario-74,0.7,0.5950571428571428,0.5950571428571428,0.5727805714285714,14.023733446072512,0.8557706017492761,0.78059303461436,0.9090909090909091,0.09090909090909091,0.8333333333333334,0.16666666666666666,10,1,10,2,12,7,11,10,0.4838006794452667,0.05,,,,,,,,,,,0.4064466810807744,0.7256581948544853
2864,train-load-0.7-scenario-576-retry-1,0.7,0.7857142857142857,0.6285714285714286,0.7857142857142857,17.428655033627663,1.3883090760193297,0.2480545603443065,0.9090909090909091,0.09090909090909091,0.9090909090909091,0.09090909090909091,10,1,20,2,22,7,11,10,0.4281519055366516,0.05,,,,,,,,,,,0.4064466810807744,0.7256581948544853
2865,train-load-0.8-scenario-183-retry-8,0.8,0.9,0.5,0.9,6.879318449622684,0.16560966626204343,0.5010570004046232,0.6666666666666666,0.3333333333333333,0.6666666666666666,0.3333333333333333,6,3,6,3,9,6,9,6,0.43311721086502075,0.05,,,,,,,,,,,0.4064466810807744,0.7256581948544853
2866,train-load-0.9-scenario-178,0.9,0.8704973333333333,0.5750158333333334,0.8704973333333333,9.47567872569342,0.44642625455982465,0.7535737454401754,0.8,0.2,0.7272727272727273,0.2727272727272727,8,2,8,3,11,6,10,8,0.40173232555389404,0.05,,,,,,,,,,,0.4064466810807744,0.7256581948544853
2867,train-load-1.0-scenario-477-retry-3,1.0,1.1111111111111112,1.1111111111111112,0.8666666666666667,4.614638486139963,-0.4987451989899292,0.3448990451437754,0.46153846153846156,0.5384615384615384,0.46153846153846156,0.5384615384615384,6,7,6,7,13,6,13,6,0.2601572871208191,0.05,,,,,,,,,,,0.4064466810807744,0.7256581948544853
2868,train-load-0.8-scenario-390-retry-2,0.8,0.7083333333333334,0.5666666666666667,0.7083333333333334,27.982375423482395,1.704069848666653,0.2959301513333469,1.0,0.0,1.0,0.0,17,0,17,0,17,6,17,17,0.40255963802337646,0.05,,,,,,,,,,,0.4064466810807744,0.7256581948544853
2869,train-load-0.5-scenario-314-retry-2,0.5,0.5625,0.28125,0.5625,12.958173033374049,1.045668140219974,0.5098874153355815,0.8888888888888888,0.1111111111111111,0.8888888888888888,0.1111111111111111,8,1,8,1,9,8,9,8,0.393066942691803,0.05,,,,,,,,,,,0.4064466810807744,0.7256581948544853
2870,train-load-0.6-scenario-425,0.6,0.625,0.4583333333333333,0.625,15.574540743647342,1.611726845755158,0.3882731542448422,1.0,0.0,1.0,0.0,8,0,8,0,8,6,8,8,0.15423491597175598,0.05,,,,,,,,,,,0.4064466810807744,0.7256581948544853
2871,train-load-1.0-scenario-317-retry-5,1.0,1.1111111111111112,1.1111111111111112,0.5666666666666667,9.064057410061238,0.368068462613648,0.4319315373863519,0.7,0.3,0.625,0.375,7,3,10,6,16,6,10,7,0.3811328709125519,0.05,,,,,,,,,,,0.4064466810807744,0.7256581948544853
2872,train-load-0.5-scenario-233-retry-4,0.5,0.55,0.1375,0.55,17.063372402347884,1.2664573596036048,0.7335426403963952,1.0,0.0,1.0,0.0,11,0,11,0,11,4,11,11,0.15978571772575378,0.05,,,,,,,,,,,0.4064466810807744,0.7256581948544853
2873,train-load-0.5-scenario-154,0.5,0.55,0.13541666666666666,0.55,13.058832870063451,1.2230734121781697,0.7769265878218303,1.0,0.0,1.0,0.0,8,0,8,0,8,8,8,8,0.5020959973335266,0.05,,,,,,,,,,,0.4064466810807744,0.7256581948544853
2874,train-load-0.9-scenario-181-retry-4,0.9,1.0,0.7083333333333334,1.0,0.17057490200833714,-0.9590693193299861,0.45906931932998607,0.375,0.625,0.375,0.625,3,5,3,5,8,4,8,3,0.4788890480995178,0.05,,,,,,,,,,,0.4064466810807744,0.7256581948544853
2875,train-load-0.7-scenario-391,0.7,0.75,0.75,0.3,9.383535845906204,0.23766447487563191,0.42900219179103466,0.6666666666666666,0.3333333333333333,0.6666666666666666,0.3333333333333333,8,4,8,4,12,8,12,8,0.5556758642196655,0.05,,,,,,,,,,,0.4064466810807744,0.7256581948544853
2876,train-load-0.6-scenario-521,0.6,0.5142857142857142,0.5142857142857142,0.39285714285714285,19.306001663108354,1.5439919916619758,0.45600800833802424,1.0,0.0,1.0,0.0,11,0,11,0,11,7,11,11,0.2248266637325287,0.05,,,,,,,,,,,0.4064466810807744,0.7256581948544853
2877,train-load-1.0-scenario-85,1.0,0.880212875,0.6076526041666667,0.880212875,18.36986274084188,1.013770818934884,0.7005148953508303,0.9285714285714286,0.07142857142857142,0.875,0.125,13,1,14,2,16,8,14,13,0.40990695357322693,0.05,,,,,,,,,,,0.4064466810807744,0.7256581948544853
2878,train-load-0.9-scenario-80-retry-2,0.9,1.0,0.3333333333333333,1.0,1.520195735865467,-0.6154194375571245,0.6154194375571245,0.5,0.5,0.5,0.5,4,4,8,8,16,8,8,4,0.4140198528766632,0.05,,,,,,,,,,,0.4064466810807744,0.7256581948544853
2879,train-load-1.0-scenario-645-retry-1,1.0,0.95,0.5,0.95,14.1130239003957,0.8304216006924379,0.5029117326408956,0.8333333333333334,0.16666666666666666,0.8333333333333334,0.16666666666666666,10,2,10,2,12,6,12,10,0.3330048620700836,0.05,,,,,,,,,,,0.4064466810807744,0.7256581948544853
2880,train-load-0.5-scenario-230-retry-2,0.5,0.5,0.4857142857142857,0.5,5.005896084981183,-0.019002275831864757,0.5190022758318648,0.625,0.375,0.625,0.375,5,3,5,3,8,7,8,5,0.3552689552307129,0.05,,,,,,,,,,,0.4064466810807744,0.7256581948544853
2881,train-load-1.0-scenario-484,1.0,0.95,0.3854166666666667,0.95,20.54454479120241,0.7859201983291314,0.5825008543024474,0.8421052631578947,0.15789473684210525,0.8421052631578947,0.15789473684210525,16,3,16,3,19,4,19,16,0.34067094326019287,0.05,,,,,,,,,,,0.4064466810807744,0.7256581948544853
2882,train-load-0.6-scenario-375,0.6,0.5485928571428571,0.45135875,0.5485928571428571,12.928263384014175,1.0628115354933971,0.49274402006215823,0.8888888888888888,0.1111111111111111,0.8888888888888888,0.1111111111111111,8,1,8,1,9,7,9,8,0.5038821697235107,0.05,,,,,,,,,,,0.4064466810807744,0.7256581948544853
2883,train-load-0.6-scenario-490,0.6,0.597465,0.597465,0.3971608,11.069756822861791,1.2965044334229998,0.7034955665770003,1.0,0.0,1.0,0.0,6,0,7,0,7,5,6,6,0.46215617656707764,0.05,,,,,,,,,,,0.4064466810807744,0.7256581948544853
2884,train-load-0.8-scenario-336,0.8,0.75312725,0.6114432291666666,0.75312725,12.253732827026248,0.5026437541428017,0.8306895791905318,0.8333333333333334,0.16666666666666666,0.7333333333333333,0.26666666666666666,10,2,11,4,15,8,12,10,0.3944815993309021,0.05,,,,,,,,,,,0.4064466810807744,0.7256581948544853
2885,train-load-0.9-scenario-696-retry-6,0.9,1.0,1.0,0.5,4.592916042896996,-0.4330326039243242,0.4330326039243242,0.5,0.5,0.5,0.5,6,6,6,6,12,6,12,6,0.4152154326438904,0.05,,,,,,,,,,,0.4064466810807744,0.7256581948544853
2886,train-load-1.0-scenario-412-retry-2,1.0,0.8956864583333334,0.8956864583333334,0.7388345,8.837483800054109,0.5041082188951792,0.607002892215932,0.7777777777777778,0.2222222222222222,0.7777777777777778,0.2222222222222222,7,2,7,2,9,4,9,7,0.28188520669937134,0.05,,,,,,,,,,,0.4064466810807744,0.7256581948544853
2887,train-load-0.5-scenario-279,0.5,0.48885400000000007,0.2732822916666667,0.48885400000000007,8.404586506570107,1.2920331312064366,0.7079668687935634,1.0,0.0,1.0,0.0,4,0,4,0,4,4,4,4,0.22229185700416565,0.05,,,,,,,,,,,0.4064466810807744,0.7256581948544853
2888,train-load-0.7-scenario-301,0.7,0.623601875,0.48031276041666665,0.623601875,14.135219834954249,0.9060373704815494,0.7303262658820868,0.9090909090909091,0.09090909090909091,0.8333333333333334,0.16666666666666666,10,1,10,2,12,8,11,10,0.36547741293907166,0.05,,,,,,,,,,,0.4064466810807744,0.7256581948544853
2889,train-load-0.5-scenario-618,0.5,0.4287325,0.3008673611111111,0.4287325,9.260717305735271,1.435728295632964,0.564271704367036,1.0,0.0,1.0,0.0,4,0,5,0,5,6,4,4,0.38873955607414246,0.05,,,,,,,,,,,0.4064466810807744,0.7256581948544853
2890,train-load-0.6-scenario-544,0.6,0.528238875,0.3895677083333333,0.528238875,16.959469986186292,1.446055420378466,0.5539445796215341,1.0,0.0,1.0,0.0,10,0,10,0,10,8,10,10,0.34902387857437134,0.05,,,,,,,,,,,0.4064466810807744,0.7256581948544853
2891,train-load-1.0-scenario-286-retry-4,1.0,0.975,0.75,0.975,11.50322197779101,0.7667122721022036,0.4332877278977964,0.8,0.2,0.8,0.2,8,2,8,2,10,6,10,8,0.2957490086555481,0.05,,,,,,,,,,,0.4064466810807744,0.7256581948544853
2892,train-load-1.0-scenario-740,1.0,1.0833333333333333,1.0833333333333333,0.9625,1.6002056256009014,-0.6448706518046916,0.6448706518046916,0.5,0.5,0.42857142857142855,0.5714285714285714,4,4,6,8,14,8,8,4,0.27833378314971924,0.05,,,,,,,,,,,0.4064466810807744,0.7256581948544853
2893,train-load-0.8-scenario-308,0.8,0.7646063333333334,0.7044951388888889,0.7646063333333334,11.057077059784527,0.6517155371788291,0.5482844628211708,0.8,0.2,0.8333333333333334,0.16666666666666666,8,2,10,2,12,6,10,8,0.28632020950317383,0.05,,,,,,,,,,,0.4064466810807744,0.7256581948544853
2894,train-load-0.9-scenario-297,0.9,0.8285714285714286,0.7428571428571429,0.8285714285714286,16.63603037556343,0.8087811131168582,0.39121888688314177,0.8,0.2,0.8,0.2,12,3,12,3,15,7,15,12,0.2761012315750122,0.05,,,,,,,,,,,0.4064466810807744,0.7256581948544853
2895,train-load-0.8-scenario-383,0.8,0.7149375,0.7149375,0.5852318333333333,7.604336412673041,0.22461329226334925,0.8864978188477619,0.7777777777777778,0.2222222222222222,0.7272727272727273,0.2727272727272727,7,2,8,3,11,6,9,7,0.38214921951293945,0.05,,,,,,,,,,,0.4064466810807744,0.7256581948544853
2896,train-load-0.9-scenario-228-retry-1,0.9,0.8571428571428571,0.4523809523809524,0.8571428571428571,2.6020549302998512,-0.5281784272125492,0.30595620499032683,0.4444444444444444,0.5555555555555556,0.4444444444444444,0.5555555555555556,4,5,4,5,9,7,9,4,0.1679808348417282,0.05,,,,,,,,,,,0.4064466810807744,0.7256581948544853
2897,train-load-0.8-scenario-539-retry-1,0.8,0.8571428571428571,0.5714285714285714,0.8571428571428571,11.895253431150472,1.1059151765799058,0.3940848234200943,0.875,0.125,0.875,0.125,7,1,7,1,8,7,8,7,0.3237411677837372,0.05,,,,,,,,,,,0.4064466810807744,0.7256581948544853
2898,train-load-0.7-scenario-338,0.7,0.6168587142857143,0.27333869047619047,0.6168587142857143,12.256179481448225,1.3074848224949647,0.6925151775050354,1.0,0.0,1.0,0.0,7,0,8,0,8,7,7,7,0.29530441761016846,0.05,,,,,,,,,,,0.4064466810807744,0.7256581948544853
2899,train-load-0.9-scenario-365,0.9,0.9166666666666666,0.625,0.9166666666666666,11.752620579380519,1.029707767668902,0.47029223233109807,0.875,0.125,0.8181818181818182,0.18181818181818182,7,1,9,2,11,6,8,7,0.36887168884277344,0.05,,,,,,,,,,,0.4064466810807744,0.7256581948544853
