episode,scenario_id,target_load,actual_load,memory_load,core_load,reward,objective,balance_score,success_rate,failure_rate,vgpu_success_rate,vgpu_failure_rate,allocated_count,failure_count,allocated_vgpu_count,failure_vgpu_count,total_vgpu_count,num_gpus,num_pods,steps,loss,epsilon,eval_objective,eval_balance_score,eval_success_rate,eval_failure_rate,eval_vgpu_success_rate,eval_vgpu_failure_rate,eval_checkpoint_score,eval_conflict_objective,eval_conflict_intra_gpu_balance_score,eval_lowmid_objective,best_eval_objective,best_checkpoint_score
1,train-load-0.6-scenario-372-retry-1,0.6,0.5920854285714285,0.4972324404761905,0.5920854285714285,12.564242626062914,0.9803263747303218,0.5752291808252337,0.8888888888888888,0.1111111111111111,0.9,0.1,8,1,9,1,10,7,9,8,0.0,0.995,,,,,,,,,,,-1e+18,-1e+18
2,train-load-0.9-scenario-391-retry-2,0.9,0.875,0.425,0.875,12.29192302066421,1.1176488960784579,0.3823511039215421,0.875,0.125,0.8,0.2,7,1,8,2,10,4,8,7,0.0,0.990025,,,,,,,,,,,-1e+18,-1e+18
3,train-load-0.9-scenario-53-retry-2,0.9,0.9437559999999999,0.7564646875000001,0.9437559999999999,11.839096129155253,0.8158622958620091,0.38413770413799087,0.8,0.2,0.8,0.2,8,2,8,2,10,4,10,8,0.0,0.985074875,,,,,,,,,,,-1e+18,-1e+18
4,train-load-0.9-scenario-638-retry-10,0.9,0.95,0.7976190476190477,0.95,2.8931100444703173,-0.5597876843301919,0.5597876843301919,0.5,0.5,0.5833333333333334,0.4166666666666667,5,5,7,5,12,7,10,5,0.0,0.9801495006250001,,,,,,,,,,,-1e+18,-1e+18
5,train-load-0.9-scenario-651-retry-1,0.9,0.92,0.6666666666666666,0.92,10.972303316134694,0.6723805471248528,0.5276194528751472,0.8,0.2,0.8,0.2,8,2,8,2,10,5,10,8,0.0,0.9752487531218751,,,,,,,,,,,-1e+18,-1e+18
6,train-load-0.8-scenario-174,0.8,0.747148,0.4771465,0.747148,4.075467849047131,0.05039214215897403,0.6162745245076926,0.6666666666666666,0.3333333333333333,0.7142857142857143,0.2857142857142857,4,2,5,2,7,5,6,4,0.0,0.9703725093562657,,,,,,,,,,,-1e+18,-1e+18
7,train-load-0.5-scenario-443-retry-2,0.5,0.5416666666666666,0.5416666666666666,0.5416666666666666,22.092804100352733,1.6275055275558905,0.37249447244410944,1.0,0.0,1.0,0.0,13,0,13,0,13,6,13,13,0.0,0.9655206468094844,,,,,,,,,,,-1e+18,-1e+18
8,train-load-0.5-scenario-299-retry-1,0.5,0.6,0.6,0.6,12.862937896304599,1.0687044635243885,0.4868510920311668,0.8888888888888888,0.1111111111111111,0.8888888888888888,0.1111111111111111,8,1,8,1,9,5,9,8,0.0,0.960693043575437,,,,,,,,,,,-1e+18,-1e+18
9,train-load-0.9-scenario-515,0.9,1.0125,0.825,1.0125,9.865565005189291,-0.16517585055488437,0.6651758505548844,0.625,0.375,0.625,0.375,10,6,10,6,16,8,16,10,0.0,0.9558895783575597,,,,,,,,,,,-1e+18,-1e+18
10,train-load-0.7-scenario-322,0.7,0.6674979166666667,0.6674979166666667,0.45445050000000003,12.526139996330496,1.536231243161919,0.4637687568380811,1.0,0.0,1.0,0.0,6,0,6,0,6,4,6,6,0.0,0.9511101304657719,,,,,,,,,,,-1e+18,-1e+18
11,train-load-1.0-scenario-331,1.0,0.8814136,0.35999775,0.8814136,3.627186619855208,-0.171875344588445,0.671875344588445,0.625,0.375,0.6666666666666666,0.3333333333333333,5,3,6,3,9,5,8,5,0.0,0.946354579813443,,,,,,,,,,,-1e+18,-1e+18
12,train-load-1.0-scenario-228,1.0,0.9240107142857142,0.7081703571428571,0.9240107142857142,8.891631023559436,0.11492266647914329,0.5517440001875233,0.6666666666666666,0.3333333333333333,0.6666666666666666,0.3333333333333333,8,4,10,5,15,7,12,8,0.0,0.9416228069143757,,,,,,,,,,,-1e+18,-1e+18
13,train-load-1.0-scenario-660-retry-9,1.0,1.1,1.1,0.75,8.590634714952548,0.008653264668817107,0.45288519686964446,0.6153846153846154,0.38461538461538464,0.6111111111111112,0.3888888888888889,8,5,11,7,18,6,13,8,0.0,0.9369146928798039,,,,,,,,,,,-1e+18,-1e+18
14,train-load-0.5-scenario-286,0.5,0.5817091428571428,0.2286404761904762,0.5817091428571428,9.50852264930097,1.2171902530665843,0.7828097469334157,1.0,0.0,1.0,0.0,5,0,7,0,7,7,5,5,0.0,0.9322301194154049,,,,,,,,,,,-1e+18,-1e+18
15,train-load-0.6-scenario-538,0.6,0.59375,0.38125,0.59375,16.105009541335736,1.4529356598421033,0.5470643401578968,1.0,0.0,1.0,0.0,9,0,11,0,11,8,9,9,0.0,0.9275689688183278,,,,,,,,,,,-1e+18,-1e+18
16,train-load-1.0-scenario-361,1.0,1.0278475714285713,0.709439880952381,1.0278475714285713,12.982526762645172,0.3964010122137464,0.7464561306433964,0.7857142857142857,0.21428571428571427,0.75,0.25,11,3,12,4,16,7,14,11,0.0,0.9229311239742362,,,,,,,,,,,-1e+18,-1e+18
17,train-load-0.8-scenario-227-retry-6,0.8,0.7714285714285715,0.4142857142857143,0.7714285714285715,5.733200381721025,-0.3097045405327623,0.8551590859873077,0.6363636363636364,0.36363636363636365,0.6363636363636364,0.36363636363636365,7,4,7,4,11,7,11,7,3.1758058071136475,0.918316468354365,,,,,,,,,,,-1e+18,-1e+18
18,train-load-0.7-scenario-734-retry-2,0.7,0.7,0.35,0.7,22.485085647846542,1.4373168922599404,0.5626831077400596,1.0,0.0,1.0,0.0,14,0,14,0,14,4,14,14,2.777729034423828,0.9137248860125932,,,,,,,,,,,-1e+18,-1e+18
19,train-load-1.0-scenario-182,1.0,0.96,0.96,0.96,10.293497982420968,0.3988152992906592,0.2678513673760074,0.6666666666666666,0.3333333333333333,0.6666666666666666,0.3333333333333333,8,4,8,4,12,5,12,8,2.5885419845581055,0.9091562615825302,,,,,,,,,,,-1e+18,-1e+18
20,train-load-0.6-scenario-307,0.6,0.6153772000000001,0.5454866666666667,0.6153772000000001,7.8257184301493155,0.7634673454456149,0.5698659878877186,0.8333333333333334,0.16666666666666666,0.8571428571428571,0.14285714285714285,5,1,6,1,7,5,6,5,2.112070322036743,0.9046104802746175,,,,,,,,,,,-1e+18,-1e+18
21,train-load-0.8-scenario-405-retry-1,0.8,0.7375,0.4125,0.7375,11.81792824125441,1.0502380984917892,0.4497619015082108,0.875,0.125,0.8888888888888888,0.1111111111111111,7,1,8,1,9,4,8,7,2.492418050765991,0.9000874278732445,,,,,,,,,,,-1e+18,-1e+18
22,train-load-0.5-scenario-215,0.5,0.4975633333333333,0.4975633333333333,0.4752474,11.692349302668621,1.3563254550847268,0.6436745449152731,1.0,0.0,1.0,0.0,6,0,6,0,6,5,6,6,2.3187038898468018,0.8955869907338783,,,,,,,,,,,-1e+18,-1e+18
23,train-load-0.5-scenario-712-retry-3,0.5,0.5916666666666667,0.4305555555555556,0.5916666666666667,17.086672737502447,1.4308904909214104,0.5691095090785896,1.0,0.0,1.0,0.0,10,0,10,0,10,6,10,10,2.143731117248535,0.8911090557802088,,,,,,,,,,,-1e+18,-1e+18
24,train-load-0.6-scenario-331,0.6,0.5489805,0.381015625,0.5489805,14.641861492923121,1.4701171707780818,0.5298828292219182,1.0,0.0,1.0,0.0,8,0,8,0,8,6,8,8,2.8287277221679688,0.8866535105013078,,,,,,,,,,,-1e+18,-1e+18
25,train-load-0.8-scenario-441,0.8,0.6817221428571429,0.6817221428571429,0.6276041428571428,11.56055342873026,0.7007852149887278,0.4992147850112722,0.8,0.2,0.8461538461538461,0.15384615384615385,8,2,11,2,13,7,10,8,1.8228707313537598,0.8822202429488013,,,,,,,,,,,-1e+18,-1e+18
26,train-load-0.8-scenario-417,0.8,0.92,0.8,0.92,6.9841110404369635,-0.012262635567402702,0.5577171810219481,0.6363636363636364,0.36363636363636365,0.6666666666666666,0.3333333333333333,7,4,8,4,12,5,11,7,1.4249827861785889,0.8778091417340573,,,,,,,,,,,-1e+18,-1e+18
27,train-load-0.5-scenario-504-retry-5,0.5,0.6142857142857143,0.3333333333333333,0.6142857142857143,10.894658766621593,0.9123534700681,0.5876465299319001,0.875,0.125,0.875,0.125,7,1,7,1,8,7,8,7,0.6665335893630981,0.8734200960253871,,,,,,,,,,,-1e+18,-1e+18
28,train-load-0.6-scenario-249,0.6,0.5176737142857143,0.3532664285714286,0.5176737142857143,12.498066921809743,1.101497618662578,0.898502381337422,1.0,0.0,1.0,0.0,8,0,8,0,8,7,8,8,0.7027397751808167,0.8690529955452602,,,,,,,,,,,-1e+18,-1e+18
29,train-load-0.9-scenario-428,0.9,0.9,0.9,0.9,7.404645162688601,0.2579457147177564,0.4087209519489102,0.6666666666666666,0.3333333333333333,0.6666666666666666,0.3333333333333333,6,3,6,3,9,4,9,6,0.8843144178390503,0.8647077305675338,,,,,,,,,,,-1e+18,-1e+18
30,train-load-0.5-scenario-349,0.5,0.42726385714285714,0.33268095238095235,0.42726385714285714,11.055220916866022,1.0997595210287323,0.9002404789712677,1.0,0.0,1.0,0.0,7,0,7,0,7,7,7,7,1.1625208854675293,0.8603841919146962,,,,,,,,,,,-1e+18,-1e+18
31,train-load-0.7-scenario-356,0.7,0.75,0.25,0.75,22.806744822810828,1.354931997773822,0.645068002226178,1.0,0.0,1.0,0.0,15,0,15,0,15,5,15,15,0.9220354557037354,0.8560822709551227,,,,,,,,,,,-1e+18,-1e+18
32,train-load-1.0-scenario-728-retry-6,1.0,1.1111111111111112,1.1111111111111112,0.38333333333333336,3.6576445675358746,-0.48638342194434403,0.6682016037625258,0.5454545454545454,0.45454545454545453,0.5454545454545454,0.45454545454545453,6,5,6,5,11,6,11,6,0.9912840723991394,0.851801859600347,,,,,,,,,,,-1e+18,-1e+18
33,train-load-0.5-scenario-473-retry-4,0.5,0.5625,0.45,0.5625,13.572453272360123,1.1752296928434927,0.38032586271206287,0.8888888888888888,0.1111111111111111,0.8888888888888888,0.1111111111111111,8,1,8,1,9,8,9,8,1.5461755990982056,0.8475428503023453,,,,,,,,,,,-1e+18,-1e+18
34,train-load-0.6-scenario-168,0.6,0.6791666666666667,0.6791666666666667,0.6333333333333333,13.655603266232967,0.8731109640422391,0.39961630868503384,0.8181818181818182,0.18181818181818182,0.8181818181818182,0.18181818181818182,9,2,9,2,11,6,11,9,1.3597608804702759,0.8433051360508336,,,,,,,,,,,-1e+18,-1e+18
35,train-load-0.7-scenario-538-retry-1,0.7,0.78,0.78,0.65,17.749898252738415,1.175666671527589,0.2089487130877955,0.8461538461538461,0.15384615384615385,0.8461538461538461,0.15384615384615385,11,2,11,2,13,5,13,11,1.1229255199432373,0.8390886103705794,,,,,,,,,,,-1e+18,-1e+18
36,train-hard-8gpu-16pod-1vgpu,0.5,0.5,0.3333333333333333,0.5,23.431151460809545,1.2440776823445439,0.7559223176554563,1.0,0.0,1.0,0.0,16,0,16,0,16,8,16,16,0.7856441140174866,0.8348931673187264,,,,,,,,,,,-1e+18,-1e+18
37,train-load-0.9-scenario-281-retry-1,0.9,0.804688,0.7925607638888889,0.804688,8.848249068068068,-0.001369179402154419,0.7705999486329236,0.6923076923076923,0.3076923076923077,0.6923076923076923,0.3076923076923077,9,4,9,4,13,6,13,9,0.8289746642112732,0.8307187014821328,,,,,,,,,,,-1e+18,-1e+18
38,train-load-0.6-scenario-507,0.6,0.5134112857142857,0.3727232142857143,0.5134112857142857,14.184538364039993,1.1637034487421563,0.8362965512578437,1.0,0.0,1.0,0.0,9,0,9,0,9,7,9,9,0.7326700687408447,0.8265651079747222,,,,,,,,,,,-1e+18,-1e+18
39,train-load-0.7-scenario-510,0.7,0.6,0.6,0.6,15.171884570551256,0.9508830401753066,0.38245029315802687,0.8333333333333334,0.16666666666666666,0.8333333333333334,0.16666666666666666,10,2,10,2,12,8,12,10,0.7082351446151733,0.8224322824348486,,,,,,,,,,,-1e+18,-1e+18
40,train-load-0.9-scenario-615,0.9,1.0,1.0,1.0,4.304910780649052,-0.5016764418459809,0.5016764418459809,0.5,0.5,0.5,0.5,6,6,6,6,12,6,12,6,0.46522146463394165,0.8183201210226743,,,,,,,,,,,-1e+18,-1e+18
41,train-load-0.5-scenario-339-retry-2,0.5,0.5625,0.5625,0.45,13.94721943166446,1.209829344987205,0.34572621056835057,0.8888888888888888,0.1111111111111111,0.8888888888888888,0.1111111111111111,8,1,8,1,9,8,9,8,0.8541464805603027,0.8142285204175609,,,,,,,,,,,-1e+18,-1e+18
42,train-load-0.5-scenario-425,0.5,0.4339705,0.34127859374999997,0.4339705,12.307032605771028,1.0596579252497442,0.9403420747502558,1.0,0.0,1.0,0.0,8,0,9,0,9,8,8,8,1.2357177734375,0.810157377815473,,,,,,,,,,,-1e+18,-1e+18
43,train-load-0.8-scenario-594,0.8,0.72501875,0.72501875,0.647019875,15.44021164505494,0.8497326180536025,0.5348827665617821,0.8461538461538461,0.15384615384615385,0.8666666666666667,0.13333333333333333,11,2,13,2,15,8,13,11,1.1756272315979004,0.8061065909263957,,,,,,,,,,,-1e+18,-1e+18
44,train-load-0.5-scenario-434,0.5,0.49304383333333335,0.26184291666666665,0.49304383333333335,9.209902354817235,1.208176309796115,0.7918236902038851,1.0,0.0,1.0,0.0,5,0,6,0,6,6,5,5,1.2643661499023438,0.8020760579717637,,,,,,,,,,,-1e+18,-1e+18
45,train-load-0.7-scenario-742,0.7,0.638610125,0.41523177083333335,0.638610125,9.592833213654913,0.5513162215714442,0.5597948895396669,0.7777777777777778,0.2222222222222222,0.7272727272727273,0.2727272727272727,7,2,8,3,11,8,9,7,0.6535426378250122,0.798065677681905,,,,,,,,,,,-1e+18,-1e+18
46,train-load-0.5-scenario-664-retry-2,0.5,0.42142857142857143,0.42142857142857143,0.38571428571428573,28.581381859040306,1.1756928574193184,0.8243071425806817,1.0,0.0,1.0,0.0,20,0,20,0,20,7,20,20,1.7400039434432983,0.7940753492934954,,,,,,,,,,,-1e+18,-1e+18
47,train-load-0.9-scenario-400,0.9,0.7943768333333333,0.3811083333333334,0.7943768333333333,8.078462187521211,0.32781426695170657,0.7832968441594046,0.7777777777777778,0.2222222222222222,0.7777777777777778,0.2222222222222222,7,2,7,2,9,6,9,7,1.1398210525512695,0.7901049725470279,,,,,,,,,,,-1e+18,-1e+18
48,train-hard-4gpu-4pod-2vgpu,0.25,0.25,0.16666666666666666,0.25,10.85063432038124,1.7693527539194693,0.23064724608053075,1.0,0.0,1.0,0.0,4,0,8,0,8,4,4,4,0.6069733500480652,0.7861544476842928,,,,,,,,,,,-1e+18,-1e+18
49,train-load-1.0-scenario-382-retry-8,1.0,0.88,0.66,0.88,22.48433575173479,0.808387166845866,0.2825219240632249,0.7727272727272727,0.22727272727272727,0.7727272727272727,0.22727272727272727,17,5,17,5,22,5,22,17,0.8423216342926025,0.7822236754458713,,,,,,,,,,,-1e+18,-1e+18
50,train-load-0.6-scenario-700,0.6,0.5,0.5,0.25,28.82765481904773,1.2525843221966813,0.7474156778033187,1.0,0.0,1.0,0.0,20,0,20,0,20,8,20,20,0.5482772588729858,0.778312557068642,,,,,,,,,,,-1e+18,-1e+18
51,train-load-0.7-scenario-561-retry-1,0.7,0.65,0.225,0.65,6.6659619951763585,-0.00023841249551925792,0.40023841249551917,0.6,0.4,0.6,0.4,6,4,6,4,10,8,10,6,0.45677441358566284,0.7744209942832988,,,,,,,,,,,-1e+18,-1e+18
52,train-load-0.6-scenario-442-retry-6,0.6,0.5,0.3333333333333333,0.5,22.41343741875653,1.463045174302624,0.536954825697376,1.0,0.0,1.0,0.0,14,0,14,0,14,7,14,14,0.5839830040931702,0.7705488893118823,,,,,,,,,,,-1e+18,-1e+18
53,train-load-0.8-scenario-265,0.8,0.7873075,0.603281875,0.7873075,9.502219177135864,0.45264789655002946,0.7473521034499706,0.8,0.2,0.8181818181818182,0.18181818181818182,8,2,9,2,11,6,10,8,0.3900693953037262,0.7666961448653229,,,,,,,,,,,-1e+18,-1e+18
54,train-load-1.0-scenario-577-retry-4,1.0,1.1166666666666667,0.9666666666666667,1.1166666666666667,10.678534303434356,0.1649446584276668,0.5017220082389998,0.6666666666666666,0.3333333333333333,0.6666666666666666,0.3333333333333333,10,5,10,5,15,6,15,10,0.46071863174438477,0.7628626641409962,,,,,,,,,,,-1e+18,-1e+18
55,train-load-0.7-scenario-361,0.7,0.76,0.6333333333333333,0.76,9.29893431588645,0.7188927119142343,0.2811072880857657,0.75,0.25,0.75,0.25,6,2,6,2,8,5,8,6,0.41641974449157715,0.7590483508202912,,,,,,,,,,,-1e+18,-1e+18
56,train-load-0.8-scenario-193-retry-4,0.8,0.85,0.72,0.85,4.56082653848879,-0.091126056733143,0.591126056733143,0.625,0.375,0.625,0.375,5,3,5,3,8,5,8,5,0.8802312016487122,0.7552531090661897,,,,,,,,,,,-1e+18,-1e+18
57,train-hard-4gpu-4pod-2vgpu,0.25,0.25,0.16666666666666666,0.25,11.616666666666667,1.9166666666666665,0.08333333333333337,1.0,0.0,1.0,0.0,4,0,8,0,8,4,4,4,0.6651796698570251,0.7514768435208588,,,,,,,,,,,-1e+18,-1e+18
58,train-load-0.9-scenario-16-retry-1,0.9,0.9,0.7333333333333333,0.9,17.682993378913014,0.8215853973726537,0.4284146026273462,0.8125,0.1875,0.8125,0.1875,13,3,13,3,16,6,16,13,0.789969265460968,0.7477194593032545,,,,,,,,,,,-1e+18,-1e+18
59,train-load-0.7-scenario-247,0.7,0.71875,0.40625,0.71875,-1.609453205237381,-1.2256985944474317,0.7256985944474317,0.375,0.625,0.375,0.625,3,5,3,5,8,8,8,3,0.5003119707107544,0.7439808620067382,,,,,,,,,,,-1e+18,-1e+18
60,train-load-0.6-scenario-190,0.6,0.6008150000000001,0.28488125,0.6008150000000001,11.147295210175859,1.3924338016080564,0.6075661983919436,1.0,0.0,1.0,0.0,6,0,6,0,6,5,6,6,0.7142829895019531,0.7402609576967045,,,,,,,,,,,-1e+18,-1e+18
61,train-load-0.7-scenario-216,0.7,0.6081129999999999,0.3364675,0.6081129999999999,5.122106240697205,0.40812763701957233,0.7918723629804277,0.8,0.2,0.6666666666666666,0.3333333333333333,4,1,4,2,6,5,5,4,0.9498810768127441,0.736559652908221,,,,,,,,,,,-1e+18,-1e+18
62,train-load-0.6-scenario-564-retry-1,0.6,0.6,0.6,0.4,17.331817815541633,1.490731415656255,0.5092685843437451,1.0,0.0,1.0,0.0,10,0,12,0,12,6,10,10,0.9766709208488464,0.7328768546436799,,,,,,,,,,,-1e+18,-1e+18
63,train-load-0.6-scenario-273-retry-1,0.6,0.5639335,0.4272125,0.5639335,8.601064527584684,1.1196681068415235,0.8803318931584765,1.0,0.0,1.0,0.0,5,0,5,0,5,4,5,5,0.9462445974349976,0.7292124703704616,,,,,,,,,,,-1e+18,-1e+18
64,train-load-0.5-scenario-575,0.5,0.47318466666666664,0.2753152777777778,0.47318466666666664,10.381623539577317,1.392065086772397,0.607934913227603,1.0,0.0,1.0,0.0,5,0,6,0,6,6,5,5,0.5901753306388855,0.7255664080186093,,,,,,,,,,,-1e+18,-1e+18
65,train-load-0.7-scenario-376-retry-2,0.7,0.6875,0.4583333333333333,0.6875,19.099564245990894,1.6146080900723,0.3853919099276999,1.0,0.0,1.0,0.0,11,0,11,0,11,4,11,11,0.7468329668045044,0.7219385759785162,,,,,,,,,,,-1e+18,-1e+18
66,train-load-0.7-scenario-278-retry-1,0.7,0.8,0.5,0.8,14.65821855530866,1.1275957364324654,0.4724042635675348,0.9,0.1,0.9,0.1,9,1,9,1,10,5,10,9,0.9084474444389343,0.7183288830986236,,,,,,,,,,,-1e+18,-1e+18
67,train-load-0.9-scenario-569-retry-1,0.9,0.8962452,0.5379766666666667,0.8962452,9.478179985112188,0.5852750750845004,0.5258360360266109,0.7777777777777778,0.2222222222222222,0.7777777777777778,0.2222222222222222,7,2,7,2,9,5,9,7,0.6748634576797485,0.7147372386831305,,,,,,,,,,,-1e+18,-1e+18
68,train-load-0.6-scenario-632,0.6,0.586856625,0.39342604166666667,0.586856625,13.907205308502746,1.1276889892482111,0.8723110107517889,1.0,0.0,1.0,0.0,9,0,10,0,10,8,9,9,0.2799624800682068,0.7111635524897149,,,,,,,,,,,-1e+18,-1e+18
69,train-load-0.9-scenario-219-retry-5,0.9,0.88,0.6666666666666666,0.88,4.594173608699592,-0.11375957887965371,0.6137595788796537,0.625,0.375,0.6,0.4,5,3,6,4,10,5,8,5,0.3804234266281128,0.7076077347272662,,,,,,,,,,,-1e+18,-1e+18
70,train-load-0.8-scenario-504,0.8,0.7186886666666666,0.5905012500000001,0.7186886666666666,14.626245587385583,0.999365148638202,0.6369984877254342,0.9090909090909091,0.09090909090909091,0.8333333333333334,0.16666666666666666,10,1,10,2,12,6,11,10,0.3129039406776428,0.7040696960536299,,,,,,,,,,,-1e+18,-1e+18
71,train-load-0.7-scenario-164,0.7,0.7146002000000001,0.3623695,0.7146002000000001,5.25777896895679,0.304859930247173,1.0284734030861604,0.8333333333333334,0.16666666666666666,0.7142857142857143,0.2857142857142857,5,1,5,2,7,5,6,5,0.8994489908218384,0.7005493475733617,,,,,,,,,,,-1e+18,-1e+18
72,train-load-0.8-scenario-255,0.8,0.9166666666666666,0.6666666666666666,0.9166666666666666,6.068940024740693,-0.015118268354052167,0.4151182683540521,0.6,0.4,0.6,0.4,6,4,6,4,10,6,10,6,0.5181800127029419,0.697046600835495,,,,,,,,,,,-1e+18,-1e+18
73,train-load-1.0-scenario-224-retry-1,1.0,1.05,0.75,1.05,11.368868239604389,0.7326141899506903,0.4673858100493098,0.8,0.2,0.8,0.2,8,2,8,2,10,4,10,8,0.49421676993370056,0.6935613678313175,,,,,,,,,,,-1e+18,-1e+18
74,train-load-0.6-scenario-698,0.6,0.5278768571428571,0.41153946428571425,0.5278768571428571,12.996883243339912,1.226986277519834,0.773013722480166,1.0,0.0,1.0,0.0,8,0,9,0,9,7,8,8,0.40119388699531555,0.6900935609921609,,,,,,,,,,,-1e+18,-1e+18
75,train-load-1.0-scenario-718,1.0,0.972503875,0.6812510416666666,0.972503875,14.090590590173612,0.5389374476365725,0.6039196952205704,0.7857142857142857,0.21428571428571427,0.7222222222222222,0.2777777777777778,11,3,13,5,18,8,14,11,0.4972289800643921,0.6866430931872001,,,,,,,,,,,-1e+18,-1e+18
76,train-load-1.0-scenario-147-retry-1,1.0,0.91378175,0.499979375,0.91378175,6.949239987295829,0.5906563013257491,0.7426770320075843,0.8333333333333334,0.16666666666666666,0.7142857142857143,0.2857142857142857,5,1,5,2,7,4,6,5,0.37767213582992554,0.6832098777212641,,,,,,,,,,,-1e+18,-1e+18
77,train-load-0.9-scenario-620,0.9,0.79013925,0.6791603125,0.79013925,12.489674479469926,0.363535164733853,0.7793219781232898,0.7857142857142857,0.21428571428571427,0.7647058823529411,0.23529411764705882,11,3,13,4,17,8,14,11,0.4696216881275177,0.6797938283326578,,,,,,,,,,,-1e+18,-1e+18
78,train-load-0.9-scenario-541,0.9,0.7927025999999999,0.4664935,0.7927025999999999,12.553929302739983,1.3958513902288538,0.6041486097711462,1.0,0.0,1.0,0.0,7,0,8,0,8,5,7,7,0.28830835223197937,0.6763948591909945,,,,,,,,,,,-1e+18,-1e+18
79,train-load-0.8-scenario-202,0.8,0.7196872500000001,0.6666842187500001,0.7196872500000001,16.438997112626936,0.8582469861479053,0.5703244424235231,0.8571428571428571,0.14285714285714285,0.8,0.2,12,2,12,3,15,8,14,12,0.5704801082611084,0.6730128848950395,,,,,,,,,,,-1e+18,-1e+18
80,train-load-0.8-scenario-96,0.8,0.7234139999999999,0.5128334375,0.7234139999999999,7.277450967809009,0.6860965732132371,0.6472367601200962,0.8333333333333334,0.16666666666666666,0.8333333333333334,0.16666666666666666,5,1,5,1,6,4,6,5,0.4110536575317383,0.6696478204705644,,,,,,,,,,,-1e+18,-1e+18
81,train-load-0.9-scenario-582,0.9,0.9125,0.9125,0.875,17.01599313369455,0.4989869410565234,0.44838147999610806,0.7368421052631579,0.2631578947368421,0.7368421052631579,0.2631578947368421,14,5,14,5,19,8,19,14,0.5364311933517456,0.6662995813682115,,,,,,,,,,,-1e+18,-1e+18
82,train-load-0.7-scenario-62,0.7,0.6885331666666668,0.35427291666666666,0.6885331666666668,6.357109784882976,0.4827426740320598,0.8505906593012736,0.8333333333333334,0.16666666666666666,0.8571428571428571,0.14285714285714285,5,1,6,1,7,6,6,5,0.5547411441802979,0.6629680834613705,,,,,,,,,,,-1e+18,-1e+18
83,train-load-0.6-scenario-438,0.6,0.7,0.5833333333333334,0.7,23.89318466282677,1.6885157344036437,0.3114842655963563,1.0,0.0,1.0,0.0,14,0,14,0,14,4,14,14,0.7679902911186218,0.6596532430440636,,,,,,,,,,,-1e+18,-1e+18
84,train-load-0.8-scenario-651,0.8,0.69416375,0.348895,0.69416375,6.1262289024048,0.6741202535798773,0.5258797464201227,0.8,0.2,0.8,0.2,4,1,4,1,5,4,5,4,0.4277636408805847,0.6563549768288433,,,,,,,,,,,-1e+18,-1e+18
85,train-load-0.9-scenario-560-retry-3,0.9,1.0,0.7166666666666667,1.0,3.0656137617677595,-0.537601879196344,0.537601879196344,0.5,0.5,0.5454545454545454,0.45454545454545453,5,5,6,5,11,5,10,5,0.545728862285614,0.653073201944699,,,,,,,,,,,-1e+18,-1e+18
86,train-load-0.8-scenario-360,0.8,0.68,0.68,0.34,25.963533396386588,1.4163961791849737,0.5836038208150263,1.0,0.0,1.0,0.0,17,0,17,0,17,5,17,17,0.5115816593170166,0.6498078359349755,,,,,,,,,,,-1e+18,-1e+18
87,train-load-0.5-scenario-444,0.5,0.42608825000000006,0.31256,0.42608825000000006,9.54167780998679,1.4434794772998891,0.5565205227001109,1.0,0.0,1.0,0.0,4,0,4,0,4,4,4,4,0.45629024505615234,0.6465587967553006,,,,,,,,,,,-1e+18,-1e+18
88,train-load-0.6-scenario-643,0.6,0.5604144,0.3535858333333334,0.5604144,9.589585442360576,1.2670935935649743,0.7329064064350257,1.0,0.0,1.0,0.0,5,0,6,0,6,5,5,5,0.554670512676239,0.6433260027715241,,,,,,,,,,,-1e+18,-1e+18
89,train-load-0.8-scenario-631,0.8,0.8571428571428571,0.38095238095238093,0.8571428571428571,4.485405515770493,-0.1307521771272191,0.6307521771272191,0.625,0.375,0.625,0.375,5,3,5,3,8,7,8,5,0.3156965672969818,0.6401093727576664,,,,,,,,,,,-1e+18,-1e+18
90,train-load-0.6-scenario-684,0.6,0.566124,0.29771309523809525,0.566124,12.230591131965923,1.2773118606352218,0.7226881393647782,1.0,0.0,1.0,0.0,7,0,8,0,8,7,7,7,0.6787329316139221,0.6369088258938781,,,,,,,,,,,-1e+18,-1e+18
91,train-load-0.6-scenario-594,0.6,0.538271,0.29285989583333333,0.538271,8.223338169465748,1.294866081602861,0.705133918397139,1.0,0.0,1.0,0.0,4,0,4,0,4,4,4,4,0.6169230341911316,0.6337242817644086,,,,,,,,,,,-1e+18,-1e+18
92,train-load-0.7-scenario-220-retry-1,0.7,0.71875,0.525,0.71875,13.648572895214823,0.595375002721842,0.7892403818935426,0.8461538461538461,0.15384615384615385,0.8461538461538461,0.15384615384615385,11,2,11,2,13,8,13,11,0.4814700782299042,0.6305556603555866,,,,,,,,,,,-1e+18,-1e+18
93,train-load-0.6-scenario-301,0.6,0.603818,0.251981875,0.603818,11.739926828641408,1.231499707163394,0.768500292836606,1.0,0.0,1.0,0.0,7,0,8,0,8,8,7,7,0.427967369556427,0.6274028820538087,,,,,,,,,,,-1e+18,-1e+18
94,train-load-0.9-scenario-478,0.9,1.0,1.0,0.6333333333333333,9.581687634393406,0.13771418910570987,0.6315165801250593,0.6923076923076923,0.3076923076923077,0.6923076923076923,0.3076923076923077,9,4,9,4,13,6,13,9,0.6071622371673584,0.6242658676435396,,,,,,,,,,,-1e+18,-1e+18
95,train-load-1.0-scenario-371-retry-5,1.0,0.95,0.8,0.95,15.415970278915163,0.875855165262174,0.5087602193532105,0.8461538461538461,0.15384615384615385,0.8461538461538461,0.15384615384615385,11,2,11,2,13,6,13,11,0.5669156312942505,0.6211445383053219,,,,,,,,,,,-1e+18,-1e+18
96,train-load-0.8-scenario-477-retry-2,0.8,0.9,0.825,0.9,1.416105173465747,-0.6266945505851046,0.6266945505851046,0.5,0.5,0.5,0.5,4,4,4,4,8,4,8,4,0.5120213031768799,0.6180388156137953,,,,,,,,,,,-1e+18,-1e+18
97,train-load-0.7-scenario-323-retry-2,0.7,0.6928571428571428,0.34285714285714286,0.6928571428571428,14.802327981318593,0.978367478934598,0.6579961574290384,0.9090909090909091,0.09090909090909091,0.9090909090909091,0.09090909090909091,10,1,10,1,11,7,11,10,0.4198364019393921,0.6149486215357263,,,,,,,,,,,-1e+18,-1e+18
98,train-load-0.9-scenario-646,0.9,1.0,0.3333333333333333,1.0,3.9633270679337382,-0.5449349574050917,0.5449349574050917,0.5,0.5,0.5,0.5,6,6,6,6,12,6,12,6,0.31967893242836,0.6118738784280476,,,,,,,,,,,-1e+18,-1e+18
99,train-load-0.8-scenario-453,0.8,0.7050735,0.3069125,0.7050735,11.599566111785043,1.1934834684928843,0.8065165315071157,1.0,0.0,1.0,0.0,7,0,8,0,8,6,7,7,0.5141848921775818,0.6088145090359074,,,,,,,,,,,-1e+18,-1e+18
100,train-load-0.7-scenario-249-retry-3,0.7,0.7619047619047619,0.7619047619047619,0.11428571428571428,6.585362125905258,0.2514814484871988,0.7485185515128012,0.75,0.25,0.75,0.25,6,2,6,2,8,7,8,6,0.49600958824157715,0.6057704364907278,0.279141127900975,0.5452827946649637,0.7061059806414847,0.2938940193585154,0.7048908834470492,0.2951091165529507,0.5008231253021894,0.4879084226340326,0.2589344547827729,0.635481807837796,0.279141127900975,0.5008231253021894
101,train-load-1.0-scenario-682,1.0,0.8882249999999999,0.45349625,0.8882249999999999,5.122807283569921,-0.17646743782804752,0.8431341044947142,0.6666666666666666,0.3333333333333333,0.6666666666666666,0.3333333333333333,6,3,6,3,9,5,9,6,0.30794405937194824,0.6027415843082742,,,,,,,,,,,0.279141127900975,0.5008231253021894
102,train-load-0.5-scenario-118-retry-1,0.5,0.59375,0.2708333333333333,0.59375,14.010486367170547,1.4096582292874769,0.5903417707125233,1.0,0.0,1.0,0.0,8,0,8,0,8,8,8,8,0.5911460518836975,0.5997278763867329,,,,,,,,,,,0.279141127900975,0.5008231253021894
103,train-load-0.7-scenario-628,0.7,0.78125,0.453125,0.78125,5.984921814544885,-0.3374423093174296,1.0041089759840962,0.6666666666666666,0.3333333333333333,0.6666666666666666,0.3333333333333333,8,4,8,4,12,8,12,8,0.753717839717865,0.5967292370047992,,,,,,,,,,,0.279141127900975,0.5008231253021894
104,train-load-0.8-scenario-116-retry-3,0.8,0.875,0.2,0.875,-2.674507620511795,-1.3963306534528008,0.3963306534528009,0.25,0.75,0.25,0.75,2,6,2,6,8,8,8,2,0.5562567710876465,0.5937455908197752,,,,,,,,,,,0.279141127900975,0.5008231253021894
105,train-load-0.8-scenario-16-retry-3,0.8,0.75,0.75,0.45,28.0619344833922,1.4873561848862646,0.5126438151137354,1.0,0.0,1.0,0.0,18,0,18,0,18,4,18,18,1.1226986646652222,0.5907768628656763,,,,,,,,,,,0.279141127900975,0.5008231253021894
106,train-load-0.9-scenario-438-retry-2,0.9,0.9285714285714286,0.30952380952380953,0.9285714285714286,5.636335559071725,-0.3731003469206541,0.5269465007668078,0.5384615384615384,0.46153846153846156,0.5384615384615384,0.46153846153846156,7,6,7,6,13,7,13,7,0.7749958038330078,0.5878229785513479,,,,,,,,,,,0.279141127900975,0.5008231253021894
107,train-load-0.5-scenario-660-retry-2,0.5,0.4,0.08333333333333333,0.4,16.100363044690486,1.2559141103374747,0.7440858896625253,1.0,0.0,1.0,0.0,10,0,10,0,10,5,10,10,0.7695698738098145,0.5848838636585911,,,,,,,,,,,0.279141127900975,0.5008231253021894
108,train-load-0.8-scenario-86,0.8,0.8832905,0.839565625,0.8832905,6.518187425696567,0.3800481703001902,0.477094686842667,0.7142857142857143,0.2857142857142857,0.7777777777777778,0.2222222222222222,5,2,7,2,9,4,7,5,0.3746016025543213,0.5819594443402982,,,,,,,,,,,0.279141127900975,0.5008231253021894
109,train-load-0.6-scenario-642-retry-1,0.6,0.5,0.25,0.5,18.173074106740636,1.5919303760469705,0.4080696239530295,1.0,0.0,1.0,0.0,10,0,10,0,10,4,10,10,0.7474749088287354,0.5790496471185967,,,,,,,,,,,0.279141127900975,0.5008231253021894
110,train-load-0.9-scenario-398-retry-1,0.9,1.0166666666666666,0.225,1.0166666666666666,10.799845464464285,0.11305230528042232,0.7440905518624349,0.7142857142857143,0.2857142857142857,0.7142857142857143,0.2857142857142857,10,4,10,4,14,6,14,10,0.4984719455242157,0.5761543988830038,,,,,,,,,,,0.279141127900975,0.5008231253021894
111,train-load-1.0-scenario-268-retry-1,1.0,1.1,0.6125,1.1,15.354657236145169,0.42767977757339914,0.6311437518383655,0.7647058823529411,0.23529411764705882,0.7647058823529411,0.23529411764705882,13,4,13,4,17,8,17,13,0.9936232566833496,0.5732736268885887,,,,,,,,,,,0.279141127900975,0.5008231253021894
112,train-load-0.6-scenario-720,0.6,0.5517262500000001,0.36547453124999996,0.5517262500000001,14.72689303242218,1.2854202974578177,0.7145797025421823,1.0,0.0,1.0,0.0,9,0,10,0,10,8,9,9,0.5774193406105042,0.5704072587541458,,,,,,,,,,,0.279141127900975,0.5008231253021894
113,train-load-0.9-scenario-47-retry-2,0.9,0.95,0.775,0.95,11.511255129664475,0.5987512459645177,0.31033966312639144,0.7272727272727273,0.2727272727272727,0.7272727272727273,0.2727272727272727,8,3,8,3,11,4,11,8,1.102513074874878,0.567555222460375,,,,,,,,,,,0.279141127900975,0.5008231253021894
114,train-hard-4gpu-4pod-2vgpu,0.25,0.25,0.16666666666666666,0.25,11.616666666666667,1.9166666666666665,0.08333333333333337,1.0,0.0,1.0,0.0,4,0,8,0,8,4,4,4,0.8251168727874756,0.5647174463480732,,,,,,,,,,,0.279141127900975,0.5008231253021894
115,train-load-0.9-scenario-412-retry-1,0.9,0.8125,0.5833333333333334,0.8125,10.642937134922544,0.4849206972752489,0.42417021181566017,0.7272727272727273,0.2727272727272727,0.7272727272727273,0.2727272727272727,8,3,8,3,11,8,11,8,0.6139346957206726,0.5618938591163328,,,,,,,,,,,0.279141127900975,0.5008231253021894
116,train-load-0.6-scenario-272,0.6,0.5561032,0.47109700000000004,0.5561032,13.779055662211334,1.541800996592214,0.4581990034077862,1.0,0.0,1.0,0.0,7,0,7,0,7,5,7,7,0.32548728585243225,0.5590843898207511,,,,,,,,,,,0.279141127900975,0.5008231253021894
117,train-load-0.6-scenario-218,0.6,0.4857142857142857,0.4857142857142857,0.4857142857142857,27.251318830866257,1.5219802626273302,0.4780197373726699,1.0,0.0,1.0,0.0,17,0,17,0,17,7,17,17,0.7419725656509399,0.5562889678716474,,,,,,,,,,,0.279141127900975,0.5008231253021894
118,train-load-0.6-scenario-649,0.6,0.4875,0.2375,0.4875,22.081112258812382,1.309594844872466,0.6904051551275341,1.0,0.0,1.0,0.0,14,0,14,0,14,8,14,14,0.8030727505683899,0.5535075230322891,,,,,,,,,,,0.279141127900975,0.5008231253021894
119,train-load-1.0-scenario-492-retry-5,1.0,1.0833333333333333,0.375,1.0833333333333333,10.384148526398668,0.5603485684724896,0.6396514315275105,0.8,0.2,0.7333333333333333,0.26666666666666666,8,2,11,4,15,6,10,8,0.466599702835083,0.5507399854171277,,,,,,,,,,,0.279141127900975,0.5008231253021894
120,train-load-0.8-scenario-300-retry-2,0.8,0.8,0.8,0.5,20.196357163902174,1.0402003299295604,0.4597996700704397,0.875,0.125,0.875,0.125,14,2,14,2,16,8,16,14,0.5129708051681519,0.547986285490042,,,,,,,,,,,0.279141127900975,0.5008231253021894
121,train-load-0.5-scenario-160-retry-1,0.5,0.6,0.6,0.375,16.084302297321244,1.433827791649399,0.5661722083506009,1.0,0.0,1.0,0.0,9,0,9,0,9,6,9,9,0.9173348546028137,0.5452463540625918,,,,,,,,,,,0.279141127900975,0.5008231253021894
122,train-load-1.0-scenario-328-retry-2,1.0,0.9746959999999999,0.5180770833333334,0.9746959999999999,7.387024929920479,0.12002331528484167,0.6799766847151583,0.7,0.3,0.7272727272727273,0.2727272727272727,7,3,8,3,11,6,10,7,0.8023658394813538,0.5425201222922789,,,,,,,,,,,0.279141127900975,0.5008231253021894
123,train-load-1.0-scenario-416,1.0,0.9797006250000001,0.9797006250000001,0.84583175,6.994538355072595,0.429640143153174,0.4275027139896832,0.7142857142857143,0.2857142857142857,0.7,0.3,5,2,7,3,10,4,7,5,0.6641005277633667,0.5398075216808175,,,,,,,,,,,0.279141127900975,0.5008231253021894
124,train-load-0.9-scenario-78,0.9,0.975,0.75,0.975,5.346763529097882,-0.1954298816358273,0.5954298816358272,0.6,0.4,0.6,0.4,6,4,6,4,10,6,10,6,0.4072587490081787,0.5371084840724134,,,,,,,,,,,0.279141127900975,0.5008231253021894
125,train-load-0.7-scenario-117,0.7,0.6349138888888889,0.6349138888888889,0.5846453333333334,15.315680284377114,1.5563012335824602,0.44369876641753986,1.0,0.0,1.0,0.0,8,0,10,0,10,6,8,8,1.051740288734436,0.5344229416520513,,,,,,,,,,,0.279141127900975,0.5008231253021894
126,train-load-0.8-scenario-616-retry-3,0.8,0.9,0.9,0.6083333333333333,5.564768572940899,-0.2263184659296944,0.40813664774787617,0.5454545454545454,0.45454545454545453,0.5454545454545454,0.45454545454545453,6,5,6,5,11,6,11,6,0.6663938760757446,0.531750826943791,,,,,,,,,,,0.279141127900975,0.5008231253021894
127,train-load-0.9-scenario-705,0.9,0.78125,0.3333333333333333,0.78125,15.560011404210956,0.5638316505518797,0.43616834944812033,0.75,0.25,0.75,0.25,12,4,12,4,16,8,16,12,0.36982566118240356,0.5290920728090721,,,,,,,,,,,0.279141127900975,0.5008231253021894
128,train-hard-8gpu-16pod-1vgpu,0.5,0.5,0.3333333333333333,0.5,24.36681408399905,1.4166666666666665,0.5833333333333334,1.0,0.0,1.0,0.0,16,0,16,0,16,8,16,16,0.9402584433555603,0.5264466124450268,,,,,,,,,,,0.279141127900975,0.5008231253021894
129,train-load-0.5-scenario-560,0.5,0.4845205,0.18565281250000001,0.4845205,10.0813724697296,1.1599299993124246,0.8400700006875754,1.0,0.0,1.0,0.0,6,0,6,0,6,8,6,6,0.6833546161651611,0.5238143793828016,,,,,,,,,,,0.279141127900975,0.5008231253021894
130,train-load-1.0-scenario-733-retry-10,1.0,1.0625,0.5729166666666666,1.0625,11.830031122664657,-0.13752788776068603,0.5375278877606859,0.6,0.4,0.6,0.4,12,8,12,8,20,8,20,12,0.65418541431427,0.5211953074858876,,,,,,,,,,,0.279141127900975,0.5008231253021894
131,train-load-0.9-scenario-245,0.9,0.7882462499999999,0.5130571875000001,0.7882462499999999,13.673521935356867,0.726925642473047,0.6064076908602863,0.8333333333333334,0.16666666666666666,0.8571428571428571,0.14285714285714285,10,2,12,2,14,8,12,10,0.588531494140625,0.5185893309484582,,,,,,,,,,,0.279141127900975,0.5008231253021894
132,train-load-0.7-scenario-174,0.7,0.6714295,0.2827190972222222,0.6714295,8.410478165757654,0.6716762848153955,0.756895143756033,0.8571428571428571,0.14285714285714285,0.8571428571428571,0.14285714285714285,6,1,6,1,7,6,7,6,0.4807836413383484,0.5159963842937159,,,,,,,,,,,0.279141127900975,0.5008231253021894
133,train-load-0.7-scenario-362,0.7,0.8142857142857143,0.10714285714285714,0.8142857142857143,8.056640459829433,-0.025019532994779325,0.691686199661446,0.6666666666666666,0.3333333333333333,0.6666666666666666,0.3333333333333333,8,4,8,4,12,7,12,8,0.4584197998046875,0.5134164023722473,,,,,,,,,,,0.279141127900975,0.5008231253021894
134,train-load-0.9-scenario-64-retry-3,0.9,0.8333333333333334,0.8333333333333334,0.425,18.81538550640454,0.7759703873674177,0.5181472596914056,0.8235294117647058,0.17647058823529413,0.8235294117647058,0.17647058823529413,14,3,14,3,17,8,17,14,0.4558553695678711,0.510849320360386,,,,,,,,,,,0.279141127900975,0.5008231253021894
135,train-load-0.5-scenario-53,0.5,0.4660362857142857,0.3146408928571428,0.4660362857142857,11.125984261651958,1.2614759065982097,0.7385240934017904,1.0,0.0,1.0,0.0,6,0,7,0,7,7,6,6,0.5776612758636475,0.5082950737585841,,,,,,,,,,,0.279141127900975,0.5008231253021894
136,train-load-0.9-scenario-83-retry-1,0.9,1.0,1.0,0.2,2.2885910440416324,-0.444862322785344,0.444862322785344,0.5,0.5,0.5,0.5,4,4,4,4,8,4,8,4,1.052345633506775,0.5057535983897912,,,,,,,,,,,0.279141127900975,0.5008231253021894
137,train-load-0.7-scenario-408,0.7,0.71875,0.425,0.71875,-1.796318159953913,-1.2565466924113686,0.7565466924113686,0.375,0.625,0.375,0.625,3,5,3,5,8,8,8,3,0.6687677502632141,0.5032248303978422,,,,,,,,,,,0.279141127900975,0.5008231253021894
138,train-load-1.0-scenario-309,1.0,0.9066188,0.4787395,0.9066188,7.84034573452025,0.6150410632021461,0.8135303653692824,0.8571428571428571,0.14285714285714285,0.875,0.125,6,1,7,1,8,5,7,6,0.7659023404121399,0.500708706245853,,,,,,,,,,,0.279141127900975,0.5008231253021894
139,train-load-0.5-scenario-371,0.5,0.5714285714285714,0.17142857142857143,0.5714285714285714,10.839239135926963,0.9089653025498006,0.5910346974501994,0.875,0.125,0.875,0.125,7,1,7,1,8,7,8,7,0.4788382649421692,0.4982051627146237,,,,,,,,,,,0.279141127900975,0.5008231253021894
140,train-load-0.7-scenario-266,0.7,0.8,0.32857142857142857,0.8,6.962095455761121,0.28536298882539857,0.7146370111746014,0.75,0.25,0.7272727272727273,0.2727272727272727,6,2,8,3,11,7,8,6,0.18798395991325378,0.49571413690105054,,,,,,,,,,,0.279141127900975,0.5008231253021894
141,train-load-1.0-scenario-684,1.0,0.887698,0.8075579166666667,0.887698,11.949344859244498,0.7806315774348148,0.4193684225651853,0.8,0.2,0.75,0.25,8,2,9,3,12,5,10,8,0.9630157947540283,0.4932355662165453,,,,,,,,,,,0.279141127900975,0.5008231253021894
142,train-load-0.6-scenario-167,0.6,0.71875,0.19791666666666666,0.71875,8.32494491247055,0.17988825602084724,0.3655662894336982,0.6363636363636364,0.36363636363636365,0.6363636363636364,0.36363636363636365,7,4,7,4,11,8,11,7,0.7701606750488281,0.4907693883854626,,,,,,,,,,,0.279141127900975,0.5008231253021894
143,train-load-0.6-scenario-405,0.6,0.6060276041666667,0.6060276041666667,0.44089174999999997,5.118750381462814,0.5617053123501847,0.4382946876498154,0.75,0.25,0.8333333333333334,0.16666666666666666,3,1,5,1,6,4,4,3,0.39335164427757263,0.4883155414435353,,,,,,,,,,,0.279141127900975,0.5008231253021894
144,train-load-0.7-scenario-201,0.7,0.8,0.8,0.8,9.862092400533484,0.23636218170358037,0.43030448496308626,0.6666666666666666,0.3333333333333333,0.6666666666666666,0.3333333333333333,8,4,8,4,12,6,12,8,0.5473006963729858,0.4858739637363176,,,,,,,,,,,0.279141127900975,0.5008231253021894
145,train-load-1.0-scenario-636,1.0,0.9776323333333333,0.38556125,0.9776323333333333,5.685792521087713,0.05593556079473028,0.4440644392052697,0.625,0.375,0.6,0.4,5,3,6,4,10,6,8,5,1.075958013534546,0.483444593917636,,,,,,,,,,,0.279141127900975,0.5008231253021894
146,train-load-0.9-scenario-432-retry-3,0.9,1.0,1.0,0.8,3.60852040710696,-0.2688273952744462,0.26882739527444616,0.5,0.5,0.5,0.5,4,4,4,4,8,4,8,4,0.908693790435791,0.4810273709480478,,,,,,,,,,,0.279141127900975,0.5008231253021894
147,train-load-1.0-scenario-250,1.0,0.9849668,0.6186932500000001,0.9849668,5.2541382022161205,-0.06694104492974862,0.7336077115964152,0.6666666666666666,0.3333333333333333,0.7272727272727273,0.2727272727272727,6,3,8,3,11,5,9,6,0.5316148996353149,0.47862223409330756,,,,,,,,,,,0.279141127900975,0.5008231253021894
148,train-load-0.8-scenario-724-retry-1,0.8,0.775,0.3020833333333333,0.775,11.451203285263952,0.31375677237631805,0.7631663045467589,0.7692307692307693,0.23076923076923078,0.7692307692307693,0.23076923076923078,10,3,10,3,13,8,13,10,1.0027084350585938,0.47622912292284103,,,,,,,,,,,0.279141127900975,0.5008231253021894
149,train-load-1.0-scenario-710-retry-1,1.0,0.8819298,0.609025,0.8819298,6.80128790440221,0.28199010976076766,0.7180098902392323,0.75,0.25,0.6,0.4,6,2,6,4,10,5,8,6,0.19989719986915588,0.4738479773082268,,,,,,,,,,,0.279141127900975,0.5008231253021894
150,train-load-0.5-scenario-378,0.5,0.510713,0.29172202380952383,0.510713,8.576883388255192,0.6865688379616874,0.742002590609741,0.8571428571428571,0.14285714285714285,0.875,0.125,6,1,7,1,8,7,7,6,0.43562546372413635,0.47147873742168567,,,,,,,,,,,0.279141127900975,0.5008231253021894
151,train-hard-4gpu-4pod-2vgpu,0.25,0.25,0.16666666666666666,0.25,10.85063432038124,1.7693527539194693,0.23064724608053075,1.0,0.0,1.0,0.0,4,0,8,0,8,4,4,4,0.6323428750038147,0.46912134373457726,,,,,,,,,,,0.279141127900975,0.5008231253021894
152,train-load-0.9-scenario-204,0.9,0.8084646875000001,0.8084646875000001,0.611824,12.010206517971856,1.1157408857553457,0.3842591142446542,0.875,0.125,0.8888888888888888,0.1111111111111111,7,1,8,1,9,4,8,7,0.7132542729377747,0.46677573701590436,,,,,,,,,,,0.279141127900975,0.5008231253021894
153,train-load-0.9-scenario-237,0.9,0.7862058749999999,0.5633296875,0.7862058749999999,19.655259168176183,1.1930249106418411,0.5212608036438733,0.9285714285714286,0.07142857142857142,0.9333333333333333,0.06666666666666667,13,1,14,1,15,8,14,13,0.6651092171669006,0.46444185833082485,,,,,,,,,,,0.279141127900975,0.5008231253021894
154,train-load-0.7-scenario-558,0.7,0.64183975,0.6200253124999999,0.64183975,10.891938618444474,0.5880930487887047,0.6119069512112953,0.8,0.2,0.8461538461538461,0.15384615384615385,8,2,11,2,13,8,10,8,0.9460803866386414,0.46211964903917074,,,,,,,,,,,0.279141127900975,0.5008231253021894
155,train-load-0.5-scenario-608,0.5,0.5,0.4444444444444444,0.5,17.290096604227767,1.6417749366430414,0.3582250633569586,1.0,0.0,1.0,0.0,9,0,9,0,9,6,9,9,0.31528332829475403,0.4598090507939749,,,,,,,,,,,0.279141127900975,0.5008231253021894
156,train-load-0.6-scenario-145-retry-2,0.6,0.5,0.27380952380952384,0.5,23.205661271101242,1.545372458559759,0.4546275414402411,1.0,0.0,1.0,0.0,14,0,14,0,14,7,14,14,0.5060522556304932,0.457510005540005,,,,,,,,,,,0.279141127900975,0.5008231253021894
157,train-load-0.7-scenario-440,0.7,0.75,0.75,0.75,16.964090914116873,0.8106359827998054,0.3893640172001947,0.8,0.2,0.8,0.2,12,3,12,3,15,8,15,12,0.6566946506500244,0.45522245551230495,,,,,,,,,,,0.279141127900975,0.5008231253021894
158,train-load-0.5-scenario-668,0.5,0.4332665,0.3178154166666667,0.4332665,10.727194084841251,1.4232003841188867,0.5767996158811133,1.0,0.0,1.0,0.0,5,0,6,0,6,6,5,5,0.3240353763103485,0.4529463432347434,,,,,,,,,,,0.279141127900975,0.5008231253021894
159,train-load-0.7-scenario-434,0.7,0.7085764999999999,0.30838697916666663,0.7085764999999999,4.5315728252599845,0.48511938414589906,0.5148806158541009,0.75,0.25,0.8,0.2,3,1,4,1,5,4,4,3,0.5582782030105591,0.4506816115185697,,,,,,,,,,,0.279141127900975,0.5008231253021894
160,train-load-0.6-scenario-367-retry-1,0.6,0.7,0.6666666666666666,0.7,15.448230563006568,0.9774988726246268,0.35583446070870683,0.8333333333333334,0.16666666666666666,0.8333333333333334,0.16666666666666666,10,2,10,2,12,8,12,10,0.6091647744178772,0.4484282034609769,,,,,,,,,,,0.279141127900975,0.5008231253021894
161,train-load-0.9-scenario-702-retry-1,0.9,0.975,0.5875,0.975,5.886715024072355,-0.29732377138550115,0.6306571047188345,0.5833333333333334,0.4166666666666667,0.5833333333333334,0.4166666666666667,7,5,7,5,12,8,12,7,0.6834709644317627,0.446186062443672,,,,,,,,,,,0.279141127900975,0.5008231253021894
162,train-load-0.8-scenario-467,0.8,0.713368,0.4828194444444444,0.713368,9.946286691818536,0.9126934668689116,0.5158779617025169,0.8571428571428571,0.14285714285714285,0.8888888888888888,0.1111111111111111,6,1,8,1,9,6,7,6,0.43279320001602173,0.4439551321314536,,,,,,,,,,,0.279141127900975,0.5008231253021894
163,train-load-0.5-scenario-67,0.5,0.6145955,0.4305104166666667,0.6145955,2.5315495282135374,0.21556439453589515,0.4511022721307715,0.6666666666666666,0.3333333333333333,0.6,0.4,2,1,3,2,5,4,3,2,0.9243985414505005,0.4417353564707963,,,,,,,,,,,0.279141127900975,0.5008231253021894
164,train-load-1.0-scenario-369-retry-2,1.0,1.0,0.375,1.0,2.7257355301342674,-0.6580008324412732,0.47618265062309145,0.45454545454545453,0.5454545454545454,0.45454545454545453,0.5454545454545454,5,6,5,6,11,8,11,5,0.724800169467926,0.43952667968844233,,,,,,,,,,,0.279141127900975,0.5008231253021894
165,train-load-0.7-scenario-233-retry-1,0.7,0.8,0.2152777777777778,0.8,16.996262513239813,1.0086332429680023,0.6836744493396902,0.9230769230769231,0.07692307692307693,0.9230769230769231,0.07692307692307693,12,1,12,1,13,6,13,12,0.5654569268226624,0.43732904629000013,,,,,,,,,,,0.279141127900975,0.5008231253021894
166,train-load-0.6-scenario-278,0.6,0.7083333333333334,0.5555555555555556,0.7083333333333334,12.81540455343012,0.7115868543109615,0.5611404184163113,0.8181818181818182,0.18181818181818182,0.8181818181818182,0.18181818181818182,9,2,9,2,11,6,11,9,0.4299464821815491,0.4351424010585501,,,,,,,,,,,0.279141127900975,0.5008231253021894
167,train-load-0.7-scenario-50,0.7,0.6046288571428572,0.4873846428571429,0.6046288571428572,10.477010087619316,0.6625974220418741,0.8929581335136814,0.8888888888888888,0.1111111111111111,0.8,0.2,8,1,8,2,10,7,9,8,0.28020793199539185,0.43296668905325736,,,,,,,,,,,0.279141127900975,0.5008231253021894
168,train-load-0.7-scenario-5,0.7,0.6670164285714285,0.5337098214285715,0.6670164285714285,17.208877784409196,1.2959439527202075,0.7040560472797925,1.0,0.0,1.0,0.0,11,0,12,0,12,7,11,11,0.41376030445098877,0.43080185560799106,,,,,,,,,,,0.279141127900975,0.5008231253021894
169,train-load-0.9-scenario-79,0.9,0.9283995,0.54401875,0.9283995,2.7121732027523597,-0.15662167038925767,0.5566216703892576,0.6,0.4,0.5714285714285714,0.42857142857142855,3,2,4,3,7,4,5,3,0.626973032951355,0.4286478463299511,,,,,,,,,,,0.279141127900975,0.5008231253021894
170,train-load-0.9-scenario-381,0.9,0.78194525,0.60715234375,0.78194525,15.745859464969778,0.8471675565860621,0.5374478280293226,0.8461538461538461,0.15384615384615385,0.8,0.2,11,2,12,3,15,8,13,11,0.5570707321166992,0.42650460709830135,,,,,,,,,,,0.279141127900975,0.5008231253021894
171,train-load-0.8-scenario-167,0.8,0.9,0.9,0.225,5.807749856018605,0.02434314321545905,0.6423235234512076,0.6666666666666666,0.3333333333333333,0.6666666666666666,0.3333333333333333,6,3,12,6,18,8,9,6,0.7109241485595703,0.42437208406280985,,,,,,,,,,,0.279141127900975,0.5008231253021894
172,train-load-0.8-scenario-52-retry-2,0.8,0.75,0.5,0.75,15.31210328944664,0.9408841285809584,0.3924492047523751,0.8333333333333334,0.16666666666666666,0.8333333333333334,0.16666666666666666,10,2,10,2,12,4,12,10,0.3611621856689453,0.4222502236424958,,,,,,,,,,,0.279141127900975,0.5008231253021894
173,train-load-1.0-scenario-263-retry-4,1.0,1.0833333333333333,0.3333333333333333,1.0833333333333333,9.310092373630638,0.2865673702130813,0.6225235388778279,0.7272727272727273,0.2727272727272727,0.7272727272727273,0.2727272727272727,8,3,8,3,11,6,11,8,0.7119565606117249,0.42013897252428334,,,,,,,,,,,0.279141127900975,0.5008231253021894
174,train-hard-4gpu-12pod-small,0.375,0.375,0.25,0.375,21.488239737717358,1.7276860872528026,0.2723139127471974,1.0,0.0,1.0,0.0,12,0,12,0,12,4,12,12,0.7535626888275146,0.4180382776616619,,,,,,,,,,,0.279141127900975,0.5008231253021894
175,train-load-0.8-scenario-64,0.8,0.7319714999999999,0.6466270833333333,0.7319714999999999,16.56547064761245,0.8569397477736221,0.5716316807978064,0.8571428571428571,0.14285714285714285,0.8571428571428571,0.14285714285714285,12,2,12,2,14,8,14,12,0.43639206886291504,0.4159480862733536,,,,,,,,,,,0.279141127900975,0.5008231253021894
176,train-load-0.7-scenario-574,0.7,0.6857142857142857,0.6857142857142857,0.5714285714285714,25.84334645660661,1.5756135758454546,0.4243864241545454,1.0,0.0,1.0,0.0,16,0,16,0,16,7,16,16,0.2880803346633911,0.41386834584198684,,,,,,,,,,,0.279141127900975,0.5008231253021894
177,train-load-1.0-scenario-67-retry-1,1.0,0.9690401428571428,0.5921964285714286,0.9690401428571428,9.559649110463228,0.14830709439690404,0.6209236748338651,0.6923076923076923,0.3076923076923077,0.7142857142857143,0.2857142857142857,9,4,10,4,14,7,13,9,0.6897091269493103,0.4117990041127769,,,,,,,,,,,0.279141127900975,0.5008231253021894
178,train-load-0.5-scenario-169-retry-1,0.5,0.42857142857142855,0.14285714285714285,0.42857142857142855,20.071154465062435,1.515947319757728,0.484052680242272,1.0,0.0,1.0,0.0,12,0,12,0,12,7,12,12,0.6011607050895691,0.40974000909221303,,,,,,,,,,,0.279141127900975,0.5008231253021894
179,train-load-0.6-scenario-561,0.6,0.64673,0.3758722222222222,0.64673,9.019372781665268,0.707759066993158,0.7208123615782704,0.8571428571428571,0.14285714285714285,0.75,0.25,6,1,6,2,8,6,7,6,0.6855196952819824,0.40769130904675194,,,,,,,,,,,0.279141127900975,0.5008231253021894
180,train-load-0.7-scenario-432-retry-1,0.7,0.58125,0.5625,0.58125,24.753009077443934,1.57566914582099,0.42433085417900995,1.0,0.0,1.0,0.0,15,0,15,0,15,8,15,15,0.6254480481147766,0.40565285250151817,,,,,,,,,,,0.279141127900975,0.5008231253021894
181,train-load-1.0-scenario-484,1.0,0.95,0.3854166666666667,0.95,21.170672914071847,0.7427021565287079,0.625718896102871,0.8421052631578947,0.15789473684210525,0.8421052631578947,0.15789473684210525,16,3,16,3,19,4,19,16,0.5959312915802002,0.4036245882390106,,,,,,,,,,,0.279141127900975,0.5008231253021894
182,train-load-0.6-scenario-53,0.6,0.6666666666666666,0.55,0.6666666666666666,15.47625042589746,1.3968554935434447,0.6031445064565554,1.0,0.0,1.0,0.0,9,0,9,0,9,6,9,9,0.3514813184738159,0.4016064652978155,,,,,,,,,,,0.279141127900975,0.5008231253021894
183,train-load-0.7-scenario-675,0.7,0.6177898571428572,0.5033039285714286,0.6177898571428572,13.59695024059253,0.9343279471260937,0.6656720528739064,0.9,0.1,0.9090909090909091,0.09090909090909091,9,1,10,1,11,7,10,9,0.7175486087799072,0.3995984329713264,,,,,,,,,,,0.279141127900975,0.5008231253021894
184,train-load-0.8-scenario-689-retry-3,0.8,0.875,0.875,0.6125,11.703057988847673,0.25406378810305474,0.6030790690398025,0.7142857142857143,0.2857142857142857,0.7142857142857143,0.2857142857142857,10,4,10,4,14,8,14,10,0.5084874629974365,0.3976004408064698,,,,,,,,,,,0.279141127900975,0.5008231253021894
185,train-load-0.5-scenario-739,0.5,0.5,0.5,0.375,16.77627652042648,1.5782642932477378,0.42173570675226224,1.0,0.0,1.0,0.0,9,0,12,0,12,8,9,9,0.32283449172973633,0.39561243860243744,,,,,,,,,,,0.279141127900975,0.5008231253021894
186,train-load-0.9-scenario-396,0.9,0.7889363333333334,0.45567729166666665,0.7889363333333334,13.967992624848794,1.037540654947836,0.5624593450521641,0.9,0.1,0.9,0.1,9,1,9,1,10,6,10,9,0.4327215552330017,0.3936343764094253,,,,,,,,,,,0.279141127900975,0.5008231253021894
187,train-load-0.8-scenario-693,0.8,0.8857142857142857,0.6,0.8857142857142857,9.685928149881256,0.5885361230916393,0.5225749880194719,0.7777777777777778,0.2222222222222222,0.7777777777777778,0.2222222222222222,7,2,7,2,9,7,9,7,0.9305293560028076,0.39166620452737816,,,,,,,,,,,0.279141127900975,0.5008231253021894
188,train-load-0.5-scenario-161,0.5,0.5416666666666666,0.3611111111111111,0.5416666666666666,22.535103745454375,1.6261118970760249,0.373888102923975,1.0,0.0,1.0,0.0,13,0,13,0,13,6,13,13,0.5580383539199829,0.3897078735047413,,,,,,,,,,,0.279141127900975,0.5008231253021894
189,train-load-0.8-scenario-84-retry-1,0.8,0.9142857142857143,0.9142857142857143,0.5714285714285714,12.69049936404532,0.2321707690828545,0.5178292309171455,0.6875,0.3125,0.6875,0.3125,11,5,11,5,16,7,16,11,0.4701722264289856,0.3877593341372176,,,,,,,,,,,0.279141127900975,0.5008231253021894
190,train-load-0.8-scenario-113,0.8,0.7072854,0.44103583333333335,0.7072854,9.206230022835356,0.6583009567591593,0.8416990432408407,0.875,0.125,0.875,0.125,7,1,7,1,8,5,8,7,0.49595877528190613,0.3858205374665315,,,,,,,,,,,0.279141127900975,0.5008231253021894
191,train-hard-8gpu-16pod-1vgpu,0.5,0.5,0.3333333333333333,0.5,26.04758848422776,1.625,0.375,1.0,0.0,1.0,0.0,16,0,16,0,16,8,16,16,0.3413887619972229,0.38389143477919885,,,,,,,,,,,0.279141127900975,0.5008231253021894
192,train-load-0.8-scenario-22,0.8,0.7063581250000001,0.7063581250000001,0.6644785,6.164336554790188,0.31027059121026335,0.5468722659325939,0.7142857142857143,0.2857142857142857,0.7142857142857143,0.2857142857142857,5,2,5,2,7,4,7,5,0.7168668508529663,0.3819719776053028,,,,,,,,,,,0.279141127900975,0.5008231253021894
193,train-load-0.6-scenario-611-retry-1,0.6,0.4857142857142857,0.24285714285714285,0.4857142857142857,27.88414277277246,1.6379365379839848,0.36206346201601525,1.0,0.0,1.0,0.0,17,0,17,0,17,7,17,17,0.38134104013442993,0.3800621177172763,,,,,,,,,,,0.279141127900975,0.5008231253021894
194,train-load-0.8-scenario-23-retry-1,0.8,0.9142857142857143,0.10119047619047619,0.9142857142857143,16.38752984593471,0.47374294993049565,0.8203746971283278,0.8235294117647058,0.17647058823529413,0.8235294117647058,0.17647058823529413,14,3,14,3,17,7,17,14,0.5218958258628845,0.37816180712868996,,,,,,,,,,,0.279141127900975,0.5008231253021894
195,train-load-0.9-scenario-113,0.9,0.8037865000000001,0.8037865000000001,0.79875,5.62332406091024,-0.04593403488198422,0.7126007015486509,0.6666666666666666,0.3333333333333333,0.6363636363636364,0.36363636363636365,6,3,7,4,11,5,9,6,0.4934212267398834,0.37627099809304654,,,,,,,,,,,0.279141127900975,0.5008231253021894
196,train-load-1.0-scenario-96-retry-4,1.0,1.1166666666666667,0.9861111111111112,1.1166666666666667,6.658586139226963,-0.47057192808143045,0.6039052614147637,0.5333333333333333,0.4666666666666667,0.5333333333333333,0.4666666666666667,8,7,8,7,15,6,15,8,0.4323456287384033,0.3743896431025813,,,,,,,,,,,0.279141127900975,0.5008231253021894
197,train-load-0.7-scenario-14,0.7,0.6737219999999999,0.53491,0.6737219999999999,8.375353405476123,0.872623856567216,0.4607094767661174,0.8333333333333334,0.16666666666666666,0.8333333333333334,0.16666666666666666,5,1,5,1,6,4,6,5,0.6851032376289368,0.37251769488706843,,,,,,,,,,,0.279141127900975,0.5008231253021894
198,train-load-0.5-scenario-291,0.5,0.4471701428571429,0.3240702380952381,0.4471701428571429,11.214930887143609,1.314957006890611,0.6850429931093891,1.0,0.0,1.0,0.0,6,0,7,0,7,7,6,6,0.5292627215385437,0.3706551064126331,,,,,,,,,,,0.279141127900975,0.5008231253021894
199,train-load-0.7-scenario-68,0.7,0.6833190972222223,0.6833190972222223,0.5299211666666667,17.827734319232285,1.5665863367742072,0.43341366322579267,1.0,0.0,1.0,0.0,10,0,11,0,11,6,10,10,0.3146548867225647,0.36880183088056995,,,,,,,,,,,0.279141127900975,0.5008231253021894
200,train-load-0.8-scenario-237,0.8,0.7736620000000001,0.4426141666666667,0.7736620000000001,8.261201954284738,0.8153022435425372,0.5180310897907963,0.8333333333333334,0.16666666666666666,0.75,0.25,5,1,6,2,8,5,6,5,0.49759095907211304,0.3669578217261671,0.3867701932898586,0.5251641242619091,0.7279835793879419,0.27201642061205805,0.7152307140832983,0.2847692859167016,0.6817958671040338,0.6890324731877226,0.2915224385828113,0.7331020978721036,0.3867701932898586,0.6817958671040338
201,train-load-1.0-scenario-738-retry-3,1.0,0.96,0.62,0.96,4.876226226373493,-0.024901187002701497,0.5249011870027015,0.625,0.375,0.6,0.4,5,3,6,4,10,5,8,5,0.4077685475349426,0.36512303261753626,,,,,,,,,,,0.3867701932898586,0.6817958671040338
202,train-load-0.8-scenario-323-retry-1,0.8,0.9,0.9,0.72,5.295857103559979,-0.03487291396311121,0.2570951361853335,0.5555555555555556,0.4444444444444444,0.5555555555555556,0.4444444444444444,5,4,5,4,9,5,9,5,0.42506206035614014,0.3632974174544486,,,,,,,,,,,0.3867701932898586,0.6817958671040338
203,train-load-0.7-scenario-365,0.7,0.6927365999999999,0.4597795833333333,0.6927365999999999,9.390894418205662,0.7858533513230982,0.6427180772483303,0.8571428571428571,0.14285714285714285,0.8571428571428571,0.14285714285714285,6,1,6,1,7,5,7,6,0.5423509478569031,0.3614809303671764,,,,,,,,,,,0.3867701932898586,0.6817958671040338
204,train-load-0.6-scenario-436,0.6,0.520867,0.41051770833333334,0.520867,14.689181675646608,1.282288390786502,0.7177116092134981,1.0,0.0,1.0,0.0,9,0,10,0,10,8,9,9,0.6366283893585205,0.3596735257153405,,,,,,,,,,,0.3867701932898586,0.6817958671040338
205,train-load-0.6-scenario-193,0.6,0.6461184000000001,0.385955,0.6461184000000001,12.234576104928827,1.290036945530474,0.7099630544695259,1.0,0.0,1.0,0.0,7,0,7,0,7,5,7,7,0.8298544883728027,0.3578751580867638,,,,,,,,,,,0.3867701932898586,0.6817958671040338
206,train-load-1.0-scenario-108-retry-2,1.0,0.883981,0.6163869791666666,0.883981,10.981892992903925,0.9352821135849663,0.5647178864150337,0.875,0.125,0.875,0.125,7,1,7,1,8,4,8,7,0.20596981048583984,0.35608578229633,,,,,,,,,,,0.3867701932898586,0.6817958671040338
207,train-load-0.5-scenario-138-retry-4,0.5,0.5833333333333334,0.5833333333333334,0.4375,23.567456686774108,1.5923220443830828,0.40767795561691733,1.0,0.0,1.0,0.0,14,0,14,0,14,8,14,14,0.5153883695602417,0.3543053533848483,,,,,,,,,,,0.3867701932898586,0.6817958671040338
208,train-load-0.8-scenario-98-retry-9,0.8,0.725,0.55,0.725,11.78707906678516,0.7420995796903288,0.45790042030967126,0.8,0.2,0.8,0.2,8,2,8,2,10,4,10,8,0.4367336928844452,0.35253382661792404,,,,,,,,,,,0.3867701932898586,0.6817958671040338
209,train-load-0.8-scenario-544,0.8,0.74121875,0.74121875,0.51664725,10.070401651350963,0.9382039462136434,0.49036748235778516,0.8571428571428571,0.14285714285714285,0.8571428571428571,0.14285714285714285,6,1,6,1,7,4,7,6,0.7631404399871826,0.3507711574848344,,,,,,,,,,,0.3867701932898586,0.6817958671040338
210,train-load-0.6-scenario-165,0.6,0.5517361428571428,0.44138035714285717,0.5517361428571428,12.184653592696726,1.2701492612324539,0.7298507387675462,1.0,0.0,1.0,0.0,7,0,9,0,9,7,7,7,0.4843698740005493,0.34901730169741024,,,,,,,,,,,0.3867701932898586,0.6817958671040338
211,train-hard-8gpu-16pod-1vgpu,0.5,0.5,0.3333333333333333,0.5,25.408643308497584,1.5387055078389387,0.46129449216106144,1.0,0.0,1.0,0.0,16,0,16,0,16,8,16,16,0.3651301860809326,0.3472722151889232,,,,,,,,,,,0.3867701932898586,0.6817958671040338
212,train-load-0.5-scenario-40-retry-8,0.5,0.5625,0.225,0.5625,12.47299826292167,0.9994447006395833,0.556110854915972,0.8888888888888888,0.1111111111111111,0.8888888888888888,0.1111111111111111,8,1,8,1,9,8,9,8,0.4597475826740265,0.3455358541129786,,,,,,,,,,,0.3867701932898586,0.6817958671040338
213,train-load-0.8-scenario-528-retry-6,0.8,0.7375,0.6125,0.7375,13.923171820048807,1.0241009460242323,0.5758990539757679,0.9,0.1,0.8823529411764706,0.11764705882352941,9,1,15,2,17,8,10,9,0.3122396767139435,0.3438081748424137,,,,,,,,,,,0.3867701932898586,0.6817958671040338
214,train-load-1.0-scenario-69-retry-3,1.0,1.0,0.75,1.0,19.876879817413172,0.6773952338138154,0.32260476618618467,0.75,0.25,0.75,0.25,15,5,15,5,20,8,20,15,0.3546484112739563,0.3420891339682016,,,,,,,,,,,0.3867701932898586,0.6817958671040338
215,train-load-0.9-scenario-216,0.9,0.7972467142857143,0.4796269642857143,0.7972467142857143,11.632787704102668,0.608151191415471,0.6645760813118018,0.8181818181818182,0.18181818181818182,0.8181818181818182,0.18181818181818182,9,2,9,2,11,7,11,9,0.514614462852478,0.3403786882983606,,,,,,,,,,,0.3867701932898586,0.6817958671040338
216,train-load-1.0-scenario-736-retry-3,1.0,0.925,0.046875,0.925,13.411779626844963,0.35713252124886086,0.8428674787511392,0.8,0.2,0.8,0.2,12,3,12,3,15,8,15,12,0.5130748152732849,0.3386767948568688,,,,,,,,,,,0.3867701932898586,0.6817958671040338
217,train-load-0.6-scenario-687,0.6,0.5,0.2,0.5,22.685268496438834,1.5110609739937215,0.4889390260062785,1.0,0.0,1.0,0.0,14,0,14,0,14,7,14,14,0.48461639881134033,0.33698341088258443,,,,,,,,,,,0.3867701932898586,0.6817958671040338
218,train-load-0.9-scenario-392-retry-1,0.9,0.8,0.8,0.48,22.314258012571308,0.5337061370338758,0.46629386296612424,0.75,0.25,0.75,0.25,18,6,18,6,24,5,24,18,0.4227825403213501,0.3352984938281715,,,,,,,,,,,0.3867701932898586,0.6817958671040338
219,train-load-0.8-scenario-638,0.8,0.7233708333333334,0.7233708333333334,0.6069778,11.149753869423332,0.9505843092603983,0.5494156907396017,0.875,0.125,0.7777777777777778,0.2222222222222222,7,1,7,2,9,5,8,7,0.627437949180603,0.33362200135903064,,,,,,,,,,,0.3867701932898586,0.6817958671040338
220,train-load-0.8-scenario-597-retry-1,0.8,0.9142857142857143,0.9142857142857143,0.5714285714285714,15.751309363876892,0.5469010149307758,0.4530989850692243,0.75,0.25,0.75,0.25,12,4,12,4,16,7,16,12,0.3639705777168274,0.33195389135223546,,,,,,,,,,,0.3867701932898586,0.6817958671040338
221,train-hard-4gpu-12pod-small,0.375,0.375,0.25,0.375,22.316746824526945,1.875,0.125,1.0,0.0,1.0,0.0,12,0,12,0,12,4,12,12,0.5357229709625244,0.3302941218954743,,,,,,,,,,,0.3867701932898586,0.6817958671040338
222,train-load-1.0-scenario-512-retry-14,1.0,1.0166666666666666,0.4444444444444444,1.0166666666666666,5.046014760153625,-0.43408165446456026,0.587927808310714,0.5384615384615384,0.46153846153846156,0.5625,0.4375,7,6,9,7,16,6,13,7,0.465835839509964,0.32864265128599696,,,,,,,,,,,0.3867701932898586,0.6817958671040338
223,train-load-0.9-scenario-510-retry-1,0.9,0.8072978333333333,0.7190504166666667,0.8072978333333333,10.826639947789122,0.4664802637610924,0.8062470089661804,0.8181818181818182,0.18181818181818182,0.7692307692307693,0.23076923076923078,9,2,10,3,13,6,11,9,0.3942655324935913,0.326999438029567,,,,,,,,,,,0.3867701932898586,0.6817958671040338
224,train-load-0.7-scenario-308-retry-4,0.7,0.6291666666666667,0.6291666666666667,0.48333333333333334,26.264803837455716,1.4664556951260121,0.31132208265176553,0.9444444444444444,0.05555555555555555,0.9444444444444444,0.05555555555555555,17,1,17,1,18,6,18,17,0.626118540763855,0.3253644408394192,,,,,,,,,,,0.3867701932898586,0.6817958671040338
225,train-load-0.6-scenario-533,0.6,0.5,0.3,0.5,25.237710678047968,1.4345016202117107,0.5654983797882893,1.0,0.0,1.0,0.0,16,0,16,0,16,8,16,16,0.4416988492012024,0.3237376186352221,,,,,,,,,,,0.3867701932898586,0.6817958671040338
226,train-load-0.7-scenario-411-retry-7,0.7,0.7714285714285715,0.42857142857142855,0.7714285714285715,9.440773478064198,0.5610125881799675,0.5500985229311437,0.7777777777777778,0.2222222222222222,0.7777777777777778,0.2222222222222222,7,2,7,2,9,7,9,7,0.3086884021759033,0.322118930542046,,,,,,,,,,,0.3867701932898586,0.6817958671040338
227,train-load-0.5-scenario-236,0.5,0.471184,0.2513241666666667,0.471184,9.597452914296692,1.2515944381914303,0.7484055618085697,1.0,0.0,1.0,0.0,5,0,5,0,5,5,5,5,0.45068591833114624,0.32050833588933575,,,,,,,,,,,0.3867701932898586,0.6817958671040338
228,train-load-0.9-scenario-577-retry-4,0.9,1.0,0.6,1.0,8.750681285841576,0.6296534610520483,0.3703465389479518,0.75,0.25,0.75,0.25,6,2,12,4,16,4,8,6,0.6382632851600647,0.31890579420988907,,,,,,,,,,,0.3867701932898586,0.6817958671040338
229,train-load-0.9-scenario-323,0.9,0.79997125,0.744218125,0.79997125,5.139428530335035,-0.003767435547510023,0.50376743554751,0.625,0.375,0.625,0.375,5,3,5,3,8,4,8,5,0.6238459944725037,0.3173112652388396,,,,,,,,,,,0.3867701932898586,0.6817958671040338
230,train-load-1.0-scenario-200-retry-6,1.0,0.9,0.9,0.75,15.084601781142766,0.9499211337123679,0.3834121996209655,0.8333333333333334,0.16666666666666666,0.8333333333333334,0.16666666666666666,10,2,10,2,12,4,12,10,0.42375344038009644,0.3157247089126454,,,,,,,,,,,0.3867701932898586,0.6817958671040338
231,train-load-1.0-scenario-403-retry-2,1.0,0.8899042500000001,0.5503697916666667,0.8899042500000001,9.968382086851758,0.8930048612638871,0.5355665673075415,0.8571428571428571,0.14285714285714285,0.75,0.25,6,1,6,2,8,4,7,6,0.3740472197532654,0.3141460853680822,,,,,,,,,,,0.3867701932898586,0.6817958671040338
232,train-load-0.5-scenario-103,0.5,0.48493725,0.334830625,0.48493725,14.99612595544625,1.3285791156564266,0.6714208843435735,1.0,0.0,1.0,0.0,9,0,9,0,9,8,9,9,0.3457871675491333,0.3125753549412418,,,,,,,,,,,0.3867701932898586,0.6817958671040338
233,train-load-0.8-scenario-245,0.8,0.7621849999999999,0.44750187500000005,0.7621849999999999,11.927482786123512,0.525356977371819,0.8079763559615145,0.8333333333333334,0.16666666666666666,0.7692307692307693,0.23076923076923078,10,2,10,3,13,8,12,10,0.3557665944099426,0.31101247816653554,,,,,,,,,,,0.3867701932898586,0.6817958671040338
234,train-load-0.6-scenario-263,0.6,0.5585129166666667,0.5585129166666667,0.485786,13.164487379028792,1.4605818002098967,0.5394181997901033,1.0,0.0,1.0,0.0,7,0,7,0,7,5,7,7,0.5565383434295654,0.30945741577570285,,,,,,,,,,,0.3867701932898586,0.6817958671040338
235,train-load-0.8-scenario-603,0.8,0.6955103333333333,0.45985208333333333,0.6955103333333333,9.291306669769552,0.6384915024385219,0.8615084975614781,0.875,0.125,0.7777777777777778,0.2222222222222222,7,1,7,2,9,6,8,7,0.4717188775539398,0.3079101286968243,,,,,,,,,,,0.3867701932898586,0.6817958671040338
236,train-load-1.0-scenario-55-retry-4,1.0,0.975,0.6125,0.975,7.000685765966119,-0.2802746456579036,0.5659889313721893,0.5714285714285714,0.42857142857142855,0.5714285714285714,0.42857142857142855,8,6,8,6,14,8,14,8,0.30930471420288086,0.3063705780533402,,,,,,,,,,,0.3867701932898586,0.6817958671040338
237,train-load-0.8-scenario-182,0.8,0.6872351999999999,0.41686416666666665,0.6872351999999999,7.364961633694455,0.6723210953605496,0.6610122379727837,0.8333333333333334,0.16666666666666666,0.75,0.25,5,1,6,2,8,5,6,5,0.7499815225601196,0.30483872516307353,,,,,,,,,,,0.3867701932898586,0.6817958671040338
238,train-load-0.7-scenario-642,0.7,0.647916,0.35807625,0.647916,8.928679896802784,1.2478070328892554,0.7521929671107446,1.0,0.0,1.0,0.0,5,0,5,0,5,4,5,5,0.4232460856437683,0.3033145315372582,,,,,,,,,,,0.3867701932898586,0.6817958671040338
239,train-load-0.8-scenario-17-retry-4,0.8,0.6875,0.22916666666666666,0.6875,10.069352493690861,0.44623289892232787,0.46285801016858125,0.7272727272727273,0.2727272727272727,0.7272727272727273,0.2727272727272727,8,3,8,3,11,8,11,8,0.19971036911010742,0.3017979588795719,,,,,,,,,,,0.3867701932898586,0.6817958671040338
240,train-load-0.8-scenario-33,0.8,0.7000730357142858,0.7000730357142858,0.5506954285714286,15.018954522230587,0.7419230476837633,0.6426923369316213,0.8461538461538461,0.15384615384615385,0.8461538461538461,0.15384615384615385,11,2,11,2,13,7,13,11,0.42659056186676025,0.30028896908517405,,,,,,,,,,,0.3867701932898586,0.6817958671040338
241,train-load-0.7-scenario-272-retry-5,0.7,0.8,0.5,0.8,9.552928794351828,0.218980176485152,0.44768649018151463,0.6666666666666666,0.3333333333333333,0.6666666666666666,0.3333333333333333,8,4,8,4,12,6,12,8,0.3955043852329254,0.2987875242397482,,,,,,,,,,,0.3867701932898586,0.6817958671040338
242,train-load-1.0-scenario-214,1.0,0.92696325,0.49529875,0.92696325,2.5268539290517875,-0.3619908552519172,0.6477051409662029,0.5714285714285714,0.42857142857142855,0.5714285714285714,0.42857142857142855,4,3,4,3,7,4,7,4,0.32594043016433716,0.29729358661854943,,,,,,,,,,,0.3867701932898586,0.6817958671040338
243,train-load-0.7-scenario-371,0.7,0.6307670000000001,0.3940003125,0.6307670000000001,10.454804600177017,1.4197653661894578,0.5802346338105422,1.0,0.0,1.0,0.0,5,0,5,0,5,4,5,5,0.4328199028968811,0.29580711868545667,,,,,,,,,,,0.3867701932898586,0.6817958671040338
244,train-load-0.7-scenario-61,0.7,0.64,0.48,0.64,12.472488314572,1.161373943291635,0.33862605670836504,0.875,0.125,0.875,0.125,7,1,7,1,8,5,8,7,0.5341054201126099,0.2943280830920294,,,,,,,,,,,0.3867701932898586,0.6817958671040338
245,train-load-0.5-scenario-377,0.5,0.4348432,0.32011775,0.4348432,11.415419998995972,1.37012690572787,0.6298730942721299,1.0,0.0,1.0,0.0,6,0,6,0,6,5,6,6,0.5052081942558289,0.29285644267656924,,,,,,,,,,,0.3867701932898586,0.6817958671040338
246,train-load-0.7-scenario-473,0.7,0.5983067999999999,0.37701425,0.5983067999999999,7.676146531493414,0.7260861910588867,0.6072471422744469,0.8333333333333334,0.16666666666666666,0.8333333333333334,0.16666666666666666,5,1,5,1,6,5,6,5,0.6990471482276917,0.2913921604631864,,,,,,,,,,,0.3867701932898586,0.6817958671040338
247,train-load-0.6-scenario-735,0.6,0.5125,0.13541666666666666,0.5125,17.052055330827663,1.448328827562743,0.5516711724372569,1.0,0.0,1.0,0.0,10,0,10,0,10,8,10,10,0.3884711265563965,0.28993519966087045,,,,,,,,,,,0.3867701932898586,0.6817958671040338
248,train-load-0.8-scenario-271-retry-1,0.8,0.8214285714285714,0.5285714285714286,0.8214285714285714,13.574629714572803,1.1895838194197155,0.36597173613583983,0.8888888888888888,0.1111111111111111,0.8888888888888888,0.1111111111111111,8,1,8,1,9,7,9,8,0.7857236862182617,0.2884855236625661,,,,,,,,,,,0.3867701932898586,0.6817958671040338
249,train-load-0.5-scenario-648,0.5,0.45105,0.45105,0.4489366,11.407369782366082,1.3172386928565651,0.6827613071434347,1.0,0.0,1.0,0.0,6,0,6,0,6,5,6,6,0.416894793510437,0.28704309604425327,,,,,,,,,,,0.3867701932898586,0.6817958671040338
250,train-load-0.9-scenario-40-retry-2,0.9,1.0,0.3333333333333333,1.0,6.673033783511356,-0.021843669615499106,0.5672982150700445,0.6363636363636364,0.36363636363636365,0.6363636363636364,0.36363636363636365,7,4,7,4,11,4,11,7,0.49371272325515747,0.285607880564032,,,,,,,,,,,0.3867701932898586,0.6817958671040338
251,train-load-0.8-scenario-27,0.8,0.7044007499999999,0.4696515625,0.7044007499999999,15.796077184755568,1.1226384070534476,0.5137252293101886,0.9090909090909091,0.09090909090909091,0.9230769230769231,0.07692307692307693,10,1,12,1,13,8,11,10,0.5645254850387573,0.28417984116121187,,,,,,,,,,,0.3867701932898586,0.6817958671040338
252,train-load-1.0-scenario-656-retry-1,1.0,0.904381,0.6516895833333334,0.904381,15.57057674519899,1.0048635898238127,0.32846974350952074,0.8333333333333334,0.16666666666666666,0.8666666666666667,0.13333333333333333,10,2,13,2,15,7,12,10,0.5347252488136292,0.2827589419554058,,,,,,,,,,,0.3867701932898586,0.6817958671040338
253,train-load-0.5-scenario-447-retry-1,0.5,0.4125,0.3125,0.4125,16.230131144795873,1.462670148867377,0.537329851132623,1.0,0.0,1.0,0.0,9,0,9,0,9,8,9,9,0.13001784682273865,0.28134514724562876,,,,,,,,,,,0.3867701932898586,0.6817958671040338
254,train-load-0.5-scenario-186-retry-1,0.5,0.4,0.4,0.2,18.136216659538885,1.5656990212723314,0.4343009787276685,1.0,0.0,1.0,0.0,10,0,10,0,10,5,10,10,0.2905515730381012,0.2799384215094006,,,,,,,,,,,0.3867701932898586,0.6817958671040338
255,train-load-0.5-scenario-276-retry-1,0.5,0.5038566,0.417645,0.5038566,10.77373330549257,1.2652060490222015,0.7347939509777985,1.0,0.0,1.0,0.0,6,0,6,0,6,5,6,6,0.3800728917121887,0.27853872940185365,,,,,,,,,,,0.3867701932898586,0.6817958671040338
256,train-load-0.9-scenario-303-retry-1,0.9,0.8409888,0.5516308333333334,0.8409888,4.142863366843292,-0.1285249951545233,0.6285249951545233,0.625,0.375,0.5555555555555556,0.4444444444444444,5,3,5,4,9,5,8,5,0.5970050692558289,0.27714603575484437,,,,,,,,,,,0.3867701932898586,0.6817958671040338
257,train-load-1.0-scenario-360,1.0,1.00245925,0.53506,1.00245925,10.029929503241288,0.6684442051969366,0.4426669059141747,0.7777777777777778,0.2222222222222222,0.7777777777777778,0.2222222222222222,7,2,7,2,9,4,9,7,0.26509618759155273,0.2757603055760701,,,,,,,,,,,0.3867701932898586,0.6817958671040338
258,train-load-0.5-scenario-616,0.5,0.477599,0.22394444444444442,0.477599,9.20577987444984,1.2007983059451968,0.7992016940548032,1.0,0.0,1.0,0.0,5,0,5,0,5,6,5,5,0.4327528476715088,0.2743815040481898,,,,,,,,,,,0.3867701932898586,0.6817958671040338
259,train-load-0.6-scenario-398,0.6,0.6066195,0.3369390625,0.6066195,10.54533096278602,1.442009525094524,0.5579904749054759,1.0,0.0,1.0,0.0,5,0,5,0,5,4,5,5,0.3063081204891205,0.2730095965279488,,,,,,,,,,,0.3867701932898586,0.6817958671040338
260,train-load-0.5-scenario-64-retry-2,0.5,0.5714285714285714,0.09523809523809523,0.5714285714285714,10.86466312895815,0.9261977649860369,0.573802235013963,0.875,0.125,0.875,0.125,7,1,7,1,8,7,8,7,0.3336961269378662,0.27164454854530906,,,,,,,,,,,0.3867701932898586,0.6817958671040338
261,train-load-0.9-scenario-518-retry-4,0.9,1.0,1.0,0.4125,2.7459212981209937,-0.47849004827243635,0.7007122704946587,0.5555555555555556,0.4444444444444444,0.5555555555555556,0.4444444444444444,5,4,5,4,9,4,9,5,0.721716046333313,0.2702863258025825,,,,,,,,,,,0.3867701932898586,0.6817958671040338
262,train-load-1.0-scenario-464-retry-3,1.0,1.0277777777777777,1.0277777777777777,0.6833333333333333,10.040852442542924,0.6426208365698791,0.468490274541232,0.7777777777777778,0.2222222222222222,0.6923076923076923,0.3076923076923077,7,2,9,4,13,6,9,7,0.7200319170951843,0.2689348941735696,,,,,,,,,,,0.3867701932898586,0.6817958671040338
263,train-load-1.0-scenario-29-retry-2,1.0,0.91097275,0.7837881250000001,0.91097275,8.880560176661511,0.47801290766599724,0.6330982034451139,0.7777777777777778,0.2222222222222222,0.7,0.3,7,2,7,3,10,4,9,7,0.6348613500595093,0.26759021970270175,,,,,,,,,,,0.3867701932898586,0.6817958671040338
264,train-load-0.8-scenario-60-retry-4,0.8,0.9142857142857143,0.8857142857142857,0.9142857142857143,3.666895756784924,-0.3502727820772471,0.5724950042994694,0.5555555555555556,0.4444444444444444,0.42857142857142855,0.5714285714285714,5,4,6,8,14,7,9,5,0.6895688772201538,0.2662522686041882,,,,,,,,,,,0.3867701932898586,0.6817958671040338
265,train-load-0.7-scenario-302,0.7,0.612477,0.3916291666666667,0.612477,16.49105154163236,1.1545764875044253,0.8454235124955748,1.0,0.0,1.0,0.0,11,0,11,0,11,8,11,11,0.5794116258621216,0.2649210072611673,,,,,,,,,,,0.3867701932898586,0.6817958671040338
266,train-load-0.8-scenario-425-retry-2,0.8,0.9,0.625,0.9,9.253162788020663,0.4754413718581453,0.32455862814185465,0.7,0.3,0.7,0.3,7,3,7,3,10,4,10,7,0.6562821269035339,0.26359640222486147,,,,,,,,,,,0.3867701932898586,0.6817958671040338
267,train-load-0.7-scenario-406,0.7,0.6833333333333333,0.6833333333333333,0.66,22.721080182004496,1.7327473116540268,0.26725268834597316,1.0,0.0,1.0,0.0,13,0,13,0,13,5,13,13,0.37327682971954346,0.26227842021373715,,,,,,,,,,,0.3867701932898586,0.6817958671040338
268,train-load-0.9-scenario-691-retry-5,0.9,0.9,0.7,0.9,10.252661360394399,0.4959412339361079,0.7040587660638922,0.8,0.2,0.8,0.2,8,2,8,2,10,5,10,8,0.49621784687042236,0.2609670281126685,,,,,,,,,,,0.3867701932898586,0.6817958671040338
269,train-load-1.0-scenario-98,1.0,0.9502462857142858,0.6373315476190475,0.9502462857142858,12.227057301305168,0.6779598149304459,0.594767457796827,0.8181818181818182,0.18181818181818182,0.7857142857142857,0.21428571428571427,9,2,11,3,14,7,11,9,0.6884852051734924,0.25966219297210513,,,,,,,,,,,0.3867701932898586,0.6817958671040338
270,train-load-1.0-scenario-127-retry-2,1.0,1.1,0.88,1.1,4.447593779172939,-0.1789211651503959,0.4011433873726183,0.5555555555555556,0.4444444444444444,0.5555555555555556,0.4444444444444444,5,4,5,4,9,5,9,5,0.7630956172943115,0.2583638820072446,,,,,,,,,,,0.3867701932898586,0.6817958671040338
271,train-load-1.0-scenario-225,1.0,1.0857142857142856,0.6571428571428571,1.0857142857142856,4.096042390140594,-0.45068958950678306,0.6325077713249648,0.5454545454545454,0.45454545454545453,0.5,0.5,6,5,7,7,14,7,11,6,0.6652158498764038,0.2570720625972084,,,,,,,,,,,0.3867701932898586,0.6817958671040338
272,train-load-0.6-scenario-481,0.6,0.4895833333333333,0.4895833333333333,0.45,16.317598418130487,1.5165241952601671,0.4834758047398328,1.0,0.0,1.0,0.0,9,0,9,0,9,8,9,9,0.6324730515480042,0.25578670228422234,,,,,,,,,,,0.3867701932898586,0.6817958671040338
273,train-load-0.5-scenario-43,0.5,0.46875,0.15625,0.46875,23.43264052476102,1.3816473699456742,0.6183526300543258,1.0,0.0,1.0,0.0,15,0,15,0,15,8,15,15,0.5793348550796509,0.25450776877280124,,,,,,,,,,,0.3867701932898586,0.6817958671040338
274,train-load-1.0-scenario-673-retry-3,1.0,1.0625,0.4166666666666667,1.0625,7.748205390892985,0.24435114659245005,0.5556488534075499,0.7,0.3,0.7,0.3,7,3,7,3,10,4,10,7,0.6348497271537781,0.2532352299289372,,,,,,,,,,,0.3867701932898586,0.6817958671040338
275,train-load-0.8-scenario-429,0.8,0.7567321875,0.7567321875,0.72245025,16.45137415557398,0.7279963135006515,0.7386703531660153,0.8666666666666667,0.13333333333333333,0.8235294117647058,0.17647058823529413,13,2,14,3,17,8,15,13,0.8491921424865723,0.2519690537792925,,,,,,,,,,,0.3867701932898586,0.6817958671040338
276,train-load-0.7-scenario-397-retry-5,0.7,0.7083333333333334,0.7083333333333334,0.7,16.091929127234447,1.7340296155356951,0.2659703844643048,1.0,0.0,1.0,0.0,8,0,8,0,8,4,8,8,0.3866187334060669,0.2507092085103961,,,,,,,,,,,0.3867701932898586,0.6817958671040338
277,train-load-0.6-scenario-93-retry-1,0.6,0.7142857142857143,0.6547619047619048,0.7142857142857143,7.924186172109546,0.21269156752001617,0.5873084324799838,0.7,0.3,0.7,0.3,7,3,7,3,10,7,10,7,0.7690721154212952,0.2494556624678441,,,,,,,,,,,0.3867701932898586,0.6817958671040338
278,train-load-0.7-scenario-418-retry-1,0.7,0.8083333333333333,0.5333333333333333,0.8083333333333333,11.267601677201162,0.8972517856348257,0.6027482143651743,0.875,0.125,0.8181818181818182,0.18181818181818182,7,1,9,2,11,6,8,7,0.63303142786026,0.24820838415550486,,,,,,,,,,,0.3867701932898586,0.6817958671040338
279,train-load-0.8-scenario-479,0.8,0.680968,0.446440625,0.680968,7.2002812925935915,0.6518146439084176,0.6815186894249159,0.8333333333333334,0.16666666666666666,0.8333333333333334,0.16666666666666666,5,1,5,1,6,4,6,5,0.49726876616477966,0.24696734223472733,,,,,,,,,,,0.3867701932898586,0.6817958671040338
280,train-load-0.6-scenario-437,0.6,0.5621744,0.3545785,0.5621744,11.534182144493146,1.3451408686297786,0.6548591313702216,1.0,0.0,1.0,0.0,6,0,6,0,6,5,6,6,0.6073113679885864,0.2457325055235537,,,,,,,,,,,0.3867701932898586,0.6817958671040338
281,train-load-0.6-scenario-686,0.6,0.5167707142857143,0.4531556547619048,0.5167707142857143,14.343214412884528,1.2108151544639645,0.7891848455360355,1.0,0.0,1.0,0.0,9,0,9,0,9,7,9,9,0.5256654620170593,0.24450384299593592,,,,,,,,,,,0.3867701932898586,0.6817958671040338
282,train-load-0.9-scenario-197-retry-5,0.9,1.0,1.0,0.625,18.95464987895377,0.559668619579087,0.44033138042091313,0.75,0.25,0.75,0.25,15,5,15,5,20,8,20,15,0.6312928795814514,0.24328132378095624,,,,,,,,,,,0.3867701932898586,0.6817958671040338
283,train-load-0.5-scenario-248,0.5,0.531249,0.38667395833333335,0.531249,10.989174520116887,1.53893416009947,0.4610658399005302,1.0,0.0,1.0,0.0,5,0,5,0,5,4,5,5,0.5629088878631592,0.24206491716205145,,,,,,,,,,,0.3867701932898586,0.6817958671040338
284,train-load-0.8-scenario-705-retry-6,0.8,0.85,0.6875,0.85,5.0473431272171165,-0.07225997825715558,0.2944822004793779,0.5555555555555556,0.4444444444444444,0.5555555555555556,0.4444444444444444,5,4,5,4,9,4,9,5,0.6994961500167847,0.2408545925762412,,,,,,,,,,,0.3867701932898586,0.6817958671040338
285,train-load-0.9-scenario-259-retry-2,0.9,1.0,0.8,1.0,3.721791290096378,-0.3384726990889333,0.5606949213111556,0.5555555555555556,0.4444444444444444,0.5555555555555556,0.4444444444444444,5,4,5,4,9,5,9,5,0.9358534216880798,0.23965031961336,,,,,,,,,,,0.3867701932898586,0.6817958671040338
286,train-load-0.5-scenario-91-retry-1,0.5,0.4,0.2916666666666667,0.4,26.03826427509654,1.7663590576681782,0.2336409423318217,1.0,0.0,1.0,0.0,15,0,15,0,15,6,15,15,0.43754148483276367,0.2384520680152932,,,,,,,,,,,0.3867701932898586,0.6817958671040338
287,train-load-0.7-scenario-339-retry-1,0.7,0.58125,0.3,0.58125,15.097337802000427,1.3482179098593605,0.6517820901406395,1.0,0.0,1.0,0.0,9,0,9,0,9,8,9,9,0.7301754951477051,0.23725980767521673,,,,,,,,,,,0.3867701932898586,0.6817958671040338
288,train-load-0.7-scenario-196,0.7,0.6626822,0.57032325,0.6626822,5.901985001969117,0.08717930416783526,0.9128206958321647,0.75,0.25,0.75,0.25,6,2,6,2,8,5,8,6,0.5696964263916016,0.23607350863684065,,,,,,,,,,,0.3867701932898586,0.6817958671040338
289,train-load-0.5-scenario-45-retry-1,0.5,0.5714285714285714,0.19047619047619047,0.5714285714285714,11.073617966199027,0.9633895980533418,0.5366104019466581,0.875,0.125,0.875,0.125,7,1,7,1,8,7,8,7,0.5827980041503906,0.23489314109365644,,,,,,,,,,,0.3867701932898586,0.6817958671040338
290,train-load-0.6-scenario-181-retry-2,0.6,0.5,0.3,0.5,20.952633136909242,1.613654210146769,0.38634578985323104,1.0,0.0,1.0,0.0,12,0,12,0,12,6,12,12,0.9747797846794128,0.23371867538818816,,,,,,,,,,,0.3867701932898586,0.6817958671040338
291,train-load-0.5-scenario-104,0.5,0.48332371428571425,0.24992428571428568,0.48332371428571425,9.458903707982653,1.2400027254165358,0.7599972745834642,1.0,0.0,1.0,0.0,5,0,6,0,6,7,5,5,0.7624492049217224,0.23255008201124722,,,,,,,,,,,0.3867701932898586,0.6817958671040338
292,train-load-0.6-scenario-672,0.6,0.6048562,0.30529833333333334,0.6048562,9.958410582189565,1.3150667695910663,0.6849332304089336,1.0,0.0,1.0,0.0,5,0,6,0,6,5,5,5,0.8802855610847473,0.231387331601191,,,,,,,,,,,0.3867701932898586,0.6817958671040338
293,train-load-0.7-scenario-300-retry-1,0.7,0.7928571428571428,0.4642857142857143,0.7928571428571428,12.052864900399673,0.7768752796804834,0.8231247203195167,0.9,0.1,0.9,0.1,9,1,9,1,10,7,10,9,0.7173049449920654,0.23023039494318503,,,,,,,,,,,0.3867701932898586,0.6817958671040338
294,train-load-0.9-scenario-172-retry-1,0.9,0.7897277142857143,0.6537738095238096,0.7897277142857143,13.580145668716433,0.7052720718069911,0.6280612615263423,0.8333333333333334,0.16666666666666666,0.7692307692307693,0.23076923076923078,10,2,10,3,13,7,12,10,0.7167713642120361,0.2290792429684691,,,,,,,,,,,0.3867701932898586,0.6817958671040338
295,train-load-0.8-scenario-468-retry-4,0.8,0.90625,0.8229166666666666,0.90625,-0.715882385154673,-1.205573216783593,0.6601186713290477,0.36363636363636365,0.6363636363636364,0.5,0.5,4,7,7,7,14,8,11,4,0.7127728462219238,0.22793384675362674,,,,,,,,,,,0.3867701932898586,0.6817958671040338
296,train-load-0.7-scenario-649,0.7,0.6058445,0.38555989583333333,0.6058445,15.57370951687152,1.3921946739881883,0.6078053260118117,1.0,0.0,1.0,0.0,9,0,10,0,10,8,9,9,0.674578070640564,0.22679417751985861,,,,,,,,,,,0.3867701932898586,0.6817958671040338
297,train-load-1.0-scenario-430,1.0,0.9287231250000001,0.7348651041666666,0.9287231250000001,15.838760266831118,0.537018812614301,0.712981187385699,0.8125,0.1875,0.7222222222222222,0.2777777777777778,13,3,13,5,18,8,16,13,0.4457641839981079,0.22566020663225933,,,,,,,,,,,0.3867701932898586,0.6817958671040338
298,train-load-0.7-scenario-143,0.7,0.63404275,0.39019812500000006,0.63404275,10.57612066083874,1.409545453905418,0.590454546094582,1.0,0.0,1.0,0.0,5,0,6,0,6,4,5,5,1.0034120082855225,0.22453190559909803,,,,,,,,,,,0.3867701932898586,0.6817958671040338
299,train-load-0.5-scenario-194-retry-1,0.5,0.5714285714285714,0.5714285714285714,0.5714285714285714,15.3554990046409,1.606260472666917,0.39373952733308315,1.0,0.0,1.0,0.0,8,0,10,0,10,7,8,8,0.2222817838191986,0.22340924607110255,,,,,,,,,,,0.3867701932898586,0.6817958671040338
300,train-load-0.7-scenario-550-retry-2,0.7,0.6666666666666666,0.6111111111111112,0.6666666666666666,19.728180580394064,1.1725950390322857,0.5416906752534288,0.9285714285714286,0.07142857142857142,0.9285714285714286,0.07142857142857142,13,1,13,1,14,6,14,13,0.8708336353302002,0.22229219984074702,0.38381970011919864,0.5081744020312229,0.7229985255376054,0.27700147446239465,0.7094439206863453,0.29055607931365474,0.695685592379783,0.7303706805797423,0.27619513181109234,0.7399685722444003,0.38381970011919864,0.695685592379783
301,train-load-1.0-scenario-155,1.0,0.9011024999999999,0.6134725000000001,0.9011024999999999,2.280680103665377,-0.4008243865156659,0.6865386722299516,0.5714285714285714,0.42857142857142855,0.5714285714285714,0.42857142857142855,4,3,4,3,7,4,7,4,0.6610944271087646,0.2211807388415433,,,,,,,,,,,0.38381970011919864,0.695685592379783
302,train-load-0.9-scenario-93,0.9,0.8077872,0.49993375,0.8077872,15.799174806148267,1.515883921721021,0.4841160782789792,1.0,0.0,1.0,0.0,9,0,9,0,9,5,9,9,0.3853301405906677,0.22007483514733558,,,,,,,,,,,0.38381970011919864,0.695685592379783
303,train-load-0.5-scenario-651-retry-4,0.5,0.45,0.16666666666666666,0.45,15.143002840267137,1.529121462458121,0.470878537541879,1.0,0.0,1.0,0.0,8,0,8,0,8,4,8,8,0.27879202365875244,0.2189744609715989,,,,,,,,,,,0.38381970011919864,0.695685592379783
304,train-load-1.0-scenario-68,1.0,1.0666666666666667,1.0666666666666667,1.0666666666666667,6.130614440718323,0.13169135852665526,0.3683086414733447,0.625,0.375,0.625,0.375,5,3,10,6,16,6,8,5,0.42752185463905334,0.2178795886667409,,,,,,,,,,,0.38381970011919864,0.695685592379783
305,train-load-0.9-scenario-477-retry-1,0.9,0.875,0.14583333333333334,0.875,20.5148405083213,0.5022033153274825,0.7358919227677556,0.8095238095238095,0.19047619047619047,0.8095238095238095,0.19047619047619047,17,4,17,4,21,6,21,17,0.41676032543182373,0.2167901907234072,,,,,,,,,,,0.38381970011919864,0.695685592379783
306,train-load-0.5-scenario-645-retry-4,0.5,0.5625,0.5625,0.5,18.23279121561132,1.6179185431138585,0.3820814568861414,1.0,0.0,1.0,0.0,10,0,10,0,10,8,10,10,0.4742353558540344,0.21570623976979014,,,,,,,,,,,0.38381970011919864,0.695685592379783
307,train-load-0.5-scenario-452-retry-2,0.5,0.525,0.2916666666666667,0.525,20.12958734411701,1.5375854147974661,0.46241458520253387,1.0,0.0,1.0,0.0,12,0,12,0,12,6,12,12,0.4464866518974304,0.21462770857094118,,,,,,,,,,,0.38381970011919864,0.695685592379783
308,train-load-0.6-scenario-587-retry-1,0.6,0.7083333333333334,0.7083333333333334,0.55,14.525819034529082,1.2464996523668859,0.30905590318866943,0.8888888888888888,0.1111111111111111,0.8666666666666667,0.13333333333333333,8,1,13,2,15,6,9,8,0.37100231647491455,0.21355457002808648,,,,,,,,,,,0.38381970011919864,0.695685592379783
309,train-load-0.5-scenario-363,0.5,0.6,0.39880952380952384,0.6,5.1390188989605345,-0.12154997414054425,0.7882166408072109,0.6666666666666666,0.3333333333333333,0.6666666666666666,0.3333333333333333,6,3,6,3,9,7,9,6,0.2752787470817566,0.21248679717794605,,,,,,,,,,,0.38381970011919864,0.695685592379783
310,train-load-0.7-scenario-450,0.7,0.61093025,0.40472374999999994,0.61093025,14.328724119887486,1.218888734567202,0.7811112654327981,1.0,0.0,1.0,0.0,9,0,10,0,10,8,9,9,0.8123646974563599,0.21142436319205632,,,,,,,,,,,0.38381970011919864,0.695685592379783
311,train-load-0.8-scenario-570-retry-3,0.8,0.9,0.9,0.4,7.197949542493826,0.2938727169217583,0.7061272830782417,0.75,0.25,0.75,0.25,6,2,6,2,8,4,8,6,0.40264227986335754,0.21036724137609603,,,,,,,,,,,0.38381970011919864,0.695685592379783
312,train-load-1.0-scenario-611-retry-2,1.0,1.1111111111111112,1.1111111111111112,0.16666666666666666,3.883858832803195,-0.38292864108947755,0.7829286410894775,0.6,0.4,0.6,0.4,6,4,6,4,10,6,10,6,0.3347392678260803,0.20931540516921554,,,,,,,,,,,0.38381970011919864,0.695685592379783
313,train-load-0.6-scenario-142,0.6,0.5740078333333333,0.3200895833333333,0.5740078333333333,6.610958206458344,0.6640886695122884,0.5359113304877117,0.8,0.2,0.8571428571428571,0.14285714285714285,4,1,6,1,7,6,5,4,0.6454677581787109,0.20826882814336947,,,,,,,,,,,0.38381970011919864,0.695685592379783
314,train-load-1.0-scenario-513-retry-4,1.0,0.9047619047619048,0.9047619047619048,0.8214285714285714,6.903876924306939,-0.2738536688360885,0.5595679545503742,0.5714285714285714,0.42857142857142855,0.5714285714285714,0.42857142857142855,8,6,8,6,14,7,14,8,0.581238865852356,0.20722748400265262,,,,,,,,,,,0.38381970011919864,0.695685592379783
315,train-load-0.7-scenario-534,0.7,0.76,0.56,0.76,12.18688775906392,1.135572841118093,0.3644271588819071,0.875,0.125,0.875,0.125,7,1,7,1,8,5,8,7,0.4871658682823181,0.20619134658263935,,,,,,,,,,,0.38381970011919864,0.695685592379783
316,train-load-1.0-scenario-586-retry-2,1.0,0.9,0.9,0.9,14.830451729154221,0.30843269289848685,0.3582339737681798,0.6666666666666666,0.3333333333333333,0.6666666666666666,0.3333333333333333,12,6,12,6,18,4,18,12,0.42793217301368713,0.20516038984972615,,,,,,,,,,,0.38381970011919864,0.695685592379783
317,train-load-0.6-scenario-34,0.6,0.5,0.3333333333333333,0.5,23.496861001803474,1.5771355571177048,0.4228644428822952,1.0,0.0,1.0,0.0,14,0,14,0,14,7,14,14,0.2903023958206177,0.2041345879004775,,,,,,,,,,,0.38381970011919864,0.695685592379783
318,train-load-1.0-scenario-395-retry-3,1.0,1.1111111111111112,1.1111111111111112,1.1,3.91429326234592,-0.5983898084692078,0.444543654623054,0.46153846153846156,0.5384615384615384,0.46153846153846156,0.5384615384615384,6,7,6,7,13,6,13,6,0.6791495680809021,0.2031139149609751,,,,,,,,,,,0.38381970011919864,0.695685592379783
319,train-load-0.7-scenario-217,0.7,0.65,0.3333333333333333,0.65,17.363201662348114,1.5285640073860491,0.47143599261395086,1.0,0.0,1.0,0.0,10,0,10,0,10,5,10,10,0.3900604844093323,0.20209834538617025,,,,,,,,,,,0.38381970011919864,0.695685592379783
320,train-load-0.9-scenario-608-retry-8,0.9,0.9916666666666667,0.4625,0.9916666666666667,16.663280062132188,0.6409305292116132,0.6090694707883867,0.8125,0.1875,0.8125,0.1875,13,3,13,3,16,6,16,13,0.6149346828460693,0.2010878536592394,,,,,,,,,,,0.38381970011919864,0.695685592379783
321,train-load-0.9-scenario-424-retry-1,0.9,0.7857142857142857,0.3142857142857143,0.7857142857142857,18.63395032701198,0.7984829007079768,0.7015170992920232,0.875,0.125,0.875,0.125,14,2,14,2,16,7,16,14,0.39743849635124207,0.2000824143909432,,,,,,,,,,,0.38381970011919864,0.695685592379783
322,train-load-0.9-scenario-146-retry-4,0.9,0.8571428571428571,0.8571428571428571,0.5142857142857142,19.108211974122614,0.7259140270158693,0.3851970840952418,0.7777777777777778,0.2222222222222222,0.7777777777777778,0.2222222222222222,14,4,14,4,18,7,18,14,0.42714017629623413,0.19908200231898848,,,,,,,,,,,0.38381970011919864,0.695685592379783
323,train-load-0.7-scenario-56,0.7,0.6193801999999999,0.4231608333333333,0.6193801999999999,12.091462064798549,1.4878945289232712,0.5121054710767288,1.0,0.0,1.0,0.0,6,0,7,0,7,5,6,6,0.34149283170700073,0.19808659230739353,,,,,,,,,,,0.38381970011919864,0.695685592379783
324,train-load-0.6-scenario-586,0.6,0.5,0.25,0.5,31.913008797078668,1.6218489023847307,0.3781510976152694,1.0,0.0,1.0,0.0,20,0,20,0,20,6,20,20,0.23212149739265442,0.19709615934585656,,,,,,,,,,,0.38381970011919864,0.695685592379783
325,train-load-0.8-scenario-274,0.8,0.796821875,0.796821875,0.621725,12.832465855881258,1.4373121653962935,0.5626878346037066,1.0,0.0,1.0,0.0,7,0,8,0,8,4,7,7,0.6268564462661743,0.19611067854912728,,,,,,,,,,,0.38381970011919864,0.695685592379783
326,train-load-1.0-scenario-717-retry-1,1.0,0.9048796,0.5221675,0.9048796,12.715775484621936,1.0004176426007665,0.5551379129547891,0.8888888888888888,0.1111111111111111,0.8,0.2,8,1,8,2,10,5,9,8,0.4907630681991577,0.19513012515638165,,,,,,,,,,,0.38381970011919864,0.695685592379783
327,train-load-0.7-scenario-713,0.7,0.7333333333333333,0.7333333333333333,0.36666666666666664,18.504589823574577,1.503746991233419,0.49625300876658096,1.0,0.0,1.0,0.0,11,0,11,0,11,6,11,11,0.37664029002189636,0.19415447453059972,,,,,,,,,,,0.38381970011919864,0.695685592379783
328,train-load-1.0-scenario-564-retry-1,1.0,0.928019,0.5382107638888889,0.928019,10.658397563458916,0.4737814435854011,0.7989458291418717,0.8181818181818182,0.18181818181818182,0.75,0.25,9,2,9,3,12,6,11,9,0.5145493745803833,0.19318370215794672,,,,,,,,,,,0.38381970011919864,0.695685592379783
329,train-load-0.9-scenario-306,0.9,0.8774995,0.45705260416666665,0.8774995,7.376730876496448,0.7224109138898773,0.610922419443456,0.8333333333333334,0.16666666666666666,0.7142857142857143,0.2857142857142857,5,1,5,2,7,4,6,5,0.39386069774627686,0.192217783647157,,,,,,,,,,,0.38381970011919864,0.695685592379783
330,train-load-0.9-scenario-365,0.9,0.9166666666666666,0.625,0.9166666666666666,12.141424265241707,1.1126696237325282,0.3873303762674719,0.875,0.125,0.8181818181818182,0.18181818181818182,7,1,9,2,11,6,8,7,0.15659287571907043,0.1912566947289212,,,,,,,,,,,0.38381970011919864,0.695685592379783
331,train-load-0.5-scenario-514,0.5,0.6,0.08333333333333333,0.6,13.272340836327242,1.2943704930730022,0.7056295069269978,1.0,0.0,1.0,0.0,8,0,8,0,8,8,8,8,0.46803754568099976,0.1903004112552766,,,,,,,,,,,0.38381970011919864,0.695685592379783
332,train-load-0.7-scenario-329,0.7,0.6727102,0.6615416666666666,0.6727102,10.257234791419954,0.9501302519861489,0.4784411765852797,0.8571428571428571,0.14285714285714285,0.8888888888888888,0.1111111111111111,6,1,8,1,9,5,7,6,0.4841723144054413,0.18934890919900021,,,,,,,,,,,0.38381970011919864,0.695685592379783
333,train-load-1.0-scenario-381-retry-4,1.0,1.1,0.3,1.1,3.261122688240259,-0.4376094755649417,0.4376094755649417,0.5,0.5,0.5,0.5,5,5,5,5,10,5,10,5,0.34652820229530334,0.18840216465300522,,,,,,,,,,,0.38381970011919864,0.695685592379783
334,train-load-1.0-scenario-218-retry-1,1.0,0.8833333333333333,0.5,0.8833333333333333,7.462558580601813,0.333057088627288,0.666942911372712,0.75,0.25,0.6,0.4,6,2,6,4,10,6,8,6,0.32848021388053894,0.18746015382974018,,,,,,,,,,,0.38381970011919864,0.695685592379783
335,train-load-0.5-scenario-267,0.5,0.5197902857142858,0.2993917857142857,0.5197902857142858,10.36525583528668,1.200551728531754,0.7994482714682462,1.0,0.0,1.0,0.0,6,0,7,0,7,7,6,6,0.44816842675209045,0.1865228530605915,,,,,,,,,,,0.38381970011919864,0.695685592379783
336,train-load-0.9-scenario-483,0.9,0.9569106666666666,0.5562225000000001,0.9569106666666666,8.362294285592656,0.3714162878169667,0.7396948232941445,0.7777777777777778,0.2222222222222222,0.6666666666666666,0.3333333333333333,7,2,8,4,12,6,9,7,0.3646777272224426,0.18559023879528855,,,,,,,,,,,0.38381970011919864,0.695685592379783
337,train-load-0.5-scenario-162,0.5,0.42784012499999996,0.2987622395833333,0.42784012499999996,11.551477936816607,1.1751163950608348,0.8248836049391651,1.0,0.0,1.0,0.0,7,0,8,0,8,8,7,7,0.5028038024902344,0.1846622876013121,,,,,,,,,,,0.38381970011919864,0.695685592379783
338,train-load-0.9-scenario-616-retry-1,0.9,1.0,1.0,0.2,3.6937825492786223,-0.5878604955045703,0.5878604955045703,0.5,0.5,0.5,0.5,6,6,6,6,12,6,12,6,0.3612414002418518,0.18373897616330553,,,,,,,,,,,0.38381970011919864,0.695685592379783
339,train-load-0.7-scenario-366-retry-1,0.7,0.7857142857142857,0.06547619047619048,0.7857142857142857,7.180171752162051,0.0065303631837939635,0.5389241822707515,0.6363636363636364,0.36363636363636365,0.6363636363636364,0.36363636363636365,7,4,7,4,11,7,11,7,0.40482527017593384,0.182820281282489,,,,,,,,,,,0.38381970011919864,0.695685592379783
340,train-load-0.5-scenario-47-retry-2,0.5,0.43125,0.3,0.43125,24.71729630364974,1.5767084540765026,0.4232915459234975,1.0,0.0,1.0,0.0,15,0,15,0,15,8,15,15,0.49157124757766724,0.18190617987607657,,,,,,,,,,,0.38381970011919864,0.695685592379783
341,train-load-0.5-scenario-361,0.5,0.4596163333333334,0.1990111111111111,0.4596163333333334,8.844395563214842,1.1530316482918952,0.8469683517081048,1.0,0.0,1.0,0.0,5,0,5,0,5,6,5,5,0.4805743098258972,0.18099664897669618,,,,,,,,,,,0.38381970011919864,0.695685592379783
342,train-hard-4gpu-12pod-small,0.375,0.375,0.25,0.375,22.25782125942807,1.875,0.125,1.0,0.0,1.0,0.0,12,0,12,0,12,4,12,12,0.16400492191314697,0.1800916657318127,,,,,,,,,,,0.38381970011919864,0.695685592379783
343,train-load-1.0-scenario-264,1.0,1.0916666666666666,0.9166666666666666,1.0916666666666666,12.970317848105509,0.8041012242974018,0.4686260484298711,0.8181818181818182,0.18181818181818182,0.7333333333333333,0.26666666666666666,9,2,11,4,15,6,11,9,0.2797914445400238,0.17919120740315364,,,,,,,,,,,0.38381970011919864,0.695685592379783
344,train-load-0.8-scenario-85,0.8,0.7418956666666667,0.5140654166666667,0.7418956666666667,12.788075121349863,1.02063889010858,0.5349166654469755,0.8888888888888888,0.1111111111111111,0.8181818181818182,0.18181818181818182,8,1,9,2,11,6,9,8,0.22256067395210266,0.17829525136613786,,,,,,,,,,,0.38381970011919864,0.695685592379783
345,train-load-0.6-scenario-147-retry-3,0.6,0.7142857142857143,0.18571428571428572,0.7142857142857143,17.08036089755882,1.0073965321382028,0.6849111601694895,0.9230769230769231,0.07692307692307693,0.9230769230769231,0.07692307692307693,12,1,12,1,13,7,13,12,0.3364238142967224,0.17740377510930716,,,,,,,,,,,0.38381970011919864,0.695685592379783
346,train-load-0.8-scenario-458,0.8,0.7064050000000001,0.3180341666666667,0.7064050000000001,6.9467897696810255,0.5871302364246578,0.7462030969086757,0.8333333333333334,0.16666666666666666,0.7142857142857143,0.2857142857142857,5,1,5,2,7,6,6,5,0.3489148020744324,0.17651675623376062,,,,,,,,,,,0.38381970011919864,0.695685592379783
347,train-load-0.5-scenario-344,0.5,0.5859792,0.429298,0.5859792,9.686535585450503,1.1134428945106631,0.8865571054893369,1.0,0.0,1.0,0.0,6,0,7,0,7,5,6,6,0.367157518863678,0.1756341724525918,,,,,,,,,,,0.38381970011919864,0.695685592379783
348,train-load-0.8-scenario-729-retry-1,0.8,0.725,0.6041666666666666,0.725,14.42183627377225,1.306388777119111,0.24916677843644455,0.8888888888888888,0.1111111111111111,0.8888888888888888,0.1111111111111111,8,1,8,1,9,4,9,8,0.658123254776001,0.17475600159032884,,,,,,,,,,,0.38381970011919864,0.695685592379783
349,train-load-0.7-scenario-264-retry-2,0.7,0.8,0.8,0.775,8.264314635644844,0.43027796867901325,0.6808331424320979,0.7777777777777778,0.2222222222222222,0.6363636363636364,0.36363636363636365,7,2,7,4,11,4,9,7,0.4135672450065613,0.17388222158237718,,,,,,,,,,,0.38381970011919864,0.695685592379783
350,train-load-0.5-scenario-478,0.5,0.5100064,0.39195,0.5100064,10.68469522123911,1.2184503651480545,0.7815496348519455,1.0,0.0,1.0,0.0,6,0,6,0,6,5,6,6,0.35506245493888855,0.1730128104744653,,,,,,,,,,,0.38381970011919864,0.695685592379783
351,train-hard-4gpu-8pod-1vgpu,0.5,0.5,0.3333333333333333,0.5,16.42232909936926,1.8333333333333335,0.16666666666666663,1.0,0.0,1.0,0.0,8,0,8,0,8,4,8,8,0.25079596042633057,0.17214774642209296,,,,,,,,,,,0.38381970011919864,0.695685592379783
352,train-load-0.8-scenario-3-retry-7,0.8,0.88,0.88,0.88,26.14459821269697,1.0506798499076098,0.22204742281966283,0.8181818181818182,0.18181818181818182,0.8181818181818182,0.18181818181818182,18,4,18,4,22,5,22,18,0.8194737434387207,0.1712870076899825,,,,,,,,,,,0.38381970011919864,0.695685592379783
353,train-load-0.8-scenario-275,0.8,0.7875,0.35,0.7875,9.406521822386713,0.6561287029291711,0.8438712970708289,0.875,0.125,0.8181818181818182,0.18181818181818182,7,1,9,2,11,8,8,7,0.30817222595214844,0.17043057265153258,,,,,,,,,,,0.38381970011919864,0.695685592379783
354,train-load-0.8-scenario-78,0.8,0.8857142857142857,0.2619047619047619,0.8857142857142857,-3.904280801268228,-1.6475199135468834,0.6475199135468834,0.25,0.75,0.25,0.75,2,6,2,6,8,7,8,2,0.5156131386756897,0.16957841978827493,,,,,,,,,,,0.38381970011919864,0.695685592379783
355,train-load-0.9-scenario-716-retry-7,0.9,1.0,0.8,1.0,12.66050041265327,0.2499887994029869,0.5000112005970131,0.6875,0.3125,0.6875,0.3125,11,5,11,5,16,6,16,11,0.324202299118042,0.16873052768933355,,,,,,,,,,,0.38381970011919864,0.695685592379783
356,train-load-0.9-scenario-23,0.9,0.829962375,0.4835084375,0.829962375,15.608349204447467,0.9169700508829951,0.7496966157836715,0.9166666666666666,0.08333333333333333,0.8461538461538461,0.15384615384615385,11,1,11,2,13,8,12,11,0.2961476445198059,0.1678868750508869,,,,,,,,,,,0.38381970011919864,0.695685592379783
357,train-load-0.9-scenario-157-retry-6,0.9,1.0,0.08333333333333333,1.0,4.324063145814704,-0.3228821490578123,0.7228821490578122,0.6,0.4,0.6,0.4,6,4,6,4,10,6,10,6,0.3506488800048828,0.16704744067563246,,,,,,,,,,,0.38381970011919864,0.695685592379783
358,train-load-0.5-scenario-375,0.5,0.59375,0.17708333333333334,0.59375,19.964790820742202,1.3334138500120014,0.6665861499879985,1.0,0.0,1.0,0.0,13,0,13,0,13,8,13,13,0.30515968799591064,0.1662122034722543,,,,,,,,,,,0.38381970011919864,0.695685592379783
359,train-load-0.5-scenario-294,0.5,0.5625,0.45,0.5625,15.985213643681515,1.423543539322333,0.576456460677667,1.0,0.0,1.0,0.0,9,0,9,0,9,4,9,9,0.3024381697177887,0.16538114245489302,,,,,,,,,,,0.38381970011919864,0.695685592379783
360,train-load-0.7-scenario-603,0.7,0.665458,0.3062654166666666,0.665458,10.221041529526772,1.3671738337929158,0.6328261662070842,1.0,0.0,1.0,0.0,5,0,6,0,6,5,5,5,0.5509799122810364,0.16455423674261854,,,,,,,,,,,0.38381970011919864,0.695685592379783
361,train-load-0.6-scenario-523-retry-3,0.6,0.6666666666666666,0.6666666666666666,0.5333333333333333,9.513574484295708,0.7211984066054735,0.2788015933945266,0.75,0.25,0.75,0.25,6,2,6,2,8,6,8,6,0.4698323607444763,0.16373146555890544,,,,,,,,,,,0.38381970011919864,0.695685592379783
362,train-load-0.6-scenario-80-retry-2,0.6,0.6875,0.4583333333333333,0.6875,11.290548064346007,0.5703534813180291,0.3387374277728801,0.7272727272727273,0.2727272727272727,0.7272727272727273,0.2727272727272727,8,3,8,3,11,8,11,8,0.6442089080810547,0.16291280823111093,,,,,,,,,,,0.38381970011919864,0.695685592379783
363,train-hard-8gpu-16pod-1vgpu,0.5,0.5,0.3333333333333333,0.5,25.09377403040021,1.4724894150898171,0.5275105849101828,1.0,0.0,1.0,0.0,16,0,16,0,16,8,16,16,0.4072820544242859,0.16209824418995536,,,,,,,,,,,0.38381970011919864,0.695685592379783
364,train-load-0.6-scenario-139-retry-3,0.6,0.5,0.5,0.3,20.535384942548134,1.5178083201667403,0.4821916798332597,1.0,0.0,1.0,0.0,12,0,12,0,12,4,12,12,0.4441245496273041,0.16128775296900558,,,,,,,,,,,0.38381970011919864,0.695685592379783
365,train-load-0.9-scenario-181-retry-4,0.9,1.0,0.7083333333333334,1.0,2.761012355969993,-0.467762744676818,0.46776274467681805,0.5,0.5,0.5,0.5,4,4,4,4,8,4,8,4,0.5380845069885254,0.16048131420416054,,,,,,,,,,,0.38381970011919864,0.695685592379783
366,train-load-0.7-scenario-335,0.7,0.6227355,0.592975,0.6227355,13.136709887847637,1.4383161578239456,0.5616838421760544,1.0,0.0,1.0,0.0,7,0,7,0,7,4,7,7,0.71761155128479,0.15967890763313974,,,,,,,,,,,0.38381970011919864,0.695685592379783
367,train-load-0.7-scenario-584,0.7,0.8125,0.6625,0.8125,1.9510246589179796,-0.7717514864123094,0.9535696682304912,0.5454545454545454,0.45454545454545453,0.5,0.5,6,5,8,8,16,8,11,6,0.6174381375312805,0.15888051309497406,,,,,,,,,,,0.38381970011919864,0.695685592379783
368,train-load-0.7-scenario-468,0.7,0.6,0.48,0.6,21.144752008240378,1.6209528413885048,0.3790471586114952,1.0,0.0,1.0,0.0,12,0,12,0,12,5,12,12,0.2814265489578247,0.1580861105294992,,,,,,,,,,,0.38381970011919864,0.695685592379783
369,train-load-0.6-scenario-11-retry-5,0.6,0.64,0.26666666666666666,0.64,14.257693859285713,1.4190080452014144,0.5809919547985857,1.0,0.0,1.0,0.0,8,0,8,0,8,5,8,8,0.5701838135719299,0.1572956799768517,,,,,,,,,,,0.38381970011919864,0.695685592379783
370,train-load-0.8-scenario-73-retry-9,0.8,0.8928571428571429,0.6547619047619048,0.8928571428571429,15.649709509515565,0.8504148763050059,0.5342005083103787,0.8461538461538461,0.15384615384615385,0.8461538461538461,0.15384615384615385,11,2,11,2,13,7,13,11,0.3757649064064026,0.15650920157696743,,,,,,,,,,,0.38381970011919864,0.695685592379783
371,train-load-0.9-scenario-551,0.9,1.0,0.16666666666666666,1.0,1.7110326647224468,-0.5398591520769809,0.5398591520769809,0.5,0.5,0.5,0.5,4,4,4,4,8,4,8,4,0.8017516136169434,0.1557266555690826,,,,,,,,,,,0.38381970011919864,0.695685592379783
372,train-load-0.8-scenario-331-retry-3,0.8,0.7875,0.75,0.7875,24.008690442867337,1.1901008229729628,0.36545473258259276,0.8888888888888888,0.1111111111111111,0.8888888888888888,0.1111111111111111,16,2,16,2,18,8,18,16,0.6461721658706665,0.1549480222912372,,,,,,,,,,,0.38381970011919864,0.695685592379783
373,train-load-0.7-scenario-338,0.7,0.6168587142857143,0.27333869047619047,0.6168587142857143,12.335953334650618,1.3145214411866646,0.6854785588133353,1.0,0.0,1.0,0.0,7,0,8,0,8,7,7,7,0.2224506139755249,0.15417328217978102,,,,,,,,,,,0.38381970011919864,0.695685592379783
374,train-load-1.0-scenario-273-retry-2,1.0,0.9523809523809523,0.9523809523809523,0.5714285714285714,-4.768071822678894,-1.906645987634727,0.706645987634727,0.2,0.8,0.2,0.8,2,8,2,8,10,7,10,2,0.170085147023201,0.1534024157688821,,,,,,,,,,,0.38381970011919864,0.695685592379783
375,train-load-0.6-scenario-575-retry-1,0.6,0.6428571428571429,0.5119047619047619,0.6428571428571429,14.78439355122519,1.5092966807900976,0.4907033192099025,1.0,0.0,1.0,0.0,8,0,8,0,8,7,8,8,0.3734438419342041,0.1526354036900377,,,,,,,,,,,0.38381970011919864,0.695685592379783
376,train-load-0.6-scenario-161,0.6,0.5,0.5,0.5,16.10727497162882,1.6754095301770517,0.32459046982294837,1.0,0.0,1.0,0.0,8,0,8,0,8,8,8,8,1.0338902473449707,0.1518722266715875,,,,,,,,,,,0.38381970011919864,0.695685592379783
377,train-load-0.9-scenario-75,0.9,0.7998102,0.6088312499999999,0.7998102,9.801824180078546,0.7563400531303996,0.7436599468696004,0.875,0.125,0.7777777777777778,0.2222222222222222,7,1,7,2,9,5,8,7,0.5328232645988464,0.15111286553822956,,,,,,,,,,,0.38381970011919864,0.695685592379783
378,train-hard-4gpu-4pod-1vgpu,0.25,0.25,0.16666666666666666,0.25,11.544497883017963,1.9166666666666665,0.08333333333333337,1.0,0.0,1.0,0.0,4,0,4,0,4,4,4,4,0.5277101993560791,0.15035730121053842,,,,,,,,,,,0.38381970011919864,0.695685592379783
379,train-load-0.8-scenario-551,0.8,0.6897827142857142,0.4294826785714286,0.6897827142857142,16.36719322925094,1.3216631357578161,0.6783368642421838,1.0,0.0,1.0,0.0,10,0,11,0,11,7,10,10,0.46461477875709534,0.14960551470448571,,,,,,,,,,,0.38381970011919864,0.695685592379783
380,train-load-0.5-scenario-158,0.5,0.47484362499999994,0.40467578125,0.47484362499999994,15.90754951344731,1.232728932301214,0.767271067698786,1.0,0.0,1.0,0.0,10,0,10,0,10,8,10,10,0.5080965757369995,0.14885748713096328,,,,,,,,,,,0.38381970011919864,0.695685592379783
381,train-load-0.5-scenario-335,0.5,0.4,0.2,0.4,32.17961567773741,1.663362493689007,0.336637506310993,1.0,0.0,1.0,0.0,20,0,20,0,20,5,20,20,0.31668663024902344,0.14811319969530845,,,,,,,,,,,0.38381970011919864,0.695685592379783
382,train-load-0.5-scenario-489-retry-3,0.5,0.5625,0.5625,0.40625,22.393119875904983,1.6616411477028907,0.3383588522971092,1.0,0.0,1.0,0.0,13,0,13,0,13,8,13,13,0.41787588596343994,0.1473726336968319,,,,,,,,,,,0.38381970011919864,0.695685592379783
383,train-load-0.5-scenario-389,0.5,0.5,0.5,0.375,20.35040297868757,1.52907240386082,0.47092759613917984,1.0,0.0,1.0,0.0,12,0,12,0,12,8,12,12,0.48256152868270874,0.14663577052834775,,,,,,,,,,,0.38381970011919864,0.695685592379783
384,train-load-0.9-scenario-680,0.9,0.8687325,0.6829359375,0.8687325,5.6549776295163685,0.18459102665974003,0.6725518304831172,0.7142857142857143,0.2857142857142857,0.625,0.375,5,2,5,3,8,4,7,5,0.6121689081192017,0.14590259167570602,,,,,,,,,,,0.38381970011919864,0.695685592379783
385,train-load-0.8-scenario-30,0.8,0.7009810000000001,0.6528809523809523,0.7009810000000001,21.175441737284487,1.5021103230531807,0.4978896769468192,1.0,0.0,1.0,0.0,13,0,13,0,13,7,13,13,0.18680061399936676,0.1451730787173275,,,,,,,,,,,0.38381970011919864,0.695685592379783
386,train-load-0.8-scenario-643-retry-2,0.8,0.9142857142857143,0.22857142857142856,0.9142857142857143,11.50834431738593,0.059863481944938624,0.6901365180550614,0.6875,0.3125,0.6875,0.3125,11,5,11,5,16,7,16,11,0.2576959431171417,0.14444721332374086,,,,,,,,,,,0.38381970011919864,0.695685592379783
387,train-load-0.6-scenario-451-retry-2,0.6,0.72,0.72,0.6,21.286975266362255,1.6697988664285552,0.33020113357144476,1.0,0.0,1.0,0.0,12,0,12,0,12,5,12,12,0.5297034978866577,0.14372497725712216,,,,,,,,,,,0.38381970011919864,0.695685592379783
388,train-hard-4gpu-8pod-1vgpu,0.5,0.5,0.3333333333333333,0.5,16.42232909936926,1.8333333333333335,0.16666666666666663,1.0,0.0,1.0,0.0,8,0,8,0,8,4,8,8,0.22198471426963806,0.14300635237083656,,,,,,,,,,,0.38381970011919864,0.695685592379783
389,train-load-0.9-scenario-279-retry-9,0.9,1.0,1.0,1.0,9.840726939387196,0.5331047708835778,0.26689522911642216,0.7,0.3,0.7,0.3,7,3,7,3,10,4,10,7,0.43435049057006836,0.14229132060898236,,,,,,,,,,,0.38381970011919864,0.695685592379783
390,train-load-0.8-scenario-37-retry-2,0.8,0.7,0.6125,0.7,32.78381521023182,1.6140166153296018,0.38598338467039817,1.0,0.0,1.0,0.0,21,0,21,0,21,8,21,21,0.19640585780143738,0.14157986400593744,,,,,,,,,,,0.38381970011919864,0.695685592379783
391,train-load-0.6-scenario-560,0.6,0.7142857142857143,0.5714285714285714,0.7142857142857143,9.998935753424382,0.5566024637029353,0.24339753629706468,0.7,0.3,0.7,0.3,7,3,7,3,10,7,10,7,0.6942684650421143,0.14087196468590776,,,,,,,,,,,0.38381970011919864,0.695685592379783
392,train-load-0.8-scenario-238,0.8,0.9166666666666666,0.36666666666666664,0.9166666666666666,4.6567937989999155,-0.34622168956685784,0.5280398713850396,0.5454545454545454,0.45454545454545453,0.5454545454545454,0.45454545454545453,6,5,6,5,11,6,11,6,0.4991046190261841,0.14016760486247823,,,,,,,,,,,0.38381970011919864,0.695685592379783
393,train-hard-4gpu-4pod-2vgpu,0.25,0.25,0.16666666666666666,0.25,10.85063432038124,1.7693527539194693,0.23064724608053075,1.0,0.0,1.0,0.0,4,0,8,0,8,4,4,4,0.5107479095458984,0.13946676683816583,,,,,,,,,,,0.38381970011919864,0.695685592379783
394,train-load-0.5-scenario-106,0.5,0.42502928571428567,0.2374057142857143,0.42502928571428567,9.643555725751433,1.2689805663754439,0.7310194336245561,1.0,0.0,1.0,0.0,5,0,6,0,6,7,5,5,0.5042473077774048,0.138769433003975,,,,,,,,,,,0.38381970011919864,0.695685592379783
395,train-load-0.9-scenario-622-retry-3,0.9,0.9166666666666666,0.18333333333333332,0.9166666666666666,19.981524278280137,0.39772554558724754,0.6931835453218433,0.7727272727272727,0.22727272727272727,0.7727272727272727,0.22727272727272727,17,5,17,5,22,6,22,17,0.4522089958190918,0.13807558583895513,,,,,,,,,,,0.38381970011919864,0.695685592379783
396,train-load-0.7-scenario-492-retry-1,0.7,0.75625,0.625,0.75625,11.973193745942153,0.6259172996509824,0.6468099730762904,0.8181818181818182,0.18181818181818182,0.8181818181818182,0.18181818181818182,9,2,9,2,11,8,11,9,0.5022300481796265,0.13738520790976036,,,,,,,,,,,0.38381970011919864,0.695685592379783
397,train-load-0.8-scenario-630,0.8,0.7259303333333333,0.7049034722222223,0.7259303333333333,8.335010471132245,0.3933612709932657,0.7177498401178455,0.7777777777777778,0.2222222222222222,0.7272727272727273,0.2727272727272727,7,2,8,3,11,6,9,7,0.25345662236213684,0.13669828187021155,,,,,,,,,,,0.38381970011919864,0.695685592379783
398,train-load-1.0-scenario-103,1.0,1.1071428571428572,0.42857142857142855,1.1071428571428572,11.99345395474155,0.6351694325594174,0.6375578401678554,0.8181818181818182,0.18181818181818182,0.7333333333333333,0.26666666666666666,9,2,11,4,15,7,11,9,0.2836695611476898,0.13601479046086049,,,,,,,,,,,0.38381970011919864,0.695685592379783
399,train-load-1.0-scenario-702,1.0,1.1103342,0.7726864999999999,1.1103342,10.379650083562499,0.6762198127101031,0.434891298401008,0.7777777777777778,0.2222222222222222,0.6666666666666666,0.3333333333333333,7,2,8,4,12,5,9,7,0.3611994981765747,0.1353347165085562,,,,,,,,,,,0.38381970011919864,0.695685592379783
400,train-load-0.8-scenario-306,0.8,0.92,0.7666666666666667,0.92,13.480662220935876,0.843148922564697,0.42957835016257584,0.8181818181818182,0.18181818181818182,0.8181818181818182,0.18181818181818182,9,2,9,2,11,5,11,9,0.3907785415649414,0.1346580429260134,0.3837372122936152,0.5084345531362527,0.723042941357467,0.27695705864253295,0.7099386858210869,0.29006131417891307,0.7034953792738459,0.7520971095866816,0.2623353383795377,0.7329805089006689,0.3837372122936152,0.7034953792738459
401,train-load-0.8-scenario-252,0.8,0.9,0.72,0.9,5.292974585727945,-0.02326345463722912,0.24548567685945144,0.5555555555555556,0.4444444444444444,0.5555555555555556,0.4444444444444444,5,4,5,4,9,5,9,5,0.6920775175094604,0.13398475271138335,,,,,,,,,,,0.3837372122936152,0.7034953792738459
402,train-load-0.9-scenario-206-retry-1,0.9,0.8018648333333334,0.5326586805555555,0.8018648333333334,12.09522007082043,0.9254927397629277,0.6300628157926277,0.8888888888888888,0.1111111111111111,0.8,0.2,8,1,8,2,10,6,9,8,0.2787870168685913,0.13331482894782642,,,,,,,,,,,0.3837372122936152,0.7034953792738459
403,train-load-0.8-scenario-736,0.8,0.6810932000000001,0.44109250000000005,0.6810932000000001,8.497682458227214,0.6927302480610434,0.735841180510385,0.8571428571428571,0.14285714285714285,0.8571428571428571,0.14285714285714285,6,1,6,1,7,5,7,6,0.32295459508895874,0.13264825480308728,,,,,,,,,,,0.3837372122936152,0.7034953792738459
404,train-load-0.5-scenario-587,0.5,0.4777524,0.257116,0.4777524,8.40643327405906,1.3053995700251755,0.6946004299748245,1.0,0.0,1.0,0.0,4,0,5,0,5,5,4,4,0.31362229585647583,0.13198501352907185,,,,,,,,,,,0.3837372122936152,0.7034953792738459
405,train-load-1.0-scenario-578,1.0,0.8814580000000001,0.7076046874999999,0.8814580000000001,18.044696414803163,0.9213999343373733,0.5452667323292936,0.8666666666666667,0.13333333333333333,0.7647058823529411,0.23529411764705882,13,2,13,4,17,8,15,13,0.3112589716911316,0.1313250884614265,,,,,,,,,,,0.3837372122936152,0.7034953792738459
406,train-load-0.5-scenario-558,0.5,0.4557066,0.245549,0.4557066,7.403473669497276,1.2952447706503982,0.7047552293496018,1.0,0.0,1.0,0.0,3,0,4,0,4,5,3,3,0.17229220271110535,0.13066846301911936,,,,,,,,,,,0.3837372122936152,0.7034953792738459
407,train-load-1.0-scenario-419-retry-1,1.0,1.0833333333333333,1.0833333333333333,0.9,6.313686326203778,0.11963164899014056,0.3803683510098594,0.625,0.375,0.5,0.5,5,3,6,6,12,4,8,5,0.2723141312599182,0.13001512070402377,,,,,,,,,,,0.3837372122936152,0.7034953792738459
408,train-load-1.0-scenario-690-retry-2,1.0,0.92,0.46,0.92,19.201382610959943,0.3697049050986443,0.4129037905535295,0.6956521739130435,0.30434782608695654,0.6956521739130435,0.30434782608695654,16,7,16,7,23,5,23,16,0.4441121220588684,0.12936504510050365,,,,,,,,,,,0.3837372122936152,0.7034953792738459
409,train-load-1.0-scenario-223-retry-3,1.0,0.8874024305555556,0.8874024305555556,0.7941236666666667,11.397590340457656,0.298263682181643,0.778659394741434,0.7692307692307693,0.23076923076923078,0.7142857142857143,0.2857142857142857,10,3,10,4,14,6,13,10,0.5131782293319702,0.12871821987500112,,,,,,,,,,,0.3837372122936152,0.7034953792738459
410,train-load-1.0-scenario-183-retry-7,1.0,1.0625,1.0625,0.425,5.749552314702688,-0.6018881031357664,0.48424104431223686,0.47058823529411764,0.5294117647058824,0.47058823529411764,0.5294117647058824,8,9,8,9,17,8,17,8,0.4177984893321991,0.12807462877562611,,,,,,,,,,,0.3837372122936152,0.7034953792738459
411,train-load-1.0-scenario-521-retry-1,1.0,0.9080541666666666,0.7773758333333334,0.9080541666666666,13.606624868260237,0.7686257451032026,0.5647075882301309,0.8333333333333334,0.16666666666666666,0.7142857142857143,0.2857142857142857,10,2,10,4,14,6,12,10,0.4540364742279053,0.12743425563174798,,,,,,,,,,,0.3837372122936152,0.7034953792738459
412,train-hard-4gpu-8pod-1vgpu,0.5,0.5,0.3333333333333333,0.5,16.42232909936926,1.8333333333333335,0.16666666666666663,1.0,0.0,1.0,0.0,8,0,8,0,8,4,8,8,0.5275562405586243,0.12679708435358925,,,,,,,,,,,0.3837372122936152,0.7034953792738459
413,train-load-0.9-scenario-632-retry-1,0.9,1.0,0.3,1.0,-6.8537501851976135,-2.284583395065871,0.2845833950658714,0.0,1.0,0.0,1.0,0,8,0,8,8,8,8,0,0.584579586982727,0.1261630989318213,,,,,,,,,,,0.3837372122936152,0.7034953792738459
414,train-load-0.8-scenario-307-retry-3,0.8,0.75,0.75,0.6,31.016235564183887,1.5052090591789598,0.30431475034484945,0.9523809523809523,0.047619047619047616,0.9523809523809523,0.047619047619047616,20,1,20,1,21,7,21,20,0.4870882034301758,0.1255322834371622,,,,,,,,,,,0.3837372122936152,0.7034953792738459
415,train-load-0.9-scenario-499,0.9,0.7999281666666667,0.7150993055555556,0.7999281666666667,8.900327744643786,0.15793788666607034,0.5087287800005963,0.6666666666666666,0.3333333333333333,0.6666666666666666,0.3333333333333333,8,4,8,4,12,6,12,8,0.19852280616760254,0.12490462201997637,,,,,,,,,,,0.3837372122936152,0.7034953792738459
416,train-load-1.0-scenario-32,1.0,0.9095606,0.53486775,0.9095606,12.092656034979361,0.9499059668951236,0.6056495886604318,0.8888888888888888,0.1111111111111111,0.8888888888888888,0.1111111111111111,8,1,8,1,9,5,9,8,0.37228143215179443,0.1242800989098765,,,,,,,,,,,0.3837372122936152,0.7034953792738459
417,train-load-0.8-scenario-556,0.8,0.7885601428571429,0.6574223214285714,0.7885601428571429,15.612462589574669,0.8383904178379906,0.546224966777394,0.8461538461538461,0.15384615384615385,0.7857142857142857,0.21428571428571427,11,2,11,3,14,7,13,11,0.2948286533355713,0.12365869841532712,,,,,,,,,,,0.3837372122936152,0.7034953792738459
418,train-load-0.5-scenario-538,0.5,0.5416666666666666,0.18055555555555555,0.5416666666666666,20.76463627371694,1.3592980098923402,0.6407019901076598,1.0,0.0,1.0,0.0,13,0,13,0,13,6,13,13,0.4554772973060608,0.12304040492325048,,,,,,,,,,,0.3837372122936152,0.7034953792738459
419,train-load-0.6-scenario-201,0.6,0.625,0.325,0.625,16.380892773514326,1.5373425855070586,0.4626574144929414,1.0,0.0,1.0,0.0,9,0,13,0,13,8,9,9,0.21191243827342987,0.12242520289863423,,,,,,,,,,,0.3837372122936152,0.7034953792738459
420,train-load-0.6-scenario-207-retry-8,0.6,0.6714285714285714,0.6714285714285714,0.37142857142857144,18.311267524085928,1.4489485887896272,0.5510514112103728,1.0,0.0,1.0,0.0,11,0,11,0,11,7,11,11,0.19800417125225067,0.12181307688414106,,,,,,,,,,,0.3837372122936152,0.7034953792738459
421,train-load-0.5-scenario-241-retry-1,0.5,0.5714285714285714,0.5714285714285714,0.11428571428571428,10.790150126510767,0.9203957945700958,0.5796042054299042,0.875,0.125,0.875,0.125,7,1,7,1,8,7,8,7,0.6183165907859802,0.12120401149972035,,,,,,,,,,,0.3837372122936152,0.7034953792738459
422,train-load-0.5-scenario-695,0.5,0.5000651666666667,0.20229826388888889,0.5000651666666667,9.094773315237978,1.1615402788186524,0.8384597211813476,1.0,0.0,1.0,0.0,5,0,5,0,5,6,5,5,0.7541658878326416,0.12059799144222175,,,,,,,,,,,0.3837372122936152,0.7034953792738459
423,train-load-0.9-scenario-472,0.9,0.7805811666666667,0.5687291666666667,0.7805811666666667,9.78153088754052,0.8968366726179388,0.5317347559534897,0.8571428571428571,0.14285714285714285,0.8,0.2,6,1,8,2,10,6,7,6,0.243928462266922,0.11999500148501063,,,,,,,,,,,0.3837372122936152,0.7034953792738459
424,train-load-1.0-scenario-592-retry-3,1.0,1.1,0.9166666666666666,1.1,5.76274839854257,-0.20498127678806377,0.38679945860624554,0.5454545454545454,0.45454545454545453,0.5454545454545454,0.45454545454545453,6,5,6,5,11,4,11,6,0.47294896841049194,0.11939502647758558,,,,,,,,,,,0.3837372122936152,0.7034953792738459
425,train-load-1.0-scenario-451-retry-1,1.0,0.8844762500000001,0.5631447916666666,0.8844762500000001,7.661000152070908,0.7039328058552783,0.6294005274780552,0.8333333333333334,0.16666666666666666,0.7142857142857143,0.2857142857142857,5,1,5,2,7,4,6,5,0.3436354100704193,0.11879805134519765,,,,,,,,,,,0.3837372122936152,0.7034953792738459
426,train-load-0.9-scenario-378,0.9,0.9307661428571429,0.4869672619047619,0.9307661428571429,15.005634544947426,1.0497187443135303,0.586644892050106,0.9090909090909091,0.09090909090909091,0.8461538461538461,0.15384615384615385,10,1,11,2,13,7,11,10,0.4915120005607605,0.11820406108847166,,,,,,,,,,,0.3837372122936152,0.7034953792738459
427,train-load-0.5-scenario-430-retry-3,0.5,0.45,0.40625,0.45,12.894891547765162,1.1748440805044509,0.8251559194955491,1.0,0.0,1.0,0.0,8,0,8,0,8,8,8,8,0.27811726927757263,0.1176130407830293,,,,,,,,,,,0.3837372122936152,0.7034953792738459
428,train-load-1.0-scenario-687-retry-4,1.0,1.0,0.6666666666666666,1.0,3.505982462968256,-0.4326795803121031,0.432679580312103,0.5,0.5,0.5,0.5,5,5,5,5,10,5,10,5,0.2091248631477356,0.11702497557911415,,,,,,,,,,,0.3837372122936152,0.7034953792738459
429,train-load-0.9-scenario-542-retry-1,0.9,0.8833422857142857,0.6231672619047619,0.8833422857142857,15.554918584933482,0.8183876690908578,0.5662277155245268,0.8461538461538461,0.15384615384615385,0.7857142857142857,0.21428571428571427,11,2,11,3,14,7,13,11,0.3310798406600952,0.11643985070121858,,,,,,,,,,,0.3837372122936152,0.7034953792738459
430,train-load-0.5-scenario-506,0.5,0.55,0.4583333333333333,0.55,15.925302886082127,1.6693130856303657,0.33068691436963427,1.0,0.0,1.0,0.0,8,0,8,0,8,6,8,8,0.3639322519302368,0.11585765144771248,,,,,,,,,,,0.3837372122936152,0.7034953792738459
431,train-load-1.0-scenario-110-retry-1,1.0,0.9232765,0.8210281249999999,0.9232765,12.057309061137694,0.7820033802054337,0.41799661979456637,0.8,0.2,0.8,0.2,8,2,8,2,10,4,10,8,0.4291580319404602,0.11527836319047392,,,,,,,,,,,0.3837372122936152,0.7034953792738459
432,train-load-0.9-scenario-21-retry-1,0.9,0.94,0.69,0.94,13.007336847403057,0.5135379987091125,0.5633850782139644,0.7692307692307693,0.23076923076923078,0.7692307692307693,0.23076923076923078,10,3,10,3,13,5,13,10,0.5345655679702759,0.11470197137452155,,,,,,,,,,,0.3837372122936152,0.7034953792738459
433,train-load-0.5-scenario-206,0.5,0.47973183333333336,0.4069666666666667,0.47973183333333336,13.16173116520368,1.1829589289154885,0.8170410710845115,1.0,0.0,1.0,0.0,8,0,8,0,8,6,8,8,0.324205219745636,0.11412846151764894,,,,,,,,,,,0.3837372122936152,0.7034953792738459
434,train-load-0.9-scenario-202-retry-10,0.9,0.9666666666666667,0.9666666666666667,0.4583333333333333,15.44879168182198,0.6580308755234227,0.7705405530480058,0.8571428571428571,0.14285714285714285,0.8571428571428571,0.14285714285714285,12,2,12,2,14,6,14,12,0.3780314326286316,0.1135578192100607,,,,,,,,,,,0.3837372122936152,0.7034953792738459
435,train-load-1.0-scenario-445-retry-8,1.0,0.9523809523809523,0.9523809523809523,0.7142857142857143,6.554920864866515,0.0022591733578665174,0.3977408266421334,0.6,0.4,0.6,0.4,6,4,12,8,20,7,10,6,0.25754988193511963,0.11299003011401039,,,,,,,,,,,0.3837372122936152,0.7034953792738459
436,train-load-0.7-scenario-727,0.7,0.6434114583333332,0.6434114583333332,0.6320896666666667,16.07949928651369,1.173210530370377,0.4631531059932592,0.9090909090909091,0.09090909090909091,0.9090909090909091,0.09090909090909091,10,1,10,1,11,6,11,10,0.6155294179916382,0.11242507996344034,,,,,,,,,,,0.3837372122936152,0.7034953792738459
437,train-load-0.5-scenario-301-retry-2,0.5,0.5625,0.225,0.5625,15.888414127301402,1.4458197646564521,0.5541802353435479,1.0,0.0,1.0,0.0,9,0,9,0,9,4,9,9,0.5132482647895813,0.11186295456362313,,,,,,,,,,,0.3837372122936152,0.7034953792738459
438,train-load-0.6-scenario-95-retry-1,0.6,0.48,0.4,0.48,20.89657653236928,1.542686092304516,0.4573139076954839,1.0,0.0,1.0,0.0,12,0,12,0,12,5,12,12,0.7433013916015625,0.11130363979080501,,,,,,,,,,,0.3837372122936152,0.7034953792738459
439,train-load-0.9-scenario-606-retry-1,0.9,0.925,0.4791666666666667,0.925,7.484823862198011,0.030050805136499936,0.5154037403180455,0.6363636363636364,0.36363636363636365,0.6363636363636364,0.36363636363636365,7,4,7,4,11,8,11,7,0.6398817896842957,0.11074712159185099,,,,,,,,,,,0.3837372122936152,0.7034953792738459
440,train-load-0.9-scenario-25-retry-4,0.9,1.0,0.6666666666666666,1.0,3.5077260150746508,-0.24579954999264508,0.24579954999264514,0.5,0.5,0.5,0.5,4,4,4,4,8,4,8,4,0.44206640124320984,0.11019338598389174,,,,,,,,,,,0.3837372122936152,0.7034953792738459
441,train-load-0.7-scenario-651-retry-1,0.7,0.8,0.8,0.64,6.188124667708376,0.2118544779585455,0.2881455220414545,0.625,0.375,0.625,0.375,5,3,5,3,8,5,8,5,0.5540047883987427,0.10964241905397228,,,,,,,,,,,0.3837372122936152,0.7034953792738459
442,train-load-0.9-scenario-163-retry-3,0.9,0.875,0.875,0.8,11.80496956953081,1.0827476535693161,0.4172523464306839,0.875,0.125,0.7777777777777778,0.2222222222222222,7,1,7,2,9,4,8,7,0.3786455988883972,0.10909420695870241,,,,,,,,,,,0.3837372122936152,0.7034953792738459
443,train-load-0.6-scenario-330-retry-1,0.6,0.48,0.4,0.48,37.50437887170454,1.6479482511944377,0.3520517488055624,1.0,0.0,1.0,0.0,24,0,24,0,24,5,24,24,0.2529488801956177,0.1085487359239089,,,,,,,,,,,0.3837372122936152,0.7034953792738459
444,train-load-0.8-scenario-124-retry-2,0.8,0.9,0.6,0.9,4.647227675516937,-0.1759011424306398,0.39812336465286213,0.5555555555555556,0.4444444444444444,0.5555555555555556,0.4444444444444444,5,4,5,4,9,5,9,5,0.4993635416030884,0.10800599224428936,,,,,,,,,,,0.3837372122936152,0.7034953792738459
445,train-hard-4gpu-12pod-small,0.375,0.375,0.25,0.375,22.316746824526945,1.875,0.125,1.0,0.0,1.0,0.0,12,0,12,0,12,4,12,12,0.4872915744781494,0.10746596228306791,,,,,,,,,,,0.3837372122936152,0.7034953792738459
446,train-load-0.9-scenario-19,0.9,0.7817938750000001,0.58744859375,0.7817938750000001,16.62136065926968,0.8177853529009099,0.6107860756705185,0.8571428571428571,0.14285714285714285,0.8,0.2,12,2,12,3,15,8,14,12,0.2609351873397827,0.10692863247165257,,,,,,,,,,,0.3837372122936152,0.7034953792738459
447,train-load-0.8-scenario-157,0.8,0.9142857142857143,0.6428571428571429,0.9142857142857143,5.318579297173596,-0.459971921579434,0.6138180754255878,0.5384615384615384,0.46153846153846156,0.5384615384615384,0.46153846153846156,7,6,7,6,13,7,13,7,0.5153968930244446,0.1063939893092943,,,,,,,,,,,0.3837372122936152,0.7034953792738459
448,train-load-0.6-scenario-349,0.6,0.606819,0.36074513888888887,0.606819,10.761685188951127,1.262277862901997,0.7377221370980029,1.0,0.0,1.0,0.0,6,0,7,0,7,6,6,6,0.2298586368560791,0.10586201936274783,,,,,,,,,,,0.3837372122936152,0.7034953792738459
449,train-load-1.0-scenario-341-retry-1,1.0,0.881425,0.5877783854166666,0.881425,18.18674784846736,0.9936450659625204,0.720640648323194,0.9285714285714286,0.07142857142857142,0.8666666666666667,0.13333333333333333,13,1,13,2,15,8,14,13,0.3969740569591522,0.10533270926593409,,,,,,,,,,,0.3837372122936152,0.7034953792738459
450,train-load-0.5-scenario-416,0.5,0.46433614285714286,0.3012827380952381,0.46433614285714286,13.433744350548295,1.4462928037600764,0.5537071962399237,1.0,0.0,1.0,0.0,7,0,8,0,8,7,7,7,0.5148912072181702,0.10480604571960442,,,,,,,,,,,0.3837372122936152,0.7034953792738459
451,train-load-0.9-scenario-718-retry-1,0.9,0.7834711999999999,0.62442,0.7834711999999999,9.86845593144406,0.5801465488185207,0.5309645622925905,0.7777777777777778,0.2222222222222222,0.7777777777777778,0.2222222222222222,7,2,7,2,9,5,9,7,0.5898796319961548,0.1042820154910064,,,,,,,,,,,0.3837372122936152,0.7034953792738459
452,train-load-1.0-scenario-97-retry-1,1.0,0.9146916,0.5004108333333334,0.9146916,10.619525346269818,0.8758142915024918,0.6241857084975082,0.875,0.125,0.7777777777777778,0.2222222222222222,7,1,7,2,9,5,8,7,0.2543953061103821,0.10376060541355137,,,,,,,,,,,0.3837372122936152,0.7034953792738459
453,train-load-0.9-scenario-657-retry-8,0.9,1.0125,0.675,1.0125,4.533399970993641,-0.05223799153955866,0.5522379915395587,0.625,0.375,0.625,0.375,5,3,5,3,8,4,8,5,0.7808102369308472,0.1032418023864836,,,,,,,,,,,0.3837372122936152,0.7034953792738459
454,train-load-1.0-scenario-363,1.0,0.92391,0.5244683333333333,0.92391,11.058901420840467,0.5547740293885036,0.7179532433387692,0.8181818181818182,0.18181818181818182,0.75,0.25,9,2,9,3,12,6,11,9,0.5171902179718018,0.10272559337455119,,,,,,,,,,,0.3837372122936152,0.7034953792738459
455,train-load-0.7-scenario-99,0.7,0.8,0.13333333333333333,0.8,4.397299946250982,-0.08204374408087378,0.5820437440808738,0.625,0.375,0.625,0.375,5,3,5,3,8,5,8,5,0.41069886088371277,0.10221196540767843,,,,,,,,,,,0.3837372122936152,0.7034953792738459
456,train-load-0.6-scenario-68-retry-1,0.6,0.515031,0.33159940476190475,0.515031,13.861715991591588,1.3128109059613386,0.6871890940386615,1.0,0.0,1.0,0.0,8,0,8,0,8,7,8,8,0.29832175374031067,0.10170090558064004,,,,,,,,,,,0.3837372122936152,0.7034953792738459
457,train-load-0.9-scenario-408-retry-1,0.9,0.8338285999999999,0.42241549999999994,0.8338285999999999,9.218537680859985,0.8140002913329746,0.6145711372384538,0.8571428571428571,0.14285714285714285,0.75,0.25,6,1,6,2,8,5,7,6,0.3626382350921631,0.10119240105273684,,,,,,,,,,,0.3837372122936152,0.7034953792738459
458,train-load-0.7-scenario-733-retry-2,0.7,0.8,0.8,0.4,13.298994377447647,0.8977852064875771,0.702214793512423,0.9,0.1,0.8333333333333334,0.16666666666666666,9,1,10,2,12,7,10,9,0.564522385597229,0.10068643904747315,,,,,,,,,,,0.3837372122936152,0.7034953792738459
459,train-load-0.5-scenario-329,0.5,0.4415776,0.27395600000000003,0.4415776,8.145237593955855,1.17916066080585,0.82083933919415,1.0,0.0,1.0,0.0,4,0,5,0,5,5,4,4,0.4068356156349182,0.10018300685223579,,,,,,,,,,,0.3837372122936152,0.7034953792738459
460,train-load-0.8-scenario-413,0.8,0.721735625,0.721735625,0.6921685,11.724736918136914,1.0485337894791438,0.4514662105208561,0.875,0.125,0.875,0.125,7,1,7,1,8,4,8,7,0.22019386291503906,0.0996820918179746,,,,,,,,,,,0.3837372122936152,0.7034953792738459
461,train-load-0.5-scenario-102,0.5,0.592827,0.29249097222222226,0.592827,9.254786127770716,1.2371440836703034,0.7628559163296966,1.0,0.0,1.0,0.0,5,0,7,0,7,6,5,5,0.5100498795509338,0.09918368135888474,,,,,,,,,,,0.3837372122936152,0.7034953792738459
462,train-load-0.6-scenario-26-retry-1,0.6,0.7,0.7,0.35,16.799504768148427,0.8266365159356232,0.6019349126358053,0.8571428571428571,0.14285714285714285,0.8571428571428571,0.14285714285714285,12,2,12,2,14,8,14,12,0.3757117986679077,0.09868776295209031,,,,,,,,,,,0.3837372122936152,0.7034953792738459
463,train-load-1.0-scenario-175-retry-2,1.0,1.08,1.08,1.08,4.94184061276172,-0.17551092797127232,0.3977331501934946,0.5555555555555556,0.4444444444444444,0.4166666666666667,0.5833333333333334,5,4,5,7,12,5,9,5,0.7690521478652954,0.09819432413732986,,,,,,,,,,,0.3837372122936152,0.7034953792738459
464,train-load-1.0-scenario-201,1.0,1.0056212500000001,0.689215625,1.0056212500000001,11.956821817688395,1.1013387119381766,0.39866128806182355,0.875,0.125,0.8888888888888888,0.1111111111111111,7,1,8,1,9,4,8,7,0.3554065227508545,0.09770335251664321,,,,,,,,,,,0.3837372122936152,0.7034953792738459
465,train-load-0.7-scenario-543,0.7,0.6751012000000001,0.27290475,0.6751012000000001,8.992772009837157,1.210622435166516,0.7893775648334839,1.0,0.0,1.0,0.0,5,0,6,0,6,5,5,5,0.33539891242980957,0.09721483575406,,,,,,,,,,,0.3837372122936152,0.7034953792738459
466,train-load-0.6-scenario-444,0.6,0.5218291666666667,0.5218291666666667,0.4862245,16.171958731297742,1.3074179263527217,0.6925820736472783,1.0,0.0,1.0,0.0,10,0,11,0,11,8,10,10,0.48694485425949097,0.09672876157528969,,,,,,,,,,,0.3837372122936152,0.7034953792738459
467,train-load-0.6-scenario-633,0.6,0.5258161458333334,0.5258161458333334,0.42663225,16.989309528576086,1.4157918266081575,0.5842081733918426,1.0,0.0,1.0,0.0,10,0,10,0,10,8,10,10,0.26596271991729736,0.09624511776741324,,,,,,,,,,,0.3837372122936152,0.7034953792738459
468,train-load-0.8-scenario-623-retry-1,0.8,0.9,0.9,0.75,8.040294980341372,0.35965790506420336,0.30700876160246315,0.6666666666666666,0.3333333333333333,0.6666666666666666,0.3333333333333333,6,3,12,6,18,6,9,6,0.577222466468811,0.09576389217857617,,,,,,,,,,,0.3837372122936152,0.7034953792738459
469,train-hard-8gpu-16pod-1vgpu,0.5,0.5,0.3333333333333333,0.5,27.21738182198293,1.8333333333333335,0.16666666666666663,1.0,0.0,1.0,0.0,16,0,16,0,16,8,16,16,0.36046692728996277,0.09528507271768329,,,,,,,,,,,0.3837372122936152,0.7034953792738459
470,train-load-1.0-scenario-373,1.0,1.1041666666666667,1.1041666666666667,0.51875,13.918965877002142,-0.10119387488055454,0.6466484203351,0.6363636363636364,0.36363636363636365,0.6363636363636364,0.36363636363636365,14,8,14,8,22,8,22,14,0.41718024015426636,0.09480864735409487,,,,,,,,,,,0.3837372122936152,0.7034953792738459
471,train-load-0.5-scenario-568,0.5,0.520145,0.4111083333333333,0.520145,13.784111093169159,1.5317320283388485,0.46826797166115164,1.0,0.0,1.0,0.0,7,0,7,0,7,5,7,7,0.5707211494445801,0.0943346041173244,,,,,,,,,,,0.3837372122936152,0.7034953792738459
472,train-load-0.8-scenario-640-retry-2,0.8,0.8142857142857143,0.35714285714285715,0.8142857142857143,8.8100478863872,0.09442250493823956,0.9055774950617604,0.75,0.25,0.75,0.25,9,3,9,3,12,7,12,9,0.40085843205451965,0.09386293109673778,,,,,,,,,,,0.3837372122936152,0.7034953792738459
473,train-load-0.6-scenario-743,0.6,0.6081612,0.279342,0.6081612,9.943696370056422,1.3124995174695573,0.6875004825304427,1.0,0.0,1.0,0.0,5,0,6,0,6,5,5,5,0.29168635606765747,0.09339361644125409,,,,,,,,,,,0.3837372122936152,0.7034953792738459
474,train-load-0.5-scenario-600-retry-2,0.5,0.6,0.45,0.6,19.077681897061154,1.7142292526825127,0.2857707473174872,1.0,0.0,1.0,0.0,10,0,10,0,10,5,10,10,0.45750731229782104,0.09292664835904782,,,,,,,,,,,0.3837372122936152,0.7034953792738459
475,train-load-0.9-scenario-513,0.9,0.8216245714285715,0.4678533928571429,0.8216245714285715,7.38845331996976,0.13452724892570533,0.6654727510742946,0.7,0.3,0.7272727272727273,0.2727272727272727,7,3,8,3,11,7,10,7,0.40631812810897827,0.09246201511725258,,,,,,,,,,,0.3837372122936152,0.7034953792738459
476,train-load-0.5-scenario-131,0.5,0.5625,0.4895833333333333,0.5625,21.406227146085875,1.6562732356856111,0.34372676431438887,1.0,0.0,1.0,0.0,12,0,12,0,12,4,12,12,0.21572256088256836,0.09199970504166631,,,,,,,,,,,0.3837372122936152,0.7034953792738459
477,train-load-1.0-scenario-41-retry-13,1.0,1.0,1.0,1.0,7.385131949173552,-0.2698981792950663,0.40323151262839957,0.5333333333333333,0.4666666666666667,0.5333333333333333,0.4666666666666667,8,7,8,7,15,5,15,8,0.20537835359573364,0.09153970651645797,,,,,,,,,,,0.3837372122936152,0.7034953792738459
478,train-load-0.7-scenario-627,0.7,0.6927401249999999,0.5621796875,0.6927401249999999,17.22075324065497,1.0004483162774513,0.6918593760302412,0.9230769230769231,0.07692307692307693,0.9230769230769231,0.07692307692307693,12,1,12,1,13,8,13,12,0.2675102949142456,0.09108200798387568,,,,,,,,,,,0.3837372122936152,0.7034953792738459
479,train-load-0.8-scenario-75-retry-1,0.8,0.9,0.9,0.15,5.996664279859406,0.029540783142811944,0.6371258835238547,0.6666666666666666,0.3333333333333333,0.6666666666666666,0.3333333333333333,6,3,6,3,9,6,9,6,0.27566447854042053,0.0906265979439563,,,,,,,,,,,0.3837372122936152,0.7034953792738459
480,train-load-0.6-scenario-303,0.6,0.6875,0.4125,0.6875,10.960759763409367,0.5644675403988657,0.34462336869204335,0.7272727272727273,0.2727272727272727,0.7272727272727273,0.2727272727272727,8,3,8,3,11,8,11,8,0.3086891770362854,0.09017346495423652,,,,,,,,,,,0.3837372122936152,0.7034953792738459
481,train-load-0.5-scenario-290,0.5,0.5714285714285714,0.5714285714285714,0.4,15.195413913193674,1.5452208860985612,0.4547791139014388,1.0,0.0,1.0,0.0,8,0,12,0,12,7,8,8,0.4302353858947754,0.08972259762946533,,,,,,,,,,,0.3837372122936152,0.7034953792738459
482,train-load-1.0-scenario-663-retry-2,1.0,1.05,0.5,1.05,4.854528843554659,-0.17697113008687904,0.576971130086879,0.6,0.4,0.6,0.4,6,4,6,4,10,4,10,6,0.7802248001098633,0.089273984641318,,,,,,,,,,,0.3837372122936152,0.7034953792738459
483,train-load-0.6-scenario-362,0.6,0.515208,0.43229375,0.515208,8.842283468210393,1.173441344818258,0.8265586551817421,1.0,0.0,1.0,0.0,5,0,5,0,5,4,5,5,0.49644041061401367,0.0888276147181114,,,,,,,,,,,0.3837372122936152,0.7034953792738459
484,train-load-0.5-scenario-177,0.5,0.5142857142857142,0.4166666666666667,0.5142857142857142,16.528103977418006,1.3499367041390637,0.6500632958609363,1.0,0.0,1.0,0.0,10,0,10,0,10,7,10,10,0.5144013166427612,0.08838347664452084,,,,,,,,,,,0.3837372122936152,0.7034953792738459
485,train-load-0.5-scenario-167,0.5,0.45584525,0.38312343749999994,0.45584525,14.65678331395019,1.4253819929992435,0.5746180070007565,1.0,0.0,1.0,0.0,8,0,9,0,9,8,8,8,0.44120949506759644,0.08794155926129824,,,,,,,,,,,0.3837372122936152,0.7034953792738459
486,train-hard-4gpu-4pod-1vgpu,0.25,0.25,0.16666666666666666,0.25,11.544497883017963,1.9166666666666665,0.08333333333333337,1.0,0.0,1.0,0.0,4,0,4,0,4,4,4,4,0.3267087936401367,0.08750185146499175,,,,,,,,,,,0.3837372122936152,0.7034953792738459
487,train-load-0.9-scenario-580,0.9,0.9333333333333333,0.9333333333333333,0.84,1.199357444152582,-0.8146008221169876,0.8146008221169876,0.5,0.5,0.5,0.5,5,5,5,5,10,5,10,5,0.4269234538078308,0.08706434220766679,,,,,,,,,,,0.3837372122936152,0.7034953792738459
488,train-load-1.0-scenario-85,1.0,0.880212875,0.6076526041666667,0.880212875,16.09363836896904,0.7627497388759309,0.6658216896954976,0.8571428571428571,0.14285714285714285,0.8125,0.1875,12,2,13,3,16,8,14,12,0.3929019868373871,0.08662902049662846,,,,,,,,,,,0.3837372122936152,0.7034953792738459
489,train-load-0.9-scenario-115-retry-1,0.9,0.785567,0.46436,0.785567,5.127173627342771,0.44028715574226707,0.759712844257733,0.8,0.2,0.7142857142857143,0.2857142857142857,4,1,5,2,7,5,5,4,0.5000630021095276,0.08619587539414532,,,,,,,,,,,0.3837372122936152,0.7034953792738459
490,train-load-0.9-scenario-316,0.9,0.801522142857143,0.47827678571428567,0.801522142857143,13.17359424970294,0.7555771178908159,0.8807865184728203,0.9090909090909091,0.09090909090909091,0.8333333333333334,0.16666666666666666,10,1,10,2,12,7,11,10,0.6850891709327698,0.08576489601717459,,,,,,,,,,,0.3837372122936152,0.7034953792738459
491,train-load-1.0-scenario-619-retry-25,1.0,0.9375,0.6,0.9375,10.858841604247466,0.8045862992388739,0.30652481187223724,0.7777777777777778,0.2222222222222222,0.7777777777777778,0.2222222222222222,7,2,7,2,9,4,9,7,0.287069171667099,0.08533607153708872,,,,,,,,,,,0.3837372122936152,0.7034953792738459
492,train-load-0.7-scenario-419,0.7,0.6661024999999999,0.6661024999999999,0.54113475,4.774190475903598,0.3746619569560975,0.8253380430439026,0.8,0.2,0.6666666666666666,0.3333333333333333,4,1,4,2,6,4,5,4,0.44569462537765503,0.08490939117940327,,,,,,,,,,,0.3837372122936152,0.7034953792738459
493,train-load-0.7-scenario-32,0.7,0.6493635000000001,0.2590075,0.6493635000000001,4.121728948809673,0.3526443292005207,0.6473556707994793,0.75,0.25,0.6,0.4,3,1,3,2,5,4,4,3,0.5628151893615723,0.08448484422350626,,,,,,,,,,,0.3837372122936152,0.7034953792738459
494,train-load-0.7-scenario-657,0.7,0.6257817499999999,0.23577093750000003,0.6257817499999999,11.649213110074724,1.1719042855113746,0.8280957144886254,1.0,0.0,1.0,0.0,7,0,8,0,8,8,7,7,0.3509904146194458,0.08406242000238873,,,,,,,,,,,0.3837372122936152,0.7034953792738459
495,train-load-1.0-scenario-518,1.0,1.1111111111111112,1.1111111111111112,0.43333333333333335,4.5226354812478045,-0.27126109652851726,0.6712610965285172,0.6,0.4,0.6,0.4,6,4,6,4,10,6,10,6,0.7390244007110596,0.08364210790237678,,,,,,,,,,,0.3837372122936152,0.7034953792738459
496,train-load-1.0-scenario-695-retry-4,1.0,1.03125,0.6125,1.03125,6.758184718672065,-0.31177033437762525,0.597484620091911,0.5714285714285714,0.42857142857142855,0.5714285714285714,0.42857142857142855,8,6,8,6,14,8,14,8,0.5481482744216919,0.0832238973628649,,,,,,,,,,,0.3837372122936152,0.7034953792738459
497,train-load-0.9-scenario-739,0.9,1.02,1.02,0.68,12.785914438214956,0.17419903856499253,0.41403625555265455,0.6470588235294118,0.35294117647058826,0.6470588235294118,0.35294117647058826,11,6,11,6,17,5,17,11,0.6651471853256226,0.08280777787605056,,,,,,,,,,,0.3837372122936152,0.7034953792738459
498,train-load-0.7-scenario-139-retry-1,0.7,0.5833333333333334,0.3888888888888889,0.5833333333333334,23.33372623697476,1.5272432881544136,0.47275671184558643,1.0,0.0,1.0,0.0,14,0,14,0,14,6,14,14,0.6035056114196777,0.08239373898667031,,,,,,,,,,,0.3837372122936152,0.7034953792738459
499,train-load-0.8-scenario-310,0.8,0.9,0.8142857142857143,0.9,11.598942159960998,0.29159215574416886,0.3750745109224977,0.6666666666666666,0.3333333333333333,0.6666666666666666,0.3333333333333333,10,5,10,5,15,7,15,10,0.41551777720451355,0.08198177029173696,,,,,,,,,,,0.3837372122936152,0.7034953792738459
500,train-load-0.6-scenario-59,0.6,0.604597,0.48125062500000004,0.604597,7.196672736598544,1.290711422609554,0.7092885773904459,1.0,0.0,1.0,0.0,3,0,5,0,5,4,3,3,0.5566643476486206,0.08157186144027828,0.3867463656695221,0.5103208517880077,0.7242668043643825,0.2757331956356176,0.7102343441714309,0.28976565582856906,0.6809103555597084,0.673585633381556,0.2738631779253954,0.7343046773039924,0.3837372122936152,0.7034953792738459
501,train-load-0.8-scenario-666,0.8,0.7439138000000001,0.5747774999999999,0.7439138000000001,12.126300527350745,0.8947030598975177,0.6608524956580377,0.8888888888888888,0.1111111111111111,0.8888888888888888,0.1111111111111111,8,1,8,1,9,5,9,8,0.3701935112476349,0.0811640021330769,,,,,,,,,,,0.3837372122936152,0.7034953792738459
502,train-load-0.5-scenario-207-retry-6,0.5,0.42,0.2,0.42,16.016251384197222,1.4120664374763727,0.5879335625236272,1.0,0.0,1.0,0.0,9,0,9,0,9,5,9,9,0.6534266471862793,0.08075818212241151,,,,,,,,,,,0.3837372122936152,0.7034953792738459
503,train-load-1.0-scenario-12,1.0,0.904994,0.6284164062500001,0.904994,11.4943183219068,0.22097726760911285,0.6361655895337444,0.7142857142857143,0.2857142857142857,0.625,0.375,10,4,10,6,16,8,14,10,0.6850206851959229,0.08035439121179945,,,,,,,,,,,0.3837372122936152,0.7034953792738459
504,train-load-0.8-scenario-558,0.8,0.6908569999999999,0.6504928571428572,0.6908569999999999,16.521197716960682,1.05433620172497,0.6123304649416964,0.9166666666666666,0.08333333333333333,0.8461538461538461,0.15384615384615385,11,1,11,2,13,7,12,11,0.32956498861312866,0.07995261925574046,,,,,,,,,,,0.3837372122936152,0.7034953792738459
505,train-load-1.0-scenario-748,1.0,0.9474654,0.7513216666666668,0.9474654,13.569403335530795,0.8887207834800682,0.38400648924720454,0.8181818181818182,0.18181818181818182,0.8181818181818182,0.18181818181818182,9,2,9,2,11,5,11,9,0.4545280933380127,0.07955285615946175,,,,,,,,,,,0.3837372122936152,0.7034953792738459
506,train-load-1.0-scenario-599,1.0,1.05,0.175,1.05,6.261474261778634,-0.3614571681204115,0.6471714538346972,0.5714285714285714,0.42857142857142855,0.5714285714285714,0.42857142857142855,8,6,8,6,14,8,14,8,0.36448222398757935,0.07915509187866444,,,,,,,,,,,0.3837372122936152,0.7034953792738459
507,train-load-0.5-scenario-737-retry-2,0.5,0.6,0.2777777777777778,0.6,17.308511685051258,1.440465577984334,0.5595344220156659,1.0,0.0,1.0,0.0,10,0,10,0,10,6,10,10,0.22305046021938324,0.07875931641927113,,,,,,,,,,,0.3837372122936152,0.7034953792738459
508,train-load-0.8-scenario-390-retry-2,0.8,0.7083333333333334,0.5666666666666667,0.7083333333333334,28.294896134188377,1.704069848666653,0.2959301513333469,1.0,0.0,1.0,0.0,17,0,17,0,17,6,17,17,0.2646704316139221,0.07836551983717477,,,,,,,,,,,0.3837372122936152,0.7034953792738459
509,train-load-0.5-scenario-735,0.5,0.45300989583333334,0.45300989583333334,0.350918,15.162148135918528,1.337596957423321,0.662403042576679,1.0,0.0,1.0,0.0,9,0,10,0,10,8,9,9,0.6765726804733276,0.07797369223798889,,,,,,,,,,,0.3837372122936152,0.7034953792738459
510,train-load-0.7-scenario-140,0.7,0.639585,0.4686475,0.639585,15.456302959851977,1.3602836140985146,0.6397163859014854,1.0,0.0,1.0,0.0,9,0,11,0,11,8,9,9,0.573311448097229,0.07758382377679894,,,,,,,,,,,0.3837372122936152,0.7034953792738459
511,train-load-1.0-scenario-399-retry-1,1.0,0.906892,0.571739375,0.906892,9.562376385089582,-0.09856929790547453,0.7652359645721412,0.6666666666666666,0.3333333333333333,0.625,0.375,10,5,10,6,16,8,15,10,0.357923686504364,0.07719590465791494,,,,,,,,,,,0.3837372122936152,0.7034953792738459
512,train-load-0.7-scenario-49-retry-3,0.7,0.8,0.8,0.13333333333333333,6.67729203693036,0.2565630682492397,0.7434369317507603,0.75,0.25,0.75,0.25,6,2,6,2,8,6,8,6,0.40172815322875977,0.07680992513462537,,,,,,,,,,,0.3837372122936152,0.7034953792738459
513,train-load-1.0-scenario-648-retry-6,1.0,0.9666666666666667,0.20833333333333334,0.9666666666666667,9.394099262602927,0.6974234384007274,0.8025765615992726,0.875,0.125,0.7777777777777778,0.2222222222222222,7,1,7,2,9,6,8,7,0.37535086274147034,0.07642587550895225,,,,,,,,,,,0.3837372122936152,0.7034953792738459
514,train-load-1.0-scenario-623-retry-2,1.0,1.0285714285714285,0.8571428571428571,1.0285714285714285,5.057782438329301,-0.11355785187768186,0.33578007409990424,0.5555555555555556,0.4444444444444444,0.5555555555555556,0.4444444444444444,5,4,10,8,18,7,9,5,0.6144696474075317,0.07604374613140748,,,,,,,,,,,0.3837372122936152,0.7034953792738459
515,train-load-0.5-scenario-503,0.5,0.5714285714285714,0.11428571428571428,0.5714285714285714,10.749338891456311,0.8864012592396626,0.6135987407603374,0.875,0.125,0.875,0.125,7,1,7,1,8,7,8,7,0.3097296357154846,0.07566352740075044,,,,,,,,,,,0.3837372122936152,0.7034953792738459
516,train-load-0.5-scenario-1,0.5,0.56,0.56,0.46,19.663179436393087,1.6333288452390917,0.3666711547609083,1.0,0.0,1.0,0.0,11,0,11,0,11,5,11,11,0.43247637152671814,0.07528520976374668,,,,,,,,,,,0.3837372122936152,0.7034953792738459
517,train-load-0.7-scenario-403-retry-1,0.7,0.8,0.4,0.8,11.443944080073031,0.9717460735069685,0.5282539264930315,0.875,0.125,0.875,0.125,7,1,14,2,16,8,8,7,0.4018673598766327,0.07490878371492794,,,,,,,,,,,0.3837372122936152,0.7034953792738459
518,train-load-1.0-scenario-744-retry-3,1.0,1.0625,0.5833333333333334,1.0625,6.20212952436972,0.15738906729874502,0.342610932701255,0.625,0.375,0.625,0.375,5,3,5,3,8,4,8,5,0.4999820590019226,0.0745342397963533,,,,,,,,,,,0.3837372122936152,0.7034953792738459
519,train-load-0.6-scenario-12,0.6,0.5614195999999999,0.291999,0.5614195999999999,10.919992581535848,1.2970268512507026,0.7029731487492973,1.0,0.0,1.0,0.0,6,0,6,0,6,5,6,6,0.44722431898117065,0.07416156859737154,,,,,,,,,,,0.3837372122936152,0.7034953792738459
520,train-load-1.0-scenario-215-retry-1,1.0,0.9142857142857143,0.9142857142857143,0.5714285714285714,8.242427969597228,0.5045296830876718,0.4954703169123282,0.75,0.25,0.75,0.25,6,2,12,4,16,7,8,6,0.4422481656074524,0.07379076075438468,,,,,,,,,,,0.3837372122936152,0.7034953792738459
521,train-load-0.6-scenario-656-retry-3,0.6,0.6190476190476191,0.6190476190476191,0.5,8.098158017138868,0.3238023239431067,0.7873087871680045,0.7777777777777778,0.2222222222222222,0.7777777777777778,0.2222222222222222,7,2,7,2,9,7,9,7,0.463750958442688,0.07342180695061275,,,,,,,,,,,0.3837372122936152,0.7034953792738459
522,train-hard-4gpu-8pod-1vgpu,0.5,0.5,0.3333333333333333,0.5,14.826750331841652,1.5387055078389387,0.46129449216106144,1.0,0.0,1.0,0.0,8,0,8,0,8,4,8,8,0.3335719406604767,0.07305469791585968,,,,,,,,,,,0.3837372122936152,0.7034953792738459
523,train-load-0.8-scenario-335-retry-1,0.8,0.9,0.675,0.9,5.903921397008264,0.03511277880194463,0.1871094434202777,0.5555555555555556,0.4444444444444444,0.5555555555555556,0.4444444444444444,5,4,5,4,9,4,9,5,0.5243263244628906,0.07268942442628039,,,,,,,,,,,0.3837372122936152,0.7034953792738459
524,train-load-1.0-scenario-33-retry-1,1.0,1.0,0.28125,1.0,6.415030388950733,-0.09869803222449947,0.8986980322244994,0.7,0.3,0.6,0.4,7,3,9,6,15,8,10,7,0.43914321064949036,0.07232597730414898,,,,,,,,,,,0.3837372122936152,0.7034953792738459
525,train-hard-4gpu-8pod-1vgpu,0.5,0.5,0.3333333333333333,0.5,16.42232909936926,1.8333333333333335,0.16666666666666663,1.0,0.0,1.0,0.0,8,0,8,0,8,4,8,8,0.5196520090103149,0.07196434741762824,,,,,,,,,,,0.3837372122936152,0.7034953792738459
526,train-load-0.9-scenario-45-retry-3,0.9,0.85,0.2125,0.85,16.757948939514286,0.5894866461868294,0.4693368832249351,0.7647058823529411,0.23529411764705882,0.7647058823529411,0.23529411764705882,13,4,13,4,17,4,17,13,0.5046985149383545,0.0716045256805401,,,,,,,,,,,0.3837372122936152,0.7034953792738459
527,train-load-0.7-scenario-214,0.7,0.6296776666666667,0.5759814583333333,0.6296776666666667,16.80226958821007,1.403180216209698,0.5968197837903021,1.0,0.0,1.0,0.0,10,0,10,0,10,6,10,10,0.510789692401886,0.0712465030521374,,,,,,,,,,,0.3837372122936152,0.7034953792738459
528,train-load-0.5-scenario-114-retry-2,0.5,0.5714285714285714,0.5714285714285714,0.36428571428571427,10.612442052883495,0.830253212087664,0.669746787912336,0.875,0.125,0.8,0.2,7,1,8,2,10,7,8,7,0.5930808782577515,0.0708902705368767,,,,,,,,,,,0.3837372122936152,0.7034953792738459
529,train-load-0.8-scenario-239-retry-1,0.8,0.9166666666666666,0.09166666666666666,0.9166666666666666,3.953019398278464,-0.4434821460735765,0.6253003278917583,0.5454545454545454,0.45454545454545453,0.5454545454545454,0.45454545454545453,6,5,6,5,11,6,11,6,0.7376958131790161,0.07053581918419231,,,,,,,,,,,0.3837372122936152,0.7034953792738459
530,train-load-0.6-scenario-25,0.6,0.5298247142857143,0.22678690476190477,0.5298247142857143,9.834769207406449,1.3139000170070863,0.6860999829929136,1.0,0.0,1.0,0.0,5,0,7,0,7,7,5,5,0.3794781565666199,0.07018314008827135,,,,,,,,,,,0.3837372122936152,0.7034953792738459
531,train-load-0.9-scenario-697,0.9,0.8715470000000001,0.4916158333333333,0.8715470000000001,8.897256255478819,0.4145013234903334,0.6966097876207777,0.7777777777777778,0.2222222222222222,0.7,0.3,7,2,7,3,10,6,9,7,0.2654317617416382,0.06983222438783,,,,,,,,,,,0.3837372122936152,0.7034953792738459
532,train-load-0.6-scenario-219,0.6,0.625,0.625,0.5,12.497032961763612,0.8856754851282168,0.3143245148717832,0.8,0.2,0.8,0.2,8,2,8,2,10,8,10,8,0.4930225610733032,0.06948306326589085,,,,,,,,,,,0.3837372122936152,0.7034953792738459
533,train-load-0.5-scenario-130,0.5,0.49797232142857145,0.49797232142857145,0.3947578571428571,13.833359623724878,1.303069034327411,0.696930965672589,1.0,0.0,1.0,0.0,8,0,9,0,9,7,8,8,0.4501703977584839,0.0691356479495614,,,,,,,,,,,0.3837372122936152,0.7034953792738459
534,train-load-0.8-scenario-183-retry-8,0.8,0.9,0.5,0.9,6.97332030862432,0.16560966626204343,0.5010570004046232,0.6666666666666666,0.3333333333333333,0.6666666666666666,0.3333333333333333,6,3,6,3,9,6,9,6,0.855987548828125,0.06878996970981359,,,,,,,,,,,0.3837372122936152,0.7034953792738459
535,train-load-0.7-scenario-425-retry-2,0.7,0.65,0.4166666666666667,0.65,17.149347400797147,1.4495851791494268,0.5504148208505732,1.0,0.0,1.0,0.0,10,0,10,0,10,6,10,10,0.3544199466705322,0.06844601986126451,,,,,,,,,,,0.3837372122936152,0.7034953792738459
536,train-load-0.8-scenario-208,0.8,0.7208695,0.7208695,0.6775327999999999,12.807026357555817,1.0422351047494818,0.5133204508060738,0.8888888888888888,0.1111111111111111,0.8,0.2,8,1,8,2,10,5,9,8,0.2861824631690979,0.06810378976195819,,,,,,,,,,,0.3837372122936152,0.7034953792738459
537,train-hard-4gpu-12pod-small,0.375,0.375,0.25,0.375,21.51895744076314,1.7276860872528026,0.2723139127471974,1.0,0.0,1.0,0.0,12,0,12,0,12,4,12,12,0.3611060082912445,0.0677632708131484,,,,,,,,,,,0.3837372122936152,0.7034953792738459
538,train-load-0.7-scenario-385,0.7,0.5990712857142857,0.43359642857142855,0.5990712857142857,11.18779737256301,0.9265023272588129,0.5734976727411871,0.875,0.125,0.7777777777777778,0.2222222222222222,7,1,7,2,9,7,8,7,0.5164635181427002,0.06742445445908266,,,,,,,,,,,0.3837372122936152,0.7034953792738459
539,train-load-0.6-scenario-425,0.6,0.625,0.4583333333333333,0.625,15.195306156536791,1.5501420546009688,0.4498579453990311,1.0,0.0,1.0,0.0,8,0,8,0,8,6,8,8,0.5738574266433716,0.06708733218678724,,,,,,,,,,,0.3837372122936152,0.7034953792738459
540,train-hard-4gpu-4pod-1vgpu,0.25,0.25,0.16666666666666666,0.25,11.544497883017963,1.9166666666666665,0.08333333333333337,1.0,0.0,1.0,0.0,4,0,4,0,4,4,4,4,0.28202253580093384,0.0667518955258533,,,,,,,,,,,0.3837372122936152,0.7034953792738459
541,train-load-0.7-scenario-19,0.7,0.8125,0.8125,0.59375,10.835761151297595,0.08699735076116899,0.5796693159054976,0.6666666666666666,0.3333333333333333,0.6666666666666666,0.3333333333333333,10,5,10,5,15,8,15,10,0.4614435136318207,0.06641813604822402,,,,,,,,,,,0.3837372122936152,0.7034953792738459
542,train-load-0.8-scenario-627,0.8,0.7722717142857143,0.6177380952380952,0.7722717142857143,16.60259293180441,1.1013313885228622,0.5653352781438044,0.9166666666666666,0.08333333333333333,0.9166666666666666,0.08333333333333333,11,1,11,1,12,7,12,11,0.3627340793609619,0.0660860453679829,,,,,,,,,,,0.3837372122936152,0.7034953792738459
543,train-load-0.5-scenario-382-retry-1,0.5,0.6,0.25,0.6,19.744957935143397,1.4289667840984026,0.5710332159015974,1.0,0.0,1.0,0.0,12,0,12,0,12,8,12,12,0.43937936425209045,0.06575561514114299,,,,,,,,,,,0.3837372122936152,0.7034953792738459
544,train-load-0.6-scenario-243,0.6,0.5118010000000001,0.422284375,0.5118010000000001,13.757114108271125,1.3033458538461695,0.6966541461538306,1.0,0.0,1.0,0.0,8,0,10,0,10,8,8,8,0.5539885759353638,0.06542683706543727,,,,,,,,,,,0.3837372122936152,0.7034953792738459
545,train-load-0.7-scenario-364,0.7,0.6516532738095238,0.6516532738095238,0.591357,12.898586648563702,0.8459679119729302,0.7540320880270699,0.9,0.1,0.8333333333333334,0.16666666666666666,9,1,10,2,12,7,10,9,0.3288285434246063,0.06509970288011008,,,,,,,,,,,0.3837372122936152,0.7034953792738459
546,train-load-0.6-scenario-96,0.6,0.6169544,0.3266295,0.6169544,11.03718727796582,1.2969955261094461,0.7030044738905539,1.0,0.0,1.0,0.0,6,0,6,0,6,5,6,6,0.3607748746871948,0.06477420436570952,,,,,,,,,,,0.3837372122936152,0.7034953792738459
547,train-load-0.6-scenario-24,0.6,0.66875,0.3541666666666667,0.66875,11.210308939964378,0.8031898941941787,0.7523656613613767,0.8888888888888888,0.1111111111111111,0.8888888888888888,0.1111111111111111,8,1,8,1,9,8,9,8,0.58282470703125,0.06445033334388098,,,,,,,,,,,0.3837372122936152,0.7034953792738459
548,train-load-0.9-scenario-310-retry-4,0.9,1.0,0.13333333333333333,1.0,2.5473173050138698,-0.3715202929755069,0.8715202929755069,0.625,0.375,0.625,0.375,5,3,5,3,8,6,8,5,0.5127817988395691,0.06412808167716157,,,,,,,,,,,0.3837372122936152,0.7034953792738459
549,train-load-1.0-scenario-551,1.0,1.0,0.8,1.0,12.18775280281057,0.22995845917989477,0.27004154082010523,0.625,0.375,0.625,0.375,10,6,10,6,16,4,16,10,0.583899199962616,0.06380744126877576,,,,,,,,,,,0.3837372122936152,0.7034953792738459
550,train-load-1.0-scenario-80,1.0,0.8870254166666667,0.8870254166666667,0.68872,10.460905559463367,0.21908959088617364,0.5501411783445955,0.6923076923076923,0.3076923076923077,0.6923076923076923,0.3076923076923077,9,4,9,4,13,6,13,9,0.45209649205207825,0.06348840406243188,,,,,,,,,,,0.3837372122936152,0.7034953792738459
551,train-load-0.5-scenario-701-retry-6,0.5,0.6,0.6,0.6,20.938183961694964,1.6040873184951052,0.3959126815048948,1.0,0.0,1.0,0.0,12,0,12,0,12,8,12,12,0.2778070569038391,0.06317096204211972,,,,,,,,,,,0.3837372122936152,0.7034953792738459
552,train-load-1.0-scenario-671-retry-1,1.0,0.908413,0.8033858333333334,0.908413,13.157268158642674,0.8311601871425759,0.4415670855846969,0.8181818181818182,0.18181818181818182,0.75,0.25,9,2,9,3,12,5,11,9,0.3514147400856018,0.06285510723190912,,,,,,,,,,,0.3837372122936152,0.7034953792738459
553,train-hard-4gpu-8pod-1vgpu,0.5,0.5,0.3333333333333333,0.5,14.826750331841652,1.5387055078389387,0.46129449216106144,1.0,0.0,1.0,0.0,8,0,8,0,8,4,8,8,0.32975688576698303,0.06254083169574957,,,,,,,,,,,0.3837372122936152,0.7034953792738459
554,train-load-0.6-scenario-324,0.6,0.5149076,0.26748,0.5149076,9.746463679060817,1.2945521563739921,0.7054478436260079,1.0,0.0,1.0,0.0,5,0,5,0,5,5,5,5,0.32915276288986206,0.062228127537270826,,,,,,,,,,,0.3837372122936152,0.7034953792738459
555,train-load-0.8-scenario-367-retry-2,0.8,0.75,0.5520833333333334,0.75,2.287801615777653,-0.6780226890194962,0.6780226890194962,0.5,0.5,0.5,0.5,5,5,5,5,10,8,10,5,0.4532456398010254,0.06191698689958447,,,,,,,,,,,0.3837372122936152,0.7034953792738459
556,train-load-1.0-scenario-249-retry-2,1.0,1.1,0.6666666666666666,1.1,16.883286459411362,0.6522470627955612,0.5977529372044388,0.8125,0.1875,0.8125,0.1875,13,3,13,3,16,4,16,13,0.41932231187820435,0.061607401965086545,,,,,,,,,,,0.3837372122936152,0.7034953792738459
557,train-load-0.5-scenario-120,0.5,0.501804,0.32160156250000005,0.501804,7.19293868952461,1.2867371228017457,0.7132628771982543,1.0,0.0,1.0,0.0,3,0,4,0,4,4,3,3,0.407975435256958,0.06129936495526111,,,,,,,,,,,0.3837372122936152,0.7034953792738459
558,train-load-0.9-scenario-72,0.9,0.84,0.84,0.84,24.12576543112639,0.9950242348313143,0.24307100326392383,0.8095238095238095,0.19047619047619047,0.8095238095238095,0.19047619047619047,17,4,17,4,21,5,21,17,0.5612630844116211,0.0609928681304848,,,,,,,,,,,0.3837372122936152,0.7034953792738459
559,train-load-1.0-scenario-424-retry-9,1.0,1.0285714285714285,0.2571428571428571,1.0285714285714285,5.321381686567269,-0.35565402267846313,0.6889873560117965,0.5833333333333334,0.4166666666666667,0.5833333333333334,0.4166666666666667,7,5,7,5,12,7,12,7,0.3643658459186554,0.060687903789832374,,,,,,,,,,,0.3837372122936152,0.7034953792738459
560,train-load-0.9-scenario-602-retry-1,0.9,0.83435225,0.5394546874999999,0.83435225,14.3001572878759,0.6775013764649396,0.707114008150445,0.8461538461538461,0.15384615384615385,0.7857142857142857,0.21428571428571427,11,2,11,3,14,8,13,11,0.5108014345169067,0.06038446427088321,,,,,,,,,,,0.3837372122936152,0.7034953792738459
561,train-load-1.0-scenario-70-retry-5,1.0,0.8888888888888888,0.8888888888888888,0.85,7.584480370633371,-0.21452091315217137,0.5002351988664571,0.5714285714285714,0.42857142857142855,0.5714285714285714,0.42857142857142855,8,6,8,6,14,6,14,8,0.39992010593414307,0.06008254194952879,,,,,,,,,,,0.3837372122936152,0.7034953792738459
562,train-load-0.5-scenario-561,0.5,0.4304915714285715,0.2777598214285715,0.4304915714285715,10.289252270215403,1.3656979072468094,0.6343020927531906,1.0,0.0,1.0,0.0,5,0,7,0,7,7,5,5,0.3843311071395874,0.05978212923978115,,,,,,,,,,,0.3837372122936152,0.7034953792738459
563,train-load-0.9-scenario-747,0.9,0.780164,0.34569374999999997,0.780164,10.50098694783072,0.8622152469087665,0.6377847530912335,0.875,0.125,0.7777777777777778,0.2222222222222222,7,1,7,2,9,6,8,7,0.4530525505542755,0.05948321859358224,,,,,,,,,,,0.3837372122936152,0.7034953792738459
564,train-load-0.8-scenario-602,0.8,0.75,0.3,0.75,23.874430222099686,1.4798765583496387,0.5201234416503613,1.0,0.0,1.0,0.0,15,0,15,0,15,5,15,15,0.6473224759101868,0.05918580250061433,,,,,,,,,,,0.3837372122936152,0.7034953792738459
565,train-load-0.5-scenario-0-retry-3,0.5,0.4,0.3333333333333333,0.4,24.09559159751454,1.6418302773806492,0.35816972261935076,1.0,0.0,1.0,0.0,14,0,14,0,14,7,14,14,0.17809884250164032,0.058889873488111255,,,,,,,,,,,0.3837372122936152,0.7034953792738459
566,train-load-0.7-scenario-688,0.7,0.6063955000000001,0.5455579861111111,0.6063955000000001,13.817780312481663,1.351188503473899,0.648811496526101,1.0,0.0,1.0,0.0,8,0,9,0,9,6,8,8,0.601370096206665,0.058595424120670696,,,,,,,,,,,0.3837372122936152,0.7034953792738459
567,train-load-0.9-scenario-562-retry-1,0.9,1.0,0.041666666666666664,1.0,4.217831705255067,-0.3550327905402486,0.7550327905402485,0.6,0.4,0.6,0.4,6,4,6,4,10,6,10,6,0.6784346103668213,0.05830244700006734,,,,,,,,,,,0.3837372122936152,0.7034953792738459
568,train-load-1.0-scenario-618,1.0,0.933717375,0.8154921875,0.933717375,14.092041142828938,0.12222850893704784,0.6146135963261101,0.6842105263157895,0.3157894736842105,0.7,0.3,13,6,14,6,20,8,19,13,0.4204947352409363,0.058010934765067,,,,,,,,,,,0.3837372122936152,0.7034953792738459
569,train-load-1.0-scenario-128,1.0,0.9432136000000001,0.5540008333333334,0.9432136000000001,3.606601390982566,-0.008262001896480187,0.6749286685631468,0.6666666666666666,0.3333333333333333,0.6,0.4,4,2,6,4,10,5,6,4,0.6407039761543274,0.05772088009124167,,,,,,,,,,,0.3837372122936152,0.7034953792738459
570,train-load-0.8-scenario-628,0.8,0.9,0.9,0.18,3.4289848333260737,-0.3767171247205483,0.5989393469427706,0.5555555555555556,0.4444444444444444,0.5555555555555556,0.4444444444444444,5,4,5,4,9,5,9,5,0.2600858807563782,0.05743227569078546,,,,,,,,,,,0.3837372122936152,0.7034953792738459
571,train-load-0.8-scenario-195,0.8,0.7667738000000001,0.490455,0.7667738000000001,2.492569752207114,-0.20644427458859782,0.8731109412552644,0.6666666666666666,0.3333333333333333,0.5,0.5,4,2,4,4,8,5,6,4,0.2703913450241089,0.05714511431233153,,,,,,,,,,,0.3837372122936152,0.7034953792738459
572,train-load-1.0-scenario-432,1.0,0.96721625,0.616835,0.96721625,2.806482304685018,-0.3108338281438956,0.5965481138581813,0.5714285714285714,0.42857142857142855,0.5,0.5,4,3,4,4,8,4,7,4,0.47181209921836853,0.05685938874076987,,,,,,,,,,,0.3837372122936152,0.7034953792738459
573,train-load-1.0-scenario-54-retry-1,1.0,0.9,0.75,0.9,7.078873091620009,0.16438028499855695,0.5022863816681097,0.6666666666666666,0.3333333333333333,0.6363636363636364,0.36363636363636365,6,3,7,4,11,6,9,6,0.10156266391277313,0.056575091797066025,,,,,,,,,,,0.3837372122936152,0.7034953792738459
574,train-load-1.0-scenario-437-retry-3,1.0,1.1,0.875,1.1,12.264949840300872,0.5238041840042376,0.24542658522653155,0.6923076923076923,0.3076923076923077,0.6923076923076923,0.3076923076923077,9,4,9,4,13,4,13,9,0.5551891326904297,0.056292216338080694,,,,,,,,,,,0.3837372122936152,0.7034953792738459
575,train-load-0.6-scenario-122-retry-1,0.6,0.66,0.66,0.48,9.955487362593855,0.5456143713024454,0.5654967398086658,0.7777777777777778,0.2222222222222222,0.7777777777777778,0.2222222222222222,7,2,7,2,9,5,9,7,0.2250348925590515,0.05601075525639029,,,,,,,,,,,0.3837372122936152,0.7034953792738459
576,train-load-1.0-scenario-554,1.0,0.9371289999999999,0.8178379166666667,0.9371289999999999,9.692564843862073,0.11186356988754964,0.6573671993432195,0.6923076923076923,0.3076923076923077,0.6428571428571429,0.35714285714285715,9,4,9,5,14,6,13,9,0.47441932559013367,0.05573070148010834,,,,,,,,,,,0.3837372122936152,0.7034953792738459
577,train-load-0.9-scenario-373,0.9,0.782224625,0.6236153124999999,0.782224625,18.748461740766402,0.9785177119189052,0.4881489547477615,0.8666666666666667,0.13333333333333333,0.8125,0.1875,13,2,13,3,16,8,15,13,0.3638406991958618,0.0554520479727078,,,,,,,,,,,0.3837372122936152,0.7034953792738459
578,train-load-0.6-scenario-21,0.6,0.5445716666666667,0.3809029166666667,0.5445716666666667,13.846317105989064,1.341915949953422,0.658084050046578,1.0,0.0,1.0,0.0,8,0,8,0,8,6,8,8,0.514188289642334,0.05517478773284426,,,,,,,,,,,0.3837372122936152,0.7034953792738459
579,train-load-1.0-scenario-372-retry-2,1.0,0.9257108333333334,0.6105902777777777,0.9257108333333334,15.221564995220985,1.2353453047391063,0.3646546952608938,0.9,0.1,0.8333333333333334,0.16666666666666666,9,1,10,2,12,6,10,9,0.5757505297660828,0.05489891379418004,,,,,,,,,,,0.3837372122936152,0.7034953792738459
580,train-load-0.6-scenario-234-retry-3,0.6,0.6666666666666666,0.5333333333333333,0.6666666666666666,12.596803155811592,1.1726663937793855,0.32733360622061436,0.875,0.125,0.875,0.125,7,1,14,2,16,6,8,7,0.49504292011260986,0.05462441922520914,,,,,,,,,,,0.3837372122936152,0.7034953792738459
581,train-load-0.5-scenario-549,0.5,0.44585546875000004,0.44585546875000004,0.40625525,15.577620311481247,1.387225827184577,0.612774172815423,1.0,0.0,1.0,0.0,9,0,10,0,10,8,9,9,0.34277641773223877,0.0543512971290831,,,,,,,,,,,0.3837372122936152,0.7034953792738459
582,train-load-0.8-scenario-547,0.8,0.9166666666666666,0.9166666666666666,0.55,10.884502092862375,0.550470251119016,0.35862065797189324,0.7272727272727273,0.2727272727272727,0.7272727272727273,0.2727272727272727,8,3,8,3,11,8,11,8,0.4126107394695282,0.05407954064343768,,,,,,,,,,,0.3837372122936152,0.7034953792738459
583,train-load-1.0-scenario-354,1.0,0.9583333333333334,0.9583333333333334,0.4625,11.185576101355398,0.9555798515256464,0.5444201484743536,0.875,0.125,0.8181818181818182,0.18181818181818182,7,1,9,2,11,4,8,7,0.23516270518302917,0.05380914294022049,,,,,,,,,,,0.3837372122936152,0.7034953792738459
584,train-load-0.6-scenario-675,0.6,0.58,0.3,0.58,15.997842241546184,1.4573172646744423,0.5426827353255577,1.0,0.0,1.0,0.0,9,0,9,0,9,5,9,9,0.2387305200099945,0.05354009722551939,,,,,,,,,,,0.3837372122936152,0.7034953792738459
585,train-load-0.5-scenario-51,0.5,0.44716175,0.41552546875,0.44716175,14.913661698777572,1.4498442550705546,0.5501557449294453,1.0,0.0,1.0,0.0,8,0,9,0,9,8,8,8,0.41106975078582764,0.05327239673939179,,,,,,,,,,,0.3837372122936152,0.7034953792738459
586,train-load-0.9-scenario-533-retry-4,0.9,1.0,0.52,1.0,5.882633040465974,0.1352215285110996,0.36477847148890047,0.625,0.375,0.5,0.5,5,3,5,5,10,5,8,5,0.33687931299209595,0.053006034755694834,,,,,,,,,,,0.3837372122936152,0.7034953792738459
587,train-load-0.6-scenario-716,0.6,0.6833333333333333,0.5166666666666667,0.6833333333333333,15.27836077893955,1.6016145011477319,0.39838549885226815,1.0,0.0,1.0,0.0,8,0,8,0,8,6,8,8,0.1865781843662262,0.052741004581916356,,,,,,,,,,,0.3837372122936152,0.7034953792738459
588,train-load-0.5-scenario-150,0.5,0.46747475,0.2543520833333333,0.46747475,9.270089222469963,1.5951859701105908,0.4048140298894093,1.0,0.0,1.0,0.0,3,0,4,0,4,4,3,3,0.23802143335342407,0.052477299559006776,,,,,,,,,,,0.3837372122936152,0.7034953792738459
589,train-load-0.9-scenario-89,0.9,0.8070636,0.429238,0.8070636,9.782858086992965,0.9307449576234327,0.4978264709479958,0.8571428571428571,0.14285714285714285,0.875,0.125,6,1,7,1,8,5,7,6,0.2840937376022339,0.052214913061211746,,,,,,,,,,,0.3837372122936152,0.7034953792738459
590,train-load-0.8-scenario-667,0.8,0.7232196666666667,0.6107131944444445,0.7232196666666667,8.387514375963594,0.4047000642817006,0.7064110468294106,0.7777777777777778,0.2222222222222222,0.8,0.2,7,2,8,2,10,6,9,7,0.38651031255722046,0.05195383849590569,,,,,,,,,,,0.3837372122936152,0.7034953792738459
591,train-load-0.6-scenario-619,0.6,0.5979909999999999,0.5979909999999999,0.4335838,10.64194893528196,1.2334133095293258,0.7665866904706741,1.0,0.0,1.0,0.0,6,0,8,0,8,5,6,6,0.3053726553916931,0.05169406930342616,,,,,,,,,,,0.3837372122936152,0.7034953792738459
592,train-load-0.8-scenario-654-retry-1,0.8,0.8095238095238095,0.8095238095238095,0.6285714285714286,15.53436823506601,0.6019132531438558,0.39808674685614415,0.75,0.25,0.75,0.25,12,4,12,4,16,7,16,12,0.34183090925216675,0.05143559895690903,,,,,,,,,,,0.3837372122936152,0.7034953792738459
593,train-load-0.9-scenario-649-retry-2,0.9,0.822262375,0.5833822916666667,0.822262375,18.12564365619481,1.1434364242013593,0.5488712681063331,0.9230769230769231,0.07692307692307693,0.875,0.125,12,1,14,2,16,8,13,12,0.35700249671936035,0.051178420962124486,,,,,,,,,,,0.3837372122936152,0.7034953792738459
594,train-load-0.8-scenario-257-retry-1,0.8,0.875,0.875,0.3375,5.660695809876923,-0.0444124679199448,0.7110791345866114,0.6666666666666666,0.3333333333333333,0.5833333333333334,0.4166666666666667,6,3,7,5,12,8,9,6,0.2415628433227539,0.05092252885731386,,,,,,,,,,,0.3837372122936152,0.7034953792738459
595,train-load-0.5-scenario-98,0.5,0.4375,0.175,0.4375,22.777481460584713,1.469147831048508,0.530852168951492,1.0,0.0,1.0,0.0,14,0,14,0,14,8,14,14,0.45750030875205994,0.05066791621302729,,,,,,,,,,,0.3837372122936152,0.7034953792738459
596,train-load-0.8-scenario-649-retry-5,0.8,0.80625,0.5125,0.80625,10.899465266284974,0.6618094429247116,0.5381905570752885,0.8,0.2,0.8,0.2,8,2,8,2,10,8,10,8,0.36284106969833374,0.05041457663196215,,,,,,,,,,,0.3837372122936152,0.7034953792738459
597,train-load-0.6-scenario-304,0.6,0.6333333333333333,0.3888888888888889,0.6333333333333333,14.999155265818384,1.5316884929417778,0.4683115070582222,1.0,0.0,1.0,0.0,8,0,8,0,8,6,8,8,0.28670069575309753,0.050162503748802344,,,,,,,,,,,0.3837372122936152,0.7034953792738459
598,train-load-1.0-scenario-494,1.0,0.8890664285714286,0.8890664285714286,0.8873781428571429,17.905308633547392,0.7823127606346452,0.46768723936535495,0.8125,0.1875,0.7222222222222222,0.2777777777777778,13,3,13,5,18,7,16,13,0.4212936758995056,0.05,,,,,,,,,,,0.3837372122936152,0.7034953792738459
599,train-load-0.7-scenario-109-retry-1,0.7,0.6,0.125,0.6,3.3743172838535065,-0.343477881149008,0.343477881149008,0.5,0.5,0.5,0.5,4,4,4,4,8,8,8,4,0.32960695028305054,0.05,,,,,,,,,,,0.3837372122936152,0.7034953792738459
600,train-load-0.6-scenario-173,0.6,0.72,0.72,0.64,15.682859634868407,1.6499770699457588,0.3500229300542411,1.0,0.0,1.0,0.0,8,0,8,0,8,5,8,8,0.40695440769195557,0.05,0.38332123667956797,0.5126460984281479,0.723991833776929,0.276008166223071,0.7100485575004087,0.2899514424995913,0.6889398261179038,0.713628850636607,0.27914293280658853,0.7367926040433576,0.3837372122936152,0.7034953792738459
601,train-load-1.0-scenario-21-retry-10,1.0,0.9166666666666666,0.9166666666666666,0.4166666666666667,5.5462252907648555,-0.11790248142426618,0.5179024814242661,0.6,0.4,0.6,0.4,6,4,6,4,10,6,10,6,0.26657289266586304,0.05,,,,,,,,,,,0.3837372122936152,0.7034953792738459
602,train-load-0.6-scenario-499,0.6,0.6,0.5555555555555556,0.6,16.653828121286352,1.554712279722325,0.4452877202776751,1.0,0.0,1.0,0.0,9,0,9,0,9,6,9,9,0.2596665024757385,0.05,,,,,,,,,,,0.3837372122936152,0.7034953792738459
603,train-hard-4gpu-12pod-small,0.375,0.375,0.25,0.375,22.270778062990146,1.875,0.125,1.0,0.0,1.0,0.0,12,0,12,0,12,4,12,12,0.32363635301589966,0.05,,,,,,,,,,,0.3837372122936152,0.7034953792738459
604,train-load-1.0-scenario-256-retry-2,1.0,1.1111111111111112,1.1111111111111112,0.3333333333333333,4.343713040212778,-0.29387480542429234,0.6938748054242923,0.6,0.4,0.6,0.4,6,4,6,4,10,6,10,6,0.30541425943374634,0.05,,,,,,,,,,,0.3837372122936152,0.7034953792738459
605,train-load-0.5-scenario-109,0.5,0.40625,0.08125,0.40625,21.40333896657588,1.4549432681332608,0.5450567318667392,1.0,0.0,1.0,0.0,13,0,13,0,13,8,13,13,0.5484932661056519,0.05,,,,,,,,,,,0.3837372122936152,0.7034953792738459
606,train-load-0.5-scenario-122-retry-2,0.5,0.5625,0.1125,0.5625,11.955955096564887,0.92164611003396,0.6339094455215954,0.8888888888888888,0.1111111111111111,0.8888888888888888,0.1111111111111111,8,1,8,1,9,8,9,8,0.5156068801879883,0.05,,,,,,,,,,,0.3837372122936152,0.7034953792738459
607,train-load-0.9-scenario-48-retry-9,0.9,0.85,0.525,0.85,11.167877975132045,0.773301739300542,0.7822538162550134,0.8888888888888888,0.1111111111111111,0.8333333333333334,0.16666666666666666,8,1,10,2,12,6,9,8,0.411989688873291,0.05,,,,,,,,,,,0.3837372122936152,0.7034953792738459
608,train-load-0.5-scenario-261,0.5,0.42857142857142855,0.4,0.42857142857142855,20.368487214459627,1.3237494773138019,0.6762505226861981,1.0,0.0,1.0,0.0,13,0,13,0,13,7,13,13,0.5703307390213013,0.05,,,,,,,,,,,0.3837372122936152,0.7034953792738459
609,train-load-0.9-scenario-597-retry-1,0.9,0.88523775,0.816175625,0.88523775,11.34427759509495,0.9608837269522694,0.5391162730477307,0.875,0.125,0.7777777777777778,0.2222222222222222,7,1,7,2,9,4,8,7,0.38038375973701477,0.05,,,,,,,,,,,0.3837372122936152,0.7034953792738459
610,train-load-1.0-scenario-248-retry-5,1.0,0.8928571428571429,0.35714285714285715,0.8928571428571429,8.287779109272421,0.2833574725361959,0.516642527463804,0.7,0.3,0.7,0.3,7,3,7,3,10,7,10,7,0.3713965117931366,0.05,,,,,,,,,,,0.3837372122936152,0.7034953792738459
611,train-load-0.7-scenario-654,0.7,0.62,0.62,0.59,22.607303456143434,1.6597981855013546,0.3402018144986454,1.0,0.0,1.0,0.0,13,0,13,0,13,5,13,13,0.22240130603313446,0.05,,,,,,,,,,,0.3837372122936152,0.7034953792738459
612,train-load-0.6-scenario-573,0.6,0.5139824285714285,0.28409464285714287,0.5139824285714285,12.697474105569489,1.378807201889693,0.6211927981103069,1.0,0.0,1.0,0.0,7,0,7,0,7,7,7,7,0.19687169790267944,0.05,,,,,,,,,,,0.3837372122936152,0.7034953792738459
613,train-load-0.9-scenario-642,0.9,0.8354325,0.6319750000000001,0.8354325,11.729291348283589,0.6191687032187946,0.6535585695084782,0.8181818181818182,0.18181818181818182,0.75,0.25,9,2,9,3,12,6,11,9,0.2625482678413391,0.05,,,,,,,,,,,0.3837372122936152,0.7034953792738459
614,train-load-0.5-scenario-676,0.5,0.48728233333333343,0.22293833333333332,0.48728233333333343,8.565130970226146,1.3183598131832646,0.6816401868167354,1.0,0.0,1.0,0.0,4,0,5,0,5,6,4,4,0.14137552678585052,0.05,,,,,,,,,,,0.3837372122936152,0.7034953792738459
615,train-load-0.8-scenario-512,0.8,0.9166666666666666,0.4125,0.9166666666666666,4.9940805602229155,-0.32450268020849937,0.5063208620266811,0.5454545454545454,0.45454545454545453,0.5454545454545454,0.45454545454545453,6,5,6,5,11,6,11,6,0.22883450984954834,0.05,,,,,,,,,,,0.3837372122936152,0.7034953792738459
616,train-load-0.6-scenario-149,0.6,0.6733166250000001,0.374570625,0.6733166250000001,12.850265670814146,1.3914856686738293,0.6085143313261707,1.0,0.0,1.0,0.0,7,0,11,0,11,8,7,7,0.2230203002691269,0.05,,,,,,,,,,,0.3837372122936152,0.7034953792738459
617,train-load-0.9-scenario-491-retry-2,0.9,1.0,0.3333333333333333,1.0,4.260863239744645,-0.3349984063296668,0.3349984063296668,0.5,0.5,0.5,0.5,5,5,5,5,10,5,10,5,0.33538103103637695,0.05,,,,,,,,,,,0.3837372122936152,0.7034953792738459
618,train-load-1.0-scenario-338,1.0,1.0714285714285714,0.42857142857142855,1.0714285714285714,3.9475819256485307,-0.5712642580630795,0.5712642580630795,0.5,0.5,0.5,0.5,6,6,6,6,12,7,12,6,0.44143563508987427,0.05,,,,,,,,,,,0.3837372122936152,0.7034953792738459
619,train-load-0.8-scenario-99,0.8,0.692815,0.30696124999999996,0.692815,6.2045243239733665,0.6129487823806802,0.5870512176193199,0.8,0.2,0.8,0.2,4,1,4,1,5,4,5,4,0.21137769520282745,0.05,,,,,,,,,,,0.3837372122936152,0.7034953792738459
620,train-load-0.6-scenario-435,0.6,0.5419834000000001,0.34511074999999997,0.5419834000000001,10.53577281634411,1.226582349173008,0.7734176508269921,1.0,0.0,1.0,0.0,6,0,6,0,6,5,6,6,0.34972864389419556,0.05,,,,,,,,,,,0.3837372122936152,0.7034953792738459
621,train-load-0.7-scenario-195-retry-4,0.7,0.6,0.125,0.6,23.08694712942909,1.3369550261199985,0.6630449738800015,1.0,0.0,1.0,0.0,15,0,15,0,15,5,15,15,0.5674208402633667,0.05,,,,,,,,,,,0.3837372122936152,0.7034953792738459
622,train-load-1.0-scenario-474,1.0,0.926368,0.44997468749999997,0.926368,3.3423702878197687,-0.026511798350698057,0.6931784650173647,0.6666666666666666,0.3333333333333333,0.7142857142857143,0.2857142857142857,4,2,5,2,7,4,6,4,0.4324553608894348,0.05,,,,,,,,,,,0.3837372122936152,0.7034953792738459
623,train-load-0.6-scenario-111,0.6,0.5288816666666667,0.3493077083333333,0.5288816666666667,12.098858891309003,1.2624228505283317,0.7375771494716684,1.0,0.0,1.0,0.0,7,0,7,0,7,6,7,7,0.5545123815536499,0.05,,,,,,,,,,,0.3837372122936152,0.7034953792738459
624,train-load-0.6-scenario-373,0.6,0.5241990000000001,0.3893361111111111,0.5241990000000001,12.128466254700601,1.2544020855385334,0.7455979144614666,1.0,0.0,1.0,0.0,7,0,8,0,8,6,7,7,0.297932893037796,0.05,,,,,,,,,,,0.3837372122936152,0.7034953792738459
625,train-load-1.0-scenario-126,1.0,0.906714125,0.5970395833333334,0.906714125,12.754153113744366,0.5883808321836463,0.744952501149687,0.8333333333333334,0.16666666666666666,0.7333333333333333,0.26666666666666666,10,2,11,4,15,8,12,10,0.4548385739326477,0.05,,,,,,,,,,,0.3837372122936152,0.7034953792738459
626,train-load-0.7-scenario-265-retry-3,0.7,0.5857142857142857,0.4857142857142857,0.5857142857142857,17.95758357597115,1.387333461857021,0.612666538142979,1.0,0.0,1.0,0.0,11,0,11,0,11,7,11,11,0.27983224391937256,0.05,,,,,,,,,,,0.3837372122936152,0.7034953792738459
627,train-load-0.5-scenario-402,0.5,0.4,0.3,0.4,20.113869343177658,1.467859504098811,0.532140495901189,1.0,0.0,1.0,0.0,12,0,12,0,12,6,12,12,0.4727240204811096,0.05,,,,,,,,,,,0.3837372122936152,0.7034953792738459
628,train-load-0.8-scenario-454,0.8,0.7175096354166667,0.7175096354166667,0.6460680000000001,21.462567097798804,1.5655708782596203,0.4344291217403797,1.0,0.0,1.0,0.0,13,0,15,0,15,8,13,13,0.5513266921043396,0.05,,,,,,,,,,,0.3837372122936152,0.7034953792738459
629,train-load-0.7-scenario-412-retry-1,0.7,0.7619047619047619,0.7619047619047619,0.22857142857142856,11.028027946129814,0.9608395286199696,0.5391604713800305,0.875,0.125,0.875,0.125,7,1,7,1,8,7,8,7,0.6609787940979004,0.05,,,,,,,,,,,0.3837372122936152,0.7034953792738459
630,train-load-0.9-scenario-9,0.9,0.806882738095238,0.806882738095238,0.7450504285714286,14.176409406355146,0.38717200430755605,0.812827995692444,0.8,0.2,0.8,0.2,12,3,12,3,15,7,15,12,0.5041624903678894,0.05,,,,,,,,,,,0.3837372122936152,0.7034953792738459
631,train-load-1.0-scenario-662,1.0,1.0857142857142856,0.5357142857142857,1.0857142857142856,0.016073120458376167,-1.012403201153194,0.21240320115319422,0.3,0.7,0.3,0.7,3,7,3,7,10,7,10,3,0.31774985790252686,0.05,,,,,,,,,,,0.3837372122936152,0.7034953792738459
632,train-load-0.8-scenario-391,0.8,0.7752102857142857,0.5858619047619048,0.7752102857142857,13.045882412036779,0.6452138525020326,0.6881194808313009,0.8333333333333334,0.16666666666666666,0.7692307692307693,0.23076923076923078,10,2,10,3,13,7,12,10,0.4619396924972534,0.05,,,,,,,,,,,0.3837372122936152,0.7034953792738459
633,train-load-0.6-scenario-44-retry-1,0.6,0.5357142857142857,0.17857142857142858,0.5357142857142857,23.840251604149184,1.4342027310799363,0.5657972689200637,1.0,0.0,1.0,0.0,15,0,15,0,15,7,15,15,0.5384535789489746,0.05,,,,,,,,,,,0.3837372122936152,0.7034953792738459
634,train-load-0.5-scenario-552,0.5,0.4666666666666667,0.4666666666666667,0.23333333333333334,22.364989510846364,1.4556136430849032,0.5443863569150968,1.0,0.0,1.0,0.0,14,0,14,0,14,6,14,14,0.47950881719589233,0.05,,,,,,,,,,,0.3837372122936152,0.7034953792738459
635,train-load-0.7-scenario-114-retry-1,0.7,0.6875,0.6875,0.325,14.117957876999046,1.3761674196973352,0.6238325803026648,1.0,0.0,1.0,0.0,8,0,8,0,8,4,8,8,0.12005360424518585,0.05,,,,,,,,,,,0.3837372122936152,0.7034953792738459
636,train-load-0.9-scenario-476,0.9,0.79301,0.4212020833333333,0.79301,6.884388000156342,0.5247016259782016,0.8086317073551319,0.8333333333333334,0.16666666666666666,0.75,0.25,5,1,6,2,8,5,6,5,0.3341541290283203,0.05,,,,,,,,,,,0.3837372122936152,0.7034953792738459
637,train-load-0.5-scenario-262,0.5,0.52,0.52,0.16,13.118877586044484,1.2730703975242046,0.7269296024757954,1.0,0.0,1.0,0.0,8,0,8,0,8,5,8,8,0.38735833764076233,0.05,,,,,,,,,,,0.3837372122936152,0.7034953792738459
638,train-load-0.7-scenario-396,0.7,0.8,0.8,0.64,6.592916005818091,0.30426617910299836,0.1957338208970017,0.625,0.375,0.625,0.375,5,3,5,3,8,5,8,5,0.7949676513671875,0.05,,,,,,,,,,,0.3837372122936152,0.7034953792738459
639,train-load-0.7-scenario-355,0.7,0.6557357500000001,0.5711115625,0.6557357500000001,10.361330809837124,0.3776336305149699,0.8950936422123029,0.8181818181818182,0.18181818181818182,0.7692307692307693,0.23076923076923078,9,2,10,3,13,8,11,9,0.24142080545425415,0.05,,,,,,,,,,,0.3837372122936152,0.7034953792738459
640,train-load-0.7-scenario-708,0.7,0.607028,0.566184375,0.607028,5.390383431879341,0.44641802430390454,0.7535819756960955,0.8,0.2,0.6666666666666666,0.3333333333333333,4,1,4,2,6,4,5,4,0.6690551042556763,0.05,,,,,,,,,,,0.3837372122936152,0.7034953792738459
641,train-load-0.8-scenario-325,0.8,0.6862685714285714,0.6862685714285714,0.6354387142857143,13.970352463527671,0.6220748891299144,0.7625404954854702,0.8461538461538461,0.15384615384615385,0.8571428571428571,0.14285714285714285,11,2,12,2,14,7,13,11,0.2860104441642761,0.05,,,,,,,,,,,0.3837372122936152,0.7034953792738459
642,train-load-0.5-scenario-583-retry-7,0.5,0.6,0.3,0.6,14.894178003149927,1.535129323267627,0.46487067673237287,1.0,0.0,1.0,0.0,8,0,8,0,8,8,8,8,0.3079516291618347,0.05,,,,,,,,,,,0.3837372122936152,0.7034953792738459
643,train-load-0.9-scenario-600-retry-1,0.9,1.0125,1.0125,0.5625,15.363619173886725,0.351057988600495,0.5378309002883939,0.7222222222222222,0.2777777777777778,0.7222222222222222,0.2777777777777778,13,5,13,5,18,8,18,13,0.4622458219528198,0.05,,,,,,,,,,,0.3837372122936152,0.7034953792738459
644,train-load-1.0-scenario-602,1.0,0.8881905,0.6149883333333334,0.8881905,12.420537514063703,0.7035465238883828,0.56918074883889,0.8181818181818182,0.18181818181818182,0.75,0.25,9,2,9,3,12,6,11,9,0.3871201276779175,0.05,,,,,,,,,,,0.3837372122936152,0.7034953792738459
645,train-load-1.0-scenario-355-retry-1,1.0,1.06,0.8666666666666667,1.06,17.193017878773702,0.9369572490283392,0.4916141795430894,0.8571428571428571,0.14285714285714285,0.8571428571428571,0.14285714285714285,12,2,12,2,14,5,14,12,0.6741699576377869,0.05,,,,,,,,,,,0.3837372122936152,0.7034953792738459
646,train-load-1.0-scenario-50,1.0,1.0238095238095237,1.0238095238095237,0.6785714285714286,8.446218226523186,0.5688602582037907,0.4311397417962093,0.75,0.25,0.6923076923076923,0.3076923076923077,6,2,9,4,13,7,8,6,0.20099706947803497,0.05,,,,,,,,,,,0.3837372122936152,0.7034953792738459
647,train-load-0.7-scenario-540,0.7,0.6293641666666667,0.57124375,0.6293641666666667,15.988906742731558,1.4488066072413477,0.5511933927586522,1.0,0.0,1.0,0.0,9,0,10,0,10,6,9,9,0.24237801134586334,0.05,,,,,,,,,,,0.3837372122936152,0.7034953792738459
648,train-load-1.0-scenario-732,1.0,0.9088324285714285,0.5201844642857143,0.9088324285714285,13.542991208166196,0.694762719331596,0.6385706140017375,0.8333333333333334,0.16666666666666666,0.7692307692307693,0.23076923076923078,10,2,10,3,13,7,12,10,0.2978876829147339,0.05,,,,,,,,,,,0.3837372122936152,0.7034953792738459
649,train-load-0.6-scenario-618-retry-4,0.6,0.4857142857142857,0.060714285714285714,0.4857142857142857,26.014063060540753,1.3658674791191348,0.6341325208808654,1.0,0.0,1.0,0.0,17,0,17,0,17,7,17,17,0.3251631259918213,0.05,,,,,,,,,,,0.3837372122936152,0.7034953792738459
650,train-load-1.0-scenario-296-retry-1,1.0,0.9305093750000001,0.9305093750000001,0.8989597500000001,6.442782851078035,0.24337661334273863,0.7566233866572614,0.75,0.25,0.6,0.4,6,2,6,4,10,4,8,6,0.18970531225204468,0.05,,,,,,,,,,,0.3837372122936152,0.7034953792738459
651,train-load-0.8-scenario-690,0.8,0.7390285,0.5802612500000001,0.7390285,18.91130264841756,1.0903988649763867,0.6238868493093277,0.9285714285714286,0.07142857142857142,0.9333333333333333,0.06666666666666667,13,1,14,1,15,8,14,13,0.2941526174545288,0.05,,,,,,,,,,,0.3837372122936152,0.7034953792738459
652,train-load-1.0-scenario-654-retry-25,1.0,1.04,0.8666666666666667,1.04,4.625793549506106,-0.5138726732396832,0.3600265193935294,0.46153846153846156,0.5384615384615384,0.46153846153846156,0.5384615384615384,6,7,6,7,13,5,13,6,0.3793327212333679,0.05,,,,,,,,,,,0.3837372122936152,0.7034953792738459
653,train-load-0.5-scenario-418-retry-5,0.5,0.5833333333333334,0.25,0.5833333333333334,16.80256222178408,1.382250135795575,0.617749864204425,1.0,0.0,1.0,0.0,10,0,10,0,10,6,10,10,0.2770407497882843,0.05,,,,,,,,,,,0.3837372122936152,0.7034953792738459
654,train-load-0.7-scenario-588-retry-3,0.7,0.625,0.33125,0.625,14.592535282882181,0.9352458720184893,0.7011177643451469,0.9090909090909091,0.09090909090909091,0.9090909090909091,0.09090909090909091,10,1,10,1,11,8,11,10,0.3465723395347595,0.05,,,,,,,,,,,0.3837372122936152,0.7034953792738459
655,train-load-0.5-scenario-691,0.5,0.5625,0.4375,0.5625,16.750192396456264,1.4134191548236308,0.5865808451763692,1.0,0.0,1.0,0.0,10,0,10,0,10,8,10,10,0.3535881042480469,0.05,,,,,,,,,,,0.3837372122936152,0.7034953792738459
656,train-load-0.5-scenario-11,0.5,0.578615875,0.27396901041666666,0.578615875,12.467282283605563,1.3354645959742877,0.6645354040257124,1.0,0.0,1.0,0.0,7,0,9,0,9,8,7,7,0.3676478862762451,0.05,,,,,,,,,,,0.3837372122936152,0.7034953792738459
657,train-load-0.5-scenario-674,0.5,0.48198450000000004,0.3898996875,0.48198450000000004,9.416987728564933,1.4607201970886576,0.5392798029113424,1.0,0.0,1.0,0.0,4,0,4,0,4,4,4,4,0.19542215764522552,0.05,,,,,,,,,,,0.3837372122936152,0.7034953792738459
658,train-load-0.6-scenario-224,0.6,0.48,0.48,0.48,20.129500694935054,1.4596850658554528,0.5403149341445472,1.0,0.0,1.0,0.0,12,0,12,0,12,5,12,12,0.2911936640739441,0.05,,,,,,,,,,,0.3837372122936152,0.7034953792738459
659,train-load-0.8-scenario-607,0.8,0.75,0.5,0.75,9.641605435633656,0.2846740460110241,0.38199262065564255,0.6666666666666666,0.3333333333333333,0.6666666666666666,0.3333333333333333,8,4,8,4,12,8,12,8,0.3388301134109497,0.05,,,,,,,,,,,0.3837372122936152,0.7034953792738459
660,train-load-0.5-scenario-415,0.5,0.5714285714285714,0.22857142857142856,0.5714285714285714,11.833605312954237,1.048002790885072,0.4519972091149279,0.875,0.125,0.875,0.125,7,1,7,1,8,7,8,7,0.49825218319892883,0.05,,,,,,,,,,,0.3837372122936152,0.7034953792738459
661,train-load-0.8-scenario-711,0.8,0.731077,0.4235864583333333,0.731077,6.407649959749633,0.635129473358855,0.5648705266411451,0.8,0.2,0.8333333333333334,0.16666666666666666,4,1,5,1,6,4,5,4,0.458391398191452,0.05,,,,,,,,,,,0.3837372122936152,0.7034953792738459
662,train-load-0.5-scenario-99-retry-1,0.5,0.5428571428571428,0.5285714285714286,0.5428571428571428,17.11549114221866,1.6264864250885083,0.37351357491149184,1.0,0.0,1.0,0.0,9,0,9,0,9,7,9,9,0.28639042377471924,0.05,,,,,,,,,,,0.3837372122936152,0.7034953792738459
663,train-load-0.5-scenario-457,0.5,0.6,0.6,0.4,14.819061323505728,1.4898498111246705,0.5101501888753295,1.0,0.0,1.0,0.0,8,0,8,0,8,4,8,8,0.3725568652153015,0.05,,,,,,,,,,,0.3837372122936152,0.7034953792738459
664,train-load-0.5-scenario-597-retry-1,0.5,0.5714285714285714,0.2857142857142857,0.5714285714285714,11.358531834202243,0.9529895432630489,0.5470104567369511,0.875,0.125,0.875,0.125,7,1,7,1,8,7,8,7,0.17433002591133118,0.05,,,,,,,,,,,0.3837372122936152,0.7034953792738459
665,train-load-0.7-scenario-283,0.7,0.8,0.6666666666666666,0.8,14.38748790253532,0.5711229063239229,0.5717342365332199,0.7857142857142857,0.21428571428571427,0.7857142857142857,0.21428571428571427,11,3,11,3,14,7,14,11,0.24511836469173431,0.05,,,,,,,,,,,0.3837372122936152,0.7034953792738459
666,train-load-0.9-scenario-410,0.9,0.8626966,0.45528875,0.8626966,6.555619470383405,0.2751913964970305,0.7248086035029695,0.75,0.25,0.75,0.25,6,2,6,2,8,5,8,6,0.2812303304672241,0.05,,,,,,,,,,,0.3837372122936152,0.7034953792738459
667,train-load-0.8-scenario-589,0.8,0.682646125,0.46467015624999997,0.682646125,16.40354775101315,1.1785411335501608,0.8214588664498391,1.0,0.0,1.0,0.0,11,0,12,0,12,8,11,11,0.24035373330116272,0.05,,,,,,,,,,,0.3837372122936152,0.7034953792738459
668,train-load-0.8-scenario-289,0.8,0.71963575,0.6399207812500001,0.71963575,17.614910036813505,1.2131593465295156,0.45350732013715084,0.9166666666666666,0.08333333333333333,0.8571428571428571,0.14285714285714285,11,1,12,2,14,8,12,11,0.39279666543006897,0.05,,,,,,,,,,,0.3837372122936152,0.7034953792738459
669,train-load-0.9-scenario-91,0.9,0.8579376,0.44185424999999995,0.8579376,8.683018401835971,0.6322594492451433,0.8677405507548567,0.875,0.125,0.7777777777777778,0.2222222222222222,7,1,7,2,9,5,8,7,0.3418251574039459,0.05,,,,,,,,,,,0.3837372122936152,0.7034953792738459
670,train-load-0.6-scenario-537,0.6,0.6927083333333334,0.6927083333333334,0.6625,11.96688535133072,0.3776739768234356,0.6992491000996414,0.7692307692307693,0.23076923076923078,0.7692307692307693,0.23076923076923078,10,3,10,3,13,8,13,10,0.1804569959640503,0.05,,,,,,,,,,,0.3837372122936152,0.7034953792738459
671,train-load-0.8-scenario-498-retry-1,0.8,0.7714285714285715,0.4142857142857143,0.7714285714285715,3.3268919172658427,-0.3765454765776881,0.15432325435546582,0.4444444444444444,0.5555555555555556,0.4444444444444444,0.5555555555555556,4,5,4,5,9,7,9,4,0.40198859572410583,0.05,,,,,,,,,,,0.3837372122936152,0.7034953792738459
672,train-load-0.5-scenario-449,0.5,0.4485845,0.31725755208333334,0.4485845,16.502265770360367,1.5411736434980576,0.45882635650194226,1.0,0.0,1.0,0.0,9,0,9,0,9,8,9,9,0.3308863639831543,0.05,,,,,,,,,,,0.3837372122936152,0.7034953792738459
673,train-load-0.5-scenario-635,0.5,0.5371865,0.46224010416666667,0.5371865,8.645906877254566,1.3299004844268956,0.6700995155731044,1.0,0.0,1.0,0.0,4,0,5,0,5,4,4,4,0.5325385332107544,0.05,,,,,,,,,,,0.3837372122936152,0.7034953792738459
674,train-load-0.6-scenario-177,0.6,0.5241908571428572,0.26169035714285716,0.5241908571428572,11.325303430942938,1.2787348289088771,0.721265171091123,1.0,0.0,1.0,0.0,6,0,7,0,7,7,6,6,0.2656109929084778,0.05,,,,,,,,,,,0.3837372122936152,0.7034953792738459
675,train-load-0.6-scenario-430,0.6,0.6394518,0.4408341666666667,0.6394518,11.237392281449953,1.3263678749368086,0.6736321250631914,1.0,0.0,1.0,0.0,6,0,7,0,7,5,6,6,0.31022679805755615,0.05,,,,,,,,,,,0.3837372122936152,0.7034953792738459
676,train-load-0.5-scenario-353,0.5,0.5392462499999999,0.5392462499999999,0.362158375,16.25801373848633,1.3055272337719572,0.6944727662280428,1.0,0.0,1.0,0.0,10,0,11,0,11,8,10,10,0.6025406122207642,0.05,,,,,,,,,,,0.3837372122936152,0.7034953792738459
677,train-load-0.7-scenario-563,0.7,0.6726234000000001,0.5204908333333333,0.6726234000000001,12.768761009495767,1.3707304531344864,0.6292695468655136,1.0,0.0,1.0,0.0,7,0,8,0,8,5,7,7,0.3476792871952057,0.05,,,,,,,,,,,0.3837372122936152,0.7034953792738459
678,train-load-1.0-scenario-137,1.0,0.8802965714285713,0.813729761904762,0.8802965714285713,9.728291895987649,-0.14355750515028887,0.6435575051502889,0.625,0.375,0.625,0.375,10,6,10,6,16,7,16,10,0.32131582498550415,0.05,,,,,,,,,,,0.3837372122936152,0.7034953792738459
679,train-load-0.7-scenario-11,0.7,0.7291775,0.443705,0.7291775,4.827966812717647,0.3880674856105951,0.811932514389405,0.8,0.2,0.8333333333333334,0.16666666666666666,4,1,5,1,6,4,5,4,0.316877543926239,0.05,,,,,,,,,,,0.3837372122936152,0.7034953792738459
680,train-load-0.7-scenario-144,0.7,0.6246795,0.4693653125,0.6246795,17.943089028671235,1.3501969218091867,0.6498030781908133,1.0,0.0,1.0,0.0,11,0,12,0,12,8,11,11,0.26659077405929565,0.05,,,,,,,,,,,0.3837372122936152,0.7034953792738459
681,train-load-0.7-scenario-615,0.7,0.648182,0.36609089285714286,0.648182,16.804911864290723,1.4012356512504753,0.5987643487495247,1.0,0.0,1.0,0.0,10,0,10,0,10,7,10,10,0.2077508121728897,0.05,,,,,,,,,,,0.3837372122936152,0.7034953792738459
682,train-load-0.9-scenario-95,0.9,1.0139346666666667,0.5429065972222222,1.0139346666666667,12.207990277756789,0.6131054041301542,0.6596218685971186,0.8181818181818182,0.18181818181818182,0.6923076923076923,0.3076923076923077,9,2,9,4,13,6,11,9,0.2870670258998871,0.05,,,,,,,,,,,0.3837372122936152,0.7034953792738459
683,train-load-0.7-scenario-423,0.7,0.68,0.68,0.4,16.162496850315442,1.1673071080432307,0.8326928919567693,1.0,0.0,1.0,0.0,11,0,11,0,11,5,11,11,0.7419110536575317,0.05,,,,,,,,,,,0.3837372122936152,0.7034953792738459
684,train-load-0.8-scenario-160,0.8,0.9166666666666666,0.18333333333333332,0.9166666666666666,4.068880530798808,-0.4452538425661512,0.627072024384333,0.5454545454545454,0.45454545454545453,0.5454545454545454,0.45454545454545453,6,5,6,5,11,6,11,6,0.5039404034614563,0.05,,,,,,,,,,,0.3837372122936152,0.7034953792738459
685,train-load-0.9-scenario-149,0.9,0.84444275,0.6918114583333334,0.84444275,7.3334065938735815,0.4573054200608302,0.399837437082027,0.7142857142857143,0.2857142857142857,0.625,0.375,5,2,5,3,8,4,7,5,0.283367782831192,0.05,,,,,,,,,,,0.3837372122936152,0.7034953792738459
686,train-load-0.5-scenario-72,0.5,0.44732976190476187,0.44732976190476187,0.43013942857142856,12.086824213164077,1.2600540235947089,0.7399459764052911,1.0,0.0,1.0,0.0,7,0,8,0,8,7,7,7,0.35710611939430237,0.05,,,,,,,,,,,0.3837372122936152,0.7034953792738459
687,train-load-0.5-scenario-247,0.5,0.45740519999999996,0.21215150000000002,0.45740519999999996,9.137815964185855,1.421377075204033,0.5786229247959671,1.0,0.0,1.0,0.0,4,0,4,0,4,5,4,4,0.46234357357025146,0.05,,,,,,,,,,,0.3837372122936152,0.7034953792738459
688,train-load-0.6-scenario-569-retry-1,0.6,0.72,0.52,0.72,16.4564766188622,1.7546834835912977,0.24531651640870242,1.0,0.0,1.0,0.0,8,0,10,0,10,5,8,8,0.7861630916595459,0.05,,,,,,,,,,,0.3837372122936152,0.7034953792738459
689,train-load-0.6-scenario-156,0.6,0.5810559523809524,0.5810559523809524,0.5531127142857143,15.424640574229349,1.3660298062275495,0.6339701937724505,1.0,0.0,1.0,0.0,9,0,11,0,11,7,9,9,0.6327309608459473,0.05,,,,,,,,,,,0.3837372122936152,0.7034953792738459
690,train-load-0.7-scenario-35,0.7,0.6241944285714286,0.5891175,0.6241944285714286,17.607572862107055,1.3158820076083375,0.6841179923916625,1.0,0.0,1.0,0.0,11,0,12,0,12,7,11,11,0.8253713250160217,0.05,,,,,,,,,,,0.3837372122936152,0.7034953792738459
691,train-load-0.6-scenario-60-retry-1,0.6,0.6875,0.275,0.6875,17.918346378152403,1.424006351115492,0.5759936488845081,1.0,0.0,1.0,0.0,11,0,11,0,11,4,11,11,0.3562977910041809,0.05,,,,,,,,,,,0.3837372122936152,0.7034953792738459
692,train-load-0.9-scenario-643-retry-1,0.9,0.9285714285714286,0.9285714285714286,0.7714285714285715,12.650735234358782,0.3746152704923732,0.29205139617429354,0.6666666666666666,0.3333333333333333,0.6666666666666666,0.3333333333333333,10,5,10,5,15,7,15,10,0.25419819355010986,0.05,,,,,,,,,,,0.3837372122936152,0.7034953792738459
693,train-load-0.6-scenario-73,0.6,0.5755453333333334,0.24777166666666667,0.5755453333333334,12.027222427335985,1.4621814432044846,0.5378185567955154,1.0,0.0,1.0,0.0,6,0,6,0,6,6,6,6,0.36876073479652405,0.05,,,,,,,,,,,0.3837372122936152,0.7034953792738459
694,train-load-0.8-scenario-574,0.8,0.837505875,0.2935989583333333,0.837505875,11.217947572779616,0.8278352322019457,0.7277203233536099,0.8888888888888888,0.1111111111111111,0.8181818181818182,0.18181818181818182,8,1,9,2,11,8,9,8,0.7399159669876099,0.05,,,,,,,,,,,0.3837372122936152,0.7034953792738459
695,train-load-0.8-scenario-435-retry-4,0.8,0.9,0.54,0.9,4.856174449483414,-0.16687814288455094,0.3891003651067732,0.5555555555555556,0.4444444444444444,0.5555555555555556,0.4444444444444444,5,4,5,4,9,5,9,5,0.6901687383651733,0.05,,,,,,,,,,,0.3837372122936152,0.7034953792738459
696,train-load-0.7-scenario-668,0.7,0.7129888,0.639224,0.7129888,12.68739531954959,1.0700085796494454,0.48554697590610985,0.8888888888888888,0.1111111111111111,0.8,0.2,8,1,8,2,10,5,9,8,0.597150444984436,0.05,,,,,,,,,,,0.3837372122936152,0.7034953792738459
697,train-load-0.6-scenario-563,0.6,0.57907825,0.27331343750000003,0.57907825,11.374889844759366,1.3696835789086181,0.6303164210913818,1.0,0.0,1.0,0.0,6,0,8,0,8,8,6,6,0.4033221900463104,0.05,,,,,,,,,,,0.3837372122936152,0.7034953792738459
698,train-load-0.9-scenario-498,0.9,0.9595138333333334,0.59938375,0.9595138333333334,14.15900297461743,1.0953928236794477,0.5046071763205524,0.9,0.1,0.8333333333333334,0.16666666666666666,9,1,10,2,12,6,10,9,0.30946558713912964,0.05,,,,,,,,,,,0.3837372122936152,0.7034953792738459
699,train-load-0.6-scenario-516,0.6,0.6875,0.20625,0.6875,9.928670392220624,0.39837083104589466,0.5107200780450145,0.7272727272727273,0.2727272727272727,0.7272727272727273,0.2727272727272727,8,3,8,3,11,8,11,8,0.19654567539691925,0.05,,,,,,,,,,,0.3837372122936152,0.7034953792738459
700,train-load-0.6-scenario-689,0.6,0.6666666666666666,0.3333333333333333,0.6666666666666666,8.779366374398727,0.5833097019336102,0.4166902980663897,0.75,0.25,0.75,0.25,6,2,6,2,8,6,8,6,0.6716747283935547,0.05,0.37492569791606856,0.5182870488540583,0.7233031866925319,0.27669681330746826,0.7098132320112895,0.29018676798871035,0.6657299535253672,0.6799142444445107,0.2887061259556452,0.7228560373353724,0.3837372122936152,0.7034953792738459
701,train-load-0.9-scenario-246-retry-1,0.9,1.0,0.675,1.0,6.11453602850425,0.04733716453773551,0.6193295021289311,0.6666666666666666,0.3333333333333333,0.6666666666666666,0.3333333333333333,6,3,6,3,9,4,9,6,0.4929206073284149,0.05,,,,,,,,,,,0.3837372122936152,0.7034953792738459
702,train-load-0.6-scenario-746,0.6,0.526706,0.3356307291666667,0.526706,10.72508472284991,1.6448573768695243,0.3551426231304758,1.0,0.0,1.0,0.0,4,0,5,0,5,4,4,4,0.5423006415367126,0.05,,,,,,,,,,,0.3837372122936152,0.7034953792738459
703,train-load-0.5-scenario-66,0.5,0.4375097142857143,0.4229901785714286,0.4375097142857143,11.729785949173895,1.407328230916367,0.5926717690836328,1.0,0.0,1.0,0.0,6,0,8,0,8,7,6,6,0.29828816652297974,0.05,,,,,,,,,,,0.3837372122936152,0.7034953792738459
704,train-load-0.7-scenario-235-retry-1,0.7,0.6,0.075,0.6,22.32402681990801,1.258534682938937,0.7414653170610631,1.0,0.0,1.0,0.0,15,0,15,0,15,5,15,15,0.3767944276332855,0.05,,,,,,,,,,,0.3837372122936152,0.7034953792738459
705,train-load-0.9-scenario-189,0.9,0.8330202857142857,0.4909797619047619,0.8330202857142857,13.22863224512111,0.686273162600165,0.6470601707331683,0.8333333333333334,0.16666666666666666,0.7692307692307693,0.23076923076923078,10,2,10,3,13,7,12,10,0.42132240533828735,0.05,,,,,,,,,,,0.3837372122936152,0.7034953792738459
706,train-load-0.9-scenario-121-retry-1,0.9,0.8293492,0.6508795,0.8293492,11.111311886315958,0.9351746413612918,0.5648253586387082,0.875,0.125,0.7777777777777778,0.2222222222222222,7,1,7,2,9,5,8,7,0.6412631273269653,0.05,,,,,,,,,,,0.3837372122936152,0.7034953792738459
707,train-load-0.9-scenario-559-retry-2,0.9,0.98,0.56,0.98,3.0120210756923385,-0.44444334035610866,0.666665562578331,0.5555555555555556,0.4444444444444444,0.5555555555555556,0.4444444444444444,5,4,5,4,9,5,9,5,0.3573164641857147,0.05,,,,,,,,,,,0.3837372122936152,0.7034953792738459
708,train-load-1.0-scenario-162-retry-3,1.0,0.95,0.3958333333333333,0.95,12.221731612532224,-0.07170641047332771,0.5980221999470119,0.631578947368421,0.3684210526315789,0.631578947368421,0.3684210526315789,12,7,12,7,19,8,19,12,0.4032765030860901,0.05,,,,,,,,,,,0.3837372122936152,0.7034953792738459
709,train-load-0.6-scenario-623-retry-1,0.6,0.6944444444444444,0.6944444444444444,0.5,15.694750165296691,1.2950721289989207,0.7049278710010793,1.0,0.0,1.0,0.0,10,0,10,0,10,6,10,10,0.6181371212005615,0.05,,,,,,,,,,,0.3837372122936152,0.7034953792738459
710,train-load-0.7-scenario-407,0.7,0.8,0.6666666666666666,0.8,9.704179719461951,0.4435727794918428,0.3564272205081572,0.7,0.3,0.7,0.3,7,3,7,3,10,5,10,7,0.361297607421875,0.05,,,,,,,,,,,0.3837372122936152,0.7034953792738459
711,train-load-0.5-scenario-625,0.5,0.4766484285714286,0.20335464285714286,0.4766484285714286,10.614421534290148,1.240304473456738,0.7596955265432619,1.0,0.0,1.0,0.0,6,0,6,0,6,7,6,6,0.6643809676170349,0.05,,,,,,,,,,,0.3837372122936152,0.7034953792738459
712,train-load-1.0-scenario-156-retry-2,1.0,0.99,0.99,0.93,25.758526490595614,0.9348530874378549,0.23181357922881168,0.7916666666666666,0.20833333333333334,0.7916666666666666,0.20833333333333334,19,5,19,5,24,5,24,19,0.7421363592147827,0.05,,,,,,,,,,,0.3837372122936152,0.7034953792738459
713,train-load-0.8-scenario-687,0.8,0.74245,0.74245,0.717606,7.782447470580143,0.45124968147075717,0.5487503185292428,0.75,0.25,0.75,0.25,6,2,6,2,8,4,8,6,0.6165846586227417,0.05,,,,,,,,,,,0.3837372122936152,0.7034953792738459
714,train-load-0.5-scenario-348,0.5,0.5082325,0.309150625,0.5082325,7.747439761479477,1.1508096687235232,0.8491903312764768,1.0,0.0,1.0,0.0,4,0,4,0,4,4,4,4,0.5393252372741699,0.05,,,,,,,,,,,0.3837372122936152,0.7034953792738459
715,train-load-0.7-scenario-108,0.7,0.7777777777777778,0.7777777777777778,0.7666666666666667,14.780133370427125,0.9491803089512065,0.38415302438212695,0.8333333333333334,0.16666666666666666,0.8333333333333334,0.16666666666666666,10,2,10,2,12,6,12,10,0.14686819911003113,0.05,,,,,,,,,,,0.3837372122936152,0.7034953792738459
716,train-load-1.0-scenario-468-retry-3,1.0,1.04318375,0.751754375,1.04318375,5.946243076998895,0.03578912778462606,0.6308775388820406,0.6666666666666666,0.3333333333333333,0.6666666666666666,0.3333333333333333,6,3,6,3,9,4,9,6,0.3237498700618744,0.05,,,,,,,,,,,0.3837372122936152,0.7034953792738459
717,train-load-1.0-scenario-647-retry-3,1.0,1.1,1.1,0.22,1.775689329926627,-0.8040721818448386,0.6222540000266569,0.45454545454545453,0.5454545454545454,0.45454545454545453,0.5454545454545454,5,6,5,6,11,5,11,5,0.5699385404586792,0.05,,,,,,,,,,,0.3837372122936152,0.7034953792738459
718,train-hard-4gpu-4pod-1vgpu,0.25,0.25,0.16666666666666666,0.25,11.544497883017963,1.9166666666666665,0.08333333333333337,1.0,0.0,1.0,0.0,4,0,4,0,4,4,4,4,0.7644008994102478,0.05,,,,,,,,,,,0.3837372122936152,0.7034953792738459
719,train-load-0.8-scenario-290-retry-5,0.8,0.90625,0.6375,0.90625,21.71667083828081,0.8542460120628282,0.34575398793717194,0.8,0.2,0.8,0.2,16,4,16,4,20,8,20,16,0.2659658193588257,0.05,,,,,,,,,,,0.3837372122936152,0.7034953792738459
720,train-load-0.7-scenario-179,0.7,0.8125,0.3854166666666667,0.8125,12.30436772042539,0.9498306796740029,0.6057248758815525,0.8888888888888888,0.1111111111111111,0.8095238095238095,0.19047619047619047,8,1,17,4,21,8,9,8,0.2376626878976822,0.05,,,,,,,,,,,0.3837372122936152,0.7034953792738459
721,train-load-0.5-scenario-522,0.5,0.5856702500000001,0.22899479166666667,0.5856702500000001,4.9999274440875805,0.9422647199831162,1.0577352800168838,1.0,0.0,1.0,0.0,3,0,4,0,4,4,3,3,0.3052583932876587,0.05,,,,,,,,,,,0.3837372122936152,0.7034953792738459
722,train-load-1.0-scenario-101,1.0,0.9688362500000001,0.8068927083333334,0.9688362500000001,3.880347244576921,-0.19577329848939828,0.6957732984893983,0.625,0.375,0.5555555555555556,0.4444444444444444,5,3,5,4,9,4,8,5,0.5123088955879211,0.05,,,,,,,,,,,0.3837372122936152,0.7034953792738459
723,train-load-0.9-scenario-363-retry-1,0.9,0.84104675,0.771753125,0.84104675,13.11786375559321,1.2656777100220509,0.23432228997794916,0.875,0.125,0.8888888888888888,0.1111111111111111,7,1,8,1,9,4,8,7,0.38826125860214233,0.05,,,,,,,,,,,0.3837372122936152,0.7034953792738459
724,train-load-0.7-scenario-261,0.7,0.78,0.45,0.78,16.2108951044879,1.5238368523654025,0.47616314763459766,1.0,0.0,1.0,0.0,9,0,9,0,9,5,9,9,0.28145354986190796,0.05,,,,,,,,,,,0.3837372122936152,0.7034953792738459
725,train-load-0.5-scenario-159,0.5,0.4416197142857143,0.4280059523809524,0.4416197142857143,14.328406750156553,1.3968722816607828,0.6031277183392173,1.0,0.0,1.0,0.0,8,0,8,0,8,7,8,8,0.30303657054901123,0.05,,,,,,,,,,,0.3837372122936152,0.7034953792738459
726,train-load-0.5-scenario-254-retry-1,0.5,0.4,0.1,0.4,18.437895037089433,1.2499649514324531,0.7500350485675469,1.0,0.0,1.0,0.0,12,0,12,0,12,6,12,12,0.25527864694595337,0.05,,,,,,,,,,,0.3837372122936152,0.7034953792738459
727,train-load-0.9-scenario-22,0.9,0.794902625,0.48697135416666665,0.794902625,17.26362879176639,1.0344172599699921,0.6578904323377002,0.9230769230769231,0.07692307692307693,0.9285714285714286,0.07142857142857142,12,1,13,1,14,8,13,12,0.329778254032135,0.05,,,,,,,,,,,0.3837372122936152,0.7034953792738459
728,train-load-0.7-scenario-457,0.7,0.7775708,0.5810555000000001,0.7775708,11.111225305483957,0.9921652163602384,0.5078347836397616,0.875,0.125,0.8888888888888888,0.1111111111111111,7,1,8,1,9,5,8,7,0.23034365475177765,0.05,,,,,,,,,,,0.3837372122936152,0.7034953792738459
729,train-load-0.8-scenario-389,0.8,0.9132033333333334,0.4333766666666667,0.9132033333333334,6.757061353766833,0.13565430026066805,0.9754568108504431,0.7777777777777778,0.2222222222222222,0.7,0.3,7,2,7,3,10,6,9,7,0.2886370122432709,0.05,,,,,,,,,,,0.3837372122936152,0.7034953792738459
730,train-load-1.0-scenario-616-retry-8,1.0,1.0875,0.6625,1.0875,5.58323775032224,0.11844534724247824,0.3815546527575217,0.625,0.375,0.625,0.375,5,3,5,3,8,4,8,5,0.46873658895492554,0.05,,,,,,,,,,,0.3837372122936152,0.7034953792738459
731,train-load-0.6-scenario-191-retry-1,0.6,0.5,0.5,0.3125,18.428579050434937,1.6016753105019494,0.39832468949805055,1.0,0.0,1.0,0.0,10,0,10,0,10,8,10,10,0.4551461338996887,0.05,,,,,,,,,,,0.3837372122936152,0.7034953792738459
732,train-load-1.0-scenario-209-retry-5,1.0,1.0625,1.0625,0.775,22.696214803758956,0.9689637521313207,0.23103624786867932,0.8,0.2,0.7142857142857143,0.2857142857142857,16,4,20,8,28,8,20,16,0.5483903884887695,0.05,,,,,,,,,,,0.3837372122936152,0.7034953792738459
733,train-load-0.9-scenario-270,0.9,0.7904760000000001,0.4433782142857143,0.7904760000000001,13.589669686533433,0.6939602988351226,0.6393730344982109,0.8333333333333334,0.16666666666666666,0.8333333333333334,0.16666666666666666,10,2,10,2,12,7,12,10,0.41301459074020386,0.05,,,,,,,,,,,0.3837372122936152,0.7034953792738459
734,train-load-0.7-scenario-158,0.7,0.68,0.68,0.22,10.566169154618656,0.8527653528365882,0.6472346471634117,0.875,0.125,0.875,0.125,7,1,7,1,8,5,8,7,0.4785545766353607,0.05,,,,,,,,,,,0.3837372122936152,0.7034953792738459
735,train-load-1.0-scenario-159,1.0,0.9202881666666667,0.7755486111111112,0.9202881666666667,16.599114024379197,1.01787224200534,0.36674314261004437,0.8461538461538461,0.15384615384615385,0.7857142857142857,0.21428571428571427,11,2,11,3,14,6,13,11,0.5769819617271423,0.05,,,,,,,,,,,0.3837372122936152,0.7034953792738459
736,train-load-0.7-scenario-745-retry-2,0.7,0.775,0.3333333333333333,0.775,10.236731855382914,0.6765418294912944,0.43456928161981667,0.7777777777777778,0.2222222222222222,0.6666666666666666,0.3333333333333333,7,2,8,4,12,8,9,7,0.5989813804626465,0.05,,,,,,,,,,,0.3837372122936152,0.7034953792738459
737,train-load-0.7-scenario-298,0.7,0.60850625,0.60850625,0.5817752500000001,12.480961605360838,1.5575885790760804,0.4424114209239196,1.0,0.0,1.0,0.0,6,0,7,0,7,4,6,6,0.3085100054740906,0.05,,,,,,,,,,,0.3837372122936152,0.7034953792738459
738,train-load-0.8-scenario-355-retry-1,0.8,0.8,0.16,0.8,4.044737815996749,-0.18086680242001374,0.6808668024200137,0.625,0.375,0.625,0.375,5,3,5,3,8,5,8,5,0.39137908816337585,0.05,,,,,,,,,,,0.3837372122936152,0.7034953792738459
739,train-load-1.0-scenario-49-retry-2,1.0,1.0714285714285714,0.21428571428571427,1.0714285714285714,4.3970825921820635,-0.6583117156109828,0.5249783822776495,0.4666666666666667,0.5333333333333333,0.4666666666666667,0.5333333333333333,7,8,7,8,15,7,15,7,0.22976815700531006,0.05,,,,,,,,,,,0.3837372122936152,0.7034953792738459
740,train-load-0.8-scenario-314,0.8,0.7135447142857142,0.6416757142857142,0.7135447142857142,13.867870073129195,0.7877241202256697,0.5456092131076637,0.8333333333333334,0.16666666666666666,0.8461538461538461,0.15384615384615385,10,2,11,2,13,7,12,10,0.4536310136318207,0.05,,,,,,,,,,,0.3837372122936152,0.7034953792738459
741,train-hard-8gpu-16pod-1vgpu,0.5,0.5,0.3333333333333333,0.5,26.092616392615852,1.625,0.375,1.0,0.0,1.0,0.0,16,0,16,0,16,8,16,16,0.3739772439002991,0.05,,,,,,,,,,,0.3837372122936152,0.7034953792738459
742,train-load-0.6-scenario-246,0.6,0.5532843333333333,0.2739180555555556,0.5532843333333333,9.668508805836243,1.2660833175871833,0.7339166824128166,1.0,0.0,1.0,0.0,5,0,6,0,6,6,5,5,0.3615659177303314,0.05,,,,,,,,,,,0.3837372122936152,0.7034953792738459
743,train-load-1.0-scenario-417,1.0,0.963215,0.56778275,0.963215,8.143682839257034,0.23070209030962952,0.5692979096903704,0.7,0.3,0.7,0.3,7,3,7,3,10,5,10,7,0.6851010322570801,0.05,,,,,,,,,,,0.3837372122936152,0.7034953792738459
744,train-load-1.0-scenario-720,1.0,1.1111111111111112,1.1111111111111112,0.4166666666666667,2.4909390639735327,-0.6087049961068608,0.6087049961068608,0.5,0.5,0.5,0.5,5,5,5,5,10,6,10,5,0.4643758535385132,0.05,,,,,,,,,,,0.3837372122936152,0.7034953792738459
745,train-load-0.6-scenario-404-retry-1,0.6,0.62,0.62,0.51,16.199176674877236,1.7412252978195015,0.25877470218049836,1.0,0.0,1.0,0.0,8,0,9,0,9,5,8,8,0.4199953079223633,0.05,,,,,,,,,,,0.3837372122936152,0.7034953792738459
746,train-load-0.7-scenario-487-retry-3,0.7,0.8142857142857143,0.6190476190476191,0.8142857142857143,5.626121679589879,-0.29705399250895137,0.6303873258422847,0.5833333333333334,0.4166666666666667,0.5833333333333334,0.4166666666666667,7,5,7,5,12,7,12,7,0.4714183211326599,0.05,,,,,,,,,,,0.3837372122936152,0.7034953792738459
747,train-load-1.0-scenario-508-retry-5,1.0,0.9285714285714286,0.5571428571428572,0.9285714285714286,6.438787241155376,-0.26007372911593385,0.4139198829620876,0.5384615384615384,0.46153846153846156,0.5384615384615384,0.46153846153846156,7,6,7,6,13,7,13,7,0.2597244083881378,0.05,,,,,,,,,,,0.3837372122936152,0.7034953792738459
748,train-load-0.9-scenario-361,0.9,0.818672,0.818672,0.7644584,13.648882761331057,0.8952619840790031,0.37746528864826967,0.8181818181818182,0.18181818181818182,0.8181818181818182,0.18181818181818182,9,2,9,2,11,5,11,9,0.37288665771484375,0.05,,,,,,,,,,,0.3837372122936152,0.7034953792738459
749,train-load-0.9-scenario-240,0.9,1.0,0.625,1.0,8.45092578151961,0.2566229551646496,0.5433770448353503,0.7,0.3,0.7,0.3,7,3,7,3,10,4,10,7,0.159286767244339,0.05,,,,,,,,,,,0.3837372122936152,0.7034953792738459
750,train-load-0.9-scenario-133-retry-7,0.9,1.0,0.2777777777777778,1.0,4.986386866365066,-0.19929351750967017,0.5992935175096701,0.6,0.4,0.6,0.4,6,4,6,4,10,6,10,6,0.38549602031707764,0.05,,,,,,,,,,,0.3837372122936152,0.7034953792738459
751,train-load-0.5-scenario-209,0.5,0.5021547500000001,0.2539473958333333,0.5021547500000001,8.421965231113212,1.2691311596381554,0.7308688403618447,1.0,0.0,1.0,0.0,4,0,4,0,4,4,4,4,0.4503352642059326,0.05,,,,,,,,,,,0.3837372122936152,0.7034953792738459
752,train-hard-8gpu-16pod-1vgpu,0.5,0.5,0.3333333333333333,0.5,27.21738182198293,1.8333333333333335,0.16666666666666663,1.0,0.0,1.0,0.0,16,0,16,0,16,8,16,16,0.2810699939727783,0.05,,,,,,,,,,,0.3837372122936152,0.7034953792738459
753,train-load-0.8-scenario-284-retry-2,0.8,0.7,0.5238095238095238,0.7,17.439925305363328,1.4957647154375997,0.5042352845624004,1.0,0.0,1.0,0.0,10,0,10,0,10,7,10,10,0.5175387859344482,0.05,,,,,,,,,,,0.3837372122936152,0.7034953792738459
754,train-load-1.0-scenario-258,1.0,0.96690425,0.4234791666666667,0.96690425,6.457039160578991,0.5165005581986244,0.816832775134709,0.8333333333333334,0.16666666666666666,0.7142857142857143,0.2857142857142857,5,1,5,2,7,4,6,5,0.32828959822654724,0.05,,,,,,,,,,,0.3837372122936152,0.7034953792738459
755,train-load-1.0-scenario-709,1.0,0.9633533333333333,0.7817774305555556,0.9633533333333333,13.810445449310397,0.6549328867697038,0.4219901901533731,0.7692307692307693,0.23076923076923078,0.6666666666666666,0.3333333333333333,10,3,10,5,15,6,13,10,0.6403330564498901,0.05,,,,,,,,,,,0.3837372122936152,0.7034953792738459
756,train-load-0.9-scenario-459-retry-1,0.9,0.7942870000000001,0.5249285,0.7942870000000001,11.1016305145728,0.9237667983762148,0.5762332016237852,0.875,0.125,0.7777777777777778,0.2222222222222222,7,1,7,2,9,5,8,7,0.34081318974494934,0.05,,,,,,,,,,,0.3837372122936152,0.7034953792738459
757,train-load-0.7-scenario-357,0.7,0.8,0.5,0.8,11.654086440273739,0.3068377295457372,0.55030512759712,0.7142857142857143,0.2857142857142857,0.7142857142857143,0.2857142857142857,10,4,10,4,14,7,14,10,0.38546597957611084,0.05,,,,,,,,,,,0.3837372122936152,0.7034953792738459
758,train-load-0.8-scenario-509,0.8,0.6945872000000001,0.3438805,0.6945872000000001,4.750317898155307,0.47014762143019395,0.529852378569806,0.75,0.25,0.6666666666666666,0.3333333333333333,3,1,4,2,6,5,4,3,0.2541351020336151,0.05,,,,,,,,,,,0.3837372122936152,0.7034953792738459
759,train-load-1.0-scenario-62,1.0,0.9410761999999999,0.482916,0.9410761999999999,8.517342210504037,0.5571421588171372,0.44285784118286275,0.75,0.25,0.7777777777777778,0.2222222222222222,6,2,7,2,9,5,8,6,0.5911914110183716,0.05,,,,,,,,,,,0.3837372122936152,0.7034953792738459
760,train-load-0.8-scenario-336,0.8,0.75312725,0.6114432291666666,0.75312725,16.857650411469272,1.137108143724407,0.5295585229422595,0.9166666666666666,0.08333333333333333,0.8666666666666667,0.13333333333333333,11,1,13,2,15,8,12,11,0.5510805249214172,0.05,,,,,,,,,,,0.3837372122936152,0.7034953792738459
761,train-load-0.8-scenario-561-retry-6,0.8,0.775,0.5104166666666666,0.775,22.192811470112737,1.1518425914532062,0.5981574085467938,0.9375,0.0625,0.8947368421052632,0.10526315789473684,15,1,17,2,19,8,16,15,0.2641010582447052,0.05,,,,,,,,,,,0.3837372122936152,0.7034953792738459
762,train-load-0.5-scenario-68-retry-8,0.5,0.4,0.2,0.4,29.125929668361174,1.2390778751330545,0.7609221248669454,1.0,0.0,1.0,0.0,20,0,20,0,20,5,20,20,0.5078421831130981,0.05,,,,,,,,,,,0.3837372122936152,0.7034953792738459
763,train-load-0.7-scenario-226-retry-11,0.7,0.8,0.64,0.8,6.396483325914078,0.19313341632195313,0.3068665836780469,0.625,0.375,0.625,0.375,5,3,5,3,8,5,8,5,0.259397953748703,0.05,,,,,,,,,,,0.3837372122936152,0.7034953792738459
764,train-load-0.9-scenario-210,0.9,0.8,0.8,0.48,12.130543064554397,0.5903832251963097,0.4096167748036903,0.75,0.25,0.75,0.25,9,3,9,3,12,5,12,9,0.4285012483596802,0.05,,,,,,,,,,,0.3837372122936152,0.7034953792738459
765,train-load-0.9-scenario-384,0.9,1.0,1.0,0.9142857142857143,20.126187831585355,0.5496866646241763,0.35940424446673286,0.7272727272727273,0.2727272727272727,0.7272727272727273,0.2727272727272727,16,6,16,6,22,7,22,16,0.3894326090812683,0.05,,,,,,,,,,,0.3837372122936152,0.7034953792738459
766,train-load-0.9-scenario-684,0.9,0.833542,0.6420471875,0.833542,20.0551183446044,1.3182526117131275,0.39603310257258706,0.9285714285714286,0.07142857142857142,0.9375,0.0625,13,1,15,1,16,8,14,13,0.3622816801071167,0.05,,,,,,,,,,,0.3837372122936152,0.7034953792738459
767,train-load-0.9-scenario-653,0.9,0.9149091666666668,0.4542597222222222,0.9149091666666668,11.769913394579946,0.8939035718560496,0.661651983699506,0.8888888888888888,0.1111111111111111,0.8181818181818182,0.18181818181818182,8,1,9,2,11,6,9,8,0.13166607916355133,0.05,,,,,,,,,,,0.3837372122936152,0.7034953792738459
768,train-load-0.8-scenario-637,0.8,0.9142857142857143,0.9142857142857143,0.3142857142857143,6.418223494774249,0.252691006809578,0.747308993190422,0.75,0.25,0.7777777777777778,0.2222222222222222,6,2,7,2,9,7,8,6,0.4082356095314026,0.05,,,,,,,,,,,0.3837372122936152,0.7034953792738459
769,train-load-0.6-scenario-461-retry-2,0.6,0.6875,0.1625,0.6875,8.703269704130399,0.5233461562633952,0.4766538437366047,0.75,0.25,0.6363636363636364,0.36363636363636365,6,2,7,4,11,8,8,6,0.36661869287490845,0.05,,,,,,,,,,,0.3837372122936152,0.7034953792738459
770,train-load-0.7-scenario-252-retry-4,0.7,0.7,0.4375,0.7,14.63226696673962,0.6392878721252719,0.5035692707318709,0.7857142857142857,0.21428571428571427,0.7857142857142857,0.21428571428571427,11,3,11,3,14,8,14,11,0.4939146637916565,0.05,,,,,,,,,,,0.3837372122936152,0.7034953792738459
771,train-load-0.7-scenario-455,0.7,0.6027868333333334,0.39994541666666666,0.6027868333333334,13.204737255894813,1.4536107835666237,0.5463892164333763,1.0,0.0,1.0,0.0,7,0,8,0,8,6,7,7,0.40838658809661865,0.05,,,,,,,,,,,0.3837372122936152,0.7034953792738459
772,train-load-0.6-scenario-13,0.6,0.5919144,0.5288016666666667,0.5919144,12.081071301666459,1.2699359461892248,0.7300640538107752,1.0,0.0,1.0,0.0,7,0,8,0,8,5,7,7,0.43903064727783203,0.05,,,,,,,,,,,0.3837372122936152,0.7034953792738459
773,train-load-0.8-scenario-419,0.8,0.7517144,0.6251091666666667,0.7517144,11.42281418929922,0.9921666435258616,0.5078333564741384,0.875,0.125,0.7777777777777778,0.2222222222222222,7,1,7,2,9,5,8,7,0.614903450012207,0.05,,,,,,,,,,,0.3837372122936152,0.7034953792738459
774,train-load-1.0-scenario-534,1.0,0.9348442,0.75090875,0.9348442,6.445293366109011,-0.07449110220845823,0.8744911022084582,0.7,0.3,0.6363636363636364,0.36363636363636365,7,3,7,4,11,5,10,7,0.5014266967773438,0.05,,,,,,,,,,,0.3837372122936152,0.7034953792738459
775,train-load-1.0-scenario-28,1.0,0.9571428571428572,0.6571428571428571,0.9571428571428572,22.35662272422432,0.6987092593616786,0.4317255232470172,0.782608695652174,0.21739130434782608,0.782608695652174,0.21739130434782608,18,5,18,5,23,7,23,18,0.5675293207168579,0.05,,,,,,,,,,,0.3837372122936152,0.7034953792738459
776,train-load-0.5-scenario-437,0.5,0.5377834,0.26697666666666664,0.5377834,10.460185412150002,1.3994819760182868,0.6005180239817132,1.0,0.0,1.0,0.0,5,0,5,0,5,5,5,5,0.39457112550735474,0.05,,,,,,,,,,,0.3837372122936152,0.7034953792738459
777,train-load-0.9-scenario-325,0.9,0.95,0.9166666666666666,0.95,11.522975960199418,0.9378464766924166,0.17326463441869458,0.7777777777777778,0.2222222222222222,0.7777777777777778,0.2222222222222222,7,2,7,2,9,4,9,7,0.48720017075538635,0.05,,,,,,,,,,,0.3837372122936152,0.7034953792738459
778,train-load-1.0-scenario-569,1.0,0.9049917857142857,0.9049917857142857,0.8142097142857143,12.505221760599486,0.35096647544959686,0.791890667407546,0.7857142857142857,0.21428571428571427,0.6875,0.3125,11,3,11,5,16,7,14,11,0.4533260762691498,0.05,,,,,,,,,,,0.3837372122936152,0.7034953792738459
779,train-load-0.6-scenario-595,0.6,0.51236675,0.4463771875,0.51236675,15.838108533852623,1.4369226018197794,0.5630773981802205,1.0,0.0,1.0,0.0,9,0,11,0,11,8,9,9,0.32173100113868713,0.05,,,,,,,,,,,0.3837372122936152,0.7034953792738459
780,train-load-1.0-scenario-14-retry-5,1.0,0.9896632857142857,0.7443824404761905,0.9896632857142857,17.49493941118262,0.8746899244334572,0.5919767422332096,0.8666666666666667,0.13333333333333333,0.8125,0.1875,13,2,13,3,16,7,15,13,0.41246891021728516,0.05,,,,,,,,,,,0.3837372122936152,0.7034953792738459
781,train-load-0.8-scenario-621,0.8,0.724668125,0.6739468750000001,0.724668125,19.385892572217333,1.1705235647342933,0.5437621495514212,0.9285714285714286,0.07142857142857142,0.8666666666666667,0.13333333333333333,13,1,13,2,15,8,14,13,0.24748876690864563,0.05,,,,,,,,,,,0.3837372122936152,0.7034953792738459
782,train-load-0.8-scenario-220,0.8,0.6854264999999999,0.4294395833333333,0.6854264999999999,18.443112883067297,1.2775802476023714,0.7224197523976287,1.0,0.0,1.0,0.0,12,0,12,0,12,8,12,12,0.27007901668548584,0.05,,,,,,,,,,,0.3837372122936152,0.7034953792738459
783,train-load-0.9-scenario-507-retry-7,0.9,0.9333333333333333,0.6,0.9333333333333333,14.160864835485434,0.8128235217063067,0.5205098116270268,0.8333333333333334,0.16666666666666666,0.75,0.25,10,2,12,4,16,6,12,10,0.3140730857849121,0.05,,,,,,,,,,,0.3837372122936152,0.7034953792738459
784,train-load-0.7-scenario-485,0.7,0.7233885,0.39386875,0.7233885,13.315734237000079,0.9279231796433389,0.6720768203566613,0.9,0.1,0.8333333333333334,0.16666666666666666,9,1,10,2,12,8,10,9,0.3622032403945923,0.05,,,,,,,,,,,0.3837372122936152,0.7034953792738459
785,train-load-0.9-scenario-465,0.9,0.833511,0.61464,0.833511,11.188154391301591,0.8124231866040849,0.7431323689514706,0.8888888888888888,0.1111111111111111,0.8181818181818182,0.18181818181818182,8,1,9,2,11,6,9,8,0.3871345818042755,0.05,,,,,,,,,,,0.3837372122936152,0.7034953792738459
786,train-load-0.5-scenario-391,0.5,0.478635625,0.2696630208333333,0.478635625,13.314997460338816,1.2489970476837984,0.7510029523162017,1.0,0.0,1.0,0.0,8,0,8,0,8,8,8,8,0.2543850541114807,0.05,,,,,,,,,,,0.3837372122936152,0.7034953792738459
787,train-load-0.7-scenario-718-retry-1,0.7,0.75,0.3,0.75,15.294496395701339,1.08248857961851,0.5538750567451263,0.9090909090909091,0.09090909090909091,0.9090909090909091,0.09090909090909091,10,1,10,1,11,5,11,10,0.43087220191955566,0.05,,,,,,,,,,,0.3837372122936152,0.7034953792738459
788,train-load-0.8-scenario-221-retry-1,0.8,0.9,0.9,0.8,4.819373091755398,-0.43834133849091617,0.7716746718242495,0.5833333333333334,0.4166666666666667,0.5833333333333334,0.4166666666666667,7,5,7,5,12,5,12,7,0.37061914801597595,0.05,,,,,,,,,,,0.3837372122936152,0.7034953792738459
789,train-load-1.0-scenario-185,1.0,1.0,1.0,0.5,2.981199081210157,-0.5152488647146312,0.5152488647146312,0.5,0.5,0.5,0.5,5,5,5,5,10,5,10,5,0.43369966745376587,0.05,,,,,,,,,,,0.3837372122936152,0.7034953792738459
790,train-load-0.9-scenario-156-retry-1,0.9,1.0,0.14166666666666666,1.0,3.652834026158076,-0.5947918274860569,0.5947918274860569,0.5,0.5,0.5,0.5,6,6,6,6,12,6,12,6,0.3105289340019226,0.05,,,,,,,,,,,0.3837372122936152,0.7034953792738459
791,train-load-0.9-scenario-256,0.9,0.912078875,0.4720598958333333,0.912078875,17.598150073550123,1.0556914789484226,0.6366162133592698,0.9230769230769231,0.07692307692307693,0.8571428571428571,0.14285714285714285,12,1,12,2,14,8,13,12,0.26827359199523926,0.05,,,,,,,,,,,0.3837372122936152,0.7034953792738459
792,train-load-0.6-scenario-608-retry-3,0.6,0.6571428571428571,0.40476190476190477,0.6571428571428571,14.67326441888036,1.4477683827868613,0.5522316172131387,1.0,0.0,1.0,0.0,8,0,11,0,11,7,8,8,0.2063484787940979,0.05,,,,,,,,,,,0.3837372122936152,0.7034953792738459
793,train-load-0.8-scenario-410,0.8,0.8333333333333334,0.7916666666666666,0.8333333333333334,17.301427267081138,0.46790207424433305,0.47946634680829847,0.7368421052631579,0.2631578947368421,0.7368421052631579,0.2631578947368421,14,5,14,5,19,6,19,14,0.3202381730079651,0.05,,,,,,,,,,,0.3837372122936152,0.7034953792738459
794,train-load-0.7-scenario-156,0.7,0.6290560000000001,0.4639095833333334,0.6290560000000001,15.18962744008509,1.5244993337683181,0.47550066623168186,1.0,0.0,1.0,0.0,8,0,9,0,9,6,8,8,0.36189547181129456,0.05,,,,,,,,,,,0.3837372122936152,0.7034953792738459
795,train-load-1.0-scenario-473-retry-14,1.0,1.1,0.7875,1.1,5.936869009615268,-0.3437323643246468,0.49757851817080057,0.5384615384615384,0.46153846153846156,0.5384615384615384,0.46153846153846156,7,6,7,6,13,8,13,7,0.4796214699745178,0.05,,,,,,,,,,,0.3837372122936152,0.7034953792738459
796,train-load-0.8-scenario-472,0.8,0.6835025,0.47477864583333335,0.6835025,20.466751862921335,1.3988045739402628,0.6011954260597372,1.0,0.0,1.0,0.0,13,0,14,0,14,8,13,13,0.5607882738113403,0.05,,,,,,,,,,,0.3837372122936152,0.7034953792738459
797,train-load-0.7-scenario-611,0.7,0.605408375,0.47885062500000003,0.605408375,16.234682834238612,1.3145285572620171,0.6854714427379829,1.0,0.0,1.0,0.0,10,0,11,0,11,8,10,10,0.32836174964904785,0.05,,,,,,,,,,,0.3837372122936152,0.7034953792738459
798,train-load-1.0-scenario-601-retry-1,1.0,1.0625,0.375,1.0625,7.653672795504191,-0.3315467189950623,0.9982133856617289,0.6666666666666666,0.3333333333333333,0.6666666666666666,0.3333333333333333,10,5,10,5,15,8,15,10,0.3369320034980774,0.05,,,,,,,,,,,0.3837372122936152,0.7034953792738459
799,train-load-0.7-scenario-646,0.7,0.6146085714285714,0.4148310714285714,0.6146085714285714,14.916735005140522,1.5534662484623132,0.4465337515376868,1.0,0.0,1.0,0.0,8,0,10,0,10,7,8,8,0.256952166557312,0.05,,,,,,,,,,,0.3837372122936152,0.7034953792738459
800,train-load-0.9-scenario-493,0.9,0.8001038,0.520625,0.8001038,7.8240166937368025,0.4242526719773102,0.5757473280226898,0.75,0.25,0.7777777777777778,0.2222222222222222,6,2,7,2,9,5,8,6,0.6759653091430664,0.05,0.3812064552966671,0.5182732467955695,0.7248699255230592,0.2751300744769409,0.7117732114543559,0.2882267885456441,0.6727544922675421,0.6810202046726556,0.28875381810693923,0.7249636959523311,0.3837372122936152,0.7034953792738459
801,train-load-0.8-scenario-727,0.8,0.7755901428571428,0.583341369047619,0.7755901428571428,15.01647566928942,1.0703206071431965,0.5660430292204397,0.9090909090909091,0.09090909090909091,0.8461538461538461,0.15384615384615385,10,1,11,2,13,7,11,10,0.29688066244125366,0.05,,,,,,,,,,,0.3837372122936152,0.7034953792738459
802,train-load-0.6-scenario-55-retry-2,0.6,0.52,0.235,0.52,14.51113807794934,1.247401804451116,0.7525981955488841,1.0,0.0,1.0,0.0,9,0,9,0,9,5,9,9,0.2605559825897217,0.05,,,,,,,,,,,0.3837372122936152,0.7034953792738459
803,train-load-1.0-scenario-5-retry-9,1.0,1.00625,0.98125,1.00625,6.628157899979336,-0.845219806066678,0.845219806066678,0.5,0.5,0.5,0.5,11,11,11,11,22,8,22,11,0.26554757356643677,0.05,,,,,,,,,,,0.3837372122936152,0.7034953792738459
804,train-load-1.0-scenario-24-retry-2,1.0,0.9085693333333335,0.6925090277777778,0.9085693333333335,11.872869915794741,0.42891689710399084,0.6480061798190861,0.7692307692307693,0.23076923076923078,0.7692307692307693,0.23076923076923078,10,3,10,3,13,6,13,10,0.1933128982782364,0.05,,,,,,,,,,,0.3837372122936152,0.7034953792738459
805,train-load-0.5-scenario-562,0.5,0.45,0.375,0.45,16.080448316846706,1.4397708619170917,0.5602291380829083,1.0,0.0,1.0,0.0,9,0,9,0,9,4,9,9,0.5525689125061035,0.05,,,,,,,,,,,0.3837372122936152,0.7034953792738459
806,train-load-0.9-scenario-24,0.9,0.8272677500000001,0.41825833333333334,0.8272677500000001,3.663549465670754,0.04613757307294619,0.6205290935937204,0.6666666666666666,0.3333333333333333,0.6666666666666666,0.3333333333333333,4,2,4,2,6,4,6,4,0.39073237776756287,0.05,,,,,,,,,,,0.3837372122936152,0.7034953792738459
807,train-load-0.6-scenario-517,0.6,0.6666666666666666,0.1111111111111111,0.6666666666666666,7.383787424098255,0.40361506474004627,0.5963849352599537,0.75,0.25,0.75,0.25,6,2,6,2,8,6,8,6,0.29311269521713257,0.05,,,,,,,,,,,0.3837372122936152,0.7034953792738459
808,train-load-0.6-scenario-609,0.6,0.7,0.7,0.7,24.13373430033329,1.7440933323198848,0.25590666768011505,1.0,0.0,1.0,0.0,14,0,14,0,14,4,14,14,0.3549748659133911,0.05,,,,,,,,,,,0.3837372122936152,0.7034953792738459
809,train-load-0.8-scenario-138-retry-4,0.8,0.8666666666666667,0.8666666666666667,0.5,10.918817262831972,0.1304208537198115,0.5362458129468551,0.6666666666666666,0.3333333333333333,0.6666666666666666,0.3333333333333333,10,5,10,5,15,6,15,10,0.48984819650650024,0.05,,,,,,,,,,,0.3837372122936152,0.7034953792738459
810,train-load-0.6-scenario-381,0.6,0.7142857142857143,0.5714285714285714,0.7142857142857143,13.226682028866566,1.1306162726157805,0.4249392829397748,0.8888888888888888,0.1111111111111111,0.8888888888888888,0.1111111111111111,8,1,8,1,9,7,9,8,0.33440911769866943,0.05,,,,,,,,,,,0.3837372122936152,0.7034953792738459
811,train-load-0.9-scenario-165,0.9,0.82,0.3,0.82,17.841925974022992,1.119985802818571,0.5723218894891213,0.9230769230769231,0.07692307692307693,0.9230769230769231,0.07692307692307693,12,1,12,1,13,5,13,12,0.5262647271156311,0.05,,,,,,,,,,,0.3837372122936152,0.7034953792738459
812,train-load-0.5-scenario-115-retry-1,0.5,0.5207981428571429,0.2868860119047619,0.5207981428571429,10.684260610808698,1.2442427704258188,0.7557572295741812,1.0,0.0,1.0,0.0,6,0,7,0,7,7,6,6,0.3133186101913452,0.05,,,,,,,,,,,0.3837372122936152,0.7034953792738459
813,train-load-1.0-scenario-119,1.0,0.9459685,0.654063125,0.9459685,4.228814885135285,-0.12312896619422808,0.6231289661942281,0.625,0.375,0.5555555555555556,0.4444444444444444,5,3,5,4,9,4,8,5,0.22468560934066772,0.05,,,,,,,,,,,0.3837372122936152,0.7034953792738459
814,train-load-0.7-scenario-310,0.7,0.6,0.125,0.6,18.608178749229644,1.2762261962192478,0.7237738037807522,1.0,0.0,1.0,0.0,12,0,12,0,12,4,12,12,0.2342534065246582,0.05,,,,,,,,,,,0.3837372122936152,0.7034953792738459
815,train-load-0.8-scenario-328,0.8,0.755036,0.6652391071428572,0.755036,13.773189261762163,0.8547319942491003,0.7816316421145361,0.9090909090909091,0.09090909090909091,0.8461538461538461,0.15384615384615385,10,1,11,2,13,7,11,10,0.3295495808124542,0.05,,,,,,,,,,,0.3837372122936152,0.7034953792738459
816,train-load-0.9-scenario-41-retry-4,0.9,1.0,1.0,0.16666666666666666,4.721461925181279,-0.25063274895877385,0.6506327489587738,0.6,0.4,0.6,0.4,6,4,6,4,10,6,10,6,0.36067819595336914,0.05,,,,,,,,,,,0.3837372122936152,0.7034953792738459
817,train-load-1.0-scenario-221,1.0,0.889260625,0.49730052083333337,0.889260625,7.914882720823545,0.0633211076269462,0.845769801463963,0.7272727272727273,0.2727272727272727,0.6153846153846154,0.38461538461538464,8,3,8,5,13,8,11,8,0.27005735039711,0.05,,,,,,,,,,,0.3837372122936152,0.7034953792738459
818,train-load-0.9-scenario-421,0.9,0.7804376,0.49174350000000006,0.7804376,5.912407932016299,0.45848848608192444,0.874844847251409,0.8333333333333334,0.16666666666666666,0.75,0.25,5,1,6,2,8,5,6,5,0.37276050448417664,0.05,,,,,,,,,,,0.3837372122936152,0.7034953792738459
819,train-load-0.7-scenario-71,0.7,0.604113,0.3413447916666667,0.604113,8.58743081883626,1.3387024255861952,0.6612975744138048,1.0,0.0,1.0,0.0,4,0,5,0,5,4,4,4,0.21407000720500946,0.05,,,,,,,,,,,0.3837372122936152,0.7034953792738459
820,train-load-0.5-scenario-258,0.5,0.5323248571428572,0.2779771428571428,0.5323248571428572,10.802710958238217,1.4382172796804895,0.5617827203195105,1.0,0.0,1.0,0.0,5,0,7,0,7,7,5,5,0.2309810221195221,0.05,,,,,,,,,,,0.3837372122936152,0.7034953792738459
821,train-load-1.0-scenario-480-retry-9,1.0,1.0833333333333333,1.0333333333333334,1.0833333333333333,5.209476943344148,-0.367633688070808,0.367633688070808,0.5,0.5,0.42857142857142855,0.5714285714285714,6,6,6,8,14,6,12,6,0.3133281469345093,0.05,,,,,,,,,,,0.3837372122936152,0.7034953792738459
822,train-load-0.6-scenario-547,0.6,0.5589039583333333,0.5589039583333333,0.49132133333333333,14.66670989789404,1.2264164902106898,0.7735835097893102,1.0,0.0,1.0,0.0,9,0,9,0,9,6,9,9,0.3999060392379761,0.05,,,,,,,,,,,0.3837372122936152,0.7034953792738459
823,train-load-0.6-scenario-38,0.6,0.7,0.2916666666666667,0.7,21.922318492590904,1.4553906626792272,0.5446093373207728,1.0,0.0,1.0,0.0,14,0,14,0,14,4,14,14,0.2976737320423126,0.05,,,,,,,,,,,0.3837372122936152,0.7034953792738459
824,train-load-0.5-scenario-270,0.5,0.4578494791666667,0.4578494791666667,0.43494999999999995,9.871725358088806,1.341950843718762,0.6580491562812381,1.0,0.0,1.0,0.0,5,0,5,0,5,4,5,5,0.2832191586494446,0.05,,,,,,,,,,,0.3837372122936152,0.7034953792738459
825,train-load-0.8-scenario-646,0.8,0.911322,0.5661753125,0.911322,9.745665784373458,0.8800040096353284,0.5485674189361,0.8571428571428571,0.14285714285714285,0.75,0.25,6,1,6,2,8,4,7,6,0.5927141308784485,0.05,,,,,,,,,,,0.3837372122936152,0.7034953792738459
826,train-load-0.8-scenario-745,0.8,0.696920125,0.48294578125000004,0.696920125,20.066589179128226,1.4931850916153753,0.5068149083846246,1.0,0.0,1.0,0.0,12,0,13,0,13,8,12,12,0.4789922833442688,0.05,,,,,,,,,,,0.3837372122936152,0.7034953792738459
827,train-load-0.6-scenario-604-retry-2,0.6,0.6857142857142857,0.05714285714285714,0.6857142857142857,10.226116333450602,0.8527126170848809,0.6472873829151192,0.875,0.125,0.875,0.125,7,1,7,1,8,7,8,7,0.4019627571105957,0.05,,,,,,,,,,,0.3837372122936152,0.7034953792738459
828,train-load-0.7-scenario-541,0.7,0.6,0.25,0.6,16.136860960357605,1.4364051649887666,0.5635948350112334,1.0,0.0,1.0,0.0,9,0,9,0,9,6,9,9,0.4087250232696533,0.05,,,,,,,,,,,0.3837372122936152,0.7034953792738459
829,train-load-1.0-scenario-644,1.0,0.92183775,0.776460625,0.92183775,12.019304234484679,1.0913593952351734,0.40864060476482655,0.875,0.125,0.7777777777777778,0.2222222222222222,7,1,7,2,9,4,8,7,0.25546714663505554,0.05,,,,,,,,,,,0.3837372122936152,0.7034953792738459
830,train-load-1.0-scenario-524,1.0,1.1,1.1,1.025,0.3854879657892343,-0.8024870457588312,0.8024870457588312,0.5,0.5,0.4117647058823529,0.5882352941176471,4,4,7,10,17,8,8,4,0.24249526858329773,0.05,,,,,,,,,,,0.3837372122936152,0.7034953792738459
831,train-load-0.6-scenario-418,0.6,0.5167841666666666,0.4790006944444445,0.5167841666666666,13.973351989492128,1.3706099906857918,0.6293900093142082,1.0,0.0,1.0,0.0,8,0,8,0,8,6,8,8,0.18689653277397156,0.05,,,,,,,,,,,0.3837372122936152,0.7034953792738459
832,train-load-0.9-scenario-641-retry-3,0.9,0.9,0.6714285714285714,0.9,4.191639255109289,-0.47846614963298495,1.0239206950875304,0.6363636363636364,0.36363636363636365,0.5714285714285714,0.42857142857142855,7,4,8,6,14,7,11,7,0.320234090089798,0.05,,,,,,,,,,,0.3837372122936152,0.7034953792738459
833,train-load-0.6-scenario-434-retry-3,0.6,0.5,0.375,0.5,29.7376991740556,1.3312366645989893,0.6687633354010107,1.0,0.0,1.0,0.0,20,0,20,0,20,8,20,20,0.452646404504776,0.05,,,,,,,,,,,0.3837372122936152,0.7034953792738459
834,train-load-0.9-scenario-42,0.9,0.8194052857142857,0.5821671428571429,0.8194052857142857,11.402517114186788,0.4173520464429831,0.9159812868903503,0.8333333333333334,0.16666666666666666,0.7692307692307693,0.23076923076923078,10,2,10,3,13,7,12,10,0.6489343643188477,0.05,,,,,,,,,,,0.3837372122936152,0.7034953792738459
835,train-load-0.6-scenario-361,0.6,0.5465970000000001,0.38358583333333335,0.5465970000000001,11.42026670844781,1.343534221582852,0.656465778417148,1.0,0.0,1.0,0.0,6,0,7,0,7,6,6,6,0.5461630821228027,0.05,,,,,,,,,,,0.3837372122936152,0.7034953792738459
836,train-load-1.0-scenario-356-retry-2,1.0,1.0,1.0,0.5,3.8255649713306834,-0.405188303532519,0.40518830353251895,0.5,0.5,0.5,0.5,5,5,5,5,10,5,10,5,0.39769113063812256,0.05,,,,,,,,,,,0.3837372122936152,0.7034953792738459
837,train-load-0.6-scenario-81-retry-1,0.6,0.7142857142857143,0.7142857142857143,0.2857142857142857,8.448947731562624,0.32868068961114216,0.4713193103888578,0.7,0.3,0.7,0.3,7,3,7,3,10,7,10,7,0.27992165088653564,0.05,,,,,,,,,,,0.3837372122936152,0.7034953792738459
838,train-load-0.5-scenario-557-retry-5,0.5,0.45,0.09375,0.45,15.885603569191804,1.4547204173139345,0.5452795826860656,1.0,0.0,1.0,0.0,9,0,9,0,9,4,9,9,0.38845527172088623,0.05,,,,,,,,,,,0.3837372122936152,0.7034953792738459
839,train-load-0.9-scenario-720,0.9,0.975,0.975,0.9,0.8573049061023554,-0.7516150314429633,0.529392809220741,0.4444444444444444,0.5555555555555556,0.4444444444444444,0.5555555555555556,4,5,4,5,9,4,9,4,0.5054923892021179,0.05,,,,,,,,,,,0.3837372122936152,0.7034953792738459
840,train-load-0.9-scenario-262,0.9,0.7857142857142857,0.42857142857142855,0.7857142857142857,7.796299419175667,0.18292636963351883,0.21707363036648106,0.6,0.4,0.6,0.4,6,4,6,4,10,7,10,6,0.4128935933113098,0.05,,,,,,,,,,,0.3837372122936152,0.7034953792738459
841,train-load-0.7-scenario-78-retry-3,0.7,0.8,0.8,0.34,5.349584511182973,0.07560768834249054,0.42439231165750946,0.625,0.375,0.625,0.375,5,3,5,3,8,5,8,5,0.17561554908752441,0.05,,,,,,,,,,,0.3837372122936152,0.7034953792738459
842,train-load-0.7-scenario-571,0.7,0.6084627499999999,0.4015333333333333,0.6084627499999999,9.557095570128245,1.2937298778486161,0.7062701221513839,1.0,0.0,1.0,0.0,5,0,5,0,5,4,5,5,0.5146067142486572,0.05,,,,,,,,,,,0.3837372122936152,0.7034953792738459
843,train-load-0.9-scenario-85-retry-1,0.9,0.8632242499999999,0.7130421875,0.8632242499999999,6.357242761659543,0.31360563704791455,0.5435372200949427,0.7142857142857143,0.2857142857142857,0.625,0.375,5,2,5,3,8,4,7,5,0.24277286231517792,0.05,,,,,,,,,,,0.3837372122936152,0.7034953792738459
844,train-load-0.5-scenario-564-retry-1,0.5,0.5357142857142857,0.12857142857142856,0.5357142857142857,14.807809309433662,1.3218071007680339,0.6781928992319661,1.0,0.0,1.0,0.0,9,0,9,0,9,7,9,9,0.3006444573402405,0.05,,,,,,,,,,,0.3837372122936152,0.7034953792738459
845,train-load-0.5-scenario-407-retry-1,0.5,0.5833333333333334,0.19444444444444445,0.5833333333333334,22.257473826466697,1.4402725423250198,0.5597274576749803,1.0,0.0,1.0,0.0,14,0,14,0,14,6,14,14,0.3569045066833496,0.05,,,,,,,,,,,0.3837372122936152,0.7034953792738459
846,train-load-0.5-scenario-467-retry-1,0.5,0.4,0.4,0.2,22.308140293621705,1.420284347266758,0.5797156527332421,1.0,0.0,1.0,0.0,14,0,14,0,14,7,14,14,0.3175638020038605,0.05,,,,,,,,,,,0.3837372122936152,0.7034953792738459
847,train-load-0.8-scenario-406-retry-3,0.8,0.9142857142857143,0.38095238095238093,0.9142857142857143,17.040916967442435,0.6594778491357616,0.5905221508642383,0.8125,0.1875,0.8125,0.1875,13,3,13,3,16,7,16,13,0.2617247402667999,0.05,,,,,,,,,,,0.3837372122936152,0.7034953792738459
848,train-hard-4gpu-4pod-1vgpu,0.25,0.25,0.16666666666666666,0.25,11.544497883017963,1.9166666666666665,0.08333333333333337,1.0,0.0,1.0,0.0,4,0,4,0,4,4,4,4,0.3216133117675781,0.05,,,,,,,,,,,0.3837372122936152,0.7034953792738459
849,train-load-1.0-scenario-589-retry-4,1.0,1.06,0.68,1.06,13.907403055133889,0.5408233734283618,0.602033769428781,0.7857142857142857,0.21428571428571427,0.7857142857142857,0.21428571428571427,11,3,11,3,14,5,14,11,0.3681776523590088,0.05,,,,,,,,,,,0.3837372122936152,0.7034953792738459
850,train-load-0.5-scenario-492,0.5,0.45770337499999997,0.333496875,0.45770337499999997,11.381393193441545,1.3374483404561126,0.6625516595438874,1.0,0.0,1.0,0.0,6,0,8,0,8,8,6,6,0.31862762570381165,0.05,,,,,,,,,,,0.3837372122936152,0.7034953792738459
851,train-load-0.7-scenario-87,0.7,0.7982455714285713,0.35117767857142856,0.7982455714285713,12.11604916008935,0.9378344935994242,0.6177210619561313,0.8888888888888888,0.1111111111111111,0.8,0.2,8,1,8,2,10,7,9,8,0.15152376890182495,0.05,,,,,,,,,,,0.3837372122936152,0.7034953792738459
852,train-load-0.9-scenario-605,0.9,0.8131562,0.7797777499999999,0.8131562,12.859739948884307,0.8316636867173747,0.44106358600989815,0.8181818181818182,0.18181818181818182,0.8181818181818182,0.18181818181818182,9,2,9,2,11,5,11,9,0.20494824647903442,0.05,,,,,,,,,,,0.3837372122936152,0.7034953792738459
853,train-load-1.0-scenario-289-retry-6,1.0,0.88,0.355,0.88,27.586813678666726,1.0424770885535624,0.5938865478100739,0.9090909090909091,0.09090909090909091,0.9090909090909091,0.09090909090909091,20,2,20,2,22,5,22,20,0.4434460997581482,0.05,,,,,,,,,,,0.3837372122936152,0.7034953792738459
854,train-load-1.0-scenario-449,1.0,0.9902945,0.6407275,0.9902945,4.815113653713463,0.07255603681027378,0.7845868203325834,0.7142857142857143,0.2857142857142857,0.5555555555555556,0.4444444444444444,5,2,5,4,9,4,7,5,0.6084775328636169,0.05,,,,,,,,,,,0.3837372122936152,0.7034953792738459
855,train-load-0.7-scenario-478,0.7,0.6348435,0.6348435,0.6180384,13.51154569481439,1.4756040065779543,0.5243959934220457,1.0,0.0,1.0,0.0,7,0,9,0,9,5,7,7,0.47310900688171387,0.05,,,,,,,,,,,0.3837372122936152,0.7034953792738459
856,train-load-0.9-scenario-130,0.9,1.0,0.5555555555555556,1.0,2.453517184859049,-0.745369216231035,0.9271873980492168,0.5454545454545454,0.45454545454545453,0.5454545454545454,0.45454545454545453,6,5,6,5,11,6,11,6,0.3310856223106384,0.05,,,,,,,,,,,0.3837372122936152,0.7034953792738459
857,train-load-0.5-scenario-746,0.5,0.427326875,0.3564,0.427326875,15.318085136713364,1.3780746572832265,0.6219253427167735,1.0,0.0,1.0,0.0,9,0,9,0,9,8,9,9,0.4098665416240692,0.05,,,,,,,,,,,0.3837372122936152,0.7034953792738459
858,train-load-0.7-scenario-725,0.7,0.75267975,0.34479791666666665,0.75267975,8.950106221999288,1.3596173877052251,0.6403826122947749,1.0,0.0,1.0,0.0,4,0,5,0,5,4,4,4,0.44555389881134033,0.05,,,,,,,,,,,0.3837372122936152,0.7034953792738459
859,train-hard-4gpu-4pod-1vgpu,0.25,0.25,0.16666666666666666,0.25,11.544497883017963,1.9166666666666665,0.08333333333333337,1.0,0.0,1.0,0.0,4,0,4,0,4,4,4,4,0.5227351784706116,0.05,,,,,,,,,,,0.3837372122936152,0.7034953792738459
860,train-load-0.9-scenario-84-retry-1,0.9,1.0,0.2642857142857143,1.0,5.374183572294573,-0.10977194825817393,0.7764386149248406,0.6666666666666666,0.3333333333333333,0.5384615384615384,0.46153846153846156,6,3,7,6,13,7,9,6,0.38341355323791504,0.05,,,,,,,,,,,0.3837372122936152,0.7034953792738459
861,train-load-0.6-scenario-328,0.6,0.65,0.65,0.41875,24.44209962656881,1.5549278540146603,0.44507214598533973,1.0,0.0,1.0,0.0,15,0,15,0,15,8,15,15,0.3179941475391388,0.05,,,,,,,,,,,0.3837372122936152,0.7034953792738459
862,train-load-0.9-scenario-341-retry-2,0.9,0.8055555555555556,0.8055555555555556,0.7666666666666667,26.033611852698698,1.717107113223508,0.282892886776492,1.0,0.0,1.0,0.0,16,0,16,0,16,6,16,16,0.33382469415664673,0.05,,,,,,,,,,,0.3837372122936152,0.7034953792738459
863,train-load-0.9-scenario-486-retry-2,0.9,0.7993151785714286,0.7993151785714286,0.6791971428571428,18.907555905899578,1.021918765233819,0.44474790143284776,0.8666666666666667,0.13333333333333333,0.8666666666666667,0.13333333333333333,13,2,13,2,15,7,15,13,0.546416163444519,0.05,,,,,,,,,,,0.3837372122936152,0.7034953792738459
864,train-load-0.9-scenario-142-retry-1,0.9,0.7887719999999999,0.43027875,0.7887719999999999,10.757524597798737,0.9329736156437858,0.5670263843562141,0.875,0.125,0.875,0.125,7,1,7,1,8,5,8,7,0.4260527789592743,0.05,,,,,,,,,,,0.3837372122936152,0.7034953792738459
865,train-load-0.9-scenario-308-retry-2,0.9,0.825,0.825,0.825,9.527945965689817,0.5937058738233245,0.5174052372877868,0.7777777777777778,0.2222222222222222,0.7777777777777778,0.2222222222222222,7,2,7,2,9,4,9,7,0.40777504444122314,0.05,,,,,,,,,,,0.3837372122936152,0.7034953792738459
866,train-load-0.8-scenario-219-retry-1,0.8,0.9,0.9,0.9,4.028495134132529,-0.3216023741234034,0.5438245963456257,0.5555555555555556,0.4444444444444444,0.4666666666666667,0.5333333333333333,5,4,7,8,15,6,9,5,0.45988237857818604,0.05,,,,,,,,,,,0.3837372122936152,0.7034953792738459
867,train-load-0.9-scenario-464-retry-3,0.9,1.0166666666666666,0.2638888888888889,1.0166666666666666,9.045803975076073,-0.05006336220495056,0.9072062193478078,0.7142857142857143,0.2857142857142857,0.7142857142857143,0.2857142857142857,10,4,10,4,14,6,14,10,0.2180732935667038,0.05,,,,,,,,,,,0.3837372122936152,0.7034953792738459
868,train-load-1.0-scenario-34,1.0,0.8856866,0.7497830000000001,0.8856866,7.29699832899947,-0.11566554672774376,0.7823322133944104,0.6666666666666666,0.3333333333333333,0.6666666666666666,0.3333333333333333,8,4,8,4,12,5,12,8,0.32886070013046265,0.05,,,,,,,,,,,0.3837372122936152,0.7034953792738459
869,train-load-0.7-scenario-641,0.7,0.6171711666666667,0.30738604166666667,0.6171711666666667,12.345128637048786,1.334546653517983,0.6654533464820169,1.0,0.0,1.0,0.0,7,0,7,0,7,6,7,7,0.3937334716320038,0.05,,,,,,,,,,,0.3837372122936152,0.7034953792738459
870,train-load-0.7-scenario-384,0.7,0.8,0.8,0.64,8.297787734860007,0.47773245518534835,0.5222675448146517,0.75,0.25,0.75,0.25,6,2,6,2,8,5,8,6,0.07708552479743958,0.05,,,,,,,,,,,0.3837372122936152,0.7034953792738459
871,train-load-1.0-scenario-275-retry-2,1.0,1.0714285714285714,0.32142857142857145,1.0714285714285714,4.482361564395539,-0.663913794448352,0.5305804611150187,0.4666666666666667,0.5333333333333333,0.4666666666666667,0.5333333333333333,7,8,7,8,15,7,15,7,0.28602150082588196,0.05,,,,,,,,,,,0.3837372122936152,0.7034953792738459
872,train-load-0.6-scenario-676,0.6,0.6159856666666667,0.40071805555555556,0.6159856666666667,13.977973945265592,1.4080016163886249,0.5919983836113751,1.0,0.0,1.0,0.0,8,0,8,0,8,6,8,8,0.4529501795768738,0.05,,,,,,,,,,,0.3837372122936152,0.7034953792738459
873,train-load-0.8-scenario-586,0.8,0.809277,0.3905489583333333,0.809277,7.7365489299326455,0.7535497994983751,0.5797835338349584,0.8333333333333334,0.16666666666666666,0.7142857142857143,0.2857142857142857,5,1,5,2,7,4,6,5,0.31269368529319763,0.05,,,,,,,,,,,0.3837372122936152,0.7034953792738459
874,train-load-0.9-scenario-233-retry-3,0.9,1.02,1.02,0.75,14.612535052633575,0.5293304993361082,0.40400283399722503,0.7333333333333333,0.26666666666666666,0.7333333333333333,0.26666666666666666,11,4,11,4,15,5,15,11,0.3383410573005676,0.05,,,,,,,,,,,0.3837372122936152,0.7034953792738459
875,train-load-0.6-scenario-237-retry-1,0.6,0.7,0.08,0.7,8.331869541778312,0.4813707487028722,0.5186292512971278,0.75,0.25,0.75,0.25,6,2,6,2,8,5,8,6,0.4095847010612488,0.05,,,,,,,,,,,0.3837372122936152,0.7034953792738459
876,train-load-0.5-scenario-278,0.5,0.455838125,0.455838125,0.43710675000000004,7.913390624018549,1.2353854026207622,0.7646145973792378,1.0,0.0,1.0,0.0,4,0,5,0,5,4,4,4,0.48299556970596313,0.05,,,,,,,,,,,0.3837372122936152,0.7034953792738459
877,train-load-0.5-scenario-436-retry-4,0.5,0.5142857142857142,0.35714285714285715,0.5142857142857142,16.369871646493248,1.321945790318903,0.6780542096810971,1.0,0.0,1.0,0.0,10,0,10,0,10,7,10,10,0.5510295629501343,0.05,,,,,,,,,,,0.3837372122936152,0.7034953792738459
878,train-load-0.9-scenario-215,0.9,0.8,0.7,0.8,18.51015110551241,1.3391515167701349,0.32751514989653163,0.9166666666666666,0.08333333333333333,0.9166666666666666,0.08333333333333333,11,1,11,1,12,4,12,11,0.3227170705795288,0.05,,,,,,,,,,,0.3837372122936152,0.7034953792738459
879,train-load-0.7-scenario-173,0.7,0.6345721666666667,0.42050034722222224,0.6345721666666667,12.989039575598422,1.2158979446336833,0.7841020553663167,1.0,0.0,1.0,0.0,8,0,8,0,8,6,8,8,0.43523281812667847,0.05,,,,,,,,,,,0.3837372122936152,0.7034953792738459
880,train-load-0.5-scenario-420,0.5,0.5206227999999999,0.37151449999999997,0.5206227999999999,11.548799113469745,1.3584580157616175,0.6415419842383825,1.0,0.0,1.0,0.0,6,0,6,0,6,5,6,6,0.20754969120025635,0.05,,,,,,,,,,,0.3837372122936152,0.7034953792738459
881,train-load-0.5-scenario-386,0.5,0.43612500000000004,0.1892,0.43612500000000004,8.715741868101462,1.3147171619596194,0.6852828380403805,1.0,0.0,1.0,0.0,4,0,5,0,5,6,4,4,0.4587077796459198,0.05,,,,,,,,,,,0.3837372122936152,0.7034953792738459
882,train-load-0.6-scenario-473,0.6,0.5497142,0.49144625000000003,0.5497142,11.41342712764171,1.3102454811361937,0.6897545188638063,1.0,0.0,1.0,0.0,6,0,7,0,7,5,6,6,0.1119367927312851,0.05,,,,,,,,,,,0.3837372122936152,0.7034953792738459
883,train-load-0.6-scenario-545,0.6,0.5270124285714286,0.2720416666666667,0.5270124285714286,13.21064165154066,1.4595737414210468,0.5404262585789532,1.0,0.0,1.0,0.0,7,0,7,0,7,7,7,7,0.3522399365901947,0.05,,,,,,,,,,,0.3837372122936152,0.7034953792738459
884,train-load-0.5-scenario-619-retry-6,0.5,0.45,0.4375,0.45,15.478543695994421,1.2018010887641413,0.7981989112358587,1.0,0.0,1.0,0.0,10,0,10,0,10,8,10,10,0.32183390855789185,0.05,,,,,,,,,,,0.3837372122936152,0.7034953792738459
885,train-load-0.7-scenario-592-retry-1,0.7,0.75,0.5375,0.75,20.35755685490841,1.3158907658184382,0.3983949484672762,0.9285714285714286,0.07142857142857142,0.9285714285714286,0.07142857142857142,13,1,13,1,14,8,14,13,0.3085382580757141,0.05,,,,,,,,,,,0.3837372122936152,0.7034953792738459
886,train-load-0.6-scenario-108,0.6,0.71875,0.4791666666666667,0.71875,19.317716845702467,1.5872368144869604,0.4127631855130396,1.0,0.0,1.0,0.0,11,0,15,0,15,8,11,11,0.5336654186248779,0.05,,,,,,,,,,,0.3837372122936152,0.7034953792738459
887,train-load-0.8-scenario-40,0.8,0.9166666666666666,0.9166666666666666,0.5333333333333333,5.5895960338616195,-0.2032910437176011,0.3851092255357829,0.5454545454545454,0.45454545454545453,0.5454545454545454,0.45454545454545453,6,5,6,5,11,6,11,6,0.2879428565502167,0.05,,,,,,,,,,,0.3837372122936152,0.7034953792738459
888,train-load-0.8-scenario-69,0.8,0.734137625,0.4016734375,0.734137625,11.922104260904646,0.7219668905295271,0.878033109470473,0.9,0.1,0.8181818181818182,0.18181818181818182,9,1,9,2,11,8,10,9,0.30108344554901123,0.05,,,,,,,,,,,0.3837372122936152,0.7034953792738459
889,train-load-1.0-scenario-730-retry-2,1.0,0.91806725,0.679175625,0.91806725,9.442886985967275,0.5198832641584588,0.5912278469526524,0.7777777777777778,0.2222222222222222,0.7777777777777778,0.2222222222222222,7,2,7,2,9,4,9,7,0.2342277616262436,0.05,,,,,,,,,,,0.3837372122936152,0.7034953792738459
890,train-load-0.6-scenario-428-retry-1,0.6,0.625,0.625,0.55,12.81294216995894,1.0507652863180041,0.5047902692375512,0.8888888888888888,0.1111111111111111,0.8181818181818182,0.18181818181818182,8,1,9,2,11,8,9,8,0.34438368678092957,0.05,,,,,,,,,,,0.3837372122936152,0.7034953792738459
891,train-load-0.7-scenario-45,0.7,0.6211115,0.4949475694444444,0.6211115,14.458201109895555,1.4361658743095393,0.5638341256904607,1.0,0.0,1.0,0.0,8,0,9,0,9,6,8,8,0.23675331473350525,0.05,,,,,,,,,,,0.3837372122936152,0.7034953792738459
892,train-load-0.6-scenario-84-retry-1,0.6,0.5,0.125,0.5,28.589225561638454,1.205198956461146,0.794801043538854,1.0,0.0,1.0,0.0,20,0,20,0,20,8,20,20,0.49488022923469543,0.05,,,,,,,,,,,0.3837372122936152,0.7034953792738459
893,train-load-0.9-scenario-514,0.9,0.7857142857142857,0.7857142857142857,0.15714285714285714,6.847195824066585,-0.04336656217869217,0.5888211076332376,0.6363636363636364,0.36363636363636365,0.6363636363636364,0.36363636363636365,7,4,7,4,11,7,11,7,0.2478427290916443,0.05,,,,,,,,,,,0.3837372122936152,0.7034953792738459
894,train-load-0.8-scenario-684-retry-1,0.8,0.8857142857142857,0.3,0.8857142857142857,7.083279396912149,-0.2150878485250055,0.6766263100634671,0.6153846153846154,0.38461538461538464,0.6153846153846154,0.38461538461538464,8,5,8,5,13,7,13,8,0.4619220495223999,0.05,,,,,,,,,,,0.3837372122936152,0.7034953792738459
895,train-load-0.8-scenario-241,0.8,0.9,0.675,0.9,10.251876069690486,0.6889369906411467,0.4221741204699644,0.7777777777777778,0.2222222222222222,0.7777777777777778,0.2222222222222222,7,2,7,2,9,4,9,7,0.3786408603191376,0.05,,,,,,,,,,,0.3837372122936152,0.7034953792738459
896,train-load-0.7-scenario-65-retry-2,0.7,0.8,0.8,0.6666666666666666,8.836737468269739,0.5837075352389949,0.4162924647610052,0.75,0.25,0.75,0.25,6,2,6,2,8,6,8,6,0.34283286333084106,0.05,,,,,,,,,,,0.3837372122936152,0.7034953792738459
897,train-load-0.8-scenario-279,0.8,0.8888888888888888,0.8888888888888888,0.13333333333333333,3.534478160649106,-0.22396563876792586,0.7239656387679259,0.625,0.375,0.625,0.375,5,3,5,3,8,6,8,5,0.3632633090019226,0.05,,,,,,,,,,,0.3837372122936152,0.7034953792738459
898,train-load-0.5-scenario-539,0.5,0.4272553571428571,0.4272553571428571,0.34109957142857145,12.664798373957856,1.5553882001842503,0.4446117998157497,1.0,0.0,1.0,0.0,6,0,7,0,7,7,6,6,0.10360579937696457,0.05,,,,,,,,,,,0.3837372122936152,0.7034953792738459
899,train-load-0.5-scenario-634,0.5,0.441212625,0.15981625,0.441212625,10.566114052408867,1.2475280598284322,0.7524719401715678,1.0,0.0,1.0,0.0,6,0,6,0,6,8,6,6,0.2130679488182068,0.05,,,,,,,,,,,0.3837372122936152,0.7034953792738459
900,train-load-0.8-scenario-743-retry-7,0.8,0.6857142857142857,0.42857142857142855,0.6857142857142857,20.423806690364213,1.5068654739215739,0.4931345260784261,1.0,0.0,1.0,0.0,12,0,12,0,12,7,12,12,0.2683044672012329,0.05,0.37746055744188634,0.5233691368401443,0.7252074235705078,0.27479257642949234,0.7120747681689749,0.2879252318310252,0.6640523165813081,0.6651889236537694,0.2838504110204017,0.7190258212368565,0.3837372122936152,0.7034953792738459
901,train-load-1.0-scenario-408-retry-16,1.0,1.1125,1.1125,0.975,15.01451652097957,0.6594265228522218,0.48343062000492104,0.7857142857142857,0.21428571428571427,0.6842105263157895,0.3157894736842105,11,3,13,6,19,8,14,11,0.324544221162796,0.05,,,,,,,,,,,0.3837372122936152,0.7034953792738459
902,train-load-0.6-scenario-392,0.6,0.5,0.5,0.25,23.875198203929443,1.4593720226169173,0.5406279773830825,1.0,0.0,1.0,0.0,15,0,15,0,15,6,15,15,0.23722267150878906,0.05,,,,,,,,,,,0.3837372122936152,0.7034953792738459
903,train-load-0.5-scenario-4-retry-4,0.5,0.5,0.5,0.5,14.434037529541325,1.4076208412499112,0.5923791587500888,1.0,0.0,1.0,0.0,8,0,11,0,11,8,8,8,0.49099600315093994,0.05,,,,,,,,,,,0.3837372122936152,0.7034953792738459
904,train-load-1.0-scenario-613-retry-1,1.0,0.9022235000000001,0.5987902777777778,0.9022235000000001,14.869388465925942,1.012569330131214,0.6237943062324223,0.9090909090909091,0.09090909090909091,0.8333333333333334,0.16666666666666666,10,1,10,2,12,6,11,10,0.42888665199279785,0.05,,,,,,,,,,,0.3837372122936152,0.7034953792738459
905,train-load-0.9-scenario-634,0.9,1.0,0.1388888888888889,1.0,3.979272453494243,-0.362210054307988,0.7622100543079879,0.6,0.4,0.6,0.4,6,4,6,4,10,6,10,6,0.23546266555786133,0.05,,,,,,,,,,,0.3837372122936152,0.7034953792738459
906,train-load-1.0-scenario-306-retry-1,1.0,1.05,1.05,0.6,22.868295563890424,0.7462640044015851,0.49183123369365306,0.8095238095238095,0.19047619047619047,0.7333333333333333,0.26666666666666666,17,4,22,8,30,8,21,17,0.3219614028930664,0.05,,,,,,,,,,,0.3837372122936152,0.7034953792738459
907,train-load-0.8-scenario-303,0.8,0.8285714285714286,0.22857142857142856,0.8285714285714286,12.900751168433406,0.6314837412306513,0.7018495921026822,0.8333333333333334,0.16666666666666666,0.8333333333333334,0.16666666666666666,10,2,10,2,12,7,12,10,0.5011781454086304,0.05,,,,,,,,,,,0.3837372122936152,0.7034953792738459
908,train-load-0.8-scenario-321,0.8,0.82,0.82,0.81,12.819424339956061,0.668299644440657,0.33170035555934296,0.75,0.25,0.75,0.25,9,3,9,3,12,5,12,9,0.4218105673789978,0.05,,,,,,,,,,,0.3837372122936152,0.7034953792738459
909,train-hard-4gpu-8pod-1vgpu,0.5,0.5,0.3333333333333333,0.5,13.66604431072341,1.3230229702535046,0.6769770297464954,1.0,0.0,1.0,0.0,8,0,8,0,8,4,8,8,0.4901732802391052,0.05,,,,,,,,,,,0.3837372122936152,0.7034953792738459
910,train-load-0.7-scenario-607,0.7,0.6209746666666667,0.4291564583333333,0.6209746666666667,14.057659311387528,1.341749710372563,0.6582502896274369,1.0,0.0,1.0,0.0,8,0,9,0,9,6,8,8,0.24013414978981018,0.05,,,,,,,,,,,0.3837372122936152,0.7034953792738459
911,train-load-0.5-scenario-156,0.5,0.45343266666666665,0.3171485416666667,0.45343266666666665,10.055978815236683,1.3209487427331101,0.6790512572668898,1.0,0.0,1.0,0.0,5,0,5,0,5,6,5,5,0.33197277784347534,0.05,,,,,,,,,,,0.3837372122936152,0.7034953792738459
912,train-load-0.7-scenario-157,0.7,0.7063687142857142,0.3794826785714286,0.7063687142857142,7.6922448681466555,0.7062673103410957,0.6270660229922377,0.8333333333333334,0.16666666666666666,0.7777777777777778,0.2222222222222222,5,1,7,2,9,7,6,5,0.28330156207084656,0.05,,,,,,,,,,,0.3837372122936152,0.7034953792738459
913,train-load-0.9-scenario-304-retry-1,0.9,1.0,0.4166666666666667,1.0,4.2525251316777215,-0.23117118866265218,0.4533934108848745,0.5555555555555556,0.4444444444444444,0.5555555555555556,0.4444444444444444,5,4,5,4,9,6,9,5,0.2514341473579407,0.05,,,,,,,,,,,0.3837372122936152,0.7034953792738459
914,train-load-0.6-scenario-258,0.6,0.6421155000000001,0.54780875,0.6421155000000001,9.33060387465081,1.6397120765750315,0.3602879234249684,1.0,0.0,1.0,0.0,3,0,6,0,6,4,3,3,0.41482701897621155,0.05,,,,,,,,,,,0.3837372122936152,0.7034953792738459
915,train-load-1.0-scenario-683-retry-9,1.0,0.9166666666666666,0.18333333333333332,0.9166666666666666,22.14550398559049,0.5585675306294822,0.7141597420977907,0.8181818181818182,0.18181818181818182,0.8181818181818182,0.18181818181818182,18,4,18,4,22,6,22,18,0.6810314059257507,0.05,,,,,,,,,,,0.3837372122936152,0.7034953792738459
916,train-load-0.5-scenario-23,0.5,0.4,0.3333333333333333,0.4,24.215391782959212,1.3120628899075006,0.6879371100924994,1.0,0.0,1.0,0.0,16,0,16,0,16,4,16,16,0.32179731130599976,0.05,,,,,,,,,,,0.3837372122936152,0.7034953792738459
917,train-load-0.6-scenario-521,0.6,0.5142857142857142,0.5142857142857142,0.39285714285714285,18.55951688122837,1.4426380401626173,0.5573619598373827,1.0,0.0,1.0,0.0,11,0,11,0,11,7,11,11,0.3770191967487335,0.05,,,,,,,,,,,0.3837372122936152,0.7034953792738459
918,train-load-1.0-scenario-312-retry-1,1.0,0.95,0.95,0.475,16.683955816741843,0.3500319747401873,0.5973364463124442,0.7368421052631579,0.2631578947368421,0.7368421052631579,0.2631578947368421,14,5,14,5,19,8,19,14,0.5069069266319275,0.05,,,,,,,,,,,0.3837372122936152,0.7034953792738459
919,train-load-0.7-scenario-631-retry-3,0.7,0.6,0.6,0.51,24.346670699650815,1.5947314205466474,0.4052685794533526,1.0,0.0,1.0,0.0,15,0,15,0,15,5,15,15,0.44973862171173096,0.05,,,,,,,,,,,0.3837372122936152,0.7034953792738459
920,train-load-0.9-scenario-38-retry-1,0.9,0.83582125,0.6360989583333333,0.83582125,5.057858717972368,0.0034077881176319824,0.49659221188236796,0.625,0.375,0.625,0.375,5,3,5,3,8,4,8,5,0.683050811290741,0.05,,,,,,,,,,,0.3837372122936152,0.7034953792738459
921,train-load-0.6-scenario-378,0.6,0.6666666666666666,0.6666666666666666,0.5714285714285714,21.619762692140895,1.741704612994635,0.25829538700536503,1.0,0.0,1.0,0.0,12,0,12,0,12,7,12,12,0.35407596826553345,0.05,,,,,,,,,,,0.3837372122936152,0.7034953792738459
922,train-load-0.9-scenario-596,0.9,0.8571428571428571,0.8571428571428571,0.8571428571428571,20.11038477522261,1.175397827536432,0.2912688391302346,0.8666666666666667,0.13333333333333333,0.8666666666666667,0.13333333333333333,13,2,13,2,15,7,15,13,0.4508660137653351,0.05,,,,,,,,,,,0.3837372122936152,0.7034953792738459
923,train-load-0.6-scenario-118-retry-1,0.6,0.7,0.40476190476190477,0.7,7.2013990286656036,0.3425516601734977,0.6574483398265023,0.75,0.25,0.75,0.25,6,2,6,2,8,7,8,6,0.7083963751792908,0.05,,,,,,,,,,,0.3837372122936152,0.7034953792738459
924,train-load-0.7-scenario-460-retry-2,0.7,0.7875,0.5625,0.7875,13.756507493148382,1.165972420844756,0.38958313471079964,0.8888888888888888,0.1111111111111111,0.8888888888888888,0.1111111111111111,8,1,8,1,9,4,9,8,0.48378974199295044,0.05,,,,,,,,,,,0.3837372122936152,0.7034953792738459
925,train-load-0.9-scenario-626,0.9,0.798099,0.5051035714285714,0.798099,18.913480204954556,1.523549872419034,0.4764501275809661,1.0,0.0,1.0,0.0,11,0,12,0,12,7,11,11,0.6571451425552368,0.05,,,,,,,,,,,0.3837372122936152,0.7034953792738459
926,train-hard-4gpu-12pod-small,0.375,0.375,0.25,0.375,22.316746824526945,1.875,0.125,1.0,0.0,1.0,0.0,12,0,12,0,12,4,12,12,0.2615092098712921,0.05,,,,,,,,,,,0.3837372122936152,0.7034953792738459
927,train-load-0.6-scenario-290,0.6,0.4857142857142857,0.12142857142857143,0.4857142857142857,25.145525932884755,1.231122342179153,0.7688776578208469,1.0,0.0,1.0,0.0,17,0,17,0,17,7,17,17,0.29934537410736084,0.05,,,,,,,,,,,0.3837372122936152,0.7034953792738459
928,train-load-0.7-scenario-256,0.7,0.6417945,0.30496541666666666,0.6417945,6.297589299968461,0.6205601836019489,0.5794398163980513,0.8,0.2,0.7142857142857143,0.2857142857142857,4,1,5,2,7,6,5,4,0.23774288594722748,0.05,,,,,,,,,,,0.3837372122936152,0.7034953792738459
929,train-load-0.5-scenario-345-retry-2,0.5,0.59375,0.425,0.59375,15.581785840620165,1.4096533399656224,0.5903466600343775,1.0,0.0,1.0,0.0,9,0,9,0,9,8,9,9,0.3682725429534912,0.05,,,,,,,,,,,0.3837372122936152,0.7034953792738459
930,train-hard-4gpu-8pod-1vgpu,0.5,0.5,0.3333333333333333,0.5,14.826750331841652,1.5387055078389387,0.46129449216106144,1.0,0.0,1.0,0.0,8,0,8,0,8,4,8,8,0.4718196392059326,0.05,,,,,,,,,,,0.3837372122936152,0.7034953792738459
931,train-load-1.0-scenario-604-retry-3,1.0,1.1,1.03125,1.1,8.20227325176905,0.1565202993338689,0.3889342461206765,0.6363636363636364,0.36363636363636365,0.6363636363636364,0.36363636363636365,7,4,7,4,11,4,11,7,0.5697226524353027,0.05,,,,,,,,,,,0.3837372122936152,0.7034953792738459
932,train-load-0.7-scenario-472-retry-1,0.7,0.8,0.6666666666666666,0.8,8.802051444245976,0.5729863994208526,0.4270136005791475,0.75,0.25,0.75,0.25,6,2,6,2,8,6,8,6,0.7173737287521362,0.05,,,,,,,,,,,0.3837372122936152,0.7034953792738459
933,train-load-0.9-scenario-741,0.9,0.8038028571428572,0.6862685714285714,0.8038028571428572,10.952752909195883,0.4620716779968972,0.8106555947303756,0.8181818181818182,0.18181818181818182,0.7142857142857143,0.2857142857142857,9,2,10,4,14,7,11,9,0.49198442697525024,0.05,,,,,,,,,,,0.3837372122936152,0.7034953792738459
934,train-load-0.7-scenario-351,0.7,0.6635909999999999,0.6012890625,0.6635909999999999,23.003180672573357,1.559603378457779,0.44039662154222114,1.0,0.0,1.0,0.0,14,0,15,0,15,8,14,14,0.18370841443538666,0.05,,,,,,,,,,,0.3837372122936152,0.7034953792738459
935,train-load-0.7-scenario-476,0.7,0.7666666666666667,0.7666666666666667,0.72,17.571901990158935,1.1291937812616049,0.2554216033537797,0.8461538461538461,0.15384615384615385,0.8461538461538461,0.15384615384615385,11,2,11,2,13,5,13,11,0.2487768828868866,0.05,,,,,,,,,,,0.3837372122936152,0.7034953792738459
936,train-load-1.0-scenario-148-retry-4,1.0,0.95625,0.5875,0.95625,7.868222938686979,-0.08482670540613413,0.5463651669445957,0.6153846153846154,0.38461538461538464,0.6153846153846154,0.38461538461538464,8,5,8,5,13,8,13,8,0.3272721767425537,0.05,,,,,,,,,,,0.3837372122936152,0.7034953792738459
937,train-load-0.9-scenario-345-retry-9,0.9,0.96,0.92,0.96,-3.5046815676332157,-1.5378613343438343,0.5378613343438343,0.25,0.75,0.3333333333333333,0.6666666666666666,2,6,4,8,12,5,8,2,0.32703131437301636,0.05,,,,,,,,,,,0.3837372122936152,0.7034953792738459
938,train-load-0.6-scenario-253,0.6,0.6031277777777777,0.6031277777777777,0.5204271666666667,14.249067150809076,1.1919525916340383,0.8080474083659617,1.0,0.0,1.0,0.0,9,0,10,0,10,6,9,9,0.2811819612979889,0.05,,,,,,,,,,,0.3837372122936152,0.7034953792738459
939,train-load-1.0-scenario-280-retry-14,1.0,0.9333333333333333,0.6666666666666666,0.9333333333333333,14.905869496161218,0.4830761802767529,0.5169238197232471,0.75,0.25,0.75,0.25,12,4,12,4,16,6,16,12,0.306425541639328,0.05,,,,,,,,,,,0.3837372122936152,0.7034953792738459
940,train-load-0.9-scenario-425,0.9,0.95,0.5208333333333334,0.95,11.552433651400662,0.7171517729813076,0.48284822701869234,0.8,0.2,0.75,0.25,8,2,12,4,16,8,10,8,0.46445682644844055,0.05,,,,,,,,,,,0.3837372122936152,0.7034953792738459
941,train-load-0.7-scenario-276,0.7,0.607036,0.3981820833333333,0.607036,12.431985337210538,1.3125456993782723,0.6874543006217277,1.0,0.0,1.0,0.0,7,0,8,0,8,6,7,7,0.2016322910785675,0.05,,,,,,,,,,,0.3837372122936152,0.7034953792738459
942,train-load-0.5-scenario-34,0.5,0.4418328333333333,0.34941944444444445,0.4418328333333333,11.36355657519243,1.3609263830268343,0.6390736169731656,1.0,0.0,1.0,0.0,6,0,7,0,7,6,6,6,0.4774731695652008,0.05,,,,,,,,,,,0.3837372122936152,0.7034953792738459
943,train-load-1.0-scenario-112-retry-19,1.0,0.9,0.7333333333333333,0.9,13.00103143891262,0.7616747656674888,0.5110525070597839,0.8181818181818182,0.18181818181818182,0.7333333333333333,0.26666666666666666,9,2,11,4,15,6,11,9,0.458904504776001,0.05,,,,,,,,,,,0.3837372122936152,0.7034953792738459
944,train-load-0.8-scenario-599,0.8,0.890149,0.5056714999999999,0.890149,9.41805088812967,0.6623753652791561,0.8376246347208439,0.875,0.125,0.7777777777777778,0.2222222222222222,7,1,7,2,9,5,8,7,0.19904504716396332,0.05,,,,,,,,,,,0.3837372122936152,0.7034953792738459
945,train-load-0.7-scenario-24,0.7,0.7833333333333333,0.7833333333333333,0.5416666666666666,18.617656019847768,1.1468590334074515,0.2817123951639769,0.8571428571428571,0.14285714285714285,0.8571428571428571,0.14285714285714285,12,2,12,2,14,6,14,12,0.23263287544250488,0.05,,,,,,,,,,,0.3837372122936152,0.7034953792738459
946,train-load-0.5-scenario-500,0.5,0.430864,0.36137875,0.430864,7.299085224642388,1.3003626718552335,0.6996373281447665,1.0,0.0,1.0,0.0,3,0,5,0,5,5,3,3,0.4627264738082886,0.05,,,,,,,,,,,0.3837372122936152,0.7034953792738459
947,train-load-1.0-scenario-597-retry-6,1.0,1.0857142857142856,0.6428571428571429,1.0857142857142856,-1.9407484104617232,-1.338683410018005,0.5386834100180049,0.3,0.7,0.42857142857142855,0.5714285714285714,3,7,6,8,14,7,10,3,0.2902591824531555,0.05,,,,,,,,,,,0.3837372122936152,0.7034953792738459
948,train-load-0.6-scenario-734,0.6,0.517245,0.517245,0.45022575000000004,14.891512518808485,1.3056600918338526,0.6943399081661474,1.0,0.0,1.0,0.0,9,0,10,0,10,8,9,9,0.39413705468177795,0.05,,,,,,,,,,,0.3837372122936152,0.7034953792738459
949,train-load-0.6-scenario-103,0.6,0.6875,0.35,0.6875,5.171009453088175,-0.04136211408426438,0.5413621140842644,0.625,0.375,0.625,0.375,5,3,5,3,8,8,8,5,0.29306966066360474,0.05,,,,,,,,,,,0.3837372122936152,0.7034953792738459
950,train-load-0.6-scenario-116,0.6,0.5142857142857142,0.19285714285714287,0.5142857142857142,15.857396625192532,1.442609205616708,0.5573907943832921,1.0,0.0,1.0,0.0,9,0,9,0,9,7,9,9,0.22686219215393066,0.05,,,,,,,,,,,0.3837372122936152,0.7034953792738459
951,train-load-1.0-scenario-123-retry-4,1.0,0.8972125714285715,0.7082903571428572,0.8972125714285715,9.347461936566718,-0.08666781465171947,0.9438106717945767,0.7142857142857143,0.2857142857142857,0.6666666666666666,0.3333333333333333,10,4,10,5,15,7,14,10,0.45713940262794495,0.05,,,,,,,,,,,0.3837372122936152,0.7034953792738459
952,train-load-0.5-scenario-680,0.5,0.4522458333333333,0.21160166666666666,0.4522458333333333,9.455157095154775,1.215167690976723,0.7848323090232769,1.0,0.0,1.0,0.0,5,0,5,0,5,6,5,5,0.46445590257644653,0.05,,,,,,,,,,,0.3837372122936152,0.7034953792738459
953,train-load-1.0-scenario-129,1.0,0.8865051666666667,0.84322875,0.8865051666666667,4.980612756435966,-0.4865249537513009,0.8198582870846343,0.5833333333333334,0.4166666666666667,0.5,0.5,7,5,7,7,14,6,12,7,0.18650831282138824,0.05,,,,,,,,,,,0.3837372122936152,0.7034953792738459
954,train-load-1.0-scenario-537-retry-3,1.0,0.88,0.84,0.88,17.582632185359742,0.3644008005846414,0.3628719266880859,0.6818181818181818,0.3181818181818182,0.6818181818181818,0.3181818181818182,15,7,15,7,22,5,22,15,0.1594783514738083,0.05,,,,,,,,,,,0.3837372122936152,0.7034953792738459
955,train-load-1.0-scenario-530-retry-3,1.0,1.0,0.4,1.0,10.144241224917003,-0.025056957751231068,0.5250569577512311,0.625,0.375,0.625,0.375,10,6,10,6,16,4,16,10,0.17974545061588287,0.05,,,,,,,,,,,0.3837372122936152,0.7034953792738459
956,train-load-0.8-scenario-515-retry-1,0.8,0.8125,0.8125,0.45,11.06184205598399,0.6694032522920426,0.8861523032635129,0.8888888888888888,0.1111111111111111,0.8181818181818182,0.18181818181818182,8,1,9,2,11,4,9,8,0.33569973707199097,0.05,,,,,,,,,,,0.3837372122936152,0.7034953792738459
957,train-load-1.0-scenario-300-retry-10,1.0,0.9625,0.6875,0.9625,26.332806801635883,1.0280758809858643,0.42646957355959025,0.8636363636363636,0.13636363636363635,0.8636363636363636,0.13636363636363635,19,3,19,3,22,8,22,19,0.22130708396434784,0.05,,,,,,,,,,,0.3837372122936152,0.7034953792738459
958,train-load-0.8-scenario-148-retry-1,0.8,0.8625,0.8625,0.525,8.807271196336902,0.43043750181230833,0.6806736092988028,0.7777777777777778,0.2222222222222222,0.6923076923076923,0.3076923076923077,7,2,9,4,13,8,9,7,0.5064963698387146,0.05,,,,,,,,,,,0.3837372122936152,0.7034953792738459
959,train-load-0.6-scenario-83,0.6,0.6204332,0.3661566666666667,0.6204332,10.040667299511313,1.137388653334068,0.862611346665932,1.0,0.0,1.0,0.0,6,0,6,0,6,5,6,6,0.31558459997177124,0.05,,,,,,,,,,,0.3837372122936152,0.7034953792738459
960,train-load-0.6-scenario-377,0.6,0.5,0.2,0.5,19.231797648322107,1.3829663607060598,0.6170336392939402,1.0,0.0,1.0,0.0,12,0,12,0,12,6,12,12,0.6426296234130859,0.05,,,,,,,,,,,0.3837372122936152,0.7034953792738459
961,train-load-1.0-scenario-439,1.0,0.8988966666666666,0.42385625,0.8988966666666666,9.339559313852423,0.8709800913942268,0.5575913371772017,0.8571428571428571,0.14285714285714285,0.8,0.2,6,1,8,2,10,6,7,6,0.5006459355354309,0.05,,,,,,,,,,,0.3837372122936152,0.7034953792738459
962,train-load-0.5-scenario-380,0.5,0.617866,0.4044052083333333,0.617866,8.40558643514645,1.2870403061903295,0.7129596938096705,1.0,0.0,1.0,0.0,4,0,5,0,5,4,4,4,0.4551914930343628,0.05,,,,,,,,,,,0.3837372122936152,0.7034953792738459
963,train-load-0.7-scenario-375,0.7,0.8,0.8,0.8,14.856390714681307,0.8798579524388829,0.1970651244841942,0.7692307692307693,0.23076923076923078,0.7692307692307693,0.23076923076923078,10,3,10,3,13,5,13,10,0.5480917692184448,0.05,,,,,,,,,,,0.3837372122936152,0.7034953792738459
964,train-load-0.8-scenario-224-retry-2,0.8,0.9,0.9,0.75,10.390775304654065,0.4280010728542968,0.23866559381236996,0.6666666666666666,0.3333333333333333,0.6666666666666666,0.3333333333333333,8,4,8,4,12,8,12,8,0.30989551544189453,0.05,,,,,,,,,,,0.3837372122936152,0.7034953792738459
965,train-load-1.0-scenario-318,1.0,0.8854711999999999,0.7381058333333333,0.8854711999999999,10.259636782260795,0.5462633604458947,0.6537366395541053,0.8,0.2,0.7272727272727273,0.2727272727272727,8,2,8,3,11,5,10,8,0.35844844579696655,0.05,,,,,,,,,,,0.3837372122936152,0.7034953792738459
966,train-load-0.9-scenario-263,0.9,1.0,1.0,0.4,4.0303486726320354,-0.5039175453757531,0.5039175453757531,0.5,0.5,0.5,0.5,6,6,6,6,12,6,12,6,0.14173433184623718,0.05,,,,,,,,,,,0.3837372122936152,0.7034953792738459
967,train-load-0.7-scenario-526-retry-6,0.7,0.7142857142857143,0.5,0.7142857142857143,5.5409545989189,-0.053933699868137897,0.2761559220903602,0.5555555555555556,0.4444444444444444,0.5555555555555556,0.4444444444444444,5,4,5,4,9,7,9,5,0.15006396174430847,0.05,,,,,,,,,,,0.3837372122936152,0.7034953792738459
968,train-load-0.6-scenario-413,0.6,0.5,0.25,0.5,23.013321042675077,1.3466775306533312,0.6533224693466689,1.0,0.0,1.0,0.0,15,0,15,0,15,6,15,15,0.6677618026733398,0.05,,,,,,,,,,,0.3837372122936152,0.7034953792738459
969,train-load-0.9-scenario-481-retry-5,0.9,0.8571428571428571,0.7142857142857143,0.8571428571428571,10.18793294648538,0.5743882420344818,0.22561175796551808,0.7,0.3,0.7,0.3,7,3,7,3,10,7,10,7,0.558808445930481,0.05,,,,,,,,,,,0.3837372122936152,0.7034953792738459
970,train-load-0.7-scenario-383,0.7,0.7339325,0.4806641666666667,0.7339325,15.859251789429477,1.4796389343450078,0.5203610656549922,1.0,0.0,1.0,0.0,9,0,10,0,10,6,9,9,0.4251827597618103,0.05,,,,,,,,,,,0.3837372122936152,0.7034953792738459
971,train-load-0.5-scenario-526,0.5,0.44,0.44,0.44,20.606171144844176,1.7567681218748374,0.24323187812516253,1.0,0.0,1.0,0.0,11,0,11,0,11,5,11,11,0.2393685281276703,0.05,,,,,,,,,,,0.3837372122936152,0.7034953792738459
972,train-load-1.0-scenario-713-retry-1,1.0,1.1,0.31666666666666665,1.1,2.146050461343819,-0.5612172300834664,0.7834394523056887,0.5555555555555556,0.4444444444444444,0.5555555555555556,0.4444444444444444,5,4,5,4,9,5,9,5,0.5208451747894287,0.05,,,,,,,,,,,0.3837372122936152,0.7034953792738459
973,train-load-0.6-scenario-317,0.6,0.7142857142857143,0.7142857142857143,0.35714285714285715,8.498952696195957,0.2988100216121641,0.5011899783878359,0.7,0.3,0.7,0.3,7,3,7,3,10,7,10,7,0.3005729913711548,0.05,,,,,,,,,,,0.3837372122936152,0.7034953792738459
974,train-load-0.6-scenario-714,0.6,0.6045318,0.5288991666666667,0.6045318,12.419291374273467,1.099977517939747,0.9000224820602529,1.0,0.0,1.0,0.0,8,0,8,0,8,5,8,8,0.1908147931098938,0.05,,,,,,,,,,,0.3837372122936152,0.7034953792738459
975,train-load-1.0-scenario-665-retry-3,1.0,1.075,0.3541666666666667,1.075,6.7218605241537785,0.2976446671447588,0.7023553328552412,0.75,0.25,0.6923076923076923,0.3076923076923077,6,2,9,4,13,8,8,6,0.3450421690940857,0.05,,,,,,,,,,,0.3837372122936152,0.7034953792738459
976,train-load-0.5-scenario-25,0.5,0.43507433333333334,0.27584583333333335,0.43507433333333334,10.854406177553809,1.2482853626778048,0.7517146373221952,1.0,0.0,1.0,0.0,6,0,6,0,6,6,6,6,0.31863391399383545,0.05,,,,,,,,,,,0.3837372122936152,0.7034953792738459
977,train-load-0.8-scenario-399-retry-4,0.8,0.9,0.56,0.9,8.374599351109254,0.5086349932334988,0.49136500676650113,0.75,0.25,0.75,0.25,6,2,6,2,8,5,8,6,0.36980342864990234,0.05,,,,,,,,,,,0.3837372122936152,0.7034953792738459
978,train-load-0.5-scenario-293,0.5,0.48531171428571435,0.43936101190476196,0.48531171428571435,14.854256213064188,1.318526073299458,0.6814739267005421,1.0,0.0,1.0,0.0,9,0,9,0,9,7,9,9,0.2945619225502014,0.05,,,,,,,,,,,0.3837372122936152,0.7034953792738459
979,train-load-0.7-scenario-74,0.7,0.5950571428571428,0.5950571428571428,0.5727805714285714,17.24250173534932,1.2406784066671153,0.7593215933328847,1.0,0.0,1.0,0.0,11,0,12,0,12,7,11,11,0.30931714177131653,0.05,,,,,,,,,,,0.3837372122936152,0.7034953792738459
980,train-load-0.9-scenario-362-retry-1,0.9,1.0,0.4722222222222222,1.0,2.2387592685829127,-0.5597488975139112,0.3375266752916889,0.4444444444444444,0.5555555555555556,0.4444444444444444,0.5555555555555556,4,5,4,5,9,6,9,4,0.2661077380180359,0.05,,,,,,,,,,,0.3837372122936152,0.7034953792738459
981,train-load-0.5-scenario-513,0.5,0.45160775000000003,0.3037520833333333,0.45160775000000003,8.885754736228623,1.3461788643771642,0.6538211356228358,1.0,0.0,1.0,0.0,4,0,4,0,4,4,4,4,0.35729968547821045,0.05,,,,,,,,,,,0.3837372122936152,0.7034953792738459
982,train-load-1.0-scenario-348-retry-1,1.0,0.99848175,0.619901875,0.99848175,6.9966736863837085,0.20299834415210094,0.46366832251456574,0.6666666666666666,0.3333333333333333,0.6666666666666666,0.3333333333333333,6,3,6,3,9,4,9,6,0.26399773359298706,0.05,,,,,,,,,,,0.3837372122936152,0.7034953792738459
983,train-load-0.5-scenario-392-retry-4,0.5,0.6,0.6,0.2,13.876351023621469,1.3722664149996573,0.6277335850003427,1.0,0.0,1.0,0.0,8,0,8,0,8,8,8,8,0.40274032950401306,0.05,,,,,,,,,,,0.3837372122936152,0.7034953792738459
984,train-load-0.7-scenario-551,0.7,0.5980215000000001,0.5536072916666667,0.5980215000000001,6.044181292447616,0.5793716427750947,0.6206283572249054,0.8,0.2,0.7142857142857143,0.2857142857142857,4,1,5,2,7,4,5,4,0.3992108702659607,0.05,,,,,,,,,,,0.3837372122936152,0.7034953792738459
985,train-hard-4gpu-8pod-1vgpu,0.5,0.5,0.3333333333333333,0.5,14.76531492575009,1.5387055078389387,0.46129449216106144,1.0,0.0,1.0,0.0,8,0,8,0,8,4,8,8,0.23514008522033691,0.05,,,,,,,,,,,0.3837372122936152,0.7034953792738459
986,train-load-1.0-scenario-9,1.0,1.013048,0.45063125000000004,1.013048,4.059528359015458,0.06071961631105427,0.6059470503556124,0.6666666666666666,0.3333333333333333,0.5714285714285714,0.42857142857142855,4,2,4,3,7,4,6,4,0.3608565032482147,0.05,,,,,,,,,,,0.3837372122936152,0.7034953792738459
987,train-load-0.5-scenario-747,0.5,0.475,0.20833333333333334,0.475,13.531137358563342,1.2748409134458951,0.7251590865541049,1.0,0.0,1.0,0.0,8,0,8,0,8,8,8,8,0.3321210443973541,0.05,,,,,,,,,,,0.3837372122936152,0.7034953792738459
988,train-load-0.5-scenario-453-retry-3,0.5,0.4,0.2,0.4,22.43458317956042,1.411345090919364,0.5886549090806359,1.0,0.0,1.0,0.0,14,0,14,0,14,7,14,14,0.35402631759643555,0.05,,,,,,,,,,,0.3837372122936152,0.7034953792738459
989,train-load-1.0-scenario-365-retry-2,1.0,1.1,1.1,0.18333333333333332,3.833053889057572,-0.48963977189977537,0.6714579537179571,0.5454545454545454,0.45454545454545453,0.5454545454545454,0.45454545454545453,6,5,6,5,11,6,11,6,0.3675796091556549,0.05,,,,,,,,,,,0.3837372122936152,0.7034953792738459
990,train-load-0.5-scenario-319,0.5,0.49383449999999995,0.25405875,0.49383449999999995,12.536652223231261,1.3435062184300286,0.6564937815699714,1.0,0.0,1.0,0.0,7,0,8,0,8,8,7,7,0.4231106638908386,0.05,,,,,,,,,,,0.3837372122936152,0.7034953792738459
991,train-load-0.6-scenario-654,0.6,0.7142857142857143,0.7142857142857143,0.35714285714285715,9.181717197374489,0.3948481692755016,0.40515183072449834,0.7,0.3,0.7,0.3,7,3,7,3,10,7,10,7,0.2211533486843109,0.05,,,,,,,,,,,0.3837372122936152,0.7034953792738459
992,train-load-1.0-scenario-4-retry-1,1.0,1.05,0.21071428571428572,1.05,10.300955268045708,0.11277615416567888,0.7443667029771783,0.7142857142857143,0.2857142857142857,0.7142857142857143,0.2857142857142857,10,4,10,4,14,7,14,10,0.488633394241333,0.05,,,,,,,,,,,0.3837372122936152,0.7034953792738459
993,train-load-0.8-scenario-480,0.8,0.7962605,0.42220593749999996,0.7962605,3.6874064938357387,-0.00406629328163477,0.6707329599483014,0.6666666666666666,0.3333333333333333,0.6666666666666666,0.3333333333333333,4,2,4,2,6,4,6,4,0.327123761177063,0.05,,,,,,,,,,,0.3837372122936152,0.7034953792738459
994,train-load-0.8-scenario-568,0.8,0.9,0.9,0.375,6.307671227281844,0.07053980595117293,0.5961268607154937,0.6666666666666666,0.3333333333333333,0.6666666666666666,0.3333333333333333,6,3,6,3,9,6,9,6,0.3096160888671875,0.05,,,,,,,,,,,0.3837372122936152,0.7034953792738459
995,train-load-0.9-scenario-127,0.9,0.81525175,0.5898213541666667,0.81525175,6.968354635406552,0.6134111915430889,0.7199221417902445,0.8333333333333334,0.16666666666666666,0.7142857142857143,0.2857142857142857,5,1,5,2,7,4,6,5,0.5264725685119629,0.05,,,,,,,,,,,0.3837372122936152,0.7034953792738459
996,train-load-0.9-scenario-586,0.9,0.798883,0.53608765625,0.798883,18.09590712534473,1.0324422421499586,0.6818434721357558,0.9285714285714286,0.07142857142857142,0.9285714285714286,0.07142857142857142,13,1,13,1,14,8,14,13,0.2594301104545593,0.05,,,,,,,,,,,0.3837372122936152,0.7034953792738459
997,train-load-1.0-scenario-301-retry-1,1.0,1.075,0.65,1.075,5.907335666027351,-0.11831901989103821,0.5183190198910381,0.6,0.4,0.42857142857142855,0.5714285714285714,6,4,6,8,14,8,10,6,0.22826632857322693,0.05,,,,,,,,,,,0.3837372122936152,0.7034953792738459
998,train-load-1.0-scenario-343,1.0,0.8809523809523809,0.8809523809523809,0.8142857142857143,20.160437646878016,0.9443489287735085,0.34976871828531486,0.8235294117647058,0.17647058823529413,0.8235294117647058,0.17647058823529413,14,3,14,3,17,7,17,14,0.36792778968811035,0.05,,,,,,,,,,,0.3837372122936152,0.7034953792738459
999,train-load-0.7-scenario-120,0.7,0.62211575,0.42361302083333335,0.62211575,14.048171484673013,1.1209475413486416,0.8790524586513585,1.0,0.0,1.0,0.0,9,0,11,0,11,8,9,9,0.07167816162109375,0.05,,,,,,,,,,,0.3837372122936152,0.7034953792738459
1000,train-load-0.7-scenario-498,0.7,0.8125,0.4583333333333333,0.8125,4.094221804954231,-0.26632568329887385,0.4885479055210961,0.5555555555555556,0.4444444444444444,0.5555555555555556,0.4444444444444444,5,4,5,4,9,8,9,5,0.26662400364875793,0.05,0.3667773766759609,0.5257420289698314,0.723129851411448,0.27687014858855197,0.7095583665448078,0.29044163345519225,0.6510992771791141,0.664752408310896,0.2878000145491666,0.7122809045985885,0.3837372122936152,0.7034953792738459
1001,train-load-0.5-scenario-603,0.5,0.6,0.6,0.5,15.600043900008,1.582536128611983,0.417463871388017,1.0,0.0,1.0,0.0,8,0,8,0,8,4,8,8,0.3072393536567688,0.05,,,,,,,,,,,0.3837372122936152,0.7034953792738459
1002,train-load-0.9-scenario-293,0.9,0.8205912857142857,0.3912539285714286,0.8205912857142857,9.780807085183646,0.5025008114235798,0.6974991885764202,0.8,0.2,0.8181818181818182,0.18181818181818182,8,2,9,2,11,7,10,8,0.2941591441631317,0.05,,,,,,,,,,,0.3837372122936152,0.7034953792738459
1003,train-load-0.8-scenario-133,0.8,0.875,0.875,0.4,5.377980634555799,0.059277039534022635,0.44072296046597736,0.625,0.375,0.5714285714285714,0.42857142857142855,5,3,8,6,14,8,8,5,0.40541091561317444,0.05,,,,,,,,,,,0.3837372122936152,0.7034953792738459
1004,train-load-0.8-scenario-249,0.8,0.7389095714285715,0.5377096428571428,0.7389095714285715,15.870258181499885,1.260633039000507,0.7393669609994931,1.0,0.0,1.0,0.0,10,0,11,0,11,7,10,10,0.240122452378273,0.05,,,,,,,,,,,0.3837372122936152,0.7034953792738459
1005,train-load-1.0-scenario-658,1.0,0.9606239583333332,0.9606239583333332,0.765423,12.350965848963,0.8406223121540574,0.3593776878459428,0.8,0.2,0.8,0.2,8,2,8,2,10,4,10,8,0.44372445344924927,0.05,,,,,,,,,,,0.3837372122936152,0.7034953792738459
1006,train-load-0.6-scenario-417-retry-4,0.6,0.5,0.3869047619047619,0.5,16.986797349677868,1.4253815432077668,0.5746184567922332,1.0,0.0,1.0,0.0,10,0,10,0,10,7,10,10,0.22770154476165771,0.05,,,,,,,,,,,0.3837372122936152,0.7034953792738459
1007,train-load-1.0-scenario-550,1.0,0.9133686249999999,0.46871718749999997,0.9133686249999999,13.576192500539978,0.7126118645160997,0.6207214688172338,0.8333333333333334,0.16666666666666666,0.7142857142857143,0.2857142857142857,10,2,10,4,14,8,12,10,0.5255725383758545,0.05,,,,,,,,,,,0.3837372122936152,0.7034953792738459
1008,train-load-0.5-scenario-93,0.5,0.5238885,0.2799975,0.5238885,9.903413443464029,1.31568814027141,0.68431185972859,1.0,0.0,1.0,0.0,5,0,6,0,6,6,5,5,0.5129659175872803,0.05,,,,,,,,,,,0.3837372122936152,0.7034953792738459
1009,train-load-0.5-scenario-524,0.5,0.47487725000000003,0.21171812499999998,0.47487725000000003,7.212372362327441,1.0518893228330783,0.9481106771669217,1.0,0.0,1.0,0.0,4,0,4,0,4,4,4,4,0.4323686361312866,0.05,,,,,,,,,,,0.3837372122936152,0.7034953792738459
1010,train-load-0.7-scenario-257,0.7,0.8125,0.8125,0.2,4.279766678479727,-0.11122819849939869,0.6112281984993987,0.625,0.375,0.7272727272727273,0.2727272727272727,5,3,8,3,11,8,8,5,0.3406645953655243,0.05,,,,,,,,,,,0.3837372122936152,0.7034953792738459
1011,train-load-0.7-scenario-479-retry-3,0.7,0.7916666666666666,0.7916666666666666,0.675,12.212840335062108,0.6861545260236667,0.5865727467036063,0.8181818181818182,0.18181818181818182,0.7142857142857143,0.2857142857142857,9,2,10,4,14,8,11,9,0.3015211224555969,0.05,,,,,,,,,,,0.3837372122936152,0.7034953792738459
1012,train-load-0.9-scenario-87-retry-1,0.9,0.8666666666666667,0.3055555555555556,0.8666666666666667,16.58584124391154,0.8490709833649929,0.5795004452064356,0.8571428571428571,0.14285714285714285,0.8571428571428571,0.14285714285714285,12,2,12,2,14,6,14,12,0.5086536407470703,0.05,,,,,,,,,,,0.3837372122936152,0.7034953792738459
1013,train-load-0.9-scenario-497,0.9,0.8264305000000001,0.7428052083333333,0.8264305000000001,1.1061398229903099,-0.6838864778468002,0.9696007635610859,0.5714285714285714,0.42857142857142855,0.4444444444444444,0.5555555555555556,4,3,4,5,9,4,7,4,0.47418320178985596,0.05,,,,,,,,,,,0.3837372122936152,0.7034953792738459
1014,train-load-0.6-scenario-220-retry-1,0.6,0.5766844999999999,0.3247096875,0.5766844999999999,9.32613738013839,1.4305620668648376,0.5694379331351624,1.0,0.0,1.0,0.0,4,0,4,0,4,4,4,4,0.20487463474273682,0.05,,,,,,,,,,,0.3837372122936152,0.7034953792738459
1015,train-load-0.6-scenario-32,0.6,0.59844925,0.35453854166666665,0.59844925,14.241640862327584,1.2204890506318957,0.7795109493681043,1.0,0.0,1.0,0.0,9,0,10,0,10,8,9,9,0.2657995820045471,0.05,,,,,,,,,,,0.3837372122936152,0.7034953792738459
1016,train-load-0.5-scenario-663,0.5,0.4721895,0.31028625,0.4721895,7.459469421320074,1.33631498225322,0.6636850177467799,1.0,0.0,1.0,0.0,3,0,4,0,4,4,3,3,0.30391818284988403,0.05,,,,,,,,,,,0.3837372122936152,0.7034953792738459
1017,train-load-0.5-scenario-640,0.5,0.5759666666666666,0.34920902777777774,0.5759666666666666,9.037581413246293,1.1594198350191265,0.8405801649808736,1.0,0.0,1.0,0.0,5,0,7,0,7,6,5,5,0.21513471007347107,0.05,,,,,,,,,,,0.3837372122936152,0.7034953792738459
1018,train-load-0.6-scenario-733,0.6,0.7142857142857143,0.11904761904761904,0.7142857142857143,7.997752466572708,0.21033805534016758,0.5896619446598323,0.7,0.3,0.7,0.3,7,3,7,3,10,7,10,7,0.46727627515792847,0.05,,,,,,,,,,,0.3837372122936152,0.7034953792738459
1019,train-load-0.8-scenario-511,0.8,0.75144875,0.32173125,0.75144875,2.8748942285739068,0.14038263376205007,0.8596173662379499,0.75,0.25,0.6666666666666666,0.3333333333333333,3,1,4,2,6,4,4,3,0.2733043134212494,0.05,,,,,,,,,,,0.3837372122936152,0.7034953792738459
1020,train-load-0.6-scenario-454,0.6,0.5329945,0.44039093749999997,0.5329945,14.941344811526848,1.0866444849540193,0.9133555150459807,1.0,0.0,1.0,0.0,10,0,10,0,10,8,10,10,0.3576897978782654,0.05,,,,,,,,,,,0.3837372122936152,0.7034953792738459
1021,train-load-0.6-scenario-30,0.6,0.7083333333333334,0.5,0.7083333333333334,8.854769481391513,0.5858980245737455,0.4141019754262545,0.75,0.25,0.75,0.25,6,2,6,2,8,6,8,6,0.28998109698295593,0.05,,,,,,,,,,,0.3837372122936152,0.7034953792738459
1022,train-load-0.9-scenario-676-retry-2,0.9,0.82773825,0.5409606250000001,0.82773825,8.736372817487853,0.7560816910068565,0.6724897375645721,0.8571428571428571,0.14285714285714285,0.8571428571428571,0.14285714285714285,6,1,6,1,7,4,7,6,0.5097945332527161,0.05,,,,,,,,,,,0.3837372122936152,0.7034953792738459
1023,train-load-1.0-scenario-73,1.0,1.00025,0.7546925,1.00025,7.8573947436341935,0.23935395833273088,0.5606460416672691,0.7,0.3,0.5833333333333334,0.4166666666666667,7,3,7,5,12,5,10,7,0.3758980929851532,0.05,,,,,,,,,,,0.3837372122936152,0.7034953792738459
1024,train-load-0.7-scenario-743-retry-7,0.7,0.6428571428571429,0.5714285714285714,0.6428571428571429,10.856710146288695,0.746183312503458,0.8093722430520974,0.8888888888888888,0.1111111111111111,0.9090909090909091,0.09090909090909091,8,1,10,1,11,7,9,8,0.39606645703315735,0.05,,,,,,,,,,,0.3837372122936152,0.7034953792738459
1025,train-load-0.7-scenario-277,0.7,0.63946775,0.4686609375,0.63946775,17.282595930474493,1.2877106313024018,0.7122893686975982,1.0,0.0,1.0,0.0,11,0,13,0,13,8,11,11,0.2129005789756775,0.05,,,,,,,,,,,0.3837372122936152,0.7034953792738459
1026,train-load-0.9-scenario-283,0.9,0.781675,0.4354020833333333,0.781675,13.429721835133396,0.9649084451905725,0.6350915548094276,0.9,0.1,0.9,0.1,9,1,9,1,10,6,10,9,0.4392370581626892,0.05,,,,,,,,,,,0.3837372122936152,0.7034953792738459
1027,train-load-0.5-scenario-155,0.5,0.431911,0.2159708333333333,0.431911,8.013701663617024,1.1880440671258514,0.8119559328741486,1.0,0.0,1.0,0.0,4,0,5,0,5,7,4,4,0.3342573642730713,0.05,,,,,,,,,,,0.3837372122936152,0.7034953792738459
1028,train-hard-4gpu-8pod-1vgpu,0.5,0.5,0.3333333333333333,0.5,14.857252448823687,1.5387055078389387,0.46129449216106144,1.0,0.0,1.0,0.0,8,0,8,0,8,4,8,8,0.28065598011016846,0.05,,,,,,,,,,,0.3837372122936152,0.7034953792738459
1029,train-load-0.9-scenario-427,0.9,0.7857142857142857,0.3142857142857143,0.7857142857142857,7.2995868773687755,0.013570749734488574,0.5318837957200568,0.6363636363636364,0.36363636363636365,0.6363636363636364,0.36363636363636365,7,4,7,4,11,7,11,7,0.26193907856941223,0.05,,,,,,,,,,,0.3837372122936152,0.7034953792738459
1030,train-load-0.5-scenario-217,0.5,0.459605,0.22427678571428572,0.459605,7.595801392938141,1.1133383188488,0.8866616811512,1.0,0.0,1.0,0.0,4,0,6,0,6,7,4,4,0.4412696957588196,0.05,,,,,,,,,,,0.3837372122936152,0.7034953792738459
1031,train-load-0.6-scenario-22,0.6,0.572151,0.3369891666666666,0.572151,11.422505256549925,1.3290760442859424,0.6709239557140576,1.0,0.0,1.0,0.0,6,0,6,0,6,5,6,6,0.27480846643447876,0.05,,,,,,,,,,,0.3837372122936152,0.7034953792738459
1032,train-load-0.5-scenario-468,0.5,0.5065295,0.38990763888888885,0.5065295,10.726598746761939,1.4270656243683084,0.5729343756316915,1.0,0.0,1.0,0.0,5,0,7,0,7,6,5,5,0.2525477409362793,0.05,,,,,,,,,,,0.3837372122936152,0.7034953792738459
1033,train-load-0.6-scenario-41-retry-1,0.6,0.6666666666666666,0.26666666666666666,0.6666666666666666,8.337783209904273,0.539865600576426,0.4601343994235741,0.75,0.25,0.75,0.25,6,2,6,2,8,6,8,6,0.13846556842327118,0.05,,,,,,,,,,,0.3837372122936152,0.7034953792738459
1034,train-load-0.5-scenario-728,0.5,0.45085812500000005,0.22275208333333332,0.45085812500000005,10.775345918851855,1.2489181021670475,0.7510818978329524,1.0,0.0,1.0,0.0,6,0,7,0,7,8,6,6,0.3924112319946289,0.05,,,,,,,,,,,0.3837372122936152,0.7034953792738459
1035,train-load-0.6-scenario-699,0.6,0.5508911428571429,0.27223690476190476,0.5508911428571429,13.808494986999172,1.5470063050465366,0.4529936949534633,1.0,0.0,1.0,0.0,7,0,7,0,7,7,7,7,0.4909330904483795,0.05,,,,,,,,,,,0.3837372122936152,0.7034953792738459
1036,train-load-1.0-scenario-176,1.0,0.897212,0.6599309895833333,0.897212,13.313413684359586,0.3943160959579459,0.5390172373753873,0.7333333333333333,0.26666666666666666,0.6875,0.3125,11,4,11,5,16,8,15,11,0.3065197467803955,0.05,,,,,,,,,,,0.3837372122936152,0.7034953792738459
1037,train-load-0.6-scenario-157-retry-1,0.6,0.6928571428571428,0.3142857142857143,0.6928571428571428,14.40948586151152,1.4591163561034093,0.5408836438965906,1.0,0.0,1.0,0.0,8,0,8,0,8,7,8,8,0.28799453377723694,0.05,,,,,,,,,,,0.3837372122936152,0.7034953792738459
1038,train-load-0.9-scenario-326-retry-1,0.9,0.9166666666666666,0.9166666666666666,0.46875,11.732773232745615,0.03527389210421261,0.5529614020134345,0.6470588235294118,0.35294117647058826,0.6470588235294118,0.35294117647058826,11,6,11,6,17,8,17,11,0.3394131362438202,0.05,,,,,,,,,,,0.3837372122936152,0.7034953792738459
1039,train-load-0.6-scenario-415,0.6,0.5776886666666666,0.5087520833333333,0.5776886666666666,12.906343753379533,1.1910071789259271,0.8089928210740729,1.0,0.0,1.0,0.0,8,0,8,0,8,6,8,8,0.18063603341579437,0.05,,,,,,,,,,,0.3837372122936152,0.7034953792738459
1040,train-load-0.6-scenario-2-retry-1,0.6,0.5,0.5,0.3,37.04379594879625,1.596514321870047,0.40348567812995295,1.0,0.0,1.0,0.0,24,0,24,0,24,8,24,24,0.3762909770011902,0.05,,,,,,,,,,,0.3837372122936152,0.7034953792738459
1041,train-load-0.7-scenario-331-retry-4,0.7,0.8125,0.2125,0.8125,4.115610697568208,-0.25422032715506515,0.4764425493772875,0.5555555555555556,0.4444444444444444,0.5555555555555556,0.4444444444444444,5,4,5,4,9,8,9,5,0.5983180403709412,0.05,,,,,,,,,,,0.3837372122936152,0.7034953792738459
1042,train-load-0.9-scenario-151,0.9,0.99,0.9666666666666667,0.99,3.2378957295962847,-0.3020692094425984,0.8020692094425984,0.625,0.375,0.6363636363636364,0.36363636363636365,5,3,7,4,11,5,8,5,0.546933114528656,0.05,,,,,,,,,,,0.3837372122936152,0.7034953792738459
1043,train-load-0.8-scenario-103,0.8,0.9142857142857143,0.9142857142857143,0.5714285714285714,8.70496740694264,-0.21643790670482965,0.46643790670482965,0.5625,0.4375,0.5625,0.4375,9,7,9,7,16,7,16,9,0.34451210498809814,0.05,,,,,,,,,,,0.3837372122936152,0.7034953792738459
1044,train-load-0.5-scenario-692,0.5,0.40625,0.1625,0.40625,21.113299309920137,1.4309919925914107,0.5690080074085893,1.0,0.0,1.0,0.0,13,0,13,0,13,8,13,13,0.3955528736114502,0.05,,,,,,,,,,,0.3837372122936152,0.7034953792738459
1045,train-load-0.6-scenario-539,0.6,0.6511411458333334,0.6511411458333334,0.513801,4.911668073637739,0.3865395423962531,0.813460457603747,0.8,0.2,0.6666666666666666,0.3333333333333333,4,1,4,2,6,4,5,4,0.2596987187862396,0.05,,,,,,,,,,,0.3837372122936152,0.7034953792738459
1046,train-load-1.0-scenario-52-retry-7,1.0,1.03125,0.5,1.03125,6.682503679059071,-0.3025235876754959,0.5882378733897816,0.5714285714285714,0.42857142857142855,0.5714285714285714,0.42857142857142855,8,6,8,6,14,8,14,8,0.24860912561416626,0.05,,,,,,,,,,,0.3837372122936152,0.7034953792738459
1047,train-load-0.6-scenario-375,0.6,0.5485928571428571,0.45135875,0.5485928571428571,15.155415403236999,1.3245990021698542,0.6754009978301458,1.0,0.0,1.0,0.0,9,0,9,0,9,7,9,9,0.4216882586479187,0.05,,,,,,,,,,,0.3837372122936152,0.7034953792738459
1048,train-load-0.8-scenario-516,0.8,0.706955,0.6876989583333333,0.706955,19.141254765638152,1.0915496148013886,0.6227360994843257,0.9285714285714286,0.07142857142857142,0.8666666666666667,0.13333333333333333,13,1,13,2,15,8,14,13,0.10226871073246002,0.05,,,,,,,,,,,0.3837372122936152,0.7034953792738459
1049,train-hard-4gpu-12pod-small,0.375,0.375,0.25,0.375,22.316746824526945,1.875,0.125,1.0,0.0,1.0,0.0,12,0,12,0,12,4,12,12,0.28732264041900635,0.05,,,,,,,,,,,0.3837372122936152,0.7034953792738459
1050,train-load-0.7-scenario-387-retry-1,0.7,0.8,0.8,0.8,12.586930113659392,0.6150380496661834,0.3849619503338165,0.75,0.25,0.75,0.25,9,3,9,3,12,6,12,9,0.3649888038635254,0.05,,,,,,,,,,,0.3837372122936152,0.7034953792738459
1051,train-hard-4gpu-12pod-small,0.375,0.375,0.25,0.375,22.316746824526945,1.875,0.125,1.0,0.0,1.0,0.0,12,0,12,0,12,4,12,12,0.5497398376464844,0.05,,,,,,,,,,,0.3837372122936152,0.7034953792738459
1052,train-load-0.9-scenario-196,0.9,0.7930422,0.42188583333333335,0.7930422,8.819557904403341,0.7389495283344348,0.6896219002369937,0.8571428571428571,0.14285714285714285,0.75,0.25,6,1,6,2,8,5,7,6,0.31003251671791077,0.05,,,,,,,,,,,0.3837372122936152,0.7034953792738459
1053,train-load-0.9-scenario-631-retry-4,0.9,0.78,0.68,0.78,18.05802968110791,1.3252671194800876,0.341399547186579,0.9166666666666666,0.08333333333333333,0.9166666666666666,0.08333333333333333,11,1,11,1,12,5,12,11,0.2796868085861206,0.05,,,,,,,,,,,0.3837372122936152,0.7034953792738459
1054,train-load-0.8-scenario-744-retry-1,0.8,0.75,0.75,0.75,20.3551183915431,1.2558927368373092,0.2107739298293577,0.8666666666666667,0.13333333333333333,0.8666666666666667,0.13333333333333333,13,2,13,2,15,4,15,13,0.3755025267601013,0.05,,,,,,,,,,,0.3837372122936152,0.7034953792738459
1055,train-load-0.9-scenario-452,0.9,0.8464028125,0.8464028125,0.75065325,6.31919870340082,0.19489972502409092,0.8051002749759091,0.75,0.25,0.6666666666666666,0.3333333333333333,6,2,6,3,9,4,8,6,0.14300808310508728,0.05,,,,,,,,,,,0.3837372122936152,0.7034953792738459
1056,train-load-1.0-scenario-393,1.0,0.8948748333333333,0.8704902777777778,0.8948748333333333,17.06503242115463,0.8821447462018009,0.31785525379819907,0.8,0.2,0.8,0.2,12,3,12,3,15,6,15,12,0.1582273244857788,0.05,,,,,,,,,,,0.3837372122936152,0.7034953792738459
1057,train-load-0.5-scenario-309,0.5,0.4907895,0.40308093749999996,0.4907895,16.161214610851594,1.5021942793689402,0.49780572063105966,1.0,0.0,1.0,0.0,9,0,10,0,10,8,9,9,0.3933299779891968,0.05,,,,,,,,,,,0.3837372122936152,0.7034953792738459
1058,train-load-0.5-scenario-30,0.5,0.5131911428571428,0.21793553571428573,0.5131911428571428,6.397523635568302,0.6393513275563202,0.5606486724436798,0.8,0.2,0.6666666666666666,0.3333333333333333,4,1,4,2,6,7,5,4,0.27766668796539307,0.05,,,,,,,,,,,0.3837372122936152,0.7034953792738459
1059,train-load-1.0-scenario-708-retry-1,1.0,1.0416666666666667,1.0416666666666667,0.65,6.752988113441343,-0.061275960846426836,0.6067305063009722,0.6363636363636364,0.36363636363636365,0.6363636363636364,0.36363636363636365,7,4,7,4,11,6,11,7,0.34816402196884155,0.05,,,,,,,,,,,0.3837372122936152,0.7034953792738459
1060,train-load-1.0-scenario-505-retry-7,1.0,1.0875,0.625,1.0875,9.427046507434135,0.4609025222109303,0.6502085889001809,0.7777777777777778,0.2222222222222222,0.5555555555555556,0.4444444444444444,7,2,10,8,18,8,9,7,0.3503098487854004,0.05,,,,,,,,,,,0.3837372122936152,0.7034953792738459
1061,train-load-0.7-scenario-348,0.7,0.617630875,0.48344453125,0.617630875,16.03055950810341,1.0012497981002932,0.6654168685663733,0.9166666666666666,0.08333333333333333,0.9166666666666666,0.08333333333333333,11,1,11,1,12,8,12,11,0.3488551676273346,0.05,,,,,,,,,,,0.3837372122936152,0.7034953792738459
1062,train-hard-4gpu-4pod-2vgpu,0.25,0.25,0.16666666666666666,0.25,11.616666666666667,1.9166666666666665,0.08333333333333337,1.0,0.0,1.0,0.0,4,0,8,0,8,4,4,4,0.23189496994018555,0.05,,,,,,,,,,,0.3837372122936152,0.7034953792738459
1063,train-load-0.6-scenario-233,0.6,0.5,0.5,0.425,19.533681578937703,1.6072004542518363,0.3927995457481638,1.0,0.0,1.0,0.0,11,0,11,0,11,6,11,11,0.4427582919597626,0.05,,,,,,,,,,,0.3837372122936152,0.7034953792738459
1064,train-load-0.9-scenario-236,0.9,0.8080048750000001,0.4204234375,0.8080048750000001,14.376227437176038,0.9561892432971499,0.6801743930664863,0.9090909090909091,0.09090909090909091,0.8333333333333334,0.16666666666666666,10,1,10,2,12,8,11,10,0.3659122586250305,0.05,,,,,,,,,,,0.3837372122936152,0.7034953792738459
1065,train-load-1.0-scenario-396-retry-1,1.0,1.0857142857142856,0.5952380952380952,1.0857142857142856,3.28618530921875,-0.6746317234468925,0.5207855696007387,0.46153846153846156,0.5384615384615384,0.46153846153846156,0.5384615384615384,6,7,6,7,13,7,13,6,0.3776681423187256,0.05,,,,,,,,,,,0.3837372122936152,0.7034953792738459
1066,train-load-0.7-scenario-399,0.7,0.607748,0.35891375000000003,0.607748,10.993189538709679,1.3133387303870268,0.6866612696129732,1.0,0.0,1.0,0.0,6,0,7,0,7,6,6,6,0.3205893337726593,0.05,,,,,,,,,,,0.3837372122936152,0.7034953792738459
1067,train-load-0.5-scenario-332,0.5,0.42633266666666664,0.20087430555555555,0.42633266666666664,9.33330563123289,1.2248164027296762,0.7751835972703238,1.0,0.0,1.0,0.0,5,0,5,0,5,6,5,5,0.21672719717025757,0.05,,,,,,,,,,,0.3837372122936152,0.7034953792738459
1068,train-load-0.7-scenario-15-retry-6,0.7,0.6,0.4,0.6,20.574716006896264,1.5768409853573697,0.4231590146426303,1.0,0.0,1.0,0.0,12,0,12,0,12,5,12,12,0.19401076436042786,0.05,,,,,,,,,,,0.3837372122936152,0.7034953792738459
1069,train-load-1.0-scenario-271,1.0,0.887251,0.5405803571428572,0.887251,14.41627265357027,0.5892146579776045,0.5536424848795383,0.7857142857142857,0.21428571428571427,0.7857142857142857,0.21428571428571427,11,3,11,3,14,7,14,11,0.3671860098838806,0.05,,,,,,,,,,,0.3837372122936152,0.7034953792738459
1070,train-load-0.9-scenario-252,0.9,1.0,0.6666666666666666,1.0,3.8446555203205044,-0.37284451787088735,0.37284451787088735,0.5,0.5,0.5,0.5,5,5,5,5,10,5,10,5,0.3705638647079468,0.05,,,,,,,,,,,0.3837372122936152,0.7034953792738459
1071,train-load-1.0-scenario-455,1.0,0.9250597142857142,0.7357707142857143,0.9250597142857142,9.640087026935598,-0.008916290774132918,0.8660591479169901,0.7142857142857143,0.2857142857142857,0.6875,0.3125,10,4,11,5,16,7,14,10,0.38071438670158386,0.05,,,,,,,,,,,0.3837372122936152,0.7034953792738459
1072,train-load-0.6-scenario-310,0.6,0.5406945000000001,0.43960437500000005,0.5406945000000001,11.126443773386438,1.489389585135798,0.5106104148642019,1.0,0.0,1.0,0.0,5,0,5,0,5,4,5,5,0.42424067854881287,0.05,,,,,,,,,,,0.3837372122936152,0.7034953792738459
1073,train-load-0.8-scenario-676,0.8,0.7691818333333333,0.33861006944444444,0.7691818333333333,8.714805988114122,0.7338377836298003,0.694733644941628,0.8571428571428571,0.14285714285714285,0.875,0.125,6,1,7,1,8,6,7,6,0.4462876319885254,0.05,,,,,,,,,,,0.3837372122936152,0.7034953792738459
1074,train-load-0.7-scenario-458,0.7,0.713232125,0.451188125,0.713232125,17.326919432812737,1.319120614903572,0.6808793850964281,1.0,0.0,1.0,0.0,11,0,12,0,12,8,11,11,0.47675982117652893,0.05,,,,,,,,,,,0.3837372122936152,0.7034953792738459
1075,train-load-1.0-scenario-174-retry-9,1.0,0.9428571428571428,0.9428571428571428,0.7857142857142857,20.86976570581828,0.5899297232780463,0.31916118581286296,0.7272727272727273,0.2727272727272727,0.7272727272727273,0.2727272727272727,16,6,16,6,22,7,22,16,0.148237943649292,0.05,,,,,,,,,,,0.3837372122936152,0.7034953792738459
1076,train-load-0.7-scenario-444,0.7,0.65,0.38125,0.65,6.019732534928465,-0.006943249479700264,0.6736099161463669,0.6666666666666666,0.3333333333333333,0.6666666666666666,0.3333333333333333,6,3,6,3,9,8,9,6,0.41929447650909424,0.05,,,,,,,,,,,0.3837372122936152,0.7034953792738459
1077,train-load-0.6-scenario-464-retry-1,0.6,0.7083333333333334,0.45416666666666666,0.7083333333333334,13.222024404643832,1.060584194936836,0.49497136061871927,0.8888888888888888,0.1111111111111111,0.8333333333333334,0.16666666666666666,8,1,10,2,12,6,9,8,0.30531924962997437,0.05,,,,,,,,,,,0.3837372122936152,0.7034953792738459
1078,train-load-0.9-scenario-555,0.9,0.828651,0.5832225,0.828651,9.18587574805953,0.49899431962045604,0.6121167914906551,0.7777777777777778,0.2222222222222222,0.7777777777777778,0.2222222222222222,7,2,7,2,9,5,9,7,0.4545406401157379,0.05,,,,,,,,,,,0.3837372122936152,0.7034953792738459
1079,train-load-0.5-scenario-556,0.5,0.6,0.16666666666666666,0.6,14.53072324273261,1.4467689110522832,0.5532310889477168,1.0,0.0,1.0,0.0,8,0,8,0,8,8,8,8,0.3916016221046448,0.05,,,,,,,,,,,0.3837372122936152,0.7034953792738459
1080,train-load-0.8-scenario-386-retry-1,0.8,0.7098125000000001,0.470221875,0.7098125000000001,16.539648863644207,1.2136541249948931,0.7863458750051068,1.0,0.0,1.0,0.0,11,0,13,0,13,8,11,11,0.46501821279525757,0.05,,,,,,,,,,,0.3837372122936152,0.7034953792738459
1081,train-load-0.9-scenario-672-retry-1,0.9,0.99,0.8,0.99,7.051094413849622,-0.0376902199456034,0.5831447654001488,0.6363636363636364,0.36363636363636365,0.6363636363636364,0.36363636363636365,7,4,7,4,11,5,11,7,0.3187878429889679,0.05,,,,,,,,,,,0.3837372122936152,0.7034953792738459
1082,train-load-0.5-scenario-268,0.5,0.4603915,0.2564771875,0.4603915,7.653050250510943,1.1669715503750349,0.8330284496249651,1.0,0.0,1.0,0.0,4,0,4,0,4,4,4,4,0.2458592653274536,0.05,,,,,,,,,,,0.3837372122936152,0.7034953792738459
1083,train-load-0.7-scenario-178,0.7,0.59375,0.3020833333333333,0.59375,19.54308039310788,1.435660078567322,0.5643399214326781,1.0,0.0,1.0,0.0,12,0,12,0,12,8,12,12,0.2976412773132324,0.05,,,,,,,,,,,0.3837372122936152,0.7034953792738459
1084,train-load-0.6-scenario-679-retry-2,0.6,0.4857142857142857,0.24285714285714285,0.4857142857142857,26.917425405238507,1.5022262731799656,0.4977737268200343,1.0,0.0,1.0,0.0,17,0,17,0,17,7,17,17,0.26147139072418213,0.05,,,,,,,,,,,0.3837372122936152,0.7034953792738459
1085,train-load-0.8-scenario-65-retry-1,0.8,0.8333333333333334,0.3333333333333333,0.8333333333333334,5.631426011113892,-0.14393898191541044,0.5439389819154103,0.6,0.4,0.6,0.4,6,4,6,4,10,6,10,6,0.3153268098831177,0.05,,,,,,,,,,,0.3837372122936152,0.7034953792738459
1086,train-load-0.6-scenario-718-retry-1,0.6,0.5,0.4166666666666667,0.5,31.81127262227117,1.6090672171491847,0.39093278285081534,1.0,0.0,1.0,0.0,20,0,20,0,20,8,20,20,0.2981390953063965,0.05,,,,,,,,,,,0.3837372122936152,0.7034953792738459
1087,train-load-0.9-scenario-548,0.9,0.8049395833333333,0.8049395833333333,0.5549492500000001,11.748752476112992,1.0424079399958592,0.45759206000414077,0.875,0.125,0.875,0.125,7,1,7,1,8,4,8,7,0.16845962405204773,0.05,,,,,,,,,,,0.3837372122936152,0.7034953792738459
1088,train-load-0.6-scenario-747,0.6,0.5942130952380952,0.5942130952380952,0.43933771428571433,10.878192736143117,0.714710822467662,0.8408447330878934,0.8888888888888888,0.1111111111111111,0.8181818181818182,0.18181818181818182,8,1,9,2,11,7,9,8,0.28446030616760254,0.05,,,,,,,,,,,0.3837372122936152,0.7034953792738459
1089,train-load-1.0-scenario-143-retry-12,1.0,1.0476190476190477,1.0476190476190477,0.15714285714285714,5.32502094532868,-0.2683770209283102,0.8138315663828556,0.6363636363636364,0.36363636363636365,0.6363636363636364,0.36363636363636365,7,4,7,4,11,7,11,7,0.34143853187561035,0.05,,,,,,,,,,,0.3837372122936152,0.7034953792738459
1090,train-load-0.7-scenario-313-retry-7,0.7,0.8,0.8,0.1,3.6431367984104295,-0.28151664373479024,0.7815166437347902,0.625,0.375,0.625,0.375,5,3,5,3,8,8,8,5,0.2116154283285141,0.05,,,,,,,,,,,0.3837372122936152,0.7034953792738459
1091,train-hard-4gpu-12pod-small,0.375,0.375,0.25,0.375,22.316746824526945,1.875,0.125,1.0,0.0,1.0,0.0,12,0,12,0,12,4,12,12,0.29377681016921997,0.05,,,,,,,,,,,0.3837372122936152,0.7034953792738459
1092,train-load-0.7-scenario-608-retry-1,0.7,0.8,0.8,0.64,14.842964840140079,1.1808026993872478,0.4191973006127524,0.9,0.1,0.9,0.1,9,1,9,1,10,5,10,9,0.3353412449359894,0.05,,,,,,,,,,,0.3837372122936152,0.7034953792738459
1093,train-load-0.7-scenario-31-retry-1,0.7,0.8,0.5,0.8,1.5209328875107178,-0.6355528339261469,0.6355528339261469,0.5,0.5,0.5,0.5,4,4,4,4,8,6,8,4,0.28136444091796875,0.05,,,,,,,,,,,0.3837372122936152,0.7034953792738459
1094,train-load-0.7-scenario-284-retry-3,0.7,0.8,0.8,0.75625,6.705991396448448,-0.09611567875350147,0.6415702242080469,0.6363636363636364,0.36363636363636365,0.6363636363636364,0.36363636363636365,7,4,7,4,11,8,11,7,0.3925900459289551,0.05,,,,,,,,,,,0.3837372122936152,0.7034953792738459
1095,train-load-1.0-scenario-380,1.0,0.8933404285714286,0.4349628571428571,0.8933404285714286,14.9381711429385,1.0218611026749207,0.6145025336887155,0.9090909090909091,0.09090909090909091,0.8461538461538461,0.15384615384615385,10,1,11,2,13,7,11,10,0.40360480546951294,0.05,,,,,,,,,,,0.3837372122936152,0.7034953792738459
1096,train-load-1.0-scenario-204-retry-1,1.0,1.1111111111111112,1.1111111111111112,0.16666666666666666,1.3950972869418856,-0.7791288085207109,0.7791288085207109,0.5,0.5,0.5,0.5,5,5,5,5,10,6,10,5,0.31985989212989807,0.05,,,,,,,,,,,0.3837372122936152,0.7034953792738459
1097,train-load-0.6-scenario-528,0.6,0.545229375,0.36129500000000003,0.545229375,16.075070059521938,1.263386022199287,0.736613977800713,1.0,0.0,1.0,0.0,10,0,10,0,10,8,10,10,0.44308555126190186,0.05,,,,,,,,,,,0.3837372122936152,0.7034953792738459
1098,train-load-0.7-scenario-503,0.7,0.6491722,0.6050955,0.6491722,10.737486286304085,0.8506334564483762,0.6493665435516238,0.875,0.125,0.8888888888888888,0.1111111111111111,7,1,8,1,9,5,8,7,0.07860883325338364,0.05,,,,,,,,,,,0.3837372122936152,0.7034953792738459
1099,train-load-0.5-scenario-272-retry-4,0.5,0.5,0.25,0.5,18.144324145413304,1.5325412974615213,0.4674587025384787,1.0,0.0,1.0,0.0,10,0,10,0,10,4,10,10,0.3171631693840027,0.05,,,,,,,,,,,0.3837372122936152,0.7034953792738459
1100,train-load-0.8-scenario-733-retry-3,0.8,0.8285714285714286,0.5952380952380952,0.8285714285714286,14.800808493459677,1.0464665309747798,0.22626074175249278,0.8181818181818182,0.18181818181818182,0.6923076923076923,0.3076923076923077,9,2,9,4,13,7,11,9,0.26217612624168396,0.05,0.38401660206216526,0.5202366447828516,0.7260633117112542,0.2739366882887458,0.7122847293303647,0.28771527066963537,0.6816141901212225,0.68990121691984,0.27528598446211444,0.7284220993776404,0.3837372122936152,0.7034953792738459
1101,train-load-0.7-scenario-747,0.7,0.8,0.6,0.8,8.336750631830938,0.5132814143745041,0.48671858562549586,0.75,0.25,0.75,0.25,6,2,6,2,8,4,8,6,0.4736543297767639,0.05,,,,,,,,,,,0.3837372122936152,0.7034953792738459
1102,train-load-0.7-scenario-321,0.7,0.6142857142857143,0.2261904761904762,0.6142857142857143,20.13956919085389,1.3526375003664093,0.6473624996335907,1.0,0.0,1.0,0.0,13,0,13,0,13,7,13,13,0.18246978521347046,0.05,,,,,,,,,,,0.3837372122936152,0.7034953792738459
1103,train-load-0.8-scenario-408,0.8,0.685384,0.4880939285714286,0.685384,12.400962894945447,0.831132869744186,0.7688671302558141,0.9,0.1,0.8181818181818182,0.18181818181818182,9,1,9,2,11,7,10,9,0.31543007493019104,0.05,,,,,,,,,,,0.3837372122936152,0.7034953792738459
1104,train-load-0.8-scenario-518,0.8,0.9,0.21428571428571427,0.9,8.731884423113458,0.44875246964623394,0.6623586414648772,0.7777777777777778,0.2222222222222222,0.7777777777777778,0.2222222222222222,7,2,7,2,9,7,9,7,0.49754053354263306,0.05,,,,,,,,,,,0.3837372122936152,0.7034953792738459
1105,train-load-0.8-scenario-273,0.8,0.85,0.6666666666666666,0.85,12.36895138492154,1.105914752114206,0.3940852478857939,0.875,0.125,0.875,0.125,7,1,7,1,8,4,8,7,0.271908700466156,0.05,,,,,,,,,,,0.3837372122936152,0.7034953792738459
1106,train-load-0.8-scenario-214-retry-5,0.8,0.7142857142857143,0.5285714285714286,0.7142857142857143,25.02758327562007,1.64197192688797,0.35802807311203005,1.0,0.0,1.0,0.0,15,0,15,0,15,7,15,15,0.24574942886829376,0.05,,,,,,,,,,,0.3837372122936152,0.7034953792738459
1107,train-load-0.6-scenario-332-retry-2,0.6,0.6666666666666666,0.6666666666666666,0.25,13.74845918448288,1.3768047777243353,0.6231952222756647,1.0,0.0,1.0,0.0,8,0,8,0,8,8,8,8,0.17771202325820923,0.05,,,,,,,,,,,0.3837372122936152,0.7034953792738459
1108,train-hard-4gpu-8pod-1vgpu,0.5,0.5,0.3333333333333333,0.5,16.42232909936926,1.8333333333333335,0.16666666666666663,1.0,0.0,1.0,0.0,8,0,8,0,8,4,8,8,0.5465785264968872,0.05,,,,,,,,,,,0.3837372122936152,0.7034953792738459
1109,train-load-1.0-scenario-434-retry-18,1.0,1.0714285714285714,0.4642857142857143,1.0714285714285714,7.531454932125046,0.2395341278933244,0.4271325387733422,0.6666666666666666,0.3333333333333333,0.5,0.5,6,3,6,6,12,7,9,6,0.3147094249725342,0.05,,,,,,,,,,,0.3837372122936152,0.7034953792738459
1110,train-load-1.0-scenario-667,1.0,1.0,0.625,1.0,16.449852579465126,0.31917455768967573,0.4808254423103242,0.7,0.3,0.7,0.3,14,6,14,6,20,8,20,14,0.6499327421188354,0.05,,,,,,,,,,,0.3837372122936152,0.7034953792738459
1111,train-load-0.7-scenario-448,0.7,0.740136,0.6388389999999999,0.740136,13.503757143874488,1.1615572896683846,0.3939982658871707,0.8888888888888888,0.1111111111111111,0.9,0.1,8,1,9,1,10,5,9,8,0.5017722845077515,0.05,,,,,,,,,,,0.3837372122936152,0.7034953792738459
1112,train-load-0.5-scenario-720-retry-4,0.5,0.4,0.4,0.2,22.108642529327213,1.3692645278282534,0.6307354721717466,1.0,0.0,1.0,0.0,14,0,14,0,14,7,14,14,0.41690799593925476,0.05,,,,,,,,,,,0.3837372122936152,0.7034953792738459
1113,train-load-0.5-scenario-572,0.5,0.5476190476190477,0.5476190476190477,0.25,13.545060542590049,1.3049646797777696,0.6950353202222304,1.0,0.0,1.0,0.0,8,0,8,0,8,7,8,8,0.457292377948761,0.05,,,,,,,,,,,0.3837372122936152,0.7034953792738459
1114,train-load-0.5-scenario-16,0.5,0.4,0.3333333333333333,0.4,18.345130576216103,1.5954368529640128,0.40456314703598717,1.0,0.0,1.0,0.0,10,0,10,0,10,5,10,10,0.29228121042251587,0.05,,,,,,,,,,,0.3837372122936152,0.7034953792738459
1115,train-load-0.6-scenario-712,0.6,0.5886714285714285,0.2918573214285714,0.5886714285714285,13.101491600001545,1.2326390981781603,0.7673609018218397,1.0,0.0,1.0,0.0,8,0,8,0,8,7,8,8,0.3826167583465576,0.05,,,,,,,,,,,0.3837372122936152,0.7034953792738459
1116,train-load-0.7-scenario-531,0.7,0.6,0.1,0.6,19.044119665592333,1.305935991783148,0.6940640082168521,1.0,0.0,1.0,0.0,12,0,12,0,12,5,12,12,0.2485828697681427,0.05,,,,,,,,,,,0.3837372122936152,0.7034953792738459
1117,train-load-0.5-scenario-534,0.5,0.6,0.6,0.54,17.481166115303697,1.6639369608644756,0.3360630391355244,1.0,0.0,1.0,0.0,9,0,9,0,9,5,9,9,0.5304865837097168,0.05,,,,,,,,,,,0.3837372122936152,0.7034953792738459
1118,train-load-0.9-scenario-52,0.9,0.7841991666666667,0.5336375,0.7841991666666667,15.628968908058459,1.125223937946721,0.5111396984169153,0.9090909090909091,0.09090909090909091,0.9090909090909091,0.09090909090909091,10,1,10,1,11,6,11,10,0.31801891326904297,0.05,,,,,,,,,,,0.3837372122936152,0.7034953792738459
1119,train-load-1.0-scenario-217-retry-2,1.0,0.95,0.475,0.95,4.511257040411429,-0.5612404248837439,0.4073942710375901,0.46153846153846156,0.5384615384615384,0.46153846153846156,0.5384615384615384,6,7,6,7,13,8,13,6,0.07074438780546188,0.05,,,,,,,,,,,0.3837372122936152,0.7034953792738459
1120,train-load-0.6-scenario-450-retry-2,0.6,0.6875,0.4583333333333333,0.6875,20.308417452609994,1.731733192064291,0.2682668079357089,1.0,0.0,1.0,0.0,11,0,11,0,11,4,11,11,0.4936833083629608,0.05,,,,,,,,,,,0.3837372122936152,0.7034953792738459
1121,train-load-0.5-scenario-656-retry-2,0.5,0.575,0.575,0.5,15.281860072573826,1.556835118275683,0.443164881724317,1.0,0.0,1.0,0.0,8,0,8,0,8,4,8,8,0.3782169818878174,0.05,,,,,,,,,,,0.3837372122936152,0.7034953792738459
1122,train-load-0.7-scenario-189,0.7,0.75,0.025,0.75,8.949755244540214,0.6096142244020575,0.8903857755979425,0.875,0.125,0.875,0.125,7,1,7,1,8,8,8,7,0.41138458251953125,0.05,,,,,,,,,,,0.3837372122936152,0.7034953792738459
1123,train-load-0.9-scenario-137-retry-1,0.9,1.0,0.06666666666666667,1.0,5.4224562125064715,0.11952042231725168,0.8804795776827483,0.75,0.25,0.75,0.25,6,2,6,2,8,6,8,6,0.13084107637405396,0.05,,,,,,,,,,,0.3837372122936152,0.7034953792738459
1124,train-load-0.5-scenario-128,0.5,0.44400421875000007,0.44400421875000007,0.40046262499999996,13.428205043981231,0.9271676269927924,0.6728323730072078,0.9,0.1,0.9,0.1,9,1,9,1,10,8,10,9,0.5948713421821594,0.05,,,,,,,,,,,0.3837372122936152,0.7034953792738459
1125,train-load-0.7-scenario-326,0.7,0.8125,0.2708333333333333,0.8125,7.4888352396225155,-0.16442947124293794,0.6259679327813995,0.6153846153846154,0.38461538461538464,0.6153846153846154,0.38461538461538464,8,5,8,5,13,8,13,8,0.36616745591163635,0.05,,,,,,,,,,,0.3837372122936152,0.7034953792738459
1126,train-load-0.5-scenario-458-retry-1,0.5,0.6,0.6,0.5142857142857142,17.032680047541252,1.5852619886700272,0.4147380113299729,1.0,0.0,1.0,0.0,9,0,9,0,9,7,9,9,0.12084295600652695,0.05,,,,,,,,,,,0.3837372122936152,0.7034953792738459
1127,train-load-0.5-scenario-18,0.5,0.42584652777777776,0.42584652777777776,0.40759900000000004,12.258227973955105,1.4679446492034594,0.5320553507965406,1.0,0.0,1.0,0.0,6,0,7,0,7,6,6,6,0.2627526521682739,0.05,,,,,,,,,,,0.3837372122936152,0.7034953792738459
1128,train-load-1.0-scenario-657-retry-1,1.0,0.9583333333333334,0.38333333333333336,0.9583333333333334,19.760015190858667,0.34001120527157824,0.6165105338588565,0.7391304347826086,0.2608695652173913,0.7391304347826086,0.2608695652173913,17,6,17,6,23,6,23,17,0.3746758699417114,0.05,,,,,,,,,,,0.3837372122936152,0.7034953792738459
1129,train-load-0.8-scenario-106,0.8,0.9125,0.775,0.9125,8.477925570010374,0.2326071390462937,0.5673928609537062,0.7,0.3,0.7,0.3,7,3,7,3,10,4,10,7,0.3534702658653259,0.05,,,,,,,,,,,0.3837372122936152,0.7034953792738459
1130,train-load-0.9-scenario-56-retry-3,0.9,0.8017764,0.47861166666666666,0.8017764,14.538607354922316,1.2903108700247956,0.7096891299752044,1.0,0.0,1.0,0.0,9,0,9,0,9,5,9,9,0.29535698890686035,0.05,,,,,,,,,,,0.3837372122936152,0.7034953792738459
1131,train-load-0.5-scenario-465-retry-1,0.5,0.6,0.4666666666666667,0.6,19.32900224386063,1.5849570006503866,0.41504299934961353,1.0,0.0,1.0,0.0,11,0,11,0,11,6,11,11,0.5479382872581482,0.05,,,,,,,,,,,0.3837372122936152,0.7034953792738459
1132,train-load-1.0-scenario-40,1.0,0.9946278,0.852984,0.9946278,9.060442810185418,0.30875174042685627,0.6003391686640529,0.7272727272727273,0.2727272727272727,0.6666666666666666,0.3333333333333333,8,3,8,4,12,5,11,8,0.3001443147659302,0.05,,,,,,,,,,,0.3837372122936152,0.7034953792738459
1133,train-load-0.6-scenario-151,0.6,0.7142857142857143,0.38095238095238093,0.7142857142857143,16.321079899861353,1.0594702614269067,0.6071964052397598,0.9166666666666666,0.08333333333333333,0.9166666666666666,0.08333333333333333,11,1,11,1,12,7,12,11,0.49720364809036255,0.05,,,,,,,,,,,0.3837372122936152,0.7034953792738459
1134,train-load-0.5-scenario-52,0.5,0.46355799999999997,0.18262708333333333,0.46355799999999997,9.335766452273283,1.21296695738378,0.78703304261622,1.0,0.0,1.0,0.0,5,0,5,0,5,6,5,5,0.2751113176345825,0.05,,,,,,,,,,,0.3837372122936152,0.7034953792738459
1135,train-load-1.0-scenario-334-retry-1,1.0,0.9428571428571428,0.2785714285714286,0.9428571428571428,8.477886673515176,0.4140334736617416,0.25263319300492515,0.6666666666666666,0.3333333333333333,0.5,0.5,6,3,6,6,12,7,9,6,0.3161209225654602,0.05,,,,,,,,,,,0.3837372122936152,0.7034953792738459
1136,train-load-1.0-scenario-536-retry-1,1.0,1.0077762857142858,0.4507801785714286,1.0077762857142858,9.881156568793049,0.46772392973351706,0.732276070266483,0.8,0.2,0.6666666666666666,0.3333333333333333,8,2,8,4,12,7,10,8,0.2710358500480652,0.05,,,,,,,,,,,0.3837372122936152,0.7034953792738459
1137,train-load-0.8-scenario-438,0.8,0.7328962857142857,0.4641011904761904,0.7328962857142857,12.002535534205792,0.7550498996014534,0.8449501003985466,0.9,0.1,0.8181818181818182,0.18181818181818182,9,1,9,2,11,7,10,9,0.28799110651016235,0.05,,,,,,,,,,,0.3837372122936152,0.7034953792738459
1138,train-load-0.9-scenario-737-retry-2,0.9,1.0,1.0,0.875,3.15064294620508,-0.3456551502382851,0.3456551502382851,0.5,0.5,0.5,0.5,4,4,4,4,8,4,8,4,0.17871913313865662,0.05,,,,,,,,,,,0.3837372122936152,0.7034953792738459
1139,train-load-0.7-scenario-334-retry-1,0.7,0.75,0.5375,0.75,18.616478774481237,1.6819033766562113,0.31809662334378874,1.0,0.0,1.0,0.0,10,0,10,0,10,4,10,10,0.2266252636909485,0.05,,,,,,,,,,,0.3837372122936152,0.7034953792738459
1140,train-load-0.5-scenario-505,0.5,0.5087610714285714,0.5087610714285714,0.4121417142857142,12.08408141139818,1.4699218608628364,0.5300781391371637,1.0,0.0,1.0,0.0,6,0,9,0,9,7,6,6,0.6069415211677551,0.05,,,,,,,,,,,0.3837372122936152,0.7034953792738459
1141,train-load-0.5-scenario-234,0.5,0.45003233333333337,0.3012270833333333,0.45003233333333337,10.425454306110518,1.402394541179682,0.5976054588203178,1.0,0.0,1.0,0.0,5,0,6,0,6,6,5,5,0.275804340839386,0.05,,,,,,,,,,,0.3837372122936152,0.7034953792738459
1142,train-load-0.7-scenario-721,0.7,0.604741,0.6028026041666666,0.604741,18.112883260446054,0.9351400210632641,0.7791456932224503,0.9285714285714286,0.07142857142857142,0.9285714285714286,0.07142857142857142,13,1,13,1,14,8,14,13,0.3271799087524414,0.05,,,,,,,,,,,0.3837372122936152,0.7034953792738459
1143,train-load-0.9-scenario-655,0.9,0.860137,0.659071875,0.860137,8.196534536395907,0.47268350949625126,0.5273164905037487,0.75,0.25,0.75,0.25,6,2,6,2,8,4,8,6,0.42191994190216064,0.05,,,,,,,,,,,0.3837372122936152,0.7034953792738459
1144,train-load-0.5-scenario-646,0.5,0.441717,0.3235957142857143,0.441717,12.28493002722237,1.2919070551784908,0.7080929448215092,1.0,0.0,1.0,0.0,7,0,7,0,7,7,7,7,0.1947556436061859,0.05,,,,,,,,,,,0.3837372122936152,0.7034953792738459
1145,train-load-1.0-scenario-47-retry-2,1.0,0.96,0.96,0.48,20.237137217804964,0.3800294398343861,0.45330389349894734,0.7083333333333334,0.2916666666666667,0.7083333333333334,0.2916666666666667,17,7,17,7,24,5,24,17,0.33197617530822754,0.05,,,,,,,,,,,0.3837372122936152,0.7034953792738459
1146,train-load-0.8-scenario-333-retry-3,0.8,0.6875,0.4583333333333333,0.6875,11.505230405955114,0.5944178395580375,0.31467306953287166,0.7272727272727273,0.2727272727272727,0.7272727272727273,0.2727272727272727,8,3,8,3,11,8,11,8,0.519230842590332,0.05,,,,,,,,,,,0.3837372122936152,0.7034953792738459
1147,train-load-0.8-scenario-559,0.8,0.7596291666666667,0.48195416666666663,0.7596291666666667,12.083657914318788,0.9293411325890771,0.6262144229664784,0.8888888888888888,0.1111111111111111,0.8,0.2,8,1,8,2,10,6,9,8,0.1883518099784851,0.05,,,,,,,,,,,0.3837372122936152,0.7034953792738459
1148,train-load-0.8-scenario-102-retry-5,0.8,0.875,0.875,0.575,14.81109006081442,0.8629173643823462,0.47041596895098736,0.8333333333333334,0.16666666666666666,0.7647058823529411,0.23529411764705882,10,2,13,4,17,8,12,10,0.4380406141281128,0.05,,,,,,,,,,,0.3837372122936152,0.7034953792738459
1149,train-load-0.9-scenario-709,0.9,0.8664984,0.567875,0.8664984,12.487291526247056,1.0066933216018357,0.5488622339537199,0.8888888888888888,0.1111111111111111,0.8,0.2,8,1,8,2,10,5,9,8,0.22595272958278656,0.05,,,,,,,,,,,0.3837372122936152,0.7034953792738459
1150,train-load-0.6-scenario-744,0.6,0.5,0.5,0.3875,17.7362375043798,1.511622562838622,0.48837743716137805,1.0,0.0,1.0,0.0,10,0,10,0,10,8,10,10,0.33556288480758667,0.05,,,,,,,,,,,0.3837372122936152,0.7034953792738459
1151,train-load-0.5-scenario-97,0.5,0.444653125,0.34375093749999996,0.444653125,12.274847140509946,1.2948650238683443,0.7051349761316557,1.0,0.0,1.0,0.0,7,0,8,0,8,8,7,7,0.6023770570755005,0.05,,,,,,,,,,,0.3837372122936152,0.7034953792738459
1152,train-load-0.5-scenario-588-retry-4,0.5,0.5625,0.425,0.5625,18.913415623804305,1.495866267842723,0.5041337321572771,1.0,0.0,1.0,0.0,11,0,11,0,11,8,11,11,0.4917987585067749,0.05,,,,,,,,,,,0.3837372122936152,0.7034953792738459
1153,train-load-0.8-scenario-508-retry-1,0.8,0.9,0.9,0.9,14.283397164690744,0.23156479535102026,0.43510187131564637,0.6666666666666666,0.3333333333333333,0.6666666666666666,0.3333333333333333,12,6,12,6,18,8,18,12,0.29028570652008057,0.05,,,,,,,,,,,0.3837372122936152,0.7034953792738459
1154,train-load-1.0-scenario-743,1.0,0.885618,0.6577135416666667,0.885618,11.009636964532302,0.1874488915573458,0.6696939655855114,0.7142857142857143,0.2857142857142857,0.6875,0.3125,10,4,11,5,16,8,14,10,0.524746298789978,0.05,,,,,,,,,,,0.3837372122936152,0.7034953792738459
1155,train-load-0.5-scenario-540-retry-1,0.5,0.467062,0.2554798611111111,0.467062,9.523119890825697,1.2392269997754484,0.7607730002245516,1.0,0.0,1.0,0.0,5,0,6,0,6,6,5,5,0.25636184215545654,0.05,,,,,,,,,,,0.3837372122936152,0.7034953792738459
1156,train-load-1.0-scenario-526,1.0,0.8897011666666667,0.5726375,0.8897011666666667,11.433139808227352,0.5225766213622317,0.7501506513650411,0.8181818181818182,0.18181818181818182,0.75,0.25,9,2,9,3,12,6,11,9,0.4672603905200958,0.05,,,,,,,,,,,0.3837372122936152,0.7034953792738459
1157,train-load-0.5-scenario-602,0.5,0.47478216666666667,0.33510972222222224,0.47478216666666667,11.507560556313088,1.3750134171261879,0.624986582873812,1.0,0.0,1.0,0.0,6,0,7,0,7,6,6,6,0.2697506546974182,0.05,,,,,,,,,,,0.3837372122936152,0.7034953792738459
1158,train-hard-8gpu-16pod-1vgpu,0.5,0.5,0.3333333333333333,0.5,25.597159049521142,1.5387055078389387,0.46129449216106144,1.0,0.0,1.0,0.0,16,0,16,0,16,8,16,16,0.4274999797344208,0.05,,,,,,,,,,,0.3837372122936152,0.7034953792738459
1159,train-load-0.9-scenario-549-retry-1,0.9,0.9857142857142858,0.7428571428571429,0.9857142857142858,12.574474515866262,0.01781715799290695,0.6488495086737597,0.6666666666666666,0.3333333333333333,0.6666666666666666,0.3333333333333333,12,6,12,6,18,7,18,12,0.4061635136604309,0.05,,,,,,,,,,,0.3837372122936152,0.7034953792738459
1160,train-load-0.6-scenario-477,0.6,0.512710875,0.4311510416666667,0.512710875,15.361467231239567,1.350668919305994,0.649331080694006,1.0,0.0,1.0,0.0,9,0,10,0,10,8,9,9,0.43150192499160767,0.05,,,,,,,,,,,0.3837372122936152,0.7034953792738459
1161,train-load-0.9-scenario-364-retry-6,0.9,0.9428571428571428,0.2857142857142857,0.9428571428571428,6.036659100825935,0.021495938927429514,0.6451707277392371,0.6666666666666666,0.3333333333333333,0.5,0.5,6,3,6,6,12,7,9,6,0.2536756098270416,0.05,,,,,,,,,,,0.3837372122936152,0.7034953792738459
1162,train-load-1.0-scenario-358,1.0,0.9035402857142857,0.7456953571428572,0.9035402857142857,11.958777595361285,0.24562907022915909,0.8972280726279838,0.7857142857142857,0.21428571428571427,0.6875,0.3125,11,3,11,5,16,7,14,11,0.2757478356361389,0.05,,,,,,,,,,,0.3837372122936152,0.7034953792738459
1163,train-load-0.5-scenario-393-retry-11,0.5,0.5625,0.05625,0.5625,11.665836790349065,0.8971254888276948,0.6584300667278606,0.8888888888888888,0.1111111111111111,0.8888888888888888,0.1111111111111111,8,1,8,1,9,8,9,8,0.44142788648605347,0.05,,,,,,,,,,,0.3837372122936152,0.7034953792738459
1164,train-load-0.5-scenario-224,0.5,0.4518,0.3905594642857143,0.4518,13.428670099375298,1.2387128446153062,0.7612871553846938,1.0,0.0,1.0,0.0,8,0,8,0,8,7,8,8,0.3162580132484436,0.05,,,,,,,,,,,0.3837372122936152,0.7034953792738459
1165,train-load-1.0-scenario-588-retry-6,1.0,0.9166666666666666,0.8125,0.9166666666666666,-0.5926613788180082,-1.2584321523051827,0.9250988189718494,0.4166666666666667,0.5833333333333334,0.4166666666666667,0.5833333333333334,5,7,5,7,12,6,12,5,0.4261358082294464,0.05,,,,,,,,,,,0.3837372122936152,0.7034953792738459
1166,train-load-0.6-scenario-136,0.6,0.572447875,0.3844932291666667,0.572447875,16.62209542584734,1.3685232584597617,0.6314767415402384,1.0,0.0,1.0,0.0,10,0,10,0,10,8,10,10,0.19440315663814545,0.05,,,,,,,,,,,0.3837372122936152,0.7034953792738459
1167,train-load-0.8-scenario-404,0.8,0.8916666666666667,0.8833333333333333,0.8916666666666667,10.422589797023612,-0.0016274896581822684,0.5016274896581823,0.625,0.375,0.625,0.375,10,6,10,6,16,6,16,10,0.3695734143257141,0.05,,,,,,,,,,,0.3837372122936152,0.7034953792738459
1168,train-load-1.0-scenario-582-retry-1,1.0,1.0,0.8333333333333334,1.0,6.406271938153637,0.004779805489532052,0.39522019451046786,0.6,0.4,0.6,0.4,6,4,6,4,10,6,10,6,0.4314686954021454,0.05,,,,,,,,,,,0.3837372122936152,0.7034953792738459
1169,train-load-0.5-scenario-20,0.5,0.4782641666666667,0.37889930555555557,0.4782641666666667,11.490953048613543,1.3882120856988924,0.6117879143011076,1.0,0.0,1.0,0.0,6,0,7,0,7,6,6,6,0.27214157581329346,0.05,,,,,,,,,,,0.3837372122936152,0.7034953792738459
1170,train-load-0.9-scenario-371-retry-3,0.9,1.0,1.0,0.4,4.2586886305403935,-0.6158811119556125,0.6158811119556125,0.5,0.5,0.5,0.5,7,7,7,7,14,7,14,7,0.5477488040924072,0.05,,,,,,,,,,,0.3837372122936152,0.7034953792738459
1171,train-load-0.8-scenario-596-retry-5,0.8,0.9166666666666666,0.9166666666666666,0.45625,7.031349974316752,0.31346920789665145,0.6865307921033486,0.75,0.25,0.6363636363636364,0.36363636363636365,6,2,7,4,11,8,8,6,0.2145581841468811,0.05,,,,,,,,,,,0.3837372122936152,0.7034953792738459
1172,train-load-0.7-scenario-673,0.7,0.672543,0.31706944444444446,0.672543,6.40125758730384,0.544148338749419,0.7891849945839144,0.8333333333333334,0.16666666666666666,0.75,0.25,5,1,6,2,8,6,6,5,0.27424341440200806,0.05,,,,,,,,,,,0.3837372122936152,0.7034953792738459
1173,train-load-0.9-scenario-94-retry-1,0.9,0.8333333333333334,0.8333333333333334,0.75,7.858308631655383,0.2969957396755183,0.36967092699114834,0.6666666666666666,0.3333333333333333,0.6363636363636364,0.36363636363636365,6,3,7,4,11,5,9,6,0.601360559463501,0.05,,,,,,,,,,,0.3837372122936152,0.7034953792738459
1174,train-load-0.7-scenario-204-retry-3,0.7,0.78125,0.5625,0.78125,4.548202019720114,-0.300884399586112,0.300884399586112,0.5,0.5,0.5,0.5,5,5,5,5,10,8,10,5,0.5155465602874756,0.05,,,,,,,,,,,0.3837372122936152,0.7034953792738459
1175,train-load-0.5-scenario-472,0.5,0.471676,0.3375790625,0.471676,14.553518076023575,1.450216744473257,0.5497832555267429,1.0,0.0,1.0,0.0,8,0,9,0,9,8,8,8,0.1281082034111023,0.05,,,,,,,,,,,0.3837372122936152,0.7034953792738459
1176,train-load-1.0-scenario-315-retry-9,1.0,0.9375,0.375,0.9375,6.756690971900112,-0.3391509460031876,0.472484279336521,0.5333333333333333,0.4666666666666667,0.5333333333333333,0.4666666666666667,8,7,8,7,15,8,15,8,0.33741915225982666,0.05,,,,,,,,,,,0.3837372122936152,0.7034953792738459
1177,train-load-0.9-scenario-695-retry-3,0.9,1.0,1.0,0.3,5.6060931219807735,-0.3352141790977582,0.6685475124310916,0.5833333333333334,0.4166666666666667,0.5833333333333334,0.4166666666666667,7,5,7,5,12,8,12,7,0.3078787922859192,0.05,,,,,,,,,,,0.3837372122936152,0.7034953792738459
1178,train-load-1.0-scenario-734-retry-5,1.0,1.0625,0.53125,1.0625,5.970589723755236,-0.5909585516197297,0.4733114927962002,0.47058823529411764,0.5294117647058824,0.47058823529411764,0.5294117647058824,8,9,8,9,17,8,17,8,0.4716823101043701,0.05,,,,,,,,,,,0.3837372122936152,0.7034953792738459
1179,train-load-0.5-scenario-689-retry-4,0.5,0.5952380952380952,0.5952380952380952,0.4,9.288345425813837,0.3442060760762732,0.8557939239237269,0.8,0.2,0.8,0.2,8,2,8,2,10,7,10,8,0.23866185545921326,0.05,,,,,,,,,,,0.3837372122936152,0.7034953792738459
1180,train-load-0.6-scenario-163,0.6,0.56325225,0.45168463541666665,0.56325225,16.830424141162915,1.3949136054068334,0.6050863945931667,1.0,0.0,1.0,0.0,10,0,12,0,12,8,10,10,0.3198714852333069,0.05,,,,,,,,,,,0.3837372122936152,0.7034953792738459
1181,train-load-0.7-scenario-270,0.7,0.6008416,0.29185,0.6008416,12.061291553978482,1.4599640533781493,0.5400359466218507,1.0,0.0,1.0,0.0,6,0,6,0,6,5,6,6,0.2497197985649109,0.05,,,,,,,,,,,0.3837372122936152,0.7034953792738459
1182,train-load-0.7-scenario-325,0.7,0.75,0.75,0.75,11.944350937468297,0.7933673790912569,0.4066326209087432,0.8,0.2,0.8,0.2,8,2,8,2,10,5,10,8,0.2956625521183014,0.05,,,,,,,,,,,0.3837372122936152,0.7034953792738459
1183,train-load-1.0-scenario-666-retry-3,1.0,1.0625,0.9125,1.0625,10.901370084765853,-0.1789255605939023,0.3789255605939024,0.55,0.45,0.55,0.45,11,9,11,9,20,8,20,11,0.19612181186676025,0.05,,,,,,,,,,,0.3837372122936152,0.7034953792738459
1184,train-load-0.7-scenario-180,0.7,0.6272881944444444,0.6272881944444444,0.5093593333333333,12.479720908622662,1.3499642000715704,0.6500357999284295,1.0,0.0,1.0,0.0,7,0,9,0,9,6,7,7,0.32650226354599,0.05,,,,,,,,,,,0.3837372122936152,0.7034953792738459
1185,train-load-0.5-scenario-230-retry-2,0.5,0.5,0.4857142857142857,0.5,4.468696993063764,-0.11282936429504065,0.6128293642950406,0.625,0.375,0.625,0.375,5,3,5,3,8,7,8,5,0.27738505601882935,0.05,,,,,,,,,,,0.3837372122936152,0.7034953792738459
1186,train-load-1.0-scenario-235-retry-3,1.0,0.9758007499999999,0.790023125,0.9758007499999999,8.110067223077582,0.21141218853761434,0.5885878114623856,0.7,0.3,0.7,0.3,7,3,7,3,10,4,10,7,0.412916362285614,0.05,,,,,,,,,,,0.3837372122936152,0.7034953792738459
1187,train-load-0.7-scenario-358-retry-1,0.7,0.75,0.25,0.75,6.533554173602008,0.23364500594689552,0.7663549940531045,0.75,0.25,0.75,0.25,6,2,6,2,8,8,8,6,0.2541503310203552,0.05,,,,,,,,,,,0.3837372122936152,0.7034953792738459
1188,train-load-0.9-scenario-100-retry-1,0.9,1.0,1.0,0.46,7.419842458736447,0.18424139776731108,0.6157586022326889,0.7,0.3,0.7,0.3,7,3,7,3,10,5,10,7,0.2691957354545593,0.05,,,,,,,,,,,0.3837372122936152,0.7034953792738459
1189,train-load-0.5-scenario-79,0.5,0.4642857142857143,0.15476190476190477,0.4642857142857143,17.294812093545772,1.4670207365146757,0.5329792634853242,1.0,0.0,1.0,0.0,10,0,10,0,10,7,10,10,0.3005419373512268,0.05,,,,,,,,,,,0.3837372122936152,0.7034953792738459
1190,train-load-0.8-scenario-529,0.8,0.7038737500000001,0.43967875,0.7038737500000001,18.508378220050083,1.319413262258517,0.6805867377414829,1.0,0.0,1.0,0.0,12,0,12,0,12,8,12,12,0.28438329696655273,0.05,,,,,,,,,,,0.3837372122936152,0.7034953792738459
1191,train-load-0.9-scenario-1-retry-4,0.9,0.92,0.36666666666666664,0.92,7.903491671111788,0.26991852641190284,0.13008147358809713,0.6,0.4,0.6,0.4,6,4,6,4,10,5,10,6,0.24281394481658936,0.05,,,,,,,,,,,0.3837372122936152,0.7034953792738459
1192,train-load-0.6-scenario-40,0.6,0.6666666666666666,0.6666666666666666,0.2,10.153372698220602,0.797443848784823,0.702556151215177,0.875,0.125,0.875,0.125,7,1,7,1,8,8,8,7,0.3135308027267456,0.05,,,,,,,,,,,0.3837372122936152,0.7034953792738459
1193,train-load-0.8-scenario-29-retry-3,0.8,0.7857142857142857,0.7714285714285715,0.7857142857142857,5.2799206547828375,-0.3746819779864131,0.7080153113197465,0.5833333333333334,0.4166666666666667,0.5833333333333334,0.4166666666666667,7,5,7,5,12,7,12,7,0.2972274124622345,0.05,,,,,,,,,,,0.3837372122936152,0.7034953792738459
1194,train-load-0.9-scenario-144,0.9,0.8667348749999999,0.51397296875,0.8667348749999999,11.102721560596136,0.5378774492818496,0.7348498234454233,0.8181818181818182,0.18181818181818182,0.6923076923076923,0.3076923076923077,9,2,9,4,13,8,11,9,0.2650657892227173,0.05,,,,,,,,,,,0.3837372122936152,0.7034953792738459
1195,train-load-1.0-scenario-490,1.0,1.0,1.0,0.9285714285714286,11.985728360425306,0.7777463709876954,0.4222536290123046,0.8,0.2,0.7333333333333333,0.26666666666666666,8,2,11,4,15,7,10,8,0.521641731262207,0.05,,,,,,,,,,,0.3837372122936152,0.7034953792738459
1196,train-load-0.7-scenario-208-retry-1,0.7,0.8,0.5333333333333333,0.8,5.539217773996224,0.08382208912270106,0.416177910877299,0.625,0.375,0.625,0.375,5,3,5,3,8,5,8,5,0.2837899923324585,0.05,,,,,,,,,,,0.3837372122936152,0.7034953792738459
1197,train-load-0.9-scenario-624,0.9,0.7991214999999999,0.4860416666666667,0.7991214999999999,6.9520099840068355,0.5989794146424503,0.7343539186908832,0.8333333333333334,0.16666666666666666,0.8333333333333334,0.16666666666666666,5,1,5,1,6,4,6,5,0.14302273094654083,0.05,,,,,,,,,,,0.3837372122936152,0.7034953792738459
1198,train-load-0.9-scenario-39-retry-1,0.9,0.7881643333333334,0.45781145833333337,0.7881643333333334,11.836319075000839,0.8876649723513231,0.6678905832042323,0.8888888888888888,0.1111111111111111,0.8,0.2,8,1,8,2,10,6,9,8,0.5287711024284363,0.05,,,,,,,,,,,0.3837372122936152,0.7034953792738459
1199,train-load-0.9-scenario-199,0.9,1.0,1.0,1.0,17.187649320371783,0.1572454592239686,0.3427545407760314,0.625,0.375,0.625,0.375,15,9,15,9,24,6,24,15,0.39587628841400146,0.05,,,,,,,,,,,0.3837372122936152,0.7034953792738459
1200,train-load-0.6-scenario-663,0.6,0.5785226250000001,0.37289,0.5785226250000001,15.281514449263323,1.1781437050056693,0.8218562949943307,1.0,0.0,1.0,0.0,10,0,10,0,10,8,10,10,0.26694077253341675,0.05,0.3803421091011508,0.5309067047375634,0.7278122034596787,0.27218779654032144,0.7128797636391749,0.28712023636082507,0.6782226796279457,0.6994294478546375,0.2763045993421588,0.7165632801941767,0.3837372122936152,0.7034953792738459
1201,train-load-0.9-scenario-576-retry-2,0.9,0.9166666666666666,0.9166666666666666,0.55,24.49167869894029,0.988986893153602,0.28374037957367093,0.8181818181818182,0.18181818181818182,0.8181818181818182,0.18181818181818182,18,4,18,4,22,4,22,18,0.37656962871551514,0.05,,,,,,,,,,,0.3837372122936152,0.7034953792738459
1202,train-load-0.7-scenario-530,0.7,0.6391725714285715,0.31101249999999997,0.6391725714285715,13.226450676740011,1.2736236773038527,0.7263763226961473,1.0,0.0,1.0,0.0,8,0,8,0,8,7,8,8,0.3857635259628296,0.05,,,,,,,,,,,0.3837372122936152,0.7034953792738459
1203,train-load-0.5-scenario-494,0.5,0.6125,0.240625,0.6125,10.431215188187283,0.812038662439754,0.687961337560246,0.875,0.125,0.8181818181818182,0.18181818181818182,7,1,9,2,11,8,8,7,0.24215146899223328,0.05,,,,,,,,,,,0.3837372122936152,0.7034953792738459
1204,train-load-0.8-scenario-347-retry-3,0.8,0.75,0.16666666666666666,0.75,15.69130805237939,0.9494232872075384,0.7172433794591281,0.9166666666666666,0.08333333333333333,0.9166666666666666,0.08333333333333333,11,1,11,1,12,6,12,11,0.3585236072540283,0.05,,,,,,,,,,,0.3837372122936152,0.7034953792738459
1205,train-load-0.5-scenario-471,0.5,0.5571428571428572,0.45,0.5571428571428572,16.430695447330063,1.4881486995922037,0.5118513004077963,1.0,0.0,1.0,0.0,9,0,9,0,9,7,9,9,0.44159966707229614,0.05,,,,,,,,,,,0.3837372122936152,0.7034953792738459
1206,train-load-0.8-scenario-309-retry-3,0.8,0.9,0.3,0.9,7.306194746709487,0.24000732652150847,0.4266593401451582,0.6666666666666666,0.3333333333333333,0.6666666666666666,0.3333333333333333,6,3,6,3,9,6,9,6,0.3032459020614624,0.05,,,,,,,,,,,0.3837372122936152,0.7034953792738459
1207,train-load-0.9-scenario-104-retry-2,0.9,0.9571428571428572,0.5119047619047619,0.9571428571428572,6.6792349768471775,-0.2552589367016458,0.4091050905477995,0.5384615384615384,0.46153846153846156,0.5384615384615384,0.46153846153846156,7,6,7,6,13,7,13,7,0.38389456272125244,0.05,,,,,,,,,,,0.3837372122936152,0.7034953792738459
1208,train-load-0.5-scenario-9,0.5,0.45991875,0.3376348958333333,0.45991875,9.430014381027625,1.401420557224685,0.598579442775315,1.0,0.0,1.0,0.0,4,0,4,0,4,4,4,4,0.36040547490119934,0.05,,,,,,,,,,,0.3837372122936152,0.7034953792738459
1209,train-load-0.8-scenario-146,0.8,0.70909475,0.57568125,0.70909475,6.9934890674904135,0.5896202458996229,0.7437130874337106,0.8333333333333334,0.16666666666666666,0.7142857142857143,0.2857142857142857,5,1,5,2,7,4,6,5,0.22758719325065613,0.05,,,,,,,,,,,0.3837372122936152,0.7034953792738459
1210,train-load-0.9-scenario-736,0.9,0.7832905714285714,0.40436500000000003,0.7832905714285714,14.950199552648495,1.0337745701970091,0.6025890661666271,0.9090909090909091,0.09090909090909091,0.9090909090909091,0.09090909090909091,10,1,10,1,11,7,11,10,0.4101220369338989,0.05,,,,,,,,,,,0.3837372122936152,0.7034953792738459
1211,train-load-0.5-scenario-661,0.5,0.6,0.3333333333333333,0.6,10.851095666477917,0.9029176640874699,0.5970823359125301,0.875,0.125,0.875,0.125,7,1,7,1,8,6,8,7,0.3197314739227295,0.05,,,,,,,,,,,0.3837372122936152,0.7034953792738459
1212,train-load-0.8-scenario-317-retry-3,0.8,0.75,0.6,0.75,27.62062959692564,0.9836228470243347,0.3497104863089988,0.8333333333333334,0.16666666666666666,0.8333333333333334,0.16666666666666666,20,4,20,4,24,8,24,20,0.20066264271736145,0.05,,,,,,,,,,,0.3837372122936152,0.7034953792738459
1213,train-load-1.0-scenario-707,1.0,0.8907478333333334,0.7044570833333333,0.8907478333333334,15.766743012078381,0.9040152592556707,0.48060012535971397,0.8461538461538461,0.15384615384615385,0.8461538461538461,0.15384615384615385,11,2,11,2,13,6,13,11,0.2618299722671509,0.05,,,,,,,,,,,0.3837372122936152,0.7034953792738459
1214,train-load-0.8-scenario-662,0.8,0.75,0.2,0.75,14.130560447053945,0.352823375832678,0.647176624167322,0.75,0.25,0.75,0.25,12,4,12,4,16,8,16,12,0.22821182012557983,0.05,,,,,,,,,,,0.3837372122936152,0.7034953792738459
1215,train-load-0.6-scenario-593-retry-2,0.6,0.7,0.5,0.7,14.313416665881594,1.440703589529847,0.559296410470153,1.0,0.0,1.0,0.0,8,0,8,0,8,4,8,8,0.2875376045703888,0.05,,,,,,,,,,,0.3837372122936152,0.7034953792738459
1216,train-load-1.0-scenario-102-retry-6,1.0,0.92,0.8333333333333334,0.92,11.445637028614538,0.486478544346567,0.513521455653433,0.75,0.25,0.75,0.25,9,3,9,3,12,5,12,9,0.472876638174057,0.05,,,,,,,,,,,0.3837372122936152,0.7034953792738459
1217,train-load-0.8-scenario-747,0.8,0.8888888888888888,0.8888888888888888,0.3333333333333333,1.336674315673601,-0.6795873820643217,0.6795873820643217,0.5,0.5,0.5,0.5,4,4,4,4,8,6,8,4,0.3094613552093506,0.05,,,,,,,,,,,0.3837372122936152,0.7034953792738459
1218,train-load-0.7-scenario-639,0.7,0.7260251666666666,0.5272341666666667,0.7260251666666666,11.820339734637411,0.8781950597083074,0.6773604958472481,0.8888888888888888,0.1111111111111111,0.8,0.2,8,1,8,2,10,6,9,8,0.3961201310157776,0.05,,,,,,,,,,,0.3837372122936152,0.7034953792738459
1219,train-load-0.6-scenario-491,0.6,0.5362232499999999,0.365415,0.5362232499999999,9.015563501956816,1.4253916426219897,0.5746083573780103,1.0,0.0,1.0,0.0,4,0,5,0,5,4,4,4,0.39117372035980225,0.05,,,,,,,,,,,0.3837372122936152,0.7034953792738459
1220,train-load-0.6-scenario-327,0.6,0.5359026041666667,0.5359026041666667,0.479666,13.075614373881438,1.6064803836019133,0.39351961639808686,1.0,0.0,1.0,0.0,6,0,6,0,6,4,6,6,0.565714955329895,0.05,,,,,,,,,,,0.3837372122936152,0.7034953792738459
1221,train-load-1.0-scenario-304-retry-31,1.0,0.9761904761904762,0.9761904761904762,0.7428571428571429,13.42897929552452,0.8222448517379081,0.4504824209893647,0.8181818181818182,0.18181818181818182,0.8,0.2,9,2,12,3,15,7,11,9,0.23506289720535278,0.05,,,,,,,,,,,0.3837372122936152,0.7034953792738459
1222,train-load-0.5-scenario-350,0.5,0.42857142857142855,0.2857142857142857,0.42857142857142855,21.044455235748977,1.5883748939609563,0.41162510603904356,1.0,0.0,1.0,0.0,12,0,12,0,12,7,12,12,0.29277917742729187,0.05,,,,,,,,,,,0.3837372122936152,0.7034953792738459
1223,train-load-1.0-scenario-628,1.0,0.9462443333333335,0.7462284722222221,0.9462443333333335,10.446752762384643,0.274521206974515,0.4947095622562542,0.6923076923076923,0.3076923076923077,0.6428571428571429,0.35714285714285715,9,4,9,5,14,6,13,9,0.2848436236381531,0.05,,,,,,,,,,,0.3837372122936152,0.7034953792738459
1224,train-load-1.0-scenario-566-retry-1,1.0,0.9356428333333334,0.6570666666666667,0.9356428333333334,10.868771150933302,0.40059856091287205,0.599401439087128,0.75,0.25,0.6923076923076923,0.3076923076923077,9,3,9,4,13,6,12,9,0.5082640647888184,0.05,,,,,,,,,,,0.3837372122936152,0.7034953792738459
1225,train-load-0.9-scenario-517-retry-1,0.9,0.7978252499999999,0.410616875,0.7978252499999999,16.54765452211661,1.063124477585391,0.6035421890812755,0.9166666666666666,0.08333333333333333,0.9166666666666666,0.08333333333333333,11,1,11,1,12,8,12,11,0.31881073117256165,0.05,,,,,,,,,,,0.3837372122936152,0.7034953792738459
1226,train-hard-4gpu-4pod-2vgpu,0.25,0.25,0.16666666666666666,0.25,11.587203884117226,1.9166666666666665,0.08333333333333337,1.0,0.0,1.0,0.0,4,0,8,0,8,4,4,4,0.4734591841697693,0.05,,,,,,,,,,,0.3837372122936152,0.7034953792738459
1227,train-load-1.0-scenario-287-retry-18,1.0,1.05,0.63,1.05,12.122962777681465,-0.13015646994982943,0.41587075566411513,0.5714285714285714,0.42857142857142855,0.5714285714285714,0.42857142857142855,12,9,12,9,21,5,21,12,0.310930073261261,0.05,,,,,,,,,,,0.3837372122936152,0.7034953792738459
1228,train-load-0.9-scenario-97,0.9,0.85302175,0.5617821875,0.85302175,16.254219465478595,0.7900682619920457,0.6385031665793828,0.8571428571428571,0.14285714285714285,0.8666666666666667,0.13333333333333333,12,2,13,2,15,8,14,12,0.25725868344306946,0.05,,,,,,,,,,,0.3837372122936152,0.7034953792738459
1229,train-load-0.5-scenario-725-retry-1,0.5,0.470304,0.30449017857142857,0.470304,10.729606679253493,1.4512690965127577,0.5487309034872424,1.0,0.0,1.0,0.0,5,0,7,0,7,7,5,5,0.5710318684577942,0.05,,,,,,,,,,,0.3837372122936152,0.7034953792738459
1230,train-load-0.5-scenario-628,0.5,0.4359805,0.31209131944444446,0.4359805,6.636305945409971,0.4827775086144767,0.8505558247188567,0.8333333333333334,0.16666666666666666,0.8333333333333334,0.16666666666666666,5,1,5,1,6,6,6,5,0.5434353351593018,0.05,,,,,,,,,,,0.3837372122936152,0.7034953792738459
1231,train-load-0.7-scenario-75-retry-1,0.7,0.7777777777777778,0.7777777777777778,0.6833333333333333,14.058307576599388,1.0769874538295927,0.5230125461704075,0.9,0.1,0.9,0.1,9,1,9,1,10,6,10,9,0.20029368996620178,0.05,,,,,,,,,,,0.3837372122936152,0.7034953792738459
1232,train-load-1.0-scenario-141,1.0,0.903326,0.64191625,0.903326,8.685995211220465,0.867882608829458,0.4654507245038755,0.8333333333333334,0.16666666666666666,0.75,0.25,5,1,6,2,8,4,6,5,0.35956713557243347,0.05,,,,,,,,,,,0.3837372122936152,0.7034953792738459
1233,train-load-0.5-scenario-149-retry-2,0.5,0.5714285714285714,0.38095238095238093,0.5714285714285714,26.11859627365139,1.5848599159780745,0.4151400840219254,1.0,0.0,1.0,0.0,16,0,16,0,16,7,16,16,0.281564861536026,0.05,,,,,,,,,,,0.3837372122936152,0.7034953792738459
1234,train-load-1.0-scenario-386-retry-3,1.0,1.1,1.1,0.9166666666666666,6.022330776530839,-0.14652698271094122,0.328345164529123,0.5454545454545454,0.45454545454545453,0.5454545454545454,0.45454545454545453,6,5,12,10,22,6,11,6,0.2842162549495697,0.05,,,,,,,,,,,0.3837372122936152,0.7034953792738459
1235,train-load-0.9-scenario-534-retry-1,0.9,0.8125,0.15625,0.8125,13.08670078603456,0.16220131712515973,0.6613280946395462,0.7058823529411765,0.29411764705882354,0.7058823529411765,0.29411764705882354,12,5,12,5,17,8,17,12,0.4426017999649048,0.05,,,,,,,,,,,0.3837372122936152,0.7034953792738459
1236,train-load-0.5-scenario-711-retry-1,0.5,0.6,0.5,0.6,16.901957998038633,1.5870866951844396,0.41291330481556043,1.0,0.0,1.0,0.0,9,0,9,0,9,6,9,9,0.6637269258499146,0.05,,,,,,,,,,,0.3837372122936152,0.7034953792738459
1237,train-load-0.6-scenario-490,0.6,0.597465,0.597465,0.3971608,11.901632702204775,1.441958667019672,0.558041332980328,1.0,0.0,1.0,0.0,6,0,7,0,7,5,6,6,0.3670945465564728,0.05,,,,,,,,,,,0.3837372122936152,0.7034953792738459
1238,train-load-0.7-scenario-238-retry-3,0.7,0.7395833333333334,0.7395833333333334,0.55,15.741671861799494,1.1866137592190105,0.4497498771446258,0.9090909090909091,0.09090909090909091,0.9090909090909091,0.09090909090909091,10,1,10,1,11,4,11,10,0.47222888469696045,0.05,,,,,,,,,,,0.3837372122936152,0.7034953792738459
1239,train-load-0.5-scenario-171-retry-1,0.5,0.4,0.1375,0.4,14.20569818454323,1.4202671806537928,0.5797328193462071,1.0,0.0,1.0,0.0,8,0,8,0,8,4,8,8,0.33066707849502563,0.05,,,,,,,,,,,0.3837372122936152,0.7034953792738459
1240,train-load-1.0-scenario-10-retry-9,1.0,1.0,0.625,1.0,3.459482493792991,-0.47049854492133814,0.4704985449213381,0.5,0.5,0.5,0.5,5,5,10,10,20,8,10,5,0.3315611481666565,0.05,,,,,,,,,,,0.3837372122936152,0.7034953792738459
1241,train-load-0.9-scenario-99,0.9,0.9260685,0.45284625,0.9260685,4.763969514967417,0.41555088109823746,0.7844491189017626,0.8,0.2,0.7142857142857143,0.2857142857142857,4,1,5,2,7,4,5,4,0.292265921831131,0.05,,,,,,,,,,,0.3837372122936152,0.7034953792738459
1242,train-load-0.5-scenario-511-retry-2,0.5,0.5714285714285714,0.38095238095238093,0.5714285714285714,12.554851750489805,1.1613063859124053,0.3386936140875946,0.875,0.125,0.875,0.125,7,1,7,1,8,7,8,7,0.25975191593170166,0.05,,,,,,,,,,,0.3837372122936152,0.7034953792738459
1243,train-load-0.8-scenario-709,0.8,0.7439453333333332,0.4712694444444445,0.7439453333333332,13.364337459657868,0.9637362178446032,0.6362637821553969,0.9,0.1,0.9,0.1,9,1,9,1,10,6,10,9,0.22382012009620667,0.05,,,,,,,,,,,0.3837372122936152,0.7034953792738459
1244,train-load-1.0-scenario-136-retry-1,1.0,0.9190336,0.8656795833333334,0.9190336,10.197361076488743,0.6680227625847841,0.44308834852632695,0.7777777777777778,0.2222222222222222,0.6666666666666666,0.3333333333333333,7,2,8,4,12,5,9,7,0.33041542768478394,0.05,,,,,,,,,,,0.3837372122936152,0.7034953792738459
1245,train-load-0.9-scenario-592-retry-6,0.9,0.8333333333333334,0.8333333333333334,0.3333333333333333,6.015323210447805,-0.03448459373871349,0.43448459373871345,0.6,0.4,0.6,0.4,6,4,6,4,10,6,10,6,0.3759876489639282,0.05,,,,,,,,,,,0.3837372122936152,0.7034953792738459
1246,train-load-0.8-scenario-185,0.8,0.7168191666666667,0.7168191666666667,0.6658172,7.964752487461279,0.3505099559765059,0.7606011551346052,0.7777777777777778,0.2222222222222222,0.7777777777777778,0.2222222222222222,7,2,7,2,9,5,9,7,0.4360153079032898,0.05,,,,,,,,,,,0.3837372122936152,0.7034953792738459
1247,train-load-0.6-scenario-20-retry-4,0.6,0.5583333333333333,0.5,0.5583333333333333,19.237419864018385,1.5529215030678274,0.4470784969321725,1.0,0.0,1.0,0.0,11,0,11,0,11,6,11,11,0.4149100184440613,0.05,,,,,,,,,,,0.3837372122936152,0.7034953792738459
1248,train-load-0.7-scenario-373-retry-1,0.7,0.65,0.65,0.4,10.628264102090352,0.5545908479681781,0.6454091520318219,0.8,0.2,0.8,0.2,8,2,8,2,10,8,10,8,0.5671473741531372,0.05,,,,,,,,,,,0.3837372122936152,0.7034953792738459
1249,train-load-0.9-scenario-353-retry-5,0.9,0.9428571428571428,0.9428571428571428,0.8571428571428571,16.160717881441023,1.12246330620201,0.21087002713132358,0.8333333333333334,0.16666666666666666,0.7777777777777778,0.2222222222222222,10,2,14,4,18,7,12,10,0.4133986830711365,0.05,,,,,,,,,,,0.3837372122936152,0.7034953792738459
1250,train-load-1.0-scenario-703,1.0,1.025,0.8125,1.025,4.392408084401275,-0.7938293002210423,0.7938293002210423,0.5,0.5,0.5,0.5,8,8,8,8,16,8,16,8,0.3989996016025543,0.05,,,,,,,,,,,0.3837372122936152,0.7034953792738459
1251,train-load-0.8-scenario-478,0.8,0.7037395,0.6035486111111111,0.7037395,15.294154502433283,1.2173483866585095,0.7826516133414905,1.0,0.0,1.0,0.0,10,0,11,0,11,6,10,10,0.15608321130275726,0.05,,,,,,,,,,,0.3837372122936152,0.7034953792738459
1252,train-load-0.6-scenario-51,0.6,0.6666666666666666,0.05555555555555555,0.6666666666666666,6.819423878040268,0.31666108937224813,0.6833389106277519,0.75,0.25,0.75,0.25,6,2,6,2,8,6,8,6,0.4238929748535156,0.05,,,,,,,,,,,0.3837372122936152,0.7034953792738459
1253,train-load-0.7-scenario-1,0.7,0.7796215,0.5940046875,0.7796215,5.987690740578058,0.281290452281696,0.5758524048611612,0.7142857142857143,0.2857142857142857,0.7142857142857143,0.2857142857142857,5,2,5,2,7,4,7,5,0.16856800019741058,0.05,,,,,,,,,,,0.3837372122936152,0.7034953792738459
1254,train-load-0.8-scenario-519,0.8,0.6817554285714286,0.4248660714285714,0.6817554285714286,17.99215818930449,1.4085719454419263,0.5914280545580736,1.0,0.0,1.0,0.0,11,0,11,0,11,7,11,11,0.3655901551246643,0.05,,,,,,,,,,,0.3837372122936152,0.7034953792738459
1255,train-hard-4gpu-4pod-2vgpu,0.25,0.25,0.16666666666666666,0.25,11.616666666666667,1.9166666666666665,0.08333333333333337,1.0,0.0,1.0,0.0,4,0,8,0,8,4,4,4,0.27448195219039917,0.05,,,,,,,,,,,0.3837372122936152,0.7034953792738459
1256,train-load-0.8-scenario-114,0.8,0.9,0.375,0.9,6.404383822411015,0.08441345029596292,0.5822532163707037,0.6666666666666666,0.3333333333333333,0.6666666666666666,0.3333333333333333,6,3,6,3,9,4,9,6,0.410145103931427,0.05,,,,,,,,,,,0.3837372122936152,0.7034953792738459
1257,train-load-0.8-scenario-620,0.8,0.798756625,0.33154249999999996,0.798756625,11.441404140689148,0.8363502496299758,0.7192053059255795,0.8888888888888888,0.1111111111111111,0.8181818181818182,0.18181818181818182,8,1,9,2,11,8,9,8,0.17463931441307068,0.05,,,,,,,,,,,0.3837372122936152,0.7034953792738459
1258,train-load-0.6-scenario-576,0.6,0.6111111111111112,0.6111111111111112,0.3333333333333333,14.897836967879368,1.4836387289723991,0.5163612710276009,1.0,0.0,1.0,0.0,8,0,8,0,8,6,8,8,0.4377930164337158,0.05,,,,,,,,,,,0.3837372122936152,0.7034953792738459
1259,train-load-1.0-scenario-581-retry-4,1.0,1.08,0.6,1.08,11.042526573428889,0.3857483603750953,0.6142516396249047,0.75,0.25,0.6666666666666666,0.3333333333333333,9,3,12,6,18,5,12,9,0.4944901466369629,0.05,,,,,,,,,,,0.3837372122936152,0.7034953792738459
1260,train-load-0.5-scenario-173,0.5,0.46385000000000004,0.2996655,0.46385000000000004,8.226125545532284,1.2495706528385027,0.7504293471614973,1.0,0.0,1.0,0.0,4,0,5,0,5,5,4,4,0.2606969177722931,0.05,,,,,,,,,,,0.3837372122936152,0.7034953792738459
1261,train-load-0.5-scenario-284,0.5,0.5714285714285714,0.34285714285714286,0.5714285714285714,14.716310872122051,1.4845575978748706,0.5154424021251293,1.0,0.0,1.0,0.0,8,0,8,0,8,7,8,8,0.28730159997940063,0.05,,,,,,,,,,,0.3837372122936152,0.7034953792738459
1262,train-load-0.9-scenario-67,0.9,0.9857142857142858,0.7857142857142857,0.9857142857142858,4.743556311402921,-0.625311053470983,0.49197772013764973,0.4666666666666667,0.5333333333333333,0.4666666666666667,0.5333333333333333,7,8,7,8,15,7,15,7,0.1925860345363617,0.05,,,,,,,,,,,0.3837372122936152,0.7034953792738459
1263,train-load-1.0-scenario-746-retry-3,1.0,0.9046215000000001,0.748843125,0.9046215000000001,11.77595002722443,0.31708968039415386,0.7598333965289231,0.7692307692307693,0.23076923076923078,0.7142857142857143,0.2857142857142857,10,3,10,4,14,6,13,10,0.49691981077194214,0.05,,,,,,,,,,,0.3837372122936152,0.7034953792738459
1264,train-load-1.0-scenario-496,1.0,1.01056075,0.678005,1.01056075,8.910240064052108,0.5481131125325119,0.5629979985785992,0.7777777777777778,0.2222222222222222,0.7777777777777778,0.2222222222222222,7,2,7,2,9,4,9,7,0.3644056022167206,0.05,,,,,,,,,,,0.3837372122936152,0.7034953792738459
1265,train-load-0.7-scenario-89-retry-1,0.7,0.7,0.675,0.7,12.11178806725386,1.09652856578562,0.4034714342143799,0.875,0.125,0.875,0.125,7,1,7,1,8,4,8,7,0.4832650125026703,0.05,,,,,,,,,,,0.3837372122936152,0.7034953792738459
1266,train-load-0.6-scenario-9-retry-1,0.6,0.6875,0.34375,0.6875,10.84656933131386,0.5163880564682446,0.3927028526226646,0.7272727272727273,0.2727272727272727,0.7272727272727273,0.2727272727272727,8,3,8,3,11,8,11,8,0.31271737813949585,0.05,,,,,,,,,,,0.3837372122936152,0.7034953792738459
1267,train-load-0.7-scenario-46,0.7,0.6875,0.625,0.6875,19.854995107053703,1.1671361521360784,0.29953051453058843,0.8666666666666667,0.13333333333333333,0.8666666666666667,0.13333333333333333,13,2,13,2,15,8,15,13,0.26719510555267334,0.05,,,,,,,,,,,0.3837372122936152,0.7034953792738459
1268,train-load-0.6-scenario-400-retry-1,0.6,0.6217898333333334,0.40913784722222224,0.6217898333333334,13.386099401504698,1.4791905525332414,0.5208094474667586,1.0,0.0,1.0,0.0,7,0,8,0,8,6,7,7,0.4155079126358032,0.05,,,,,,,,,,,0.3837372122936152,0.7034953792738459
1269,train-load-0.7-scenario-60-retry-1,0.7,0.8,0.3333333333333333,0.8,7.1813076683969355,0.3648159722886266,0.6351840277113734,0.75,0.25,0.75,0.25,6,2,6,2,8,6,8,6,0.44044339656829834,0.05,,,,,,,,,,,0.3837372122936152,0.7034953792738459
1270,train-load-0.8-scenario-91,0.8,0.9166666666666666,0.9166666666666666,0.375,8.785853321593606,-0.14146151112412086,0.5414615111241208,0.6,0.4,0.6,0.4,9,6,9,6,15,8,15,9,0.41806623339653015,0.05,,,,,,,,,,,0.3837372122936152,0.7034953792738459
1271,train-load-0.8-scenario-9,0.8,0.8538225,0.4378572916666667,0.8538225,5.406065301866025,0.27942777692971454,0.38723888973695203,0.6666666666666666,0.3333333333333333,0.6666666666666666,0.3333333333333333,4,2,4,2,6,4,6,4,0.369610071182251,0.05,,,,,,,,,,,0.3837372122936152,0.7034953792738459
1272,train-load-0.6-scenario-399,0.6,0.5608995,0.4216815625,0.5608995,15.540002828884159,1.1967608890794896,0.8032391109205104,1.0,0.0,1.0,0.0,10,0,11,0,11,8,10,10,0.4466869533061981,0.05,,,,,,,,,,,0.3837372122936152,0.7034953792738459
1273,train-load-0.9-scenario-33,0.9,0.89294,0.4037295,0.89294,6.779081492218037,0.2755888545073226,0.7244111454926774,0.75,0.25,0.75,0.25,6,2,6,2,8,5,8,6,0.6260896921157837,0.05,,,,,,,,,,,0.3837372122936152,0.7034953792738459
1274,train-load-1.0-scenario-519,1.0,1.0857142857142856,0.4523809523809524,1.0857142857142856,10.112732697720038,-0.31807120891069807,0.6338606825949087,0.5789473684210527,0.42105263157894735,0.5789473684210527,0.42105263157894735,11,8,11,8,19,7,19,11,0.35498589277267456,0.05,,,,,,,,,,,0.3837372122936152,0.7034953792738459
1275,train-load-0.7-scenario-677,0.7,0.6172295714285714,0.3460925595238095,0.6172295714285714,12.307471627128525,1.2705347870725219,0.7294652129274782,1.0,0.0,1.0,0.0,7,0,8,0,8,7,7,7,0.21699973940849304,0.05,,,,,,,,,,,0.3837372122936152,0.7034953792738459
1276,train-load-1.0-scenario-64-retry-7,1.0,0.9857142857142858,0.9857142857142858,0.8214285714285714,19.762648981763377,0.443991604293154,0.3386170913590198,0.6956521739130435,0.30434782608695654,0.6956521739130435,0.30434782608695654,16,7,16,7,23,7,23,16,0.2527551054954529,0.05,,,,,,,,,,,0.3837372122936152,0.7034953792738459
1277,train-load-0.9-scenario-71-retry-1,0.9,0.8287842500000001,0.733028125,0.8287842500000001,4.418328040113902,0.02586749738464167,0.8312753597582155,0.7142857142857143,0.2857142857142857,0.625,0.375,5,2,5,3,8,4,7,5,0.20323367416858673,0.05,,,,,,,,,,,0.3837372122936152,0.7034953792738459
1278,train-load-1.0-scenario-655-retry-1,1.0,0.9347875000000001,0.9347875000000001,0.8275166,9.75169983753299,0.2991364571624596,0.6099544519284495,0.7272727272727273,0.2727272727272727,0.6666666666666666,0.3333333333333333,8,3,8,4,12,5,11,8,0.26406461000442505,0.05,,,,,,,,,,,0.3837372122936152,0.7034953792738459
1279,train-load-0.9-scenario-62-retry-4,0.9,0.9666666666666667,0.9333333333333333,0.9666666666666667,8.118475320021313,0.42528469125438284,0.5747153087456172,0.75,0.25,0.6666666666666666,0.3333333333333333,6,2,8,4,12,6,8,6,0.22435297071933746,0.05,,,,,,,,,,,0.3837372122936152,0.7034953792738459
1280,train-load-0.6-scenario-230-retry-1,0.6,0.6857142857142857,0.5238095238095238,0.6857142857142857,7.604876274194625,0.15129807831849396,0.648701921681506,0.7,0.3,0.7,0.3,7,3,7,3,10,7,10,7,0.21690256893634796,0.05,,,,,,,,,,,0.3837372122936152,0.7034953792738459
1281,train-load-1.0-scenario-740,1.0,1.0833333333333333,1.0833333333333333,0.9625,1.6110393829696024,-0.6448706518046916,0.6448706518046916,0.5,0.5,0.42857142857142855,0.5714285714285714,4,4,6,8,14,8,8,4,0.22962871193885803,0.05,,,,,,,,,,,0.3837372122936152,0.7034953792738459
1282,train-load-1.0-scenario-169-retry-2,1.0,1.1111111111111112,1.1111111111111112,0.6666666666666666,3.2105318911481606,-0.5454691523162202,0.5454691523162202,0.5,0.5,0.5,0.5,5,5,5,5,10,6,10,5,0.18729227781295776,0.05,,,,,,,,,,,0.3837372122936152,0.7034953792738459
1283,train-load-1.0-scenario-16,1.0,1.0714285714285714,1.0714285714285714,0.21428571428571427,4.609099485450426,-0.6320964893376192,0.4987631560042859,0.4666666666666667,0.5333333333333333,0.4666666666666667,0.5333333333333333,7,8,7,8,15,7,15,7,0.19219574332237244,0.05,,,,,,,,,,,0.3837372122936152,0.7034953792738459
1284,train-load-0.8-scenario-370,0.8,0.9,0.435,0.9,5.14076338580137,0.015435667966520406,0.48456433203347954,0.625,0.375,0.625,0.375,5,3,5,3,8,5,8,5,0.44213348627090454,0.05,,,,,,,,,,,0.3837372122936152,0.7034953792738459
1285,train-load-0.9-scenario-288,0.9,0.8143028333333333,0.5794995833333334,0.8143028333333333,20.092201601435942,1.727104136175881,0.2728958638241189,1.0,0.0,1.0,0.0,11,0,12,0,12,6,11,11,0.2695730924606323,0.05,,,,,,,,,,,0.3837372122936152,0.7034953792738459
1286,train-load-0.9-scenario-356-retry-1,0.9,0.9285714285714286,0.9285714285714286,0.18571428571428572,4.93320357344583,-0.49329253137271745,0.6471386852188712,0.5384615384615384,0.46153846153846156,0.5384615384615384,0.46153846153846156,7,6,7,6,13,7,13,7,0.18835042417049408,0.05,,,,,,,,,,,0.3837372122936152,0.7034953792738459
1287,train-load-0.9-scenario-666,0.9,1.0,1.0,0.75,10.948128725856897,0.4612713423362208,0.20539532433044583,0.6666666666666666,0.3333333333333333,0.6666666666666666,0.3333333333333333,8,4,8,4,12,4,12,8,0.39272236824035645,0.05,,,,,,,,,,,0.3837372122936152,0.7034953792738459
1288,train-load-0.8-scenario-338,0.8,0.717834,0.5648741666666667,0.717834,10.32084597376207,0.833994473844939,0.666005526155061,0.875,0.125,0.7777777777777778,0.2222222222222222,7,1,7,2,9,5,8,7,0.27893808484077454,0.05,,,,,,,,,,,0.3837372122936152,0.7034953792738459
1289,train-load-1.0-scenario-121,1.0,1.00952125,0.5868709375,1.00952125,13.029791137456822,0.4389856960741341,0.7038714467830087,0.7857142857142857,0.21428571428571427,0.75,0.25,11,3,12,4,16,8,14,11,0.2898170053958893,0.05,,,,,,,,,,,0.3837372122936152,0.7034953792738459
1290,train-hard-8gpu-16pod-1vgpu,0.5,0.5,0.3333333333333333,0.5,27.21738182198293,1.8333333333333335,0.16666666666666663,1.0,0.0,1.0,0.0,16,0,16,0,16,8,16,16,0.21400803327560425,0.05,,,,,,,,,,,0.3837372122936152,0.7034953792738459
1291,train-load-0.7-scenario-459,0.7,0.599164857142857,0.2988858928571429,0.599164857142857,9.844390819924985,1.064798743662824,0.9352012563371762,1.0,0.0,1.0,0.0,6,0,8,0,8,7,6,6,0.4152418076992035,0.05,,,,,,,,,,,0.3837372122936152,0.7034953792738459
1292,train-load-1.0-scenario-729-retry-7,1.0,1.1,1.0,1.1,2.836594308297193,-0.38350841571213856,0.38350841571213856,0.5,0.5,0.5,0.5,4,4,4,4,8,4,8,4,0.32949984073638916,0.05,,,,,,,,,,,0.3837372122936152,0.7034953792738459
1293,train-load-0.6-scenario-67,0.6,0.6078688,0.46913449999999995,0.6078688,13.74073464431641,1.352667836425162,0.6473321635748379,1.0,0.0,1.0,0.0,8,0,8,0,8,5,8,8,0.21137163043022156,0.05,,,,,,,,,,,0.3837372122936152,0.7034953792738459
1294,train-load-0.6-scenario-531,0.6,0.6666666666666666,0.26666666666666666,0.6666666666666666,7.955408071652843,0.45254653411893564,0.5474534658810644,0.75,0.25,0.75,0.25,6,2,6,2,8,6,8,6,0.26847341656684875,0.05,,,,,,,,,,,0.3837372122936152,0.7034953792738459
1295,train-load-0.8-scenario-675,0.8,0.701293,0.3679346875,0.701293,12.375344691797642,0.9446421377313557,0.6109134178241996,0.8888888888888888,0.1111111111111111,0.8333333333333334,0.16666666666666666,8,1,10,2,12,8,9,8,0.3002376854419708,0.05,,,,,,,,,,,0.3837372122936152,0.7034953792738459
1296,train-load-0.8-scenario-62,0.8,0.7487892,0.3305633333333333,0.7487892,6.548894598318119,0.6858171769803895,0.5141828230196105,0.8,0.2,0.7142857142857143,0.2857142857142857,4,1,5,2,7,5,5,4,0.2372225672006607,0.05,,,,,,,,,,,0.3837372122936152,0.7034953792738459
1297,train-load-0.6-scenario-383,0.6,0.5416666666666666,0.5416666666666666,0.25,16.4369124807779,1.3499769078195458,0.6500230921804542,1.0,0.0,1.0,0.0,10,0,10,0,10,8,10,10,0.34168705344200134,0.05,,,,,,,,,,,0.3837372122936152,0.7034953792738459
1298,train-load-0.8-scenario-395-retry-4,0.8,0.875,0.8333333333333334,0.875,8.75429770377619,0.12041876309778254,0.5462479035688841,0.6666666666666666,0.3333333333333333,0.6666666666666666,0.3333333333333333,8,4,8,4,12,8,12,8,0.40218958258628845,0.05,,,,,,,,,,,0.3837372122936152,0.7034953792738459
1299,train-load-1.0-scenario-144-retry-1,1.0,1.0625,0.5833333333333334,1.0625,2.3792851442943084,-0.4522219017077128,0.4522219017077128,0.5,0.5,0.5,0.5,4,4,4,4,8,4,8,4,0.1755400002002716,0.05,,,,,,,,,,,0.3837372122936152,0.7034953792738459
1300,train-load-0.6-scenario-565,0.6,0.640959,0.35364199999999996,0.640959,9.094810717019744,1.2515093078167967,0.7484906921832033,1.0,0.0,1.0,0.0,5,0,6,0,6,5,5,5,0.46269622445106506,0.05,0.37965383968861627,0.5221305767251057,0.7254461041034306,0.27455389589656953,0.7107595547369729,0.2892404452630269,0.6695838026148384,0.6743057503718755,0.28360222523946177,0.7217934143127592,0.3837372122936152,0.7034953792738459
1301,train-load-0.8-scenario-332-retry-2,0.8,0.9166666666666666,0.6111111111111112,0.9166666666666666,5.5735831969156795,-0.24514064767933996,0.42695882949752173,0.5454545454545454,0.45454545454545453,0.5454545454545454,0.45454545454545453,6,5,6,5,11,6,11,6,0.12208566814661026,0.05,,,,,,,,,,,0.3837372122936152,0.7034953792738459
1302,train-load-0.6-scenario-468,0.6,0.5590728749999999,0.3252734375,0.5590728749999999,12.921575707799455,1.196237277145032,0.803762722854968,1.0,0.0,1.0,0.0,8,0,9,0,9,8,8,8,0.4455040991306305,0.05,,,,,,,,,,,0.3837372122936152,0.7034953792738459
1303,train-load-0.7-scenario-294,0.7,0.7857142857142857,0.7857142857142857,0.6285714285714286,8.785435748577196,0.2618999706708577,0.28355457478368773,0.6363636363636364,0.36363636363636365,0.6363636363636364,0.36363636363636365,7,4,7,4,11,7,11,7,0.31715863943099976,0.05,,,,,,,,,,,0.3837372122936152,0.7034953792738459
1304,train-load-0.6-scenario-266,0.6,0.61284325,0.40044583333333333,0.61284325,9.377042783326205,1.4303394246528283,0.5696605753471717,1.0,0.0,1.0,0.0,4,0,5,0,5,4,4,4,0.3031032085418701,0.05,,,,,,,,,,,0.3837372122936152,0.7034953792738459
1305,train-load-0.5-scenario-364,0.5,0.5714285714285714,0.5714285714285714,0.2857142857142857,17.575124844326588,1.5060135424940762,0.49398645750592374,1.0,0.0,1.0,0.0,10,0,10,0,10,7,10,10,0.39822137355804443,0.05,,,,,,,,,,,0.3837372122936152,0.7034953792738459
1306,train-load-0.6-scenario-703,0.6,0.56,0.56,0.56,24.735238482176698,1.7780275073787737,0.22197249262122629,1.0,0.0,1.0,0.0,14,0,14,0,14,5,14,14,0.3803623914718628,0.05,,,,,,,,,,,0.3837372122936152,0.7034953792738459
1307,train-load-0.6-scenario-427,0.6,0.606630125,0.39452656249999996,0.606630125,17.08967556337965,1.25213784329119,0.7478621567088098,1.0,0.0,1.0,0.0,11,0,11,0,11,8,11,11,0.5834656357765198,0.05,,,,,,,,,,,0.3837372122936152,0.7034953792738459
1308,train-load-0.6-scenario-256,0.6,0.5188674,0.39761,0.5188674,7.882497021790149,1.2210353213827085,0.7789646786172914,1.0,0.0,1.0,0.0,4,0,6,0,6,5,4,4,0.4013252854347229,0.05,,,,,,,,,,,0.3837372122936152,0.7034953792738459
1309,train-load-0.5-scenario-496,0.5,0.44346892857142856,0.44346892857142856,0.402688,14.489106222498243,1.4055249039277093,0.5944750960722907,1.0,0.0,1.0,0.0,8,0,8,0,8,7,8,8,0.41000133752822876,0.05,,,,,,,,,,,0.3837372122936152,0.7034953792738459
1310,train-load-0.5-scenario-509,0.5,0.45821843749999996,0.45821843749999996,0.42996975,15.93543930260708,1.243509934275086,0.7564900657249141,1.0,0.0,1.0,0.0,10,0,10,0,10,8,10,10,0.22634901106357574,0.05,,,,,,,,,,,0.3837372122936152,0.7034953792738459
1311,train-load-0.7-scenario-635-retry-1,0.7,0.7571428571428571,0.19047619047619047,0.7571428571428571,7.964257546827405,0.4196946017817105,0.5803053982182895,0.75,0.25,0.6923076923076923,0.3076923076923077,6,2,9,4,13,7,8,6,0.44295740127563477,0.05,,,,,,,,,,,0.3837372122936152,0.7034953792738459
1312,train-load-0.7-scenario-197-retry-3,0.7,0.8,0.8,0.65,8.812992596773906,0.08259126634425928,0.5840754003224073,0.6666666666666666,0.3333333333333333,0.6666666666666666,0.3333333333333333,8,4,8,4,12,6,12,8,0.40731847286224365,0.05,,,,,,,,,,,0.3837372122936152,0.7034953792738459
1313,train-load-0.9-scenario-393,0.9,1.0,0.2777777777777778,1.0,4.8376853393390515,-0.24447793890998015,0.6444779389099801,0.6,0.4,0.6,0.4,6,4,6,4,10,6,10,6,0.3004123270511627,0.05,,,,,,,,,,,0.3837372122936152,0.7034953792738459
1314,train-load-0.5-scenario-411-retry-2,0.5,0.5142857142857142,0.5142857142857142,0.5142857142857142,17.071259431997564,1.5964371520618794,0.4035628479381205,1.0,0.0,1.0,0.0,9,0,9,0,9,7,9,9,0.25218021869659424,0.05,,,,,,,,,,,0.3837372122936152,0.7034953792738459
1315,train-load-0.6-scenario-613,0.6,0.5241605714285714,0.4459761904761904,0.5241605714285714,12.906801518797081,1.3380831197029577,0.6619168802970423,1.0,0.0,1.0,0.0,7,0,9,0,9,7,7,7,0.5164236426353455,0.05,,,,,,,,,,,0.3837372122936152,0.7034953792738459
1316,train-load-0.6-scenario-529,0.6,0.5307744,0.35801791666666666,0.5307744,11.433255155092358,1.5861785102726542,0.4138214897273458,1.0,0.0,1.0,0.0,5,0,6,0,6,5,5,5,0.3265953063964844,0.05,,,,,,,,,,,0.3837372122936152,0.7034953792738459
1317,train-hard-4gpu-4pod-1vgpu,0.25,0.25,0.16666666666666666,0.25,11.544497883017963,1.9166666666666665,0.08333333333333337,1.0,0.0,1.0,0.0,4,0,4,0,4,4,4,4,0.3141998052597046,0.05,,,,,,,,,,,0.3837372122936152,0.7034953792738459
1318,train-load-0.7-scenario-674,0.7,0.66768925,0.5010603125,0.66768925,13.286159924742455,0.9330250493582819,0.6669749506417182,0.9,0.1,0.8333333333333334,0.16666666666666666,9,1,10,2,12,8,10,9,0.14762261509895325,0.05,,,,,,,,,,,0.3837372122936152,0.7034953792738459
1319,train-load-1.0-scenario-571-retry-2,1.0,0.9428571428571428,0.9428571428571428,0.6285714285714286,24.585857098046702,0.8676599034693872,0.40506736925788567,0.8181818181818182,0.18181818181818182,0.8181818181818182,0.18181818181818182,18,4,18,4,22,7,22,18,0.5470472574234009,0.05,,,,,,,,,,,0.3837372122936152,0.7034953792738459
1320,train-load-0.9-scenario-257,0.9,0.95,0.95,0.475,17.16466066672597,0.4078047712671372,0.5395636497854943,0.7368421052631579,0.2631578947368421,0.7368421052631579,0.2631578947368421,14,5,14,5,19,8,19,14,0.29840102791786194,0.05,,,,,,,,,,,0.3837372122936152,0.7034953792738459
1321,train-load-0.7-scenario-494,0.7,0.7714285714285715,0.7714285714285715,0.5142857142857142,10.683797149869875,0.7632680911217746,0.34784301998933653,0.7777777777777778,0.2222222222222222,0.7777777777777778,0.2222222222222222,7,2,7,2,9,7,9,7,0.2712477445602417,0.05,,,,,,,,,,,0.3837372122936152,0.7034953792738459
1322,train-load-0.7-scenario-658-retry-1,0.7,0.6166666666666667,0.2013888888888889,0.6166666666666667,25.59860952369821,1.3255457597636742,0.6744542402363259,1.0,0.0,1.0,0.0,17,0,17,0,17,6,17,17,0.300662100315094,0.05,,,,,,,,,,,0.3837372122936152,0.7034953792738459
1323,train-load-0.9-scenario-714,0.9,0.9333333333333333,0.9333333333333333,0.8166666666666667,7.357054803516737,0.10613593059352855,0.6938640694064714,0.7,0.3,0.7,0.3,7,3,7,3,10,6,10,7,0.26490655541419983,0.05,,,,,,,,,,,0.3837372122936152,0.7034953792738459
1324,train-load-0.9-scenario-275-retry-1,0.9,0.8220367500000001,0.49390625,0.8220367500000001,6.693346089035655,0.5832772375666848,0.7500560957666487,0.8333333333333334,0.16666666666666666,0.8571428571428571,0.14285714285714285,5,1,6,1,7,4,6,5,0.26066112518310547,0.05,,,,,,,,,,,0.3837372122936152,0.7034953792738459
1325,train-load-0.6-scenario-33,0.6,0.6295108333333334,0.51096,0.6295108333333334,13.077077611830402,1.459892042140735,0.5401079578592649,1.0,0.0,1.0,0.0,7,0,10,0,10,6,7,7,0.32907167077064514,0.05,,,,,,,,,,,0.3837372122936152,0.7034953792738459
1326,train-load-0.9-scenario-535-retry-1,0.9,0.78192825,0.538459375,0.78192825,10.383420089774045,0.9936192320742511,0.4349521964971774,0.8571428571428571,0.14285714285714285,0.75,0.25,6,1,6,2,8,4,7,6,0.35749587416648865,0.05,,,,,,,,,,,0.3837372122936152,0.7034953792738459
1327,train-load-0.8-scenario-624-retry-4,0.8,0.7142857142857143,0.35714285714285715,0.7142857142857143,21.144526106221736,1.2366854458660028,0.49664788746733046,0.9333333333333333,0.06666666666666667,0.9333333333333333,0.06666666666666667,14,1,14,1,15,7,15,14,0.2143610566854477,0.05,,,,,,,,,,,0.3837372122936152,0.7034953792738459
1328,train-load-0.8-scenario-590,0.8,0.685760625,0.685760625,0.5883393333333333,12.415510608921625,0.9581039255033895,0.597451630052166,0.8888888888888888,0.1111111111111111,0.8181818181818182,0.18181818181818182,8,1,9,2,11,6,9,8,0.3081417977809906,0.05,,,,,,,,,,,0.3837372122936152,0.7034953792738459
1329,train-load-0.7-scenario-92,0.7,0.6134715,0.51389921875,0.6134715,17.09467052786255,1.419809850854156,0.5801901491458441,1.0,0.0,1.0,0.0,10,0,12,0,12,8,10,10,0.2951052784919739,0.05,,,,,,,,,,,0.3837372122936152,0.7034953792738459
1330,train-hard-4gpu-4pod-2vgpu,0.25,0.25,0.16666666666666666,0.25,11.616666666666667,1.9166666666666665,0.08333333333333337,1.0,0.0,1.0,0.0,4,0,8,0,8,4,4,4,0.3958377242088318,0.05,,,,,,,,,,,0.3837372122936152,0.7034953792738459
1331,train-load-0.5-scenario-596-retry-2,0.5,0.4,0.24166666666666667,0.4,31.792746009427738,1.594340271876756,0.405659728123244,1.0,0.0,1.0,0.0,20,0,20,0,20,5,20,20,0.2323567271232605,0.05,,,,,,,,,,,0.3837372122936152,0.7034953792738459
1332,train-load-0.5-scenario-537,0.5,0.48920437499999997,0.45691421875,0.48920437499999997,16.018205996832258,1.4579660738020295,0.5420339261979705,1.0,0.0,1.0,0.0,9,0,10,0,10,8,9,9,0.2512235939502716,0.05,,,,,,,,,,,0.3837372122936152,0.7034953792738459
1333,train-load-1.0-scenario-320,1.0,0.8894311428571429,0.5541214285714285,0.8894311428571429,16.189940485888087,1.0194300466932378,0.6472366199734286,0.9166666666666666,0.08333333333333333,0.8461538461538461,0.15384615384615385,11,1,11,2,13,7,12,11,0.16855084896087646,0.05,,,,,,,,,,,0.3837372122936152,0.7034953792738459
1334,train-load-0.6-scenario-216,0.6,0.7,0.7,0.56,20.86214926262831,1.3170938341484457,0.3971918801372688,0.9285714285714286,0.07142857142857142,0.9285714285714286,0.07142857142857142,13,1,13,1,14,5,14,13,0.20259058475494385,0.05,,,,,,,,,,,0.3837372122936152,0.7034953792738459
1335,train-load-0.5-scenario-3-retry-1,0.5,0.5333333333333333,0.13333333333333333,0.5333333333333333,24.17466192742666,1.3151363654191777,0.6848636345808223,1.0,0.0,1.0,0.0,16,0,16,0,16,6,16,16,0.29558616876602173,0.05,,,,,,,,,,,0.3837372122936152,0.7034953792738459
1336,train-load-0.6-scenario-503,0.6,0.48,0.48,0.24,20.97116000287402,1.5882220321695517,0.4117779678304483,1.0,0.0,1.0,0.0,12,0,12,0,12,5,12,12,0.437990665435791,0.05,,,,,,,,,,,0.3837372122936152,0.7034953792738459
1337,train-load-0.8-scenario-688,0.8,0.8017186000000001,0.55684,0.8017186000000001,11.941437026463577,0.9205285800496205,0.635026975505935,0.8888888888888888,0.1111111111111111,0.8888888888888888,0.1111111111111111,8,1,8,1,9,5,9,8,0.21875567734241486,0.05,,,,,,,,,,,0.3837372122936152,0.7034953792738459
1338,train-load-0.7-scenario-439,0.7,0.7857142857142857,0.18928571428571428,0.7857142857142857,7.005282707664249,0.32492209395141214,0.6750779060485879,0.75,0.25,0.6363636363636364,0.36363636363636365,6,2,7,4,11,7,8,6,0.409534215927124,0.05,,,,,,,,,,,0.3837372122936152,0.7034953792738459
1339,train-load-0.6-scenario-31-retry-2,0.6,0.625,0.625,0.35,18.51877588253719,1.1807525069832239,0.5115551853244686,0.9230769230769231,0.07692307692307693,0.9230769230769231,0.07692307692307693,12,1,12,1,13,8,13,12,0.26748383045196533,0.05,,,,,,,,,,,0.3837372122936152,0.7034953792738459
1340,train-load-0.9-scenario-686,0.9,0.8333333333333334,0.8333333333333334,0.625,20.102326840999552,0.6763072196618194,0.3236927803381807,0.75,0.25,0.75,0.25,15,5,15,5,20,8,20,15,0.3543837070465088,0.05,,,,,,,,,,,0.3837372122936152,0.7034953792738459
1341,train-load-0.5-scenario-317,0.5,0.48190666666666665,0.3683445833333333,0.48190666666666665,11.999723291770994,1.4241586602878686,0.5758413397121315,1.0,0.0,1.0,0.0,6,0,7,0,7,6,6,6,0.5057957172393799,0.05,,,,,,,,,,,0.3837372122936152,0.7034953792738459
1342,train-load-1.0-scenario-507,1.0,0.8829914062499999,0.8829914062499999,0.844709125,14.699246610673582,0.28277565259463044,0.7760478768171342,0.7647058823529411,0.23529411764705882,0.65,0.35,13,4,13,7,20,8,17,13,0.30914071202278137,0.05,,,,,,,,,,,0.3837372122936152,0.7034953792738459
1343,train-load-0.6-scenario-739,0.6,0.70110375,0.468634375,0.70110375,7.887585242148571,0.7275782476570325,0.605755085676301,0.8333333333333334,0.16666666666666666,0.8333333333333334,0.16666666666666666,5,1,5,1,6,4,6,5,0.2567872703075409,0.05,,,,,,,,,,,0.3837372122936152,0.7034953792738459
1344,train-load-0.8-scenario-166,0.8,0.9166666666666666,0.9166666666666666,0.55,7.277631716433147,0.00892227442420146,0.536532271030344,0.6363636363636364,0.36363636363636365,0.6363636363636364,0.36363636363636365,7,4,7,4,11,8,11,7,0.3680081367492676,0.05,,,,,,,,,,,0.3837372122936152,0.7034953792738459
1345,train-load-0.7-scenario-354,0.7,0.8,0.6666666666666666,0.8,11.809549167668624,0.4889354453349063,0.5110645546650937,0.75,0.25,0.75,0.25,9,3,9,3,12,6,12,9,0.2564782202243805,0.05,,,,,,,,,,,0.3837372122936152,0.7034953792738459
1346,train-load-0.6-scenario-164-retry-4,0.6,0.5,0.3333333333333333,0.5,31.78757585819875,1.6371818987618239,0.3628181012381762,1.0,0.0,1.0,0.0,20,0,20,0,20,8,20,20,0.31643927097320557,0.05,,,,,,,,,,,0.3837372122936152,0.7034953792738459
1347,train-load-1.0-scenario-504,1.0,0.9785504999999999,0.8551390625,0.9785504999999999,8.79563065073197,0.41030423291549234,0.3896957670845076,0.7,0.3,0.7,0.3,7,3,7,3,10,4,10,7,0.3677862286567688,0.05,,,,,,,,,,,0.3837372122936152,0.7034953792738459
1348,train-load-0.7-scenario-64,0.7,0.6146522,0.39004583333333337,0.6146522,6.124973733679686,0.4841743631368142,0.8491589701965192,0.8333333333333334,0.16666666666666666,0.8333333333333334,0.16666666666666666,5,1,5,1,6,5,6,5,0.2694939374923706,0.05,,,,,,,,,,,0.3837372122936152,0.7034953792738459
1349,train-load-0.7-scenario-508-retry-2,0.7,0.6,0.5625,0.6,21.28236803315801,1.4759716729042944,0.5240283270957056,1.0,0.0,1.0,0.0,13,0,13,0,13,8,13,13,0.16515901684761047,0.05,,,,,,,,,,,0.3837372122936152,0.7034953792738459
1350,train-load-0.5-scenario-469,0.5,0.43487395833333337,0.43487395833333337,0.41173675,9.596386639487394,1.4509993684661397,0.5490006315338603,1.0,0.0,1.0,0.0,4,0,5,0,5,4,4,4,0.22137749195098877,0.05,,,,,,,,,,,0.3837372122936152,0.7034953792738459
1351,train-load-0.5-scenario-462-retry-1,0.5,0.6,0.45,0.6,16.938238630005422,1.5861694188853344,0.41383058111466553,1.0,0.0,1.0,0.0,9,0,9,0,9,5,9,9,0.3856409192085266,0.05,,,,,,,,,,,0.3837372122936152,0.7034953792738459
1352,train-load-0.7-scenario-453-retry-1,0.7,0.6875,0.275,0.6875,18.13646519430018,1.4401774811129489,0.5598225188870513,1.0,0.0,1.0,0.0,11,0,11,0,11,4,11,11,0.4038933515548706,0.05,,,,,,,,,,,0.3837372122936152,0.7034953792738459
1353,train-load-1.0-scenario-366-retry-1,1.0,0.950198,0.557810625,0.950198,14.514249046099446,1.1345758993226613,0.4654241006773388,0.9,0.1,0.8461538461538461,0.15384615384615385,9,1,11,2,13,6,10,9,0.2969828248023987,0.05,,,,,,,,,,,0.3837372122936152,0.7034953792738459
1354,train-load-0.8-scenario-173,0.8,0.6843518571428571,0.31838571428571427,0.6843518571428571,15.276369228042842,1.3639925743208512,0.6360074256791488,1.0,0.0,1.0,0.0,9,0,9,0,9,7,9,9,0.4875047504901886,0.05,,,,,,,,,,,0.3837372122936152,0.7034953792738459
1355,train-load-0.6-scenario-605,0.6,0.61351375,0.61351375,0.4236725,4.050809559164248,0.20434430356048416,0.9956556964395159,0.8,0.2,0.6666666666666666,0.3333333333333333,4,1,4,2,6,4,5,4,0.2673878073692322,0.05,,,,,,,,,,,0.3837372122936152,0.7034953792738459
1356,train-load-0.7-scenario-20,0.7,0.6405185999999999,0.47952249999999996,0.6405185999999999,12.109821741360701,1.2435077097121878,0.7564922902878121,1.0,0.0,1.0,0.0,7,0,8,0,8,5,7,7,0.3153262138366699,0.05,,,,,,,,,,,0.3837372122936152,0.7034953792738459
1357,train-load-0.6-scenario-98-retry-1,0.6,0.72,0.6666666666666666,0.72,4.9527822718732395,-0.023749764997458844,0.5237497649974588,0.625,0.375,0.625,0.375,5,3,5,3,8,5,8,5,0.17877960205078125,0.05,,,,,,,,,,,0.3837372122936152,0.7034953792738459
1358,train-load-0.9-scenario-296,0.9,0.7853997142857143,0.5317871428571428,0.7853997142857143,14.211153288304985,0.8892027094213848,0.7471609269422514,0.9090909090909091,0.09090909090909091,0.8333333333333334,0.16666666666666666,10,1,10,2,12,7,11,10,0.32007962465286255,0.05,,,,,,,,,,,0.3837372122936152,0.7034953792738459
1359,train-load-0.6-scenario-554-retry-4,0.6,0.625,0.5208333333333334,0.625,26.002356753060187,1.5651703571860824,0.43482964281391756,1.0,0.0,1.0,0.0,16,0,16,0,16,8,16,16,0.37977147102355957,0.05,,,,,,,,,,,0.3837372122936152,0.7034953792738459
1360,train-load-1.0-scenario-700-retry-17,1.0,1.0,0.1,1.0,14.22520797428809,0.04015398028774886,0.7598460197122511,0.7,0.3,0.7,0.3,14,6,14,6,20,5,20,14,0.3426750898361206,0.05,,,,,,,,,,,0.3837372122936152,0.7034953792738459
1361,train-load-0.5-scenario-439-retry-1,0.5,0.5571428571428572,0.4714285714285714,0.5571428571428572,15.703084975064648,1.5933496295686524,0.40665037043134755,1.0,0.0,1.0,0.0,8,0,11,0,11,7,8,8,0.23745140433311462,0.05,,,,,,,,,,,0.3837372122936152,0.7034953792738459
1362,train-load-0.5-scenario-379,0.5,0.43300466666666665,0.3716204166666667,0.43300466666666665,10.674747128886688,1.1806413611248179,0.8193586388751821,1.0,0.0,1.0,0.0,6,0,7,0,7,6,6,6,0.25019127130508423,0.05,,,,,,,,,,,0.3837372122936152,0.7034953792738459
1363,train-load-0.5-scenario-139,0.5,0.47466716666666664,0.28752083333333334,0.47466716666666664,10.420842349970503,1.3920409133932479,0.6079590866067521,1.0,0.0,1.0,0.0,5,0,6,0,6,6,5,5,0.4272598624229431,0.05,,,,,,,,,,,0.3837372122936152,0.7034953792738459
1364,train-load-1.0-scenario-452-retry-3,1.0,0.9183138571428572,0.6690807142857143,0.9183138571428572,19.082179238888457,1.0408009683994799,0.42586569826718695,0.8666666666666667,0.13333333333333333,0.8666666666666667,0.13333333333333333,13,2,13,2,15,7,15,13,0.43813884258270264,0.05,,,,,,,,,,,0.3837372122936152,0.7034953792738459
1365,train-load-0.6-scenario-114-retry-1,0.6,0.5,0.20833333333333334,0.5,16.814168135805147,1.3798515765704078,0.6201484234295922,1.0,0.0,1.0,0.0,10,0,10,0,10,4,10,10,0.4297712445259094,0.05,,,,,,,,,,,0.3837372122936152,0.7034953792738459
1366,train-load-0.8-scenario-451,0.8,0.6870059999999999,0.31500500000000003,0.6870059999999999,10.0756886691186,1.354708062353968,0.645291937646032,1.0,0.0,1.0,0.0,5,0,5,0,5,4,5,5,0.18868231773376465,0.05,,,,,,,,,,,0.3837372122936152,0.7034953792738459
1367,train-load-1.0-scenario-487,1.0,0.890754,0.678476,0.890754,13.461573425151617,0.986397538792708,0.6136024612072921,0.9,0.1,0.8181818181818182,0.18181818181818182,9,1,9,2,11,5,10,9,0.18955501914024353,0.05,,,,,,,,,,,0.3837372122936152,0.7034953792738459
1368,train-load-0.8-scenario-0-retry-8,0.8,0.8333333333333334,0.8333333333333334,0.8166666666666667,11.303676745969474,0.31214699512915745,0.4570837741016117,0.6923076923076923,0.3076923076923077,0.6923076923076923,0.3076923076923077,9,4,9,4,13,6,13,9,0.37789708375930786,0.05,,,,,,,,,,,0.3837372122936152,0.7034953792738459
1369,train-load-0.7-scenario-666,0.7,0.6494506250000001,0.43613156250000007,0.6494506250000001,15.82866878603615,1.259828508746986,0.740171491253014,1.0,0.0,1.0,0.0,10,0,11,0,11,8,10,10,0.3428177237510681,0.05,,,,,,,,,,,0.3837372122936152,0.7034953792738459
1370,train-load-0.9-scenario-162-retry-1,0.9,1.0,0.8333333333333334,1.0,3.370293298286926,-0.46353207047458855,0.46353207047458855,0.5,0.5,0.5,0.5,5,5,5,5,10,4,10,5,0.2747204005718231,0.05,,,,,,,,,,,0.3837372122936152,0.7034953792738459
1371,train-load-0.5-scenario-116,0.5,0.49682500000000007,0.43555357142857143,0.49682500000000007,12.888629838018733,1.4037711231696455,0.5962288768303545,1.0,0.0,1.0,0.0,7,0,8,0,8,7,7,7,0.33171993494033813,0.05,,,,,,,,,,,0.3837372122936152,0.7034953792738459
1372,train-load-0.8-scenario-485-retry-2,0.8,0.85,0.5208333333333334,0.85,7.923465894672251,0.08339747971387379,0.4620570657406716,0.6363636363636364,0.36363636363636365,0.6363636363636364,0.36363636363636365,7,4,7,4,11,8,11,7,0.4274255037307739,0.05,,,,,,,,,,,0.3837372122936152,0.7034953792738459
1373,train-load-0.6-scenario-470,0.6,0.5182862500000001,0.3680240625,0.5182862500000001,14.692681409874048,1.2591839616795388,0.7408160383204612,1.0,0.0,1.0,0.0,9,0,9,0,9,8,9,9,0.1079358384013176,0.05,,,,,,,,,,,0.3837372122936152,0.7034953792738459
1374,train-load-0.8-scenario-79,0.8,0.75,0.75,0.75,23.300059034766267,1.5137825388522883,0.2195507944810451,0.9333333333333333,0.06666666666666667,0.9333333333333333,0.06666666666666667,14,1,14,1,15,5,15,14,0.26756417751312256,0.05,,,,,,,,,,,0.3837372122936152,0.7034953792738459
1375,train-load-0.5-scenario-508,0.5,0.575,0.4,0.575,17.253262772275463,1.2775288356838144,0.7224711643161857,1.0,0.0,1.0,0.0,11,0,11,0,11,8,11,11,0.15480118989944458,0.05,,,,,,,,,,,0.3837372122936152,0.7034953792738459
1376,train-load-0.6-scenario-433-retry-5,0.6,0.675,0.5729166666666666,0.675,21.337373678932636,1.4983600170040259,0.5016399829959741,1.0,0.0,1.0,0.0,13,0,13,0,13,8,13,13,0.45436811447143555,0.05,,,,,,,,,,,0.3837372122936152,0.7034953792738459
1377,train-load-0.5-scenario-585,0.5,0.46875133333333335,0.4016341666666667,0.46875133333333335,11.162571836662448,1.3079168917811135,0.6920831082188864,1.0,0.0,1.0,0.0,6,0,7,0,7,6,6,6,0.2512176036834717,0.05,,,,,,,,,,,0.3837372122936152,0.7034953792738459
1378,train-load-0.8-scenario-579,0.8,0.7551297499999999,0.34547291666666663,0.7551297499999999,10.440244420173112,0.5888149512334513,0.6111850487665488,0.8,0.2,0.8,0.2,8,2,8,2,10,8,10,8,0.40149351954460144,0.05,,,,,,,,,,,0.3837372122936152,0.7034953792738459
1379,train-load-1.0-scenario-322,1.0,0.9296258333333333,0.7279743055555555,0.9296258333333333,11.614334563561748,0.5700481405236327,0.7026791322036401,0.8181818181818182,0.18181818181818182,0.6923076923076923,0.3076923076923077,9,2,9,4,13,6,11,9,0.3876608610153198,0.05,,,,,,,,,,,0.3837372122936152,0.7034953792738459
1380,train-load-0.9-scenario-379-retry-10,0.9,1.0,1.0,0.6,7.215411422935705,0.2552095801281611,0.41145708653850555,0.6666666666666666,0.3333333333333333,0.6666666666666666,0.3333333333333333,6,3,6,3,9,6,9,6,0.34674006700515747,0.05,,,,,,,,,,,0.3837372122936152,0.7034953792738459
1381,train-load-0.7-scenario-624,0.7,0.676967,0.43635,0.676967,6.073536996761092,0.45645555206837723,0.8768777812649562,0.8333333333333334,0.16666666666666666,0.7142857142857143,0.2857142857142857,5,1,5,2,7,5,6,5,0.3969683051109314,0.05,,,,,,,,,,,0.3837372122936152,0.7034953792738459
1382,train-load-0.8-scenario-720,0.8,0.8622421666666665,0.4346861111111111,0.8622421666666665,8.498304538556868,0.6725191824206124,0.7560522461508161,0.8571428571428571,0.14285714285714285,0.8,0.2,6,1,8,2,10,6,7,6,0.310357928276062,0.05,,,,,,,,,,,0.3837372122936152,0.7034953792738459
1383,train-load-0.7-scenario-545,0.7,0.7427214999999999,0.4299975,0.7427214999999999,6.127234381904929,0.5887785237012263,0.6112214762987738,0.8,0.2,0.8333333333333334,0.16666666666666666,4,1,5,1,6,4,5,4,0.3547457158565521,0.05,,,,,,,,,,,0.3837372122936152,0.7034953792738459
1384,train-load-0.8-scenario-12-retry-6,0.8,0.6875,0.11458333333333333,0.6875,17.824837879707754,1.3669114614940021,0.633088538505998,1.0,0.0,1.0,0.0,11,0,11,0,11,4,11,11,0.3318518102169037,0.05,,,,,,,,,,,0.3837372122936152,0.7034953792738459
1385,train-load-0.7-scenario-739,0.7,0.6758273749999999,0.5602240625,0.6758273749999999,19.429420764366817,1.1424191423788739,0.5718665719068405,0.9285714285714286,0.07142857142857142,0.9285714285714286,0.07142857142857142,13,1,13,1,14,8,14,13,0.2984585762023926,0.05,,,,,,,,,,,0.3837372122936152,0.7034953792738459
1386,train-load-0.5-scenario-445,0.5,0.48428985714285716,0.2907889285714286,0.48428985714285716,13.759699659843701,1.518923704984314,0.48107629501568594,1.0,0.0,1.0,0.0,7,0,7,0,7,7,7,7,0.4936080276966095,0.05,,,,,,,,,,,0.3837372122936152,0.7034953792738459
1387,train-load-0.7-scenario-748,0.7,0.655501,0.5638375,0.655501,13.675063051618386,0.8272776804101409,0.8090859559534953,0.9090909090909091,0.09090909090909091,0.8461538461538461,0.15384615384615385,10,1,11,2,13,8,11,10,0.2557300925254822,0.05,,,,,,,,,,,0.3837372122936152,0.7034953792738459
1388,train-load-0.8-scenario-295-retry-4,0.8,0.9,0.28,0.9,4.234846667151693,-0.27957545070862266,0.501797672930845,0.5555555555555556,0.4444444444444444,0.5555555555555556,0.4444444444444444,5,4,5,4,9,5,9,5,0.4240483045578003,0.05,,,,,,,,,,,0.3837372122936152,0.7034953792738459
1389,train-load-0.7-scenario-227,0.7,0.8,0.5,0.8,8.217615233985908,0.4796849838692563,0.5203150161307437,0.75,0.25,0.75,0.25,6,2,12,4,16,8,8,6,0.36988672614097595,0.05,,,,,,,,,,,0.3837372122936152,0.7034953792738459
1390,train-load-0.5-scenario-331,0.5,0.5416666666666666,0.35833333333333334,0.5416666666666666,8.92930938715293,0.5805354601286423,0.9194645398713577,0.875,0.125,0.875,0.125,7,1,7,1,8,6,8,7,0.24303114414215088,0.05,,,,,,,,,,,0.3837372122936152,0.7034953792738459
1391,train-load-0.5-scenario-410,0.5,0.44838387500000004,0.23022265625000002,0.44838387500000004,12.70222411911196,1.3564202268357461,0.6435797731642537,1.0,0.0,1.0,0.0,7,0,7,0,7,8,7,7,0.40741297602653503,0.05,,,,,,,,,,,0.3837372122936152,0.7034953792738459
1392,train-load-0.5-scenario-624-retry-1,0.5,0.6,0.12,0.6,18.956567043774776,1.305129884379517,0.6948701156204831,1.0,0.0,1.0,0.0,12,0,12,0,12,5,12,12,0.4654824137687683,0.05,,,,,,,,,,,0.3837372122936152,0.7034953792738459
1393,train-load-1.0-scenario-498-retry-1,1.0,1.0277777777777777,1.0277777777777777,0.9166666666666666,9.734054535822608,0.2675559378351702,0.39911072883149645,0.6666666666666666,0.3333333333333333,0.5882352941176471,0.4117647058823529,8,4,10,7,17,6,12,8,0.24883848428726196,0.05,,,,,,,,,,,0.3837372122936152,0.7034953792738459
1394,train-load-0.6-scenario-386,0.6,0.585329,0.51200171875,0.585329,17.03875952742723,1.4215137295539149,0.5784862704460851,1.0,0.0,1.0,0.0,10,0,12,0,12,8,10,10,0.3997505307197571,0.05,,,,,,,,,,,0.3837372122936152,0.7034953792738459
1395,train-load-0.8-scenario-179,0.8,0.9142857142857143,0.9142857142857143,0.11428571428571428,-4.1098448010238515,-1.628591698402725,0.628591698402725,0.25,0.75,0.25,0.75,2,6,2,6,8,7,8,2,0.2871922254562378,0.05,,,,,,,,,,,0.3837372122936152,0.7034953792738459
1396,train-load-0.5-scenario-87,0.5,0.5714285714285714,0.5476190476190477,0.5714285714285714,22.06456373421425,1.5977892260907027,0.4022107739092974,1.0,0.0,1.0,0.0,13,0,13,0,13,7,13,13,0.25990861654281616,0.05,,,,,,,,,,,0.3837372122936152,0.7034953792738459
1397,train-load-0.8-scenario-280-retry-1,0.8,0.92,0.82,0.92,14.578109734821911,1.0352929359553982,0.2374343367718746,0.8181818181818182,0.18181818181818182,0.8181818181818182,0.18181818181818182,9,2,9,2,11,5,11,9,0.3735726475715637,0.05,,,,,,,,,,,0.3837372122936152,0.7034953792738459
1398,train-load-1.0-scenario-535,1.0,1.0833333333333333,1.0833333333333333,1.0833333333333333,1.7963913323139673,-1.0155809329085905,0.6155809329085906,0.4,0.6,0.4,0.6,6,9,6,9,15,6,15,6,0.21264702081680298,0.05,,,,,,,,,,,0.3837372122936152,0.7034953792738459
1399,train-load-1.0-scenario-42-retry-6,1.0,0.9333333333333333,0.9333333333333333,0.7,9.776282981781469,0.11910407481755947,0.45232449661101204,0.6428571428571429,0.35714285714285715,0.6428571428571429,0.35714285714285715,9,5,9,5,14,5,14,9,0.17466028034687042,0.05,,,,,,,,,,,0.3837372122936152,0.7034953792738459
