episode,scenario_id,target_load,actual_load,memory_load,core_load,reward,objective,balance_score,success_rate,failure_rate,vgpu_success_rate,vgpu_failure_rate,allocated_count,failure_count,allocated_vgpu_count,failure_vgpu_count,total_vgpu_count,num_gpus,num_pods,steps,loss,epsilon,eval_objective,eval_balance_score,eval_success_rate,eval_failure_rate,eval_vgpu_success_rate,eval_vgpu_failure_rate,eval_checkpoint_score,eval_conflict_objective,eval_conflict_intra_gpu_balance_score,eval_lowmid_objective,best_eval_objective,best_checkpoint_score
1,train-load-0.7-scenario-25,0.7,0.6069565,0.57329125,0.6069565,11.320245898443275,0.7108247677630571,0.4891752322369429,0.8,0.2,0.7272727272727273,0.2727272727272727,8,2,8,3,11,6,10,8,0.0,0.995,,,,,,,,,,,-1e+18,-1e+18
2,train-load-0.5-scenario-297-retry-1,0.5,0.40625,0.19270833333333334,0.40625,32.153882310457384,1.3182939584541935,0.6817060415458064,1.0,0.0,1.0,0.0,22,0,22,0,22,8,22,22,0.0,0.990025,,,,,,,,,,,-1e+18,-1e+18
3,train-load-0.5-scenario-571,0.5,0.6,0.6,0.15,18.027627038354208,1.1869608517888262,0.8130391482111738,1.0,0.0,1.0,0.0,12,0,12,0,12,8,12,12,0.0,0.985074875,,,,,,,,,,,-1e+18,-1e+18
4,train-load-0.5-scenario-273-retry-1,0.5,0.4,0.16666666666666666,0.4,24.16079999200847,1.2747064553368315,0.7252935446631685,1.0,0.0,1.0,0.0,16,0,16,0,16,8,16,16,0.0,0.9801495006250001,,,,,,,,,,,-1e+18,-1e+18
5,train-load-0.5-scenario-394,0.5,0.473155,0.33069166666666666,0.473155,8.175770102276823,1.2591797230378128,0.7408202769621872,1.0,0.0,1.0,0.0,4,0,4,0,4,4,4,4,0.0,0.9752487531218751,,,,,,,,,,,-1e+18,-1e+18
6,train-load-1.0-scenario-486,1.0,0.9000721666666668,0.4194439583333333,0.9000721666666668,3.576586159919797,-0.18065686238927936,0.4663711481035651,0.5714285714285714,0.42857142857142855,0.4444444444444444,0.5555555555555556,4,3,4,5,9,6,7,4,0.0,0.9703725093562657,,,,,,,,,,,-1e+18,-1e+18
7,train-load-0.9-scenario-492,0.9,0.875,0.1875,0.875,19.18365668116335,0.8593863491841314,0.6406136508158686,0.875,0.125,0.875,0.125,14,2,14,2,16,6,16,14,0.0,0.9655206468094844,,,,,,,,,,,-1e+18,-1e+18
8,train-load-0.6-scenario-297-retry-2,0.6,0.65,0.65,0.65,13.643251078816636,0.5976183598837524,0.47930471703932465,0.7692307692307693,0.23076923076923078,0.7692307692307693,0.23076923076923078,10,3,10,3,13,8,13,10,0.0,0.960693043575437,,,,,,,,,,,-1e+18,-1e+18
9,train-load-0.5-scenario-371,0.5,0.5714285714285714,0.17142857142857143,0.5714285714285714,10.769707218963589,0.9089653025498006,0.5910346974501994,0.875,0.125,0.875,0.125,7,1,7,1,8,7,8,7,0.0,0.9558895783575597,,,,,,,,,,,-1e+18,-1e+18
10,train-load-0.6-scenario-307,0.6,0.6153772000000001,0.5454866666666667,0.6153772000000001,3.6245247238771587,0.008658303651520538,0.6580083630151461,0.6666666666666666,0.3333333333333333,0.7142857142857143,0.2857142857142857,4,2,5,2,7,5,6,4,0.0,0.9511101304657719,,,,,,,,,,,-1e+18,-1e+18
11,train-load-0.7-scenario-87,0.7,0.7982455714285713,0.35117767857142856,0.7982455714285713,11.55796198211018,0.8391832012893937,0.7163723542661617,0.8888888888888888,0.1111111111111111,0.8,0.2,8,1,8,2,10,7,9,8,0.0,0.946354579813443,,,,,,,,,,,-1e+18,-1e+18
12,train-load-0.9-scenario-354,0.9,1.0,1.0,0.4166666666666667,5.141118453313431,-0.18001632677776336,0.5800163267777633,0.6,0.4,0.6,0.4,6,4,6,4,10,6,10,6,0.0,0.9416228069143757,,,,,,,,,,,-1e+18,-1e+18
13,train-load-0.5-scenario-543,0.5,0.5,0.5,0.375,19.97702469385554,1.4840668330665774,0.5159331669334225,1.0,0.0,1.0,0.0,12,0,12,0,12,8,12,12,0.0,0.9369146928798039,,,,,,,,,,,-1e+18,-1e+18
14,train-load-0.6-scenario-619,0.6,0.5979909999999999,0.5979909999999999,0.4335838,5.644105530493903,0.38669555647498915,0.9466377768583443,0.8333333333333334,0.16666666666666666,0.875,0.125,5,1,7,1,8,5,6,5,1.812573790550232,0.9322301194154049,,,,,,,,,,,-1e+18,-1e+18
15,train-load-1.0-scenario-476,1.0,0.88616775,0.3945208333333334,0.88616775,10.045522637471239,0.25626102978195864,0.7437389702180414,0.75,0.25,0.7692307692307693,0.23076923076923078,9,3,10,3,13,8,12,9,2.5568771362304688,0.9275689688183278,,,,,,,,,,,-1e+18,-1e+18
16,train-load-1.0-scenario-546-retry-7,1.0,0.8916666666666667,0.6833333333333333,0.8916666666666667,21.145811745708272,1.18078669720069,0.31921330279931015,0.875,0.125,0.875,0.125,14,2,14,2,16,6,16,14,1.793271780014038,0.9229311239742362,,,,,,,,,,,-1e+18,-1e+18
17,train-load-0.6-scenario-189,0.6,0.5351126,0.4267533333333333,0.5351126,8.88915170069664,0.9547255699535331,1.045274430046467,1.0,0.0,1.0,0.0,6,0,6,0,6,5,6,6,1.657956838607788,0.918316468354365,,,,,,,,,,,-1e+18,-1e+18
18,train-load-0.9-scenario-610-retry-11,0.9,1.0,0.6666666666666666,1.0,5.745230527396027,-0.09374155216767599,0.4937415521676759,0.6,0.4,0.6,0.4,6,4,6,4,10,6,10,6,1.8004136085510254,0.9137248860125932,,,,,,,,,,,-1e+18,-1e+18
19,train-load-0.5-scenario-296-retry-2,0.5,0.5666666666666667,0.5666666666666667,0.36666666666666664,18.262280888153388,1.3936753377620954,0.6063246622379046,1.0,0.0,1.0,0.0,11,0,11,0,11,6,11,11,1.7040932178497314,0.9091562615825302,,,,,,,,,,,-1e+18,-1e+18
20,train-load-0.5-scenario-544-retry-2,0.5,0.40476190476190477,0.40476190476190477,0.24285714285714285,26.717692693283105,1.4819584313115697,0.5180415686884304,1.0,0.0,1.0,0.0,17,0,17,0,17,7,17,17,1.6877601146697998,0.9046104802746175,,,,,,,,,,,-1e+18,-1e+18
21,train-load-0.6-scenario-320-retry-2,0.6,0.56,0.4666666666666667,0.56,23.241975704012244,1.5685088539106042,0.4314911460893957,1.0,0.0,1.0,0.0,14,0,14,0,14,5,14,14,2.012570381164551,0.9000874278732445,,,,,,,,,,,-1e+18,-1e+18
22,train-load-0.8-scenario-593-retry-3,0.8,0.8571428571428571,0.09523809523809523,0.8571428571428571,-1.9210432183135326,-1.2357511842344342,0.7357511842344342,0.375,0.625,0.375,0.625,3,5,3,5,8,7,8,3,1.836881399154663,0.8955869907338783,,,,,,,,,,,-1e+18,-1e+18
23,train-load-0.5-scenario-112,0.5,0.4381655,0.228914375,0.4381655,8.320465143364348,1.2325528279746394,0.7674471720253606,1.0,0.0,1.0,0.0,4,0,4,0,4,4,4,4,0.8662742376327515,0.8911090557802088,,,,,,,,,,,-1e+18,-1e+18
24,train-load-0.6-scenario-480,0.6,0.6797604166666668,0.6797604166666668,0.49096775000000004,3.422384573416187,0.02497710158984412,0.3750228984101558,0.6,0.4,0.6666666666666666,0.3333333333333333,3,2,4,2,6,4,5,3,1.8663727045059204,0.8866535105013078,,,,,,,,,,,-1e+18,-1e+18
25,train-load-0.5-scenario-692,0.5,0.40625,0.1625,0.40625,20.733475014999936,1.39102043627044,0.60897956372956,1.0,0.0,1.0,0.0,13,0,13,0,13,8,13,13,2.0753369331359863,0.8822202429488013,,,,,,,,,,,-1e+18,-1e+18
26,train-load-0.9-scenario-585-retry-1,0.9,1.0,0.2,1.0,2.3326168752505363,-0.638444407451005,0.638444407451005,0.5,0.5,0.5,0.5,5,5,5,5,10,5,10,5,1.316347360610962,0.8778091417340573,,,,,,,,,,,-1e+18,-1e+18
27,train-load-0.5-scenario-722,0.5,0.590890125,0.32226062499999997,0.590890125,10.093373592828598,0.9078174051051454,0.5207540234662832,0.8571428571428571,0.14285714285714285,0.8,0.2,6,1,8,2,10,8,7,6,0.42890799045562744,0.8734200960253871,,,,,,,,,,,-1e+18,-1e+18
28,train-load-1.0-scenario-401,1.0,0.9287875000000001,0.5972760416666667,0.9287875000000001,9.645351248955459,0.21074268247796635,0.7892573175220337,0.75,0.25,0.75,0.25,9,3,9,3,12,6,12,9,0.9234181642532349,0.8690529955452602,,,,,,,,,,,-1e+18,-1e+18
29,train-load-0.8-scenario-134,0.8,0.8785714285714286,0.8095238095238095,0.8785714285714286,6.93420841883606,-0.02787765975125145,0.5733322052057969,0.6363636363636364,0.36363636363636365,0.6363636363636364,0.36363636363636365,7,4,7,4,11,7,11,7,1.311180591583252,0.8647077305675338,,,,,,,,,,,-1e+18,-1e+18
30,train-load-0.9-scenario-18,0.9,0.8137455,0.5517440972222222,0.8137455,9.819759168296075,0.4693798007266716,0.7306201992733284,0.8,0.2,0.8181818181818182,0.18181818181818182,8,2,9,2,11,6,10,8,1.533013939857483,0.8603841919146962,,,,,,,,,,,-1e+18,-1e+18
31,train-load-0.8-scenario-262,0.8,0.69874175,0.6619752604166667,0.69874175,15.569569298035995,0.8448846767959284,0.5397307078194561,0.8461538461538461,0.15384615384615385,0.8,0.2,11,2,12,3,15,8,13,11,1.2758126258850098,0.8560822709551227,,,,,,,,,,,-1e+18,-1e+18
32,train-load-0.7-scenario-153-retry-3,0.7,0.8,0.6666666666666666,0.8,7.865729727207382,0.4561604915966331,0.5438395084033669,0.75,0.25,0.75,0.25,6,2,6,2,8,4,8,6,1.2682826519012451,0.851801859600347,,,,,,,,,,,-1e+18,-1e+18
33,train-load-0.7-scenario-739,0.7,0.6758273749999999,0.5602240625,0.6758273749999999,15.998091862454654,0.7702404868107305,0.6583309417606978,0.8571428571428571,0.14285714285714285,0.8571428571428571,0.14285714285714285,12,2,12,2,14,8,14,12,1.9395300149917603,0.8475428503023453,,,,,,,,,,,-1e+18,-1e+18
34,train-load-0.9-scenario-183,0.9,0.8072819999999999,0.44180583333333334,0.8072819999999999,11.262555443475758,0.9438292519764575,0.5561707480235425,0.875,0.125,0.9,0.1,7,1,9,1,10,6,8,7,0.6988698244094849,0.8433051360508336,,,,,,,,,,,-1e+18,-1e+18
35,train-load-0.9-scenario-656-retry-3,0.9,0.8,0.8,0.6,22.527612153693195,1.0877801402356986,0.46777541531985667,0.8888888888888888,0.1111111111111111,0.8888888888888888,0.1111111111111111,16,2,16,2,18,6,18,16,1.0816023349761963,0.8390886103705794,,,,,,,,,,,-1e+18,-1e+18
36,train-load-0.5-scenario-601-retry-9,0.5,0.6,0.48,0.6,21.9720621045848,1.784836178435456,0.21516382156454394,1.0,0.0,1.0,0.0,12,0,12,0,12,5,12,12,1.3050987720489502,0.8348931673187264,,,,,,,,,,,-1e+18,-1e+18
37,train-load-0.9-scenario-612-retry-2,0.9,0.83985925,0.768653125,0.83985925,11.366664366950449,0.051096466454424894,0.6989035335455751,0.6875,0.3125,0.7058823529411765,0.29411764705882354,11,5,12,5,17,8,16,11,0.7028883695602417,0.8307187014821328,,,,,,,,,,,-1e+18,-1e+18
38,train-load-0.7-scenario-567-retry-3,0.7,0.8,0.2222222222222222,0.8,8.199304407541062,0.47682247664446076,0.5231775233555392,0.75,0.25,0.75,0.25,6,2,6,2,8,6,8,6,0.46063441038131714,0.8265651079747222,,,,,,,,,,,-1e+18,-1e+18
39,train-load-0.7-scenario-686-retry-1,0.7,0.8,0.4,0.8,7.853757656033396,0.46366358857489853,0.5363364114251015,0.75,0.25,0.75,0.25,6,2,6,2,8,4,8,6,0.8185805082321167,0.8224322824348486,,,,,,,,,,,-1e+18,-1e+18
40,train-load-0.7-scenario-195-retry-4,0.7,0.6,0.125,0.6,21.92985936065428,1.2200719989385191,0.7799280010614809,1.0,0.0,1.0,0.0,15,0,15,0,15,5,15,15,0.564504861831665,0.8183201210226743,,,,,,,,,,,-1e+18,-1e+18
41,train-load-0.9-scenario-46-retry-7,0.9,1.0,0.08333333333333333,1.0,3.8112098422197622,-0.3724982701511004,0.7724982701511003,0.6,0.4,0.6,0.4,6,4,6,4,10,6,10,6,1.1324973106384277,0.8142285204175609,,,,,,,,,,,-1e+18,-1e+18
42,train-load-0.8-scenario-95,0.8,0.9,0.5333333333333333,0.9,1.7821798546180025,-0.5856986066350282,0.5856986066350282,0.5,0.5,0.5555555555555556,0.4444444444444444,4,4,5,4,9,6,8,4,0.5230780243873596,0.810157377815473,,,,,,,,,,,-1e+18,-1e+18
43,train-load-0.6-scenario-441,0.6,0.5296565714285714,0.44106874999999995,0.5296565714285714,13.654825072017468,1.3049770103790628,0.6950229896209372,1.0,0.0,1.0,0.0,8,0,9,0,9,7,8,8,1.3596274852752686,0.8061065909263957,,,,,,,,,,,-1e+18,-1e+18
44,train-load-1.0-scenario-568,1.0,0.9769955,0.608726736111111,0.9769955,11.81856388100924,0.6110525099762005,0.6616747627510723,0.8181818181818182,0.18181818181818182,0.7692307692307693,0.23076923076923078,9,2,10,3,13,6,11,9,1.0974185466766357,0.8020760579717637,,,,,,,,,,,-1e+18,-1e+18
45,train-load-1.0-scenario-303-retry-1,1.0,1.0875,0.9375,1.0875,7.89574487424057,0.343948111611312,0.3227185550553546,0.6666666666666666,0.3333333333333333,0.6666666666666666,0.3333333333333333,6,3,6,3,9,4,9,6,1.0195918083190918,0.798065677681905,,,,,,,,,,,-1e+18,-1e+18
46,train-load-0.8-scenario-252,0.8,0.9,0.72,0.9,5.169931895879242,-0.02326345463722912,0.24548567685945144,0.5555555555555556,0.4444444444444444,0.5555555555555556,0.4444444444444444,5,4,5,4,9,5,9,5,0.4957813620567322,0.7940753492934954,,,,,,,,,,,-1e+18,-1e+18
47,train-load-0.5-scenario-413,0.5,0.48069656250000004,0.48069656250000004,0.4341465,10.862710210896184,1.5178240980888555,0.48217590191114446,1.0,0.0,1.0,0.0,5,0,5,0,5,4,5,5,0.2881889343261719,0.7901049725470279,,,,,,,,,,,-1e+18,-1e+18
48,train-load-0.9-scenario-713,0.9,0.976668,0.5958020833333334,0.976668,5.849138111204511,0.2527748921271513,0.6043679650157059,0.7142857142857143,0.2857142857142857,0.6666666666666666,0.3333333333333333,5,2,6,3,9,4,7,5,0.8598775863647461,0.7861544476842928,,,,,,,,,,,-1e+18,-1e+18
49,train-load-0.9-scenario-473,0.9,0.8297599999999999,0.5424583333333334,0.8297599999999999,7.874101764826168,0.7395224297159251,0.5938109036174084,0.8333333333333334,0.16666666666666666,0.875,0.125,5,1,7,1,8,4,6,5,0.6099981069564819,0.7822236754458713,,,,,,,,,,,-1e+18,-1e+18
50,train-load-1.0-scenario-527-retry-1,1.0,0.9493678750000001,0.4429490625,0.9493678750000001,8.919399326148362,0.2168581402656936,0.6922327688252156,0.7272727272727273,0.2727272727272727,0.6923076923076923,0.3076923076923077,8,3,9,4,13,8,11,8,0.5141426920890808,0.778312557068642,,,,,,,,,,,-1e+18,-1e+18
51,train-load-0.6-scenario-424,0.6,0.7142857142857143,0.7142857142857143,0.6785714285714286,15.318728284367253,1.282823283044051,0.3171767169559491,0.9,0.1,0.9,0.1,9,1,9,1,10,7,10,9,0.21149791777133942,0.7744209942832988,,,,,,,,,,,-1e+18,-1e+18
52,train-load-0.9-scenario-740,0.9,0.8316135,0.767801875,0.8316135,3.803296088835412,-0.23425473469683555,0.7342547346968356,0.625,0.375,0.7,0.3,5,3,7,3,10,4,8,5,0.365225225687027,0.7705488893118823,,,,,,,,,,,-1e+18,-1e+18
53,train-load-0.5-scenario-412-retry-3,0.5,0.5833333333333334,0.3194444444444444,0.5833333333333334,5.598182523721288,0.021606892471593864,0.47839310752840614,0.625,0.375,0.625,0.375,5,3,5,3,8,6,8,5,0.4758300483226776,0.7666961448653229,,,,,,,,,,,-1e+18,-1e+18
54,train-load-0.6-scenario-119-retry-1,0.6,0.5333333333333333,0.5,0.5333333333333333,15.091392313737197,1.3009240168042824,0.6990759831957176,1.0,0.0,1.0,0.0,9,0,9,0,9,6,9,9,0.43245506286621094,0.7628626641409962,,,,,,,,,,,-1e+18,-1e+18
55,train-load-0.5-scenario-71,0.5,0.46129116666666664,0.3019809027777778,0.46129116666666664,5.53138164298584,0.4389444115070965,0.7610555884929036,0.8,0.2,0.8333333333333334,0.16666666666666666,4,1,5,1,6,6,5,4,0.35588258504867554,0.7590483508202912,,,,,,,,,,,-1e+18,-1e+18
56,train-load-0.5-scenario-256-retry-1,0.5,0.5333333333333333,0.5333333333333333,0.4,14.57430285921797,1.4749863591900052,0.5250136408099949,1.0,0.0,1.0,0.0,8,0,8,0,8,5,8,8,0.41179925203323364,0.7552531090661897,,,,,,,,,,,-1e+18,-1e+18
57,train-load-0.7-scenario-643,0.7,0.6468907500000001,0.3099528125,0.6468907500000001,13.176271705950635,1.2635844849260283,0.7364155150739717,1.0,0.0,1.0,0.0,8,0,9,0,9,8,8,8,0.5438637733459473,0.7514768435208588,,,,,,,,,,,-1e+18,-1e+18
58,train-load-0.9-scenario-664,0.9,0.9833333333333333,0.9833333333333333,0.96,9.518265390627434,0.5290526943533315,0.27094730564666847,0.7,0.3,0.7,0.3,7,3,7,3,10,5,10,7,0.37166813015937805,0.7477194593032545,,,,,,,,,,,-1e+18,-1e+18
59,train-load-1.0-scenario-116,1.0,0.884441125,0.8542639062499999,0.884441125,12.897481692018156,0.2936197529957527,0.4563802470042473,0.6875,0.3125,0.6842105263157895,0.3157894736842105,11,5,13,6,19,8,16,11,0.5935657620429993,0.7439808620067382,,,,,,,,,,,-1e+18,-1e+18
60,train-load-0.6-scenario-82-retry-6,0.6,0.5,0.23333333333333334,0.5,15.986697494671336,1.2649768249322688,0.7350231750677312,1.0,0.0,1.0,0.0,10,0,10,0,10,5,10,10,0.455558717250824,0.7402609576967045,,,,,,,,,,,-1e+18,-1e+18
61,train-load-0.7-scenario-356,0.7,0.75,0.25,0.75,22.814530710155342,1.354931997773822,0.645068002226178,1.0,0.0,1.0,0.0,15,0,15,0,15,5,15,15,0.6636849641799927,0.736559652908221,,,,,,,,,,,-1e+18,-1e+18
62,train-load-0.6-scenario-423,0.6,0.5244219999999999,0.5244219999999999,0.4621902,11.472351866249266,1.3266687730138382,0.6733312269861618,1.0,0.0,1.0,0.0,6,0,8,0,8,5,6,6,0.7023869752883911,0.7328768546436799,,,,,,,,,,,-1e+18,-1e+18
63,train-load-0.9-scenario-90-retry-1,0.9,0.96875,0.2,0.96875,0.3321555606665494,-0.8967216240659523,0.67449940184373,0.4444444444444444,0.5555555555555556,0.4444444444444444,0.5555555555555556,4,5,4,5,9,8,9,4,1.2895126342773438,0.7292124703704616,,,,,,,,,,,-1e+18,-1e+18
64,train-load-1.0-scenario-348-retry-1,1.0,0.99848175,0.619901875,0.99848175,9.860673469130585,0.6213099264901283,0.4898011846209828,0.7777777777777778,0.2222222222222222,0.7777777777777778,0.2222222222222222,7,2,7,2,9,4,9,7,0.4435350000858307,0.7255664080186093,,,,,,,,,,,-1e+18,-1e+18
65,train-load-0.7-scenario-273-retry-1,0.7,0.7619047619047619,0.7619047619047619,0.22857142857142856,4.301242691262185,-0.11245919624292244,0.6124591962429224,0.625,0.375,0.625,0.375,5,3,5,3,8,7,8,5,0.9450525641441345,0.7219385759785162,,,,,,,,,,,-1e+18,-1e+18
66,train-load-0.7-scenario-678-retry-1,0.7,0.6,0.4,0.6,20.672355414292497,1.5837813665832736,0.4162186334167264,1.0,0.0,1.0,0.0,12,0,12,0,12,5,12,12,0.6536019444465637,0.7183288830986236,,,,,,,,,,,-1e+18,-1e+18
67,train-load-0.5-scenario-415,0.5,0.5714285714285714,0.22857142857142856,0.5714285714285714,11.749473300874897,1.048002790885072,0.4519972091149279,0.875,0.125,0.875,0.125,7,1,7,1,8,7,8,7,0.7082505822181702,0.7147372386831305,,,,,,,,,,,-1e+18,-1e+18
68,train-load-0.9-scenario-435-retry-1,0.9,1.0,0.3,1.0,-6.905308384250206,-2.301769461416735,0.3017694614167353,0.0,1.0,0.0,1.0,0,8,0,8,8,8,8,0,0.679436981678009,0.7111635524897149,,,,,,,,,,,-1e+18,-1e+18
69,train-load-0.5-scenario-669-retry-1,0.5,0.479875,0.34013229166666664,0.479875,10.447144372020556,1.4202108916470142,0.5797891083529858,1.0,0.0,1.0,0.0,5,0,5,0,5,4,5,5,0.5708552002906799,0.7076077347272662,,,,,,,,,,,-1e+18,-1e+18
70,train-load-0.6-scenario-50,0.6,0.5165743333333332,0.48912534722222223,0.5165743333333332,13.239149061556018,1.2068274189283954,0.7931725810716046,1.0,0.0,1.0,0.0,8,0,8,0,8,6,8,8,0.4397393763065338,0.7040696960536299,,,,,,,,,,,-1e+18,-1e+18
71,train-load-0.7-scenario-663-retry-3,0.7,0.6,0.6,0.15,18.036463777524745,1.1949190177409643,0.8050809822590356,1.0,0.0,1.0,0.0,12,0,12,0,12,8,12,12,0.19677691161632538,0.7005493475733617,,,,,,,,,,,-1e+18,-1e+18
72,train-load-0.6-scenario-372-retry-1,0.6,0.5920854285714285,0.4972324404761905,0.5920854285714285,12.482169704197952,0.9794249453695513,0.5761306101860042,0.8888888888888888,0.1111111111111111,0.9,0.1,8,1,9,1,10,7,9,8,0.1935102641582489,0.697046600835495,,,,,,,,,,,-1e+18,-1e+18
73,train-load-1.0-scenario-285,1.0,1.0357142857142858,0.7619047619047619,1.0357142857142858,15.926577721000754,0.4499853919046155,0.28685671335854235,0.6842105263157895,0.3157894736842105,0.6842105263157895,0.3157894736842105,13,6,13,6,19,7,19,13,0.3245213031768799,0.6935613678313175,,,,,,,,,,,-1e+18,-1e+18
74,train-load-0.8-scenario-189,0.8,0.7589661999999999,0.6487041666666666,0.7589661999999999,11.783683666637511,0.9249095499093282,0.6306460056462273,0.8888888888888888,0.1111111111111111,0.9,0.1,8,1,9,1,10,5,9,8,0.8263181447982788,0.6900935609921609,,,,,,,,,,,-1e+18,-1e+18
75,train-load-0.6-scenario-267-retry-4,0.6,0.54375,0.5,0.54375,16.717397208101957,1.4028500681933258,0.5971499318066742,1.0,0.0,1.0,0.0,10,0,10,0,10,8,10,10,0.539967954158783,0.6866430931872001,,,,,,,,,,,-1e+18,-1e+18
76,train-load-0.5-scenario-379,0.5,0.43300466666666665,0.3716204166666667,0.43300466666666665,7.397674565093229,0.6239814770767722,0.7093518562565612,0.8333333333333334,0.16666666666666666,0.7142857142857143,0.2857142857142857,5,1,5,2,7,6,6,5,0.4632536470890045,0.6832098777212641,,,,,,,,,,,-1e+18,-1e+18
77,train-load-0.6-scenario-440-retry-1,0.6,0.6666666666666666,0.6666666666666666,0.5,15.308664104939027,1.2793755210836546,0.32062447891634543,0.9,0.1,0.9,0.1,9,1,9,1,10,5,10,9,0.3866952061653137,0.6797938283326578,,,,,,,,,,,-1e+18,-1e+18
78,train-load-0.5-scenario-232,0.5,0.5525275,0.35601302083333336,0.5525275,4.67596651764822,0.43952321883495415,0.5604767811650458,0.75,0.25,0.8,0.2,3,1,4,1,5,4,4,3,0.3873562812805176,0.6763948591909945,,,,,,,,,,,-1e+18,-1e+18
79,train-load-0.6-scenario-543-retry-1,0.6,0.6,0.6,0.3,19.900050246079118,1.477767354045048,0.5222326459549519,1.0,0.0,1.0,0.0,12,0,12,0,12,8,12,12,0.3732143044471741,0.6730128848950395,,,,,,,,,,,-1e+18,-1e+18
80,train-load-0.6-scenario-310,0.6,0.5406945000000001,0.43960437500000005,0.5406945000000001,9.941911043301417,1.3118151207386197,0.6881848792613803,1.0,0.0,1.0,0.0,5,0,5,0,5,4,5,5,0.2665783762931824,0.6696478204705644,,,,,,,,,,,-1e+18,-1e+18
81,train-load-1.0-scenario-644,1.0,0.92183775,0.776460625,0.92183775,4.871195818434495,-0.04845412432652063,0.5484541243265206,0.625,0.375,0.6666666666666666,0.3333333333333333,5,3,6,3,9,4,8,5,0.3877609968185425,0.6662995813682115,,,,,,,,,,,-1e+18,-1e+18
82,train-load-0.7-scenario-249-retry-3,0.7,0.7619047619047619,0.7619047619047619,0.11428571428571428,6.544787844187133,0.2514814484871988,0.7485185515128012,0.75,0.25,0.75,0.25,6,2,6,2,8,7,8,6,0.5691771507263184,0.6629680834613705,,,,,,,,,,,-1e+18,-1e+18
83,train-load-0.8-scenario-197,0.8,0.7030302083333333,0.7030302083333333,0.679151,6.4270889523065495,0.3340222932475946,0.5231205638952626,0.7142857142857143,0.2857142857142857,0.7142857142857143,0.2857142857142857,5,2,5,2,7,4,7,5,0.8926820755004883,0.6596532430440636,,,,,,,,,,,-1e+18,-1e+18
84,train-load-0.8-scenario-594,0.8,0.72501875,0.72501875,0.647019875,15.657360306745748,0.8839993240644912,0.5006160605508934,0.8461538461538461,0.15384615384615385,0.8666666666666667,0.13333333333333333,11,2,13,2,15,8,13,11,0.9432737827301025,0.6563549768288433,,,,,,,,,,,-1e+18,-1e+18
85,train-load-0.9-scenario-48-retry-9,0.9,0.85,0.525,0.85,11.128942850457667,0.773301739300542,0.7822538162550134,0.8888888888888888,0.1111111111111111,0.8333333333333334,0.16666666666666666,8,1,10,2,12,6,9,8,0.955415666103363,0.653073201944699,,,,,,,,,,,-1e+18,-1e+18
86,train-load-0.7-scenario-229-retry-1,0.7,0.5833333333333334,0.3888888888888889,0.5833333333333334,22.103279323828836,1.4422034199591884,0.5577965800408117,1.0,0.0,1.0,0.0,14,0,14,0,14,6,14,14,0.5086249113082886,0.6498078359349755,,,,,,,,,,,-1e+18,-1e+18
87,train-load-1.0-scenario-721-retry-8,1.0,1.02,0.18,1.02,6.541655032110125,-0.1128969049392825,0.7795635716059491,0.6666666666666666,0.3333333333333333,0.6666666666666666,0.3333333333333333,8,4,8,4,12,5,12,8,0.9193224906921387,0.6465587967553006,,,,,,,,,,,-1e+18,-1e+18
88,train-load-0.9-scenario-596,0.9,0.8571428571428571,0.8571428571428571,0.8571428571428571,19.356938710907997,1.175397827536432,0.2912688391302346,0.8666666666666667,0.13333333333333333,0.8666666666666667,0.13333333333333333,13,2,13,2,15,7,15,13,0.7720407843589783,0.6433260027715241,,,,,,,,,,,-1e+18,-1e+18
89,train-load-0.6-scenario-209-retry-1,0.6,0.5625,0.5625,0.45,13.780170223338253,1.1859851844699856,0.36957037108556967,0.8888888888888888,0.1111111111111111,0.8888888888888888,0.1111111111111111,8,1,8,1,9,8,9,8,0.30973321199417114,0.6401093727576664,,,,,,,,,,,-1e+18,-1e+18
90,train-load-0.8-scenario-40,0.8,0.9166666666666666,0.9166666666666666,0.5333333333333333,6.068558180512654,-0.12094430256717226,0.302762484385354,0.5454545454545454,0.45454545454545453,0.5454545454545454,0.45454545454545453,6,5,6,5,11,6,11,6,0.1592375934123993,0.6369088258938781,,,,,,,,,,,-1e+18,-1e+18
91,train-load-0.6-scenario-212,0.6,0.6623542,0.28326549999999995,0.6623542,9.613661782692878,1.0815009240372468,0.918499075962753,1.0,0.0,1.0,0.0,6,0,6,0,6,5,6,6,0.3761058449745178,0.6337242817644086,,,,,,,,,,,-1e+18,-1e+18
92,train-load-0.9-scenario-549-retry-1,0.9,0.9857142857142858,0.7428571428571429,0.9857142857142858,12.963623482759036,0.1284535055790098,0.5382131610876568,0.6666666666666666,0.3333333333333333,0.6666666666666666,0.3333333333333333,12,6,12,6,18,7,18,12,0.7513178586959839,0.6305556603555866,,,,,,,,,,,-1e+18,-1e+18
93,train-load-1.0-scenario-511-retry-11,1.0,1.0,1.0,0.88125,10.304239361500905,0.05349423482599025,0.6131724318406764,0.6666666666666666,0.3333333333333333,0.6666666666666666,0.3333333333333333,10,5,10,5,15,8,15,10,0.49010729789733887,0.6274028820538087,,,,,,,,,,,-1e+18,-1e+18
94,train-load-0.7-scenario-413,0.7,0.597523,0.5307471428571429,0.597523,10.113612943845515,0.4788046019040072,0.7211953980959929,0.8,0.2,0.8181818181818182,0.18181818181818182,8,2,9,2,11,7,10,8,0.2993825078010559,0.6242658676435396,,,,,,,,,,,-1e+18,-1e+18
95,train-load-0.7-scenario-677,0.7,0.6172295714285714,0.3460925595238095,0.6172295714285714,8.358044463403527,0.6567787622991966,0.7717926662722319,0.8571428571428571,0.14285714285714285,0.875,0.125,6,1,7,1,8,7,7,6,0.5454599857330322,0.6211445383053219,,,,,,,,,,,-1e+18,-1e+18
96,train-load-0.7-scenario-107,0.7,0.6274332,0.53149125,0.6274332,11.988655033845607,1.2565164643335514,0.7434835356664486,1.0,0.0,1.0,0.0,7,0,8,0,8,5,7,7,0.6289812326431274,0.6180388156137953,,,,,,,,,,,-1e+18,-1e+18
97,train-load-0.9-scenario-62-retry-4,0.9,0.9666666666666667,0.9333333333333333,0.9666666666666667,9.958021954710377,0.791592706708526,0.20840729329147406,0.75,0.25,0.75,0.25,6,2,9,3,12,6,8,6,0.3958841562271118,0.6149486215357263,,,,,,,,,,,-1e+18,-1e+18
98,train-load-0.6-scenario-289,0.6,0.5130484,0.3492925,0.5130484,1.8989238860348814,0.02223218122379933,0.6444344854428673,0.6666666666666666,0.3333333333333333,0.6,0.4,2,1,3,2,5,5,3,2,0.43075552582740784,0.6118738784280476,,,,,,,,,,,-1e+18,-1e+18
99,train-load-0.5-scenario-619-retry-6,0.5,0.45,0.4375,0.45,15.59682584840166,1.1799137760438612,0.8200862239561388,1.0,0.0,1.0,0.0,10,0,10,0,10,8,10,10,0.5652773380279541,0.6088145090359074,,,,,,,,,,,-1e+18,-1e+18
100,train-load-0.6-scenario-57,0.6,0.609171,0.47111631944444443,0.609171,8.910575167353162,0.45764247223544974,0.6534686388756614,0.7777777777777778,0.2222222222222222,0.7777777777777778,0.2222222222222222,7,2,7,2,9,6,9,7,0.3506631553173065,0.6057704364907278,0.25577915063105033,0.5656545453578921,0.7053584239972356,0.2946415760027644,0.7061839424310574,0.29381605756894247,0.25577915063105033,0.36387708246878925,0.28549456015900415,0.5962722923457012,0.25577915063105033,0.25577915063105033
101,train-load-0.7-scenario-146,0.7,0.6238668571428572,0.3429623214285714,0.6238668571428572,11.333715995505164,1.1518576715524602,0.8481423284475398,1.0,0.0,1.0,0.0,7,0,9,0,9,7,7,7,0.48850536346435547,0.6027415843082742,,,,,,,,,,,0.25577915063105033,0.25577915063105033
102,train-load-0.9-scenario-639,0.9,0.8128495,0.5855673611111111,0.8128495,8.138583007738525,0.4860442276158933,0.5139557723841067,0.75,0.25,0.8,0.2,6,2,8,2,10,6,8,6,0.9691258072853088,0.5997278763867329,,,,,,,,,,,0.25577915063105033,0.25577915063105033
103,train-load-0.6-scenario-746,0.6,0.526706,0.3356307291666667,0.526706,10.666615674424314,1.63337582473264,0.3666241752673599,1.0,0.0,1.0,0.0,4,0,5,0,5,4,4,4,0.8639258742332458,0.5967292370047992,,,,,,,,,,,0.25577915063105033,0.25577915063105033
104,train-load-0.9-scenario-749-retry-3,0.9,1.0,1.0,0.8,3.1652242008987477,-0.35675415123633814,0.3567541512363382,0.5,0.5,0.5,0.5,4,4,4,4,8,4,8,4,0.4307536482810974,0.5937455908197752,,,,,,,,,,,0.25577915063105033,0.25577915063105033
105,train-load-0.6-scenario-639,0.6,0.57716975,0.5569854166666667,0.57716975,10.80065804865665,1.3073305389531238,0.6926694610468762,1.0,0.0,1.0,0.0,6,0,6,0,6,4,6,6,0.44429826736450195,0.5907768628656763,,,,,,,,,,,0.25577915063105033,0.25577915063105033
106,train-load-0.5-scenario-551,0.5,0.44587340000000003,0.44522600000000007,0.44587340000000003,11.235967622701605,1.5114206913518868,0.4885793086481131,1.0,0.0,1.0,0.0,5,0,6,0,6,5,5,5,0.6144227385520935,0.5878229785513479,,,,,,,,,,,0.25577915063105033,0.25577915063105033
107,train-load-0.7-scenario-24,0.7,0.7833333333333333,0.7833333333333333,0.5416666666666666,20.525244097691534,1.33186048715753,0.38242522712818444,0.9285714285714286,0.07142857142857142,0.9285714285714286,0.07142857142857142,13,1,13,1,14,6,14,13,0.37705525755882263,0.5848838636585911,,,,,,,,,,,0.25577915063105033,0.25577915063105033
108,train-load-0.6-scenario-88,0.6,0.5256352,0.3867533333333333,0.5256352,10.144103526165598,1.1428458988972654,0.8571541011027346,1.0,0.0,1.0,0.0,6,0,6,0,6,5,6,6,0.6905690431594849,0.5819594443402982,,,,,,,,,,,0.25577915063105033,0.25577915063105033
109,train-load-0.8-scenario-670,0.8,0.693003875,0.46464687499999996,0.693003875,18.188057187854213,1.4767248939226125,0.5232751060773875,1.0,0.0,1.0,0.0,11,0,12,0,12,8,11,11,0.638166606426239,0.5790496471185967,,,,,,,,,,,0.25577915063105033,0.25577915063105033
110,train-load-0.7-scenario-112-retry-2,0.7,0.75,0.39285714285714285,0.75,4.49088112726153,-0.21062996772991338,0.4328521899521357,0.5555555555555556,0.4444444444444444,0.5555555555555556,0.4444444444444444,5,4,5,4,9,7,9,5,0.572239875793457,0.5761543988830038,,,,,,,,,,,0.25577915063105033,0.25577915063105033
111,train-load-0.9-scenario-517-retry-1,0.9,0.7978252499999999,0.410616875,0.7978252499999999,16.194075049891854,1.0157711703922185,0.650895496274448,0.9166666666666666,0.08333333333333333,0.9166666666666666,0.08333333333333333,11,1,11,1,12,8,12,11,0.7126357555389404,0.5732736268885887,,,,,,,,,,,0.25577915063105033,0.25577915063105033
112,train-load-0.9-scenario-669,0.9,0.790149875,0.33215208333333335,0.790149875,9.188754831919132,0.5193445804373457,0.5917665306737655,0.7777777777777778,0.2222222222222222,0.7272727272727273,0.2727272727272727,7,2,8,3,11,8,9,7,0.2531762719154358,0.5704072587541458,,,,,,,,,,,0.25577915063105033,0.25577915063105033
113,train-load-0.5-scenario-435,0.5,0.4915535714285714,0.4915535714285714,0.32873814285714287,11.879639954440755,1.2338758057305812,0.7661241942694188,1.0,0.0,1.0,0.0,7,0,8,0,8,7,7,7,0.5552233457565308,0.567555222460375,,,,,,,,,,,0.25577915063105033,0.25577915063105033
114,train-load-0.6-scenario-314,0.6,0.5116838,0.3966833333333334,0.5116838,10.364884846517167,1.2127755431836782,0.7872244568163219,1.0,0.0,1.0,0.0,6,0,6,0,6,5,6,6,0.2648496627807617,0.5647174463480732,,,,,,,,,,,0.25577915063105033,0.25577915063105033
115,train-load-0.5-scenario-578,0.5,0.47843657142857143,0.26243809523809525,0.47843657142857143,11.449659420887038,1.3413758112559782,0.6586241887440218,1.0,0.0,1.0,0.0,6,0,7,0,7,7,6,6,0.3418145477771759,0.5618938591163328,,,,,,,,,,,0.25577915063105033,0.25577915063105033
116,train-load-0.6-scenario-552,0.6,0.5191795,0.23796770833333333,0.5191795,8.6642357886827,1.3270450380892922,0.6729549619107078,1.0,0.0,1.0,0.0,4,0,4,0,4,4,4,4,0.7713407278060913,0.5590843898207511,,,,,,,,,,,0.25577915063105033,0.25577915063105033
117,train-load-1.0-scenario-169-retry-2,1.0,1.1111111111111112,1.1111111111111112,0.6666666666666666,3.2040644223508683,-0.5454691523162202,0.5454691523162202,0.5,0.5,0.5,0.5,5,5,5,5,10,6,10,5,0.4852551519870758,0.5562889678716474,,,,,,,,,,,0.25577915063105033,0.25577915063105033
118,train-load-0.5-scenario-42,0.5,0.44464750000000003,0.44464750000000003,0.42002825,8.937517090201101,1.1709436211380666,0.8290563788619333,1.0,0.0,1.0,0.0,5,0,5,0,5,4,5,5,0.4439581632614136,0.5535075230322891,,,,,,,,,,,0.25577915063105033,0.25577915063105033
119,train-load-1.0-scenario-521-retry-1,1.0,0.9080541666666666,0.7773758333333334,0.9080541666666666,15.287187908045698,1.0546880189720969,0.27864531436123663,0.8333333333333334,0.16666666666666666,0.8571428571428571,0.14285714285714285,10,2,12,2,14,6,12,10,0.5362323522567749,0.5507399854171277,,,,,,,,,,,0.25577915063105033,0.25577915063105033
120,train-load-0.5-scenario-100,0.5,0.43203099999999994,0.4170916666666667,0.43203099999999994,10.187968384698205,1.1206008339258098,0.8793991660741902,1.0,0.0,1.0,0.0,6,0,7,0,7,6,6,6,0.6010005474090576,0.547986285490042,,,,,,,,,,,0.25577915063105033,0.25577915063105033
121,train-load-0.6-scenario-269,0.6,0.609235,0.32338083333333334,0.609235,7.825999252463745,0.7167529165303057,0.6165804168030278,0.8333333333333334,0.16666666666666666,0.8333333333333334,0.16666666666666666,5,1,5,1,6,5,6,5,0.7641885280609131,0.5452463540625918,,,,,,,,,,,0.25577915063105033,0.25577915063105033
122,train-load-0.5-scenario-39,0.5,0.54,0.25,0.54,14.80560918181875,1.261088033865561,0.738911966134439,1.0,0.0,1.0,0.0,9,0,9,0,9,5,9,9,0.5336117744445801,0.5425201222922789,,,,,,,,,,,0.25577915063105033,0.25577915063105033
123,train-load-0.8-scenario-604,0.8,0.88,0.75,0.88,5.8897792275117204,0.11085568653185152,0.38914431346814843,0.625,0.375,0.625,0.375,5,3,5,3,8,5,8,5,0.5720952749252319,0.5398075216808175,,,,,,,,,,,0.25577915063105033,0.25577915063105033
124,train-load-1.0-scenario-83-retry-10,1.0,1.0416666666666667,1.0416666666666667,1.025,8.708389098414106,0.1308901673352313,0.33064829420323033,0.6153846153846154,0.38461538461538464,0.6153846153846154,0.38461538461538464,8,5,8,5,13,4,13,8,0.6893620491027832,0.5371084840724134,,,,,,,,,,,0.25577915063105033,0.25577915063105033
125,train-load-0.5-scenario-126-retry-1,0.5,0.4,0.3333333333333333,0.4,25.743723247168354,1.5292676249843673,0.4707323750156326,1.0,0.0,1.0,0.0,16,0,16,0,16,8,16,16,0.8250986337661743,0.5344229416520513,,,,,,,,,,,0.25577915063105033,0.25577915063105033
126,train-load-0.9-scenario-169,0.9,1.0,0.7380952380952381,1.0,8.486686444075625,-0.0030962479163049172,0.4646347094547665,0.6153846153846154,0.38461538461538464,0.6153846153846154,0.38461538461538464,8,5,8,5,13,7,13,8,1.0641214847564697,0.531750826943791,,,,,,,,,,,0.25577915063105033,0.25577915063105033
127,train-load-0.7-scenario-308-retry-4,0.7,0.6291666666666667,0.6291666666666667,0.48333333333333334,25.259374408345572,1.332942897483123,0.4448348802946546,0.9444444444444444,0.05555555555555555,0.9444444444444444,0.05555555555555555,17,1,17,1,18,6,18,17,0.6667954325675964,0.5290920728090721,,,,,,,,,,,0.25577915063105033,0.25577915063105033
128,train-load-1.0-scenario-284,1.0,1.1111111111111112,1.1111111111111112,0.8333333333333334,4.113418442582298,-0.37994848266102954,0.3799484826610295,0.5,0.5,0.5,0.5,5,5,10,10,20,6,10,5,1.0543292760849,0.5264466124450268,,,,,,,,,,,0.25577915063105033,0.25577915063105033
129,train-load-0.9-scenario-455-retry-3,0.9,1.0,1.0,0.4,2.6041720307588636,-0.3797164089667924,0.3797164089667923,0.5,0.5,0.5,0.5,4,4,4,4,8,4,8,4,0.7543025016784668,0.5238143793828016,,,,,,,,,,,0.25577915063105033,0.25577915063105033
130,train-load-0.7-scenario-453-retry-1,0.7,0.6875,0.275,0.6875,18.13764499800659,1.4401774811129489,0.5598225188870513,1.0,0.0,1.0,0.0,11,0,11,0,11,4,11,11,0.6872038841247559,0.5211953074858876,,,,,,,,,,,0.25577915063105033,0.25577915063105033
131,train-hard-4gpu-12pod-small,0.375,0.375,0.25,0.375,21.109718930641638,1.6666666666666665,0.33333333333333337,1.0,0.0,1.0,0.0,12,0,12,0,12,4,12,12,0.7456550598144531,0.5185893309484582,,,,,,,,,,,0.25577915063105033,0.25577915063105033
132,train-load-0.8-scenario-206-retry-1,0.8,0.7333333333333333,0.15,0.7333333333333333,3.536396313101604,-0.26789816599658345,0.26789816599658345,0.5,0.5,0.5,0.5,4,4,4,4,8,6,8,4,0.35737258195877075,0.5159963842937159,,,,,,,,,,,0.25577915063105033,0.25577915063105033
133,train-load-0.9-scenario-122-retry-1,0.9,0.9714285714285714,0.8857142857142857,0.9714285714285714,10.470940372162284,0.699743969695797,0.41136714141531405,0.7777777777777778,0.2222222222222222,0.7142857142857143,0.2857142857142857,7,2,10,4,14,7,9,7,0.7437434792518616,0.5134164023722473,,,,,,,,,,,0.25577915063105033,0.25577915063105033
134,train-load-0.8-scenario-544,0.8,0.74121875,0.74121875,0.51664725,6.998302015496973,0.4187095439754678,0.4384333131673895,0.7142857142857143,0.2857142857142857,0.7142857142857143,0.2857142857142857,5,2,5,2,7,4,7,5,0.7719221115112305,0.510849320360386,,,,,,,,,,,0.25577915063105033,0.25577915063105033
135,train-load-1.0-scenario-396-retry-1,1.0,1.0857142857142856,0.5952380952380952,1.0857142857142856,3.290298073567216,-0.6746317234468925,0.5207855696007387,0.46153846153846156,0.5384615384615384,0.46153846153846156,0.5384615384615384,6,7,6,7,13,7,13,6,0.7221519947052002,0.5082950737585841,,,,,,,,,,,0.25577915063105033,0.25577915063105033
136,train-load-1.0-scenario-320,1.0,0.8894311428571429,0.5541214285714285,0.8894311428571429,9.52761473189609,0.18396802368104237,0.8160319763189576,0.75,0.25,0.7692307692307693,0.23076923076923078,9,3,10,3,13,7,12,9,0.9495900869369507,0.5057535983897912,,,,,,,,,,,0.25577915063105033,0.25577915063105033
137,train-load-0.6-scenario-531,0.6,0.6666666666666666,0.26666666666666666,0.6666666666666666,7.9277605849042505,0.45254653411893564,0.5474534658810644,0.75,0.25,0.75,0.25,6,2,6,2,8,6,8,6,0.4781283140182495,0.5032248303978422,,,,,,,,,,,0.25577915063105033,0.25577915063105033
138,train-load-0.5-scenario-162,0.5,0.42784012499999996,0.2987622395833333,0.42784012499999996,11.888471213337013,1.2220310198047173,0.7779689801952827,1.0,0.0,1.0,0.0,7,0,8,0,8,8,7,7,0.5602494478225708,0.500708706245853,,,,,,,,,,,0.25577915063105033,0.25577915063105033
139,train-load-0.6-scenario-205,0.6,0.5433979166666667,0.5433979166666667,0.49545216666666664,14.887155491588587,1.3167923399105637,0.6832076600894363,1.0,0.0,1.0,0.0,9,0,9,0,9,6,9,9,0.6874818801879883,0.4982051627146237,,,,,,,,,,,0.25577915063105033,0.25577915063105033
140,train-load-0.7-scenario-650-retry-1,0.7,0.8,0.6666666666666666,0.8,18.789581405112767,1.7514874141330026,0.24851258586699748,1.0,0.0,1.0,0.0,10,0,10,0,10,5,10,10,0.4114645719528198,0.49571413690105054,,,,,,,,,,,0.25577915063105033,0.25577915063105033
141,train-load-0.7-scenario-152,0.7,0.6227043999999999,0.4252565,0.6227043999999999,5.637717342865553,0.20468187163787777,0.6524609855049794,0.7142857142857143,0.2857142857142857,0.7142857142857143,0.2857142857142857,5,2,5,2,7,5,7,5,0.6100940704345703,0.4932355662165453,,,,,,,,,,,0.25577915063105033,0.25577915063105033
142,train-load-1.0-scenario-732,1.0,0.9088324285714285,0.5201844642857143,0.9088324285714285,9.62652819822399,0.17710716687127182,0.8228928331287282,0.75,0.25,0.6923076923076923,0.3076923076923077,9,3,9,4,13,7,12,9,0.40267863869667053,0.4907693883854626,,,,,,,,,,,0.25577915063105033,0.25577915063105033
143,train-load-0.9-scenario-646,0.9,1.0,0.3333333333333333,1.0,3.9517215503459155,-0.5449349574050917,0.5449349574050917,0.5,0.5,0.5,0.5,6,6,6,6,12,6,12,6,1.1222827434539795,0.4883155414435353,,,,,,,,,,,0.25577915063105033,0.25577915063105033
144,train-load-1.0-scenario-745-retry-3,1.0,1.1,0.9166666666666666,1.1,13.385497315162727,-0.05454780968480444,0.4181841733211681,0.5909090909090909,0.4090909090909091,0.5909090909090909,0.4090909090909091,13,9,13,9,22,8,22,13,0.750128984451294,0.4858739637363176,,,,,,,,,,,0.25577915063105033,0.25577915063105033
145,train-load-1.0-scenario-543-retry-1,1.0,0.89445325,0.5843489583333333,0.89445325,8.87430233667739,0.004823396063247665,0.7644073731675215,0.6923076923076923,0.3076923076923077,0.6875,0.3125,9,4,11,5,16,8,13,9,0.5126909613609314,0.483444593917636,,,,,,,,,,,0.25577915063105033,0.25577915063105033
146,train-load-0.9-scenario-263,0.9,1.0,1.0,0.4,4.013952586300512,-0.5039175453757531,0.5039175453757531,0.5,0.5,0.5,0.5,6,6,6,6,12,6,12,6,0.7647178173065186,0.4810273709480478,,,,,,,,,,,0.25577915063105033,0.25577915063105033
147,train-load-0.8-scenario-611,0.8,0.7280679999999999,0.7280679999999999,0.6040178,9.506669632473844,0.5289519110757136,0.5821592000353976,0.7777777777777778,0.2222222222222222,0.7777777777777778,0.2222222222222222,7,2,7,2,9,5,9,7,1.0293971300125122,0.47862223409330756,,,,,,,,,,,0.25577915063105033,0.25577915063105033
148,train-load-0.8-scenario-14,0.8,0.7519601428571427,0.42379446428571427,0.7519601428571427,13.244386560580825,0.9299396089134202,0.6700603910865799,0.9,0.1,0.9,0.1,9,1,9,1,10,7,10,9,0.722871720790863,0.47622912292284103,,,,,,,,,,,0.25577915063105033,0.25577915063105033
149,train-load-1.0-scenario-45,1.0,0.9397918,0.67272875,0.9397918,9.928105702830276,0.614259112297334,0.49685199881377723,0.7777777777777778,0.2222222222222222,0.8,0.2,7,2,8,2,10,5,9,7,0.879707396030426,0.4738479773082268,,,,,,,,,,,0.25577915063105033,0.25577915063105033
150,train-hard-8gpu-16pod-1vgpu,0.5,0.5,0.3333333333333333,0.5,25.611135580339702,1.5387055078389387,0.46129449216106144,1.0,0.0,1.0,0.0,16,0,16,0,16,8,16,16,0.890476644039154,0.47147873742168567,,,,,,,,,,,0.25577915063105033,0.25577915063105033
151,train-load-0.9-scenario-732,0.9,0.9642857142857143,0.4142857142857143,0.9642857142857143,9.526003471096699,0.1087862598705065,0.6604445093602627,0.6923076923076923,0.3076923076923077,0.6923076923076923,0.3076923076923077,9,4,9,4,13,7,13,9,0.37723442912101746,0.46912134373457726,,,,,,,,,,,0.25577915063105033,0.25577915063105033
152,train-load-0.9-scenario-156-retry-1,0.9,1.0,0.14166666666666666,1.0,3.475814639477405,-0.6162644009560743,0.6162644009560743,0.5,0.5,0.5,0.5,6,6,6,6,12,6,12,6,0.867238461971283,0.46677573701590436,,,,,,,,,,,0.25577915063105033,0.25577915063105033
153,train-hard-4gpu-4pod-2vgpu,0.25,0.25,0.16666666666666666,0.25,11.587203884117226,1.9166666666666665,0.08333333333333337,1.0,0.0,1.0,0.0,4,0,8,0,8,4,4,4,0.8665785789489746,0.46444185833082485,,,,,,,,,,,0.25577915063105033,0.25577915063105033
154,train-load-1.0-scenario-504,1.0,0.9785504999999999,0.8551390625,0.9785504999999999,1.113326829265822,-0.7888822509073666,0.7888822509073666,0.5,0.5,0.5,0.5,5,5,5,5,10,4,10,5,1.286811351776123,0.46211964903917074,,,,,,,,,,,0.25577915063105033,0.25577915063105033
155,train-load-1.0-scenario-196,1.0,0.9,0.4875,0.9,-1.1501466589454128,-1.2141198839299223,0.5474532172632557,0.3333333333333333,0.6666666666666666,0.3333333333333333,0.6666666666666666,3,6,3,6,9,8,9,3,1.1126971244812012,0.4598090507939749,,,,,,,,,,,0.25577915063105033,0.25577915063105033
156,train-load-0.9-scenario-195-retry-2,0.9,1.0,0.46,1.0,9.273456794394153,0.2833624319128658,0.6257284771780434,0.7272727272727273,0.2727272727272727,0.7272727272727273,0.2727272727272727,8,3,8,3,11,5,11,8,0.7382180690765381,0.457510005540005,,,,,,,,,,,0.25577915063105033,0.25577915063105033
157,train-load-0.7-scenario-282-retry-5,0.7,0.8,0.75,0.8,9.236172115070353,0.5518775346721093,0.5592335764390018,0.7777777777777778,0.2222222222222222,0.8333333333333334,0.16666666666666666,7,2,10,2,12,6,9,7,0.7844182252883911,0.45522245551230495,,,,,,,,,,,0.25577915063105033,0.25577915063105033
158,train-load-1.0-scenario-270-retry-3,1.0,1.0,0.6,1.0,5.447448177275356,-0.36281669815935114,0.6961500314926845,0.5833333333333334,0.4166666666666667,0.6153846153846154,0.38461538461538464,7,5,8,5,13,5,12,7,0.9360740184783936,0.4529463432347434,,,,,,,,,,,0.25577915063105033,0.25577915063105033
159,train-load-0.5-scenario-741-retry-2,0.5,0.575,0.55,0.575,4.31809074172621,-0.23320040088340976,0.8998670675500764,0.6666666666666666,0.3333333333333333,0.6666666666666666,0.3333333333333333,6,3,6,3,9,6,9,6,0.788785457611084,0.4506816115185697,,,,,,,,,,,0.25577915063105033,0.25577915063105033
160,train-load-0.9-scenario-138,0.9,0.8217838571428572,0.3796467261904762,0.8217838571428572,10.719462344902588,0.8200190887310219,0.6799809112689781,0.875,0.125,0.8,0.2,7,1,8,2,10,7,8,7,0.7588774561882019,0.4484282034609769,,,,,,,,,,,0.25577915063105033,0.25577915063105033
161,train-load-0.9-scenario-380-retry-1,0.9,0.95,0.9444444444444444,0.95,10.921764299376894,0.288429377784305,0.48080139144646417,0.6923076923076923,0.3076923076923077,0.6923076923076923,0.3076923076923077,9,4,9,4,13,6,13,9,1.032790184020996,0.446186062443672,,,,,,,,,,,0.25577915063105033,0.25577915063105033
162,train-load-1.0-scenario-388,1.0,1.075,1.075,1.05,8.686674428986029,0.19291043168797628,0.7161804774029329,0.7272727272727273,0.2727272727272727,0.7272727272727273,0.2727272727272727,8,3,8,3,11,4,11,8,1.2625309228897095,0.4439551321314536,,,,,,,,,,,0.25577915063105033,0.25577915063105033
163,train-load-0.5-scenario-672,0.5,0.55,0.49375,0.55,4.158113878097529,-0.22326466636110753,0.7232646663611075,0.625,0.375,0.7,0.3,5,3,7,3,10,8,8,5,0.7003493309020996,0.4417353564707963,,,,,,,,,,,0.25577915063105033,0.25577915063105033
164,train-load-0.7-scenario-101,0.7,0.5986694285714286,0.49193107142857145,0.5986694285714286,16.18707918469236,1.336450556081187,0.663549443918813,1.0,0.0,1.0,0.0,10,0,11,0,11,7,10,10,0.6725451946258545,0.43952667968844233,,,,,,,,,,,0.25577915063105033,0.25577915063105033
165,train-load-0.8-scenario-277-retry-6,0.8,0.9142857142857143,0.5428571428571428,0.9142857142857143,5.178813355553434,-0.224974695179037,0.6249746951790369,0.6,0.4,0.6,0.4,6,4,6,4,10,7,10,6,0.8013343811035156,0.43732904629000013,,,,,,,,,,,0.25577915063105033,0.25577915063105033
166,train-load-0.8-scenario-379,0.8,0.9,0.75,0.9,7.192334314988722,0.21008465874173265,0.456582007924934,0.6666666666666666,0.3333333333333333,0.6666666666666666,0.3333333333333333,6,3,6,3,9,4,9,6,1.2471166849136353,0.4351424010585501,,,,,,,,,,,0.25577915063105033,0.25577915063105033
167,train-load-0.5-scenario-545-retry-2,0.5,0.4,0.2,0.4,21.02989380576827,1.6112407653657463,0.38875923463425377,1.0,0.0,1.0,0.0,12,0,12,0,12,6,12,12,0.8603532910346985,0.43296668905325736,,,,,,,,,,,0.25577915063105033,0.25577915063105033
168,train-load-1.0-scenario-130-retry-1,1.0,0.9285714285714286,0.9285714285714286,0.7142857142857143,24.413765472591606,1.053375265272095,0.346624734727905,0.85,0.15,0.85,0.15,17,3,17,3,20,7,20,17,0.6240251064300537,0.43080185560799106,,,,,,,,,,,0.25577915063105033,0.25577915063105033
169,train-load-1.0-scenario-38,1.0,0.9040801666666666,0.6659493055555555,0.9040801666666666,5.379904479398394,-0.2897504245216025,0.8352049699761479,0.6363636363636364,0.36363636363636365,0.5833333333333334,0.4166666666666667,7,4,7,5,12,6,11,7,0.9181656837463379,0.4286478463299511,,,,,,,,,,,0.25577915063105033,0.25577915063105033
170,train-load-1.0-scenario-11,1.0,1.0857142857142856,0.30952380952380953,1.0857142857142856,1.4451984510883644,-0.7866370627157229,0.386637062715723,0.4,0.6,0.4,0.6,4,6,4,6,10,7,10,4,1.0574853420257568,0.42650460709830135,,,,,,,,,,,0.25577915063105033,0.25577915063105033
171,train-load-0.9-scenario-438-retry-2,0.9,0.9285714285714286,0.30952380952380953,0.9285714285714286,5.8241267073386584,-0.3731003469206541,0.5269465007668078,0.5384615384615384,0.46153846153846156,0.5384615384615384,0.46153846153846156,7,6,7,6,13,7,13,7,0.47373536229133606,0.42437208406280985,,,,,,,,,,,0.25577915063105033,0.25577915063105033
172,train-load-0.9-scenario-304-retry-1,0.9,1.0,0.4166666666666667,1.0,3.9321412674794587,-0.2761406257603506,0.4983628479825729,0.5555555555555556,0.4444444444444444,0.5555555555555556,0.4444444444444444,5,4,5,4,9,6,9,5,1.5147109031677246,0.4222502236424958,,,,,,,,,,,0.25577915063105033,0.25577915063105033
173,train-load-0.5-scenario-337-retry-2,0.5,0.5625,0.5625,0.28125,13.357389761016442,1.1046193483685385,0.45093620718701694,0.8888888888888888,0.1111111111111111,0.8888888888888888,0.1111111111111111,8,1,8,1,9,8,9,8,0.8821266889572144,0.42013897252428334,,,,,,,,,,,0.25577915063105033,0.25577915063105033
174,train-load-0.7-scenario-104,0.7,0.6166666666666667,0.48333333333333334,0.6166666666666667,19.526481555756536,1.6046372649204603,0.39536273507953973,1.0,0.0,1.0,0.0,11,0,11,0,11,6,11,11,0.8728777170181274,0.4180382776616619,,,,,,,,,,,0.25577915063105033,0.25577915063105033
175,train-load-0.7-scenario-188,0.7,0.6189626666666667,0.52857125,0.6189626666666667,10.602881654992732,0.8243990754717827,0.6756009245282173,0.875,0.125,0.7777777777777778,0.2222222222222222,7,1,7,2,9,6,8,7,0.6205649375915527,0.4159480862733536,,,,,,,,,,,0.25577915063105033,0.25577915063105033
176,train-load-0.9-scenario-252,0.9,1.0,0.6666666666666666,1.0,3.8505416021246117,-0.37284451787088735,0.37284451787088735,0.5,0.5,0.5,0.5,5,5,5,5,10,5,10,5,0.8969274759292603,0.41386834584198684,,,,,,,,,,,0.25577915063105033,0.25577915063105033
177,train-load-0.6-scenario-24,0.6,0.66875,0.3541666666666667,0.66875,11.49744077514072,0.8368782695586817,0.7186772859968736,0.8888888888888888,0.1111111111111111,0.8888888888888888,0.1111111111111111,8,1,8,1,9,8,9,8,0.7875512838363647,0.4117990041127769,,,,,,,,,,,0.25577915063105033,0.25577915063105033
178,train-load-0.8-scenario-52-retry-2,0.8,0.75,0.5,0.75,15.250540040412444,0.9408841285809584,0.3924492047523751,0.8333333333333334,0.16666666666666666,0.8333333333333334,0.16666666666666666,10,2,10,2,12,4,12,10,0.477873295545578,0.40974000909221303,,,,,,,,,,,0.25577915063105033,0.25577915063105033
179,train-hard-4gpu-12pod-small,0.375,0.375,0.25,0.375,21.47298867922634,1.7276860872528026,0.2723139127471974,1.0,0.0,1.0,0.0,12,0,12,0,12,4,12,12,0.7608698606491089,0.40769130904675194,,,,,,,,,,,0.25577915063105033,0.25577915063105033
180,train-load-1.0-scenario-494,1.0,0.8890664285714286,0.8890664285714286,0.8873781428571429,12.560175817561689,0.217534348726786,0.532465651273214,0.6875,0.3125,0.6111111111111112,0.3888888888888889,11,5,11,7,18,7,16,11,1.1036213636398315,0.40565285250151817,,,,,,,,,,,0.25577915063105033,0.25577915063105033
181,train-load-0.6-scenario-210,0.6,0.6268835,0.5261510416666667,0.6268835,9.221621054327112,1.4127066244310291,0.5872933755689708,1.0,0.0,1.0,0.0,4,0,7,0,7,4,4,4,0.6554170250892639,0.4036245882390106,,,,,,,,,,,0.25577915063105033,0.25577915063105033
182,train-load-1.0-scenario-726-retry-2,1.0,0.9313664285714286,0.6025625,0.9313664285714286,12.618762556800828,0.5108131573871925,0.5661099195358845,0.7692307692307693,0.23076923076923078,0.6666666666666666,0.3333333333333333,10,3,10,5,15,7,13,10,0.48725399374961853,0.4016064652978155,,,,,,,,,,,0.25577915063105033,0.25577915063105033
183,train-load-0.9-scenario-128-retry-7,0.9,0.9583333333333334,0.9583333333333334,0.925,11.567802791529928,0.6164984110784679,0.2925924980124413,0.7272727272727273,0.2727272727272727,0.6538461538461539,0.34615384615384615,8,3,17,9,26,8,11,8,0.781022310256958,0.3995984329713264,,,,,,,,,,,0.25577915063105033,0.25577915063105033
184,train-load-0.8-scenario-719-retry-2,0.8,0.9083333333333333,0.5916666666666667,0.9083333333333333,6.03118877670444,0.05498615292991471,0.6116805137367519,0.6666666666666666,0.3333333333333333,0.6666666666666666,0.3333333333333333,6,3,6,3,9,6,9,6,0.9886865019798279,0.3976004408064698,,,,,,,,,,,0.25577915063105033,0.25577915063105033
185,train-load-0.5-scenario-533,0.5,0.4542151666666666,0.4117076388888889,0.4542151666666666,11.634234333580238,1.4075894780806748,0.5924105219193251,1.0,0.0,1.0,0.0,6,0,7,0,7,6,6,6,0.7559141516685486,0.39561243860243744,,,,,,,,,,,0.25577915063105033,0.25577915063105033
186,train-load-0.8-scenario-386-retry-1,0.8,0.7098125000000001,0.470221875,0.7098125000000001,17.694325982746214,1.3839535467183182,0.6160464532816818,1.0,0.0,1.0,0.0,11,0,13,0,13,8,11,11,1.3206651210784912,0.3936343764094253,,,,,,,,,,,0.25577915063105033,0.25577915063105033
187,train-load-0.6-scenario-143,0.6,0.5145671875,0.5145671875,0.506776875,17.483838506598616,1.3229984557527874,0.6770015442472126,1.0,0.0,1.0,0.0,11,0,11,0,11,8,11,11,0.7505675554275513,0.39166620452737816,,,,,,,,,,,0.25577915063105033,0.25577915063105033
188,train-load-0.9-scenario-665,0.9,0.9215257142857143,0.7156360714285714,0.9215257142857143,12.139233690301596,0.4277320229203817,0.6491910540026953,0.7692307692307693,0.23076923076923078,0.7333333333333333,0.26666666666666666,10,3,11,4,15,7,13,10,1.3733495473861694,0.3897078735047413,,,,,,,,,,,0.25577915063105033,0.25577915063105033
189,train-load-1.0-scenario-57-retry-2,1.0,1.05,1.05,1.05,14.53882799372337,0.10738119122953171,0.3688092849609446,0.6190476190476191,0.38095238095238093,0.6190476190476191,0.38095238095238093,13,8,13,8,21,8,21,13,0.7632532119750977,0.3877593341372176,,,,,,,,,,,0.25577915063105033,0.25577915063105033
190,train-load-0.5-scenario-119,0.5,0.5625,0.28125,0.5625,13.272087942722077,1.1015129938387749,0.45404256171678076,0.8888888888888888,0.1111111111111111,0.8888888888888888,0.1111111111111111,8,1,8,1,9,8,9,8,1.0109938383102417,0.3858205374665315,,,,,,,,,,,0.25577915063105033,0.25577915063105033
191,train-load-0.7-scenario-387-retry-1,0.7,0.8,0.8,0.8,12.435908455999991,0.6150380496661834,0.3849619503338165,0.75,0.25,0.75,0.25,9,3,9,3,12,6,12,9,0.3989270329475403,0.38389143477919885,,,,,,,,,,,0.25577915063105033,0.25577915063105033
192,train-load-0.8-scenario-99,0.8,0.692815,0.30696124999999996,0.692815,10.572456346942229,1.4740517399000352,0.5259482600999646,1.0,0.0,1.0,0.0,5,0,5,0,5,4,5,5,0.33843207359313965,0.3819719776053028,,,,,,,,,,,0.25577915063105033,0.25577915063105033
193,train-load-1.0-scenario-211-retry-2,1.0,0.9832068,0.5807191666666667,0.9832068,5.529308292685256,-0.04826326082259802,0.7149299274892646,0.6666666666666666,0.3333333333333333,0.6,0.4,6,3,6,4,10,5,9,6,0.9627779722213745,0.3800621177172763,,,,,,,,,,,0.25577915063105033,0.25577915063105033
194,train-load-0.6-scenario-511,0.6,0.5182608,0.44386600000000004,0.5182608,12.403248917095915,1.3379307239713931,0.6620692760286069,1.0,0.0,1.0,0.0,7,0,7,0,7,5,7,7,1.166793704032898,0.37816180712868996,,,,,,,,,,,0.25577915063105033,0.25577915063105033
195,train-load-0.9-scenario-401-retry-1,0.9,1.0,0.18333333333333332,1.0,3.188897138303528,-0.4681306363642391,0.4681306363642391,0.5,0.5,0.5,0.5,5,5,5,5,10,5,10,5,0.9985541105270386,0.37627099809304654,,,,,,,,,,,0.25577915063105033,0.25577915063105033
196,train-load-0.6-scenario-411-retry-2,0.6,0.7142857142857143,0.6857142857142857,0.7142857142857143,10.829022195818991,0.4926164921531706,0.41647441693773846,0.7272727272727273,0.2727272727272727,0.7272727272727273,0.2727272727272727,8,3,8,3,11,7,11,8,1.0433104038238525,0.3743896431025813,,,,,,,,,,,0.25577915063105033,0.25577915063105033
197,train-load-0.7-scenario-94-retry-1,0.7,0.5928571428571429,0.5714285714285714,0.5928571428571429,22.759668292329568,1.6890440118284975,0.3109559881715025,1.0,0.0,1.0,0.0,13,0,13,0,13,7,13,13,0.8256082534790039,0.37251769488706843,,,,,,,,,,,0.25577915063105033,0.25577915063105033
198,train-load-0.9-scenario-519,0.9,0.890206,0.41210104166666667,0.890206,7.741197663412461,0.7368387787941688,0.5964945545391647,0.8333333333333334,0.16666666666666666,0.8333333333333334,0.16666666666666666,5,1,5,1,6,4,6,5,0.4839010536670685,0.3706551064126331,,,,,,,,,,,0.25577915063105033,0.25577915063105033
199,train-load-0.5-scenario-558,0.5,0.4557066,0.245549,0.4557066,7.965295334139748,1.412974003281931,0.587025996718069,1.0,0.0,1.0,0.0,3,0,4,0,4,5,3,3,1.103484869003296,0.36880183088056995,,,,,,,,,,,0.25577915063105033,0.25577915063105033
200,train-load-1.0-scenario-192-retry-2,1.0,1.1071428571428572,0.7857142857142857,1.1071428571428572,9.074508481272918,0.17915407764236868,0.487512589024298,0.6666666666666666,0.3333333333333333,0.6470588235294118,0.35294117647058826,8,4,11,6,17,7,12,8,0.8285285830497742,0.3669578217261671,0.38702562222102765,0.5070738158890943,0.7235248595275305,0.27647514047246946,0.7129663883378361,0.287033611662164,0.38702562222102765,0.6704746597068701,0.2938371321594612,0.7473862544495329,0.38702562222102765,0.38702562222102765
201,train-load-0.7-scenario-119-retry-2,0.7,0.6071428571428571,0.39285714285714285,0.6071428571428571,17.384221411564255,1.5051729685124353,0.4948270314875647,1.0,0.0,1.0,0.0,10,0,10,0,10,7,10,10,0.9968971014022827,0.36512303261753626,,,,,,,,,,,0.38702562222102765,0.38702562222102765
202,train-load-0.8-scenario-57-retry-10,0.8,0.9166666666666666,0.9166666666666666,0.4583333333333333,5.240504445558539,-0.22228845997302826,0.40410664179121,0.5454545454545454,0.45454545454545453,0.5454545454545454,0.45454545454545453,6,5,6,5,11,6,11,6,0.875403881072998,0.3632974174544486,,,,,,,,,,,0.38702562222102765,0.38702562222102765
203,train-load-0.9-scenario-78,0.9,0.975,0.75,0.975,9.151977868115775,0.4160677289526832,0.38393227104731675,0.7,0.3,0.7,0.3,7,3,7,3,10,6,10,7,0.5157508850097656,0.3614809303671764,,,,,,,,,,,0.38702562222102765,0.38702562222102765
204,train-load-0.5-scenario-221,0.5,0.4466630952380952,0.4466630952380952,0.4175417142857143,13.282192194812135,1.2527958023588637,0.7472041976411363,1.0,0.0,1.0,0.0,8,0,8,0,8,7,8,8,0.8370963335037231,0.3596735257153405,,,,,,,,,,,0.38702562222102765,0.38702562222102765
205,train-load-0.5-scenario-553-retry-3,0.5,0.4,0.2,0.4,31.79306728907968,1.6097775782818817,0.3902224217181183,1.0,0.0,1.0,0.0,20,0,20,0,20,5,20,20,0.8396221399307251,0.3578751580867638,,,,,,,,,,,0.38702562222102765,0.38702562222102765
206,train-load-0.5-scenario-294,0.5,0.5625,0.45,0.5625,17.197662667681332,1.6370999133289836,0.36290008667101625,1.0,0.0,1.0,0.0,9,0,9,0,9,4,9,9,1.1807334423065186,0.35608578229633,,,,,,,,,,,0.38702562222102765,0.38702562222102765
207,train-load-0.9-scenario-203,0.9,0.9192052,0.7426155,0.9192052,8.830692797013633,0.44766058526234753,0.6634505258487636,0.7777777777777778,0.2222222222222222,0.6666666666666666,0.3333333333333333,7,2,8,4,12,5,9,7,0.6856945753097534,0.3543053533848483,,,,,,,,,,,0.38702562222102765,0.38702562222102765
208,train-load-0.6-scenario-657,0.6,0.55214125,0.4545190625,0.55214125,16.54676996402803,1.3600039116599856,0.6399960883400144,1.0,0.0,1.0,0.0,10,0,11,0,11,8,10,10,0.5324355363845825,0.35253382661792404,,,,,,,,,,,0.38702562222102765,0.38702562222102765
209,train-load-0.5-scenario-425,0.5,0.4339705,0.34127859374999997,0.4339705,12.526109700024943,1.11365392709539,0.8863460729046101,1.0,0.0,1.0,0.0,8,0,9,0,9,8,8,8,0.6182596683502197,0.3507711574848344,,,,,,,,,,,0.38702562222102765,0.38702562222102765
210,train-load-0.7-scenario-594,0.7,0.6632785,0.6632785,0.5487398000000001,10.221733519659743,0.8351441405322544,0.6648558594677456,0.875,0.125,0.875,0.125,7,1,7,1,8,5,8,7,0.5197798609733582,0.34901730169741024,,,,,,,,,,,0.38702562222102765,0.38702562222102765
211,train-load-0.7-scenario-521,0.7,0.6178708333333334,0.6178708333333334,0.4595392857142857,13.32045449152676,1.2786543733146345,0.7213456266853655,1.0,0.0,1.0,0.0,8,0,11,0,11,7,8,8,0.47360146045684814,0.3472722151889232,,,,,,,,,,,0.38702562222102765,0.38702562222102765
212,train-load-0.8-scenario-126-retry-3,0.8,0.8,0.4,0.8,15.232334691802375,0.4914471955395523,0.5085528044604477,0.75,0.25,0.75,0.25,12,4,12,4,16,8,16,12,0.8837898969650269,0.3455358541129786,,,,,,,,,,,0.38702562222102765,0.38702562222102765
213,train-load-0.6-scenario-384-retry-1,0.6,0.6666666666666666,0.2222222222222222,0.6666666666666666,7.734688707054445,0.40790794798057695,0.592092052019423,0.75,0.25,0.75,0.25,6,2,6,2,8,6,8,6,0.6050324440002441,0.3438081748424137,,,,,,,,,,,0.38702562222102765,0.38702562222102765
214,train-load-1.0-scenario-485-retry-1,1.0,1.1083333333333334,0.7777777777777778,1.1083333333333334,15.297734008011302,0.7658644564439907,0.37699268641315214,0.7857142857142857,0.21428571428571427,0.7857142857142857,0.21428571428571427,11,3,11,3,14,6,14,11,0.6181128621101379,0.3420891339682016,,,,,,,,,,,0.38702562222102765,0.38702562222102765
215,train-load-1.0-scenario-128,1.0,0.9432136000000001,0.5540008333333334,0.9432136000000001,8.453042320709857,0.8116894506303567,0.5216438827029768,0.8333333333333334,0.16666666666666666,0.8,0.2,5,1,8,2,10,5,6,5,0.37546926736831665,0.3403786882983606,,,,,,,,,,,0.38702562222102765,0.38702562222102765
216,train-load-1.0-scenario-430,1.0,0.9287231250000001,0.7348651041666666,0.9287231250000001,14.39839234155599,0.41094503559074513,0.5890549644092549,0.75,0.25,0.7777777777777778,0.2222222222222222,12,4,14,4,18,8,16,12,0.7816060781478882,0.3386767948568688,,,,,,,,,,,0.38702562222102765,0.38702562222102765
217,train-load-0.6-scenario-220-retry-1,0.6,0.5766844999999999,0.3247096875,0.5766844999999999,8.963560933816439,1.342157091921313,0.6578429080786871,1.0,0.0,1.0,0.0,4,0,4,0,4,4,4,4,0.660065770149231,0.33698341088258443,,,,,,,,,,,0.38702562222102765,0.38702562222102765
218,train-load-0.8-scenario-129-retry-1,0.8,0.9,0.5,0.9,9.380430172173224,-0.0029389416975186267,0.5743675131260901,0.6428571428571429,0.35714285714285715,0.6428571428571429,0.35714285714285715,9,5,9,5,14,8,14,9,0.4224777817726135,0.3352984938281715,,,,,,,,,,,0.38702562222102765,0.38702562222102765
219,train-load-0.9-scenario-330,0.9,0.7858891666666666,0.6393627083333333,0.7858891666666666,9.472016060381868,0.44128569984093435,0.7587143001590657,0.8,0.2,0.7272727272727273,0.2727272727272727,8,2,8,3,11,6,10,8,0.5452966690063477,0.33362200135903064,,,,,,,,,,,0.38702562222102765,0.38702562222102765
220,train-load-0.5-scenario-52,0.5,0.46355799999999997,0.18262708333333333,0.46355799999999997,9.741653421103983,1.3012630435752477,0.6987369564247523,1.0,0.0,1.0,0.0,5,0,5,0,5,6,5,5,0.6803017854690552,0.33195389135223546,,,,,,,,,,,0.38702562222102765,0.38702562222102765
221,train-load-0.6-scenario-686,0.6,0.5167707142857143,0.4531556547619048,0.5167707142857143,13.71486220829603,1.1470638654878327,0.8529361345121672,1.0,0.0,1.0,0.0,9,0,9,0,9,7,9,9,0.9285642504692078,0.3302941218954743,,,,,,,,,,,0.38702562222102765,0.38702562222102765
222,train-load-1.0-scenario-514-retry-21,1.0,1.1,0.44,1.1,2.44990424831133,-0.6191953868051093,0.43737720498692756,0.45454545454545453,0.5454545454545454,0.45454545454545453,0.5454545454545454,5,6,5,6,11,5,11,5,0.5396499633789062,0.32864265128599696,,,,,,,,,,,0.38702562222102765,0.38702562222102765
223,train-load-1.0-scenario-10-retry-9,1.0,1.0,0.625,1.0,3.636147290018097,-0.46139359564347115,0.46139359564347115,0.5,0.5,0.5,0.5,5,5,10,10,20,8,10,5,0.623309850692749,0.326999438029567,,,,,,,,,,,0.38702562222102765,0.38702562222102765
224,train-load-0.6-scenario-179,0.6,0.7,0.6111111111111112,0.7,14.608250155257696,1.1568111492724227,0.4431888507275774,0.9,0.1,0.9,0.1,9,1,9,1,10,6,10,9,0.5667014718055725,0.3253644408394192,,,,,,,,,,,0.38702562222102765,0.38702562222102765
225,train-load-0.5-scenario-684,0.5,0.5714285714285714,0.19047619047619047,0.5714285714285714,11.38830947499482,0.99027473142861,0.50972526857139,0.875,0.125,0.875,0.125,7,1,7,1,8,7,8,7,0.6305205821990967,0.3237376186352221,,,,,,,,,,,0.38702562222102765,0.38702562222102765
226,train-load-0.8-scenario-630,0.8,0.7259303333333333,0.7049034722222223,0.7259303333333333,8.584101920202446,0.4365577458148404,0.6745533652962707,0.7777777777777778,0.2222222222222222,0.7272727272727273,0.2727272727272727,7,2,8,3,11,6,9,7,0.9722435474395752,0.322118930542046,,,,,,,,,,,0.38702562222102765,0.38702562222102765
227,train-load-0.6-scenario-660,0.6,0.521473,0.5059357142857144,0.521473,9.301555199343571,0.3580952580705451,0.841904741929455,0.8,0.2,0.8,0.2,8,2,8,2,10,7,10,8,0.6033946871757507,0.32050833588933575,,,,,,,,,,,0.38702562222102765,0.38702562222102765
228,train-load-0.7-scenario-154,0.7,0.6265786666666667,0.5354014583333334,0.6265786666666667,14.643020649182818,1.4883603834547423,0.5116396165452577,1.0,0.0,1.0,0.0,8,0,9,0,9,6,8,8,0.6719025373458862,0.31890579420988907,,,,,,,,,,,0.38702562222102765,0.38702562222102765
229,train-load-0.8-scenario-588,0.8,0.787769,0.32875225,0.787769,8.522110933437547,0.6882051289260355,0.740366299645393,0.8571428571428571,0.14285714285714285,0.8571428571428571,0.14285714285714285,6,1,6,1,7,5,7,6,0.535001814365387,0.3173112652388396,,,,,,,,,,,0.38702562222102765,0.38702562222102765
230,train-load-0.5-scenario-431,0.5,0.465265,0.40918312500000004,0.465265,8.027972929215935,1.1780577181412815,0.8219422818587186,1.0,0.0,1.0,0.0,4,0,5,0,5,4,4,4,0.967214822769165,0.3157247089126454,,,,,,,,,,,0.38702562222102765,0.38702562222102765
231,train-load-0.6-scenario-326-retry-3,0.6,0.6285714285714286,0.15714285714285714,0.6285714285714286,17.631961758927616,1.3327748368302692,0.6672251631697308,1.0,0.0,1.0,0.0,11,0,11,0,11,7,11,11,0.7364731431007385,0.3141460853680822,,,,,,,,,,,0.38702562222102765,0.38702562222102765
232,train-load-0.6-scenario-291,0.6,0.6187096875,0.6187096875,0.5159815,13.643805136049146,1.5183231453402812,0.4816768546597189,1.0,0.0,1.0,0.0,7,0,7,0,7,4,7,7,0.9124609231948853,0.3125753549412418,,,,,,,,,,,0.38702562222102765,0.38702562222102765
233,train-load-1.0-scenario-184,1.0,1.1111111111111112,1.1111111111111112,0.16666666666666666,-0.9965345782093333,-1.1771989571659063,0.7771989571659065,0.4,0.6,0.4,0.6,4,6,4,6,10,6,10,4,0.6754965782165527,0.31101247816653554,,,,,,,,,,,0.38702562222102765,0.38702562222102765
234,train-load-0.5-scenario-72,0.5,0.44732976190476187,0.44732976190476187,0.43013942857142856,11.058521692476486,1.103245804839804,0.8967541951601959,1.0,0.0,1.0,0.0,7,0,8,0,8,7,7,7,0.5134921073913574,0.30945741577570285,,,,,,,,,,,0.38702562222102765,0.38702562222102765
235,train-load-0.5-scenario-23,0.5,0.4,0.3333333333333333,0.4,25.531147065572714,1.537279259742075,0.462720740257925,1.0,0.0,1.0,0.0,16,0,16,0,16,4,16,16,0.4466627836227417,0.3079101286968243,,,,,,,,,,,0.38702562222102765,0.38702562222102765
236,train-load-0.8-scenario-78,0.8,0.8857142857142857,0.2619047619047619,0.8857142857142857,-3.8351355784724874,-1.6416998890484646,0.6416998890484645,0.25,0.75,0.25,0.75,2,6,2,6,8,7,8,2,0.3045505881309509,0.3063705780533402,,,,,,,,,,,0.38702562222102765,0.38702562222102765
237,train-load-0.7-scenario-430,0.7,0.6601672,0.42713075000000006,0.6601672,11.827621880198233,1.2385109021305392,0.7614890978694608,1.0,0.0,1.0,0.0,7,0,8,0,8,5,7,7,0.6080153584480286,0.30483872516307353,,,,,,,,,,,0.38702562222102765,0.38702562222102765
238,train-load-0.7-scenario-108,0.7,0.7777777777777778,0.7777777777777778,0.7666666666666667,14.897869163469213,0.9491803089512065,0.38415302438212695,0.8333333333333334,0.16666666666666666,0.8333333333333334,0.16666666666666666,10,2,10,2,12,6,12,10,0.7149603366851807,0.3033145315372582,,,,,,,,,,,0.38702562222102765,0.38702562222102765
239,train-load-0.7-scenario-409,0.7,0.6,0.3,0.6,23.27715442171498,1.44852923280451,0.5514707671954899,1.0,0.0,1.0,0.0,15,0,15,0,15,5,15,15,0.512704610824585,0.3017979588795719,,,,,,,,,,,0.38702562222102765,0.38702562222102765
240,train-hard-4gpu-4pod-2vgpu,0.25,0.25,0.16666666666666666,0.25,11.587203884117226,1.9166666666666665,0.08333333333333337,1.0,0.0,1.0,0.0,4,0,8,0,8,4,4,4,0.7027380466461182,0.30028896908517405,,,,,,,,,,,0.38702562222102765,0.38702562222102765
241,train-load-1.0-scenario-160,1.0,0.93582975,0.71565703125,0.93582975,15.54666317762101,0.46246067779186417,0.5963628516199004,0.7647058823529411,0.23529411764705882,0.7222222222222222,0.2777777777777778,13,4,13,5,18,8,17,13,0.6574425101280212,0.2987875242397482,,,,,,,,,,,0.38702562222102765,0.38702562222102765
242,train-load-0.5-scenario-438,0.5,0.5833333333333334,0.3888888888888889,0.5833333333333334,21.792722303529896,1.411818851941971,0.5881811480580291,1.0,0.0,1.0,0.0,14,0,14,0,14,6,14,14,0.8896706700325012,0.29729358661854943,,,,,,,,,,,0.38702562222102765,0.38702562222102765
243,train-load-0.8-scenario-331-retry-3,0.8,0.7875,0.75,0.7875,26.18134783874752,1.4155886287931267,0.36218914898465093,0.9444444444444444,0.05555555555555555,0.9444444444444444,0.05555555555555555,17,1,17,1,18,8,18,17,0.8524513244628906,0.29580711868545667,,,,,,,,,,,0.38702562222102765,0.38702562222102765
244,train-load-0.5-scenario-666-retry-6,0.5,0.5,0.5,0.5,15.972362585860317,1.6728494747158824,0.3271505252841176,1.0,0.0,1.0,0.0,8,0,8,0,8,8,8,8,0.6839820146560669,0.2943280830920294,,,,,,,,,,,0.38702562222102765,0.38702562222102765
245,train-load-1.0-scenario-398-retry-1,1.0,0.8914085,0.46557916666666666,0.8914085,4.311112951461338,0.03650386732381139,0.8206389898190458,0.7142857142857143,0.2857142857142857,0.7142857142857143,0.2857142857142857,5,2,5,2,7,4,7,5,0.5236055850982666,0.29285644267656924,,,,,,,,,,,0.38702562222102765,0.38702562222102765
246,train-load-0.6-scenario-493,0.6,0.548765,0.3344375,0.548765,11.307329119079963,1.3258136116808734,0.6741863883191266,1.0,0.0,1.0,0.0,6,0,6,0,6,5,6,6,0.42036640644073486,0.2913921604631864,,,,,,,,,,,0.38702562222102765,0.38702562222102765
247,train-load-0.7-scenario-200,0.7,0.6981916666666667,0.6981916666666667,0.6242205,12.3425510985031,1.360803278810863,0.6391967211891368,1.0,0.0,1.0,0.0,7,0,7,0,7,4,7,7,0.6885876655578613,0.28993519966087045,,,,,,,,,,,0.38702562222102765,0.38702562222102765
248,train-load-1.0-scenario-577-retry-4,1.0,1.1166666666666667,0.9666666666666667,1.1166666666666667,10.157862586339764,0.07199631630845593,0.5946703503582107,0.6666666666666666,0.3333333333333333,0.6666666666666666,0.3333333333333333,10,5,10,5,15,6,15,10,0.39894843101501465,0.2884855236625661,,,,,,,,,,,0.38702562222102765,0.38702562222102765
249,train-load-0.7-scenario-295-retry-1,0.7,0.6190476190476191,0.6190476190476191,0.17142857142857143,15.69048703068315,0.9130857705637524,0.7535808961029142,0.9166666666666666,0.08333333333333333,0.9166666666666666,0.08333333333333333,11,1,11,1,12,7,12,11,0.48142266273498535,0.28704309604425327,,,,,,,,,,,0.38702562222102765,0.38702562222102765
250,train-load-1.0-scenario-206,1.0,0.9457788333333333,0.6526908333333333,0.9457788333333333,9.962588259919226,0.25962888852490096,0.740371111475099,0.75,0.25,0.6923076923076923,0.3076923076923077,9,3,9,4,13,6,12,9,0.43710267543792725,0.285607880564032,,,,,,,,,,,0.38702562222102765,0.38702562222102765
251,train-load-0.7-scenario-161,0.7,0.6719069999999999,0.271390625,0.6719069999999999,15.080218883627044,1.1830833237109772,0.8169166762890228,1.0,0.0,1.0,0.0,10,0,10,0,10,8,10,10,1.1447921991348267,0.28417984116121187,,,,,,,,,,,0.38702562222102765,0.38702562222102765
252,train-load-0.6-scenario-617,0.6,0.6173865,0.29915138888888887,0.6173865,12.858320397344048,1.384754761300025,0.6152452386999749,1.0,0.0,1.0,0.0,7,0,7,0,7,6,7,7,0.408510684967041,0.2827589419554058,,,,,,,,,,,0.38702562222102765,0.38702562222102765
253,train-load-0.8-scenario-211-retry-2,0.8,0.9,0.9,0.225,7.9637346236779525,0.36674260187888175,0.7443685092322294,0.7777777777777778,0.2222222222222222,0.7777777777777778,0.2222222222222222,7,2,7,2,9,4,9,7,0.8343144059181213,0.28134514724562876,,,,,,,,,,,0.38702562222102765,0.38702562222102765
254,train-load-1.0-scenario-118,1.0,0.9375,0.16666666666666666,0.9375,-2.3339466851322683,-1.382135126444046,0.2710240153329348,0.2222222222222222,0.7777777777777778,0.2222222222222222,0.7777777777777778,2,7,2,7,9,8,9,2,0.7359746694564819,0.2799384215094006,,,,,,,,,,,0.38702562222102765,0.38702562222102765
255,train-load-0.8-scenario-688,0.8,0.8017186000000001,0.55684,0.8017186000000001,11.914311268303384,0.9456664838837515,0.609889071671804,0.8888888888888888,0.1111111111111111,0.8888888888888888,0.1111111111111111,8,1,8,1,9,5,9,8,0.7766079902648926,0.27853872940185365,,,,,,,,,,,0.38702562222102765,0.38702562222102765
256,train-load-0.5-scenario-593-retry-4,0.5,0.5714285714285714,0.45714285714285713,0.5714285714285714,12.1522095853502,1.1114962508395543,0.38850374916044583,0.875,0.125,0.875,0.125,7,1,7,1,8,7,8,7,0.9073226451873779,0.27714603575484437,,,,,,,,,,,0.38702562222102765,0.38702562222102765
257,train-load-0.6-scenario-549,0.6,0.6666666666666666,0.6666666666666666,0.3333333333333333,8.531474983498095,0.5962473202006102,0.40375267979938984,0.75,0.25,0.75,0.25,6,2,6,2,8,6,8,6,0.872831404209137,0.2757603055760701,,,,,,,,,,,0.38702562222102765,0.38702562222102765
258,train-load-1.0-scenario-235-retry-3,1.0,0.9758007499999999,0.790023125,0.9758007499999999,12.956871887455156,0.9512188951423165,0.24878110485768348,0.8,0.2,0.8,0.2,8,2,8,2,10,4,10,8,0.511154294013977,0.2743815040481898,,,,,,,,,,,0.38702562222102765,0.38702562222102765
259,train-load-0.8-scenario-351-retry-1,0.8,0.9,0.75,0.9,21.15097046470046,1.0222141254902735,0.31111920784306,0.8333333333333334,0.16666666666666666,0.8333333333333334,0.16666666666666666,15,3,15,3,18,4,18,15,0.8432282209396362,0.2730095965279488,,,,,,,,,,,0.38702562222102765,0.38702562222102765
260,train-load-0.8-scenario-659,0.8,0.748587,0.44372468749999994,0.748587,12.49612157469392,0.8338888588001756,0.7661111411998245,0.9,0.1,0.8333333333333334,0.16666666666666666,9,1,10,2,12,8,10,9,0.7283559441566467,0.27164454854530906,,,,,,,,,,,0.38702562222102765,0.38702562222102765
261,train-load-0.9-scenario-471-retry-4,0.9,1.0,1.0,0.55,4.976469277397855,-0.47356685405190113,0.6274130078980549,0.5384615384615384,0.46153846153846156,0.5384615384615384,0.46153846153846156,7,6,7,6,13,7,13,7,1.2048578262329102,0.2702863258025825,,,,,,,,,,,0.38702562222102765,0.38702562222102765
262,train-load-0.8-scenario-746-retry-2,0.8,0.9166666666666666,0.9166666666666666,0.2,13.48006824155857,0.6941192821194917,0.6392140512138418,0.8333333333333334,0.16666666666666666,0.8333333333333334,0.16666666666666666,10,2,10,2,12,6,12,10,0.821338951587677,0.2689348941735696,,,,,,,,,,,0.38702562222102765,0.38702562222102765
263,train-load-0.5-scenario-101-retry-3,0.5,0.4,0.2,0.4,24.013734419531282,1.3304641545902354,0.6695358454097645,1.0,0.0,1.0,0.0,16,0,16,0,16,8,16,16,0.7121491432189941,0.26759021970270175,,,,,,,,,,,0.38702562222102765,0.38702562222102765
264,train-load-0.5-scenario-635,0.5,0.5371865,0.46224010416666667,0.5371865,7.983176831142842,1.2167815294454525,0.7832184705545476,1.0,0.0,1.0,0.0,4,0,5,0,5,4,4,4,0.9336314797401428,0.2662522686041882,,,,,,,,,,,0.38702562222102765,0.38702562222102765
265,train-load-0.8-scenario-483,0.8,0.7803452,0.7263084999999999,0.7803452,5.463430252859242,0.16265923660777193,0.6944836205350853,0.7142857142857143,0.2857142857142857,0.6,0.4,5,2,6,4,10,5,7,5,0.5324028730392456,0.2649210072611673,,,,,,,,,,,0.38702562222102765,0.38702562222102765
266,train-load-0.7-scenario-715-retry-1,0.7,0.6,0.6,0.36,16.45914175254095,1.5554221461895175,0.4445778538104826,1.0,0.0,1.0,0.0,9,0,9,0,9,5,9,9,0.48085013031959534,0.26359640222486147,,,,,,,,,,,0.38702562222102765,0.38702562222102765
267,train-load-0.6-scenario-352-retry-2,0.6,0.625,0.625,0.6,16.614784338017795,1.5642695322699434,0.4357304677300567,1.0,0.0,1.0,0.0,9,0,9,0,9,4,9,9,0.5647238492965698,0.26227842021373715,,,,,,,,,,,0.38702562222102765,0.38702562222102765
268,train-load-0.8-scenario-284-retry-2,0.8,0.7,0.5238095238095238,0.7,17.31993141812421,1.486932828116437,0.5130671718835631,1.0,0.0,1.0,0.0,10,0,10,0,10,7,10,10,0.8723671436309814,0.2609670281126685,,,,,,,,,,,0.38702562222102765,0.38702562222102765
269,train-load-1.0-scenario-576-retry-1,1.0,0.925844,0.4472596875,0.925844,5.867054597467132,-0.21030949108319963,0.755764036537745,0.6363636363636364,0.36363636363636365,0.6923076923076923,0.3076923076923077,7,4,9,4,13,8,11,7,0.6460620760917664,0.25966219297210513,,,,,,,,,,,0.38702562222102765,0.38702562222102765
270,train-load-0.8-scenario-146,0.8,0.70909475,0.57568125,0.70909475,7.093194393425623,0.6218013468869887,0.7115319864463447,0.8333333333333334,0.16666666666666666,0.7142857142857143,0.2857142857142857,5,1,5,2,7,4,6,5,0.5161057114601135,0.2583638820072446,,,,,,,,,,,0.38702562222102765,0.38702562222102765
271,train-load-1.0-scenario-478,1.0,0.9438852857142856,0.847329761904762,0.9438852857142856,10.611914193023722,0.13309478826483712,0.7240480688780201,0.7142857142857143,0.2857142857142857,0.6470588235294118,0.35294117647058826,10,4,11,6,17,7,14,10,0.5773010849952698,0.2570720625972084,,,,,,,,,,,0.38702562222102765,0.38702562222102765
272,train-load-0.8-scenario-359,0.8,0.73516225,0.429611875,0.73516225,13.98676548307054,0.8438452951420734,0.7925183412215628,0.9090909090909091,0.09090909090909091,0.8333333333333334,0.16666666666666666,10,1,10,2,12,8,11,10,0.6914695501327515,0.25578670228422234,,,,,,,,,,,0.38702562222102765,0.38702562222102765
273,train-load-0.5-scenario-14-retry-3,0.5,0.41,0.09,0.41,14.22105840128768,1.197308245542624,0.802691754457376,1.0,0.0,1.0,0.0,9,0,9,0,9,5,9,9,0.9471213817596436,0.25450776877280124,,,,,,,,,,,0.38702562222102765,0.38702562222102765
274,train-load-0.5-scenario-268,0.5,0.4603915,0.2564771875,0.4603915,8.862845181421552,1.3509135114424016,0.6490864885575984,1.0,0.0,1.0,0.0,4,0,4,0,4,4,4,4,0.5162343978881836,0.2532352299289372,,,,,,,,,,,0.38702562222102765,0.38702562222102765
275,train-load-0.6-scenario-213,0.6,0.7142857142857143,0.15714285714285714,0.7142857142857143,17.551883237569648,1.3672713167934618,0.6327286832065381,1.0,0.0,1.0,0.0,11,0,11,0,11,7,11,11,0.6132636070251465,0.2519690537792925,,,,,,,,,,,0.38702562222102765,0.38702562222102765
276,train-load-0.6-scenario-202,0.6,0.52165975,0.308321875,0.52165975,8.866149182229627,1.5430894658867849,0.4569105341132152,1.0,0.0,1.0,0.0,3,0,4,0,4,4,3,3,0.7198284864425659,0.2507092085103961,,,,,,,,,,,0.38702562222102765,0.38702562222102765
277,train-load-0.6-scenario-431,0.6,0.5924776666666667,0.5421308333333333,0.5924776666666667,13.19471273456328,1.2586010372972911,0.7413989627027089,1.0,0.0,1.0,0.0,8,0,10,0,10,6,8,8,0.5891086459159851,0.2494556624678441,,,,,,,,,,,0.38702562222102765,0.38702562222102765
278,train-load-0.9-scenario-197-retry-5,0.9,1.0,1.0,0.625,18.61204817326649,0.559668619579087,0.44033138042091313,0.75,0.25,0.75,0.25,15,5,15,5,20,8,20,15,0.7337832450866699,0.24820838415550486,,,,,,,,,,,0.38702562222102765,0.38702562222102765
279,train-load-0.8-scenario-706,0.8,0.7332247023809524,0.7332247023809524,0.6542928571428571,14.497491830215877,0.9885294866108476,0.6478341497527886,0.9090909090909091,0.09090909090909091,0.8461538461538461,0.15384615384615385,10,1,11,2,13,7,11,10,0.6779336333274841,0.24696734223472733,,,,,,,,,,,0.38702562222102765,0.38702562222102765
280,train-load-1.0-scenario-150,1.0,1.02516,0.7642116666666666,1.02516,11.396934777252579,0.4940725821409686,0.5059274178590314,0.75,0.25,0.6428571428571429,0.35714285714285715,9,3,9,5,14,6,12,9,1.2726880311965942,0.2457325055235537,,,,,,,,,,,0.38702562222102765,0.38702562222102765
281,train-load-0.5-scenario-263-retry-1,0.5,0.5714285714285714,0.5714285714285714,0.5714285714285714,18.158971563677078,1.5956732388035721,0.40432676119642774,1.0,0.0,1.0,0.0,10,0,10,0,10,7,10,10,0.7675905823707581,0.24450384299593592,,,,,,,,,,,0.38702562222102765,0.38702562222102765
282,train-load-1.0-scenario-1,1.0,0.8821434285714286,0.7003766071428572,0.8821434285714286,9.654044476180582,0.14534736484043065,0.6238834043903385,0.6923076923076923,0.3076923076923077,0.6666666666666666,0.3333333333333333,9,4,10,5,15,7,13,9,0.5093685984611511,0.24328132378095624,,,,,,,,,,,0.38702562222102765,0.38702562222102765
283,train-load-0.5-scenario-683-retry-4,0.5,0.4642857142857143,0.18571428571428572,0.4642857142857143,20.35013186601261,1.3524013068879366,0.6475986931120634,1.0,0.0,1.0,0.0,13,0,13,0,13,7,13,13,0.3463279604911804,0.24206491716205145,,,,,,,,,,,0.38702562222102765,0.38702562222102765
284,train-load-0.7-scenario-718-retry-1,0.7,0.75,0.3,0.75,14.265367568616568,0.9627447590634961,0.6736188773001401,0.9090909090909091,0.09090909090909091,0.9090909090909091,0.09090909090909091,10,1,10,1,11,5,11,10,0.7306772470474243,0.2408545925762412,,,,,,,,,,,0.38702562222102765,0.38702562222102765
285,train-load-0.6-scenario-706-retry-1,0.6,0.5120074285714286,0.2853517857142857,0.5120074285714286,11.854412567889966,1.2323084614721735,0.7676915385278263,1.0,0.0,1.0,0.0,7,0,7,0,7,7,7,7,0.7202649116516113,0.23965031961336,,,,,,,,,,,0.38702562222102765,0.38702562222102765
286,train-load-0.6-scenario-260,0.6,0.6534285999999999,0.3731033333333333,0.6534285999999999,10.659660625104625,1.4213648102306267,0.5786351897693732,1.0,0.0,1.0,0.0,5,0,6,0,6,5,5,5,0.5297971963882446,0.2384520680152932,,,,,,,,,,,0.38702562222102765,0.38702562222102765
287,train-load-0.6-scenario-180,0.6,0.6,0.6,0.375,16.245233763904274,1.51681204541149,0.4831879545885101,1.0,0.0,1.0,0.0,9,0,9,0,9,6,9,9,0.5644205212593079,0.23725980767521673,,,,,,,,,,,0.38702562222102765,0.38702562222102765
288,train-load-0.9-scenario-388-retry-3,0.9,0.8,0.475,0.8,4.746882957723049,-0.31044196534595203,0.7104419653459519,0.6,0.4,0.6,0.4,6,4,6,4,10,8,10,6,0.7632928490638733,0.23607350863684065,,,,,,,,,,,0.38702562222102765,0.38702562222102765
289,train-load-0.5-scenario-726-retry-4,0.5,0.4,0.4,0.24,20.71825945790327,1.590560611000563,0.4094393889994369,1.0,0.0,1.0,0.0,12,0,12,0,12,5,12,12,0.6869339346885681,0.23489314109365644,,,,,,,,,,,0.38702562222102765,0.38702562222102765
290,train-load-0.7-scenario-54,0.7,0.7792504,0.4114108333333333,0.7792504,7.011629426387269,0.568806771627349,0.7645265617059843,0.8333333333333334,0.16666666666666666,0.75,0.25,5,1,6,2,8,5,6,5,0.27948981523513794,0.23371867538818816,,,,,,,,,,,0.38702562222102765,0.38702562222102765
291,train-load-0.9-scenario-117-retry-3,0.9,0.9166666666666666,0.9166666666666666,0.55,10.517693828404646,0.46972309649778654,0.43936781259312263,0.7272727272727273,0.2727272727272727,0.7272727272727273,0.2727272727272727,8,3,8,3,11,4,11,8,0.4044972062110901,0.23255008201124722,,,,,,,,,,,0.38702562222102765,0.38702562222102765
292,train-load-0.7-scenario-399,0.7,0.607748,0.35891375000000003,0.607748,10.756820302054617,1.2582384669241602,0.7417615330758398,1.0,0.0,1.0,0.0,6,0,7,0,7,6,6,6,0.8009299039840698,0.231387331601191,,,,,,,,,,,0.38702562222102765,0.38702562222102765
293,train-load-0.7-scenario-526-retry-6,0.7,0.7142857142857143,0.5,0.7142857142857143,3.3276708144974894,-0.44587627166015975,0.6680984938823821,0.5555555555555556,0.4444444444444444,0.5555555555555556,0.4444444444444444,5,4,5,4,9,7,9,5,0.40875864028930664,0.23023039494318503,,,,,,,,,,,0.38702562222102765,0.38702562222102765
294,train-load-1.0-scenario-213-retry-4,1.0,1.0,1.0,0.75,9.650418257759286,-0.01593828709713274,0.4159382870971327,0.6,0.4,0.6,0.4,9,6,9,6,15,5,15,9,0.7289730906486511,0.2290792429684691,,,,,,,,,,,0.38702562222102765,0.38702562222102765
295,train-load-0.9-scenario-352,0.9,0.8,0.5142857142857142,0.8,7.224772956085671,-0.13538399489172626,0.8020506615583929,0.6666666666666666,0.3333333333333333,0.6666666666666666,0.3333333333333333,8,4,8,4,12,7,12,8,0.7025673985481262,0.22793384675362674,,,,,,,,,,,0.38702562222102765,0.38702562222102765
296,train-load-0.7-scenario-466-retry-6,0.7,0.5833333333333334,0.3888888888888889,0.5833333333333334,22.443952362060358,1.4334660881181582,0.5665339118818417,1.0,0.0,1.0,0.0,14,0,14,0,14,6,14,14,0.7056905031204224,0.22679417751985861,,,,,,,,,,,0.38702562222102765,0.38702562222102765
297,train-load-1.0-scenario-77-retry-16,1.0,1.07,0.36666666666666664,1.07,3.0773286556186346,-0.4305545056080964,0.6527767278303187,0.5555555555555556,0.4444444444444444,0.5555555555555556,0.4444444444444444,5,4,5,4,9,5,9,5,0.5745478272438049,0.22566020663225933,,,,,,,,,,,0.38702562222102765,0.38702562222102765
298,train-load-0.6-scenario-137-retry-1,0.6,0.6875,0.4583333333333333,0.6875,10.48307643661366,0.4904238730100554,0.41866703608085376,0.7272727272727273,0.2727272727272727,0.7272727272727273,0.2727272727272727,8,3,8,3,11,8,11,8,0.5029058456420898,0.22453190559909803,,,,,,,,,,,0.38702562222102765,0.38702562222102765
299,train-hard-8gpu-16pod-1vgpu,0.5,0.5,0.3333333333333333,0.5,24.51545277320799,1.4724894150898171,0.5275105849101828,1.0,0.0,1.0,0.0,16,0,16,0,16,8,16,16,0.6277440190315247,0.22340924607110255,,,,,,,,,,,0.38702562222102765,0.38702562222102765
300,train-load-0.5-scenario-723-retry-4,0.5,0.6,0.25,0.6,18.941169794779753,1.3575053385621505,0.6424946614378496,1.0,0.0,1.0,0.0,12,0,12,0,12,4,12,12,0.5100829601287842,0.22229219984074702,0.33358646167544487,0.5559197549388517,0.7223765541535743,0.27762344584642584,0.7086472548365393,0.29135274516346066,0.33358646167544487,0.6315002951471965,0.27418114709729835,0.6855414433242469,0.38702562222102765,0.38702562222102765
301,train-load-0.6-scenario-711,0.6,0.6639987142857142,0.35788125,0.6639987142857142,8.83259019713119,0.7504567506271281,0.6781146779443004,0.8571428571428571,0.14285714285714285,0.7777777777777778,0.2222222222222222,6,1,7,2,9,7,7,6,0.44003826379776,0.2211807388415433,,,,,,,,,,,0.38702562222102765,0.38702562222102765
302,train-load-0.9-scenario-325,0.9,0.95,0.9166666666666666,0.95,11.701082702007954,0.9378464766924166,0.17326463441869458,0.7777777777777778,0.2222222222222222,0.7777777777777778,0.2222222222222222,7,2,7,2,9,4,9,7,0.7606658935546875,0.22007483514733558,,,,,,,,,,,0.38702562222102765,0.38702562222102765
303,train-load-1.0-scenario-463,1.0,0.9136586666666666,0.5542824999999999,0.9136586666666666,8.57249257827177,0.21408137641472036,0.6950095326761888,0.7272727272727273,0.2727272727272727,0.7272727272727273,0.2727272727272727,8,3,8,3,11,6,11,8,0.6768037676811218,0.2189744609715989,,,,,,,,,,,0.38702562222102765,0.38702562222102765
304,train-load-0.9-scenario-583,0.9,1.0,1.0,0.975,10.17732148721827,0.08985187681763274,0.3101481231823672,0.6,0.4,0.6,0.4,9,6,9,6,15,6,15,9,0.4214493930339813,0.2178795886667409,,,,,,,,,,,0.38702562222102765,0.38702562222102765
305,train-load-0.7-scenario-355,0.7,0.6557357500000001,0.5711115625,0.6557357500000001,8.641060326693637,0.19045238670159592,0.7186385223893133,0.7272727272727273,0.2727272727272727,0.7692307692307693,0.23076923076923078,8,3,10,3,13,8,11,8,0.5912152528762817,0.2167901907234072,,,,,,,,,,,0.38702562222102765,0.38702562222102765
306,train-load-0.9-scenario-692-retry-1,0.9,1.0,0.9583333333333334,1.0,19.623715090635393,0.6990717207280313,0.3009282792719688,0.75,0.25,0.75,0.25,15,5,15,5,20,8,20,15,0.6471630930900574,0.21570623976979014,,,,,,,,,,,0.38702562222102765,0.38702562222102765
307,train-load-0.5-scenario-407-retry-1,0.5,0.5833333333333334,0.19444444444444445,0.5833333333333334,21.332831273689344,1.3330734589332804,0.6669265410667194,1.0,0.0,1.0,0.0,14,0,14,0,14,6,14,14,0.5484323501586914,0.21462770857094118,,,,,,,,,,,0.38702562222102765,0.38702562222102765
308,train-load-0.5-scenario-730,0.5,0.5247061666666666,0.3143697916666667,0.5247061666666666,10.63861084497616,1.2067725047455164,0.7932274952544836,1.0,0.0,1.0,0.0,6,0,6,0,6,6,6,6,0.535638153553009,0.21355457002808648,,,,,,,,,,,0.38702562222102765,0.38702562222102765
309,train-load-0.9-scenario-191,0.9,0.8655648571428571,0.6764648214285713,0.8655648571428571,13.152960355853965,0.6398807335403538,0.6934525997929796,0.8333333333333334,0.16666666666666666,0.7142857142857143,0.2857142857142857,10,2,10,4,14,7,12,10,0.4490309953689575,0.21248679717794605,,,,,,,,,,,0.38702562222102765,0.38702562222102765
310,train-load-0.5-scenario-478,0.5,0.5100064,0.39195,0.5100064,9.915114903336097,1.117903050470084,0.882096949529916,1.0,0.0,1.0,0.0,6,0,6,0,6,5,6,6,0.33241674304008484,0.21142436319205632,,,,,,,,,,,0.38702562222102765,0.38702562222102765
311,train-load-1.0-scenario-271,1.0,0.887251,0.5405803571428572,0.887251,14.749120292129799,0.6568525455403356,0.4860045973168072,0.7857142857142857,0.21428571428571427,0.7857142857142857,0.21428571428571427,11,3,11,3,14,7,14,11,0.6387315392494202,0.21036724137609603,,,,,,,,,,,0.38702562222102765,0.38702562222102765
312,train-load-0.8-scenario-118-retry-5,0.8,0.8833333333333333,0.5555555555555556,0.8833333333333333,6.703141239576181,0.025067646158310253,0.7749323538416897,0.7,0.3,0.7,0.3,7,3,7,3,10,6,10,7,0.5887119770050049,0.20931540516921554,,,,,,,,,,,0.38702562222102765,0.38702562222102765
313,train-load-0.8-scenario-143-retry-4,0.8,0.9166666666666666,0.3055555555555556,0.9166666666666666,4.558806882242774,-0.3848293245667679,0.5666475063849497,0.5454545454545454,0.45454545454545453,0.5454545454545454,0.45454545454545453,6,5,6,5,11,6,11,6,0.4139222204685211,0.20826882814336947,,,,,,,,,,,0.38702562222102765,0.38702562222102765
314,train-load-0.8-scenario-201,0.8,0.704325125,0.611396875,0.704325125,22.918251842639123,1.5628313750335798,0.43716862496642017,1.0,0.0,1.0,0.0,14,0,15,0,15,8,14,14,0.7606559991836548,0.20722748400265262,,,,,,,,,,,0.38702562222102765,0.38702562222102765
315,train-load-0.5-scenario-73-retry-1,0.5,0.5,0.5,0.45,20.302629292962806,1.5184105457211334,0.4815894542788665,1.0,0.0,1.0,0.0,12,0,12,0,12,8,12,12,0.3052210509777069,0.20619134658263935,,,,,,,,,,,0.38702562222102765,0.38702562222102765
316,train-load-0.7-scenario-259-retry-5,0.7,0.8166666666666667,0.6944444444444444,0.8166666666666667,4.2124417247452515,-0.1707564752801426,0.6707564752801426,0.625,0.375,0.625,0.375,5,3,5,3,8,6,8,5,0.44689494371414185,0.20516038984972615,,,,,,,,,,,0.38702562222102765,0.38702562222102765
317,train-load-0.9-scenario-631-retry-4,0.9,0.78,0.68,0.78,17.798711448578217,1.2431468344305125,0.42351983223615397,0.9166666666666666,0.08333333333333333,0.9166666666666666,0.08333333333333333,11,1,11,1,12,5,12,11,0.4486605226993561,0.2041345879004775,,,,,,,,,,,0.38702562222102765,0.38702562222102765
318,train-load-0.9-scenario-483,0.9,0.9569106666666666,0.5562225000000001,0.9569106666666666,8.440223301612551,0.37361545145645736,0.7374956596546538,0.7777777777777778,0.2222222222222222,0.6666666666666666,0.3333333333333333,7,2,8,4,12,6,9,7,0.5909407734870911,0.2031139149609751,,,,,,,,,,,0.38702562222102765,0.38702562222102765
319,train-load-0.6-scenario-271-retry-1,0.6,0.5416666666666666,0.3611111111111111,0.5416666666666666,20.95922602828704,1.44393198285337,0.5560680171466299,1.0,0.0,1.0,0.0,13,0,13,0,13,6,13,13,0.4801951050758362,0.20209834538617025,,,,,,,,,,,0.38702562222102765,0.38702562222102765
320,train-load-0.7-scenario-714-retry-1,0.7,0.8,0.32,0.8,4.684895622288167,-0.02769833176951053,0.5276983317695105,0.625,0.375,0.625,0.375,5,3,5,3,8,5,8,5,0.5865380764007568,0.2010878536592394,,,,,,,,,,,0.38702562222102765,0.38702562222102765
321,train-load-1.0-scenario-353-retry-4,1.0,1.075,0.66875,1.075,1.2042921940952187,-0.6481363679805413,0.6481363679805413,0.5,0.5,0.4444444444444444,0.5555555555555556,4,4,4,5,9,4,8,4,0.5088580846786499,0.2000824143909432,,,,,,,,,,,0.38702562222102765,0.38702562222102765
322,train-load-0.7-scenario-688,0.7,0.6063955000000001,0.5455579861111111,0.6063955000000001,10.324726955067208,0.8585699472112809,0.6414300527887191,0.875,0.125,0.7777777777777778,0.2222222222222222,7,1,7,2,9,6,8,7,0.5289930105209351,0.19908200231898848,,,,,,,,,,,0.38702562222102765,0.38702562222102765
323,train-load-1.0-scenario-301-retry-1,1.0,1.075,0.65,1.075,5.139985093012454,-0.25324500408499007,0.65324500408499,0.6,0.4,0.42857142857142855,0.5714285714285714,6,4,6,8,14,8,10,6,0.7012854218482971,0.19808659230739353,,,,,,,,,,,0.38702562222102765,0.38702562222102765
324,train-load-0.5-scenario-196,0.5,0.486344,0.27415729166666664,0.486344,8.536114933877645,1.2618567470900488,0.7381432529099513,1.0,0.0,1.0,0.0,4,0,4,0,4,4,4,4,0.746768593788147,0.19709615934585656,,,,,,,,,,,0.38702562222102765,0.38702562222102765
325,train-load-0.9-scenario-681,0.9,1.0,0.5,1.0,7.806138951200651,0.20625746352972396,0.593742536470276,0.7,0.3,0.7,0.3,7,3,7,3,10,4,10,7,0.4229687750339508,0.19611067854912728,,,,,,,,,,,0.38702562222102765,0.38702562222102765
326,train-load-0.8-scenario-242,0.8,0.7217694,0.4499241666666667,0.7217694,10.332815791090674,1.2512769010888487,0.7487230989111512,1.0,0.0,1.0,0.0,6,0,8,0,8,5,6,6,0.7952229976654053,0.19513012515638165,,,,,,,,,,,0.38702562222102765,0.38702562222102765
327,train-load-1.0-scenario-735-retry-1,1.0,1.0,0.625,1.0,8.354200649873075,-0.12643358800257276,0.5264335880025727,0.6,0.4,0.6,0.4,9,6,9,6,15,4,15,9,0.47995665669441223,0.19415447453059972,,,,,,,,,,,0.38702562222102765,0.38702562222102765
328,train-load-1.0-scenario-380,1.0,0.8933404285714286,0.4349628571428571,0.8933404285714286,8.989522696611598,0.26026518823729805,0.6488257208536111,0.7272727272727273,0.2727272727272727,0.6923076923076923,0.3076923076923077,8,3,9,4,13,7,11,8,0.8792641162872314,0.19318370215794672,,,,,,,,,,,0.38702562222102765,0.38702562222102765
329,train-load-0.5-scenario-146-retry-7,0.5,0.5476190476190477,0.5476190476190477,0.17857142857142858,11.447149901148048,0.96504286515919,1.03495713484081,1.0,0.0,1.0,0.0,8,0,8,0,8,7,8,8,0.6382279396057129,0.192217783647157,,,,,,,,,,,0.38702562222102765,0.38702562222102765
330,train-load-0.7-scenario-561-retry-1,0.7,0.65,0.225,0.65,5.403340775927493,-0.2109912156701711,0.610991215670171,0.6,0.4,0.6,0.4,6,4,6,4,10,8,10,6,0.4321490526199341,0.1912566947289212,,,,,,,,,,,0.38702562222102765,0.38702562222102765
331,train-load-0.5-scenario-716,0.5,0.48858098958333335,0.48858098958333335,0.43936099999999995,14.914602933082357,1.2882420695545669,0.711757930445433,1.0,0.0,1.0,0.0,9,0,10,0,10,8,9,9,0.9243144989013672,0.1903004112552766,,,,,,,,,,,0.38702562222102765,0.38702562222102765
332,train-load-0.6-scenario-309-retry-1,0.6,0.6,0.2,0.6,17.69980707596902,1.1834416306785225,0.8165583693214776,1.0,0.0,1.0,0.0,12,0,12,0,12,5,12,12,0.3825397491455078,0.18934890919900021,,,,,,,,,,,0.38702562222102765,0.38702562222102765
333,train-load-0.9-scenario-494,0.9,0.8890766666666667,0.6107607638888889,0.8890766666666667,8.723929390531115,0.2024721553645159,0.7066187537263933,0.7272727272727273,0.2727272727272727,0.7272727272727273,0.2727272727272727,8,3,8,3,11,6,11,8,0.3589378595352173,0.18840216465300522,,,,,,,,,,,0.38702562222102765,0.38702562222102765
334,train-load-0.6-scenario-319,0.6,0.55128275,0.3699134375,0.55128275,15.149944260490042,1.388878202115018,0.6111217978849821,1.0,0.0,1.0,0.0,9,0,10,0,10,8,9,9,0.6674925684928894,0.18746015382974018,,,,,,,,,,,0.38702562222102765,0.38702562222102765
335,train-load-1.0-scenario-80,1.0,0.8870254166666667,0.8870254166666667,0.68872,11.867073522817613,0.428412461667504,0.648510615255573,0.7692307692307693,0.23076923076923078,0.7692307692307693,0.23076923076923078,10,3,10,3,13,6,13,10,0.6803203821182251,0.1865228530605915,,,,,,,,,,,0.38702562222102765,0.38702562222102765
336,train-load-0.6-scenario-621,0.6,0.5846032857142857,0.42943511904761905,0.5846032857142857,13.628245514871601,1.3164789578071694,0.6835210421928306,1.0,0.0,1.0,0.0,8,0,9,0,9,7,8,8,0.756413459777832,0.18559023879528855,,,,,,,,,,,0.38702562222102765,0.38702562222102765
337,train-load-0.7-scenario-353,0.7,0.69005675,0.43834625000000005,0.69005675,6.6777103361890084,0.5867158528937704,0.7466174804395631,0.8333333333333334,0.16666666666666666,0.8333333333333334,0.16666666666666666,5,1,5,1,6,4,6,5,0.6553089618682861,0.1846622876013121,,,,,,,,,,,0.38702562222102765,0.38702562222102765
338,train-load-1.0-scenario-314-retry-1,1.0,1.05,0.2916666666666667,1.05,6.2954788363194645,-0.3651611816383481,0.6508754673526338,0.5714285714285714,0.42857142857142855,0.5714285714285714,0.42857142857142855,8,6,8,6,14,8,14,8,0.2844339609146118,0.18373897616330553,,,,,,,,,,,0.38702562222102765,0.38702562222102765
339,train-load-0.6-scenario-10,0.6,0.5569920138888889,0.5569920138888889,0.3816473333333333,7.009024407200364,0.5640343126467875,0.7692990206865459,0.8333333333333334,0.16666666666666666,0.75,0.25,5,1,6,2,8,6,6,5,0.5693973302841187,0.182820281282489,,,,,,,,,,,0.38702562222102765,0.38702562222102765
340,train-load-0.9-scenario-269,0.9,0.8531792500000001,0.5768062500000001,0.8531792500000001,5.437930647712889,0.17903387017774341,0.6781089869651138,0.7142857142857143,0.2857142857142857,0.75,0.25,5,2,6,2,8,4,7,5,0.4106159806251526,0.18190617987607657,,,,,,,,,,,0.38702562222102765,0.38702562222102765
341,train-load-0.7-scenario-605,0.7,0.76,0.76,0.72,11.20498760073136,0.6834300252378401,0.5165699747621599,0.8,0.2,0.8,0.2,8,2,8,2,10,5,10,8,0.7161426544189453,0.18099664897669618,,,,,,,,,,,0.38702562222102765,0.38702562222102765
342,train-load-0.9-scenario-670-retry-4,0.9,0.8095238095238095,0.8095238095238095,0.5714285714285714,19.194525217110254,1.3516653455602503,0.3406423467474422,0.9230769230769231,0.07692307692307693,0.9230769230769231,0.07692307692307693,12,1,12,1,13,7,13,12,0.3830006718635559,0.1800916657318127,,,,,,,,,,,0.38702562222102765,0.38702562222102765
343,train-load-0.5-scenario-300-retry-1,0.5,0.4083333333333333,0.19166666666666668,0.4083333333333333,17.452595112010343,1.2903755906900507,0.7096244093099492,1.0,0.0,1.0,0.0,11,0,11,0,11,6,11,11,0.5599777698516846,0.17919120740315364,,,,,,,,,,,0.38702562222102765,0.38702562222102765
344,train-load-1.0-scenario-199,1.0,1.1,1.1,0.425,7.218086117981908,0.33869942975614076,0.6613005702438592,0.75,0.25,0.75,0.25,6,2,12,4,16,8,8,6,0.3579603433609009,0.17829525136613786,,,,,,,,,,,0.38702562222102765,0.38702562222102765
345,train-hard-4gpu-8pod-1vgpu,0.5,0.5,0.3333333333333333,0.5,16.42232909936926,1.8333333333333335,0.16666666666666663,1.0,0.0,1.0,0.0,8,0,8,0,8,4,8,8,0.4037265479564667,0.17740377510930716,,,,,,,,,,,0.38702562222102765,0.38702562222102765
346,train-load-0.8-scenario-290-retry-5,0.8,0.90625,0.6375,0.90625,19.251311578021728,0.6298462034167962,0.37015379658320374,0.75,0.25,0.75,0.25,15,5,15,5,20,8,20,15,0.5275756120681763,0.17651675623376062,,,,,,,,,,,0.38702562222102765,0.38702562222102765
347,train-load-1.0-scenario-121,1.0,1.00952125,0.5868709375,1.00952125,15.619245613906449,0.7140944200770264,0.7144770084944021,0.8571428571428571,0.14285714285714285,0.75,0.25,12,2,12,4,16,8,14,12,0.6143198013305664,0.1756341724525918,,,,,,,,,,,0.38702562222102765,0.38702562222102765
348,train-load-0.8-scenario-360,0.8,0.68,0.68,0.34,26.09104719105833,1.4163961791849737,0.5836038208150263,1.0,0.0,1.0,0.0,17,0,17,0,17,5,17,17,0.42034631967544556,0.17475600159032884,,,,,,,,,,,0.38702562222102765,0.38702562222102765
349,train-load-0.6-scenario-48,0.6,0.6875,0.2875,0.6875,13.417923320316554,1.30877430643315,0.6912256935668499,1.0,0.0,1.0,0.0,8,0,8,0,8,4,8,8,0.5550241470336914,0.17388222158237718,,,,,,,,,,,0.38702562222102765,0.38702562222102765
350,train-load-0.6-scenario-528,0.6,0.545229375,0.36129500000000003,0.545229375,16.156118371504974,1.289528191029208,0.710471808970792,1.0,0.0,1.0,0.0,10,0,10,0,10,8,10,10,0.2172456979751587,0.1730128104744653,,,,,,,,,,,0.38702562222102765,0.38702562222102765
351,train-load-1.0-scenario-316-retry-3,1.0,0.9714285714285714,0.6666666666666666,0.9714285714285714,18.06078265598861,1.338192748968307,0.32847391769835965,0.9166666666666666,0.08333333333333333,0.875,0.125,11,1,14,2,16,7,12,11,0.4616093337535858,0.17214774642209296,,,,,,,,,,,0.38702562222102765,0.38702562222102765
352,train-load-0.9-scenario-409,0.9,1.0,0.041666666666666664,1.0,-6.665884944289395,-2.2219616480964652,0.2219616480964652,0.0,1.0,0.0,1.0,0,8,0,8,8,8,8,0,0.6479281187057495,0.1712870076899825,,,,,,,,,,,0.38702562222102765,0.38702562222102765
353,train-load-0.9-scenario-149,0.9,0.84444275,0.6918114583333334,0.84444275,6.134050399650136,0.24194135329150002,0.6152015038513572,0.7142857142857143,0.2857142857142857,0.625,0.375,5,2,5,3,8,4,7,5,0.7264958024024963,0.17043057265153258,,,,,,,,,,,0.38702562222102765,0.38702562222102765
354,train-load-0.7-scenario-271,0.7,0.7571428571428571,0.37142857142857144,0.7571428571428571,10.43478059212038,0.8904249618997615,0.6095750381002385,0.875,0.125,0.875,0.125,7,1,7,1,8,7,8,7,0.4283399283885956,0.16957841978827493,,,,,,,,,,,0.38702562222102765,0.38702562222102765
355,train-load-0.8-scenario-557,0.8,0.9,0.6,0.9,7.081553763302159,0.23118945341915775,0.4354772132475088,0.6666666666666666,0.3333333333333333,0.6666666666666666,0.3333333333333333,6,3,6,3,9,6,9,6,0.5781341791152954,0.16873052768933355,,,,,,,,,,,0.38702562222102765,0.38702562222102765
356,train-load-1.0-scenario-210,1.0,0.9018123333333333,0.7344491666666666,0.9018123333333333,7.441280561902243,-0.10819130103326524,0.7748579676999319,0.6666666666666666,0.3333333333333333,0.6153846153846154,0.38461538461538464,8,4,8,5,13,6,12,8,0.33191102743148804,0.1678868750508869,,,,,,,,,,,0.38702562222102765,0.38702562222102765
357,train-load-1.0-scenario-240-retry-6,1.0,1.1,1.1,0.6875,10.922589227954074,0.5679240712366767,0.3411668378542325,0.7272727272727273,0.2727272727272727,0.7272727272727273,0.2727272727272727,8,3,8,3,11,4,11,8,0.5435283184051514,0.16704744067563246,,,,,,,,,,,0.38702562222102765,0.38702562222102765
358,train-load-1.0-scenario-148-retry-4,1.0,0.95625,0.5875,0.95625,7.849572882704173,-0.08482670540613413,0.5463651669445957,0.6153846153846154,0.38461538461538464,0.6153846153846154,0.38461538461538464,8,5,8,5,13,8,13,8,0.6134598255157471,0.1662122034722543,,,,,,,,,,,0.38702562222102765,0.38702562222102765
359,train-load-0.7-scenario-279-retry-9,0.7,0.8125,0.3958333333333333,0.8125,8.967298010897526,0.2548934614742795,0.6541974476166297,0.7272727272727273,0.2727272727272727,0.7272727272727273,0.2727272727272727,8,3,8,3,11,8,11,8,0.6382100582122803,0.16538114245489302,,,,,,,,,,,0.38702562222102765,0.38702562222102765
360,train-load-0.6-scenario-304,0.6,0.6333333333333333,0.3888888888888889,0.6333333333333333,14.438289277651688,1.4621542571983126,0.5378457428016874,1.0,0.0,1.0,0.0,8,0,8,0,8,6,8,8,0.5188062787055969,0.16455423674261854,,,,,,,,,,,0.38702562222102765,0.38702562222102765
361,train-hard-4gpu-4pod-1vgpu,0.25,0.25,0.16666666666666666,0.25,11.544497883017963,1.9166666666666665,0.08333333333333337,1.0,0.0,1.0,0.0,4,0,4,0,4,4,4,4,0.24143359065055847,0.16373146555890544,,,,,,,,,,,0.38702562222102765,0.38702562222102765
362,train-load-0.8-scenario-329-retry-1,0.8,0.9,0.9,0.3,6.37487386271273,0.09155128987542416,0.5751153767912425,0.6666666666666666,0.3333333333333333,0.6666666666666666,0.3333333333333333,6,3,6,3,9,6,9,6,0.4382043480873108,0.16291280823111093,,,,,,,,,,,0.38702562222102765,0.38702562222102765
363,train-load-0.9-scenario-109-retry-4,0.9,0.9928571428571429,0.6904761904761905,0.9928571428571429,12.334568827537181,0.6913306973963042,0.5813965753309687,0.8181818181818182,0.18181818181818182,0.7142857142857143,0.2857142857142857,9,2,10,4,14,7,11,9,0.542592465877533,0.16209824418995536,,,,,,,,,,,0.38702562222102765,0.38702562222102765
364,train-load-0.7-scenario-223,0.7,0.6751004285714285,0.41146142857142853,0.6751004285714285,15.513072681282974,1.2522311136689617,0.7477688863310383,1.0,0.0,1.0,0.0,10,0,10,0,10,7,10,10,0.5436156392097473,0.16128775296900558,,,,,,,,,,,0.38702562222102765,0.38702562222102765
365,train-load-1.0-scenario-263-retry-4,1.0,1.0833333333333333,0.3333333333333333,1.0833333333333333,3.6085468925383832,-0.4919959894659004,0.6738141712840822,0.5454545454545454,0.45454545454545453,0.5454545454545454,0.45454545454545453,6,5,6,5,11,6,11,6,0.15193337202072144,0.16048131420416054,,,,,,,,,,,0.38702562222102765,0.38702562222102765
366,train-load-0.8-scenario-644,0.8,0.8340299999999999,0.8340299999999999,0.7193407999999999,7.471462370046842,0.1060040265987724,1.0939959734012277,0.8,0.2,0.7272727272727273,0.2727272727272727,8,2,8,3,11,5,10,8,0.40717530250549316,0.15967890763313974,,,,,,,,,,,0.38702562222102765,0.38702562222102765
367,train-load-0.7-scenario-168,0.7,0.6067262857142857,0.33568535714285713,0.6067262857142857,13.9404451924013,1.3605029559663921,0.639497044033608,1.0,0.0,1.0,0.0,8,0,8,0,8,7,8,8,0.9274994730949402,0.15888051309497406,,,,,,,,,,,0.38702562222102765,0.38702562222102765
368,train-load-0.5-scenario-98,0.5,0.4375,0.175,0.4375,21.89704028963982,1.3466331923176553,0.6533668076823447,1.0,0.0,1.0,0.0,14,0,14,0,14,8,14,14,0.707650899887085,0.1580861105294992,,,,,,,,,,,0.38702562222102765,0.38702562222102765
369,train-load-0.8-scenario-83-retry-4,0.8,0.90625,0.4791666666666667,0.90625,2.1914218080356296,-0.7509141108502366,0.5690959290320549,0.45454545454545453,0.5454545454545454,0.45454545454545453,0.5454545454545454,5,6,5,6,11,8,11,5,0.48388469219207764,0.1572956799768517,,,,,,,,,,,0.38702562222102765,0.38702562222102765
370,train-load-0.7-scenario-441-retry-3,0.7,0.8125,0.5,0.8125,15.377100063284136,1.2420008282349215,0.35799917176507856,0.9,0.1,0.9,0.1,9,1,9,1,10,4,10,9,0.42059630155563354,0.15650920157696743,,,,,,,,,,,0.38702562222102765,0.38702562222102765
371,train-load-0.9-scenario-233-retry-3,0.9,1.02,1.02,0.75,14.537827919351745,0.5293304993361082,0.40400283399722503,0.7333333333333333,0.26666666666666666,0.7333333333333333,0.26666666666666666,11,4,11,4,15,5,15,11,0.5903232097625732,0.1557266555690826,,,,,,,,,,,0.38702562222102765,0.38702562222102765
372,train-load-0.6-scenario-141,0.6,0.5,0.0625,0.5,21.04120626456836,1.0780010396007909,0.9219989603992091,1.0,0.0,1.0,0.0,15,0,15,0,15,6,15,15,0.527099609375,0.1549480222912372,,,,,,,,,,,0.38702562222102765,0.38702562222102765
373,train-load-0.6-scenario-654,0.6,0.7142857142857143,0.7142857142857143,0.35714285714285715,9.159296047145867,0.3948481692755016,0.40515183072449834,0.7,0.3,0.7,0.3,7,3,7,3,10,7,10,7,0.32537537813186646,0.15417328217978102,,,,,,,,,,,0.38702562222102765,0.38702562222102765
374,train-load-0.7-scenario-2-retry-2,0.7,0.8,0.8,0.3,7.061083154032222,0.27136780440697517,0.7286321955930248,0.75,0.25,0.6666666666666666,0.3333333333333333,6,2,8,4,12,6,8,6,0.5152071714401245,0.1534024157688821,,,,,,,,,,,0.38702562222102765,0.38702562222102765
375,train-load-0.6-scenario-245,0.6,0.72,0.36,0.72,9.152979109277105,0.5525442520134711,0.55856685909764,0.7777777777777778,0.2222222222222222,0.7777777777777778,0.2222222222222222,7,2,7,2,9,5,9,7,0.5122908353805542,0.1526354036900377,,,,,,,,,,,0.38702562222102765,0.38702562222102765
376,train-load-0.9-scenario-443,0.9,0.8207178333333334,0.699384375,0.8207178333333334,9.17103238104409,0.3648763698128611,0.835123630187139,0.8,0.2,0.75,0.25,8,2,9,3,12,6,10,8,0.34645187854766846,0.1518722266715875,,,,,,,,,,,0.38702562222102765,0.38702562222102765
377,train-load-1.0-scenario-453-retry-1,1.0,0.9292824999999999,0.7636525,0.9292824999999999,8.539259048912648,-0.06307395222350265,0.8323047214542718,0.6923076923076923,0.3076923076923077,0.6428571428571429,0.35714285714285715,9,4,9,5,14,6,13,9,0.324158251285553,0.15111286553822956,,,,,,,,,,,0.38702562222102765,0.38702562222102765
378,train-load-0.5-scenario-264-retry-7,0.5,0.575,0.4375,0.575,15.27106507827677,1.5285655388453514,0.4714344611546486,1.0,0.0,1.0,0.0,8,0,8,0,8,4,8,8,0.4110128581523895,0.15035730121053842,,,,,,,,,,,0.38702562222102765,0.38702562222102765
379,train-load-0.9-scenario-613,0.9,0.9285714285714286,0.6357142857142857,0.9285714285714286,7.462749282331707,-0.11399952980859862,0.7806661964752653,0.6666666666666666,0.3333333333333333,0.6666666666666666,0.3333333333333333,8,4,8,4,12,7,12,8,0.4677591919898987,0.14960551470448571,,,,,,,,,,,0.38702562222102765,0.38702562222102765
380,train-load-0.8-scenario-408,0.8,0.685384,0.4880939285714286,0.685384,11.884110206024467,0.755490508837048,0.844509491162952,0.9,0.1,0.8181818181818182,0.18181818181818182,9,1,9,2,11,7,10,9,0.563431978225708,0.14885748713096328,,,,,,,,,,,0.38702562222102765,0.38702562222102765
381,train-load-0.7-scenario-727,0.7,0.6434114583333332,0.6434114583333332,0.6320896666666667,15.175929746495466,1.0347422080702866,0.6016214282933496,0.9090909090909091,0.09090909090909091,0.9090909090909091,0.09090909090909091,10,1,10,1,11,6,11,10,0.2844679653644562,0.14811319969530845,,,,,,,,,,,0.38702562222102765,0.38702562222102765
382,train-load-1.0-scenario-607-retry-11,1.0,1.08,1.08,0.85,1.7673320218787198,-0.8056089233274258,0.6237907415092441,0.45454545454545453,0.5454545454545454,0.45454545454545453,0.5454545454545454,5,6,5,6,11,5,11,5,0.41235673427581787,0.1473726336968319,,,,,,,,,,,0.38702562222102765,0.38702562222102765
383,train-load-0.5-scenario-704-retry-5,0.5,0.42857142857142855,0.2857142857142857,0.42857142857142855,19.549605669982085,1.4204450343586572,0.5795549656413427,1.0,0.0,1.0,0.0,12,0,12,0,12,7,12,12,0.5532064437866211,0.14663577052834775,,,,,,,,,,,0.38702562222102765,0.38702562222102765
384,train-load-0.5-scenario-40-retry-8,0.5,0.5625,0.225,0.5625,12.396950068287595,0.9994447006395833,0.556110854915972,0.8888888888888888,0.1111111111111111,0.8888888888888888,0.1111111111111111,8,1,8,1,9,8,9,8,0.25151556730270386,0.14590259167570602,,,,,,,,,,,0.38702562222102765,0.38702562222102765
385,train-load-0.6-scenario-558,0.6,0.5597835999999999,0.41015583333333333,0.5597835999999999,12.032183050877755,1.4607121827570162,0.5392878172429838,1.0,0.0,1.0,0.0,6,0,6,0,6,5,6,6,0.4008856415748596,0.1451730787173275,,,,,,,,,,,0.38702562222102765,0.38702562222102765
386,train-load-0.5-scenario-388,0.5,0.4398845,0.21012999999999998,0.4398845,10.987275594808882,1.3126513016231707,0.6873486983768293,1.0,0.0,1.0,0.0,6,0,6,0,6,8,6,6,0.37498098611831665,0.14444721332374086,,,,,,,,,,,0.38702562222102765,0.38702562222102765
387,train-load-0.6-scenario-633,0.6,0.5258161458333334,0.5258161458333334,0.42663225,15.917580224932404,1.2596899428059467,0.7403100571940533,1.0,0.0,1.0,0.0,10,0,10,0,10,8,10,10,0.546669602394104,0.14372497725712216,,,,,,,,,,,0.38702562222102765,0.38702562222102765
388,train-load-0.7-scenario-429-retry-3,0.7,0.6428571428571429,0.19285714285714287,0.6428571428571429,9.75899340201704,0.6538732337077351,0.45723787740337607,0.7777777777777778,0.2222222222222222,0.7777777777777778,0.2222222222222222,7,2,7,2,9,7,9,7,0.42295655608177185,0.14300635237083656,,,,,,,,,,,0.38702562222102765,0.38702562222102765
389,train-load-0.9-scenario-348,0.9,0.8679851666666667,0.7912298611111112,0.8679851666666667,13.99276295531799,0.7385428649253634,0.5947904684079702,0.8333333333333334,0.16666666666666666,0.7333333333333333,0.26666666666666666,10,2,11,4,15,6,12,10,0.31355300545692444,0.14229132060898236,,,,,,,,,,,0.38702562222102765,0.38702562222102765
390,train-load-0.5-scenario-351-retry-2,0.5,0.6,0.5,0.6,21.50510224683435,1.5044125557094838,0.49558744429051615,1.0,0.0,1.0,0.0,13,0,13,0,13,8,13,13,0.5828747749328613,0.14157986400593744,,,,,,,,,,,0.38702562222102765,0.38702562222102765
391,train-load-0.7-scenario-244,0.7,0.8142857142857143,0.35714285714285715,0.8142857142857143,9.141871239598501,0.5499500663772501,0.5611610447338611,0.7777777777777778,0.2222222222222222,0.7777777777777778,0.2222222222222222,7,2,7,2,9,7,9,7,0.7090429067611694,0.14087196468590776,,,,,,,,,,,0.38702562222102765,0.38702562222102765
392,train-hard-8gpu-16pod-1vgpu,0.5,0.5,0.3333333333333333,0.5,25.318596778239062,1.4724894150898171,0.5275105849101828,1.0,0.0,1.0,0.0,16,0,16,0,16,8,16,16,0.3345925211906433,0.14016760486247823,,,,,,,,,,,0.38702562222102765,0.38702562222102765
393,train-load-1.0-scenario-604-retry-3,1.0,1.1,1.03125,1.1,8.410531968872318,0.17988559318038533,0.36556895227416003,0.6363636363636364,0.36363636363636365,0.6363636363636364,0.36363636363636365,7,4,7,4,11,4,11,7,0.5099407434463501,0.13946676683816583,,,,,,,,,,,0.38702562222102765,0.38702562222102765
394,train-hard-4gpu-4pod-1vgpu,0.25,0.25,0.16666666666666666,0.25,11.544497883017963,1.9166666666666665,0.08333333333333337,1.0,0.0,1.0,0.0,4,0,4,0,4,4,4,4,0.5496672987937927,0.138769433003975,,,,,,,,,,,0.38702562222102765,0.38702562222102765
395,train-load-0.6-scenario-705,0.6,0.6333333333333333,0.5555555555555556,0.6333333333333333,7.333440579967375,0.3279373589945458,0.6720626410054542,0.75,0.25,0.75,0.25,6,2,6,2,8,6,8,6,0.3900051712989807,0.13807558583895513,,,,,,,,,,,0.38702562222102765,0.38702562222102765
396,train-load-0.7-scenario-494,0.7,0.7714285714285715,0.7714285714285715,0.5142857142857142,10.674537442873998,0.7632680911217746,0.34784301998933653,0.7777777777777778,0.2222222222222222,0.7777777777777778,0.2222222222222222,7,2,7,2,9,7,9,7,0.3162577450275421,0.13738520790976036,,,,,,,,,,,0.38702562222102765,0.38702562222102765
397,train-load-0.9-scenario-427,0.9,0.7857142857142857,0.3142857142857143,0.7857142857142857,7.226055274292143,0.013570749734488574,0.5318837957200568,0.6363636363636364,0.36363636363636365,0.6363636363636364,0.36363636363636365,7,4,7,4,11,7,11,7,0.429400771856308,0.13669828187021155,,,,,,,,,,,0.38702562222102765,0.38702562222102765
398,train-load-0.9-scenario-725-retry-2,0.9,1.0166666666666666,0.8333333333333334,1.0166666666666666,5.7757037360848535,-0.1807989842646548,0.3626171660828366,0.5454545454545454,0.45454545454545453,0.5454545454545454,0.45454545454545453,6,5,6,5,11,6,11,6,0.32235488295555115,0.13601479046086049,,,,,,,,,,,0.38702562222102765,0.38702562222102765
399,train-load-0.6-scenario-412-retry-1,0.6,0.4875,0.4,0.4875,16.42662364495555,1.2757828506918494,0.7242171493081506,1.0,0.0,1.0,0.0,10,0,10,0,10,8,10,10,0.4068714380264282,0.1353347165085562,,,,,,,,,,,0.38702562222102765,0.38702562222102765
400,train-load-0.6-scenario-341,0.6,0.6480859999999999,0.41711875,0.6480859999999999,7.646857734552808,1.3537075416347442,0.6462924583652558,1.0,0.0,1.0,0.0,3,0,6,0,6,4,3,3,0.6367785334587097,0.1346580429260134,0.34283136450032053,0.5554348703672465,0.7245665587168918,0.2754334412831082,0.7107184672819534,0.2892815327180465,0.34283136450032053,0.6517928211684257,0.27738768552394455,0.686089065921268,0.38702562222102765,0.38702562222102765
401,train-load-0.8-scenario-77,0.8,0.875,0.45,0.875,-0.06078537217965829,-1.0623603788478202,0.6623603788478202,0.4,0.6,0.4,0.6,4,6,4,6,10,8,10,4,0.6298027038574219,0.13398475271138335,,,,,,,,,,,0.38702562222102765,0.38702562222102765
402,train-load-0.5-scenario-686,0.5,0.4690976785714286,0.4690976785714286,0.4367948571428571,11.871267369289018,1.4258510589321065,0.5741489410678934,1.0,0.0,1.0,0.0,6,0,9,0,9,7,6,6,0.26581671833992004,0.13331482894782642,,,,,,,,,,,0.38702562222102765,0.38702562222102765
403,train-load-0.6-scenario-497-retry-5,0.6,0.5333333333333333,0.5333333333333333,0.5333333333333333,14.554500253235018,1.4249425020267132,0.5750574979732868,1.0,0.0,1.0,0.0,8,0,8,0,8,6,8,8,0.44139564037323,0.13264825480308728,,,,,,,,,,,0.38702562222102765,0.38702562222102765
404,train-load-0.9-scenario-598,0.9,1.0,0.2,1.0,3.349346714883551,-0.24757701373748553,0.7475770137374855,0.625,0.375,0.625,0.375,5,3,5,3,8,5,8,5,0.5656075477600098,0.13198501352907185,,,,,,,,,,,0.38702562222102765,0.38702562222102765
405,train-load-1.0-scenario-182,1.0,0.96,0.96,0.96,10.471218840946703,0.3988152992906592,0.2678513673760074,0.6666666666666666,0.3333333333333333,0.6666666666666666,0.3333333333333333,8,4,8,4,12,5,12,8,0.5594828128814697,0.1313250884614265,,,,,,,,,,,0.38702562222102765,0.38702562222102765
406,train-load-0.7-scenario-190,0.7,0.625,0.10416666666666667,0.625,15.80335217294587,1.2967716991114953,0.7032283008885047,1.0,0.0,1.0,0.0,10,0,10,0,10,8,10,10,0.5693661570549011,0.13066846301911936,,,,,,,,,,,0.38702562222102765,0.38702562222102765
407,train-load-0.8-scenario-585,0.8,0.7,0.7,0.7,19.509366544323427,0.8803757953957618,0.6196242046042382,0.875,0.125,0.875,0.125,14,2,14,2,16,8,16,14,0.2883622944355011,0.13001512070402377,,,,,,,,,,,0.38702562222102765,0.38702562222102765
408,train-load-0.6-scenario-74,0.6,0.64,0.34,0.64,16.75945261375988,1.3523189018942667,0.6476810981057333,1.0,0.0,1.0,0.0,10,0,10,0,10,5,10,10,0.3906291723251343,0.12936504510050365,,,,,,,,,,,0.38702562222102765,0.38702562222102765
409,train-load-0.8-scenario-1,0.8,0.7428571428571429,0.6190476190476191,0.7428571428571429,27.697835699813442,1.6909950965724483,0.3090049034275517,1.0,0.0,1.0,0.0,17,0,17,0,17,7,17,17,0.6158037185668945,0.12871821987500112,,,,,,,,,,,0.38702562222102765,0.38702562222102765
410,train-load-0.5-scenario-732,0.5,0.451813,0.31026354166666664,0.451813,12.620387891271545,1.1393753793291945,0.8606246206708056,1.0,0.0,1.0,0.0,8,0,8,0,8,8,8,8,0.28482377529144287,0.12807462877562611,,,,,,,,,,,0.38702562222102765,0.38702562222102765
411,train-load-0.5-scenario-288,0.5,0.4379836666666666,0.31962625,0.4379836666666666,9.400754181588876,1.230079915993801,0.769920084006199,1.0,0.0,1.0,0.0,5,0,6,0,6,6,5,5,0.8556841611862183,0.12743425563174798,,,,,,,,,,,0.38702562222102765,0.38702562222102765
412,train-load-0.6-scenario-607,0.6,0.5625,0.525,0.5625,13.831954718374611,1.3628619359042808,0.6371380640957192,1.0,0.0,1.0,0.0,8,0,8,0,8,8,8,8,0.40832531452178955,0.12679708435358925,,,,,,,,,,,0.38702562222102765,0.38702562222102765
413,train-load-0.7-scenario-676,0.7,0.646301,0.32054895833333336,0.646301,13.069502436217112,1.191777130190327,0.808222869809673,1.0,0.0,1.0,0.0,8,0,9,0,9,8,8,8,0.49121567606925964,0.1261630989318213,,,,,,,,,,,0.38702562222102765,0.38702562222102765
414,train-load-0.9-scenario-637-retry-1,0.9,0.8666666666666667,0.8666666666666667,0.825,6.4652118322942265,-0.18241993917110122,0.7278744846256466,0.6363636363636364,0.36363636363636365,0.6363636363636364,0.36363636363636365,7,4,7,4,11,6,11,7,0.32653722167015076,0.1255322834371622,,,,,,,,,,,0.38702562222102765,0.38702562222102765
415,train-load-0.7-scenario-592-retry-1,0.7,0.75,0.5375,0.75,17.565760902690073,1.0121245089774265,0.41644691959400193,0.8571428571428571,0.14285714285714285,0.8571428571428571,0.14285714285714285,12,2,12,2,14,8,14,12,0.37436169385910034,0.12490462201997637,,,,,,,,,,,0.38702562222102765,0.38702562222102765
416,train-load-0.5-scenario-225,0.5,0.42544620000000005,0.3186475,0.42544620000000005,9.695009510297595,1.2692336556952515,0.7307663443047485,1.0,0.0,1.0,0.0,5,0,5,0,5,5,5,5,0.5918187499046326,0.1242800989098765,,,,,,,,,,,0.38702562222102765,0.38702562222102765
417,train-load-1.0-scenario-579,1.0,0.88505975,0.6888395833333334,0.88505975,11.84048663174435,1.0530926300817343,0.44690736991826574,0.875,0.125,0.7777777777777778,0.2222222222222222,7,1,7,2,9,4,8,7,0.41159144043922424,0.12365869841532712,,,,,,,,,,,0.38702562222102765,0.38702562222102765
418,train-load-1.0-scenario-397,1.0,0.9061668749999999,0.9061668749999999,0.89789025,5.634961166257121,-0.13367561736812772,0.5336756173681276,0.6,0.4,0.6,0.4,6,4,6,4,10,4,10,6,0.5022411346435547,0.12304040492325048,,,,,,,,,,,0.38702562222102765,0.38702562222102765
419,train-load-0.7-scenario-488,0.7,0.6794291666666668,0.29680069444444446,0.6794291666666668,6.909204379447756,0.5814771168344874,0.751856216498846,0.8333333333333334,0.16666666666666666,0.75,0.25,5,1,6,2,8,6,6,5,0.48196762800216675,0.12242520289863423,,,,,,,,,,,0.38702562222102765,0.38702562222102765
420,train-hard-4gpu-4pod-2vgpu,0.25,0.25,0.16666666666666666,0.25,11.616666666666667,1.9166666666666665,0.08333333333333337,1.0,0.0,1.0,0.0,4,0,8,0,8,4,4,4,0.6880512237548828,0.12181307688414106,,,,,,,,,,,0.38702562222102765,0.38702562222102765
421,train-load-1.0-scenario-693-retry-13,1.0,1.0571428571428572,0.7619047619047619,1.0571428571428572,7.524488913212852,0.09703324847935757,0.7029667515206424,0.7,0.3,0.5384615384615384,0.46153846153846156,7,3,7,6,13,7,10,7,0.7679258584976196,0.12120401149972035,,,,,,,,,,,0.38702562222102765,0.38702562222102765
422,train-load-0.9-scenario-168,0.9,0.8147347142857143,0.5378154761904762,0.8147347142857143,12.136309628300689,0.5287905331031522,0.8045428002301812,0.8333333333333334,0.16666666666666666,0.8461538461538461,0.15384615384615385,10,2,11,2,13,7,12,10,0.32791799306869507,0.12059799144222175,,,,,,,,,,,0.38702562222102765,0.38702562222102765
423,train-load-0.9-scenario-556-retry-4,0.9,1.0,1.0,0.25,10.011201285129012,0.5797276638629898,0.6202723361370103,0.8,0.2,0.8,0.2,8,2,8,2,10,4,10,8,0.5398125648498535,0.11999500148501063,,,,,,,,,,,0.38702562222102765,0.38702562222102765
424,train-load-0.5-scenario-700,0.5,0.4125,0.4125,0.275,34.02755574168832,1.5337747941106419,0.4662252058893582,1.0,0.0,1.0,0.0,22,0,22,0,22,8,22,22,0.5968385934829712,0.11939502647758558,,,,,,,,,,,0.38702562222102765,0.38702562222102765
425,train-load-0.5-scenario-198-retry-4,0.5,0.5,0.4,0.5,15.395040951512945,1.5346541267460405,0.46534587325395943,1.0,0.0,1.0,0.0,8,0,16,0,16,8,8,8,0.6676316261291504,0.11879805134519765,,,,,,,,,,,0.38702562222102765,0.38702562222102765
426,train-load-0.6-scenario-261,0.6,0.5,0.5,0.3,24.74536006336789,1.5561811222229993,0.4438188777770008,1.0,0.0,1.0,0.0,15,0,15,0,15,5,15,15,0.19411754608154297,0.11820406108847166,,,,,,,,,,,0.38702562222102765,0.38702562222102765
427,train-load-0.9-scenario-505-retry-1,0.9,1.0,0.2,1.0,3.361981601925076,-0.6370598102394911,0.6370598102394911,0.5,0.5,0.5,0.5,6,6,6,6,12,6,12,6,0.393007755279541,0.1176130407830293,,,,,,,,,,,0.38702562222102765,0.38702562222102765
428,train-load-0.7-scenario-77,0.7,0.604764,0.3942452380952381,0.604764,6.791730748800392,0.5420090550478185,0.7913242782855149,0.8333333333333334,0.16666666666666666,0.75,0.25,5,1,6,2,8,7,6,5,0.40194830298423767,0.11702497557911415,,,,,,,,,,,0.38702562222102765,0.38702562222102765
429,train-load-0.9-scenario-633,0.9,0.8333333333333334,0.8333333333333334,0.5833333333333334,9.196469755431924,0.3326297791659226,0.8673702208340774,0.8,0.2,0.6923076923076923,0.3076923076923077,8,2,9,4,13,6,10,8,0.37778452038764954,0.11643985070121858,,,,,,,,,,,0.38702562222102765,0.38702562222102765
430,train-load-0.5-scenario-449,0.5,0.4485845,0.31725755208333334,0.4485845,14.862641280542409,1.3064810821947503,0.6935189178052497,1.0,0.0,1.0,0.0,9,0,9,0,9,8,9,9,0.5005463361740112,0.11585765144771248,,,,,,,,,,,0.38702562222102765,0.38702562222102765
431,train-load-0.6-scenario-325,0.6,0.5562588,0.38327399999999995,0.5562588,11.867799045866317,1.453110617432403,0.5468893825675968,1.0,0.0,1.0,0.0,6,0,6,0,6,5,6,6,0.43863749504089355,0.11527836319047392,,,,,,,,,,,0.38702562222102765,0.38702562222102765
432,train-load-0.6-scenario-587-retry-1,0.6,0.7083333333333334,0.7083333333333334,0.55,13.638368446609906,1.0990818235762299,0.4564737319793257,0.8888888888888888,0.1111111111111111,0.8666666666666667,0.13333333333333333,8,1,13,2,15,6,9,8,0.613240659236908,0.11470197137452155,,,,,,,,,,,0.38702562222102765,0.38702562222102765
433,train-load-1.0-scenario-147-retry-1,1.0,0.91378175,0.499979375,0.91378175,6.940526323092945,0.6058779399200311,0.7274553934133023,0.8333333333333334,0.16666666666666666,0.7142857142857143,0.2857142857142857,5,1,5,2,7,4,6,5,0.3382387161254883,0.11412846151764894,,,,,,,,,,,0.38702562222102765,0.38702562222102765
434,train-load-1.0-scenario-458-retry-1,1.0,0.888342375,0.527634375,0.888342375,12.313961072107892,0.2509388920899652,0.682394441243368,0.7333333333333333,0.26666666666666666,0.7333333333333333,0.26666666666666666,11,4,11,4,15,8,15,11,0.5459863543510437,0.1135578192100607,,,,,,,,,,,0.38702562222102765,0.38702562222102765
435,train-load-0.8-scenario-640-retry-2,0.8,0.8142857142857143,0.35714285714285715,0.8142857142857143,8.75292999699802,0.08951966908151454,0.9104803309184855,0.75,0.25,0.75,0.25,9,3,9,3,12,7,12,9,0.28515398502349854,0.11299003011401039,,,,,,,,,,,0.38702562222102765,0.38702562222102765
436,train-load-0.5-scenario-636,0.5,0.46897,0.46897,0.4069496666666667,10.122160868335953,1.3594666747494084,0.6405333252505916,1.0,0.0,1.0,0.0,5,0,7,0,7,6,5,5,0.7741639614105225,0.11242507996344034,,,,,,,,,,,0.38702562222102765,0.38702562222102765
437,train-load-0.9-scenario-167-retry-4,0.9,1.0,1.0,0.5,9.193108981925553,-0.07217603293755792,0.47217603293755783,0.6,0.4,0.6,0.4,9,6,9,6,15,6,15,9,0.32957881689071655,0.11186295456362313,,,,,,,,,,,0.38702562222102765,0.38702562222102765
438,train-load-0.8-scenario-701,0.8,0.7666666666666667,0.38333333333333336,0.7666666666666667,34.45464958712999,1.5229499874172507,0.47705001258274926,1.0,0.0,1.0,0.0,23,0,23,0,23,6,23,23,0.2500617504119873,0.11130363979080501,,,,,,,,,,,0.38702562222102765,0.38702562222102765
439,train-load-0.7-scenario-477,0.7,0.650636,0.38567078125,0.650636,15.589659552170263,1.221797902506962,0.7782020974930379,1.0,0.0,1.0,0.0,10,0,11,0,11,8,10,10,0.46782028675079346,0.11074712159185099,,,,,,,,,,,0.38702562222102765,0.38702562222102765
440,train-load-0.8-scenario-595-retry-4,0.8,0.9166666666666666,0.9166666666666666,0.6875,11.251676206026733,0.5759120732955938,0.3331788357953154,0.7272727272727273,0.2727272727272727,0.7272727272727273,0.2727272727272727,8,3,16,6,22,8,11,8,0.29760342836380005,0.11019338598389174,,,,,,,,,,,0.38702562222102765,0.38702562222102765
441,train-load-0.6-scenario-178,0.6,0.5874706,0.435475,0.5874706,12.219987331889751,1.2538094490532454,0.7461905509467546,1.0,0.0,1.0,0.0,7,0,7,0,7,5,7,7,0.45336687564849854,0.10964241905397228,,,,,,,,,,,0.38702562222102765,0.38702562222102765
442,train-load-0.7-scenario-333,0.7,0.65717875,0.3211510416666667,0.65717875,8.445477388850062,1.3092865097041426,0.6907134902958575,1.0,0.0,1.0,0.0,4,0,5,0,5,4,4,4,0.3650677800178528,0.10909420695870241,,,,,,,,,,,0.38702562222102765,0.38702562222102765
443,train-load-0.9-scenario-260-retry-2,0.9,0.9625,0.5833333333333334,0.9625,10.581861185677225,0.5341014112157234,0.3749894978751857,0.7272727272727273,0.2727272727272727,0.7272727272727273,0.2727272727272727,8,3,8,3,11,4,11,8,0.4117787480354309,0.1085487359239089,,,,,,,,,,,0.38702562222102765,0.38702562222102765
444,train-load-1.0-scenario-535,1.0,1.0833333333333333,1.0833333333333333,1.0833333333333333,0.8547488472722624,-1.1377920818214011,0.7377920818214012,0.4,0.6,0.4,0.6,6,9,6,9,15,6,15,6,0.5415577292442322,0.10800599224428936,,,,,,,,,,,0.38702562222102765,0.38702562222102765
445,train-load-1.0-scenario-679,1.0,0.9916666666666667,0.9916666666666667,0.9916666666666667,10.938209261177509,0.15069209897611036,0.7064507581667469,0.7142857142857143,0.2857142857142857,0.7142857142857143,0.2857142857142857,10,4,10,4,14,6,14,10,0.5243345499038696,0.10746596228306791,,,,,,,,,,,0.38702562222102765,0.38702562222102765
446,train-load-0.5-scenario-629-retry-1,0.5,0.48343600000000003,0.27004812499999997,0.48343600000000003,7.008854064689238,1.264534161159351,0.735465838840649,1.0,0.0,1.0,0.0,3,0,4,0,4,4,3,3,0.30709993839263916,0.10692863247165257,,,,,,,,,,,0.38702562222102765,0.38702562222102765
447,train-load-0.8-scenario-137,0.8,0.7919733999999999,0.32233449999999997,0.7919733999999999,3.189630477631229,-0.10999245700679683,0.7766591236734635,0.6666666666666666,0.3333333333333333,0.625,0.375,4,2,5,3,8,5,6,4,0.2113080620765686,0.1063939893092943,,,,,,,,,,,0.38702562222102765,0.38702562222102765
448,train-load-0.8-scenario-289,0.8,0.71963575,0.6399207812500001,0.71963575,18.03640797851517,1.2640553322946915,0.40261133437197494,0.9166666666666666,0.08333333333333333,0.9285714285714286,0.07142857142857142,11,1,13,1,14,8,12,11,0.6538688540458679,0.10586201936274783,,,,,,,,,,,0.38702562222102765,0.38702562222102765
449,train-load-0.5-scenario-320,0.5,0.5,0.3333333333333333,0.5,19.54258506412693,1.3609559764198025,0.6390440235801975,1.0,0.0,1.0,0.0,12,0,12,0,12,6,12,12,0.6274699568748474,0.10533270926593409,,,,,,,,,,,0.38702562222102765,0.38702562222102765
450,train-load-0.8-scenario-115,0.8,0.68,0.5666666666666667,0.68,26.83594789393137,1.5612824790473914,0.4387175209526085,1.0,0.0,1.0,0.0,17,0,17,0,17,5,17,17,0.4386492371559143,0.10480604571960442,,,,,,,,,,,0.38702562222102765,0.38702562222102765
451,train-load-0.8-scenario-739-retry-3,0.8,0.9,0.14,0.9,4.100868838099687,-0.23974441110609346,0.4619666333283158,0.5555555555555556,0.4444444444444444,0.5555555555555556,0.4444444444444444,5,4,5,4,9,5,9,5,0.7382998466491699,0.1042820154910064,,,,,,,,,,,0.38702562222102765,0.38702562222102765
452,train-load-0.7-scenario-70-retry-3,0.7,0.75,0.45,0.75,17.71231803722,1.6532155448686843,0.34678445513131584,1.0,0.0,1.0,0.0,10,0,10,0,10,5,10,10,0.3841085433959961,0.10376060541355137,,,,,,,,,,,0.38702562222102765,0.38702562222102765
453,train-load-0.6-scenario-59,0.6,0.604597,0.48125062500000004,0.604597,7.196672736598544,1.290711422609554,0.7092885773904459,1.0,0.0,1.0,0.0,3,0,5,0,5,4,3,3,0.5337012410163879,0.1032418023864836,,,,,,,,,,,0.38702562222102765,0.38702562222102765
454,train-load-1.0-scenario-62,1.0,0.9410761999999999,0.482916,0.9410761999999999,6.590090918207554,0.24120823758058774,0.7587917624194123,0.75,0.25,0.6666666666666666,0.3333333333333333,6,2,6,3,9,5,8,6,0.38906705379486084,0.10272559337455119,,,,,,,,,,,0.38702562222102765,0.38702562222102765
455,train-load-1.0-scenario-490,1.0,1.0,1.0,0.9285714285714286,12.91939004559791,0.9150939715547745,0.2849060284452255,0.8,0.2,0.7333333333333333,0.26666666666666666,8,2,11,4,15,7,10,8,0.4526422321796417,0.10221196540767843,,,,,,,,,,,0.38702562222102765,0.38702562222102765
456,train-load-0.7-scenario-499,0.7,0.666509,0.5092708333333333,0.666509,9.29171317547761,0.8045270847185079,0.6240443438529206,0.8571428571428571,0.14285714285714285,0.7777777777777778,0.2222222222222222,6,1,7,2,9,6,7,6,0.4954659044742584,0.10170090558064004,,,,,,,,,,,0.38702562222102765,0.38702562222102765
457,train-load-0.8-scenario-286-retry-2,0.8,0.9166666666666666,0.9166666666666666,0.3,8.577932682366692,0.1906867595216668,0.7184041495692424,0.7272727272727273,0.2727272727272727,0.7272727272727273,0.2727272727272727,8,3,8,3,11,8,11,8,0.2214113026857376,0.10119240105273684,,,,,,,,,,,0.38702562222102765,0.38702562222102765
458,train-load-0.8-scenario-324-retry-2,0.8,0.875,0.6125,0.875,3.2557924789931922,-0.7129442354173997,1.046277568750733,0.5833333333333334,0.4166666666666667,0.5833333333333334,0.4166666666666667,7,5,7,5,12,8,12,7,0.6062477231025696,0.10068643904747315,,,,,,,,,,,0.38702562222102765,0.38702562222102765
459,train-load-0.8-scenario-531-retry-1,0.8,0.8958333333333334,0.8958333333333334,0.775,8.613086751643898,0.18069277642274773,0.7283981326681614,0.7272727272727273,0.2727272727272727,0.6,0.4,8,3,9,6,15,8,11,8,0.4744861125946045,0.10018300685223579,,,,,,,,,,,0.38702562222102765,0.38702562222102765
460,train-load-0.5-scenario-430-retry-3,0.5,0.45,0.40625,0.45,10.30164857445769,0.7791738374785138,0.7208261625214862,0.875,0.125,0.875,0.125,7,1,7,1,8,8,8,7,0.42767396569252014,0.0996820918179746,,,,,,,,,,,0.38702562222102765,0.38702562222102765
461,train-load-1.0-scenario-329-retry-2,1.0,1.1125,1.0,1.1125,1.9884877641863918,-0.5892946806607008,0.36707245843847847,0.4444444444444444,0.5555555555555556,0.4444444444444444,0.5555555555555556,4,5,4,5,9,4,9,4,0.4643011689186096,0.09918368135888474,,,,,,,,,,,0.38702562222102765,0.38702562222102765
462,train-load-1.0-scenario-258,1.0,0.96690425,0.4234791666666667,0.96690425,6.444357424746172,0.5165005581986244,0.816832775134709,0.8333333333333334,0.16666666666666666,0.7142857142857143,0.2857142857142857,5,1,5,2,7,4,6,5,0.21362975239753723,0.09868776295209031,,,,,,,,,,,0.38702562222102765,0.38702562222102765
463,train-load-1.0-scenario-96-retry-4,1.0,1.1166666666666667,0.9861111111111112,1.1166666666666667,7.556437323239534,-0.3531930928201875,0.7531930928201874,0.6,0.4,0.6,0.4,9,6,9,6,15,6,15,9,0.48039481043815613,0.09819432413732986,,,,,,,,,,,0.38702562222102765,0.38702562222102765
464,train-load-0.8-scenario-449,0.8,0.8888888888888888,0.8888888888888888,0.5333333333333333,4.7355439400771155,-0.11073200822839513,0.6107320082283951,0.625,0.375,0.625,0.375,5,3,5,3,8,6,8,5,0.505668580532074,0.09770335251664321,,,,,,,,,,,0.38702562222102765,0.38702562222102765
465,train-load-0.5-scenario-530,0.5,0.43794675,0.350445,0.43794675,10.552514286915738,1.4629580583425954,0.5370419416574046,1.0,0.0,1.0,0.0,5,0,5,0,5,4,5,5,0.2517396807670593,0.09721483575406,,,,,,,,,,,0.38702562222102765,0.38702562222102765
466,train-load-0.7-scenario-719,0.7,0.7833333333333333,0.7833333333333333,0.7333333333333333,14.157659650466078,0.8500510666898384,0.48328226664349494,0.8333333333333334,0.16666666666666666,0.8333333333333334,0.16666666666666666,10,2,10,2,12,6,12,10,0.3749144375324249,0.09672876157528969,,,,,,,,,,,0.38702562222102765,0.38702562222102765
467,train-load-0.8-scenario-748,0.8,0.6809388571428572,0.47026232142857144,0.6809388571428572,16.512222568792403,1.3720789652827319,0.6279210347172681,1.0,0.0,1.0,0.0,10,0,11,0,11,7,10,10,0.5594800114631653,0.09624511776741324,,,,,,,,,,,0.38702562222102765,0.38702562222102765
468,train-load-0.6-scenario-256,0.6,0.5188674,0.39761,0.5188674,7.937478215263642,1.2081386441064705,0.7918613558935295,1.0,0.0,1.0,0.0,4,0,6,0,6,5,4,4,0.5149593353271484,0.09576389217857617,,,,,,,,,,,0.38702562222102765,0.38702562222102765
469,train-load-0.7-scenario-253-retry-3,0.7,0.74,0.48333333333333334,0.74,6.150559725980652,0.18663868902026337,0.8133613109797366,0.75,0.25,0.75,0.25,6,2,6,2,8,5,8,6,0.29535621404647827,0.09528507271768329,,,,,,,,,,,0.38702562222102765,0.38702562222102765
470,train-load-0.5-scenario-135,0.5,0.43057187499999994,0.43057187499999994,0.4135185,11.316735365405487,1.5450814144007214,0.4549185855992785,1.0,0.0,1.0,0.0,5,0,5,0,5,4,5,5,0.5962153673171997,0.09480864735409487,,,,,,,,,,,0.38702562222102765,0.38702562222102765
471,train-load-0.8-scenario-584-retry-1,0.8,0.875,0.875,0.875,11.700814900259685,0.6746963672570615,0.5253036327429387,0.8,0.2,0.7333333333333333,0.26666666666666666,8,2,11,4,15,8,10,8,0.40320324897766113,0.0943346041173244,,,,,,,,,,,0.38702562222102765,0.38702562222102765
472,train-load-0.7-scenario-560,0.7,0.61105325,0.5742215625,0.61105325,20.90592872799003,1.2783902930847293,0.7216097069152708,1.0,0.0,1.0,0.0,14,0,14,0,14,8,14,14,0.7121008038520813,0.09386293109673778,,,,,,,,,,,0.38702562222102765,0.38702562222102765
473,train-load-0.9-scenario-733,0.9,0.8013057142857143,0.7155392857142857,0.8013057142857143,11.839377603364017,0.4676764571330349,0.8656568762002985,0.8333333333333334,0.16666666666666666,0.7142857142857143,0.2857142857142857,10,2,10,4,14,7,12,10,0.46770066022872925,0.09339361644125409,,,,,,,,,,,0.38702562222102765,0.38702562222102765
474,train-load-0.5-scenario-283,0.5,0.478465,0.3687567857142857,0.478465,12.246866046190757,1.2838886123044078,0.7161113876955921,1.0,0.0,1.0,0.0,7,0,9,0,9,7,7,7,0.8262087106704712,0.09292664835904782,,,,,,,,,,,0.38702562222102765,0.38702562222102765
475,train-load-0.5-scenario-356,0.5,0.46387942857142855,0.3833067857142857,0.46387942857142855,13.67957780035799,1.2884256855295968,0.7115743144704031,1.0,0.0,1.0,0.0,8,0,9,0,9,7,8,8,0.7285182476043701,0.09246201511725258,,,,,,,,,,,0.38702562222102765,0.38702562222102765
476,train-load-0.9-scenario-476,0.9,0.79301,0.4212020833333333,0.79301,7.984793510724862,0.7066258326156682,0.6267075007176652,0.8333333333333334,0.16666666666666666,0.75,0.25,5,1,6,2,8,5,6,5,0.5630707144737244,0.09199970504166631,,,,,,,,,,,0.38702562222102765,0.38702562222102765
477,train-load-0.8-scenario-493,0.8,0.8928571428571429,0.3,0.8928571428571429,11.943378951357749,0.44546614600610346,0.6314569309169735,0.7692307692307693,0.23076923076923078,0.7692307692307693,0.23076923076923078,10,3,10,3,13,7,13,10,0.4192562699317932,0.09153970651645797,,,,,,,,,,,0.38702562222102765,0.38702562222102765
478,train-load-0.9-scenario-161,0.9,0.8202572,0.6943858333333334,0.8202572,9.749128608322886,0.6017125018188583,0.509398609292253,0.7777777777777778,0.2222222222222222,0.8,0.2,7,2,8,2,10,5,9,7,0.4185622036457062,0.09108200798387568,,,,,,,,,,,0.38702562222102765,0.38702562222102765
479,train-load-0.9-scenario-287-retry-3,0.9,0.8142857142857143,0.8142857142857143,0.42857142857142855,9.133579683093387,0.21929464504451068,0.44737202162215595,0.6666666666666666,0.3333333333333333,0.6666666666666666,0.3333333333333333,8,4,8,4,12,7,12,8,0.3942926526069641,0.0906265979439563,,,,,,,,,,,0.38702562222102765,0.38702562222102765
480,train-load-0.5-scenario-695,0.5,0.5000651666666667,0.20229826388888889,0.5000651666666667,9.140761127064604,1.182638460455699,0.817361539544301,1.0,0.0,1.0,0.0,5,0,5,0,5,6,5,5,0.9118350744247437,0.09017346495423652,,,,,,,,,,,0.38702562222102765,0.38702562222102765
481,train-load-0.7-scenario-621,0.7,0.619727857142857,0.4708005952380952,0.619727857142857,13.966045895771206,1.3511560330476495,0.6488439669523506,1.0,0.0,1.0,0.0,8,0,10,0,10,7,8,8,0.5366177558898926,0.08972259762946533,,,,,,,,,,,0.38702562222102765,0.38702562222102765
482,train-load-0.9-scenario-282-retry-1,0.9,0.92,0.5333333333333333,0.92,5.777001302708299,-0.11371807738191975,0.5137180773819197,0.6,0.4,0.6,0.4,6,4,6,4,10,5,10,6,0.7091619372367859,0.089273984641318,,,,,,,,,,,0.38702562222102765,0.38702562222102765
483,train-load-0.9-scenario-650-retry-1,0.9,1.0,1.0,0.8,3.4518235556494155,-0.2678616512009484,0.26786165120094846,0.5,0.5,0.5,0.5,4,4,4,4,8,4,8,4,0.3016894459724426,0.0888276147181114,,,,,,,,,,,0.38702562222102765,0.38702562222102765
484,train-load-1.0-scenario-283,1.0,0.9294793333333333,0.6595816666666666,0.9294793333333333,10.194368060149365,0.3476609127202941,0.6523390872797059,0.75,0.25,0.75,0.25,9,3,9,3,12,6,12,9,0.3597189784049988,0.08838347664452084,,,,,,,,,,,0.38702562222102765,0.38702562222102765
485,train-load-0.6-scenario-327,0.6,0.5359026041666667,0.5359026041666667,0.479666,12.264790744949778,1.4511286362926483,0.5488713637073517,1.0,0.0,1.0,0.0,6,0,6,0,6,4,6,6,0.526099443435669,0.08794155926129824,,,,,,,,,,,0.38702562222102765,0.38702562222102765
486,train-load-0.7-scenario-699,0.7,0.6430224000000001,0.41642375,0.6430224000000001,6.135588846801852,0.6013333788704515,0.5986666211295486,0.8,0.2,0.7142857142857143,0.2857142857142857,4,1,5,2,7,5,5,4,0.23556669056415558,0.08750185146499175,,,,,,,,,,,0.38702562222102765,0.38702562222102765
487,train-load-0.9-scenario-658,0.9,1.0,1.0,0.5,7.91844208176966,0.23234283054624905,0.5676571694537509,0.7,0.3,0.7,0.3,7,3,7,3,10,4,10,7,0.5086861252784729,0.08706434220766679,,,,,,,,,,,0.38702562222102765,0.38702562222102765
488,train-load-0.8-scenario-220,0.8,0.6854264999999999,0.4294395833333333,0.6854264999999999,18.931356117781903,1.3227276835613324,0.6772723164386676,1.0,0.0,1.0,0.0,12,0,12,0,12,8,12,12,0.44493985176086426,0.08662902049662846,,,,,,,,,,,0.38702562222102765,0.38702562222102765
489,train-load-0.8-scenario-375,0.8,0.92,0.7666666666666667,0.92,8.21036937359845,0.18708580644028105,0.35836873901426436,0.6363636363636364,0.36363636363636365,0.6363636363636364,0.36363636363636365,7,4,7,4,11,5,11,7,0.4922444224357605,0.08619587539414532,,,,,,,,,,,0.38702562222102765,0.38702562222102765
490,train-load-0.5-scenario-15,0.5,0.4492542857142857,0.4492542857142857,0.3574835714285714,12.612820743028342,1.3324596456195543,0.6675403543804457,1.0,0.0,1.0,0.0,7,0,8,0,8,7,7,7,0.21775998175144196,0.08576489601717459,,,,,,,,,,,0.38702562222102765,0.38702562222102765
491,train-load-0.9-scenario-738,0.9,0.8161596249999999,0.7511084375,0.8161596249999999,16.76629069607278,0.8812176833249404,0.5473537452464882,0.8571428571428571,0.14285714285714285,0.8235294117647058,0.17647058823529413,12,2,14,3,17,8,14,12,0.23887790739536285,0.08533607153708872,,,,,,,,,,,0.38702562222102765,0.38702562222102765
492,train-load-0.5-scenario-247,0.5,0.45740519999999996,0.21215150000000002,0.45740519999999996,8.579219656469096,1.2977660485365536,0.7022339514634462,1.0,0.0,1.0,0.0,4,0,4,0,4,5,4,4,0.2710902988910675,0.08490939117940327,,,,,,,,,,,0.38702562222102765,0.38702562222102765
493,train-load-0.7-scenario-568,0.7,0.6666666666666666,0.3333333333333333,0.6666666666666666,13.895439597909387,1.0665159513724423,0.5334840486275577,0.9,0.1,0.9,0.1,9,1,9,1,10,6,10,9,0.2803068459033966,0.08448484422350626,,,,,,,,,,,0.38702562222102765,0.38702562222102765
494,train-load-0.6-scenario-482,0.6,0.5,0.3,0.5,29.624371559254875,1.3541071240511278,0.6458928759488722,1.0,0.0,1.0,0.0,20,0,20,0,20,8,20,20,0.5483874082565308,0.08406242000238873,,,,,,,,,,,0.38702562222102765,0.38702562222102765
495,train-load-0.7-scenario-193-retry-2,0.7,0.7285714285714285,0.5714285714285714,0.7285714285714285,12.576482921076167,0.9289688471543006,0.6265867084012549,0.8888888888888888,0.1111111111111111,0.8333333333333334,0.16666666666666666,8,1,10,2,12,7,9,8,0.7252742052078247,0.08364210790237678,,,,,,,,,,,0.38702562222102765,0.38702562222102765
496,train-load-0.8-scenario-672-retry-2,0.8,0.825,0.22916666666666666,0.825,9.121981094345413,0.2737822340112137,0.6353086750796955,0.7272727272727273,0.2727272727272727,0.7272727272727273,0.2727272727272727,8,3,8,3,11,8,11,8,0.3283277750015259,0.0832238973628649,,,,,,,,,,,0.38702562222102765,0.38702562222102765
497,train-load-0.6-scenario-122-retry-1,0.6,0.66,0.66,0.48,7.501229850954394,0.1846716872360683,0.9264394238750429,0.7777777777777778,0.2222222222222222,0.7777777777777778,0.2222222222222222,7,2,7,2,9,5,9,7,0.39441803097724915,0.08280777787605056,,,,,,,,,,,0.38702562222102765,0.38702562222102765
498,train-load-0.8-scenario-224-retry-2,0.8,0.9,0.9,0.75,10.390402881051171,0.4280010728542968,0.23866559381236996,0.6666666666666666,0.3333333333333333,0.6666666666666666,0.3333333333333333,8,4,8,4,12,8,12,8,0.35240769386291504,0.08239373898667031,,,,,,,,,,,0.38702562222102765,0.38702562222102765
499,train-load-1.0-scenario-215-retry-1,1.0,0.9142857142857143,0.9142857142857143,0.5714285714285714,8.197191869727092,0.5045296830876718,0.4954703169123282,0.75,0.25,0.75,0.25,6,2,12,4,16,7,8,6,0.5622377991676331,0.08198177029173696,,,,,,,,,,,0.38702562222102765,0.38702562222102765
500,train-load-0.8-scenario-13,0.8,0.8132244000000001,0.4440455,0.8132244000000001,5.682948451029092,0.519230854991458,0.680769145008542,0.8,0.2,0.7142857142857143,0.2857142857142857,4,1,5,2,7,5,5,4,0.3573751151561737,0.08157186144027828,0.3466464589012337,0.541826813271031,0.7221183180430661,0.27788168195693386,0.7071072166595805,0.2928927833404193,0.3466464589012337,0.6685561928478579,0.27523357987707425,0.699096662171853,0.38702562222102765,0.38702562222102765
501,train-load-0.7-scenario-732,0.7,0.6252006666666667,0.5575506944444445,0.6252006666666667,10.44956221831151,0.8367678682564195,0.6632321317435805,0.875,0.125,0.7777777777777778,0.2222222222222222,7,1,7,2,9,6,8,7,0.623078465461731,0.0811640021330769,,,,,,,,,,,0.38702562222102765,0.38702562222102765
502,train-load-0.7-scenario-733-retry-2,0.7,0.8,0.8,0.4,13.30719576217031,0.8977852064875771,0.702214793512423,0.9,0.1,0.8333333333333334,0.16666666666666666,9,1,10,2,12,7,10,9,0.23637141287326813,0.08075818212241151,,,,,,,,,,,0.38702562222102765,0.38702562222102765
503,train-load-0.5-scenario-82-retry-2,0.5,0.5428571428571428,0.2857142857142857,0.5428571428571428,17.795739858916107,1.2242067257187295,0.7757932742812705,1.0,0.0,1.0,0.0,12,0,12,0,12,7,12,12,0.5609908699989319,0.08035439121179945,,,,,,,,,,,0.38702562222102765,0.38702562222102765
504,train-load-0.9-scenario-28-retry-2,0.9,1.0,0.2,1.0,0.38077665144273487,-0.8061005994497239,0.8061005994497239,0.5,0.5,0.5,0.5,4,4,4,4,8,6,8,4,0.5175711512565613,0.07995261925574046,,,,,,,,,,,0.38702562222102765,0.38702562222102765
505,train-load-0.9-scenario-209,0.9,0.7971996875,0.7971996875,0.788597625,16.444940975784924,0.6060540055355146,0.6439459944644854,0.8125,0.1875,0.7222222222222222,0.2777777777777778,13,3,13,5,18,8,16,13,0.3795046806335449,0.07955285615946175,,,,,,,,,,,0.38702562222102765,0.38702562222102765
506,train-load-0.7-scenario-350,0.7,0.7,0.7,0.51875,6.937338572902015,0.006230986549906059,0.7937690134500939,0.7,0.3,0.6923076923076923,0.3076923076923077,7,3,9,4,13,8,10,7,0.5839698910713196,0.07915509187866444,,,,,,,,,,,0.38702562222102765,0.38702562222102765
507,train-load-0.8-scenario-562,0.8,0.7067021250000001,0.35164453125,0.7067021250000001,9.59583503835276,0.7095534919045972,0.7904465080954028,0.875,0.125,0.8,0.2,7,1,8,2,10,8,8,7,0.5040101408958435,0.07875931641927113,,,,,,,,,,,0.38702562222102765,0.38702562222102765
508,train-hard-8gpu-16pod-1vgpu,0.5,0.5,0.3333333333333333,0.5,26.134048488649597,1.625,0.375,1.0,0.0,1.0,0.0,16,0,16,0,16,8,16,16,0.5232788324356079,0.07836551983717477,,,,,,,,,,,0.38702562222102765,0.38702562222102765
509,train-load-0.8-scenario-566,0.8,0.6890491428571428,0.5093464285714285,0.6890491428571428,17.273140511377804,1.4914078610973673,0.5085921389026327,1.0,0.0,1.0,0.0,10,0,11,0,11,7,10,10,0.4484795928001404,0.07797369223798889,,,,,,,,,,,0.38702562222102765,0.38702562222102765
510,train-load-0.5-scenario-487,0.5,0.44750959999999995,0.356309,0.44750959999999995,9.683236298926266,1.2794219056365588,0.7205780943634412,1.0,0.0,1.0,0.0,5,0,5,0,5,5,5,5,0.27356308698654175,0.07758382377679894,,,,,,,,,,,0.38702562222102765,0.38702562222102765
511,train-load-0.5-scenario-622-retry-1,0.5,0.6,0.6,0.40714285714285714,21.495324451086823,1.4560596757820887,0.5439403242179113,1.0,0.0,1.0,0.0,13,0,13,0,13,7,13,13,0.5270097255706787,0.07719590465791494,,,,,,,,,,,0.38702562222102765,0.38702562222102765
512,train-load-0.7-scenario-287-retry-7,0.7,0.64,0.64,0.32,26.239012200270707,1.6101895866606124,0.38981041333938765,1.0,0.0,1.0,0.0,16,0,16,0,16,5,16,16,0.4044252932071686,0.07680992513462537,,,,,,,,,,,0.38702562222102765,0.38702562222102765
513,train-load-0.5-scenario-595,0.5,0.6,0.6,0.3375,20.074189352468913,1.4671407154017833,0.5328592845982167,1.0,0.0,1.0,0.0,12,0,12,0,12,8,12,12,0.4653729796409607,0.07642587550895225,,,,,,,,,,,0.38702562222102765,0.38702562222102765
514,train-load-0.9-scenario-375-retry-5,0.9,0.96,0.96,0.76,4.1803464046955074,-0.1633912196053927,0.6633912196053927,0.625,0.375,0.5,0.5,5,3,5,5,10,5,8,5,0.674339234828949,0.07604374613140748,,,,,,,,,,,0.38702562222102765,0.38702562222102765
515,train-load-1.0-scenario-93,1.0,0.88,0.7333333333333333,0.88,27.59802733161018,1.213024773345387,0.24152068120006775,0.8636363636363636,0.13636363636363635,0.8636363636363636,0.13636363636363635,19,3,19,3,22,5,22,19,0.518179714679718,0.07566352740075044,,,,,,,,,,,0.38702562222102765,0.38702562222102765
516,train-load-0.6-scenario-669,0.6,0.5626026249999999,0.42194140625,0.5626026249999999,15.375467510971124,1.0464640563159078,0.5898995800477285,0.9090909090909091,0.09090909090909091,0.9090909090909091,0.09090909090909091,10,1,10,1,11,8,11,10,0.3530278205871582,0.07528520976374668,,,,,,,,,,,0.38702562222102765,0.38702562222102765
517,train-load-0.9-scenario-338-retry-4,0.9,0.8333333333333334,0.6666666666666666,0.8333333333333334,6.726295048895704,0.06152140812905604,0.33847859187094387,0.6,0.4,0.6,0.4,6,4,6,4,10,6,10,6,0.30379718542099,0.07490878371492794,,,,,,,,,,,0.38702562222102765,0.38702562222102765
518,train-load-0.5-scenario-166,0.5,0.5714285714285714,0.5714285714285714,0.4857142857142857,10.37451210506076,0.8190354625969696,0.6809645374030304,0.875,0.125,0.875,0.125,7,1,7,1,8,7,8,7,0.6583549976348877,0.0745342397963533,,,,,,,,,,,0.38702562222102765,0.38702562222102765
519,train-load-0.8-scenario-426,0.8,0.7595486,0.6459704166666668,0.7595486,14.785991930219264,1.1867724495001477,0.4132275504998524,0.9,0.1,0.9,0.1,9,1,9,1,10,5,10,9,0.4305245876312256,0.07416156859737154,,,,,,,,,,,0.38702562222102765,0.38702562222102765
520,train-load-0.9-scenario-280-retry-9,0.9,0.9666666666666667,0.75,0.9666666666666667,4.526665551198141,-0.3151977941980133,0.7151977941980132,0.6,0.4,0.6,0.4,6,4,6,4,10,6,10,6,0.39783626794815063,0.07379076075438468,,,,,,,,,,,0.38702562222102765,0.38702562222102765
521,train-load-0.9-scenario-606-retry-1,0.9,0.925,0.4791666666666667,0.925,7.442661849241656,0.020768829018610213,0.5246857164359352,0.6363636363636364,0.36363636363636365,0.6363636363636364,0.36363636363636365,7,4,7,4,11,8,11,7,0.4559914767742157,0.07342180695061275,,,,,,,,,,,0.38702562222102765,0.38702562222102765
522,train-load-0.5-scenario-384,0.5,0.6071428571428571,0.32857142857142857,0.6071428571428571,5.3408306837723005,0.010849955280706425,0.48915004471929363,0.625,0.375,0.625,0.375,5,3,5,3,8,7,8,5,0.43831461668014526,0.07305469791585968,,,,,,,,,,,0.38702562222102765,0.38702562222102765
523,train-load-0.8-scenario-235-retry-1,0.8,0.9,0.9,0.9,20.124168115562455,0.9352307823387556,0.17588032877235554,0.7777777777777778,0.2222222222222222,0.7777777777777778,0.2222222222222222,14,4,14,4,18,5,18,14,0.6240737438201904,0.07268942442628039,,,,,,,,,,,0.38702562222102765,0.38702562222102765
524,train-load-0.9-scenario-528,0.9,0.8857142857142857,0.8142857142857143,0.8857142857142857,22.83174537432291,1.2301977857481694,0.2992139789577129,0.8823529411764706,0.11764705882352941,0.8823529411764706,0.11764705882352941,15,2,15,2,17,7,17,15,0.6634553670883179,0.07232597730414898,,,,,,,,,,,0.38702562222102765,0.38702562222102765
525,train-load-0.8-scenario-488,0.8,0.698022625,0.51535625,0.698022625,16.742251048772786,1.1108958870296297,0.5557707796370369,0.9166666666666666,0.08333333333333333,0.8571428571428571,0.14285714285714285,11,1,12,2,14,8,12,11,0.5294966697692871,0.07196434741762824,,,,,,,,,,,0.38702562222102765,0.38702562222102765
526,train-load-0.6-scenario-450-retry-2,0.6,0.6875,0.4583333333333333,0.6875,20.388916503516896,1.731733192064291,0.2682668079357089,1.0,0.0,1.0,0.0,11,0,11,0,11,4,11,11,0.45665809512138367,0.0716045256805401,,,,,,,,,,,0.38702562222102765,0.38702562222102765
527,train-load-1.0-scenario-741,1.0,1.0666666666666667,0.9333333333333333,1.0666666666666667,16.449216001025142,0.7063791227822382,0.29362087721776176,0.75,0.25,0.75,0.25,12,4,12,4,16,6,16,12,1.0670877695083618,0.0712465030521374,,,,,,,,,,,0.38702562222102765,0.38702562222102765
528,train-load-1.0-scenario-280-retry-14,1.0,0.9333333333333333,0.6666666666666666,0.9333333333333333,15.013372228946798,0.4830761802767529,0.5169238197232471,0.75,0.25,0.75,0.25,12,4,12,4,16,6,16,12,0.45083552598953247,0.0708902705368767,,,,,,,,,,,0.38702562222102765,0.38702562222102765
529,train-load-0.8-scenario-18,0.8,0.85,0.83,0.85,0.42740425377288416,-0.7911873518034787,0.7911873518034787,0.5,0.5,0.5,0.5,4,4,4,4,8,5,8,4,0.39968812465667725,0.07053581918419231,,,,,,,,,,,0.38702562222102765,0.38702562222102765
530,train-load-0.9-scenario-106-retry-1,0.9,1.0,0.8,1.0,8.003472711300619,0.44057511179621267,0.5594248882037873,0.75,0.25,0.6666666666666666,0.3333333333333333,6,2,8,4,12,7,8,6,0.5123823881149292,0.07018314008827135,,,,,,,,,,,0.38702562222102765,0.38702562222102765
531,train-load-0.5-scenario-49,0.5,0.43013321428571427,0.43013321428571427,0.39164642857142856,13.090244497978276,1.3896430817016814,0.6103569182983185,1.0,0.0,1.0,0.0,7,0,8,0,8,7,7,7,0.19935163855552673,0.06983222438783,,,,,,,,,,,0.38702562222102765,0.38702562222102765
532,train-load-0.7-scenario-744-retry-3,0.7,0.6,0.3,0.6,19.189735748516796,1.3819107696554465,0.6180892303445535,1.0,0.0,1.0,0.0,12,0,12,0,12,8,12,12,0.35138824582099915,0.06948306326589085,,,,,,,,,,,0.38702562222102765,0.38702562222102765
533,train-load-0.5-scenario-110-retry-2,0.5,0.5,0.4166666666666667,0.5,16.95376589486609,1.3732806988647415,0.6267193011352584,1.0,0.0,1.0,0.0,10,0,10,0,10,4,10,10,0.5749378204345703,0.0691356479495614,,,,,,,,,,,0.38702562222102765,0.38702562222102765
534,train-hard-4gpu-4pod-1vgpu,0.25,0.25,0.16666666666666666,0.25,11.544497883017963,1.9166666666666665,0.08333333333333337,1.0,0.0,1.0,0.0,4,0,4,0,4,4,4,4,0.5073687434196472,0.06878996970981359,,,,,,,,,,,0.38702562222102765,0.38702562222102765
535,train-load-0.7-scenario-416,0.7,0.6944444444444444,0.6944444444444444,0.48333333333333334,21.443568796507396,1.4963298407611476,0.5036701592388523,1.0,0.0,1.0,0.0,13,0,13,0,13,6,13,13,0.9092599749565125,0.06844601986126451,,,,,,,,,,,0.38702562222102765,0.38702562222102765
536,train-load-0.9-scenario-166-retry-3,0.9,1.0,0.25,1.0,-6.682372845967441,-2.2274576153224803,0.22745761532248032,0.0,1.0,0.0,1.0,0,8,0,8,8,8,8,0,0.5998077988624573,0.06810378976195819,,,,,,,,,,,0.38702562222102765,0.38702562222102765
537,train-load-0.6-scenario-550,0.6,0.48333333333333334,0.31666666666666665,0.48333333333333334,28.89209288745497,1.4472561811634321,0.5527438188365679,1.0,0.0,1.0,0.0,19,0,19,0,19,6,19,19,0.5956965684890747,0.0677632708131484,,,,,,,,,,,0.38702562222102765,0.38702562222102765
538,train-load-0.7-scenario-463,0.7,0.6009371666666666,0.4493770833333333,0.6009371666666666,13.69550045105284,1.3222018156507254,0.6777981843492746,1.0,0.0,1.0,0.0,8,0,9,0,9,6,8,8,0.5406700968742371,0.06742445445908266,,,,,,,,,,,0.38702562222102765,0.38702562222102765
539,train-load-0.8-scenario-318,0.8,0.85,0.7083333333333334,0.85,17.51146886855122,0.7277203182745785,0.3311032111371862,0.7647058823529411,0.23529411764705882,0.7647058823529411,0.23529411764705882,13,4,13,4,17,4,17,13,0.48466822504997253,0.06708733218678724,,,,,,,,,,,0.38702562222102765,0.38702562222102765
540,train-load-1.0-scenario-361,1.0,1.0278475714285713,0.709439880952381,1.0278475714285713,13.693080889774812,0.5446680939027408,0.598189048954402,0.7857142857142857,0.21428571428571427,0.6875,0.3125,11,3,11,5,16,7,14,11,0.4480817914009094,0.0667518955258533,,,,,,,,,,,0.38702562222102765,0.38702562222102765
541,train-load-0.5-scenario-457,0.5,0.6,0.6,0.4,16.38978347632604,1.7352639880627794,0.26473601193722057,1.0,0.0,1.0,0.0,8,0,8,0,8,4,8,8,0.3274199068546295,0.06641813604822402,,,,,,,,,,,0.38702562222102765,0.38702562222102765
542,train-load-0.7-scenario-580,0.7,0.595365,0.5612729166666667,0.595365,12.413289297502844,1.3373050858611892,0.6626949141388108,1.0,0.0,1.0,0.0,7,0,8,0,8,5,7,7,0.8305536508560181,0.0660860453679829,,,,,,,,,,,0.38702562222102765,0.38702562222102765
543,train-load-0.6-scenario-655,0.6,0.54831325,0.2891215625,0.54831325,12.769939716933001,1.1708109872968504,0.8291890127031495,1.0,0.0,1.0,0.0,8,0,8,0,8,8,8,8,0.4508165121078491,0.06575561514114299,,,,,,,,,,,0.38702562222102765,0.38702562222102765
544,train-load-0.8-scenario-344,0.8,0.6895722500000001,0.51660625,0.6895722500000001,8.018103781206054,0.8138473224161946,0.5194860109171389,0.8333333333333334,0.16666666666666666,0.8333333333333334,0.16666666666666666,5,1,5,1,6,4,6,5,0.41421645879745483,0.06542683706543727,,,,,,,,,,,0.38702562222102765,0.38702562222102765
545,train-load-1.0-scenario-137,1.0,0.8802965714285713,0.813729761904762,0.8802965714285713,12.832085997382393,0.23650495946354777,0.5134950405364522,0.6875,0.3125,0.6875,0.3125,11,5,11,5,16,7,16,11,0.6412427425384521,0.06509970288011008,,,,,,,,,,,0.38702562222102765,0.38702562222102765
546,train-load-0.6-scenario-286,0.6,0.5915956666666666,0.53179375,0.5915956666666666,12.332238576519497,1.1277304246978446,0.8722695753021555,1.0,0.0,1.0,0.0,8,0,9,0,9,6,8,8,0.5474601984024048,0.06477420436570952,,,,,,,,,,,0.38702562222102765,0.38702562222102765
547,train-load-1.0-scenario-261-retry-6,1.0,0.9428571428571428,0.9428571428571428,0.7071428571428572,22.06907498610385,0.6774718055986182,0.4134372853104725,0.7727272727272727,0.22727272727272727,0.7727272727272727,0.22727272727272727,17,5,17,5,22,7,22,17,0.4722537398338318,0.06445033334388098,,,,,,,,,,,0.38702562222102765,0.38702562222102765
548,train-load-0.6-scenario-158,0.6,0.5543732857142858,0.2632330357142857,0.5543732857142858,12.14882629762836,1.2836332391028744,0.7163667608971255,1.0,0.0,1.0,0.0,7,0,7,0,7,7,7,7,0.7005878686904907,0.06412808167716157,,,,,,,,,,,0.38702562222102765,0.38702562222102765
549,train-hard-4gpu-8pod-1vgpu,0.5,0.5,0.3333333333333333,0.5,14.826750331841652,1.5387055078389387,0.46129449216106144,1.0,0.0,1.0,0.0,8,0,8,0,8,4,8,8,0.3390462398529053,0.06380744126877576,,,,,,,,,,,0.38702562222102765,0.38702562222102765
550,train-load-0.5-scenario-144-retry-1,0.5,0.5875,0.2625,0.5875,7.362669962264772,0.30211823578466157,0.6978817642153384,0.75,0.25,0.75,0.25,6,2,6,2,8,8,8,6,0.3854306936264038,0.06348840406243188,,,,,,,,,,,0.38702562222102765,0.38702562222102765
551,train-load-0.6-scenario-167,0.6,0.71875,0.19791666666666666,0.71875,6.780485325768405,-0.07525371018267046,0.6207082556372159,0.6363636363636364,0.36363636363636365,0.6363636363636364,0.36363636363636365,7,4,7,4,11,8,11,7,0.5723537802696228,0.06317096204211972,,,,,,,,,,,0.38702562222102765,0.38702562222102765
552,train-load-1.0-scenario-422-retry-1,1.0,0.9642857142857143,0.12857142857142856,0.9642857142857143,4.873465505523596,-0.14708799497050384,0.8137546616371705,0.6666666666666666,0.3333333333333333,0.6666666666666666,0.3333333333333333,6,3,6,3,9,7,9,6,0.7292732000350952,0.06285510723190912,,,,,,,,,,,0.38702562222102765,0.38702562222102765
553,train-load-0.8-scenario-185,0.8,0.7168191666666667,0.7168191666666667,0.6658172,4.168606454824189,-0.22926151209449297,0.8959281787611596,0.6666666666666666,0.3333333333333333,0.6666666666666666,0.3333333333333333,6,3,6,3,9,5,9,6,0.4378891587257385,0.06254083169574957,,,,,,,,,,,0.38702562222102765,0.38702562222102765
554,train-load-0.8-scenario-216,0.8,0.7167082,0.41731083333333335,0.7167082,4.948954081725577,0.10429264324265541,0.7528502139002018,0.7142857142857143,0.2857142857142857,0.7142857142857143,0.2857142857142857,5,2,5,2,7,5,7,5,0.32029324769973755,0.062228127537270826,,,,,,,,,,,0.38702562222102765,0.38702562222102765
555,train-load-0.6-scenario-670,0.6,0.6107119999999999,0.4558534722222222,0.6107119999999999,14.03210000490159,1.36701154189761,0.63298845810239,1.0,0.0,1.0,0.0,8,0,8,0,8,6,8,8,0.17355351150035858,0.06191698689958447,,,,,,,,,,,0.38702562222102765,0.38702562222102765
556,train-load-0.6-scenario-737,0.6,0.5506224285714285,0.41824047619047616,0.5506224285714285,15.961797845440987,1.300864298483441,0.6991357015165589,1.0,0.0,1.0,0.0,10,0,10,0,10,7,10,10,0.5741457939147949,0.061607401965086545,,,,,,,,,,,0.38702562222102765,0.38702562222102765
557,train-load-0.8-scenario-579,0.8,0.7551297499999999,0.34547291666666663,0.7551297499999999,10.44258175493081,0.5922352244025271,0.607764775597473,0.8,0.2,0.8,0.2,8,2,8,2,10,8,10,8,0.29195865988731384,0.06129936495526111,,,,,,,,,,,0.38702562222102765,0.38702562222102765
558,train-load-0.6-scenario-258,0.6,0.6421155000000001,0.54780875,0.6421155000000001,9.115033264508574,1.609480580551586,0.3905194194484142,1.0,0.0,1.0,0.0,3,0,6,0,6,4,3,3,0.518048882484436,0.0609928681304848,,,,,,,,,,,0.38702562222102765,0.38702562222102765
559,train-load-1.0-scenario-331,1.0,0.8814136,0.35999775,0.8814136,9.914032040185852,0.8117366378293334,0.6882633621706666,0.875,0.125,0.7777777777777778,0.2222222222222222,7,1,7,2,9,5,8,7,0.5358827710151672,0.060687903789832374,,,,,,,,,,,0.38702562222102765,0.38702562222102765
560,train-load-0.5-scenario-130,0.5,0.49797232142857145,0.49797232142857145,0.3947578571428571,14.876008035099805,1.497793960326586,0.5022060396734139,1.0,0.0,1.0,0.0,8,0,9,0,9,7,8,8,0.28416329622268677,0.06038446427088321,,,,,,,,,,,0.38702562222102765,0.38702562222102765
561,train-load-0.8-scenario-63-retry-2,0.8,0.9,0.6875,0.9,9.052104175598243,0.11504839942018552,0.34649006211827604,0.6153846153846154,0.38461538461538464,0.6153846153846154,0.38461538461538464,8,5,8,5,13,8,13,8,0.4697706699371338,0.06008254194952879,,,,,,,,,,,0.38702562222102765,0.38702562222102765
562,train-load-0.6-scenario-71,0.6,0.5193742,0.4140041666666667,0.5193742,11.635274229205994,1.3938089955524555,0.6061910044475445,1.0,0.0,1.0,0.0,6,0,6,0,6,5,6,6,0.271164208650589,0.05978212923978115,,,,,,,,,,,0.38702562222102765,0.38702562222102765
563,train-load-0.8-scenario-568,0.8,0.9,0.9,0.375,6.2504166585585175,0.07053980595117293,0.5961268607154937,0.6666666666666666,0.3333333333333333,0.6666666666666666,0.3333333333333333,6,3,6,3,9,6,9,6,0.22154198586940765,0.05948321859358224,,,,,,,,,,,0.38702562222102765,0.38702562222102765
564,train-load-0.5-scenario-602,0.5,0.47478216666666667,0.33510972222222224,0.47478216666666667,10.150230786191754,1.1426364931942665,0.8573635068057335,1.0,0.0,1.0,0.0,6,0,7,0,7,6,6,6,0.48163360357284546,0.05918580250061433,,,,,,,,,,,0.38702562222102765,0.38702562222102765
565,train-load-0.6-scenario-125-retry-1,0.6,0.7166666666666667,0.5166666666666667,0.7166666666666667,21.23448248385256,1.5344949560550707,0.4655050439449293,1.0,0.0,1.0,0.0,13,0,13,0,13,6,13,13,0.3407312333583832,0.058889873488111255,,,,,,,,,,,0.38702562222102765,0.38702562222102765
566,train-load-0.7-scenario-515-retry-2,0.7,0.7833333333333333,0.75,0.7833333333333333,19.269492322798833,1.5157321693962673,0.15093449727039912,0.9166666666666666,0.08333333333333333,0.9166666666666666,0.08333333333333333,11,1,11,1,12,6,12,11,0.5763883590698242,0.058595424120670696,,,,,,,,,,,0.38702562222102765,0.38702562222102765
567,train-load-0.6-scenario-406,0.6,0.5163264000000001,0.3210695833333333,0.5163264000000001,3.798048261946918,0.3572812598739119,0.6427187401260881,0.75,0.25,0.8,0.2,3,1,4,1,5,5,4,3,0.32293829321861267,0.05830244700006734,,,,,,,,,,,0.38702562222102765,0.38702562222102765
568,train-load-0.8-scenario-428,0.8,0.7891196666666667,0.5967621527777778,0.7891196666666667,12.636505450621643,0.8574855403685497,0.7425144596314504,0.9,0.1,0.8181818181818182,0.18181818181818182,9,1,9,2,11,6,10,9,0.4590436816215515,0.058010934765067,,,,,,,,,,,0.38702562222102765,0.38702562222102765
569,train-load-1.0-scenario-597-retry-6,1.0,1.0857142857142856,0.6428571428571429,1.0857142857142856,-1.9407484104617232,-1.338683410018005,0.5386834100180049,0.3,0.7,0.42857142857142855,0.5714285714285714,3,7,6,8,14,7,10,3,0.3277409076690674,0.05772088009124167,,,,,,,,,,,0.38702562222102765,0.38702562222102765
570,train-load-0.8-scenario-212,0.8,0.7411101428571428,0.5302978571428572,0.7411101428571428,16.312021932584287,1.041778912801502,0.6248877538651645,0.9166666666666666,0.08333333333333333,0.9166666666666666,0.08333333333333333,11,1,11,1,12,7,12,11,0.43790680170059204,0.05743227569078546,,,,,,,,,,,0.38702562222102765,0.38702562222102765
571,train-load-0.6-scenario-251,0.6,0.5564263333333334,0.44561541666666665,0.5564263333333334,13.485522693908429,1.3148477094455338,0.6851522905544662,1.0,0.0,1.0,0.0,8,0,8,0,8,6,8,8,0.228835791349411,0.05714511431233153,,,,,,,,,,,0.38702562222102765,0.38702562222102765
572,train-load-0.9-scenario-532-retry-1,0.9,0.7951104999999999,0.7951104999999999,0.7205876,10.586662173011202,0.5977377337081937,0.6022622662918063,0.8,0.2,0.7272727272727273,0.2727272727272727,8,2,8,3,11,5,10,8,0.39464619755744934,0.05685938874076987,,,,,,,,,,,0.38702562222102765,0.38702562222102765
573,train-load-0.9-scenario-159,0.9,1.0,0.6,1.0,2.4537194800526554,-0.4509436799151779,0.4509436799151779,0.5,0.5,0.5,0.5,4,4,4,4,8,4,8,4,0.38921067118644714,0.056575091797066025,,,,,,,,,,,0.38702562222102765,0.38702562222102765
574,train-load-0.7-scenario-230,0.7,0.659442875,0.353655625,0.659442875,12.5576587627653,0.8313544818698873,0.7686455181301128,0.9,0.1,0.8181818181818182,0.18181818181818182,9,1,9,2,11,8,10,9,0.5313149690628052,0.056292216338080694,,,,,,,,,,,0.38702562222102765,0.38702562222102765
575,train-load-0.9-scenario-371-retry-3,0.9,1.0,1.0,0.4,9.611823315630998,0.04590923594856211,0.5255193354800094,0.6428571428571429,0.35714285714285715,0.6428571428571429,0.35714285714285715,9,5,9,5,14,7,14,9,0.4057353436946869,0.05601075525639029,,,,,,,,,,,0.38702562222102765,0.38702562222102765
576,train-load-0.5-scenario-103,0.5,0.48493725,0.334830625,0.48493725,13.905616736796246,1.1319996853083774,0.8680003146916226,1.0,0.0,1.0,0.0,9,0,9,0,9,8,9,9,0.7943044304847717,0.05573070148010834,,,,,,,,,,,0.38702562222102765,0.38702562222102765
577,train-load-1.0-scenario-533,1.0,1.0833333333333333,1.0833333333333333,0.6,5.662880005286499,-0.07629686372049749,0.7429635303871641,0.6666666666666666,0.3333333333333333,0.5384615384615384,0.46153846153846156,6,3,7,6,13,6,9,6,0.5651544332504272,0.0554520479727078,,,,,,,,,,,0.38702562222102765,0.38702562222102765
578,train-load-0.8-scenario-603,0.8,0.6955103333333333,0.45985208333333333,0.6955103333333333,10.596447157801261,0.8228634233326912,0.6771365766673088,0.875,0.125,0.7777777777777778,0.2222222222222222,7,1,7,2,9,6,8,7,0.3857746124267578,0.05517478773284426,,,,,,,,,,,0.38702562222102765,0.38702562222102765
579,train-load-0.8-scenario-532,0.8,0.7002512500000001,0.7002512500000001,0.6971646666666668,13.0022674758727,0.7501048632449088,0.8862587731187276,0.9090909090909091,0.09090909090909091,0.8333333333333334,0.16666666666666666,10,1,10,2,12,6,11,10,0.41607826948165894,0.05489891379418004,,,,,,,,,,,0.38702562222102765,0.38702562222102765
580,train-load-1.0-scenario-426,1.0,0.8825374,0.5618475,0.8825374,4.749034877586926,-0.123495748438058,0.7901624151047246,0.6666666666666666,0.3333333333333333,0.6666666666666666,0.3333333333333333,6,3,6,3,9,5,9,6,0.6043055653572083,0.05462441922520914,,,,,,,,,,,0.38702562222102765,0.38702562222102765
581,train-load-1.0-scenario-300-retry-10,1.0,0.9625,0.6875,0.9625,26.39468425289606,1.050563806558053,0.4039816479874016,0.8636363636363636,0.13636363636363635,0.8636363636363636,0.13636363636363635,19,3,19,3,22,8,22,19,0.2066100835800171,0.0543512971290831,,,,,,,,,,,0.38702562222102765,0.38702562222102765
582,train-load-0.5-scenario-113-retry-2,0.5,0.6,0.5989583333333334,0.6,10.537862897960796,0.519208343839669,0.6807916561603311,0.8,0.2,0.8,0.2,8,2,8,2,10,8,10,8,0.423595666885376,0.05407954064343768,,,,,,,,,,,0.38702562222102765,0.38702562222102765
583,train-load-0.9-scenario-566-retry-2,0.9,1.0,0.4,1.0,2.5540990327586455,-0.6137932544354674,0.6137932544354674,0.5,0.5,0.5,0.5,5,5,5,5,10,5,10,5,0.5448837876319885,0.05380914294022049,,,,,,,,,,,0.38702562222102765,0.38702562222102765
584,train-load-0.6-scenario-146-retry-4,0.6,0.5,0.5,0.3,27.906094052570154,1.4341132534176064,0.5658867465823936,1.0,0.0,1.0,0.0,18,0,18,0,18,6,18,18,0.4576041102409363,0.05354009722551939,,,,,,,,,,,0.38702562222102765,0.38702562222102765
585,train-load-0.8-scenario-421-retry-5,0.8,0.7142857142857143,0.2857142857142857,0.7142857142857143,29.73181059514929,1.4296089236976048,0.5703910763023952,1.0,0.0,1.0,0.0,20,0,20,0,20,7,20,20,0.5476050972938538,0.05327239673939179,,,,,,,,,,,0.38702562222102765,0.38702562222102765
586,train-load-0.7-scenario-90-retry-1,0.7,0.75,0.75,0.6166666666666667,16.860958550570388,0.8877912010577501,0.5407802275136784,0.8571428571428571,0.14285714285714285,0.8571428571428571,0.14285714285714285,12,2,12,2,14,6,14,12,0.7893905639648438,0.053006034755694834,,,,,,,,,,,0.38702562222102765,0.38702562222102765
587,train-load-0.5-scenario-331,0.5,0.5416666666666666,0.35833333333333334,0.5416666666666666,12.017566450877116,1.0658444115111543,0.9341555884888457,1.0,0.0,1.0,0.0,8,0,8,0,8,6,8,8,0.2874075770378113,0.052741004581916356,,,,,,,,,,,0.38702562222102765,0.38702562222102765
588,train-load-0.8-scenario-361,0.8,0.720015625,0.46682291666666664,0.720015625,15.161113399881502,1.0501109791879104,0.5862526571757258,0.9090909090909091,0.09090909090909091,0.8333333333333334,0.16666666666666666,10,1,10,2,12,8,11,10,0.5650428533554077,0.052477299559006776,,,,,,,,,,,0.38702562222102765,0.38702562222102765
589,train-load-1.0-scenario-695-retry-4,1.0,1.03125,0.6125,1.03125,6.745798839132798,-0.31177033437762525,0.597484620091911,0.5714285714285714,0.42857142857142855,0.5714285714285714,0.42857142857142855,8,6,8,6,14,8,14,8,0.7337830066680908,0.052214913061211746,,,,,,,,,,,0.38702562222102765,0.38702562222102765
590,train-load-0.6-scenario-218,0.6,0.4857142857142857,0.4857142857142857,0.4857142857142857,26.05328517752169,1.3869409465636129,0.613059053436387,1.0,0.0,1.0,0.0,17,0,17,0,17,7,17,17,0.4424668848514557,0.05195383849590569,,,,,,,,,,,0.38702562222102765,0.38702562222102765
591,train-load-0.8-scenario-472,0.8,0.6835025,0.47477864583333335,0.6835025,21.079080073363457,1.4974831323252427,0.5025168676747575,1.0,0.0,1.0,0.0,13,0,14,0,14,8,13,13,0.6112557649612427,0.05169406930342616,,,,,,,,,,,0.38702562222102765,0.38702562222102765
592,train-load-0.5-scenario-699-retry-1,0.5,0.425,0.3020833333333333,0.425,18.72593280341267,1.435634007048415,0.5643659929515848,1.0,0.0,1.0,0.0,11,0,11,0,11,4,11,11,0.5689020156860352,0.05143559895690903,,,,,,,,,,,0.38702562222102765,0.38702562222102765
593,train-load-0.5-scenario-0-retry-3,0.5,0.4,0.3333333333333333,0.4,22.28329589096475,1.3950378336387406,0.6049621663612595,1.0,0.0,1.0,0.0,14,0,14,0,14,7,14,14,0.4381439685821533,0.051178420962124486,,,,,,,,,,,0.38702562222102765,0.38702562222102765
594,train-load-1.0-scenario-144-retry-1,1.0,1.0625,0.5833333333333334,1.0625,2.3792851442943084,-0.4522219017077128,0.4522219017077128,0.5,0.5,0.5,0.5,4,4,4,4,8,4,8,4,0.6426374912261963,0.05092252885731386,,,,,,,,,,,0.38702562222102765,0.38702562222102765
595,train-load-1.0-scenario-273-retry-2,1.0,0.9523809523809523,0.9523809523809523,0.5714285714285714,-4.770743793298579,-1.906645987634727,0.706645987634727,0.2,0.8,0.2,0.8,2,8,2,8,10,7,10,2,0.5543714165687561,0.05066791621302729,,,,,,,,,,,0.38702562222102765,0.38702562222102765
596,train-load-0.5-scenario-20,0.5,0.4782641666666667,0.37889930555555557,0.4782641666666667,11.271903577413218,1.346034454005609,0.6539655459943909,1.0,0.0,1.0,0.0,6,0,7,0,7,6,6,6,0.7519798278808594,0.05041457663196215,,,,,,,,,,,0.38702562222102765,0.38702562222102765
597,train-load-0.9-scenario-64-retry-3,0.9,0.8333333333333334,0.8333333333333334,0.425,21.243334109972913,0.9847770092193358,0.5446347554865465,0.8823529411764706,0.11764705882352941,0.8823529411764706,0.11764705882352941,15,2,15,2,17,8,17,15,0.5095946788787842,0.050162503748802344,,,,,,,,,,,0.38702562222102765,0.38702562222102765
598,train-load-0.8-scenario-114,0.8,0.9,0.375,0.9,6.535643213412939,0.08441345029596292,0.5822532163707037,0.6666666666666666,0.3333333333333333,0.6666666666666666,0.3333333333333333,6,3,6,3,9,4,9,6,0.38721704483032227,0.05,,,,,,,,,,,0.38702562222102765,0.38702562222102765
599,train-load-1.0-scenario-330-retry-3,1.0,1.05,0.5476190476190477,1.05,8.000448384290552,0.23385335809155616,0.5661466419084438,0.7,0.3,0.5833333333333334,0.4166666666666667,7,3,7,5,12,7,10,7,0.5404314994812012,0.05,,,,,,,,,,,0.38702562222102765,0.38702562222102765
600,train-load-0.6-scenario-4,0.6,0.535875,0.535875,0.5118695,10.030835997105502,1.3483892842235339,0.6516107157764661,1.0,0.0,1.0,0.0,5,0,6,0,6,4,5,5,0.4882090091705322,0.05,0.346784528599538,0.5394183368527155,0.7215507163630634,0.2784492836369366,0.7075822333770968,0.2924177666229032,0.346784528599538,0.6399499975300309,0.28827974713500015,0.6972998676877212,0.38702562222102765,0.38702562222102765
601,train-load-1.0-scenario-333-retry-2,1.0,0.9400301666666667,0.7445138888888889,0.9400301666666667,5.732624182686517,-0.23187966025758944,0.7773342057121349,0.6363636363636364,0.36363636363636365,0.5,0.5,7,4,7,7,14,6,11,7,0.53652024269104,0.05,,,,,,,,,,,0.38702562222102765,0.38702562222102765
602,train-load-0.9-scenario-157-retry-6,0.9,1.0,0.08333333333333333,1.0,4.279126802434347,-0.3228821490578123,0.7228821490578122,0.6,0.4,0.6,0.4,6,4,6,4,10,6,10,6,0.49273040890693665,0.05,,,,,,,,,,,0.38702562222102765,0.38702562222102765
603,train-load-0.7-scenario-142,0.7,0.8,0.26666666666666666,0.8,5.527615670376226,0.09142598330106444,0.40857401669893556,0.625,0.375,0.625,0.375,5,3,5,3,8,5,8,5,0.21036958694458008,0.05,,,,,,,,,,,0.38702562222102765,0.38702562222102765
604,train-load-0.7-scenario-276,0.7,0.607036,0.3981820833333333,0.607036,12.403838026114283,1.325116044245094,0.674883955754906,1.0,0.0,1.0,0.0,7,0,8,0,8,6,7,7,0.2779856324195862,0.05,,,,,,,,,,,0.38702562222102765,0.38702562222102765
605,train-load-0.7-scenario-628,0.7,0.78125,0.453125,0.78125,6.3127344305590425,-0.29473811436095854,0.9614047810276252,0.6666666666666666,0.3333333333333333,0.6666666666666666,0.3333333333333333,8,4,8,4,12,8,12,8,0.2585631012916565,0.05,,,,,,,,,,,0.38702562222102765,0.38702562222102765
606,train-load-0.7-scenario-72,0.7,0.7328215,0.4616328125,0.7328215,5.002443226933834,0.4311080800408701,0.76889191995913,0.8,0.2,0.6666666666666666,0.3333333333333333,4,1,4,2,6,4,5,4,0.41245728731155396,0.05,,,,,,,,,,,0.38702562222102765,0.38702562222102765
607,train-load-0.5-scenario-192,0.5,0.43333333333333335,0.21666666666666667,0.43333333333333335,21.49202861389778,1.4592887238744474,0.5407112761255525,1.0,0.0,1.0,0.0,13,0,13,0,13,6,13,13,0.32025644183158875,0.05,,,,,,,,,,,0.38702562222102765,0.38702562222102765
608,train-load-0.9-scenario-336-retry-9,0.9,1.0,1.0,0.15,5.99523398581215,0.02221751218864665,0.64444915447802,0.6666666666666666,0.3333333333333333,0.6666666666666666,0.3333333333333333,6,3,6,3,9,6,9,6,0.2736555337905884,0.05,,,,,,,,,,,0.38702562222102765,0.38702562222102765
609,train-load-0.6-scenario-63-retry-3,0.6,0.5208333333333334,0.5208333333333334,0.45625,25.00762657161774,1.4320691659193192,0.5679308340806808,1.0,0.0,1.0,0.0,16,0,16,0,16,8,16,16,0.38560765981674194,0.05,,,,,,,,,,,0.38702562222102765,0.38702562222102765
610,train-load-0.6-scenario-749,0.6,0.72,0.54,0.72,16.70521394762975,1.594733268194498,0.405266731805502,1.0,0.0,1.0,0.0,9,0,9,0,9,5,9,9,0.34666764736175537,0.05,,,,,,,,,,,0.38702562222102765,0.38702562222102765
611,train-load-0.6-scenario-631,0.6,0.6875,0.6875,0.1375,9.53041713656138,0.3216100950148135,0.5874808140760956,0.7272727272727273,0.2727272727272727,0.7272727272727273,0.2727272727272727,8,3,8,3,11,8,11,8,0.41324883699417114,0.05,,,,,,,,,,,0.38702562222102765,0.38702562222102765
612,train-load-0.8-scenario-689-retry-3,0.8,0.875,0.875,0.6125,11.213769374580327,0.2237756127554702,0.633367244387387,0.7142857142857143,0.2857142857142857,0.7142857142857143,0.2857142857142857,10,4,10,4,14,8,14,10,0.39930421113967896,0.05,,,,,,,,,,,0.38702562222102765,0.38702562222102765
613,train-load-1.0-scenario-131-retry-3,1.0,0.94,0.94,0.9,13.176068629953043,0.1818887427140079,0.641640669050698,0.7058823529411765,0.29411764705882354,0.7058823529411765,0.29411764705882354,12,5,12,5,17,5,17,12,0.628696620464325,0.05,,,,,,,,,,,0.38702562222102765,0.38702562222102765
614,train-load-0.8-scenario-267,0.8,0.720223125,0.3848271875,0.720223125,14.612673219890729,0.9913321585110664,0.6450314778525699,0.9090909090909091,0.09090909090909091,0.9090909090909091,0.09090909090909091,10,1,10,1,11,8,11,10,0.5554647445678711,0.05,,,,,,,,,,,0.38702562222102765,0.38702562222102765
615,train-load-0.6-scenario-608-retry-3,0.6,0.6571428571428571,0.40476190476190477,0.6571428571428571,15.011325730896779,1.4645088716094592,0.5354911283905408,1.0,0.0,1.0,0.0,8,0,11,0,11,7,8,8,0.332645058631897,0.05,,,,,,,,,,,0.38702562222102765,0.38702562222102765
616,train-load-0.9-scenario-383,0.9,0.83152025,0.41497604166666663,0.83152025,8.769396129793037,0.7601481890515535,0.668423239519875,0.8571428571428571,0.14285714285714285,0.8571428571428571,0.14285714285714285,6,1,6,1,7,4,7,6,0.4761103093624115,0.05,,,,,,,,,,,0.38702562222102765,0.38702562222102765
617,train-load-0.6-scenario-43-retry-2,0.6,0.6375,0.39375,0.6375,18.970388203698793,1.367315659322045,0.6326843406779551,1.0,0.0,1.0,0.0,12,0,12,0,12,8,12,12,0.7688272595405579,0.05,,,,,,,,,,,0.38702562222102765,0.38702562222102765
618,train-load-0.9-scenario-558-retry-4,0.9,1.0,1.0,1.0,3.3484696957615707,-0.32159054580630386,0.32159054580630386,0.5,0.5,0.5,0.5,4,4,8,8,16,8,8,4,0.5419402718544006,0.05,,,,,,,,,,,0.38702562222102765,0.38702562222102765
619,train-load-0.5-scenario-180,0.5,0.4375,0.175,0.4375,22.733817316449706,1.4440058093623984,0.5559941906376016,1.0,0.0,1.0,0.0,14,0,14,0,14,8,14,14,0.4556346833705902,0.05,,,,,,,,,,,0.38702562222102765,0.38702562222102765
620,train-load-0.9-scenario-127,0.9,0.81525175,0.5898213541666667,0.81525175,6.802258492814481,0.5805591975828168,0.7527741357505165,0.8333333333333334,0.16666666666666666,0.7142857142857143,0.2857142857142857,5,1,5,2,7,4,6,5,0.6792744994163513,0.05,,,,,,,,,,,0.38702562222102765,0.38702562222102765
621,train-load-0.6-scenario-721,0.6,0.54016,0.3539760416666667,0.54016,5.076935444573538,0.5406679249333837,0.45933207506661644,0.75,0.25,0.6,0.4,3,1,3,2,5,4,4,3,0.32713207602500916,0.05,,,,,,,,,,,0.38702562222102765,0.38702562222102765
622,train-load-0.5-scenario-657,0.5,0.48444680000000007,0.20369049999999997,0.48444680000000007,7.616804450518304,1.2002006238045544,0.7997993761954455,1.0,0.0,1.0,0.0,4,0,4,0,4,5,4,4,0.38502395153045654,0.05,,,,,,,,,,,0.38702562222102765,0.38702562222102765
623,train-load-0.5-scenario-589,0.5,0.5242442708333334,0.5242442708333334,0.503612625,14.877910492281591,1.2795168561594756,0.7204831438405244,1.0,0.0,1.0,0.0,9,0,12,0,12,8,9,9,0.3932928740978241,0.05,,,,,,,,,,,0.38702562222102765,0.38702562222102765
624,train-load-0.5-scenario-639-retry-6,0.5,0.40625,0.08125,0.40625,19.905737420372677,1.2606998544783092,0.7393001455216908,1.0,0.0,1.0,0.0,13,0,13,0,13,8,13,13,0.42174461483955383,0.05,,,,,,,,,,,0.38702562222102765,0.38702562222102765
625,train-load-0.7-scenario-638-retry-2,0.7,0.7738095238095238,0.7738095238095238,0.7071428571428572,15.620265178005777,1.3492621168684586,0.25073788313154133,0.9,0.1,0.9,0.1,9,1,9,1,10,7,10,9,0.3110547959804535,0.05,,,,,,,,,,,0.38702562222102765,0.38702562222102765
626,train-load-0.9-scenario-442-retry-2,0.9,0.8,0.5,0.8,12.062961046719131,0.5830325806106336,0.4169674193893663,0.75,0.25,0.75,0.25,9,3,9,3,12,6,12,9,0.5122522115707397,0.05,,,,,,,,,,,0.38702562222102765,0.38702562222102765
627,train-load-0.7-scenario-377-retry-1,0.7,0.75,0.5625,0.75,22.930409516049316,1.445987839684098,0.28734549364923534,0.9333333333333333,0.06666666666666667,0.9333333333333333,0.06666666666666667,14,1,14,1,15,4,15,14,0.1614128053188324,0.05,,,,,,,,,,,0.38702562222102765,0.38702562222102765
628,train-load-1.0-scenario-468-retry-3,1.0,1.04318375,0.751754375,1.04318375,6.056397816811996,0.053398642357030845,0.6132680243096358,0.6666666666666666,0.3333333333333333,0.6666666666666666,0.3333333333333333,6,3,6,3,9,4,9,6,0.4390665888786316,0.05,,,,,,,,,,,0.38702562222102765,0.38702562222102765
629,train-load-0.8-scenario-598-retry-2,0.8,0.9,0.075,0.9,2.3049914019703888,-0.5434476297067596,0.765669851928982,0.5555555555555556,0.4444444444444444,0.5555555555555556,0.4444444444444444,5,4,5,4,9,5,9,5,0.31071335077285767,0.05,,,,,,,,,,,0.38702562222102765,0.38702562222102765
630,train-load-0.9-scenario-305,0.9,0.9090312500000001,0.4976921875,0.9090312500000001,4.602954625630743,0.34513593993159974,0.8548640600684003,0.8,0.2,0.7142857142857143,0.2857142857142857,4,1,5,2,7,4,5,4,0.3267114758491516,0.05,,,,,,,,,,,0.38702562222102765,0.38702562222102765
631,train-load-1.0-scenario-357-retry-1,1.0,0.8875,0.5125,0.8875,18.94488090302847,0.9808178139951043,0.48584885267156264,0.8666666666666667,0.13333333333333333,0.8666666666666667,0.13333333333333333,13,2,13,2,15,4,15,13,0.40276968479156494,0.05,,,,,,,,,,,0.38702562222102765,0.38702562222102765
632,train-load-0.6-scenario-84-retry-1,0.6,0.5,0.125,0.5,28.553518085941608,1.2030712825294048,0.7969287174705952,1.0,0.0,1.0,0.0,20,0,20,0,20,8,20,20,0.32012587785720825,0.05,,,,,,,,,,,0.38702562222102765,0.38702562222102765
633,train-load-1.0-scenario-42-retry-6,1.0,0.9333333333333333,0.9333333333333333,0.7,10.01178695083866,0.11910407481755947,0.45232449661101204,0.6428571428571429,0.35714285714285715,0.6428571428571429,0.35714285714285715,9,5,9,5,14,5,14,9,0.17043417692184448,0.05,,,,,,,,,,,0.38702562222102765,0.38702562222102765
634,train-load-0.8-scenario-597-retry-1,0.8,0.9142857142857143,0.9142857142857143,0.5714285714285714,15.788269322106736,0.5469010149307758,0.4530989850692243,0.75,0.25,0.75,0.25,12,4,12,4,16,7,16,12,0.39043688774108887,0.05,,,,,,,,,,,0.38702562222102765,0.38702562222102765
635,train-load-1.0-scenario-33-retry-1,1.0,1.0,0.28125,1.0,7.2106172751608035,0.03516102530286247,0.7648389746971375,0.7,0.3,0.6,0.4,7,3,9,6,15,8,10,7,0.4164276719093323,0.05,,,,,,,,,,,0.38702562222102765,0.38702562222102765
636,train-load-0.9-scenario-4-retry-1,0.9,1.0,0.65625,1.0,10.307015927803238,0.49996403438040826,0.7000359656195918,0.8,0.2,0.7333333333333333,0.26666666666666666,8,2,11,4,15,8,10,8,0.3637610375881195,0.05,,,,,,,,,,,0.38702562222102765,0.38702562222102765
637,train-load-0.8-scenario-655,0.8,0.6892333333333334,0.6892333333333334,0.6111230000000001,9.19982495819892,0.7892381419174385,0.63933328665399,0.8571428571428571,0.14285714285714285,0.7777777777777778,0.2222222222222222,6,1,7,2,9,5,7,6,0.2901296317577362,0.05,,,,,,,,,,,0.38702562222102765,0.38702562222102765
638,train-load-0.7-scenario-96,0.7,0.7116816,0.5931479166666667,0.7116816,16.734096289891013,1.6501531926606674,0.34984680733933254,1.0,0.0,1.0,0.0,9,0,9,0,9,5,9,9,0.6923062801361084,0.05,,,,,,,,,,,0.38702562222102765,0.38702562222102765
639,train-load-0.8-scenario-304,0.8,0.875,0.7,0.875,19.21527552769925,0.5613166522396449,0.2958262049032123,0.7142857142857143,0.2857142857142857,0.7142857142857143,0.2857142857142857,15,6,15,6,21,6,21,15,0.7720180749893188,0.05,,,,,,,,,,,0.38702562222102765,0.38702562222102765
640,train-load-1.0-scenario-558-retry-7,1.0,1.1,0.7333333333333333,1.1,6.499806577737266,0.20637370071452765,0.29362629928547235,0.625,0.375,0.625,0.375,5,3,5,3,8,5,8,5,0.38671761751174927,0.05,,,,,,,,,,,0.38702562222102765,0.38702562222102765
641,train-load-0.7-scenario-573,0.7,0.6492835714285714,0.6492835714285714,0.5863094285714286,15.761523613353631,0.950924182967854,0.7157424836988127,0.9166666666666666,0.08333333333333333,0.9166666666666666,0.08333333333333333,11,1,11,1,12,7,12,11,0.13687719404697418,0.05,,,,,,,,,,,0.38702562222102765,0.38702562222102765
642,train-load-1.0-scenario-557,1.0,1.10414175,0.9199458333333334,1.10414175,8.359458804101898,0.564063335516146,0.43593666448385393,0.75,0.25,0.6363636363636364,0.36363636363636365,6,2,7,4,11,4,8,6,0.5465659499168396,0.05,,,,,,,,,,,0.38702562222102765,0.38702562222102765
643,train-hard-4gpu-4pod-2vgpu,0.25,0.25,0.16666666666666666,0.25,10.85063432038124,1.7693527539194693,0.23064724608053075,1.0,0.0,1.0,0.0,4,0,8,0,8,4,4,4,0.5420393943786621,0.05,,,,,,,,,,,0.38702562222102765,0.38702562222102765
644,train-load-0.5-scenario-184,0.5,0.4784528571428572,0.3394457142857143,0.4784528571428572,11.177784363857025,1.3146035650815855,0.6853964349184146,1.0,0.0,1.0,0.0,6,0,7,0,7,7,6,6,0.8138558268547058,0.05,,,,,,,,,,,0.38702562222102765,0.38702562222102765
645,train-load-0.9-scenario-237,0.9,0.7862058749999999,0.5633296875,0.7862058749999999,19.34193382469016,1.206661613374445,0.5076241009112694,0.9285714285714286,0.07142857142857142,0.8666666666666667,0.13333333333333333,13,1,13,2,15,8,14,13,0.5469812154769897,0.05,,,,,,,,,,,0.38702562222102765,0.38702562222102765
646,train-load-0.9-scenario-373,0.9,0.782224625,0.6236153124999999,0.782224625,18.683348058312568,0.9410690872111496,0.5255975794555173,0.8666666666666667,0.13333333333333333,0.875,0.125,13,2,14,2,16,8,15,13,0.2887474298477173,0.05,,,,,,,,,,,0.38702562222102765,0.38702562222102765
647,train-load-0.9-scenario-318,0.9,1.0104166666666667,1.0104166666666667,0.9,12.18620949652775,0.36140620798458856,0.4957366491582687,0.7142857142857143,0.2857142857142857,0.7142857142857143,0.2857142857142857,10,4,10,4,14,8,14,10,0.28916221857070923,0.05,,,,,,,,,,,0.38702562222102765,0.38702562222102765
648,train-load-0.6-scenario-499,0.6,0.6,0.5555555555555556,0.6,16.81829727602728,1.6128330646801512,0.3871669353198488,1.0,0.0,1.0,0.0,9,0,9,0,9,6,9,9,0.5396400690078735,0.05,,,,,,,,,,,0.38702562222102765,0.38702562222102765
649,train-load-0.9-scenario-447-retry-1,0.9,0.8021780000000001,0.6535616666666667,0.8021780000000001,14.136410481792947,1.0799338737575623,0.5200661262424378,0.9,0.1,0.8181818181818182,0.18181818181818182,9,1,9,2,11,6,10,9,0.5711557865142822,0.05,,,,,,,,,,,0.38702562222102765,0.38702562222102765
650,train-load-0.5-scenario-352,0.5,0.4377415625,0.4377415625,0.36395262500000003,15.375322996259003,1.3622339306332663,0.6377660693667337,1.0,0.0,1.0,0.0,9,0,9,0,9,8,9,9,0.7651695609092712,0.05,,,,,,,,,,,0.38702562222102765,0.38702562222102765
651,train-hard-4gpu-4pod-1vgpu,0.25,0.25,0.16666666666666666,0.25,11.544497883017963,1.9166666666666665,0.08333333333333337,1.0,0.0,1.0,0.0,4,0,4,0,4,4,4,4,0.8393204808235168,0.05,,,,,,,,,,,0.38702562222102765,0.38702562222102765
652,train-load-0.5-scenario-557-retry-5,0.5,0.45,0.09375,0.45,14.857542072324492,1.2814518267391373,0.7185481732608627,1.0,0.0,1.0,0.0,9,0,9,0,9,4,9,9,0.33811113238334656,0.05,,,,,,,,,,,0.38702562222102765,0.38702562222102765
653,train-load-0.9-scenario-547-retry-1,0.9,1.0,1.0,0.5,10.715595882309369,0.10636114490252735,0.5603055217641393,0.6666666666666666,0.3333333333333333,0.6666666666666666,0.3333333333333333,10,5,10,5,15,6,15,10,0.6003323197364807,0.05,,,,,,,,,,,0.38702562222102765,0.38702562222102765
654,train-load-0.7-scenario-132-retry-4,0.7,0.8125,0.5416666666666666,0.8125,16.26748371394517,0.9926179127391257,0.3919974718762589,0.8461538461538461,0.15384615384615385,0.8461538461538461,0.15384615384615385,11,2,11,2,13,4,13,11,1.0036530494689941,0.05,,,,,,,,,,,0.38702562222102765,0.38702562222102765
655,train-load-0.8-scenario-675,0.8,0.701293,0.3679346875,0.701293,15.58473057435081,1.3880740181792466,0.6119259818207534,1.0,0.0,1.0,0.0,9,0,12,0,12,8,9,9,0.5784162878990173,0.05,,,,,,,,,,,0.38702562222102765,0.38702562222102765
656,train-load-0.6-scenario-444,0.6,0.5218291666666667,0.5218291666666667,0.4862245,16.99296782096942,1.407926069203219,0.5920739307967812,1.0,0.0,1.0,0.0,10,0,11,0,11,8,10,10,0.6976334452629089,0.05,,,,,,,,,,,0.38702562222102765,0.38702562222102765
657,train-load-1.0-scenario-636,1.0,0.9776323333333333,0.38556125,0.9776323333333333,6.866010750928422,0.25426986279369945,0.7457301372063005,0.75,0.25,0.6,0.4,6,2,6,4,10,6,8,6,0.7225485444068909,0.05,,,,,,,,,,,0.38702562222102765,0.38702562222102765
658,train-load-0.9-scenario-39-retry-1,0.9,0.7881643333333334,0.45781145833333337,0.7881643333333334,11.007900644495987,0.7552475923370173,0.8003079632185381,0.8888888888888888,0.1111111111111111,0.8,0.2,8,1,8,2,10,6,9,8,0.5549546480178833,0.05,,,,,,,,,,,0.38702562222102765,0.38702562222102765
659,train-load-0.6-scenario-659,0.6,0.5,0.5,0.5,30.079863125503195,1.417975957430559,0.5820240425694408,1.0,0.0,1.0,0.0,20,0,20,0,20,8,20,20,0.31579989194869995,0.05,,,,,,,,,,,0.38702562222102765,0.38702562222102765
660,train-load-1.0-scenario-704-retry-2,1.0,1.1166666666666667,0.43333333333333335,1.1166666666666667,4.415641389593353,-0.6348937697630056,0.7887399236091593,0.5384615384615384,0.46153846153846156,0.5384615384615384,0.46153846153846156,7,6,7,6,13,6,13,7,0.48614978790283203,0.05,,,,,,,,,,,0.38702562222102765,0.38702562222102765
661,train-load-0.7-scenario-13,0.7,0.74656425,0.3476671875,0.74656425,5.964103388345104,0.5248600176978336,0.6751399823021664,0.8,0.2,0.6666666666666666,0.3333333333333333,4,1,4,2,6,4,5,4,0.31357675790786743,0.05,,,,,,,,,,,0.38702562222102765,0.38702562222102765
662,train-hard-8gpu-16pod-1vgpu,0.5,0.5,0.3333333333333333,0.5,24.089262322787604,1.2821351435282102,0.7178648564717898,1.0,0.0,1.0,0.0,16,0,16,0,16,8,16,16,0.4211917519569397,0.05,,,,,,,,,,,0.38702562222102765,0.38702562222102765
663,train-load-0.9-scenario-350-retry-1,0.9,0.85,0.7083333333333334,0.85,22.368105824760978,1.171603302554416,0.3578084621514662,0.8823529411764706,0.11764705882352941,0.8823529411764706,0.11764705882352941,15,2,15,2,17,4,17,15,0.4395448565483093,0.05,,,,,,,,,,,0.38702562222102765,0.38702562222102765
664,train-load-0.7-scenario-564,0.7,0.5989583333333334,0.5989583333333334,0.2,22.767349583568176,1.2437981495058366,0.5062018504941633,0.9375,0.0625,0.9375,0.0625,15,1,15,1,16,8,16,15,0.39064761996269226,0.05,,,,,,,,,,,0.38702562222102765,0.38702562222102765
665,train-load-0.6-scenario-152,0.6,0.5488580000000001,0.3163455729166667,0.5488580000000001,12.992024578201688,1.2182075358837534,0.7817924641162466,1.0,0.0,1.0,0.0,8,0,8,0,8,8,8,8,0.3567522168159485,0.05,,,,,,,,,,,0.38702562222102765,0.38702562222102765
666,train-load-0.8-scenario-551,0.8,0.6897827142857142,0.4294826785714286,0.6897827142857142,16.53549410275879,1.3686354953497537,0.6313645046502463,1.0,0.0,1.0,0.0,10,0,11,0,11,7,10,10,0.35750842094421387,0.05,,,,,,,,,,,0.38702562222102765,0.38702562222102765
667,train-load-0.7-scenario-562,0.7,0.7714285714285715,0.32142857142857145,0.7714285714285715,8.88643970390866,0.46315730111602793,0.6479538099950832,0.7777777777777778,0.2222222222222222,0.7777777777777778,0.2222222222222222,7,2,7,2,9,7,9,7,0.3286329507827759,0.05,,,,,,,,,,,0.38702562222102765,0.38702562222102765
668,train-load-1.0-scenario-21-retry-10,1.0,0.9166666666666666,0.9166666666666666,0.4166666666666667,5.513001595305934,-0.11790248142426618,0.5179024814242661,0.6,0.4,0.6,0.4,6,4,6,4,10,6,10,6,0.29939576983451843,0.05,,,,,,,,,,,0.38702562222102765,0.38702562222102765
669,train-load-1.0-scenario-744-retry-3,1.0,1.0625,0.5833333333333334,1.0625,4.104571636235749,-0.2060831930882261,0.7060831930882261,0.625,0.375,0.625,0.375,5,3,5,3,8,4,8,5,0.27756762504577637,0.05,,,,,,,,,,,0.38702562222102765,0.38702562222102765
670,train-load-0.5-scenario-742-retry-1,0.5,0.45,0.45,0.3,21.601804333349826,1.6747724789892326,0.32522752101076746,1.0,0.0,1.0,0.0,12,0,12,0,12,4,12,12,0.24005833268165588,0.05,,,,,,,,,,,0.38702562222102765,0.38702562222102765
671,train-load-0.9-scenario-150-retry-2,0.9,1.0,0.2777777777777778,1.0,5.383699440611238,-0.1132713423210221,0.513271342321022,0.6,0.4,0.6,0.4,6,4,6,4,10,6,10,6,0.438819944858551,0.05,,,,,,,,,,,0.38702562222102765,0.38702562222102765
672,train-load-0.8-scenario-467,0.8,0.713368,0.4828194444444444,0.713368,9.799449226464766,0.8828999168829869,0.5456715116884417,0.8571428571428571,0.14285714285714285,0.7777777777777778,0.2222222222222222,6,1,7,2,9,6,7,6,0.24829749763011932,0.05,,,,,,,,,,,0.38702562222102765,0.38702562222102765
673,train-load-0.8-scenario-200,0.8,0.7142857142857143,0.7142857142857143,0.42857142857142855,19.801424028483723,1.1021434212604477,0.36452324540621894,0.8666666666666667,0.13333333333333333,0.8666666666666667,0.13333333333333333,13,2,13,2,15,7,15,13,0.5178130269050598,0.05,,,,,,,,,,,0.38702562222102765,0.38702562222102765
674,train-load-1.0-scenario-165,1.0,0.92741125,0.92741125,0.730282,12.337840705644968,0.5501487733131254,0.44985122668687455,0.75,0.25,0.75,0.25,9,3,9,3,12,5,12,9,0.32135069370269775,0.05,,,,,,,,,,,0.38702562222102765,0.38702562222102765
675,train-hard-8gpu-16pod-1vgpu,0.5,0.5,0.3333333333333333,0.5,24.04554471260682,1.2821351435282102,0.7178648564717898,1.0,0.0,1.0,0.0,16,0,16,0,16,8,16,16,0.24593184888362885,0.05,,,,,,,,,,,0.38702562222102765,0.38702562222102765
676,train-load-0.9-scenario-460-retry-4,0.9,1.0,0.4,1.0,4.358995164267691,-0.08087986229267585,0.5808798622926759,0.625,0.375,0.625,0.375,5,3,5,3,8,5,8,5,0.3447749614715576,0.05,,,,,,,,,,,0.38702562222102765,0.38702562222102765
677,train-load-0.8-scenario-522-retry-2,0.8,0.8833333333333333,0.4444444444444444,0.8833333333333333,10.664635605376949,0.6019311105379882,0.5980688894620119,0.8,0.2,0.8,0.2,8,2,8,2,10,6,10,8,0.4157668352127075,0.05,,,,,,,,,,,0.38702562222102765,0.38702562222102765
678,train-load-0.8-scenario-430-retry-1,0.8,0.8666666666666667,0.3625,0.8666666666666667,12.137769368795468,0.9302743501772027,0.6252812053783527,0.8888888888888888,0.1111111111111111,0.9090909090909091,0.09090909090909091,8,1,10,1,11,6,9,8,0.42572349309921265,0.05,,,,,,,,,,,0.38702562222102765,0.38702562222102765
679,train-load-1.0-scenario-70-retry-5,1.0,0.8888888888888888,0.8888888888888888,0.85,7.3556402610649,-0.21452091315217137,0.5002351988664571,0.5714285714285714,0.42857142857142855,0.5714285714285714,0.42857142857142855,8,6,8,6,14,6,14,8,0.18508349359035492,0.05,,,,,,,,,,,0.38702562222102765,0.38702562222102765
680,train-load-0.7-scenario-139-retry-1,0.7,0.5833333333333334,0.3888888888888889,0.5833333333333334,23.02839363791974,1.5272432881544136,0.47275671184558643,1.0,0.0,1.0,0.0,14,0,14,0,14,6,14,14,0.3827293813228607,0.05,,,,,,,,,,,0.38702562222102765,0.38702562222102765
681,train-load-0.9-scenario-163-retry-3,0.9,0.875,0.875,0.8,12.389469404653969,1.2138992442860201,0.28610075571397986,0.875,0.125,0.7777777777777778,0.2222222222222222,7,1,7,2,9,4,8,7,0.4863477349281311,0.05,,,,,,,,,,,0.38702562222102765,0.38702562222102765
682,train-load-1.0-scenario-243,1.0,0.88251875,0.88251875,0.841040625,22.245739388289117,1.1703679326041994,0.35904383210168284,0.8823529411764706,0.11764705882352941,0.8421052631578947,0.15789473684210525,15,2,16,3,19,8,17,15,0.421073317527771,0.05,,,,,,,,,,,0.38702562222102765,0.38702562222102765
683,train-load-0.9-scenario-11,0.9,0.8965868333333333,0.6062889583333334,0.8965868333333333,10.348388069417057,0.5057649535978671,0.694235046402133,0.8,0.2,0.7272727272727273,0.2727272727272727,8,2,8,3,11,6,10,8,0.5381014347076416,0.05,,,,,,,,,,,0.38702562222102765,0.38702562222102765
684,train-load-0.8-scenario-169-retry-1,0.8,0.8571428571428571,0.8571428571428571,0.5571428571428572,7.2610064368317175,-0.08294506101476318,0.4162783943480966,0.5833333333333334,0.4166666666666667,0.5833333333333334,0.4166666666666667,7,5,7,5,12,7,12,7,0.4756588339805603,0.05,,,,,,,,,,,0.38702562222102765,0.38702562222102765
685,train-load-0.8-scenario-264,0.8,0.6973718,0.3994683333333333,0.6973718,12.430964881507226,1.3671923426524888,0.6328076573475112,1.0,0.0,1.0,0.0,7,0,7,0,7,5,7,7,0.19762200117111206,0.05,,,,,,,,,,,0.38702562222102765,0.38702562222102765
686,train-load-0.5-scenario-362,0.5,0.6,0.6,0.2,14.220517554043559,1.3970741927654695,0.6029258072345305,1.0,0.0,1.0,0.0,8,0,8,0,8,8,8,8,0.24996644258499146,0.05,,,,,,,,,,,0.38702562222102765,0.38702562222102765
687,train-load-0.5-scenario-176-retry-3,0.5,0.42857142857142855,0.17857142857142858,0.42857142857142855,23.83473804199825,1.4356700629318135,0.5643299370681865,1.0,0.0,1.0,0.0,15,0,15,0,15,7,15,15,0.26284167170524597,0.05,,,,,,,,,,,0.38702562222102765,0.38702562222102765
688,train-load-0.7-scenario-189,0.7,0.75,0.025,0.75,8.963026848228319,0.6096142244020575,0.8903857755979425,0.875,0.125,0.875,0.125,7,1,7,1,8,8,8,7,0.2800901532173157,0.05,,,,,,,,,,,0.38702562222102765,0.38702562222102765
689,train-load-0.5-scenario-391,0.5,0.478635625,0.2696630208333333,0.478635625,13.17040687239886,1.2227378660812247,0.7772621339187753,1.0,0.0,1.0,0.0,8,0,8,0,8,8,8,8,0.6916519999504089,0.05,,,,,,,,,,,0.38702562222102765,0.38702562222102765
690,train-load-0.7-scenario-231-retry-1,0.7,0.8,0.4166666666666667,0.8,6.041765493564598,0.005146074031269543,0.6615205926353971,0.6666666666666666,0.3333333333333333,0.6666666666666666,0.3333333333333333,6,3,6,3,9,6,9,6,0.5084496140480042,0.05,,,,,,,,,,,0.38702562222102765,0.38702562222102765
691,train-load-0.7-scenario-226-retry-11,0.7,0.8,0.64,0.8,6.437616702885389,0.19313341632195313,0.3068665836780469,0.625,0.375,0.625,0.375,5,3,5,3,8,5,8,5,0.3527398109436035,0.05,,,,,,,,,,,0.38702562222102765,0.38702562222102765
692,train-load-0.6-scenario-579-retry-3,0.6,0.5857142857142857,0.5714285714285714,0.5857142857142857,18.552887182199783,1.6561552904672077,0.3438447095327923,1.0,0.0,1.0,0.0,10,0,10,0,10,7,10,10,0.416776180267334,0.05,,,,,,,,,,,0.38702562222102765,0.38702562222102765
693,train-load-0.9-scenario-74,0.9,0.8315207142857142,0.6245017857142857,0.8315207142857142,14.663514199205158,0.7030487571382773,0.6815666274771073,0.8461538461538461,0.15384615384615385,0.8461538461538461,0.15384615384615385,11,2,11,2,13,7,13,11,0.5037187933921814,0.05,,,,,,,,,,,0.38702562222102765,0.38702562222102765
694,train-load-1.0-scenario-492-retry-5,1.0,1.0833333333333333,0.375,1.0833333333333333,10.068635868362069,0.5354400980085213,0.6645599019914787,0.8,0.2,0.7333333333333333,0.26666666666666666,8,2,11,4,15,6,10,8,0.41309279203414917,0.05,,,,,,,,,,,0.38702562222102765,0.38702562222102765
695,train-load-1.0-scenario-183-retry-7,1.0,1.0625,1.0625,0.425,5.657544080999685,-0.6018881031357664,0.48424104431223686,0.47058823529411764,0.5294117647058824,0.47058823529411764,0.5294117647058824,8,9,8,9,17,8,17,8,0.29652807116508484,0.05,,,,,,,,,,,0.38702562222102765,0.38702562222102765
696,train-load-1.0-scenario-262-retry-2,1.0,0.9125211666666666,0.6770279166666667,0.9125211666666666,9.102725635372455,0.24826649818265645,0.6608244109082527,0.7272727272727273,0.2727272727272727,0.6153846153846154,0.38461538461538464,8,3,8,5,13,6,11,8,0.7950513958930969,0.05,,,,,,,,,,,0.38702562222102765,0.38702562222102765
697,train-load-0.5-scenario-472,0.5,0.471676,0.3375790625,0.471676,14.551262682905197,1.443824131639797,0.5561758683602029,1.0,0.0,1.0,0.0,8,0,9,0,9,8,8,8,0.3898260295391083,0.05,,,,,,,,,,,0.38702562222102765,0.38702562222102765
698,train-load-0.5-scenario-43,0.5,0.46875,0.15625,0.46875,23.288036924776513,1.3649286618935599,0.6350713381064401,1.0,0.0,1.0,0.0,15,0,15,0,15,8,15,15,0.44638440012931824,0.05,,,,,,,,,,,0.38702562222102765,0.38702562222102765
699,train-load-0.9-scenario-37,0.9,0.99375,0.3645833333333333,0.99375,10.047938022867122,0.40709675067381523,0.5019941584170939,0.7272727272727273,0.2727272727272727,0.7272727272727273,0.2727272727272727,8,3,8,3,11,8,11,8,0.39488741755485535,0.05,,,,,,,,,,,0.38702562222102765,0.38702562222102765
700,train-load-0.7-scenario-348,0.7,0.617630875,0.48344453125,0.617630875,18.277618544205218,1.241983618784653,0.7580163812153471,1.0,0.0,1.0,0.0,12,0,12,0,12,8,12,12,0.4190666079521179,0.05,0.3696727802476026,0.5322775745659809,0.7254875887033959,0.27451241129660414,0.7116576303087593,0.28834236969124066,0.3696727802476026,0.7513995178776824,0.2685136285793578,0.7112606149937718,0.38702562222102765,0.38702562222102765
701,train-load-0.9-scenario-695-retry-3,0.9,1.0,1.0,0.3,5.583768730124089,-0.3352141790977582,0.6685475124310916,0.5833333333333334,0.4166666666666667,0.5833333333333334,0.4166666666666667,7,5,7,5,12,8,12,7,0.3450036346912384,0.05,,,,,,,,,,,0.38702562222102765,0.38702562222102765
702,train-load-0.5-scenario-131,0.5,0.5625,0.4895833333333333,0.5625,20.82507636529293,1.6112600900867724,0.38873990991322754,1.0,0.0,1.0,0.0,12,0,12,0,12,4,12,12,0.2625768482685089,0.05,,,,,,,,,,,0.38702562222102765,0.38702562222102765
703,train-load-0.8-scenario-130,0.8,0.71512875,0.71512875,0.6926281666666667,13.137257453450479,0.9216547781460536,0.6783452218539465,0.9,0.1,0.8181818181818182,0.18181818181818182,9,1,9,2,11,6,10,9,0.2671082317829132,0.05,,,,,,,,,,,0.38702562222102765,0.38702562222102765
704,train-load-0.6-scenario-397-retry-3,0.6,0.6428571428571429,0.10714285714285714,0.6428571428571429,8.639840106807997,0.4352985794266132,0.675812531684498,0.7777777777777778,0.2222222222222222,0.7777777777777778,0.2222222222222222,7,2,7,2,9,7,9,7,0.6126776933670044,0.05,,,,,,,,,,,0.38702562222102765,0.38702562222102765
705,train-load-0.9-scenario-504,0.9,0.8134125,0.8134125,0.7510618333333333,16.236001698154038,1.1528564812627273,0.4835071551009089,0.9090909090909091,0.09090909090909091,0.8461538461538461,0.15384615384615385,10,1,11,2,13,6,11,10,0.3082358241081238,0.05,,,,,,,,,,,0.38702562222102765,0.38702562222102765
706,train-load-0.6-scenario-465-retry-2,0.6,0.625,0.625,0.125,10.603684383425232,0.53586427907887,0.66413572092113,0.8,0.2,0.8,0.2,8,2,8,2,10,8,10,8,0.40984106063842773,0.05,,,,,,,,,,,0.38702562222102765,0.38702562222102765
707,train-load-0.5-scenario-22-retry-3,0.5,0.5,0.16666666666666666,0.5,19.452569232265738,1.3363384605199287,0.6636615394800713,1.0,0.0,1.0,0.0,12,0,12,0,12,6,12,12,0.4224564731121063,0.05,,,,,,,,,,,0.38702562222102765,0.38702562222102765
708,train-load-0.6-scenario-25,0.6,0.5298247142857143,0.22678690476190477,0.5298247142857143,8.954244917060999,1.1600616447191676,0.8399383552808324,1.0,0.0,1.0,0.0,5,0,7,0,7,7,5,5,0.6293964982032776,0.05,,,,,,,,,,,0.38702562222102765,0.38702562222102765
709,train-load-0.8-scenario-540,0.8,0.77823725,0.40948229166666666,0.77823725,8.305788587084123,1.3120512604145158,0.6879487395854842,1.0,0.0,1.0,0.0,4,0,5,0,5,4,4,4,0.2875009775161743,0.05,,,,,,,,,,,0.38702562222102765,0.38702562222102765
710,train-load-0.8-scenario-142-retry-2,0.8,0.9,0.25,0.9,8.062165621150564,0.031495769887441516,0.6351708967792251,0.6666666666666666,0.3333333333333333,0.6666666666666666,0.3333333333333333,8,4,8,4,12,8,12,8,0.311400443315506,0.05,,,,,,,,,,,0.38702562222102765,0.38702562222102765
711,train-load-0.9-scenario-249-retry-1,0.9,0.8,0.8,0.5,20.06912117713006,1.2468469947693355,0.46743871951637883,0.9285714285714286,0.07142857142857142,0.9285714285714286,0.07142857142857142,13,1,13,1,14,7,14,13,0.5642374157905579,0.05,,,,,,,,,,,0.38702562222102765,0.38702562222102765
712,train-load-0.9-scenario-671-retry-3,0.9,1.02,0.66,1.02,5.797289023577747,-0.006414243602263614,0.6730809102689302,0.6666666666666666,0.3333333333333333,0.6666666666666666,0.3333333333333333,6,3,6,3,9,5,9,6,0.34089428186416626,0.05,,,,,,,,,,,0.38702562222102765,0.38702562222102765
713,train-hard-4gpu-12pod-small,0.375,0.375,0.25,0.375,22.316746824526945,1.875,0.125,1.0,0.0,1.0,0.0,12,0,12,0,12,4,12,12,0.33254319429397583,0.05,,,,,,,,,,,0.38702562222102765,0.38702562222102765
714,train-load-0.8-scenario-227-retry-6,0.8,0.7714285714285715,0.4142857142857143,0.7714285714285715,8.172198747103382,0.10561229208613165,0.43984225336841376,0.6363636363636364,0.36363636363636365,0.6363636363636364,0.36363636363636365,7,4,7,4,11,7,11,7,0.4057997465133667,0.05,,,,,,,,,,,0.38702562222102765,0.38702562222102765
715,train-load-0.8-scenario-480,0.8,0.7962605,0.42220593749999996,0.7962605,7.4410607136097635,0.6786202041213818,0.6547131292119517,0.8333333333333334,0.16666666666666666,0.8333333333333334,0.16666666666666666,5,1,5,1,6,4,6,5,0.4946129024028778,0.05,,,,,,,,,,,0.38702562222102765,0.38702562222102765
716,train-load-0.8-scenario-45-retry-2,0.8,0.6875,0.057291666666666664,0.6875,9.693663907051036,0.3362477967713903,0.5728431123195189,0.7272727272727273,0.2727272727272727,0.7272727272727273,0.2727272727272727,8,3,8,3,11,8,11,8,0.4826728105545044,0.05,,,,,,,,,,,0.38702562222102765,0.38702562222102765
717,train-load-0.9-scenario-79,0.9,0.9283995,0.54401875,0.9283995,2.7371610611494734,-0.15862786009978969,0.5586278600997896,0.6,0.4,0.42857142857142855,0.5714285714285714,3,2,3,4,7,4,5,3,0.4670805335044861,0.05,,,,,,,,,,,0.38702562222102765,0.38702562222102765
718,train-load-0.5-scenario-202,0.5,0.46441857142857146,0.3540692857142857,0.46441857142857146,13.810478316781845,1.2870371229574618,0.7129628770425384,1.0,0.0,1.0,0.0,8,0,8,0,8,7,8,8,0.28133440017700195,0.05,,,,,,,,,,,0.38702562222102765,0.38702562222102765
719,train-load-0.7-scenario-32,0.7,0.6493635000000001,0.2590075,0.6493635000000001,9.037343742621392,1.4211187290023692,0.5788812709976308,1.0,0.0,1.0,0.0,4,0,5,0,5,4,4,4,0.34655922651290894,0.05,,,,,,,,,,,0.38702562222102765,0.38702562222102765
720,train-load-0.9-scenario-591-retry-2,0.9,1.0166666666666666,0.9333333333333333,1.0166666666666666,5.940691423248943,-0.12407810954842613,0.30589629136660795,0.5454545454545454,0.45454545454545453,0.5454545454545454,0.45454545454545453,6,5,6,5,11,6,11,6,0.2923890948295593,0.05,,,,,,,,,,,0.38702562222102765,0.38702562222102765
721,train-load-0.8-scenario-377-retry-4,0.8,0.9,0.9,0.85,15.47827225208836,1.3226710000979747,0.2773289999020254,0.9,0.1,0.9,0.1,9,1,9,1,10,5,10,9,0.664055347442627,0.05,,,,,,,,,,,0.38702562222102765,0.38702562222102765
722,train-load-0.6-scenario-199,0.6,0.5121544,0.3856191666666667,0.5121544,9.168559822674993,1.0057698195174438,0.9942301804825562,1.0,0.0,1.0,0.0,6,0,6,0,6,5,6,6,0.33126968145370483,0.05,,,,,,,,,,,0.38702562222102765,0.38702562222102765
723,train-load-1.0-scenario-99-retry-1,1.0,0.9339352,0.6118933333333333,0.9339352,6.566035709942778,0.11109529157542586,0.5555713750912408,0.6666666666666666,0.3333333333333333,0.6,0.4,6,3,6,4,10,5,9,6,0.6703038215637207,0.05,,,,,,,,,,,0.38702562222102765,0.38702562222102765
724,train-load-0.5-scenario-143-retry-5,0.5,0.525,0.4375,0.525,16.06302117510789,1.4582067791554496,0.5417932208445504,1.0,0.0,1.0,0.0,9,0,9,0,9,8,9,9,0.3367327153682709,0.05,,,,,,,,,,,0.38702562222102765,0.38702562222102765
725,train-load-0.5-scenario-104,0.5,0.48332371428571425,0.24992428571428568,0.48332371428571425,9.523248137437538,1.2389407368508876,0.7610592631491124,1.0,0.0,1.0,0.0,5,0,6,0,6,7,5,5,0.34985339641571045,0.05,,,,,,,,,,,0.38702562222102765,0.38702562222102765
726,train-load-0.9-scenario-534-retry-1,0.9,0.8125,0.15625,0.8125,15.504632160598483,0.41923761643773017,0.6395859129740344,0.7647058823529411,0.23529411764705882,0.7647058823529411,0.23529411764705882,13,4,13,4,17,8,17,13,0.45364636182785034,0.05,,,,,,,,,,,0.38702562222102765,0.38702562222102765
727,train-load-0.9-scenario-81-retry-2,0.9,1.0,0.16666666666666666,1.0,1.8035824740357747,-0.5812606834988782,0.5812606834988782,0.5,0.5,0.5,0.5,4,4,4,4,8,4,8,4,0.5148945450782776,0.05,,,,,,,,,,,0.38702562222102765,0.38702562222102765
728,train-load-0.7-scenario-741,0.7,0.624185625,0.60727515625,0.624185625,12.949197929557258,0.6015616617559785,0.731771671577355,0.8333333333333334,0.16666666666666666,0.8461538461538461,0.15384615384615385,10,2,11,2,13,8,12,10,0.42325106263160706,0.05,,,,,,,,,,,0.38702562222102765,0.38702562222102765
729,train-load-0.9-scenario-680,0.9,0.8687325,0.6829359375,0.8687325,7.1188833705497245,0.43651249086757327,0.42063036627528394,0.7142857142857143,0.2857142857142857,0.75,0.25,5,2,6,2,8,4,7,5,0.21264831721782684,0.05,,,,,,,,,,,0.38702562222102765,0.38702562222102765
730,train-load-1.0-scenario-100-retry-6,1.0,1.0166666666666666,1.0166666666666666,0.6333333333333333,18.816915225518507,0.4763530068986723,0.681541729943433,0.7894736842105263,0.21052631578947367,0.68,0.32,15,4,17,8,25,6,19,15,0.3485085368156433,0.05,,,,,,,,,,,0.38702562222102765,0.38702562222102765
731,train-load-0.7-scenario-574,0.7,0.6857142857142857,0.6857142857142857,0.5714285714285714,25.32821292199163,1.4801679413363327,0.5198320586636673,1.0,0.0,1.0,0.0,16,0,16,0,16,7,16,16,0.42780232429504395,0.05,,,,,,,,,,,0.38702562222102765,0.38702562222102765
732,train-load-0.7-scenario-213,0.7,0.6249092857142856,0.41971374999999994,0.6249092857142856,14.658060920858006,1.265715702277583,0.7342842977224171,1.0,0.0,1.0,0.0,9,0,10,0,10,7,9,9,0.38351884484291077,0.05,,,,,,,,,,,0.38702562222102765,0.38702562222102765
733,train-load-1.0-scenario-713-retry-1,1.0,1.1,0.31666666666666665,1.1,2.115278806280112,-0.5612172300834664,0.7834394523056887,0.5555555555555556,0.4444444444444444,0.5555555555555556,0.4444444444444444,5,4,5,4,9,5,9,5,0.37943530082702637,0.05,,,,,,,,,,,0.38702562222102765,0.38702562222102765
734,train-load-0.8-scenario-635,0.8,0.68,0.5333333333333333,0.68,18.00027182467813,1.4327729546600783,0.5672270453399217,1.0,0.0,1.0,0.0,11,0,11,0,11,5,11,11,0.3269229233264923,0.05,,,,,,,,,,,0.38702562222102765,0.38702562222102765
735,train-load-0.5-scenario-266-retry-1,0.5,0.425,0.4,0.425,8.049888230486491,0.4554486430678957,0.5445513569321043,0.75,0.25,0.75,0.25,6,2,6,2,8,8,8,6,0.4868420660495758,0.05,,,,,,,,,,,0.38702562222102765,0.38702562222102765
736,train-load-0.9-scenario-514,0.9,0.7857142857142857,0.7857142857142857,0.15714285714285714,6.834519036973047,-0.04336656217869217,0.5888211076332376,0.6363636363636364,0.36363636363636365,0.6363636363636364,0.36363636363636365,7,4,7,4,11,7,11,7,0.564403235912323,0.05,,,,,,,,,,,0.38702562222102765,0.38702562222102765
737,train-load-0.5-scenario-693,0.5,0.5893932500000001,0.343153125,0.5893932500000001,8.473454640882924,1.328375943370077,0.671624056629923,1.0,0.0,1.0,0.0,4,0,5,0,5,4,4,4,0.36149150133132935,0.05,,,,,,,,,,,0.38702562222102765,0.38702562222102765
738,train-load-0.9-scenario-452,0.9,0.8464028125,0.8464028125,0.75065325,6.780152434039555,0.2949529280806438,0.7050470719193562,0.75,0.25,0.6666666666666666,0.3333333333333333,6,2,6,3,9,4,8,6,0.5101022124290466,0.05,,,,,,,,,,,0.38702562222102765,0.38702562222102765
739,train-load-0.9-scenario-23,0.9,0.829962375,0.4835084375,0.829962375,15.344552090075824,0.9066482650377085,0.7600184016289582,0.9166666666666666,0.08333333333333333,0.8461538461538461,0.15384615384615385,11,1,11,2,13,8,12,11,0.5377971529960632,0.05,,,,,,,,,,,0.38702562222102765,0.38702562222102765
740,train-load-0.8-scenario-441,0.8,0.6817221428571429,0.6817221428571429,0.6276041428571428,13.316508229128859,0.9301553274806975,0.6698446725193027,0.9,0.1,0.8461538461538461,0.15384615384615385,9,1,11,2,13,7,10,9,0.2856501340866089,0.05,,,,,,,,,,,0.38702562222102765,0.38702562222102765
741,train-load-0.5-scenario-364,0.5,0.5714285714285714,0.5714285714285714,0.2857142857142857,17.62018797968552,1.5060135424940762,0.49398645750592374,1.0,0.0,1.0,0.0,10,0,10,0,10,7,10,10,0.38725581765174866,0.05,,,,,,,,,,,0.38702562222102765,0.38702562222102765
742,train-load-0.9-scenario-258-retry-1,0.9,0.7926638333333333,0.72383625,0.7926638333333333,11.519769625919508,0.2852234197140301,0.7916996572090469,0.7692307692307693,0.23076923076923078,0.7692307692307693,0.23076923076923078,10,3,10,3,13,6,13,10,0.3505321741104126,0.05,,,,,,,,,,,0.38702562222102765,0.38702562222102765
743,train-load-0.7-scenario-93-retry-5,0.7,0.7857142857142857,0.7857142857142857,0.6285714285714286,8.670151916749163,0.2592693757265845,0.2861851697279609,0.6363636363636364,0.36363636363636365,0.6363636363636364,0.36363636363636365,7,4,7,4,11,7,11,7,0.6103079319000244,0.05,,,,,,,,,,,0.38702562222102765,0.38702562222102765
744,train-hard-4gpu-4pod-1vgpu,0.25,0.25,0.16666666666666666,0.25,11.544497883017963,1.9166666666666665,0.08333333333333337,1.0,0.0,1.0,0.0,4,0,4,0,4,4,4,4,0.3540918231010437,0.05,,,,,,,,,,,0.38702562222102765,0.38702562222102765
745,train-load-0.6-scenario-680,0.6,0.4857142857142857,0.45714285714285713,0.4857142857142857,10.311297425185181,0.7670210352481588,0.7329789647518411,0.875,0.125,0.875,0.125,7,1,7,1,8,7,8,7,0.5145442485809326,0.05,,,,,,,,,,,0.38702562222102765,0.38702562222102765
746,train-load-0.9-scenario-236,0.9,0.8080048750000001,0.4204234375,0.8080048750000001,14.046401275007529,0.9058267533799571,0.7305368829836791,0.9090909090909091,0.09090909090909091,0.8333333333333334,0.16666666666666666,10,1,10,2,12,8,11,10,0.40693387389183044,0.05,,,,,,,,,,,0.38702562222102765,0.38702562222102765
747,train-load-1.0-scenario-370-retry-6,1.0,1.075,0.8229166666666666,1.075,8.159087784320173,-0.4708268042967555,0.5760899621914923,0.5263157894736842,0.47368421052631576,0.5263157894736842,0.47368421052631576,10,9,10,9,19,8,19,10,0.3862893879413605,0.05,,,,,,,,,,,0.38702562222102765,0.38702562222102765
748,train-load-1.0-scenario-708-retry-1,1.0,1.0416666666666667,1.0416666666666667,0.65,7.044343364554194,-0.01993118394155602,0.5653857293961014,0.6363636363636364,0.36363636363636365,0.6363636363636364,0.36363636363636365,7,4,7,4,11,6,11,7,0.7118784189224243,0.05,,,,,,,,,,,0.38702562222102765,0.38702562222102765
749,train-load-1.0-scenario-202-retry-5,1.0,1.1,0.9333333333333333,1.1,5.467314561282397,-0.20744202145183066,0.6074420214518306,0.6,0.4,0.6,0.4,6,4,6,4,10,5,10,6,0.48449185490608215,0.05,,,,,,,,,,,0.38702562222102765,0.38702562222102765
750,train-load-0.6-scenario-601,0.6,0.6069159999999999,0.27050124999999997,0.6069159999999999,10.597012621646652,1.1851856673921648,0.8148143326078353,1.0,0.0,1.0,0.0,6,0,6,0,6,5,6,6,0.5424325466156006,0.05,,,,,,,,,,,0.38702562222102765,0.38702562222102765
751,train-load-0.9-scenario-66,0.9,0.8666666666666667,0.7222222222222222,0.8666666666666667,5.4827979996812966,-0.3122626399352283,0.6455959732685617,0.5833333333333334,0.4166666666666667,0.5833333333333334,0.4166666666666667,7,5,7,5,12,6,12,7,0.4181461036205292,0.05,,,,,,,,,,,0.38702562222102765,0.38702562222102765
752,train-load-0.6-scenario-498,0.6,0.5101222857142858,0.2269327380952381,0.5101222857142858,10.657618125505529,1.2124817914391468,0.7875182085608532,1.0,0.0,1.0,0.0,6,0,6,0,6,7,6,6,0.48948153853416443,0.05,,,,,,,,,,,0.38702562222102765,0.38702562222102765
753,train-load-0.8-scenario-673-retry-1,0.8,0.7291666666666666,0.7291666666666666,0.475,30.08598290832435,1.6141083295093377,0.3858916704906623,1.0,0.0,1.0,0.0,19,0,19,0,19,8,19,19,0.41972923278808594,0.05,,,,,,,,,,,0.38702562222102765,0.38702562222102765
754,train-load-0.8-scenario-96,0.8,0.7234139999999999,0.5128334375,0.7234139999999999,1.5939384564607408,-0.3344281062776925,1.0010947729443591,0.6666666666666666,0.3333333333333333,0.6666666666666666,0.3333333333333333,4,2,4,2,6,4,6,4,0.30217158794403076,0.05,,,,,,,,,,,0.38702562222102765,0.38702562222102765
755,train-load-0.5-scenario-92-retry-1,0.5,0.5357142857142857,0.5357142857142857,0.44285714285714284,14.198588990473272,1.3994952527234048,0.6005047472765953,1.0,0.0,1.0,0.0,8,0,11,0,11,7,8,8,0.27530866861343384,0.05,,,,,,,,,,,0.38702562222102765,0.38702562222102765
756,train-load-1.0-scenario-71,1.0,0.9213144285714284,0.39687857142857147,0.9213144285714284,13.270939822137157,0.6797397826956715,0.653593550637662,0.8333333333333334,0.16666666666666666,0.8333333333333334,0.16666666666666666,10,2,10,2,12,7,12,10,0.3835749328136444,0.05,,,,,,,,,,,0.38702562222102765,0.38702562222102765
757,train-load-0.7-scenario-115,0.7,0.8175609999999999,0.30272499999999997,0.8175609999999999,4.322041493004857,0.4086550154460129,0.5913449845539871,0.75,0.25,0.6666666666666666,0.3333333333333333,3,1,4,2,6,4,4,3,0.3950040936470032,0.05,,,,,,,,,,,0.38702562222102765,0.38702562222102765
758,train-load-0.6-scenario-589-retry-3,0.6,0.675,0.675,0.45,13.300693767682791,1.1159757506235444,0.4395798049320109,0.8888888888888888,0.1111111111111111,0.8888888888888888,0.1111111111111111,8,1,8,1,9,4,9,8,0.5284852385520935,0.05,,,,,,,,,,,0.38702562222102765,0.38702562222102765
759,train-load-0.6-scenario-683,0.6,0.6916085,0.3597659375,0.6916085,10.095161634840952,1.3465113523708439,0.6534886476291561,1.0,0.0,1.0,0.0,5,0,5,0,5,4,5,5,0.5047885775566101,0.05,,,,,,,,,,,0.38702562222102765,0.38702562222102765
760,train-load-1.0-scenario-159,1.0,0.9202881666666667,0.7755486111111112,0.9202881666666667,13.14851994810183,0.5537176410127428,0.5232054359103343,0.7692307692307693,0.23076923076923078,0.7142857142857143,0.2857142857142857,10,3,10,4,14,6,13,10,0.2738228440284729,0.05,,,,,,,,,,,0.38702562222102765,0.38702562222102765
761,train-load-0.5-scenario-212,0.5,0.6,0.6,0.51,11.881411417547513,1.047967657141677,0.45203234285832294,0.875,0.125,0.875,0.125,7,1,7,1,8,5,8,7,0.2808926999568939,0.05,,,,,,,,,,,0.38702562222102765,0.38702562222102765
762,train-hard-4gpu-4pod-2vgpu,0.25,0.25,0.16666666666666666,0.25,11.616666666666667,1.9166666666666665,0.08333333333333337,1.0,0.0,1.0,0.0,4,0,8,0,8,4,4,4,0.3036653995513916,0.05,,,,,,,,,,,0.38702562222102765,0.38702562222102765
763,train-load-0.8-scenario-23-retry-1,0.8,0.9142857142857143,0.10119047619047619,0.9142857142857143,16.304077337846824,0.4784403138489171,0.8156773332099063,0.8235294117647058,0.17647058823529413,0.8235294117647058,0.17647058823529413,14,3,14,3,17,7,17,14,0.5685763359069824,0.05,,,,,,,,,,,0.38702562222102765,0.38702562222102765
764,train-load-0.7-scenario-591,0.7,0.7161142,0.6402265,0.7161142,11.451235566871631,1.0279807966412682,0.4720192033587318,0.875,0.125,0.7777777777777778,0.2222222222222222,7,1,7,2,9,5,8,7,0.5950236320495605,0.05,,,,,,,,,,,0.38702562222102765,0.38702562222102765
765,train-load-0.8-scenario-135,0.8,0.7027925,0.5710402777777778,0.7027925,12.740658757026692,0.8997893323411277,0.7002106676588724,0.9,0.1,0.9,0.1,9,1,9,1,10,6,10,9,0.8368394374847412,0.05,,,,,,,,,,,0.38702562222102765,0.38702562222102765
766,train-load-0.5-scenario-321,0.5,0.4767421666666667,0.4452291666666667,0.4767421666666667,13.021048697117402,1.1464969756847634,0.8535030243152366,1.0,0.0,1.0,0.0,8,0,8,0,8,6,8,8,0.5148379802703857,0.05,,,,,,,,,,,0.38702562222102765,0.38702562222102765
767,train-load-0.9-scenario-291,0.9,0.925,0.55,0.925,15.388644405642994,0.1271812761676605,0.6728187238323394,0.7,0.3,0.7,0.3,14,6,14,6,20,8,20,14,0.18500939011573792,0.05,,,,,,,,,,,0.38702562222102765,0.38702562222102765
768,train-load-0.7-scenario-97,0.7,0.6187343999999999,0.5782741666666666,0.6187343999999999,7.934191658828858,0.5840899694550873,0.8444814591163412,0.8571428571428571,0.14285714285714285,0.75,0.25,6,1,6,2,8,5,7,6,0.5083863139152527,0.05,,,,,,,,,,,0.38702562222102765,0.38702562222102765
769,train-load-0.6-scenario-371,0.6,0.7142857142857143,0.6666666666666666,0.7142857142857143,9.95123508314789,0.6378662381296569,0.47324487298145423,0.7777777777777778,0.2222222222222222,0.7777777777777778,0.2222222222222222,7,2,7,2,9,7,9,7,0.7663594484329224,0.05,,,,,,,,,,,0.38702562222102765,0.38702562222102765
770,train-load-0.5-scenario-108,0.5,0.44285714285714284,0.44285714285714284,0.32142857142857145,16.747651292073797,1.5937157075612651,0.406284292438735,1.0,0.0,1.0,0.0,9,0,9,0,9,7,9,9,0.31577908992767334,0.05,,,,,,,,,,,0.38702562222102765,0.38702562222102765
771,train-load-0.7-scenario-604-retry-3,0.7,0.6785714285714286,0.42857142857142855,0.6785714285714286,13.792113188016693,1.002387534241313,0.597612465758687,0.9,0.1,0.9,0.1,9,1,9,1,10,7,10,9,0.33205145597457886,0.05,,,,,,,,,,,0.38702562222102765,0.38702562222102765
772,train-load-0.9-scenario-346-retry-1,0.9,0.7896403750000001,0.7855196875,0.7896403750000001,18.562622064334477,0.838100454154294,0.661899545845706,0.875,0.125,0.8333333333333334,0.16666666666666666,14,2,15,3,18,8,16,14,0.6273373961448669,0.05,,,,,,,,,,,0.38702562222102765,0.38702562222102765
773,train-load-0.6-scenario-492,0.6,0.5581681666666666,0.43629125,0.5581681666666666,13.713092981155896,1.3417418014622664,0.6582581985377336,1.0,0.0,1.0,0.0,8,0,8,0,8,6,8,8,0.6747108697891235,0.05,,,,,,,,,,,0.38702562222102765,0.38702562222102765
774,train-load-0.9-scenario-690,0.9,0.8212354166666667,0.8212354166666667,0.541598,9.548778192181492,0.5272534612781108,0.5838576498330004,0.7777777777777778,0.2222222222222222,0.75,0.25,7,2,9,3,12,6,9,7,0.40395867824554443,0.05,,,,,,,,,,,0.38702562222102765,0.38702562222102765
775,train-load-0.7-scenario-690-retry-1,0.7,0.5833333333333334,0.5555555555555556,0.5833333333333334,18.262496923173494,1.6242348634807384,0.37576513651926163,1.0,0.0,1.0,0.0,10,0,10,0,10,6,10,10,0.41215330362319946,0.05,,,,,,,,,,,0.38702562222102765,0.38702562222102765
776,train-load-0.8-scenario-447-retry-1,0.8,0.875,0.875,0.5125,9.513106632006446,0.5343784742249444,0.5767326368861667,0.7777777777777778,0.2222222222222222,0.7777777777777778,0.2222222222222222,7,2,7,2,9,4,9,7,0.38326865434646606,0.05,,,,,,,,,,,0.38702562222102765,0.38702562222102765
777,train-load-0.6-scenario-536,0.6,0.5604607500000001,0.26251796875,0.5604607500000001,13.89543154583941,1.1216501409500084,0.8783498590499917,1.0,0.0,1.0,0.0,9,0,9,0,9,8,9,9,0.43323996663093567,0.05,,,,,,,,,,,0.38702562222102765,0.38702562222102765
778,train-load-0.6-scenario-387-retry-2,0.6,0.55,0.4125,0.55,18.236257527597786,1.38168494096445,0.61831505903555,1.0,0.0,1.0,0.0,11,0,11,0,11,8,11,11,0.632003903388977,0.05,,,,,,,,,,,0.38702562222102765,0.38702562222102765
779,train-load-1.0-scenario-241-retry-10,1.0,1.0,0.5125,1.0,18.014678716421297,0.4352638643767053,0.5647361356232947,0.75,0.25,0.75,0.25,15,5,15,5,20,8,20,15,0.5584507584571838,0.05,,,,,,,,,,,0.38702562222102765,0.38702562222102765
780,train-hard-4gpu-12pod-small,0.375,0.375,0.25,0.375,22.316746824526945,1.875,0.125,1.0,0.0,1.0,0.0,12,0,12,0,12,4,12,12,0.4327651858329773,0.05,,,,,,,,,,,0.38702562222102765,0.38702562222102765
781,train-load-0.6-scenario-715-retry-2,0.6,0.7142857142857143,0.2,0.7142857142857143,16.6380472114061,0.9355586008603772,0.7567490914473152,0.9230769230769231,0.07692307692307693,0.9230769230769231,0.07692307692307693,12,1,12,1,13,7,13,12,0.23777300119400024,0.05,,,,,,,,,,,0.38702562222102765,0.38702562222102765
782,train-load-0.6-scenario-3,0.6,0.56118875,0.238265,0.56118875,6.6088627290667805,1.1933537390156643,0.8066462609843358,1.0,0.0,1.0,0.0,3,0,4,0,4,4,3,3,0.5021200776100159,0.05,,,,,,,,,,,0.38702562222102765,0.38702562222102765
783,train-load-0.6-scenario-55-retry-2,0.6,0.52,0.235,0.52,14.338600406166913,1.2034531170616742,0.7965468829383258,1.0,0.0,1.0,0.0,9,0,9,0,9,5,9,9,0.3765539824962616,0.05,,,,,,,,,,,0.38702562222102765,0.38702562222102765
784,train-load-0.5-scenario-402,0.5,0.4,0.3,0.4,20.333191055015583,1.4714294361818472,0.5285705638181527,1.0,0.0,1.0,0.0,12,0,12,0,12,6,12,12,0.30768781900405884,0.05,,,,,,,,,,,0.38702562222102765,0.38702562222102765
785,train-load-1.0-scenario-556-retry-2,1.0,0.9166666666666666,0.9166666666666666,0.7333333333333333,6.117452848443928,-0.12358090378328046,0.30539908560146223,0.5454545454545454,0.45454545454545453,0.5454545454545454,0.45454545454545453,6,5,6,5,11,6,11,6,0.26159989833831787,0.05,,,,,,,,,,,0.38702562222102765,0.38702562222102765
786,train-hard-8gpu-16pod-1vgpu,0.5,0.5,0.3333333333333333,0.5,24.04554471260682,1.2821351435282102,0.7178648564717898,1.0,0.0,1.0,0.0,16,0,16,0,16,8,16,16,0.31713777780532837,0.05,,,,,,,,,,,0.38702562222102765,0.38702562222102765
787,train-load-0.6-scenario-107-retry-1,0.6,0.5226575,0.5226575,0.46902879999999997,12.121903923045437,1.4760815349472156,0.5239184650527844,1.0,0.0,1.0,0.0,6,0,7,0,7,5,6,6,0.44543707370758057,0.05,,,,,,,,,,,0.38702562222102765,0.38702562222102765
788,train-load-1.0-scenario-632,1.0,0.91636,0.6349511904761905,0.91636,15.816839527818573,0.9004114902379541,0.4842038943774304,0.8461538461538461,0.15384615384615385,0.8,0.2,11,2,12,3,15,7,13,11,0.28050005435943604,0.05,,,,,,,,,,,0.38702562222102765,0.38702562222102765
789,train-load-1.0-scenario-27-retry-1,1.0,1.0833333333333333,1.0833333333333333,1.05,9.47471069448602,0.20930798580936238,0.4573586808573042,0.6666666666666666,0.3333333333333333,0.6666666666666666,0.3333333333333333,8,4,8,4,12,4,12,8,0.5405310392379761,0.05,,,,,,,,,,,0.38702562222102765,0.38702562222102765
790,train-load-1.0-scenario-621-retry-5,1.0,1.1071428571428572,0.23214285714285715,1.1071428571428572,1.327648717427199,-0.7645822496986339,0.7645822496986339,0.5,0.5,0.4666666666666667,0.5333333333333333,5,5,7,8,15,7,10,5,0.492347776889801,0.05,,,,,,,,,,,0.38702562222102765,0.38702562222102765
791,train-load-0.5-scenario-445,0.5,0.48428985714285716,0.2907889285714286,0.48428985714285716,13.176704915809182,1.431178164675921,0.5688218353240789,1.0,0.0,1.0,0.0,7,0,7,0,7,7,7,7,0.3426571786403656,0.05,,,,,,,,,,,0.38702562222102765,0.38702562222102765
792,train-load-1.0-scenario-76-retry-1,1.0,0.9333333333333333,0.7777777777777778,0.9333333333333333,8.197067236792359,-0.12255712283374909,0.40827140854803484,0.5714285714285714,0.42857142857142855,0.5714285714285714,0.42857142857142855,8,6,8,6,14,6,14,8,0.5204354524612427,0.05,,,,,,,,,,,0.38702562222102765,0.38702562222102765
793,train-hard-8gpu-16pod-1vgpu,0.5,0.5,0.3333333333333333,0.5,24.04554471260682,1.2821351435282102,0.7178648564717898,1.0,0.0,1.0,0.0,16,0,16,0,16,8,16,16,0.42872005701065063,0.05,,,,,,,,,,,0.38702562222102765,0.38702562222102765
794,train-load-0.5-scenario-606-retry-1,0.5,0.4,0.32,0.4,14.765542951141274,1.435039158464361,0.5649608415356391,1.0,0.0,1.0,0.0,8,0,8,0,8,5,8,8,0.7134494781494141,0.05,,,,,,,,,,,0.38702562222102765,0.38702562222102765
795,train-load-0.8-scenario-710,0.8,0.8916666666666667,0.4722222222222222,0.8916666666666667,5.862897413472989,0.0295497262062131,0.6371169404604535,0.6666666666666666,0.3333333333333333,0.6666666666666666,0.3333333333333333,6,3,6,3,9,6,9,6,0.40516555309295654,0.05,,,,,,,,,,,0.38702562222102765,0.38702562222102765
796,train-load-0.8-scenario-97-retry-3,0.8,0.73125,0.54375,0.73125,19.175285657947438,1.0806300894082197,0.3860365772584472,0.8666666666666667,0.13333333333333333,0.8666666666666667,0.13333333333333333,13,2,13,2,15,8,15,13,0.35594919323921204,0.05,,,,,,,,,,,0.38702562222102765,0.38702562222102765
797,train-load-0.8-scenario-356,0.8,0.8285714285714286,0.8285714285714286,0.8285714285714286,14.859420825686795,0.6369014943626937,0.2964318389706394,0.7333333333333333,0.26666666666666666,0.7333333333333333,0.26666666666666666,11,4,11,4,15,7,15,11,0.5165108442306519,0.05,,,,,,,,,,,0.38702562222102765,0.38702562222102765
798,train-load-0.9-scenario-366-retry-1,0.9,1.0,1.0,0.8333333333333334,6.7118090658387874,0.04994311048217348,0.3500568895178264,0.6,0.4,0.6,0.4,6,4,6,4,10,6,10,6,0.5034337043762207,0.05,,,,,,,,,,,0.38702562222102765,0.38702562222102765
799,train-load-0.6-scenario-685,0.6,0.5714285714285714,0.5595238095238095,0.5714285714285714,13.858756335972146,1.0085627285205696,0.5914372714794305,0.9,0.1,0.9,0.1,9,1,9,1,10,7,10,9,0.5133922100067139,0.05,,,,,,,,,,,0.38702562222102765,0.38702562222102765
800,train-load-0.5-scenario-97,0.5,0.444653125,0.34375093749999996,0.444653125,12.928603662949826,1.3915501131709285,0.6084498868290715,1.0,0.0,1.0,0.0,7,0,8,0,8,8,7,7,0.406360387802124,0.05,0.36184425610978793,0.5279852964222368,0.7224573881330063,0.2775426118669938,0.7086198555722594,0.29138014442774063,0.36184425610978793,0.6534806715522329,0.2908900504227625,0.71195780253536,0.38702562222102765,0.38702562222102765
801,train-load-1.0-scenario-616-retry-8,1.0,1.0875,0.6625,1.0875,5.577875398519621,0.11844534724247824,0.3815546527575217,0.625,0.375,0.625,0.375,5,3,5,3,8,4,8,5,0.1452431082725525,0.05,,,,,,,,,,,0.38702562222102765,0.38702562222102765
802,train-load-0.5-scenario-86,0.5,0.519193,0.2588121875,0.519193,11.573656360418521,1.3750880924587348,0.6249119075412651,1.0,0.0,1.0,0.0,6,0,8,0,8,8,6,6,0.6079767346382141,0.05,,,,,,,,,,,0.38702562222102765,0.38702562222102765
803,train-load-1.0-scenario-698-retry-5,1.0,1.1,0.45,1.1,9.129634198666151,0.14376410564549025,0.5229025610211764,0.6666666666666666,0.3333333333333333,0.6666666666666666,0.3333333333333333,8,4,8,4,12,4,12,8,0.47909972071647644,0.05,,,,,,,,,,,0.38702562222102765,0.38702562222102765
804,train-load-1.0-scenario-310,1.0,0.9052653333333335,0.7567753472222223,0.9052653333333335,10.161736246436295,0.3169937273490633,0.6830062726509367,0.75,0.25,0.6923076923076923,0.3076923076923077,9,3,9,4,13,6,12,9,0.28899359703063965,0.05,,,,,,,,,,,0.38702562222102765,0.38702562222102765
805,train-load-1.0-scenario-420-retry-1,1.0,0.9494589999999999,0.3776246875,0.9494589999999999,8.770132883778425,0.7789407522933393,0.6496306762780892,0.8571428571428571,0.14285714285714285,0.8571428571428571,0.14285714285714285,6,1,6,1,7,4,7,6,0.2678300738334656,0.05,,,,,,,,,,,0.38702562222102765,0.38702562222102765
806,train-hard-4gpu-4pod-1vgpu,0.25,0.25,0.16666666666666666,0.25,11.544497883017963,1.9166666666666665,0.08333333333333337,1.0,0.0,1.0,0.0,4,0,4,0,4,4,4,4,0.4174835681915283,0.05,,,,,,,,,,,0.38702562222102765,0.38702562222102765
807,train-load-0.7-scenario-470-retry-1,0.7,0.6150806249999999,0.6150806249999999,0.5276265,9.814209903640474,1.0278513400793146,0.9721486599206854,1.0,0.0,1.0,0.0,6,0,7,0,7,4,6,6,0.5502947568893433,0.05,,,,,,,,,,,0.38702562222102765,0.38702562222102765
808,train-load-0.9-scenario-102-retry-2,0.9,0.8285714285714286,0.35714285714285715,0.8285714285714286,23.189268888636153,1.1632425330276697,0.6014633493252715,0.9411764705882353,0.058823529411764705,0.9411764705882353,0.058823529411764705,16,1,16,1,17,7,17,16,0.2300177812576294,0.05,,,,,,,,,,,0.38702562222102765,0.38702562222102765
809,train-load-0.8-scenario-384,0.8,0.6926672857142857,0.4549307142857143,0.6926672857142857,16.450314348161857,1.3626313443480802,0.6373686556519198,1.0,0.0,1.0,0.0,10,0,10,0,10,7,10,10,0.41507938504219055,0.05,,,,,,,,,,,0.38702562222102765,0.38702562222102765
810,train-load-0.5-scenario-44,0.5,0.58047,0.2926328125,0.58047,7.9197347452027556,1.2063379351470718,0.7936620648529282,1.0,0.0,1.0,0.0,4,0,4,0,4,4,4,4,0.429808109998703,0.05,,,,,,,,,,,0.38702562222102765,0.38702562222102765
811,train-load-0.8-scenario-70-retry-5,0.8,0.76,0.19,0.76,27.421546176941227,1.2647733239822754,0.7352266760177246,1.0,0.0,1.0,0.0,19,0,19,0,19,5,19,19,0.41541603207588196,0.05,,,,,,,,,,,0.38702562222102765,0.38702562222102765
812,train-load-0.6-scenario-315,0.6,0.554471130952381,0.554471130952381,0.4424922857142857,13.109688431543265,1.210074881876059,0.7899251181239412,1.0,0.0,1.0,0.0,8,0,9,0,9,7,8,8,0.6311321258544922,0.05,,,,,,,,,,,0.38702562222102765,0.38702562222102765
813,train-load-1.0-scenario-447-retry-4,1.0,1.1142857142857143,1.1142857142857143,0.9714285714285714,12.996233626752012,0.6225280037749233,0.45439507314815364,0.7692307692307693,0.23076923076923078,0.6470588235294118,0.35294117647058826,10,3,11,6,17,7,13,10,0.4581550061702728,0.05,,,,,,,,,,,0.38702562222102765,0.38702562222102765
814,train-load-0.7-scenario-79,0.7,0.627264375,0.48091046875,0.627264375,17.755364416368693,1.3434272627783423,0.6565727372216575,1.0,0.0,1.0,0.0,11,0,12,0,12,8,11,11,0.15969231724739075,0.05,,,,,,,,,,,0.38702562222102765,0.38702562222102765
815,train-load-0.5-scenario-61,0.5,0.4509381666666667,0.4355895833333333,0.4509381666666667,11.7780394207495,1.3703923960679356,0.6296076039320643,1.0,0.0,1.0,0.0,6,0,7,0,7,6,6,6,0.3754313588142395,0.05,,,,,,,,,,,0.38702562222102765,0.38702562222102765
816,train-load-1.0-scenario-256-retry-2,1.0,1.1111111111111112,1.1111111111111112,0.3333333333333333,4.374748753924222,-0.29387480542429234,0.6938748054242923,0.6,0.4,0.6,0.4,6,4,6,4,10,6,10,6,0.38705122470855713,0.05,,,,,,,,,,,0.38702562222102765,0.38702562222102765
817,train-load-0.7-scenario-603,0.7,0.665458,0.3062654166666666,0.665458,10.25554677471402,1.3773644189366623,0.6226355810633376,1.0,0.0,1.0,0.0,5,0,6,0,6,5,5,5,0.6436036229133606,0.05,,,,,,,,,,,0.38702562222102765,0.38702562222102765
818,train-load-0.5-scenario-243-retry-2,0.5,0.4,0.3,0.4,25.361790195003035,1.457702318297342,0.542297681702658,1.0,0.0,1.0,0.0,16,0,16,0,16,8,16,16,0.3154803514480591,0.05,,,,,,,,,,,0.38702562222102765,0.38702562222102765
819,train-hard-4gpu-12pod-small,0.375,0.375,0.25,0.375,22.316746824526945,1.875,0.125,1.0,0.0,1.0,0.0,12,0,12,0,12,4,12,12,0.3171948194503784,0.05,,,,,,,,,,,0.38702562222102765,0.38702562222102765
820,train-load-0.8-scenario-11,0.8,0.6937190000000001,0.34016874999999996,0.6937190000000001,8.339839030400135,1.275713256891117,0.7242867431088831,1.0,0.0,1.0,0.0,4,0,5,0,5,4,4,4,0.15744152665138245,0.05,,,,,,,,,,,0.38702562222102765,0.38702562222102765
821,train-load-0.9-scenario-84-retry-1,0.9,1.0,0.2642857142857143,1.0,5.088282755809197,-0.13150319650407727,0.7981698631707439,0.6666666666666666,0.3333333333333333,0.5384615384615384,0.46153846153846156,6,3,7,6,13,7,9,6,0.3238036334514618,0.05,,,,,,,,,,,0.38702562222102765,0.38702562222102765
822,train-load-0.8-scenario-265,0.8,0.7873075,0.603281875,0.7873075,12.725563781336007,0.8900899093123114,0.7099100906876887,0.9,0.1,0.8181818181818182,0.18181818181818182,9,1,9,2,11,6,10,9,0.35452505946159363,0.05,,,,,,,,,,,0.38702562222102765,0.38702562222102765
823,train-load-1.0-scenario-207-retry-1,1.0,0.9124694,0.6162765,0.9124694,6.9624907850521645,0.20635464560667838,0.46031202105998825,0.6666666666666666,0.3333333333333333,0.6,0.4,6,3,6,4,10,5,9,6,0.3652380704879761,0.05,,,,,,,,,,,0.38702562222102765,0.38702562222102765
824,train-load-0.8-scenario-174,0.8,0.747148,0.4771465,0.747148,7.597223794617537,0.6901733287007537,0.6431600046325797,0.8333333333333334,0.16666666666666666,0.8571428571428571,0.14285714285714285,5,1,6,1,7,5,6,5,0.3457897901535034,0.05,,,,,,,,,,,0.38702562222102765,0.38702562222102765
825,train-load-0.8-scenario-282,0.8,0.84,0.72,0.84,7.987870533618954,0.43092036477216733,0.5690796352278327,0.75,0.25,0.7,0.3,6,2,7,3,10,5,8,6,0.4158666431903839,0.05,,,,,,,,,,,0.38702562222102765,0.38702562222102765
826,train-load-1.0-scenario-670-retry-1,1.0,0.8890131250000001,0.5697083333333334,0.8890131250000001,11.830282380185277,0.20351146527848218,0.729821868054851,0.7333333333333333,0.26666666666666666,0.7333333333333333,0.26666666666666666,11,4,11,4,15,8,15,11,0.2954294681549072,0.05,,,,,,,,,,,0.38702562222102765,0.38702562222102765
827,train-load-0.7-scenario-278-retry-1,0.7,0.8,0.5,0.8,14.604736341052313,1.1275957364324654,0.4724042635675348,0.9,0.1,0.9,0.1,9,1,9,1,10,5,10,9,0.5033949613571167,0.05,,,,,,,,,,,0.38702562222102765,0.38702562222102765
828,train-load-0.8-scenario-141,0.8,0.9,0.125,0.9,5.017439736682203,-0.10589945728427608,0.7725661239509427,0.6666666666666666,0.3333333333333333,0.6666666666666666,0.3333333333333333,6,3,6,3,9,6,9,6,0.36393722891807556,0.05,,,,,,,,,,,0.38702562222102765,0.38702562222102765
829,train-load-1.0-scenario-149,1.0,0.914625875,0.74345640625,0.914625875,19.251022440048498,0.8391236676877312,0.4549939793710921,0.8235294117647058,0.17647058823529413,0.7368421052631579,0.2631578947368421,14,3,14,5,19,8,17,14,0.2859768271446228,0.05,,,,,,,,,,,0.38702562222102765,0.38702562222102765
830,train-load-0.8-scenario-326,0.8,0.704580875,0.6658165625000001,0.704580875,18.888231860792295,1.0958731513182525,0.6184125629674619,0.9285714285714286,0.07142857142857142,0.8666666666666667,0.13333333333333333,13,1,13,2,15,8,14,13,0.4485042095184326,0.05,,,,,,,,,,,0.38702562222102765,0.38702562222102765
831,train-load-0.8-scenario-658-retry-1,0.8,0.8857142857142857,0.6142857142857143,0.8857142857142857,12.878364729983712,0.7887853091194165,0.48394196360785635,0.8181818181818182,0.18181818181818182,0.75,0.25,9,2,12,4,16,7,11,9,0.5060537457466125,0.05,,,,,,,,,,,0.38702562222102765,0.38702562222102765
832,train-load-0.5-scenario-651-retry-4,0.5,0.45,0.16666666666666666,0.45,14.89278066660341,1.5066592023935286,0.4933407976064714,1.0,0.0,1.0,0.0,8,0,8,0,8,4,8,8,0.32802820205688477,0.05,,,,,,,,,,,0.38702562222102765,0.38702562222102765
833,train-load-0.8-scenario-625,0.8,0.78296,0.5458791666666667,0.78296,14.799916270400656,1.0082790267588384,0.628084609604798,0.9090909090909091,0.09090909090909091,0.8333333333333334,0.16666666666666666,10,1,10,2,12,7,11,10,0.3137628436088562,0.05,,,,,,,,,,,0.38702562222102765,0.38702562222102765
834,train-load-0.5-scenario-554,0.5,0.42857142857142855,0.21428571428571427,0.42857142857142855,23.233050319931802,1.3354723175139664,0.6645276824860336,1.0,0.0,1.0,0.0,15,0,15,0,15,7,15,15,0.5473108291625977,0.05,,,,,,,,,,,0.38702562222102765,0.38702562222102765
835,train-load-0.5-scenario-238,0.5,0.42,0.42,0.28,23.247362244731136,1.4728483479948675,0.5271516520051324,1.0,0.0,1.0,0.0,14,0,14,0,14,5,14,14,0.3811197876930237,0.05,,,,,,,,,,,0.38702562222102765,0.38702562222102765
836,train-hard-4gpu-12pod-small,0.375,0.375,0.25,0.375,22.316746824526945,1.875,0.125,1.0,0.0,1.0,0.0,12,0,12,0,12,4,12,12,0.2330722212791443,0.05,,,,,,,,,,,0.38702562222102765,0.38702562222102765
837,train-load-0.5-scenario-419,0.5,0.47365199999999996,0.42420875,0.47365199999999996,10.653920126746739,1.413931476204987,0.586068523795013,1.0,0.0,1.0,0.0,5,0,7,0,7,6,5,5,0.45789748430252075,0.05,,,,,,,,,,,0.38702562222102765,0.38702562222102765
838,train-load-1.0-scenario-179-retry-15,1.0,1.1,0.43333333333333335,1.1,12.721334327238463,0.4071505145978948,0.735706628259248,0.7857142857142857,0.21428571428571427,0.7857142857142857,0.21428571428571427,11,3,11,3,14,6,14,11,0.20106039941310883,0.05,,,,,,,,,,,0.38702562222102765,0.38702562222102765
839,train-load-0.6-scenario-418,0.6,0.5167841666666666,0.4790006944444445,0.5167841666666666,13.298477574636166,1.2691381006499265,0.7308618993500735,1.0,0.0,1.0,0.0,8,0,8,0,8,6,8,8,0.3378543555736542,0.05,,,,,,,,,,,0.38702562222102765,0.38702562222102765
840,train-load-0.5-scenario-251-retry-2,0.5,0.5,0.5,0.5,24.180755437433522,1.4678587041070443,0.5321412958929556,1.0,0.0,1.0,0.0,15,0,15,0,15,6,15,15,0.3943943977355957,0.05,,,,,,,,,,,0.38702562222102765,0.38702562222102765
841,train-load-0.6-scenario-277,0.6,0.6111111111111112,0.6111111111111112,0.5666666666666667,12.267014094130467,1.1055390890938424,0.3944609109061576,0.875,0.125,0.7777777777777778,0.2222222222222222,7,1,7,2,9,6,8,7,0.15830913186073303,0.05,,,,,,,,,,,0.38702562222102765,0.38702562222102765
842,train-load-0.6-scenario-736,0.6,0.553068,0.2536475,0.553068,6.301828682307933,0.9279182449851393,1.0720817550148607,1.0,0.0,1.0,0.0,4,0,5,0,5,5,4,4,0.49362167716026306,0.05,,,,,,,,,,,0.38702562222102765,0.38702562222102765
843,train-load-0.9-scenario-256,0.9,0.912078875,0.4720598958333333,0.912078875,18.092728923020548,1.144710141627531,0.5475975506801616,0.9230769230769231,0.07692307692307693,0.8571428571428571,0.14285714285714285,12,1,12,2,14,8,13,12,0.3732655644416809,0.05,,,,,,,,,,,0.38702562222102765,0.38702562222102765
844,train-load-0.6-scenario-200-retry-5,0.6,0.6666666666666666,0.6666666666666666,0.26666666666666666,7.99311971177734,0.44741263514456264,0.5525873648554374,0.75,0.25,0.75,0.25,6,2,6,2,8,6,8,6,0.6165823340415955,0.05,,,,,,,,,,,0.38702562222102765,0.38702562222102765
845,train-load-0.7-scenario-102,0.7,0.8,0.5166666666666667,0.8,11.866570681671021,1.090392701790321,0.409607298209679,0.875,0.125,0.8,0.2,7,1,8,2,10,5,8,7,0.5448678731918335,0.05,,,,,,,,,,,0.38702562222102765,0.38702562222102765
846,train-load-0.8-scenario-53-retry-5,0.8,0.6875,0.11458333333333333,0.6875,16.45178905502005,1.1725882026703662,0.8274117973296338,1.0,0.0,1.0,0.0,11,0,11,0,11,4,11,11,0.5855022668838501,0.05,,,,,,,,,,,0.38702562222102765,0.38702562222102765
847,train-load-0.8-scenario-392,0.8,0.7,0.7,0.4375,15.703039895012848,0.953834889545843,0.7128317771208237,0.9166666666666666,0.08333333333333333,0.8571428571428571,0.14285714285714285,11,1,12,2,14,8,12,11,0.49667292833328247,0.05,,,,,,,,,,,0.38702562222102765,0.38702562222102765
848,train-load-0.7-scenario-1,0.7,0.7796215,0.5940046875,0.7796215,6.019516114871771,0.281290452281696,0.5758524048611612,0.7142857142857143,0.2857142857142857,0.7142857142857143,0.2857142857142857,5,2,5,2,7,4,7,5,0.4739179015159607,0.05,,,,,,,,,,,0.38702562222102765,0.38702562222102765
849,train-load-0.6-scenario-437,0.6,0.5621744,0.3545785,0.5621744,11.839016312074506,1.3981638330640698,0.6018361669359302,1.0,0.0,1.0,0.0,6,0,6,0,6,5,6,6,0.42833441495895386,0.05,,,,,,,,,,,0.38702562222102765,0.38702562222102765
850,train-load-0.6-scenario-109-retry-4,0.6,0.6714285714285714,0.6714285714285714,0.36428571428571427,23.7812380396759,1.4522093229707742,0.5477906770292258,1.0,0.0,1.0,0.0,15,0,15,0,15,7,15,15,0.3843148350715637,0.05,,,,,,,,,,,0.38702562222102765,0.38702562222102765
851,train-load-0.7-scenario-100,0.7,0.597954,0.5778465625,0.597954,6.417889873772191,0.541988480763774,0.7913448525695593,0.8333333333333334,0.16666666666666666,0.7142857142857143,0.2857142857142857,5,1,5,2,7,4,6,5,0.3806684613227844,0.05,,,,,,,,,,,0.38702562222102765,0.38702562222102765
852,train-load-1.0-scenario-175-retry-2,1.0,1.08,1.08,1.08,4.90649512466631,-0.17551092797127232,0.3977331501934946,0.5555555555555556,0.4444444444444444,0.4166666666666667,0.5833333333333334,5,4,5,7,12,5,9,5,0.3606437146663666,0.05,,,,,,,,,,,0.38702562222102765,0.38702562222102765
853,train-load-0.9-scenario-20,0.9,0.8319698,0.541607,0.8319698,9.87945327083077,0.8024719973810543,0.6975280026189457,0.875,0.125,0.8888888888888888,0.1111111111111111,7,1,8,1,9,5,8,7,0.4672646224498749,0.05,,,,,,,,,,,0.38702562222102765,0.38702562222102765
854,train-load-0.6-scenario-7,0.6,0.6105840625,0.6105840625,0.443069,8.80795744954575,1.1016686839826084,0.8983313160173916,1.0,0.0,1.0,0.0,5,0,6,0,6,4,5,5,0.21860915422439575,0.05,,,,,,,,,,,0.38702562222102765,0.38702562222102765
855,train-load-1.0-scenario-290,1.0,0.884559,0.6157390625,0.884559,5.500385665465651,0.23964456961774738,0.6174982875251098,0.7142857142857143,0.2857142857142857,0.625,0.375,5,2,5,3,8,4,7,5,0.6020217537879944,0.05,,,,,,,,,,,0.38702562222102765,0.38702562222102765
856,train-load-0.9-scenario-567-retry-1,0.9,1.0,1.0,0.5,2.1848092969321193,-0.4949890768356211,0.49498907683562116,0.5,0.5,0.5,0.5,4,4,8,8,16,8,8,4,0.4453551471233368,0.05,,,,,,,,,,,0.38702562222102765,0.38702562222102765
857,train-load-0.8-scenario-153,0.8,0.9,0.5625,0.9,6.847775794258915,0.11964566289873346,0.5470210037679332,0.6666666666666666,0.3333333333333333,0.6666666666666666,0.3333333333333333,6,3,6,3,9,4,9,6,0.39266711473464966,0.05,,,,,,,,,,,0.38702562222102765,0.38702562222102765
858,train-load-0.7-scenario-12,0.7,0.6015752,0.5944404999999999,0.6015752,7.914825398799207,0.632691844904261,0.7958795836671675,0.8571428571428571,0.14285714285714285,0.875,0.125,6,1,7,1,8,5,7,6,0.34873807430267334,0.05,,,,,,,,,,,0.38702562222102765,0.38702562222102765
859,train-load-0.9-scenario-301-retry-5,0.9,1.0,1.0,0.9333333333333333,3.768098401654493,-0.43801890396703635,0.8380189039670363,0.6,0.4,0.5714285714285714,0.42857142857142855,6,4,8,6,14,6,10,6,0.4677242040634155,0.05,,,,,,,,,,,0.38702562222102765,0.38702562222102765
860,train-load-0.6-scenario-586,0.6,0.5,0.25,0.5,30.233831101606057,1.4166429876192508,0.5833570123807493,1.0,0.0,1.0,0.0,20,0,20,0,20,6,20,20,0.4455493688583374,0.05,,,,,,,,,,,0.38702562222102765,0.38702562222102765
861,train-load-0.5-scenario-8-retry-1,0.5,0.575,0.4583333333333333,0.575,11.287459489940703,0.9743465665942486,0.5256534334057514,0.875,0.125,0.7777777777777778,0.2222222222222222,7,1,7,2,9,8,8,7,0.14486023783683777,0.05,,,,,,,,,,,0.38702562222102765,0.38702562222102765
862,train-load-0.8-scenario-251,0.8,0.7751941666666666,0.5299944444444444,0.7751941666666666,9.692802050844174,0.4222474945025214,0.7777525054974787,0.8,0.2,0.8,0.2,8,2,8,2,10,6,10,8,0.15839365124702454,0.05,,,,,,,,,,,0.38702562222102765,0.38702562222102765
863,train-load-0.6-scenario-610-retry-3,0.6,0.5,0.5,0.5,24.325121469629813,1.446904846190042,0.5530951538099581,1.0,0.0,1.0,0.0,15,0,15,0,15,6,15,15,0.28189796209335327,0.05,,,,,,,,,,,0.38702562222102765,0.38702562222102765
864,train-load-0.8-scenario-89-retry-1,0.8,0.6857142857142857,0.2857142857142857,0.6857142857142857,16.23970402996054,1.0359689363062732,0.6306977303603933,0.9166666666666666,0.08333333333333333,0.9166666666666666,0.08333333333333333,11,1,11,1,12,7,12,11,0.5521305799484253,0.05,,,,,,,,,,,0.38702562222102765,0.38702562222102765
865,train-load-1.0-scenario-194,1.0,1.05,0.6,1.05,8.925281506240342,0.5783822245171564,0.42161777548284374,0.75,0.25,0.6666666666666666,0.3333333333333333,6,2,8,4,12,4,8,6,0.4049123525619507,0.05,,,,,,,,,,,0.38702562222102765,0.38702562222102765
866,train-load-0.8-scenario-708,0.8,0.75,0.375,0.75,20.886783963858655,1.194768684264024,0.5385646490693093,0.9333333333333333,0.06666666666666667,0.9333333333333333,0.06666666666666667,14,1,14,1,15,4,15,14,0.40184199810028076,0.05,,,,,,,,,,,0.38702562222102765,0.38702562222102765
867,train-load-1.0-scenario-496,1.0,1.01056075,0.678005,1.01056075,8.854584033644382,0.5444184800264356,0.5666926310846756,0.7777777777777778,0.2222222222222222,0.7777777777777778,0.2222222222222222,7,2,7,2,9,4,9,7,0.3542484641075134,0.05,,,,,,,,,,,0.38702562222102765,0.38702562222102765
868,train-load-1.0-scenario-393,1.0,0.8948748333333333,0.8704902777777778,0.8948748333333333,16.828668042851625,0.8815048951358283,0.31849510486417176,0.8,0.2,0.8,0.2,12,3,12,3,15,6,15,12,0.33128297328948975,0.05,,,,,,,,,,,0.38702562222102765,0.38702562222102765
869,train-load-0.6-scenario-533,0.6,0.5,0.3,0.5,24.62775099671574,1.3704673720115081,0.6295326279884919,1.0,0.0,1.0,0.0,16,0,16,0,16,8,16,16,0.41875284910202026,0.05,,,,,,,,,,,0.38702562222102765,0.38702562222102765
870,train-load-0.7-scenario-575,0.7,0.69379075,0.5644322916666666,0.69379075,10.104433802501335,0.9329335585660251,0.4956378700054035,0.8571428571428571,0.14285714285714285,0.8571428571428571,0.14285714285714285,6,1,6,1,7,4,7,6,0.4380180239677429,0.05,,,,,,,,,,,0.38702562222102765,0.38702562222102765
871,train-load-1.0-scenario-296-retry-1,1.0,0.9305093750000001,0.9305093750000001,0.8989597500000001,6.04610023931294,0.17891530346842188,0.8210846965315781,0.75,0.25,0.6,0.4,6,2,6,4,10,4,8,6,0.5291950106620789,0.05,,,,,,,,,,,0.38702562222102765,0.38702562222102765
872,train-load-0.8-scenario-166,0.8,0.9166666666666666,0.9166666666666666,0.55,7.355713091617499,0.00892227442420146,0.536532271030344,0.6363636363636364,0.36363636363636365,0.6363636363636364,0.36363636363636365,7,4,7,4,11,8,11,7,0.5334373712539673,0.05,,,,,,,,,,,0.38702562222102765,0.38702562222102765
873,train-load-0.6-scenario-155,0.6,0.5178200000000001,0.31527333333333335,0.5178200000000001,9.970633840585787,1.150702013577724,0.849297986422276,1.0,0.0,1.0,0.0,6,0,6,0,6,6,6,6,0.5045472383499146,0.05,,,,,,,,,,,0.38702562222102765,0.38702562222102765
874,train-load-0.8-scenario-188-retry-1,0.8,0.6833333333333333,0.6833333333333333,0.65,18.031094721647886,1.439583144936837,0.560416855063163,1.0,0.0,1.0,0.0,11,0,18,0,18,6,11,11,0.262669175863266,0.05,,,,,,,,,,,0.38702562222102765,0.38702562222102765
875,train-load-0.6-scenario-481,0.6,0.4895833333333333,0.4895833333333333,0.45,15.243717819513527,1.3368121205513703,0.6631878794486297,1.0,0.0,1.0,0.0,9,0,9,0,9,8,9,9,0.3089682459831238,0.05,,,,,,,,,,,0.38702562222102765,0.38702562222102765
876,train-load-0.5-scenario-228-retry-2,0.5,0.5571428571428572,0.35714285714285715,0.5571428571428572,12.502393250638857,1.1539914613748472,0.8460085386251528,1.0,0.0,1.0,0.0,8,0,8,0,8,7,8,8,0.4953652024269104,0.05,,,,,,,,,,,0.38702562222102765,0.38702562222102765
877,train-load-0.6-scenario-150,0.6,0.5765805,0.3247925,0.5765805,9.889164955497932,1.3234026003658885,0.6765973996341115,1.0,0.0,1.0,0.0,5,0,7,0,7,6,5,5,0.39100635051727295,0.05,,,,,,,,,,,0.38702562222102765,0.38702562222102765
878,train-load-1.0-scenario-585-retry-4,1.0,1.0,0.6666666666666666,1.0,18.682876470931024,0.2588609269142006,0.40780573975246603,0.6666666666666666,0.3333333333333333,0.6666666666666666,0.3333333333333333,16,8,16,8,24,6,24,16,0.11417832970619202,0.05,,,,,,,,,,,0.38702562222102765,0.38702562222102765
879,train-load-0.5-scenario-689-retry-4,0.5,0.5952380952380952,0.5952380952380952,0.4,12.368284110922566,0.7582145328494647,0.8417854671505354,0.9,0.1,0.9,0.1,9,1,9,1,10,7,10,9,0.4282688796520233,0.05,,,,,,,,,,,0.38702562222102765,0.38702562222102765
880,train-load-0.5-scenario-514,0.5,0.6,0.08333333333333333,0.6,13.250915577806246,1.2943704930730022,0.7056295069269978,1.0,0.0,1.0,0.0,8,0,8,0,8,8,8,8,0.47333019971847534,0.05,,,,,,,,,,,0.38702562222102765,0.38702562222102765
881,train-load-0.8-scenario-499,0.8,0.8695512857142856,0.6126916666666666,0.8695512857142856,15.08547303176477,1.0522103088937556,0.5841533274698807,0.9090909090909091,0.09090909090909091,0.8333333333333334,0.16666666666666666,10,1,10,2,12,7,11,10,0.41831251978874207,0.05,,,,,,,,,,,0.38702562222102765,0.38702562222102765
882,train-load-0.6-scenario-585,0.6,0.4857142857142857,0.10119047619047619,0.4857142857142857,25.270982545091854,1.2760358482004241,0.7239641517995759,1.0,0.0,1.0,0.0,17,0,17,0,17,7,17,17,0.16029171645641327,0.05,,,,,,,,,,,0.38702562222102765,0.38702562222102765
883,train-load-0.5-scenario-585,0.5,0.46875133333333335,0.4016341666666667,0.46875133333333335,10.562876128293027,1.2173856512697872,0.7826143487302128,1.0,0.0,1.0,0.0,6,0,7,0,7,6,6,6,0.3410013020038605,0.05,,,,,,,,,,,0.38702562222102765,0.38702562222102765
884,train-load-1.0-scenario-569,1.0,0.9049917857142857,0.9049917857142857,0.8142097142857143,13.93281204765804,0.5755166779589953,0.5673404648981475,0.7857142857142857,0.21428571428571427,0.75,0.25,11,3,12,4,16,7,14,11,0.3128548264503479,0.05,,,,,,,,,,,0.38702562222102765,0.38702562222102765
885,train-load-0.7-scenario-380-retry-1,0.7,0.7916666666666666,0.5,0.7916666666666666,8.881122395904425,0.3752934728386943,0.42470652716130564,0.7,0.3,0.7,0.3,7,3,7,3,10,6,10,7,0.27259954810142517,0.05,,,,,,,,,,,0.38702562222102765,0.38702562222102765
886,train-load-0.7-scenario-659-retry-2,0.7,0.7785714285714286,0.6285714285714286,0.7785714285714286,14.06270087218594,1.0670145469265564,0.5329854530734437,0.9,0.1,0.8571428571428571,0.14285714285714285,9,1,12,2,14,7,10,9,0.20944485068321228,0.05,,,,,,,,,,,0.38702562222102765,0.38702562222102765
887,train-load-0.6-scenario-594,0.6,0.538271,0.29285989583333333,0.538271,7.533709079113854,1.1624596077611284,0.8375403922388716,1.0,0.0,1.0,0.0,4,0,4,0,4,4,4,4,0.3984910845756531,0.05,,,,,,,,,,,0.38702562222102765,0.38702562222102765
888,train-load-0.7-scenario-53,0.7,0.6534645714285715,0.45354285714285714,0.6534645714285715,15.550942884174622,1.2043270020572514,0.7956729979427487,1.0,0.0,1.0,0.0,10,0,10,0,10,7,10,10,0.27931341528892517,0.05,,,,,,,,,,,0.38702562222102765,0.38702562222102765
889,train-load-1.0-scenario-347-retry-7,1.0,1.1,1.1,0.8,8.701586691135697,0.35220698053313704,0.4477930194668629,0.7,0.3,0.625,0.375,7,3,10,6,16,8,10,7,0.2735840082168579,0.05,,,,,,,,,,,0.38702562222102765,0.38702562222102765
890,train-load-1.0-scenario-295-retry-13,1.0,1.0285714285714285,0.6285714285714286,1.0285714285714285,8.132029182618997,-0.007315102519746319,0.673981769186413,0.6666666666666666,0.3333333333333333,0.6666666666666666,0.3333333333333333,8,4,8,4,12,7,12,8,0.19918924570083618,0.05,,,,,,,,,,,0.38702562222102765,0.38702562222102765
891,train-load-0.9-scenario-726-retry-6,0.9,0.9857142857142858,0.9285714285714286,0.9857142857142858,9.647034720569117,0.029560649407678108,0.3704393505923218,0.6,0.4,0.6,0.4,9,6,9,6,15,7,15,9,0.30464059114456177,0.05,,,,,,,,,,,0.38702562222102765,0.38702562222102765
892,train-load-0.9-scenario-468-retry-1,0.9,0.8631496,0.7788933333333333,0.8631496,9.030766985170091,0.46912479761382286,0.6419863134972883,0.7777777777777778,0.2222222222222222,0.6363636363636364,0.36363636363636365,7,2,7,4,11,5,9,7,0.3583972156047821,0.05,,,,,,,,,,,0.38702562222102765,0.38702562222102765
893,train-load-0.9-scenario-657-retry-8,0.9,1.0125,0.675,1.0125,5.826447803978855,0.11563385464552067,0.8843661453544793,0.75,0.25,0.75,0.25,6,2,6,2,8,4,8,6,0.4435276985168457,0.05,,,,,,,,,,,0.38702562222102765,0.38702562222102765
894,train-load-1.0-scenario-630-retry-1,1.0,0.9022922,0.8943717499999999,0.9022922,12.154804666583875,0.5842144286420321,0.41578557135796795,0.75,0.25,0.6923076923076923,0.3076923076923077,9,3,9,4,13,5,12,9,0.2883780598640442,0.05,,,,,,,,,,,0.38702562222102765,0.38702562222102765
895,train-hard-4gpu-4pod-2vgpu,0.25,0.25,0.16666666666666666,0.25,11.616666666666667,1.9166666666666665,0.08333333333333337,1.0,0.0,1.0,0.0,4,0,8,0,8,4,4,4,0.2225075215101242,0.05,,,,,,,,,,,0.38702562222102765,0.38702562222102765
896,train-load-0.5-scenario-731,0.5,0.612293,0.26490125,0.612293,7.530846527962105,1.1888414510999221,0.8111585489000779,1.0,0.0,1.0,0.0,4,0,4,0,4,4,4,4,0.3427751064300537,0.05,,,,,,,,,,,0.38702562222102765,0.38702562222102765
897,train-load-1.0-scenario-308-retry-6,1.0,1.1,0.15,1.1,4.964272135206084,-0.5811635131463773,0.5811635131463773,0.5,0.5,0.5,0.5,7,7,7,7,14,7,14,7,0.18058162927627563,0.05,,,,,,,,,,,0.38702562222102765,0.38702562222102765
898,train-load-0.8-scenario-476-retry-3,0.8,0.8571428571428571,0.2571428571428571,0.8571428571428571,6.767551450416885,0.31019333472136756,0.6898066652786324,0.75,0.25,0.75,0.25,6,2,6,2,8,7,8,6,0.4505957365036011,0.05,,,,,,,,,,,0.38702562222102765,0.38702562222102765
899,train-load-0.5-scenario-36-retry-3,0.5,0.6,0.20714285714285716,0.6,17.630143139326382,1.30081149715653,0.6991885028434699,1.0,0.0,1.0,0.0,11,0,11,0,11,7,11,11,0.37090134620666504,0.05,,,,,,,,,,,0.38702562222102765,0.38702562222102765
900,train-load-0.8-scenario-245,0.8,0.7621849999999999,0.44750187500000005,0.7621849999999999,15.97247667974565,1.0334996210050673,0.6331670456615992,0.9166666666666666,0.08333333333333333,0.8461538461538461,0.15384615384615385,11,1,11,2,13,8,12,11,0.3694344162940979,0.05,0.3491175215469576,0.546168688898364,0.7238215526113304,0.2761784473886696,0.709561110975848,0.29043888902415216,0.3491175215469576,0.6291719656250828,0.2969125971010553,0.6960399481549863,0.38702562222102765,0.38702562222102765
901,train-load-0.7-scenario-39,0.7,0.8,0.8,0.64,6.182218397549221,0.16940867619402789,0.3305913238059721,0.625,0.375,0.625,0.375,5,3,5,3,8,5,8,5,0.48730140924453735,0.05,,,,,,,,,,,0.38702562222102765,0.38702562222102765
902,train-load-1.0-scenario-748,1.0,0.9474654,0.7513216666666668,0.9474654,12.79867500014253,0.8036406843017915,0.4690865884254813,0.8181818181818182,0.18181818181818182,0.8181818181818182,0.18181818181818182,9,2,9,2,11,5,11,9,0.292337030172348,0.05,,,,,,,,,,,0.38702562222102765,0.38702562222102765
903,train-load-0.5-scenario-392-retry-4,0.5,0.6,0.6,0.2,13.908658069813647,1.3722664149996573,0.6277335850003427,1.0,0.0,1.0,0.0,8,0,8,0,8,8,8,8,0.11330059170722961,0.05,,,,,,,,,,,0.38702562222102765,0.38702562222102765
904,train-load-1.0-scenario-265,1.0,0.9148668333333334,0.6226797916666666,0.9148668333333334,9.81169405178581,0.26062289766514946,0.7393771023348505,0.75,0.25,0.6923076923076923,0.3076923076923077,9,3,9,4,13,6,12,9,0.17609120905399323,0.05,,,,,,,,,,,0.38702562222102765,0.38702562222102765
905,train-load-0.5-scenario-483,0.5,0.40625,0.06770833333333333,0.40625,21.504917701159215,1.4308159539832466,0.5691840460167533,1.0,0.0,1.0,0.0,13,0,13,0,13,8,13,13,0.3089311420917511,0.05,,,,,,,,,,,0.38702562222102765,0.38702562222102765
906,train-load-0.5-scenario-47-retry-2,0.5,0.43125,0.3,0.43125,23.26662868437326,1.3276022141512476,0.6723977858487524,1.0,0.0,1.0,0.0,15,0,15,0,15,8,15,15,0.43867480754852295,0.05,,,,,,,,,,,0.38702562222102765,0.38702562222102765
907,train-load-0.9-scenario-548,0.9,0.8049395833333333,0.8049395833333333,0.5549492500000001,11.93880724187166,1.0750312663421506,0.4249687336578493,0.875,0.125,0.875,0.125,7,1,7,1,8,4,8,7,0.3729149103164673,0.05,,,,,,,,,,,0.38702562222102765,0.38702562222102765
908,train-load-0.9-scenario-415-retry-3,0.9,0.88125,0.459375,0.88125,4.928254922628845,-0.11451934290459154,0.7811860095712582,0.6666666666666666,0.3333333333333333,0.6,0.4,6,3,9,6,15,8,9,6,0.4104360342025757,0.05,,,,,,,,,,,0.38702562222102765,0.38702562222102765
909,train-load-0.8-scenario-425-retry-2,0.8,0.9,0.625,0.9,9.214595443594291,0.4754413718581453,0.32455862814185465,0.7,0.3,0.7,0.3,7,3,7,3,10,4,10,7,0.1282283365726471,0.05,,,,,,,,,,,0.38702562222102765,0.38702562222102765
910,train-load-1.0-scenario-298-retry-2,1.0,1.0857142857142856,0.2976190476190476,1.0857142857142856,-1.5393555489961743,-1.3214748102731453,0.5214748102731454,0.3,0.7,0.3,0.7,3,7,3,7,10,7,10,3,0.22583281993865967,0.05,,,,,,,,,,,0.38702562222102765,0.38702562222102765
911,train-load-1.0-scenario-441-retry-1,1.0,0.919086375,0.5102290625,0.919086375,11.70387149103631,0.6215261397938912,0.6512011329333817,0.8181818181818182,0.18181818181818182,0.7857142857142857,0.21428571428571427,9,2,11,3,14,8,11,9,0.325952410697937,0.05,,,,,,,,,,,0.38702562222102765,0.38702562222102765
912,train-load-1.0-scenario-365-retry-2,1.0,1.1,1.1,0.18333333333333332,3.8272041855414503,-0.48963977189977537,0.6714579537179571,0.5454545454545454,0.45454545454545453,0.5454545454545454,0.45454545454545453,6,5,6,5,11,6,11,6,0.25899940729141235,0.05,,,,,,,,,,,0.38702562222102765,0.38702562222102765
913,train-load-0.5-scenario-521-retry-4,0.5,0.5714285714285714,0.5714285714285714,0.2857142857142857,11.574723390280697,1.0276850943940754,0.47231490560592465,0.875,0.125,0.875,0.125,7,1,7,1,8,7,8,7,0.41772159934043884,0.05,,,,,,,,,,,0.38702562222102765,0.38702562222102765
914,train-load-0.7-scenario-162-retry-1,0.7,0.8,0.52,0.8,11.261788887047054,0.9867030953382683,0.5132969046617317,0.875,0.125,0.875,0.125,7,1,7,1,8,5,8,7,0.2634504437446594,0.05,,,,,,,,,,,0.38702562222102765,0.38702562222102765
915,train-load-1.0-scenario-525,1.0,0.9509855,0.5002635416666666,0.9509855,8.99012230169076,0.7618447199291024,0.6667267086423262,0.8571428571428571,0.14285714285714285,0.75,0.25,6,1,6,2,8,4,7,6,0.3633633852005005,0.05,,,,,,,,,,,0.38702562222102765,0.38702562222102765
916,train-load-0.6-scenario-233,0.6,0.5,0.5,0.425,19.673831096798843,1.6070335755060778,0.3929664244939223,1.0,0.0,1.0,0.0,11,0,11,0,11,6,11,11,0.35654187202453613,0.05,,,,,,,,,,,0.38702562222102765,0.38702562222102765
917,train-load-0.8-scenario-506,0.8,0.7905465625,0.7905465625,0.7273497499999999,5.118693041730689,0.1230316242296311,0.7341112329132261,0.7142857142857143,0.2857142857142857,0.625,0.375,5,2,5,3,8,4,7,5,0.32431596517562866,0.05,,,,,,,,,,,0.38702562222102765,0.38702562222102765
918,train-load-0.8-scenario-163,0.8,0.7023426,0.6635080000000001,0.7023426,11.672059567551884,0.8364886283294976,0.719066927226058,0.8888888888888888,0.1111111111111111,0.8,0.2,8,1,8,2,10,5,9,8,0.3799296021461487,0.05,,,,,,,,,,,0.38702562222102765,0.38702562222102765
919,train-load-0.7-scenario-205,0.7,0.6015771428571428,0.2371025,0.6015771428571428,7.357560524433407,0.6512238516038638,0.6821094817294697,0.8333333333333334,0.16666666666666666,0.7142857142857143,0.2857142857142857,5,1,5,2,7,7,6,5,0.3925286531448364,0.05,,,,,,,,,,,0.38702562222102765,0.38702562222102765
920,train-load-0.6-scenario-165,0.6,0.5517361428571428,0.44138035714285717,0.5517361428571428,8.35573296762545,0.6601605701895065,0.768410858381922,0.8571428571428571,0.14285714285714285,0.7777777777777778,0.2222222222222222,6,1,7,2,9,7,7,6,0.27199265360832214,0.05,,,,,,,,,,,0.38702562222102765,0.38702562222102765
921,train-load-0.7-scenario-360,0.7,0.775,0.425,0.775,16.67975673116291,0.8082868302136247,0.6202845983578038,0.8571428571428571,0.14285714285714285,0.8571428571428571,0.14285714285714285,12,2,12,2,14,8,14,12,0.47650665044784546,0.05,,,,,,,,,,,0.38702562222102765,0.38702562222102765
922,train-load-0.9-scenario-174,0.9,0.85,0.07291666666666667,0.85,1.9950215155165592,-0.7051685928769365,0.30516859287693654,0.4,0.6,0.4,0.6,4,6,4,6,10,8,10,4,0.36833345890045166,0.05,,,,,,,,,,,0.38702562222102765,0.38702562222102765
923,train-load-0.8-scenario-600-retry-9,0.8,0.68,0.5666666666666667,0.68,27.511211329019353,1.614942477492042,0.3850575225079579,1.0,0.0,1.0,0.0,17,0,17,0,17,5,17,17,0.33073630928993225,0.05,,,,,,,,,,,0.38702562222102765,0.38702562222102765
924,train-load-0.7-scenario-267-retry-4,0.7,0.65,0.2708333333333333,0.65,21.442475552478136,1.4830230877974424,0.5169769122025576,1.0,0.0,1.0,0.0,13,0,13,0,13,4,13,13,0.3178873658180237,0.05,,,,,,,,,,,0.38702562222102765,0.38702562222102765
925,train-load-0.7-scenario-632,0.7,0.6421453333333333,0.45828541666666667,0.6421453333333333,14.10570941815768,1.4074804143886277,0.5925195856113723,1.0,0.0,1.0,0.0,8,0,9,0,9,6,8,8,0.4300090968608856,0.05,,,,,,,,,,,0.38702562222102765,0.38702562222102765
926,train-load-1.0-scenario-634-retry-3,1.0,1.0833333333333333,0.7222222222222222,1.0833333333333333,4.530891352709671,-0.38526114094344655,0.5670793227616283,0.5454545454545454,0.45454545454545453,0.5454545454545454,0.45454545454545453,6,5,6,5,11,6,11,6,0.3571968078613281,0.05,,,,,,,,,,,0.38702562222102765,0.38702562222102765
927,train-load-0.6-scenario-592,0.6,0.5,0.4166666666666667,0.5,31.052331904030986,1.528523746843645,0.471476253156355,1.0,0.0,1.0,0.0,20,0,20,0,20,8,20,20,0.23368459939956665,0.05,,,,,,,,,,,0.38702562222102765,0.38702562222102765
928,train-load-1.0-scenario-473-retry-14,1.0,1.1,0.7875,1.1,5.136359201363153,-0.48318765638118033,0.6370338102273341,0.5384615384615384,0.46153846153846156,0.5384615384615384,0.46153846153846156,7,6,7,6,13,8,13,7,0.29999324679374695,0.05,,,,,,,,,,,0.38702562222102765,0.38702562222102765
929,train-load-0.6-scenario-714,0.6,0.6045318,0.5288991666666667,0.6045318,9.51722909333106,0.6766505809906908,0.8233494190093092,0.875,0.125,0.875,0.125,7,1,7,1,8,5,8,7,0.5160344839096069,0.05,,,,,,,,,,,0.38702562222102765,0.38702562222102765
930,train-load-1.0-scenario-326,1.0,0.9562507499999999,0.85497625,0.9562507499999999,3.522873025341635,-0.34721634041489946,0.5694385626371218,0.5555555555555556,0.4444444444444444,0.5,0.5,5,4,5,5,10,4,9,5,0.3716047406196594,0.05,,,,,,,,,,,0.38702562222102765,0.38702562222102765
931,train-load-0.6-scenario-702,0.6,0.5825642857142856,0.5825642857142856,0.527482,15.666475859231046,1.4063739775195727,0.5936260224804273,1.0,0.0,1.0,0.0,9,0,10,0,10,7,9,9,0.3597416281700134,0.05,,,,,,,,,,,0.38702562222102765,0.38702562222102765
932,train-load-1.0-scenario-335,1.0,0.9433549999999999,0.46797109374999996,0.9433549999999999,12.303583522629197,0.5526322913700952,0.7807010419632383,0.8333333333333334,0.16666666666666666,0.7333333333333333,0.26666666666666666,10,2,11,4,15,8,12,10,0.4523022770881653,0.05,,,,,,,,,,,0.38702562222102765,0.38702562222102765
933,train-load-0.9-scenario-3-retry-1,0.9,0.9375,0.46875,0.9375,7.277756352146689,-0.31756538748363283,0.45089872081696614,0.5333333333333333,0.4666666666666667,0.5333333333333333,0.4666666666666667,8,7,8,7,15,8,15,8,0.2763914167881012,0.05,,,,,,,,,,,0.38702562222102765,0.38702562222102765
934,train-load-0.9-scenario-175,0.9,0.8571428571428571,0.2857142857142857,0.8571428571428571,25.192478419568303,0.7012470456667086,0.6320862876666249,0.8333333333333334,0.16666666666666666,0.8333333333333334,0.16666666666666666,20,4,20,4,24,7,24,20,0.4975879192352295,0.05,,,,,,,,,,,0.38702562222102765,0.38702562222102765
935,train-load-0.5-scenario-78-retry-1,0.5,0.6,0.15,0.6,11.933721085936648,0.8876807325779786,0.6678748229775768,0.8888888888888888,0.1111111111111111,0.8888888888888888,0.1111111111111111,8,1,8,1,9,6,9,8,0.4129139184951782,0.05,,,,,,,,,,,0.38702562222102765,0.38702562222102765
936,train-load-0.5-scenario-642-retry-2,0.5,0.6,0.3,0.6,21.049383781498015,1.631192386106653,0.36880761389334693,1.0,0.0,1.0,0.0,12,0,12,0,12,4,12,12,0.2840917110443115,0.05,,,,,,,,,,,0.38702562222102765,0.38702562222102765
937,train-load-0.9-scenario-344-retry-1,0.9,1.0,1.0,0.4,2.8227433948477323,-0.5502087519606407,0.5502087519606407,0.5,0.5,0.5,0.5,5,5,5,5,10,5,10,5,0.32957470417022705,0.05,,,,,,,,,,,0.38702562222102765,0.38702562222102765
938,train-load-0.5-scenario-729-retry-1,0.5,0.4166666666666667,0.4166666666666667,0.35,16.40254871234207,1.2659065980700213,0.7340934019299789,1.0,0.0,1.0,0.0,10,0,10,0,10,7,10,10,0.8015080690383911,0.05,,,,,,,,,,,0.38702562222102765,0.38702562222102765
939,train-load-0.8-scenario-208,0.8,0.7208695,0.7208695,0.6775327999999999,13.287918701579315,1.1396646506159875,0.4158909049395677,0.8888888888888888,0.1111111111111111,0.9,0.1,8,1,9,1,10,5,9,8,0.5132562518119812,0.05,,,,,,,,,,,0.38702562222102765,0.38702562222102765
940,train-load-0.7-scenario-481,0.7,0.6283650000000001,0.42243624999999996,0.6283650000000001,14.616350666697175,1.4679831629239648,0.5320168370760353,1.0,0.0,1.0,0.0,8,0,8,0,8,6,8,8,0.3434583842754364,0.05,,,,,,,,,,,0.38702562222102765,0.38702562222102765
941,train-load-0.7-scenario-446-retry-2,0.7,0.8,0.32,0.8,4.871176012133465,-0.03732602947901609,0.5373260294790161,0.625,0.375,0.625,0.375,5,3,5,3,8,5,8,5,0.44268545508384705,0.05,,,,,,,,,,,0.38702562222102765,0.38702562222102765
942,train-load-0.7-scenario-208-retry-1,0.7,0.8,0.5333333333333333,0.8,5.408623330126425,0.08382208912270106,0.416177910877299,0.625,0.375,0.625,0.375,5,3,5,3,8,5,8,5,0.362740695476532,0.05,,,,,,,,,,,0.38702562222102765,0.38702562222102765
943,train-load-0.8-scenario-641-retry-1,0.8,0.9,0.675,0.9,10.18760309158127,0.7049180140807307,0.4061930970303804,0.7777777777777778,0.2222222222222222,0.7777777777777778,0.2222222222222222,7,2,14,4,18,8,9,7,0.626977801322937,0.05,,,,,,,,,,,0.38702562222102765,0.38702562222102765
944,train-load-0.6-scenario-76,0.6,0.565496,0.3996495833333333,0.565496,13.954169741859477,1.3265605351661898,0.6734394648338103,1.0,0.0,1.0,0.0,8,0,8,0,8,6,8,8,0.2859892249107361,0.05,,,,,,,,,,,0.38702562222102765,0.38702562222102765
945,train-load-0.8-scenario-465,0.8,0.875,0.575,0.875,7.048258853103562,0.23235825558487455,0.4343084110817921,0.6666666666666666,0.3333333333333333,0.6666666666666666,0.3333333333333333,6,3,6,3,9,4,9,6,0.3143044114112854,0.05,,,,,,,,,,,0.38702562222102765,0.38702562222102765
946,train-load-0.5-scenario-30,0.5,0.5131911428571428,0.21793553571428573,0.5131911428571428,5.767118431376564,0.513603120204251,0.686396879795749,0.8,0.2,0.6666666666666666,0.3333333333333333,4,1,4,2,6,7,5,4,0.4778028726577759,0.05,,,,,,,,,,,0.38702562222102765,0.38702562222102765
947,train-load-0.6-scenario-464-retry-1,0.6,0.7083333333333334,0.45416666666666666,0.7083333333333334,12.577173070279585,0.9541837218436401,0.6013718337119154,0.8888888888888888,0.1111111111111111,0.8333333333333334,0.16666666666666666,8,1,10,2,12,6,9,8,0.3903394043445587,0.05,,,,,,,,,,,0.38702562222102765,0.38702562222102765
948,train-load-1.0-scenario-573-retry-3,1.0,1.0,1.0,0.92,7.358859247015195,0.1804623694226546,0.21953763057734538,0.6,0.4,0.6,0.4,6,4,6,4,10,5,10,6,0.5259772539138794,0.05,,,,,,,,,,,0.38702562222102765,0.38702562222102765
949,train-load-0.9-scenario-119-retry-2,0.9,0.98,0.98,0.94,0.8563496361912899,-0.8424061440142896,0.6201839217920673,0.4444444444444444,0.5555555555555556,0.5,0.5,4,5,5,5,10,5,9,4,0.5471347570419312,0.05,,,,,,,,,,,0.38702562222102765,0.38702562222102765
950,train-load-0.8-scenario-677-retry-2,0.8,0.9142857142857143,0.5142857142857142,0.9142857142857143,8.241195375796874,0.5101981155291646,0.4898018844708354,0.75,0.25,0.6666666666666666,0.3333333333333333,6,2,8,4,12,7,8,6,0.29503804445266724,0.05,,,,,,,,,,,0.38702562222102765,0.38702562222102765
951,train-load-0.6-scenario-0,0.6,0.60437,0.304595,0.60437,7.20156810510376,1.1416138766442325,0.8583861233557675,1.0,0.0,1.0,0.0,4,0,4,0,4,4,4,4,0.28388512134552,0.05,,,,,,,,,,,0.38702562222102765,0.38702562222102765
952,train-load-0.8-scenario-278,0.8,0.7081053333333334,0.5585935416666667,0.7081053333333334,18.454237302287282,1.4762422022939343,0.5237577977060657,1.0,0.0,1.0,0.0,11,0,11,0,11,6,11,11,0.4276053309440613,0.05,,,,,,,,,,,0.38702562222102765,0.38702562222102765
953,train-load-0.7-scenario-589,0.7,0.59375,0.53125,0.59375,22.284028443421924,1.47243878581114,0.5275612141888598,1.0,0.0,1.0,0.0,14,0,14,0,14,8,14,14,0.4151288866996765,0.05,,,,,,,,,,,0.38702562222102765,0.38702562222102765
954,train-load-0.6-scenario-49-retry-1,0.6,0.625,0.625,0.6125,15.742079011128743,1.6412210597692596,0.3587789402307403,1.0,0.0,1.0,0.0,8,0,8,0,8,4,8,8,0.23716352880001068,0.05,,,,,,,,,,,0.38702562222102765,0.38702562222102765
955,train-load-1.0-scenario-471-retry-7,1.0,1.0,1.0,0.8,3.2334388581808162,-0.30651855379027415,0.3065185537902741,0.5,0.5,0.5,0.5,4,4,8,8,16,8,8,4,0.26429396867752075,0.05,,,,,,,,,,,0.38702562222102765,0.38702562222102765
956,train-load-0.6-scenario-405,0.6,0.6060276041666667,0.6060276041666667,0.44089174999999997,3.872783331319155,0.3379225287024039,0.6620774712975961,0.75,0.25,0.6666666666666666,0.3333333333333333,3,1,4,2,6,4,4,3,0.3331170678138733,0.05,,,,,,,,,,,0.38702562222102765,0.38702562222102765
957,train-load-1.0-scenario-305-retry-2,1.0,1.0006115,0.459691875,1.0006115,2.9849723530946126,-0.16161560146665754,0.8282822681333242,0.6666666666666666,0.3333333333333333,0.5714285714285714,0.42857142857142855,4,2,4,3,7,4,6,4,0.5184396505355835,0.05,,,,,,,,,,,0.38702562222102765,0.38702562222102765
958,train-load-0.5-scenario-170,0.5,0.4780811428571428,0.33249196428571426,0.4780811428571428,12.907380771027896,1.1905381972168707,0.8094618027831293,1.0,0.0,1.0,0.0,8,0,8,0,8,7,8,8,0.43676480650901794,0.05,,,,,,,,,,,0.38702562222102765,0.38702562222102765
959,train-load-0.8-scenario-232-retry-1,0.8,0.9,0.3,0.9,3.410842642300345,-0.3965311832533496,0.6187534054755719,0.5555555555555556,0.4444444444444444,0.5555555555555556,0.4444444444444444,5,4,5,4,9,5,9,5,0.30146104097366333,0.05,,,,,,,,,,,0.38702562222102765,0.38702562222102765
960,train-load-1.0-scenario-115,1.0,0.9,0.6,0.9,2.8000192506762898,-0.5144079292477266,0.5144079292477266,0.5,0.5,0.5,0.5,5,5,5,5,10,4,10,5,0.2731294631958008,0.05,,,,,,,,,,,0.38702562222102765,0.38702562222102765
961,train-load-0.6-scenario-434-retry-3,0.6,0.5,0.375,0.5,30.35461168815223,1.4120195620784393,0.5879804379215607,1.0,0.0,1.0,0.0,20,0,20,0,20,8,20,20,0.18550384044647217,0.05,,,,,,,,,,,0.38702562222102765,0.38702562222102765
962,train-load-0.6-scenario-634-retry-1,0.6,0.7083333333333334,0.5555555555555556,0.7083333333333334,9.728693942512708,0.4381767186691322,0.7618232813308679,0.8,0.2,0.8,0.2,8,2,8,2,10,6,10,8,0.16323056817054749,0.05,,,,,,,,,,,0.38702562222102765,0.38702562222102765
963,train-load-1.0-scenario-306-retry-1,1.0,1.05,1.05,0.6,22.883008934979017,0.8073390720868803,0.430756166008358,0.8095238095238095,0.19047619047619047,0.7333333333333333,0.26666666666666666,17,4,22,8,30,8,21,17,0.1517346203327179,0.05,,,,,,,,,,,0.38702562222102765,0.38702562222102765
964,train-load-1.0-scenario-470,1.0,1.0666666666666667,0.3333333333333333,1.0666666666666667,11.775100230602675,-0.3878754365499063,0.7212087698832397,0.5833333333333334,0.4166666666666667,0.5833333333333334,0.4166666666666667,14,10,14,10,24,6,24,14,0.26395201683044434,0.05,,,,,,,,,,,0.38702562222102765,0.38702562222102765
965,train-load-0.7-scenario-629,0.7,0.6690053333333332,0.6492486111111111,0.6690053333333332,13.681029584025644,1.1600072609325607,0.39554829462299496,0.8888888888888888,0.1111111111111111,0.8181818181818182,0.18181818181818182,8,1,9,2,11,6,9,8,0.36317646503448486,0.05,,,,,,,,,,,0.38702562222102765,0.38702562222102765
966,train-load-0.6-scenario-311,0.6,0.6785714285714286,0.44285714285714284,0.6785714285714286,16.38427522771768,1.573562886898391,0.42643711310160903,1.0,0.0,1.0,0.0,9,0,9,0,9,7,9,9,0.1480458378791809,0.05,,,,,,,,,,,0.38702562222102765,0.38702562222102765
967,train-load-0.5-scenario-167,0.5,0.45584525,0.38312343749999994,0.45584525,14.30343634799382,1.3815059328246275,0.6184940671753726,1.0,0.0,1.0,0.0,8,0,9,0,9,8,8,8,0.25236302614212036,0.05,,,,,,,,,,,0.38702562222102765,0.38702562222102765
968,train-load-0.9-scenario-215,0.9,0.8,0.7,0.8,18.039169293832124,1.3020676873514068,0.3645989793152598,0.9166666666666666,0.08333333333333333,0.9166666666666666,0.08333333333333333,11,1,11,1,12,4,12,11,0.3189597725868225,0.05,,,,,,,,,,,0.38702562222102765,0.38702562222102765
969,train-load-0.6-scenario-447-retry-1,0.6,0.6666666666666666,0.6666666666666666,0.5,16.18948140212091,1.708317692902664,0.29168230709733595,1.0,0.0,1.0,0.0,8,0,16,0,16,8,8,8,0.25767970085144043,0.05,,,,,,,,,,,0.38702562222102765,0.38702562222102765
970,train-load-0.7-scenario-512,0.7,0.80625,0.80625,0.7875,6.159943555821661,0.056170103196168775,0.6104965634704979,0.6666666666666666,0.3333333333333333,0.6,0.4,6,3,9,6,15,8,9,6,0.16110949218273163,0.05,,,,,,,,,,,0.38702562222102765,0.38702562222102765
971,train-load-0.7-scenario-38,0.7,0.6524232,0.5182410000000001,0.6524232,10.040119783380558,0.8964572188358083,0.5321142097356201,0.8571428571428571,0.14285714285714285,0.75,0.25,6,1,6,2,8,5,7,6,0.19005583226680756,0.05,,,,,,,,,,,0.38702562222102765,0.38702562222102765
972,train-load-0.8-scenario-186,0.8,0.88,0.22,0.88,21.97521381189459,0.5730087936635504,0.6997184790637224,0.8181818181818182,0.18181818181818182,0.8181818181818182,0.18181818181818182,18,4,18,4,22,5,22,18,0.3810975253582001,0.05,,,,,,,,,,,0.38702562222102765,0.38702562222102765
973,train-load-0.5-scenario-122-retry-2,0.5,0.5625,0.1125,0.5625,11.907436729888524,0.92164611003396,0.6339094455215954,0.8888888888888888,0.1111111111111111,0.8888888888888888,0.1111111111111111,8,1,8,1,9,8,9,8,0.3122748136520386,0.05,,,,,,,,,,,0.38702562222102765,0.38702562222102765
974,train-load-0.8-scenario-346,0.8,0.6967528333333333,0.49743,0.6967528333333333,10.367769426078377,0.8058696504186713,0.6941303495813288,0.875,0.125,0.8,0.2,7,1,8,2,10,6,8,7,0.2630945146083832,0.05,,,,,,,,,,,0.38702562222102765,0.38702562222102765
975,train-load-1.0-scenario-336-retry-1,1.0,0.952744,0.5729109375,0.952744,11.388700533559586,1.001806894340283,0.49819310565971703,0.875,0.125,0.875,0.125,7,1,7,1,8,4,8,7,0.24397607147693634,0.05,,,,,,,,,,,0.38702562222102765,0.38702562222102765
976,train-load-0.9-scenario-358-retry-1,0.9,0.9666666666666667,0.4444444444444444,0.9666666666666667,7.332619975220274,0.1378843005812299,0.66211569941877,0.7,0.3,0.7,0.3,7,3,7,3,10,6,10,7,0.24206675589084625,0.05,,,,,,,,,,,0.38702562222102765,0.38702562222102765
977,train-load-0.9-scenario-508-retry-1,0.9,1.0,0.3333333333333333,1.0,3.5810000914784696,-0.5828656519779232,0.5828656519779232,0.5,0.5,0.5,0.5,6,6,6,6,12,6,12,6,0.38873523473739624,0.05,,,,,,,,,,,0.38702562222102765,0.38702562222102765
978,train-load-0.8-scenario-299,0.8,0.6848602,0.611239,0.6848602,10.781496461172413,0.892369212413153,0.607630787586847,0.875,0.125,0.8888888888888888,0.1111111111111111,7,1,8,1,9,5,8,7,0.14578497409820557,0.05,,,,,,,,,,,0.38702562222102765,0.38702562222102765
979,train-load-0.8-scenario-521-retry-2,0.8,0.9142857142857143,0.9142857142857143,0.6928571428571428,6.959176871690472,-0.2287390055175571,0.6902774670560187,0.6153846153846154,0.38461538461538464,0.6153846153846154,0.38461538461538464,8,5,8,5,13,7,13,8,0.2031160295009613,0.05,,,,,,,,,,,0.38702562222102765,0.38702562222102765
980,train-load-0.9-scenario-620,0.9,0.79013925,0.6791603125,0.79013925,15.534801444430865,0.6821902160697949,0.7463812125016336,0.8571428571428571,0.14285714285714285,0.8235294117647058,0.17647058823529413,12,2,14,3,17,8,14,12,0.27213746309280396,0.05,,,,,,,,,,,0.38702562222102765,0.38702562222102765
981,train-load-0.6-scenario-741,0.6,0.5368892857142857,0.5368892857142857,0.477895,17.715910431182316,1.530058098245304,0.46994190175469597,1.0,0.0,1.0,0.0,10,0,10,0,10,7,10,10,0.3467864394187927,0.05,,,,,,,,,,,0.38702562222102765,0.38702562222102765
982,train-load-1.0-scenario-30-retry-2,1.0,0.8995805,0.5794621527777778,0.8995805,13.004971714251878,0.5697111352391223,0.5072119416839547,0.7692307692307693,0.23076923076923078,0.7692307692307693,0.23076923076923078,10,3,10,3,13,6,13,10,0.510648250579834,0.05,,,,,,,,,,,0.38702562222102765,0.38702562222102765
983,train-load-0.8-scenario-256-retry-1,0.8,0.9,0.9,0.45,9.397559220520638,0.5996874155411962,0.511423695569915,0.7777777777777778,0.2222222222222222,0.7777777777777778,0.2222222222222222,7,2,7,2,9,4,9,7,0.3492431044578552,0.05,,,,,,,,,,,0.38702562222102765,0.38702562222102765
984,train-load-1.0-scenario-590,1.0,0.8870075,0.4198015625,0.8870075,4.566973391382572,0.4778995382700302,0.5221004617299698,0.75,0.25,0.7142857142857143,0.2857142857142857,3,1,5,2,7,4,4,3,0.27357369661331177,0.05,,,,,,,,,,,0.38702562222102765,0.38702562222102765
985,train-load-1.0-scenario-234,1.0,0.9053006666666666,0.5955625,0.9053006666666666,8.572380426078503,0.1639197917451216,0.7451711173457876,0.7272727272727273,0.2727272727272727,0.6666666666666666,0.3333333333333333,8,3,8,4,12,6,11,8,0.23028619587421417,0.05,,,,,,,,,,,0.38702562222102765,0.38702562222102765
986,train-load-0.9-scenario-449,0.9,0.919760857142857,0.6477628571428572,0.919760857142857,12.938262368592921,0.620968226261742,0.7123651070715914,0.8333333333333334,0.16666666666666666,0.7142857142857143,0.2857142857142857,10,2,10,4,14,7,12,10,0.2959364652633667,0.05,,,,,,,,,,,0.38702562222102765,0.38702562222102765
987,train-load-0.5-scenario-88,0.5,0.546999,0.3100375,0.546999,8.926320329703769,1.363156313352583,0.636843686647417,1.0,0.0,1.0,0.0,4,0,6,0,6,5,4,4,0.24811705946922302,0.05,,,,,,,,,,,0.38702562222102765,0.38702562222102765
988,train-load-0.5-scenario-250,0.5,0.508861,0.27154618055555557,0.508861,11.023468083309485,1.2993623610046452,0.7006376389953548,1.0,0.0,1.0,0.0,6,0,6,0,6,6,6,6,0.3041099011898041,0.05,,,,,,,,,,,0.38702562222102765,0.38702562222102765
989,train-load-0.7-scenario-737,0.7,0.6366017500000001,0.29887864583333335,0.6366017500000001,13.645619661692479,1.100505782802397,0.899494217197603,1.0,0.0,1.0,0.0,9,0,9,0,9,8,9,9,0.2518511116504669,0.05,,,,,,,,,,,0.38702562222102765,0.38702562222102765
990,train-load-0.9-scenario-747,0.9,0.780164,0.34569374999999997,0.780164,6.455864460198181,0.23916679732186585,0.7608332026781341,0.75,0.25,0.6666666666666666,0.3333333333333333,6,2,6,3,9,6,8,6,0.3560502529144287,0.05,,,,,,,,,,,0.38702562222102765,0.38702562222102765
991,train-load-0.6-scenario-525,0.6,0.6,0.40476190476190477,0.6,12.00329331059617,1.0925174804558617,0.4074825195441384,0.875,0.125,0.875,0.125,7,1,7,1,8,7,8,7,0.44376906752586365,0.05,,,,,,,,,,,0.38702562222102765,0.38702562222102765
992,train-load-1.0-scenario-152-retry-1,1.0,0.88172775,0.70890078125,0.88172775,21.930009430161306,1.1244289061785016,0.4049828585273807,0.8823529411764706,0.11764705882352941,0.8333333333333334,0.16666666666666666,15,2,15,3,18,8,17,15,0.24073338508605957,0.05,,,,,,,,,,,0.38702562222102765,0.38702562222102765
993,train-load-0.6-scenario-708,0.6,0.4857142857142857,0.40476190476190477,0.4857142857142857,27.724413795055007,1.617552415541775,0.3824475844582249,1.0,0.0,1.0,0.0,17,0,17,0,17,7,17,17,0.19685585796833038,0.05,,,,,,,,,,,0.38702562222102765,0.38702562222102765
994,train-load-0.6-scenario-470,0.6,0.5182862500000001,0.3680240625,0.5182862500000001,11.941575892305142,0.8660476570483421,0.6895078985072134,0.8888888888888888,0.1111111111111111,0.8888888888888888,0.1111111111111111,8,1,8,1,9,8,9,8,0.34622782468795776,0.05,,,,,,,,,,,0.38702562222102765,0.38702562222102765
995,train-load-0.5-scenario-715-retry-1,0.5,0.55,0.55,0.34375,19.084976126653828,1.5373711602790632,0.4626288397209368,1.0,0.0,1.0,0.0,11,0,11,0,11,8,11,11,0.22824184596538544,0.05,,,,,,,,,,,0.38702562222102765,0.38702562222102765
996,train-load-0.9-scenario-225-retry-14,0.9,0.9,0.75,0.9,10.346689527454403,0.4065970030764353,0.26006966359023126,0.6666666666666666,0.3333333333333333,0.6666666666666666,0.3333333333333333,8,4,8,4,12,8,12,8,0.3511578142642975,0.05,,,,,,,,,,,0.38702562222102765,0.38702562222102765
997,train-load-1.0-scenario-379,1.0,0.9346028,0.63627,0.9346028,1.0701966372729521,-0.7542020851223115,0.9764243073445338,0.5555555555555556,0.4444444444444444,0.5,0.5,5,4,5,5,10,5,9,5,0.2296348214149475,0.05,,,,,,,,,,,0.38702562222102765,0.38702562222102765
998,train-load-1.0-scenario-534,1.0,0.9348442,0.75090875,0.9348442,2.8882929681718377,-0.6189772270539904,1.0189772270539903,0.6,0.4,0.5454545454545454,0.45454545454545453,6,4,6,5,11,5,10,6,0.34447941184043884,0.05,,,,,,,,,,,0.38702562222102765,0.38702562222102765
999,train-load-0.7-scenario-98,0.7,0.6970219999999999,0.5035705357142858,0.6970219999999999,15.017906270376931,1.1125432011757879,0.8874567988242121,1.0,0.0,1.0,0.0,10,0,11,0,11,7,10,10,0.46910786628723145,0.05,,,,,,,,,,,0.38702562222102765,0.38702562222102765
1000,train-load-0.7-scenario-642,0.7,0.647916,0.35807625,0.647916,3.8954721396852143,0.3126505007375372,0.8873494992624629,0.8,0.2,0.8,0.2,4,1,4,1,5,4,5,4,0.12113333493471146,0.05,0.3685099246542854,0.5283435509441985,0.724213368899621,0.27578663110037904,0.7101536256885211,0.2898463743114789,0.3685099246542854,0.6824004878149479,0.2859402412356413,0.7170527959151972,0.38702562222102765,0.38702562222102765
1001,train-load-0.6-scenario-104-retry-3,0.6,0.6,0.6,0.36,15.913061983549436,1.428184276721161,0.571815723278839,1.0,0.0,1.0,0.0,9,0,9,0,9,5,9,9,0.2799679636955261,0.05,,,,,,,,,,,0.38702562222102765,0.38702562222102765
1002,train-load-0.8-scenario-649-retry-5,0.8,0.80625,0.5125,0.80625,11.192787100708093,0.7209599825250571,0.47904001747494296,0.8,0.2,0.8,0.2,8,2,8,2,10,8,10,8,0.4173503816127777,0.05,,,,,,,,,,,0.38702562222102765,0.38702562222102765
1003,train-load-0.5-scenario-649-retry-1,0.5,0.45714285714285713,0.44285714285714284,0.45714285714285713,11.913353110505334,0.8625569603625179,0.6929985951930375,0.8888888888888888,0.1111111111111111,0.8888888888888888,0.1111111111111111,8,1,8,1,9,7,9,8,0.3070870041847229,0.05,,,,,,,,,,,0.38702562222102765,0.38702562222102765
1004,train-load-1.0-scenario-612-retry-2,1.0,0.9092774285714286,0.6270460714285715,0.9092774285714286,16.219454068295477,0.9386650637794869,0.44595032083589775,0.8461538461538461,0.15384615384615385,0.7857142857142857,0.21428571428571427,11,2,11,3,14,7,13,11,0.44084280729293823,0.05,,,,,,,,,,,0.38702562222102765,0.38702562222102765
1005,train-load-0.6-scenario-745,0.6,0.5693108,0.3158479166666667,0.5693108,9.619658128459367,1.2542419210410642,0.7457580789589356,1.0,0.0,1.0,0.0,5,0,6,0,6,5,5,5,0.49087244272232056,0.05,,,,,,,,,,,0.38702562222102765,0.38702562222102765
1006,train-load-0.9-scenario-405,0.9,0.7857058333333333,0.7857058333333333,0.7042725,13.953236835224203,1.0332411679253224,0.5667588320746777,0.9,0.1,0.8461538461538461,0.15384615384615385,9,1,11,2,13,6,10,9,0.17679119110107422,0.05,,,,,,,,,,,0.38702562222102765,0.38702562222102765
1007,train-load-1.0-scenario-491-retry-2,1.0,0.8974981666666667,0.7498499999999999,0.8974981666666667,14.096765549446562,0.8288692293046485,0.504464104028685,0.8333333333333334,0.16666666666666666,0.7692307692307693,0.23076923076923078,10,2,10,3,13,6,12,10,0.44463294744491577,0.05,,,,,,,,,,,0.38702562222102765,0.38702562222102765
1008,train-load-0.6-scenario-358-retry-3,0.6,0.4875,0.4875,0.325,21.164321331140624,1.414038165715072,0.585961834284928,1.0,0.0,1.0,0.0,13,0,13,0,13,8,13,13,0.37328946590423584,0.05,,,,,,,,,,,0.38702562222102765,0.38702562222102765
1009,train-load-0.9-scenario-321,0.9,1.0,1.0,0.4,2.3974497213457493,-0.46556166731948856,0.46556166731948856,0.5,0.5,0.5,0.5,4,4,8,8,16,8,8,4,0.4751460552215576,0.05,,,,,,,,,,,0.38702562222102765,0.38702562222102765
1010,train-load-0.9-scenario-231-retry-2,0.9,0.7833333333333333,0.4166666666666667,0.7833333333333333,13.202935038752953,0.7740163759094122,0.4987108968178606,0.8181818181818182,0.18181818181818182,0.7333333333333333,0.26666666666666666,9,2,11,4,15,6,11,9,0.49001532793045044,0.05,,,,,,,,,,,0.38702562222102765,0.38702562222102765
1011,train-load-0.9-scenario-555,0.9,0.828651,0.5832225,0.828651,9.94523114528008,0.6036080510475426,0.5075030600635686,0.7777777777777778,0.2222222222222222,0.7777777777777778,0.2222222222222222,7,2,7,2,9,5,9,7,0.41421812772750854,0.05,,,,,,,,,,,0.38702562222102765,0.38702562222102765
1012,train-load-0.7-scenario-518-retry-1,0.7,0.6,0.6,0.5,22.61686578527628,1.669895325938775,0.330104674061225,1.0,0.0,1.0,0.0,13,0,13,0,13,6,13,13,0.4630419611930847,0.05,,,,,,,,,,,0.38702562222102765,0.38702562222102765
1013,train-load-0.8-scenario-541-retry-7,0.8,0.9,0.9,0.6,11.727304566392228,0.5249162168070529,0.47508378319294703,0.75,0.25,0.75,0.25,9,3,9,3,12,4,12,9,0.1709877848625183,0.05,,,,,,,,,,,0.38702562222102765,0.38702562222102765
1014,train-load-0.7-scenario-354,0.7,0.8,0.6666666666666666,0.8,11.69709913939132,0.4889354453349063,0.5110645546650937,0.75,0.25,0.75,0.25,9,3,9,3,12,6,12,9,0.3193414509296417,0.05,,,,,,,,,,,0.38702562222102765,0.38702562222102765
1015,train-load-0.9-scenario-10-retry-3,0.9,0.9875,0.9,0.9875,10.893301303932134,0.6052806686339363,0.3038102404569729,0.7272727272727273,0.2727272727272727,0.7272727272727273,0.2727272727272727,8,3,8,3,11,4,11,8,0.45278623700141907,0.05,,,,,,,,,,,0.38702562222102765,0.38702562222102765
1016,train-load-0.6-scenario-473,0.6,0.5497142,0.49144625000000003,0.5497142,12.305387722284667,1.4720262301053464,0.5279737698946536,1.0,0.0,1.0,0.0,6,0,7,0,7,5,6,6,0.4006945490837097,0.05,,,,,,,,,,,0.38702562222102765,0.38702562222102765
1017,train-load-0.8-scenario-648-retry-1,0.8,0.75,0.25,0.75,32.7140704193837,1.2676226044030126,0.5657107289303209,0.9583333333333334,0.041666666666666664,0.9583333333333334,0.041666666666666664,23,1,23,1,24,8,24,23,0.23644661903381348,0.05,,,,,,,,,,,0.38702562222102765,0.38702562222102765
1018,train-load-0.8-scenario-436-retry-1,0.8,0.875,0.875,0.5357142857142857,6.9044536099040625,0.15329485747080962,0.513371809195857,0.6666666666666666,0.3333333333333333,0.6,0.4,6,3,9,6,15,7,9,6,0.44361424446105957,0.05,,,,,,,,,,,0.38702562222102765,0.38702562222102765
1019,train-load-0.9-scenario-609-retry-7,0.9,1.0,1.0,0.4,4.662728529972856,-0.4586878089135731,0.45868780891357314,0.5,0.5,0.5,0.5,6,6,6,6,12,6,12,6,0.3716723918914795,0.05,,,,,,,,,,,0.38702562222102765,0.38702562222102765
1020,train-load-0.9-scenario-564,0.9,1.0,0.8541666666666666,1.0,8.193851514809658,-0.28508796491849075,0.5350879649184908,0.5625,0.4375,0.5625,0.4375,9,7,9,7,16,4,16,9,0.1956426054239273,0.05,,,,,,,,,,,0.38702562222102765,0.38702562222102765
1021,train-load-1.0-scenario-683-retry-9,1.0,0.9166666666666666,0.18333333333333332,0.9166666666666666,21.928176862743197,0.5585675306294822,0.7141597420977907,0.8181818181818182,0.18181818181818182,0.8181818181818182,0.18181818181818182,18,4,18,4,22,6,22,18,0.3020126223564148,0.05,,,,,,,,,,,0.38702562222102765,0.38702562222102765
1022,train-load-0.7-scenario-486,0.7,0.6166563333333334,0.4311302083333333,0.6166563333333334,14.211677212886427,1.3823267443762601,0.6176732556237399,1.0,0.0,1.0,0.0,8,0,9,0,9,6,8,8,0.5381622314453125,0.05,,,,,,,,,,,0.38702562222102765,0.38702562222102765
1023,train-load-0.9-scenario-709,0.9,0.8664984,0.567875,0.8664984,12.125847407146786,0.9227668223332485,0.632788733222307,0.8888888888888888,0.1111111111111111,0.8,0.2,8,1,8,2,10,5,9,8,0.16610091924667358,0.05,,,,,,,,,,,0.38702562222102765,0.38702562222102765
1024,train-load-1.0-scenario-91-retry-15,1.0,0.9714285714285714,0.5928571428571429,0.9714285714285714,26.291095711908966,0.8279362012531277,0.5053971320802058,0.8333333333333334,0.16666666666666666,0.8333333333333334,0.16666666666666666,20,4,20,4,24,7,24,20,0.22776173055171967,0.05,,,,,,,,,,,0.38702562222102765,0.38702562222102765
1025,train-load-0.6-scenario-117,0.6,0.5663535714285715,0.5364207142857143,0.5663535714285715,17.53442058427546,1.4918091364977357,0.5081908635022643,1.0,0.0,1.0,0.0,10,0,11,0,11,7,10,10,0.5271140336990356,0.05,,,,,,,,,,,0.38702562222102765,0.38702562222102765
1026,train-load-0.6-scenario-100-retry-1,0.6,0.5834965,0.443530625,0.5834965,12.791174333872341,1.5850513975067808,0.4149486024932191,1.0,0.0,1.0,0.0,6,0,6,0,6,4,6,6,0.3985379934310913,0.05,,,,,,,,,,,0.38702562222102765,0.38702562222102765
1027,train-load-0.9-scenario-45-retry-3,0.9,0.85,0.2125,0.85,16.55209169505011,0.5894866461868294,0.4693368832249351,0.7647058823529411,0.23529411764705882,0.7647058823529411,0.23529411764705882,13,4,13,4,17,4,17,13,0.40882837772369385,0.05,,,,,,,,,,,0.38702562222102765,0.38702562222102765
1028,train-load-0.9-scenario-412-retry-1,0.9,0.8125,0.5833333333333334,0.8125,13.306753782268853,0.8882908682867053,0.3844364044405675,0.8181818181818182,0.18181818181818182,0.8181818181818182,0.18181818181818182,9,2,9,2,11,8,11,9,0.6989405155181885,0.05,,,,,,,,,,,0.38702562222102765,0.38702562222102765
1029,train-load-0.9-scenario-193,0.9,0.818213,0.5251541666666667,0.818213,11.810305225446744,0.9329105949259994,0.6226449606295561,0.8888888888888888,0.1111111111111111,0.8181818181818182,0.18181818181818182,8,1,9,2,11,6,9,8,0.42585092782974243,0.05,,,,,,,,,,,0.38702562222102765,0.38702562222102765
1030,train-load-0.5-scenario-81,0.5,0.6,0.45,0.6,19.948185601831504,1.493929388084831,0.506070611915169,1.0,0.0,1.0,0.0,12,0,12,0,12,8,12,12,0.4250166714191437,0.05,,,,,,,,,,,0.38702562222102765,0.38702562222102765
1031,train-load-0.5-scenario-441,0.5,0.51875,0.4,0.51875,15.517633120918639,1.6312355029254837,0.3687644970745162,1.0,0.0,1.0,0.0,8,0,8,0,8,8,8,8,0.5727347135543823,0.05,,,,,,,,,,,0.38702562222102765,0.38702562222102765
1032,train-hard-4gpu-4pod-1vgpu,0.25,0.25,0.16666666666666666,0.25,11.544497883017963,1.9166666666666665,0.08333333333333337,1.0,0.0,1.0,0.0,4,0,4,0,4,4,4,4,0.5307788848876953,0.05,,,,,,,,,,,0.38702562222102765,0.38702562222102765
1033,train-load-0.5-scenario-28,0.5,0.54600425,0.3034088541666667,0.54600425,9.705052739406575,1.319035943249891,0.680964056750109,1.0,0.0,1.0,0.0,5,0,5,0,5,4,5,5,0.7040479183197021,0.05,,,,,,,,,,,0.38702562222102765,0.38702562222102765
1034,train-load-0.5-scenario-138-retry-4,0.5,0.5833333333333334,0.5833333333333334,0.4375,23.04892159140784,1.5122055984266976,0.4877944015733024,1.0,0.0,1.0,0.0,14,0,14,0,14,8,14,14,0.42657366394996643,0.05,,,,,,,,,,,0.38702562222102765,0.38702562222102765
1035,train-load-0.8-scenario-700,0.8,0.74,0.74,0.36,14.838784790087741,0.6323008735084557,0.5105562693486871,0.7857142857142857,0.21428571428571427,0.7857142857142857,0.21428571428571427,11,3,11,3,14,5,14,11,0.3642701506614685,0.05,,,,,,,,,,,0.38702562222102765,0.38702562222102765
1036,train-load-0.7-scenario-352,0.7,0.624647875,0.4106330729166667,0.624647875,16.665589240946822,1.1851139571062983,0.8148860428937017,1.0,0.0,1.0,0.0,11,0,11,0,11,8,11,11,0.22232982516288757,0.05,,,,,,,,,,,0.38702562222102765,0.38702562222102765
1037,train-load-0.7-scenario-618,0.7,0.60508575,0.33072708333333334,0.60508575,8.691177988736705,1.3262117940295595,0.6737882059704405,1.0,0.0,1.0,0.0,4,0,5,0,5,4,4,4,0.3830302357673645,0.05,,,,,,,,,,,0.38702562222102765,0.38702562222102765
1038,train-load-0.6-scenario-716,0.6,0.6833333333333333,0.5166666666666667,0.6833333333333333,15.551611933854591,1.6409438874658595,0.3590561125341404,1.0,0.0,1.0,0.0,8,0,8,0,8,6,8,8,0.31827080249786377,0.05,,,,,,,,,,,0.38702562222102765,0.38702562222102765
1039,train-load-0.5-scenario-748,0.5,0.461018,0.39347552083333337,0.461018,12.236062427485663,1.2550474025798783,0.7449525974201217,1.0,0.0,1.0,0.0,7,0,9,0,9,8,7,7,0.5995690822601318,0.05,,,,,,,,,,,0.38702562222102765,0.38702562222102765
1040,train-load-0.6-scenario-111,0.6,0.5288816666666667,0.3493077083333333,0.5288816666666667,11.688145777901092,1.1957129049342785,0.8042870950657214,1.0,0.0,1.0,0.0,7,0,7,0,7,6,7,7,0.43882715702056885,0.05,,,,,,,,,,,0.38702562222102765,0.38702562222102765
1041,train-hard-4gpu-4pod-2vgpu,0.25,0.25,0.16666666666666666,0.25,11.616666666666667,1.9166666666666665,0.08333333333333337,1.0,0.0,1.0,0.0,4,0,8,0,8,4,4,4,0.5253097414970398,0.05,,,,,,,,,,,0.38702562222102765,0.38702562222102765
1042,train-load-0.6-scenario-348,0.6,0.67033725,0.41002453125000005,0.67033725,8.817610952511558,0.7209887724027856,0.7075826561686429,0.8571428571428571,0.14285714285714285,0.8,0.2,6,1,8,2,10,8,7,6,0.37049973011016846,0.05,,,,,,,,,,,0.38702562222102765,0.38702562222102765
1043,train-load-0.9-scenario-146-retry-4,0.9,0.8571428571428571,0.8571428571428571,0.5142857142857142,18.924069583977523,0.7259140270158693,0.3851970840952418,0.7777777777777778,0.2222222222222222,0.7777777777777778,0.2222222222222222,14,4,14,4,18,7,18,14,0.49095481634140015,0.05,,,,,,,,,,,0.38702562222102765,0.38702562222102765
1044,train-load-0.8-scenario-261,0.8,0.9,0.75,0.9,7.513756488201269,0.2675841966358474,0.3990824700308192,0.6666666666666666,0.3333333333333333,0.6666666666666666,0.3333333333333333,6,3,6,3,9,4,9,6,0.5391346216201782,0.05,,,,,,,,,,,0.38702562222102765,0.38702562222102765
1045,train-load-0.7-scenario-665-retry-1,0.7,0.74375,0.3645833333333333,0.74375,16.90730178732376,0.9083363790325653,0.5202350495388632,0.8571428571428571,0.14285714285714285,0.8571428571428571,0.14285714285714285,12,2,12,2,14,8,14,12,0.4127822518348694,0.05,,,,,,,,,,,0.38702562222102765,0.38702562222102765
1046,train-load-1.0-scenario-529-retry-1,1.0,0.920017,0.6995394642857142,0.920017,13.154953280309378,0.16508919463537597,0.65844021712933,0.7058823529411765,0.29411764705882354,0.7058823529411765,0.29411764705882354,12,5,12,5,17,7,17,12,0.32287484407424927,0.05,,,,,,,,,,,0.38702562222102765,0.38702562222102765
1047,train-load-0.9-scenario-660-retry-7,0.9,1.0,1.0,0.8166666666666667,3.351521600139856,-0.7035738448459664,0.4178595591316807,0.42857142857142855,0.5714285714285714,0.4,0.6,6,8,6,9,15,6,14,6,0.3275284469127655,0.05,,,,,,,,,,,0.38702562222102765,0.38702562222102765
1048,train-load-0.7-scenario-684,0.7,0.6,0.6,0.5142857142857142,12.40964757167977,0.7994906512413771,0.800509348758623,0.9,0.1,0.9,0.1,9,1,9,1,10,7,10,9,0.2771664261817932,0.05,,,,,,,,,,,0.38702562222102765,0.38702562222102765
1049,train-load-1.0-scenario-22,1.0,0.9003112857142856,0.6569239285714286,0.9003112857142856,15.085502519014739,0.8108132196299636,0.573802164985421,0.8461538461538461,0.15384615384615385,0.7333333333333333,0.26666666666666666,11,2,11,4,15,7,13,11,0.24805650115013123,0.05,,,,,,,,,,,0.38702562222102765,0.38702562222102765
1050,train-load-0.6-scenario-40,0.6,0.6666666666666666,0.6666666666666666,0.2,10.145037588758026,0.797443848784823,0.702556151215177,0.875,0.125,0.875,0.125,7,1,7,1,8,8,8,7,0.3935813903808594,0.05,,,,,,,,,,,0.38702562222102765,0.38702562222102765
1051,train-load-0.6-scenario-399,0.6,0.5608995,0.4216815625,0.5608995,16.949292516100726,1.398048451063542,0.601951548936458,1.0,0.0,1.0,0.0,10,0,11,0,11,8,10,10,0.06597086042165756,0.05,,,,,,,,,,,0.38702562222102765,0.38702562222102765
1052,train-load-0.7-scenario-571,0.7,0.6084627499999999,0.4015333333333333,0.6084627499999999,10.114386153059474,1.386546218960132,0.6134537810398679,1.0,0.0,1.0,0.0,5,0,5,0,5,4,5,5,0.25916534662246704,0.05,,,,,,,,,,,0.38702562222102765,0.38702562222102765
1053,train-load-0.5-scenario-111-retry-6,0.5,0.6,0.5,0.6,16.35962605717785,1.525554592110887,0.4744454078891128,1.0,0.0,1.0,0.0,9,0,9,0,9,7,9,9,0.2909795045852661,0.05,,,,,,,,,,,0.38702562222102765,0.38702562222102765
1054,train-load-1.0-scenario-220-retry-3,1.0,1.0875,1.0875,0.575,17.156387596491733,0.3863045716990684,0.5610638493535631,0.7368421052631579,0.2631578947368421,0.6428571428571429,0.35714285714285715,14,5,18,10,28,8,19,14,0.3775021731853485,0.05,,,,,,,,,,,0.38702562222102765,0.38702562222102765
1055,train-load-1.0-scenario-675-retry-10,1.0,1.0,1.0,1.0,14.3890311063932,0.5011326396916318,0.2488673603083682,0.6875,0.3125,0.6875,0.3125,11,5,11,5,16,4,16,11,0.5881387591362,0.05,,,,,,,,,,,0.38702562222102765,0.38702562222102765
1056,train-load-0.7-scenario-487-retry-3,0.7,0.8142857142857143,0.6190476190476191,0.8142857142857143,5.573185960989946,-0.29705399250895137,0.6303873258422847,0.5833333333333334,0.4166666666666667,0.5833333333333334,0.4166666666666667,7,5,7,5,12,7,12,7,0.17910650372505188,0.05,,,,,,,,,,,0.38702562222102765,0.38702562222102765
1057,train-load-0.6-scenario-293,0.6,0.5241841428571429,0.4256132142857143,0.5241841428571429,14.972525560880282,1.3491289686229981,0.6508710313770019,1.0,0.0,1.0,0.0,9,0,9,0,9,7,9,9,0.19348333775997162,0.05,,,,,,,,,,,0.38702562222102765,0.38702562222102765
1058,train-hard-4gpu-8pod-1vgpu,0.5,0.5,0.3333333333333333,0.5,13.66604431072341,1.3230229702535046,0.6769770297464954,1.0,0.0,1.0,0.0,8,0,8,0,8,4,8,8,0.23046477138996124,0.05,,,,,,,,,,,0.38702562222102765,0.38702562222102765
1059,train-load-0.8-scenario-599,0.8,0.890149,0.5056714999999999,0.890149,9.807710128232895,0.733647601938733,0.766352398061267,0.875,0.125,0.7777777777777778,0.2222222222222222,7,1,7,2,9,5,8,7,0.31616175174713135,0.05,,,,,,,,,,,0.38702562222102765,0.38702562222102765
1060,train-load-0.5-scenario-54,0.5,0.45093049999999996,0.3706240625,0.45093049999999996,12.481209468750755,1.1188308251799413,0.8811691748200587,1.0,0.0,1.0,0.0,8,0,8,0,8,8,8,8,0.2937074303627014,0.05,,,,,,,,,,,0.38702562222102765,0.38702562222102765
1061,train-load-0.5-scenario-583-retry-7,0.5,0.6,0.3,0.6,14.817749769361345,1.535129323267627,0.46487067673237287,1.0,0.0,1.0,0.0,8,0,8,0,8,8,8,8,0.2148582935333252,0.05,,,,,,,,,,,0.38702562222102765,0.38702562222102765
1062,train-load-0.8-scenario-368,0.8,0.78917925,0.6839237499999999,0.78917925,10.700273324600458,0.8699785394955799,0.6300214605044202,0.875,0.125,0.875,0.125,7,1,7,1,8,4,8,7,0.5765513181686401,0.05,,,,,,,,,,,0.38702562222102765,0.38702562222102765
1063,train-load-0.7-scenario-705,0.7,0.76011575,0.359230625,0.76011575,4.105282549693515,0.3330980946741181,0.6669019053258819,0.75,0.25,0.6,0.4,3,1,3,2,5,4,4,3,0.36452484130859375,0.05,,,,,,,,,,,0.38702562222102765,0.38702562222102765
1064,train-load-0.9-scenario-158-retry-1,0.9,1.0,1.0,0.62,3.763183863443859,-0.4482135151603689,0.4482135151603689,0.5,0.5,0.5,0.5,5,5,5,5,10,5,10,5,0.568078339099884,0.05,,,,,,,,,,,0.38702562222102765,0.38702562222102765
1065,train-load-0.5-scenario-507-retry-2,0.5,0.4166666666666667,0.25,0.4166666666666667,17.417292191709436,1.4936344609570744,0.5063655390429256,1.0,0.0,1.0,0.0,10,0,10,0,10,6,10,10,0.29635336995124817,0.05,,,,,,,,,,,0.38702562222102765,0.38702562222102765
1066,train-load-0.7-scenario-612,0.7,0.7356416666666666,0.7356416666666666,0.593892,8.742445141329934,0.7478196295175662,0.6807517990538624,0.8571428571428571,0.14285714285714285,0.75,0.25,6,1,6,2,8,4,7,6,0.5735820531845093,0.05,,,,,,,,,,,0.38702562222102765,0.38702562222102765
1067,train-load-0.9-scenario-148-retry-7,0.9,1.0,0.4,1.0,6.2078048779958594,-0.5027091803549997,0.5027091803549997,0.5,0.5,0.5,0.5,8,8,8,8,16,8,16,8,0.38217541575431824,0.05,,,,,,,,,,,0.38702562222102765,0.38702562222102765
1068,train-load-0.9-scenario-14,0.9,0.9166666666666666,0.9166666666666666,0.5333333333333333,17.08087705760083,1.1971761941603913,0.46949047250627507,0.9166666666666666,0.08333333333333333,0.9166666666666666,0.08333333333333333,11,1,11,1,12,6,12,11,0.1783629059791565,0.05,,,,,,,,,,,0.38702562222102765,0.38702562222102765
1069,train-load-0.6-scenario-329,0.6,0.58358175,0.36738437500000004,0.58358175,8.693802477745333,1.305493107057711,0.6945068929422892,1.0,0.0,1.0,0.0,4,0,5,0,5,4,4,4,0.34172192215919495,0.05,,,,,,,,,,,0.38702562222102765,0.38702562222102765
1070,train-load-0.7-scenario-606,0.7,0.76875,0.2125,0.76875,12.025017624975398,0.9302581795147306,0.6252973760408249,0.8888888888888888,0.1111111111111111,0.8888888888888888,0.1111111111111111,8,1,8,1,9,8,9,8,0.48228365182876587,0.05,,,,,,,,,,,0.38702562222102765,0.38702562222102765
1071,train-load-0.8-scenario-534,0.8,0.8214285714285714,0.32857142857142857,0.8214285714285714,24.521825619807483,0.7694873405147684,0.534860485572188,0.8260869565217391,0.17391304347826086,0.8260869565217391,0.17391304347826086,19,4,19,4,23,7,23,19,0.2596328556537628,0.05,,,,,,,,,,,0.38702562222102765,0.38702562222102765
1072,train-load-0.9-scenario-413-retry-2,0.9,0.95,0.5833333333333334,0.95,4.799409513581124,-0.22851406119079165,0.6285140611907916,0.6,0.4,0.6,0.4,6,4,6,4,10,5,10,6,0.3534630537033081,0.05,,,,,,,,,,,0.38702562222102765,0.38702562222102765
1073,train-load-0.5-scenario-205,0.5,0.46638749999999995,0.41820125,0.46638749999999995,9.216030242001205,1.1922676693871435,0.8077323306128565,1.0,0.0,1.0,0.0,5,0,7,0,7,6,5,5,0.4450070858001709,0.05,,,,,,,,,,,0.38702562222102765,0.38702562222102765
1074,train-load-0.9-scenario-392-retry-1,0.9,0.8,0.8,0.48,22.284848740420994,0.5337061370338758,0.46629386296612424,0.75,0.25,0.75,0.25,18,6,18,6,24,5,24,18,0.3340148329734802,0.05,,,,,,,,,,,0.38702562222102765,0.38702562222102765
1075,train-load-1.0-scenario-324,1.0,0.8815281428571429,0.7888771428571429,0.8815281428571429,17.39828852819756,1.0018709935479073,0.4267004350235214,0.8571428571428571,0.14285714285714285,0.8125,0.1875,12,2,13,3,16,7,14,12,0.4740646481513977,0.05,,,,,,,,,,,0.38702562222102765,0.38702562222102765
1076,train-load-0.9-scenario-300-retry-10,0.9,1.0,1.0,1.0,3.8892822418902133,-0.15917013172997585,0.15917013172997585,0.5,0.5,0.5,0.5,4,4,4,4,8,4,8,4,0.4158189296722412,0.05,,,,,,,,,,,0.38702562222102765,0.38702562222102765
1077,train-load-0.6-scenario-93-retry-1,0.6,0.7142857142857143,0.6547619047619048,0.7142857142857143,6.998042508928766,0.05222999950082108,0.7477700004991789,0.7,0.3,0.7,0.3,7,3,7,3,10,7,10,7,0.6245415806770325,0.05,,,,,,,,,,,0.38702562222102765,0.38702562222102765
1078,train-load-0.5-scenario-310,0.5,0.45714285714285713,0.34285714285714286,0.45714285714285713,13.825553641210846,1.3080638478853523,0.6919361521146478,1.0,0.0,1.0,0.0,8,0,8,0,8,7,8,8,0.46936315298080444,0.05,,,,,,,,,,,0.38702562222102765,0.38702562222102765
1079,train-load-0.9-scenario-416,0.9,0.849593625,0.6076721875000001,0.849593625,15.234233743575261,0.6816682837439839,0.7469031448274446,0.8571428571428571,0.14285714285714285,0.8125,0.1875,12,2,13,3,16,8,14,12,0.3118177056312561,0.05,,,,,,,,,,,0.38702562222102765,0.38702562222102765
1080,train-load-0.8-scenario-724-retry-1,0.8,0.775,0.3020833333333333,0.775,11.501839466117477,0.3411834084145965,0.7357396685084805,0.7692307692307693,0.23076923076923078,0.7692307692307693,0.23076923076923078,10,3,10,3,13,8,13,10,0.47889259457588196,0.05,,,,,,,,,,,0.38702562222102765,0.38702562222102765
1081,train-load-0.8-scenario-550-retry-10,0.8,0.8,0.8,0.64,9.53247303455346,0.7002843895396791,0.2997156104603208,0.75,0.25,0.75,0.25,6,2,6,2,8,5,8,6,0.3533194661140442,0.05,,,,,,,,,,,0.38702562222102765,0.38702562222102765
1082,train-load-0.6-scenario-599,0.6,0.5783604,0.323304,0.5783604,10.554549681109753,1.2076760587343611,0.7923239412656388,1.0,0.0,1.0,0.0,6,0,6,0,6,5,6,6,0.2806369662284851,0.05,,,,,,,,,,,0.38702562222102765,0.38702562222102765
1083,train-load-1.0-scenario-661,1.0,0.8953500000000001,0.6533041666666667,0.8953500000000001,13.658113351759845,0.8798982117843438,0.3928290609429289,0.8181818181818182,0.18181818181818182,0.7857142857142857,0.21428571428571427,9,2,11,3,14,6,11,9,0.48272791504859924,0.05,,,,,,,,,,,0.38702562222102765,0.38702562222102765
1084,train-load-0.5-scenario-140-retry-5,0.5,0.4166666666666667,0.4166666666666667,0.325,19.43467864514341,1.362420732574774,0.637579267425226,1.0,0.0,1.0,0.0,12,0,12,0,12,8,12,12,0.3185102045536041,0.05,,,,,,,,,,,0.38702562222102765,0.38702562222102765
1085,train-load-0.9-scenario-748-retry-2,0.9,1.0,0.16666666666666666,1.0,4.794062824737603,-0.2121863471156249,0.6121863471156248,0.6,0.4,0.6,0.4,6,4,6,4,10,6,10,6,0.2245761901140213,0.05,,,,,,,,,,,0.38702562222102765,0.38702562222102765
1086,train-hard-4gpu-12pod-small,0.375,0.375,0.25,0.375,22.270778062990146,1.875,0.125,1.0,0.0,1.0,0.0,12,0,12,0,12,4,12,12,0.5730732679367065,0.05,,,,,,,,,,,0.38702562222102765,0.38702562222102765
1087,train-load-0.7-scenario-535,0.7,0.6,0.16666666666666666,0.6,14.085336615237747,1.3978217733600407,0.6021782266399593,1.0,0.0,1.0,0.0,8,0,8,0,8,8,8,8,0.36135709285736084,0.05,,,,,,,,,,,0.38702562222102765,0.38702562222102765
1088,train-load-0.9-scenario-490,0.9,0.7954685714285714,0.6622619642857144,0.7954685714285714,16.504877877354268,1.0265705352042906,0.35804484941109394,0.8461538461538461,0.15384615384615385,0.8571428571428571,0.14285714285714285,11,2,12,2,14,7,13,11,0.3853694498538971,0.05,,,,,,,,,,,0.38702562222102765,0.38702562222102765
1089,train-load-0.7-scenario-122,0.7,0.6007895,0.5297824999999999,0.6007895,7.233698586812547,0.7655582034731853,0.4344417965268149,0.8,0.2,0.6666666666666666,0.3333333333333333,4,1,4,2,6,4,5,4,0.41403746604919434,0.05,,,,,,,,,,,0.38702562222102765,0.38702562222102765
1090,train-load-0.6-scenario-2-retry-1,0.6,0.5,0.5,0.3,36.1823992686451,1.4508054934710533,0.5491945065289467,1.0,0.0,1.0,0.0,24,0,24,0,24,8,24,24,0.294159471988678,0.05,,,,,,,,,,,0.38702562222102765,0.38702562222102765
1091,train-load-0.6-scenario-540,0.6,0.5915130000000001,0.30926200000000004,0.5915130000000001,10.171226151884742,1.1379937651683756,0.8620062348316244,1.0,0.0,1.0,0.0,6,0,6,0,6,5,6,6,0.40206432342529297,0.05,,,,,,,,,,,0.38702562222102765,0.38702562222102765
1092,train-load-0.7-scenario-41-retry-1,0.7,0.6,0.48,0.6,20.943291545442577,1.6569560179922287,0.34304398200777136,1.0,0.0,1.0,0.0,12,0,12,0,12,5,12,12,0.3091621696949005,0.05,,,,,,,,,,,0.38702562222102765,0.38702562222102765
1093,train-load-0.8-scenario-140-retry-5,0.8,0.9,0.9,0.9,7.03767886965593,0.1962310354977198,0.47043563116894677,0.6666666666666666,0.3333333333333333,0.6666666666666666,0.3333333333333333,6,3,6,3,9,4,9,6,0.3074513375759125,0.05,,,,,,,,,,,0.38702562222102765,0.38702562222102765
1094,train-load-0.5-scenario-182,0.5,0.47289250000000005,0.47289250000000005,0.3517012,11.03422575574714,1.5161744550962353,0.4838255449037647,1.0,0.0,1.0,0.0,5,0,6,0,6,5,5,5,0.2748149633407593,0.05,,,,,,,,,,,0.38702562222102765,0.38702562222102765
1095,train-load-1.0-scenario-519,1.0,1.0857142857142856,0.4523809523809524,1.0857142857142856,9.945412568203874,-0.31807120891069807,0.6338606825949087,0.5789473684210527,0.42105263157894735,0.5789473684210527,0.42105263157894735,11,8,11,8,19,7,19,11,0.35989484190940857,0.05,,,,,,,,,,,0.38702562222102765,0.38702562222102765
1096,train-load-0.9-scenario-136,0.9,0.895280875,0.56138296875,0.895280875,19.70182915177923,1.2062256359548287,0.5080600783308857,0.9285714285714286,0.07142857142857142,0.8666666666666667,0.13333333333333333,13,1,13,2,15,8,14,13,0.3258913457393646,0.05,,,,,,,,,,,0.38702562222102765,0.38702562222102765
1097,train-load-0.5-scenario-145-retry-3,0.5,0.525,0.45,0.525,15.631833310051707,1.3967744339883983,0.6032255660116018,1.0,0.0,1.0,0.0,9,0,9,0,9,4,9,9,0.24581187963485718,0.05,,,,,,,,,,,0.38702562222102765,0.38702562222102765
1098,train-load-0.9-scenario-552,0.9,0.840625,0.840625,0.8336562,11.746172645477587,0.8194350696648293,0.3805649303351709,0.8,0.2,0.75,0.25,8,2,9,3,12,5,10,8,0.3925417959690094,0.05,,,,,,,,,,,0.38702562222102765,0.38702562222102765
1099,train-load-0.6-scenario-378,0.6,0.6666666666666666,0.6666666666666666,0.5714285714285714,20.990216091256368,1.673771673981415,0.32622832601858487,1.0,0.0,1.0,0.0,12,0,12,0,12,7,12,12,0.42410606145858765,0.05,,,,,,,,,,,0.38702562222102765,0.38702562222102765
1100,train-load-1.0-scenario-44,1.0,0.943413375,0.7465421874999999,0.943413375,14.552956139192387,0.4600340102949979,0.5399659897050021,0.75,0.25,0.7222222222222222,0.2777777777777778,12,4,13,5,18,8,16,12,0.43606579303741455,0.05,0.3563197554239781,0.5397972775081638,0.7240292582330354,0.27597074176696457,0.7101263893913055,0.28987361060869454,0.3563197554239781,0.678703090378308,0.2839297232820266,0.7042747761105208,0.38702562222102765,0.38702562222102765
1101,train-load-0.7-scenario-552-retry-5,0.7,0.6,0.5,0.6,21.5586294700424,1.7115400663126348,0.2884599336873652,1.0,0.0,1.0,0.0,12,0,12,0,12,4,12,12,0.5017688274383545,0.05,,,,,,,,,,,0.38702562222102765,0.38702562222102765
1102,train-load-1.0-scenario-728-retry-6,1.0,1.1111111111111112,1.1111111111111112,0.38333333333333336,3.018098598131432,-0.6006245127012256,0.7824426945194074,0.5454545454545454,0.45454545454545453,0.5454545454545454,0.45454545454545453,6,5,6,5,11,6,11,6,0.17901331186294556,0.05,,,,,,,,,,,0.38702562222102765,0.38702562222102765
1103,train-load-0.5-scenario-16,0.5,0.4,0.3333333333333333,0.4,18.082559586203608,1.5700625672448052,0.4299374327551948,1.0,0.0,1.0,0.0,10,0,10,0,10,5,10,10,0.29497671127319336,0.05,,,,,,,,,,,0.38702562222102765,0.38702562222102765
1104,train-load-0.8-scenario-65-retry-1,0.8,0.8333333333333334,0.3333333333333333,0.8333333333333334,5.491712584001514,-0.14393898191541044,0.5439389819154103,0.6,0.4,0.6,0.4,6,4,6,4,10,6,10,6,0.32341891527175903,0.05,,,,,,,,,,,0.38702562222102765,0.38702562222102765
1105,train-load-0.6-scenario-161,0.6,0.5,0.5,0.5,15.914847285733691,1.6754095301770517,0.32459046982294837,1.0,0.0,1.0,0.0,8,0,8,0,8,8,8,8,0.38787317276000977,0.05,,,,,,,,,,,0.38702562222102765,0.38702562222102765
1106,train-load-0.6-scenario-313-retry-3,0.6,0.5,0.5,0.5,31.74808233352733,1.588646395148369,0.4113536048516312,1.0,0.0,1.0,0.0,20,0,20,0,20,8,20,20,0.09400596469640732,0.05,,,,,,,,,,,0.38702562222102765,0.38702562222102765
1107,train-load-0.5-scenario-463-retry-2,0.5,0.6,0.5,0.6,16.941662345331615,1.6393647631919128,0.3606352368080871,1.0,0.0,1.0,0.0,9,0,9,0,9,7,9,9,0.28107577562332153,0.05,,,,,,,,,,,0.38702562222102765,0.38702562222102765
1108,train-load-0.9-scenario-697,0.9,0.8715470000000001,0.4916158333333333,0.8715470000000001,9.62538680475673,0.5533935186515725,0.5577175924595387,0.7777777777777778,0.2222222222222222,0.7,0.3,7,2,7,3,10,6,9,7,0.3098123073577881,0.05,,,,,,,,,,,0.38702562222102765,0.38702562222102765
1109,train-load-0.8-scenario-42,0.8,0.8714285714285714,0.8285714285714286,0.8714285714285714,4.7817303630964405,-0.07539588869968727,0.5753958886996873,0.625,0.375,0.45454545454545453,0.5454545454545454,5,3,5,6,11,7,8,5,0.39363932609558105,0.05,,,,,,,,,,,0.38702562222102765,0.38702562222102765
1110,train-load-0.8-scenario-413,0.8,0.721735625,0.721735625,0.6921685,11.982362468658042,1.0833397698405238,0.4166602301594763,0.875,0.125,0.875,0.125,7,1,7,1,8,4,8,7,0.20494049787521362,0.05,,,,,,,,,,,0.38702562222102765,0.38702562222102765
1111,train-load-0.5-scenario-437,0.5,0.5377834,0.26697666666666664,0.5377834,10.209022687474897,1.3698655939841162,0.6301344060158838,1.0,0.0,1.0,0.0,5,0,5,0,5,5,5,5,0.35582536458969116,0.05,,,,,,,,,,,0.38702562222102765,0.38702562222102765
1112,train-load-0.5-scenario-2,0.5,0.5512440000000001,0.22677,0.5512440000000001,8.112331826517543,1.194854457804027,0.805145542195973,1.0,0.0,1.0,0.0,4,0,4,0,4,4,4,4,0.2949824333190918,0.05,,,,,,,,,,,0.38702562222102765,0.38702562222102765
1113,train-load-0.5-scenario-194-retry-1,0.5,0.5714285714285714,0.5714285714285714,0.5714285714285714,14.869464236533602,1.516216810745455,0.483783189254545,1.0,0.0,1.0,0.0,8,0,10,0,10,7,8,8,0.2630195617675781,0.05,,,,,,,,,,,0.38702562222102765,0.38702562222102765
1114,train-load-0.9-scenario-571,0.9,0.8348988749999999,0.47460125,0.8348988749999999,13.00272800987151,0.5733211961430238,0.7600121371903097,0.8333333333333334,0.16666666666666666,0.7692307692307693,0.23076923076923078,10,2,10,3,13,8,12,10,0.3142549991607666,0.05,,,,,,,,,,,0.38702562222102765,0.38702562222102765
1115,train-load-0.7-scenario-381,0.7,0.7168632,0.3338316666666667,0.7168632,9.373267654828087,1.2432416537547135,0.7567583462452865,1.0,0.0,1.0,0.0,5,0,6,0,6,5,5,5,0.24578984081745148,0.05,,,,,,,,,,,0.38702562222102765,0.38702562222102765
1116,train-load-0.7-scenario-444,0.7,0.65,0.38125,0.65,6.259766715224275,0.04746988778939609,0.6191967788772705,0.6666666666666666,0.3333333333333333,0.6666666666666666,0.3333333333333333,6,3,6,3,9,8,9,6,0.25499534606933594,0.05,,,,,,,,,,,0.38702562222102765,0.38702562222102765
1117,train-load-0.8-scenario-259,0.8,0.6920106666666667,0.3022489583333333,0.6920106666666667,10.65855533951379,1.268458874821485,0.7315411251785151,1.0,0.0,1.0,0.0,6,0,7,0,7,6,6,6,0.35480573773384094,0.05,,,,,,,,,,,0.38702562222102765,0.38702562222102765
1118,train-load-0.6-scenario-61-retry-3,0.6,0.7,0.28,0.7,17.12358283874472,0.907934489029046,0.5206369395423824,0.8571428571428571,0.14285714285714285,0.8571428571428571,0.14285714285714285,12,2,12,2,14,5,14,12,0.3241575360298157,0.05,,,,,,,,,,,0.38702562222102765,0.38702562222102765
1119,train-load-0.8-scenario-255,0.8,0.9166666666666666,0.6666666666666666,0.9166666666666666,6.98663304038182,0.1468800371196345,0.2531199628803654,0.6,0.4,0.6,0.4,6,4,6,4,10,6,10,6,0.24873164296150208,0.05,,,,,,,,,,,0.38702562222102765,0.38702562222102765
1120,train-load-0.8-scenario-316-retry-2,0.8,0.6857142857142857,0.5714285714285714,0.6857142857142857,20.335713068123376,1.5816852717525718,0.4183147282474281,1.0,0.0,1.0,0.0,12,0,12,0,12,7,12,12,0.451708048582077,0.05,,,,,,,,,,,0.38702562222102765,0.38702562222102765
1121,train-load-0.6-scenario-11-retry-5,0.6,0.64,0.26666666666666666,0.64,14.188139678862697,1.4190080452014144,0.5809919547985857,1.0,0.0,1.0,0.0,8,0,8,0,8,5,8,8,0.3814420998096466,0.05,,,,,,,,,,,0.38702562222102765,0.38702562222102765
1122,train-load-1.0-scenario-687-retry-4,1.0,1.0,0.6666666666666666,1.0,3.384101772581391,-0.4326795803121031,0.432679580312103,0.5,0.5,0.5,0.5,5,5,5,5,10,5,10,5,0.2866145074367523,0.05,,,,,,,,,,,0.38702562222102765,0.38702562222102765
1123,train-load-0.8-scenario-168-retry-2,0.8,0.9,0.9,0.4125,8.870219541764342,0.4636650473508208,0.6474460637602903,0.7777777777777778,0.2222222222222222,0.7777777777777778,0.2222222222222222,7,2,7,2,9,8,9,7,0.23330970108509064,0.05,,,,,,,,,,,0.38702562222102765,0.38702562222102765
1124,train-load-0.9-scenario-712-retry-1,0.9,0.824690375,0.7144052083333333,0.824690375,21.751295630629404,1.0984470228089203,0.4309647418969619,0.8823529411764706,0.11764705882352941,0.8333333333333334,0.16666666666666666,15,2,15,3,18,8,17,15,0.356188029050827,0.05,,,,,,,,,,,0.38702562222102765,0.38702562222102765
1125,train-load-1.0-scenario-586-retry-2,1.0,0.9,0.9,0.9,14.54650172345911,0.30843269289848685,0.3582339737681798,0.6666666666666666,0.3333333333333333,0.6666666666666666,0.3333333333333333,12,6,12,6,18,4,18,12,0.22152449190616608,0.05,,,,,,,,,,,0.38702562222102765,0.38702562222102765
1126,train-load-0.8-scenario-41-retry-7,0.8,0.87,0.2,0.87,8.485450810838204,0.42738963449619827,0.6837214766149129,0.7777777777777778,0.2222222222222222,0.7777777777777778,0.2222222222222222,7,2,7,2,9,5,9,7,0.36249566078186035,0.05,,,,,,,,,,,0.38702562222102765,0.38702562222102765
1127,train-load-1.0-scenario-631-retry-4,1.0,1.0416666666666667,1.0416666666666667,0.875,8.708328320512273,0.29499927519094193,0.505000724809058,0.7,0.3,0.6,0.4,7,3,9,6,15,4,10,7,0.3134934902191162,0.05,,,,,,,,,,,0.38702562222102765,0.38702562222102765
1128,train-load-0.7-scenario-742,0.7,0.638610125,0.41523177083333335,0.638610125,11.671021498873834,0.8242282286354089,0.7313273269201466,0.8888888888888888,0.1111111111111111,0.8181818181818182,0.18181818181818182,8,1,9,2,11,8,9,8,0.274030864238739,0.05,,,,,,,,,,,0.38702562222102765,0.38702562222102765
1129,train-load-0.5-scenario-270,0.5,0.4578494791666667,0.4578494791666667,0.43494999999999995,10.268922482438285,1.3780630729866785,0.6219369270133214,1.0,0.0,1.0,0.0,5,0,5,0,5,4,5,5,0.3571225106716156,0.05,,,,,,,,,,,0.38702562222102765,0.38702562222102765
1130,train-load-1.0-scenario-725,1.0,0.8877321666666668,0.5941145833333333,0.8877321666666668,15.506564858253125,0.9694040798065632,0.6972625868601035,0.9166666666666666,0.08333333333333333,0.8461538461538461,0.15384615384615385,11,1,11,2,13,6,12,11,0.3838134706020355,0.05,,,,,,,,,,,0.38702562222102765,0.38702562222102765
1131,train-load-0.6-scenario-456,0.6,0.5895276250000001,0.25671875,0.5895276250000001,12.945427739415514,1.2245963427842645,0.7754036572157356,1.0,0.0,1.0,0.0,8,0,8,0,8,8,8,8,0.41777151823043823,0.05,,,,,,,,,,,0.38702562222102765,0.38702562222102765
1132,train-load-0.5-scenario-1,0.5,0.56,0.56,0.46,19.83354546535301,1.6694381290099476,0.3305618709900523,1.0,0.0,1.0,0.0,11,0,11,0,11,5,11,11,0.30948883295059204,0.05,,,,,,,,,,,0.38702562222102765,0.38702562222102765
1133,train-load-0.6-scenario-184,0.6,0.5,0.3333333333333333,0.5,26.24730743325328,1.6020558407824712,0.3979441592175288,1.0,0.0,1.0,0.0,16,0,16,0,16,8,16,16,0.4312227666378021,0.05,,,,,,,,,,,0.38702562222102765,0.38702562222102765
1134,train-load-0.9-scenario-428,0.9,0.9,0.9,0.9,7.267478077840117,0.2579457147177564,0.4087209519489102,0.6666666666666666,0.3333333333333333,0.6666666666666666,0.3333333333333333,6,3,6,3,9,4,9,6,0.3914893567562103,0.05,,,,,,,,,,,0.38702562222102765,0.38702562222102765
1135,train-load-0.7-scenario-703,0.7,0.67604825,0.36447421875,0.67604825,13.033274200141157,0.9158322407845878,0.6841677592154123,0.9,0.1,0.9,0.1,9,1,9,1,10,8,10,9,0.3370770812034607,0.05,,,,,,,,,,,0.38702562222102765,0.38702562222102765
1136,train-load-0.8-scenario-122-retry-5,0.8,0.8571428571428571,0.8571428571428571,0.6857142857142857,7.434905694424156,-0.034876910161196206,0.3682102434945296,0.5833333333333334,0.4166666666666667,0.5833333333333334,0.4166666666666667,7,5,7,5,12,7,12,7,0.19750599563121796,0.05,,,,,,,,,,,0.38702562222102765,0.38702562222102765
1137,train-load-0.7-scenario-290-retry-2,0.7,0.8095238095238095,0.8095238095238095,0.6285714285714286,12.25008222618094,0.7162539440541204,0.5564733286731524,0.8181818181818182,0.18181818181818182,0.8181818181818182,0.18181818181818182,9,2,9,2,11,7,11,9,0.40142515301704407,0.05,,,,,,,,,,,0.38702562222102765,0.38702562222102765
1138,train-load-0.6-scenario-191-retry-1,0.6,0.5,0.5,0.3125,17.512118269653598,1.4657970209994247,0.5342029790005752,1.0,0.0,1.0,0.0,10,0,10,0,10,8,10,10,0.40332329273223877,0.05,,,,,,,,,,,0.38702562222102765,0.38702562222102765
1139,train-load-0.9-scenario-17,0.9,0.8828646,0.698252,0.8828646,9.133698739863977,0.38035660696002893,0.41964339303997095,0.7,0.3,0.7272727272727273,0.2727272727272727,7,3,8,3,11,5,10,7,0.3848184645175934,0.05,,,,,,,,,,,0.38702562222102765,0.38702562222102765
1140,train-load-0.8-scenario-214-retry-5,0.8,0.7142857142857143,0.5285714285714286,0.7142857142857143,25.17151864979337,1.6624277502151044,0.33757224978489575,1.0,0.0,1.0,0.0,15,0,15,0,15,7,15,15,0.4187272787094116,0.05,,,,,,,,,,,0.38702562222102765,0.38702562222102765
1141,train-load-0.7-scenario-240-retry-1,0.7,0.8,0.7375,0.8,11.257033687795069,0.6795493003421019,0.5204506996578981,0.8,0.2,0.8,0.2,8,2,8,2,10,4,10,8,0.2452908754348755,0.05,,,,,,,,,,,0.38702562222102765,0.38702562222102765
1142,train-load-0.8-scenario-694-retry-4,0.8,0.9,0.375,0.9,6.993650640519309,0.18203131773084769,0.48463534893581894,0.6666666666666666,0.3333333333333333,0.6666666666666666,0.3333333333333333,6,3,6,3,9,4,9,6,0.29950594902038574,0.05,,,,,,,,,,,0.38702562222102765,0.38702562222102765
1143,train-load-0.7-scenario-691,0.7,0.6149239999999999,0.5381817708333333,0.6149239999999999,7.341391115851052,0.6669233643000623,0.6664099690332712,0.8333333333333334,0.16666666666666666,0.8333333333333334,0.16666666666666666,5,1,5,1,6,4,6,5,0.46232378482818604,0.05,,,,,,,,,,,0.38702562222102765,0.38702562222102765
1144,train-load-1.0-scenario-88,1.0,0.8989434,0.7603300000000001,0.8989434,11.225476142298087,0.5583839138320398,0.714343358895233,0.8181818181818182,0.18181818181818182,0.75,0.25,9,2,9,3,12,5,11,9,0.24484999477863312,0.05,,,,,,,,,,,0.38702562222102765,0.38702562222102765
1145,train-load-0.7-scenario-713,0.7,0.7333333333333333,0.7333333333333333,0.36666666666666664,18.470757381505752,1.503746991233419,0.49625300876658096,1.0,0.0,1.0,0.0,11,0,11,0,11,6,11,11,0.4551105201244354,0.05,,,,,,,,,,,0.38702562222102765,0.38702562222102765
1146,train-load-0.7-scenario-270,0.7,0.6008416,0.29185,0.6008416,12.29689275261832,1.5033897795128812,0.49661022048711884,1.0,0.0,1.0,0.0,6,0,6,0,6,5,6,6,0.29838114976882935,0.05,,,,,,,,,,,0.38702562222102765,0.38702562222102765
1147,train-hard-4gpu-8pod-1vgpu,0.5,0.5,0.3333333333333333,0.5,14.826750331841652,1.5387055078389387,0.46129449216106144,1.0,0.0,1.0,0.0,8,0,8,0,8,4,8,8,0.3872821033000946,0.05,,,,,,,,,,,0.38702562222102765,0.38702562222102765
1148,train-load-0.5-scenario-661,0.5,0.6,0.3333333333333333,0.6,11.24052929634107,0.9760977887208284,0.5239022112791717,0.875,0.125,0.875,0.125,7,1,7,1,8,6,8,7,0.525246262550354,0.05,,,,,,,,,,,0.38702562222102765,0.38702562222102765
1149,train-load-0.9-scenario-414,0.9,0.8758007142857144,0.3236154761904762,0.8758007142857144,9.453776774431468,0.6747903811044709,0.8252096188955291,0.875,0.125,0.8,0.2,7,1,8,2,10,7,8,7,0.23458966612815857,0.05,,,,,,,,,,,0.38702562222102765,0.38702562222102765
1150,train-load-0.6-scenario-503,0.6,0.48,0.48,0.24,20.917588155231673,1.5785288104682647,0.42147118953173535,1.0,0.0,1.0,0.0,12,0,12,0,12,5,12,12,0.39208072423934937,0.05,,,,,,,,,,,0.38702562222102765,0.38702562222102765
1151,train-load-0.9-scenario-135,0.9,0.9583333333333334,0.15,0.9583333333333334,8.0637069192362,0.3748809056811183,0.7362302054299928,0.7777777777777778,0.2222222222222222,0.7777777777777778,0.2222222222222222,7,2,7,2,9,6,9,7,0.17448148131370544,0.05,,,,,,,,,,,0.38702562222102765,0.38702562222102765
1152,train-load-0.9-scenario-200,0.9,0.8044456,0.6075379166666667,0.8044456,14.46525277550203,1.0760862554408324,0.5239137445591676,0.9,0.1,0.9,0.1,9,1,9,1,10,5,10,9,0.36678919196128845,0.05,,,,,,,,,,,0.38702562222102765,0.38702562222102765
1153,train-load-0.9-scenario-182,0.9,0.791737,0.5488392857142858,0.791737,12.054966285395514,0.7436049715421178,0.8563950284578823,0.9,0.1,0.8333333333333334,0.16666666666666666,9,1,10,2,12,7,10,9,0.4108213782310486,0.05,,,,,,,,,,,0.38702562222102765,0.38702562222102765
1154,train-load-0.6-scenario-64,0.6,0.675,0.6375,0.675,17.158603073849502,1.691618235939898,0.308381764060102,1.0,0.0,1.0,0.0,9,0,9,0,9,4,9,9,0.47567397356033325,0.05,,,,,,,,,,,0.38702562222102765,0.38702562222102765
1155,train-load-1.0-scenario-501-retry-4,1.0,1.0833333333333333,1.0833333333333333,0.9833333333333333,8.940175292711295,-0.13895965996248738,0.3889596599624873,0.5625,0.4375,0.5625,0.4375,9,7,9,7,16,6,16,9,0.24359285831451416,0.05,,,,,,,,,,,0.38702562222102765,0.38702562222102765
1156,train-load-0.8-scenario-213,0.8,0.7398354166666666,0.7398354166666666,0.5498517142857143,14.724880182501519,0.9671518557435872,0.669211780620049,0.9090909090909091,0.09090909090909091,0.8461538461538461,0.15384615384615385,10,1,11,2,13,7,11,10,0.19678659737110138,0.05,,,,,,,,,,,0.38702562222102765,0.38702562222102765
1157,train-load-0.5-scenario-733,0.5,0.493117,0.3583203125,0.493117,11.097746020653567,1.31457630127273,0.6854236987272699,1.0,0.0,1.0,0.0,6,0,9,0,9,8,6,6,0.5011385679244995,0.05,,,,,,,,,,,0.38702562222102765,0.38702562222102765
1158,train-hard-8gpu-16pod-1vgpu,0.5,0.5,0.3333333333333333,0.5,24.780496640741873,1.4166666666666665,0.5833333333333334,1.0,0.0,1.0,0.0,16,0,16,0,16,8,16,16,0.3177407681941986,0.05,,,,,,,,,,,0.38702562222102765,0.38702562222102765
1159,train-load-0.6-scenario-448,0.6,0.51772925,0.2784890625,0.51772925,9.799165198613995,0.6803304538549239,0.8196695461450761,0.875,0.125,0.875,0.125,7,1,7,1,8,8,8,7,0.32068365812301636,0.05,,,,,,,,,,,0.38702562222102765,0.38702562222102765
1160,train-load-0.5-scenario-5,0.5,0.5714285714285714,0.38095238095238093,0.5714285714285714,12.385356989869038,1.1347039256262739,0.36529607437372624,0.875,0.125,0.875,0.125,7,1,7,1,8,7,8,7,0.4953511953353882,0.05,,,,,,,,,,,0.38702562222102765,0.38702562222102765
1161,train-load-1.0-scenario-307-retry-1,1.0,0.8919255,0.4867673611111111,0.8919255,11.14023991723134,0.6159331203409066,0.9840668796590935,0.9,0.1,0.8181818181818182,0.18181818181818182,9,1,9,2,11,6,10,9,0.18184302747249603,0.05,,,,,,,,,,,0.38702562222102765,0.38702562222102765
1162,train-load-0.7-scenario-217,0.7,0.65,0.3333333333333333,0.65,17.229910929719605,1.4784298494096726,0.5215701505903273,1.0,0.0,1.0,0.0,10,0,10,0,10,5,10,10,0.3977413475513458,0.05,,,,,,,,,,,0.38702562222102765,0.38702562222102765
1163,train-load-1.0-scenario-209-retry-5,1.0,1.0625,1.0625,0.775,18.058196480846753,0.4191103976229733,0.5808896023770267,0.75,0.25,0.6428571428571429,0.35714285714285715,15,5,18,10,28,8,20,15,0.1445656269788742,0.05,,,,,,,,,,,0.38702562222102765,0.38702562222102765
1164,train-load-1.0-scenario-95,1.0,1.0046591428571428,0.7095335714285714,1.0046591428571428,14.79405480611327,0.7871888318144704,0.5974265528009142,0.8461538461538461,0.15384615384615385,0.75,0.25,11,2,12,4,16,7,13,11,0.3180011510848999,0.05,,,,,,,,,,,0.38702562222102765,0.38702562222102765
1165,train-hard-4gpu-8pod-1vgpu,0.5,0.5,0.3333333333333333,0.5,14.826750331841652,1.5387055078389387,0.46129449216106144,1.0,0.0,1.0,0.0,8,0,8,0,8,4,8,8,0.48737457394599915,0.05,,,,,,,,,,,0.38702562222102765,0.38702562222102765
1166,train-load-0.6-scenario-305,0.6,0.6666666666666666,0.6666666666666666,0.5333333333333333,11.588665714512867,0.7542989413689901,0.44570105863100995,0.8,0.2,0.8,0.2,8,2,8,2,10,6,10,8,0.36925655603408813,0.05,,,,,,,,,,,0.38702562222102765,0.38702562222102765
1167,train-load-0.8-scenario-347-retry-3,0.8,0.75,0.16666666666666666,0.75,15.40383097173386,0.9494232872075384,0.7172433794591281,0.9166666666666666,0.08333333333333333,0.9166666666666666,0.08333333333333333,11,1,11,1,12,6,12,11,0.2944156527519226,0.05,,,,,,,,,,,0.38702562222102765,0.38702562222102765
1168,train-load-0.7-scenario-36,0.7,0.5833333333333334,0.3888888888888889,0.5833333333333334,23.21236221366395,1.5552411136335043,0.44475888636649574,1.0,0.0,1.0,0.0,14,0,14,0,14,6,14,14,0.40812739729881287,0.05,,,,,,,,,,,0.38702562222102765,0.38702562222102765
1169,train-load-0.8-scenario-515-retry-1,0.8,0.8125,0.8125,0.45,10.904414940658372,0.6694032522920426,0.8861523032635129,0.8888888888888888,0.1111111111111111,0.8181818181818182,0.18181818181818182,8,1,9,2,11,4,9,8,0.262478232383728,0.05,,,,,,,,,,,0.38702562222102765,0.38702562222102765
1170,train-load-0.6-scenario-175-retry-2,0.6,0.72,0.6,0.72,13.122941098463876,1.0822449438048038,0.47331061175075156,0.8888888888888888,0.1111111111111111,0.8888888888888888,0.1111111111111111,8,1,8,1,9,5,9,8,0.10313324630260468,0.05,,,,,,,,,,,0.38702562222102765,0.38702562222102765
1171,train-load-1.0-scenario-671-retry-1,1.0,0.908413,0.8033858333333334,0.908413,9.982392769789206,0.4025011821540141,0.5065897269368951,0.7272727272727273,0.2727272727272727,0.6666666666666666,0.3333333333333333,8,3,8,4,12,5,11,8,0.24593712389469147,0.05,,,,,,,,,,,0.38702562222102765,0.38702562222102765
1172,train-load-0.9-scenario-229,0.9,0.8791092,0.7676929166666666,0.8791092,13.044597259536417,0.7628873411885252,0.5098399315387477,0.8181818181818182,0.18181818181818182,0.75,0.25,9,2,9,3,12,5,11,9,0.3212643563747406,0.05,,,,,,,,,,,0.38702562222102765,0.38702562222102765
1173,train-load-0.7-scenario-595-retry-5,0.7,0.73,0.73,0.54,25.69881431636447,1.6117300039665672,0.3882699960334327,1.0,0.0,1.0,0.0,16,0,16,0,16,5,16,16,0.255252867937088,0.05,,,,,,,,,,,0.38702562222102765,0.38702562222102765
1174,train-load-1.0-scenario-19-retry-11,1.0,0.9333333333333333,0.9333333333333333,0.23333333333333334,10.395904550349847,0.14093206596795127,0.7162107911749059,0.7142857142857143,0.2857142857142857,0.7142857142857143,0.2857142857142857,10,4,10,4,14,6,14,10,0.4881780743598938,0.05,,,,,,,,,,,0.38702562222102765,0.38702562222102765
1175,train-load-0.8-scenario-546,0.8,0.6869111250000001,0.5432364583333333,0.6869111250000001,19.184277160538777,1.238985332852903,0.7610146671470971,1.0,0.0,1.0,0.0,13,0,13,0,13,8,13,13,0.1818673312664032,0.05,,,,,,,,,,,0.38702562222102765,0.38702562222102765
1176,train-load-0.7-scenario-125-retry-3,0.7,0.6583333333333333,0.5083333333333333,0.6583333333333333,21.275166569528793,1.5020302275604267,0.4979697724395733,1.0,0.0,1.0,0.0,13,0,13,0,13,6,13,13,0.28388550877571106,0.05,,,,,,,,,,,0.38702562222102765,0.38702562222102765
1177,train-load-0.8-scenario-225-retry-1,0.8,0.8571428571428571,0.6285714285714286,0.8571428571428571,5.163861772682145,-0.02657668931089363,0.5265766893108936,0.625,0.375,0.5,0.5,5,3,6,6,12,7,8,5,0.4679977297782898,0.05,,,,,,,,,,,0.38702562222102765,0.38702562222102765
1178,train-load-0.5-scenario-659,0.5,0.5014615,0.37707604166666664,0.5014615,13.102418878616913,1.417033564635936,0.582966435364064,1.0,0.0,1.0,0.0,7,0,7,0,7,6,7,7,0.24066442251205444,0.05,,,,,,,,,,,0.38702562222102765,0.38702562222102765
1179,train-load-1.0-scenario-92-retry-4,1.0,0.95,0.95,0.5428571428571428,7.156145179244557,-0.2742490201441492,1.0434797893749184,0.6923076923076923,0.3076923076923077,0.6923076923076923,0.3076923076923077,9,4,9,4,13,7,13,9,0.4536248445510864,0.05,,,,,,,,,,,0.38702562222102765,0.38702562222102765
1180,train-load-0.5-scenario-511-retry-2,0.5,0.5714285714285714,0.38095238095238093,0.5714285714285714,12.507231107607412,1.1613063859124053,0.3386936140875946,0.875,0.125,0.875,0.125,7,1,7,1,8,7,8,7,0.4505395293235779,0.05,,,,,,,,,,,0.38702562222102765,0.38702562222102765
1181,train-load-0.7-scenario-50,0.7,0.6046288571428572,0.4873846428571429,0.6046288571428572,10.703841932186526,0.7137801653818151,0.8417753901737404,0.8888888888888888,0.1111111111111111,0.8,0.2,8,1,8,2,10,7,9,8,0.3567865490913391,0.05,,,,,,,,,,,0.38702562222102765,0.38702562222102765
1182,train-load-0.5-scenario-259-retry-9,0.5,0.575,0.19791666666666666,0.575,13.801808073104603,1.3397528887235262,0.6602471112764737,1.0,0.0,1.0,0.0,8,0,8,0,8,8,8,8,0.42329493165016174,0.05,,,,,,,,,,,0.38702562222102765,0.38702562222102765
1183,train-load-0.5-scenario-567-retry-6,0.5,0.56,0.14,0.56,20.98299990709166,1.2602816324146326,0.7397183675853675,1.0,0.0,1.0,0.0,14,0,14,0,14,5,14,14,0.46557846665382385,0.05,,,,,,,,,,,0.38702562222102765,0.38702562222102765
1184,train-load-0.7-scenario-78-retry-3,0.7,0.8,0.8,0.34,5.305323221115132,0.073887518183396,0.42611248181660405,0.625,0.375,0.625,0.375,5,3,5,3,8,5,8,5,0.5322427749633789,0.05,,,,,,,,,,,0.38702562222102765,0.38702562222102765
1185,train-load-0.8-scenario-107,0.8,0.7654005208333333,0.7654005208333333,0.58697175,10.091281873703373,0.8957103403349843,0.5328610882364442,0.8571428571428571,0.14285714285714285,0.75,0.25,6,1,6,2,8,4,7,6,0.4182891845703125,0.05,,,,,,,,,,,0.38702562222102765,0.38702562222102765
1186,train-load-0.8-scenario-500,0.8,0.7048496666666667,0.47070972222222224,0.7048496666666667,14.356597184826057,1.4226444016756377,0.5773555983243625,1.0,0.0,1.0,0.0,8,0,9,0,9,6,8,8,0.24682337045669556,0.05,,,,,,,,,,,0.38702562222102765,0.38702562222102765
1187,train-load-0.7-scenario-149,0.7,0.6181598214285715,0.6181598214285715,0.612615,10.515514333514746,0.38491844524909447,0.8878088274781784,0.8181818181818182,0.18181818181818182,0.75,0.25,9,2,9,3,12,7,11,9,0.2675934433937073,0.05,,,,,,,,,,,0.38702562222102765,0.38702562222102765
1188,train-load-1.0-scenario-63,1.0,0.9998157999999999,0.8267722499999999,0.9998157999999999,10.255310419304145,0.40876757602949354,0.5003233330614156,0.7272727272727273,0.2727272727272727,0.6153846153846154,0.38461538461538464,8,3,8,5,13,5,11,8,0.30406180024147034,0.05,,,,,,,,,,,0.38702562222102765,0.38702562222102765
1189,train-load-0.7-scenario-185,0.7,0.6484758,0.31206249999999996,0.6484758,9.947486967507048,1.3107443830969672,0.6892556169030328,1.0,0.0,1.0,0.0,5,0,6,0,6,5,5,5,0.2716996669769287,0.05,,,,,,,,,,,0.38702562222102765,0.38702562222102765
1190,train-load-0.6-scenario-479,0.6,0.6071428571428571,0.3333333333333333,0.6071428571428571,4.259998881317324,-0.20011553612488875,0.7001155361248887,0.625,0.375,0.625,0.375,5,3,5,3,8,7,8,5,0.4859216809272766,0.05,,,,,,,,,,,0.38702562222102765,0.38702562222102765
1191,train-load-0.8-scenario-22,0.8,0.7063581250000001,0.7063581250000001,0.6644785,4.741336047471064,0.05645003324532738,0.22926425246895837,0.5714285714285714,0.42857142857142855,0.5714285714285714,0.42857142857142855,4,3,4,3,7,4,7,4,0.48039841651916504,0.05,,,,,,,,,,,0.38702562222102765,0.38702562222102765
1192,train-load-0.7-scenario-707,0.7,0.625,0.1875,0.625,10.63689225754043,0.5907890649979338,0.6092109350020662,0.8,0.2,0.8,0.2,8,2,8,2,10,8,10,8,0.2747890055179596,0.05,,,,,,,,,,,0.38702562222102765,0.38702562222102765
1193,train-load-0.5-scenario-662,0.5,0.5528143999999999,0.2585441666666667,0.5528143999999999,5.5782526858331405,0.5269911302621432,0.6730088697378569,0.8,0.2,0.8,0.2,4,1,4,1,5,5,5,4,0.38137364387512207,0.05,,,,,,,,,,,0.38702562222102765,0.38702562222102765
1194,train-load-0.7-scenario-614,0.7,0.675,0.3125,0.675,19.48362025235789,1.4134955395978908,0.5865044604021092,1.0,0.0,1.0,0.0,12,0,12,0,12,8,12,12,0.5542299747467041,0.05,,,,,,,,,,,0.38702562222102765,0.38702562222102765
1195,train-load-0.9-scenario-705,0.9,0.78125,0.3333333333333333,0.78125,12.56674445924291,0.2400281383765227,0.5099718616234773,0.6875,0.3125,0.6875,0.3125,11,5,11,5,16,8,16,11,0.8179240226745605,0.05,,,,,,,,,,,0.38702562222102765,0.38702562222102765
1196,train-load-1.0-scenario-289-retry-6,1.0,0.88,0.355,0.88,26.525234659932828,0.9468055234419013,0.689558112921735,0.9090909090909091,0.09090909090909091,0.9090909090909091,0.09090909090909091,20,2,20,2,22,5,22,20,0.3520280718803406,0.05,,,,,,,,,,,0.38702562222102765,0.38702562222102765
1197,train-load-0.6-scenario-340,0.6,0.539448125,0.34081812499999997,0.539448125,8.421487823767459,0.6686335798721827,0.7599378486992457,0.8571428571428571,0.14285714285714285,0.7777777777777778,0.2222222222222222,6,1,7,2,9,8,7,6,0.25939857959747314,0.05,,,,,,,,,,,0.38702562222102765,0.38702562222102765
1198,train-load-0.8-scenario-159,0.8,0.688513875,0.40506770833333333,0.688513875,14.265335012321284,0.9002904834029724,0.7360731529606639,0.9090909090909091,0.09090909090909091,0.9166666666666666,0.08333333333333333,10,1,11,1,12,8,11,10,0.3257545232772827,0.05,,,,,,,,,,,0.38702562222102765,0.38702562222102765
1199,train-load-0.8-scenario-466-retry-3,0.8,0.8571428571428571,0.8571428571428571,0.32142857142857145,7.97813723056945,0.1881458598677218,0.6118541401322781,0.7,0.3,0.7,0.3,7,3,7,3,10,7,10,7,0.35729527473449707,0.05,,,,,,,,,,,0.38702562222102765,0.38702562222102765
