episode,scenario_id,target_load,actual_load,memory_load,core_load,reward,objective,balance_score,success_rate,failure_rate,vgpu_success_rate,vgpu_failure_rate,allocated_count,failure_count,allocated_vgpu_count,failure_vgpu_count,total_vgpu_count,num_gpus,num_pods,steps,loss,epsilon,eval_objective,eval_balance_score,eval_success_rate,eval_failure_rate,eval_vgpu_success_rate,eval_vgpu_failure_rate,eval_checkpoint_score,eval_conflict_objective,eval_conflict_intra_gpu_balance_score,eval_lowmid_objective,best_eval_objective,best_checkpoint_score
1,train-hard-4gpu-4pod-2vgpu,0.25,0.25,0.16666666666666666,0.25,11.587203884117226,1.9166666666666665,0.08333333333333337,1.0,0.0,1.0,0.0,4,0,8,0,8,4,4,4,0.0,0.995,,,,,,,,,,,-1e+18,-1e+18
2,train-load-1.0-scenario-99-retry-1,1.0,0.9339352,0.6118933333333333,0.9339352,5.794807944793979,-0.042821155069204475,0.7094878217358711,0.6666666666666666,0.3333333333333333,0.7,0.3,6,3,7,3,10,5,9,6,0.0,0.990025,,,,,,,,,,,-1e+18,-1e+18
3,train-load-0.9-scenario-146-retry-4,0.9,0.8571428571428571,0.8571428571428571,0.5142857142857142,18.644620919798193,0.7259140270158693,0.3851970840952418,0.7777777777777778,0.2222222222222222,0.7777777777777778,0.2222222222222222,14,4,14,4,18,7,18,14,0.0,0.985074875,,,,,,,,,,,-1e+18,-1e+18
4,train-load-1.0-scenario-450-retry-7,1.0,1.0285714285714285,0.8571428571428571,1.0285714285714285,14.202381892868356,0.313916020044401,0.35275064662226563,0.6666666666666666,0.3333333333333333,0.6666666666666666,0.3333333333333333,12,6,12,6,18,7,18,12,0.0,0.9801495006250001,,,,,,,,,,,-1e+18,-1e+18
5,train-load-0.8-scenario-79,0.8,0.75,0.75,0.75,23.01563378955518,1.5137825388522883,0.2195507944810451,0.9333333333333333,0.06666666666666667,0.9333333333333333,0.06666666666666667,14,1,14,1,15,5,15,14,0.0,0.9752487531218751,,,,,,,,,,,-1e+18,-1e+18
6,train-load-0.7-scenario-130,0.7,0.6178597142857143,0.2649208333333333,0.6178597142857143,8.630133020470875,1.097579800670312,0.902420199329688,1.0,0.0,1.0,0.0,5,0,8,0,8,7,5,5,0.0,0.9703725093562657,,,,,,,,,,,-1e+18,-1e+18
7,train-load-0.8-scenario-605,0.8,0.7321888571428571,0.585722619047619,0.7321888571428571,10.148711336755227,0.523101722596563,0.6768982774034371,0.8,0.2,0.8461538461538461,0.15384615384615385,8,2,11,2,13,7,10,8,0.0,0.9655206468094844,,,,,,,,,,,-1e+18,-1e+18
8,train-load-0.8-scenario-7,0.8,0.7055102857142856,0.47708,0.7055102857142856,13.760242528300394,0.9895661546550305,0.6104338453449696,0.9,0.1,0.9166666666666666,0.08333333333333333,9,1,11,1,12,7,10,9,0.0,0.960693043575437,,,,,,,,,,,-1e+18,-1e+18
9,train-load-1.0-scenario-648-retry-6,1.0,0.9666666666666667,0.20833333333333334,0.9666666666666667,8.645563936705255,0.5662684710741845,0.9337315289258155,0.875,0.125,0.7777777777777778,0.2222222222222222,7,1,7,2,9,6,8,7,0.0,0.9558895783575597,,,,,,,,,,,-1e+18,-1e+18
10,train-load-0.8-scenario-741,0.8,0.7239125,0.4965713541666667,0.7239125,16.044882917973784,0.8753050123706564,0.8170026799370359,0.9230769230769231,0.07692307692307693,0.9230769230769231,0.07692307692307693,12,1,12,1,13,8,13,12,0.0,0.9511101304657719,,,,,,,,,,,-1e+18,-1e+18
11,train-load-0.7-scenario-4,0.7,0.6285714285714286,0.5,0.6285714285714286,16.715872213869755,1.4311253792450471,0.5688746207549529,1.0,0.0,1.0,0.0,10,0,10,0,10,7,10,10,0.0,0.946354579813443,,,,,,,,,,,-1e+18,-1e+18
12,train-load-0.5-scenario-476,0.5,0.6,0.55,0.6,15.737115073452689,1.628276985697655,0.3717230143023448,1.0,0.0,1.0,0.0,8,0,8,0,8,4,8,8,0.0,0.9416228069143757,,,,,,,,,,,-1e+18,-1e+18
13,train-load-0.8-scenario-127,0.8,0.7467778333333334,0.6660327083333333,0.7467778333333334,8.430785408043477,0.39749907938602647,0.7136120317250847,0.7777777777777778,0.2222222222222222,0.7272727272727273,0.2727272727272727,7,2,8,3,11,6,9,7,0.0,0.9369146928798039,,,,,,,,,,,-1e+18,-1e+18
14,train-load-0.7-scenario-273-retry-1,0.7,0.7619047619047619,0.7619047619047619,0.22857142857142856,4.307453397748441,-0.11245919624292244,0.6124591962429224,0.625,0.375,0.625,0.375,5,3,5,3,8,7,8,5,0.0,0.9322301194154049,,,,,,,,,,,-1e+18,-1e+18
15,train-load-0.7-scenario-619-retry-1,0.7,0.8125,0.8125,0.65,9.601712035576664,0.21098275021924628,0.2505557113192153,0.6153846153846154,0.38461538461538464,0.6153846153846154,0.38461538461538464,8,5,8,5,13,8,13,8,3.4602510929107666,0.9275689688183278,,,,,,,,,,,-1e+18,-1e+18
16,train-load-1.0-scenario-576-retry-1,1.0,0.925844,0.4472596875,0.925844,5.822271570783335,-0.21622361471132456,0.76167816016587,0.6363636363636364,0.36363636363636365,0.6153846153846154,0.38461538461538464,7,4,8,5,13,8,11,7,3.6153242588043213,0.9229311239742362,,,,,,,,,,,-1e+18,-1e+18
17,train-load-1.0-scenario-469,1.0,0.89148,0.7029079166666666,0.89148,5.842725570243221,-0.011522525079023405,0.67818919174569,0.6666666666666666,0.3333333333333333,0.6,0.4,6,3,6,4,10,5,9,6,3.0812971591949463,0.918316468354365,,,,,,,,,,,-1e+18,-1e+18
18,train-load-0.5-scenario-666-retry-6,0.5,0.5,0.5,0.5,15.957838653393868,1.6728494747158824,0.3271505252841176,1.0,0.0,1.0,0.0,8,0,8,0,8,8,8,8,3.2447962760925293,0.9137248860125932,,,,,,,,,,,-1e+18,-1e+18
19,train-load-0.5-scenario-241-retry-1,0.5,0.5714285714285714,0.5714285714285714,0.11428571428571428,10.748307485544567,0.9203957945700958,0.5796042054299042,0.875,0.125,0.875,0.125,7,1,7,1,8,7,8,7,1.4429686069488525,0.9091562615825302,,,,,,,,,,,-1e+18,-1e+18
20,train-load-0.7-scenario-217,0.7,0.65,0.3333333333333333,0.65,16.73855782252642,1.3801258528351952,0.6198741471648048,1.0,0.0,1.0,0.0,10,0,10,0,10,5,10,10,2.7834396362304688,0.9046104802746175,,,,,,,,,,,-1e+18,-1e+18
21,train-load-0.8-scenario-155-retry-1,0.8,0.9,0.225,0.9,9.529187815023167,0.5539910120701611,0.5571200990409501,0.7777777777777778,0.2222222222222222,0.7777777777777778,0.2222222222222222,7,2,7,2,9,4,9,7,2.940613031387329,0.9000874278732445,,,,,,,,,,,-1e+18,-1e+18
22,train-load-0.7-scenario-82-retry-3,0.7,0.8,0.47619047619047616,0.8,2.1189688659994266,-0.5698123632201018,0.5698123632201018,0.5,0.5,0.5,0.5,4,4,4,4,8,7,8,4,2.978898048400879,0.8955869907338783,,,,,,,,,,,-1e+18,-1e+18
23,train-load-0.5-scenario-588-retry-4,0.5,0.5625,0.425,0.5625,18.385133046646267,1.4180730265442327,0.5819269734557673,1.0,0.0,1.0,0.0,11,0,11,0,11,8,11,11,1.5183570384979248,0.8911090557802088,,,,,,,,,,,-1e+18,-1e+18
24,train-load-0.5-scenario-336,0.5,0.5779002857142856,0.4240873214285714,0.5779002857142856,8.684221173963802,0.7168961215725748,0.7116753069988537,0.8571428571428571,0.14285714285714285,0.8888888888888888,0.1111111111111111,6,1,8,1,9,7,7,6,2.252673864364624,0.8866535105013078,,,,,,,,,,,-1e+18,-1e+18
25,train-load-0.9-scenario-694-retry-2,0.9,0.96,0.8,0.96,3.8318798772501714,-0.32825230085018264,0.32825230085018264,0.5,0.5,0.5,0.5,5,5,5,5,10,5,10,5,1.2122151851654053,0.8822202429488013,,,,,,,,,,,-1e+18,-1e+18
26,train-load-1.0-scenario-267-retry-1,1.0,1.11,1.1,1.11,1.6533627975984893,-0.7621669899977358,0.7621669899977358,0.5,0.5,0.5,0.5,5,5,5,5,10,5,10,5,1.380192756652832,0.8778091417340573,,,,,,,,,,,-1e+18,-1e+18
27,train-load-0.5-scenario-269-retry-3,0.5,0.6,0.5285714285714286,0.6,19.71643339234879,1.6619890071509422,0.33801099284905767,1.0,0.0,1.0,0.0,11,0,11,0,11,7,11,11,1.013761281967163,0.8734200960253871,,,,,,,,,,,-1e+18,-1e+18
28,train-load-0.9-scenario-710,0.9,0.7970512500000001,0.7970512500000001,0.6030285,15.370245693378962,1.1600745843900264,0.4762890519736098,0.9090909090909091,0.09090909090909091,0.9166666666666666,0.08333333333333333,10,1,11,1,12,6,11,10,0.8536877632141113,0.8690529955452602,,,,,,,,,,,-1e+18,-1e+18
29,train-load-0.7-scenario-552-retry-5,0.7,0.6,0.5,0.6,20.65417695624008,1.5770171357991927,0.4229828642008074,1.0,0.0,1.0,0.0,12,0,12,0,12,4,12,12,1.367305040359497,0.8647077305675338,,,,,,,,,,,-1e+18,-1e+18
30,train-load-0.8-scenario-348,0.8,0.7936703333333334,0.4981127083333333,0.7936703333333334,8.499998396886959,0.3740157403281563,0.7370953707829548,0.7777777777777778,0.2222222222222222,0.8181818181818182,0.18181818181818182,7,2,9,2,11,6,9,7,1.3355151414871216,0.8603841919146962,,,,,,,,,,,-1e+18,-1e+18
31,train-load-1.0-scenario-632,1.0,0.91636,0.6349511904761905,0.91636,12.172518425713934,0.4526799914574594,0.6242430854656176,0.7692307692307693,0.23076923076923078,0.8,0.2,10,3,12,3,15,7,13,10,1.4769680500030518,0.8560822709551227,,,,,,,,,,,-1e+18,-1e+18
32,train-load-0.6-scenario-42-retry-1,0.6,0.71875,0.71875,0.3125,7.130434877191645,0.29713997071299025,0.7028600292870097,0.75,0.25,0.6923076923076923,0.3076923076923077,6,2,9,4,13,8,8,6,1.8838272094726562,0.851801859600347,,,,,,,,,,,-1e+18,-1e+18
33,train-load-1.0-scenario-622-retry-15,1.0,1.0833333333333333,1.0833333333333333,0.8833333333333333,0.7095102104311046,-0.8617143807951624,0.6394921585729401,0.4444444444444444,0.5555555555555556,0.4444444444444444,0.5555555555555556,4,5,4,5,9,6,9,4,0.8057584166526794,0.8475428503023453,,,,,,,,,,,-1e+18,-1e+18
34,train-load-0.9-scenario-254,0.9,0.793604125,0.49705078125,0.793604125,13.89949892534717,0.8332467135906916,0.8031169227729447,0.9090909090909091,0.09090909090909091,0.8461538461538461,0.15384615384615385,10,1,11,2,13,8,11,10,1.0055296421051025,0.8433051360508336,,,,,,,,,,,-1e+18,-1e+18
35,train-load-0.8-scenario-432-retry-4,0.8,0.84,0.7,0.84,8.422858706711043,0.571499528610492,0.42850047138950786,0.75,0.25,0.75,0.25,6,2,6,2,8,5,8,6,1.4820305109024048,0.8390886103705794,,,,,,,,,,,-1e+18,-1e+18
36,train-load-0.8-scenario-99,0.8,0.692815,0.30696124999999996,0.692815,9.53304677886463,1.2821042146169912,0.7178957853830089,1.0,0.0,1.0,0.0,5,0,5,0,5,4,5,5,0.7462379932403564,0.8348931673187264,,,,,,,,,,,-1e+18,-1e+18
37,train-load-0.5-scenario-542-retry-6,0.5,0.4,0.16666666666666666,0.4,16.499543637725292,1.3025276048780303,0.6974723951219696,1.0,0.0,1.0,0.0,10,0,10,0,10,5,10,10,1.714158058166504,0.8307187014821328,,,,,,,,,,,-1e+18,-1e+18
38,train-load-1.0-scenario-541,1.0,1.0,0.42857142857142855,1.0,5.338895232460803,-0.137630946909434,0.5376309469094339,0.6,0.4,0.6,0.4,6,4,6,4,10,7,10,6,0.9880322217941284,0.8265651079747222,,,,,,,,,,,-1e+18,-1e+18
39,train-load-0.7-scenario-225-retry-7,0.7,0.6,0.5,0.6,20.62045944684192,1.5942876328438906,0.4057123671561095,1.0,0.0,1.0,0.0,12,0,12,0,12,4,12,12,1.0458707809448242,0.8224322824348486,,,,,,,,,,,-1e+18,-1e+18
40,train-load-0.5-scenario-464,0.5,0.5018192857142857,0.2241223214285714,0.5018192857142857,9.514022371041024,1.2258018853761343,0.7741981146238657,1.0,0.0,1.0,0.0,5,0,6,0,6,7,5,5,1.1838691234588623,0.8183201210226743,,,,,,,,,,,-1e+18,-1e+18
41,train-load-0.9-scenario-109-retry-4,0.9,0.9928571428571429,0.6904761904761905,0.9928571428571429,12.098245717856447,0.6524277477200356,0.6202995250072372,0.8181818181818182,0.18181818181818182,0.7142857142857143,0.2857142857142857,9,2,10,4,14,7,11,9,1.1673986911773682,0.8142285204175609,,,,,,,,,,,-1e+18,-1e+18
42,train-load-0.9-scenario-295-retry-1,0.9,0.9714285714285714,0.47619047619047616,0.9714285714285714,2.542515949235119,-0.44457202042353117,0.44457202042353117,0.5,0.5,0.5833333333333334,0.4166666666666667,4,4,7,5,12,7,8,4,1.5445002317428589,0.810157377815473,,,,,,,,,,,-1e+18,-1e+18
43,train-hard-8gpu-16pod-1vgpu,0.5,0.5,0.3333333333333333,0.5,24.127814883445765,1.3230229702535046,0.6769770297464954,1.0,0.0,1.0,0.0,16,0,16,0,16,8,16,16,1.193866491317749,0.8061065909263957,,,,,,,,,,,-1e+18,-1e+18
44,train-load-0.5-scenario-596-retry-2,0.5,0.4,0.24166666666666667,0.4,29.97696801358855,1.4115614957000293,0.5884385042999706,1.0,0.0,1.0,0.0,20,0,20,0,20,5,20,20,1.3416308164596558,0.8020760579717637,,,,,,,,,,,-1e+18,-1e+18
45,train-load-0.6-scenario-379,0.6,0.5539235714285715,0.4251851190476191,0.5539235714285715,15.33022455103833,1.3836039584547808,0.6163960415452192,1.0,0.0,1.0,0.0,9,0,10,0,10,7,9,9,1.025273323059082,0.798065677681905,,,,,,,,,,,-1e+18,-1e+18
46,train-load-0.6-scenario-110-retry-2,0.6,0.7,0.3875,0.7,7.181711592697981,0.3292729954592848,0.6707270045407152,0.75,0.25,0.7272727272727273,0.2727272727272727,6,2,8,3,11,8,8,6,1.4540760517120361,0.7940753492934954,,,,,,,,,,,-1e+18,-1e+18
47,train-load-0.9-scenario-733,0.9,0.8013057142857143,0.7155392857142857,0.8013057142857143,12.199855208944893,0.5250393473399646,0.8082939859933689,0.8333333333333334,0.16666666666666666,0.7142857142857143,0.2857142857142857,10,2,10,4,14,7,12,10,1.4077677726745605,0.7901049725470279,,,,,,,,,,,-1e+18,-1e+18
48,train-load-0.8-scenario-182,0.8,0.6872351999999999,0.41686416666666665,0.6872351999999999,3.412600353237255,-0.027239296319823247,0.6939059629864899,0.6666666666666666,0.3333333333333333,0.75,0.25,4,2,6,2,8,5,6,4,1.2515909671783447,0.7861544476842928,,,,,,,,,,,-1e+18,-1e+18
49,train-load-1.0-scenario-151-retry-1,1.0,0.88151425,0.5606734375,0.88151425,9.292385896105984,0.06888421794381805,0.7003465512869511,0.6923076923076923,0.3076923076923077,0.7333333333333333,0.26666666666666666,9,4,11,4,15,8,13,9,0.8088095188140869,0.7822236754458713,,,,,,,,,,,-1e+18,-1e+18
50,train-load-0.8-scenario-281,0.8,0.7766521428571429,0.4775605357142857,0.7766521428571429,12.167829676053788,0.7866573633972644,0.8133426366027356,0.9,0.1,0.8181818181818182,0.18181818181818182,9,1,9,2,11,7,10,9,0.8288651704788208,0.778312557068642,,,,,,,,,,,-1e+18,-1e+18
51,train-load-0.6-scenario-732,0.6,0.582143,0.40432083333333335,0.582143,12.939815342933736,1.1917672456019173,0.8082327543980827,1.0,0.0,1.0,0.0,8,0,8,0,8,6,8,8,0.6072949767112732,0.7744209942832988,,,,,,,,,,,-1e+18,-1e+18
52,train-load-0.7-scenario-304,0.7,0.6070014,0.5481195,0.6070014,13.320597339241134,1.2707190283738106,0.7292809716261895,1.0,0.0,1.0,0.0,8,0,8,0,8,5,8,8,0.5878316760063171,0.7705488893118823,,,,,,,,,,,-1e+18,-1e+18
53,train-load-1.0-scenario-612-retry-2,1.0,0.9092774285714286,0.6270460714285715,0.9092774285714286,12.673558288661885,0.48537218556948614,0.5915508913535908,0.7692307692307693,0.23076923076923078,0.7857142857142857,0.21428571428571427,10,3,11,3,14,7,13,10,0.4060891270637512,0.7666961448653229,,,,,,,,,,,-1e+18,-1e+18
54,train-load-0.6-scenario-104-retry-3,0.6,0.6,0.6,0.36,15.611616041474708,1.428184276721161,0.571815723278839,1.0,0.0,1.0,0.0,9,0,9,0,9,5,9,9,0.5937005281448364,0.7628626641409962,,,,,,,,,,,-1e+18,-1e+18
55,train-load-1.0-scenario-292-retry-2,1.0,0.9334906666666666,0.8370159722222222,0.9334906666666666,5.187121693213629,-0.1909567575641936,0.5909567575641935,0.6,0.4,0.6153846153846154,0.38461538461538464,6,4,8,5,13,6,10,6,0.8492586016654968,0.7590483508202912,,,,,,,,,,,-1e+18,-1e+18
56,train-hard-4gpu-4pod-1vgpu,0.25,0.25,0.16666666666666666,0.25,8.827369920046099,1.406356303586838,0.5936436964131621,1.0,0.0,1.0,0.0,4,0,4,0,4,4,4,4,0.788947582244873,0.7552531090661897,,,,,,,,,,,-1e+18,-1e+18
57,train-load-0.9-scenario-260-retry-2,0.9,0.9625,0.5833333333333334,0.9625,14.60208825332548,0.994061873376844,0.6423017629867922,0.9090909090909091,0.09090909090909091,0.9090909090909091,0.09090909090909091,10,1,10,1,11,4,11,10,0.5065799355506897,0.7514768435208588,,,,,,,,,,,-1e+18,-1e+18
58,train-load-0.8-scenario-87,0.8,0.87,0.7,0.87,10.63958596013999,0.7444790574544717,0.3666320536566393,0.7777777777777778,0.2222222222222222,0.7777777777777778,0.2222222222222222,7,2,7,2,9,5,9,7,0.6615005731582642,0.7477194593032545,,,,,,,,,,,-1e+18,-1e+18
59,train-load-0.6-scenario-512,0.6,0.5718008,0.21089458333333333,0.5718008,8.728883483591716,1.1875117769596786,0.8124882230403214,1.0,0.0,1.0,0.0,5,0,5,0,5,5,5,5,0.5689211487770081,0.7439808620067382,,,,,,,,,,,-1e+18,-1e+18
60,train-load-0.8-scenario-726,0.8,0.719511875,0.719511875,0.61919,9.658251030893213,0.9042089882183099,0.5243624403531187,0.8571428571428571,0.14285714285714285,0.875,0.125,6,1,7,1,8,4,7,6,0.5368975400924683,0.7402609576967045,,,,,,,,,,,-1e+18,-1e+18
61,train-hard-8gpu-16pod-1vgpu,0.5,0.5,0.3333333333333333,0.5,22.701644972545346,1.142369835342625,0.857630164657375,1.0,0.0,1.0,0.0,16,0,16,0,16,8,16,16,0.9126789569854736,0.736559652908221,,,,,,,,,,,-1e+18,-1e+18
62,train-load-0.8-scenario-504,0.8,0.7186886666666666,0.5905012500000001,0.7186886666666666,15.361992149350385,1.1204369472266416,0.5159266891369948,0.9090909090909091,0.09090909090909091,0.9166666666666666,0.08333333333333333,10,1,11,1,12,6,11,10,0.6580297946929932,0.7328768546436799,,,,,,,,,,,-1e+18,-1e+18
63,train-load-0.9-scenario-205-retry-2,0.9,0.8142857142857143,0.36904761904761907,0.8142857142857143,14.105794403809972,0.675250942441469,0.7093644421739156,0.8461538461538461,0.15384615384615385,0.8461538461538461,0.15384615384615385,11,2,11,2,13,7,13,11,0.6666852235794067,0.7292124703704616,,,,,,,,,,,-1e+18,-1e+18
64,train-load-1.0-scenario-320,1.0,0.8894311428571429,0.5541214285714285,0.8894311428571429,13.547646273294475,0.6953060097855392,0.6380273235477941,0.8333333333333334,0.16666666666666666,0.7692307692307693,0.23076923076923078,10,2,10,3,13,7,12,10,0.8202900886535645,0.7255664080186093,,,,,,,,,,,-1e+18,-1e+18
65,train-load-0.9-scenario-562-retry-1,0.9,1.0,0.041666666666666664,1.0,4.173203782451679,-0.3550327905402486,0.7550327905402485,0.6,0.4,0.6,0.4,6,4,6,4,10,6,10,6,0.7503114938735962,0.7219385759785162,,,,,,,,,,,-1e+18,-1e+18
66,train-load-0.6-scenario-549,0.6,0.6666666666666666,0.6666666666666666,0.3333333333333333,8.595011760090747,0.5962473202006102,0.40375267979938984,0.75,0.25,0.75,0.25,6,2,6,2,8,6,8,6,0.3491867184638977,0.7183288830986236,,,,,,,,,,,-1e+18,-1e+18
67,train-load-0.6-scenario-615,0.6,0.5908762,0.38283175,0.5908762,10.637340451776883,1.2456705385172193,0.7543294614827807,1.0,0.0,1.0,0.0,6,0,6,0,6,5,6,6,0.656456708908081,0.7147372386831305,,,,,,,,,,,-1e+18,-1e+18
68,train-load-0.7-scenario-268-retry-2,0.7,0.6857142857142857,0.34285714285714286,0.6857142857142857,16.640781906860262,1.0924392409066368,0.5742274257600297,0.9166666666666666,0.08333333333333333,0.9166666666666666,0.08333333333333333,11,1,11,1,12,7,12,11,0.3134790360927582,0.7111635524897149,,,,,,,,,,,-1e+18,-1e+18
69,train-load-1.0-scenario-138-retry-1,1.0,0.8867293333333334,0.7362701388888889,0.8867293333333334,13.137646634318445,0.7058339104779627,0.6274994228553707,0.8333333333333334,0.16666666666666666,0.8461538461538461,0.15384615384615385,10,2,11,2,13,6,12,10,0.5073097944259644,0.7076077347272662,,,,,,,,,,,-1e+18,-1e+18
70,train-load-0.6-scenario-725,0.6,0.569875,0.3464509375,0.569875,15.263795150545846,1.3282813710111088,0.6717186289888912,1.0,0.0,1.0,0.0,9,0,10,0,10,8,9,9,0.7981739044189453,0.7040696960536299,,,,,,,,,,,-1e+18,-1e+18
71,train-load-0.9-scenario-457-retry-1,0.9,0.89064525,0.605945625,0.89064525,5.549818958682852,0.32036929863768604,0.3462973680289806,0.6666666666666666,0.3333333333333333,0.625,0.375,4,2,5,3,8,4,6,4,0.4960281252861023,0.7005493475733617,,,,,,,,,,,-1e+18,-1e+18
72,train-load-1.0-scenario-310,1.0,0.9052653333333335,0.7567753472222223,0.9052653333333335,10.058101947051231,0.2822867353118841,0.7177132646881159,0.75,0.25,0.7692307692307693,0.23076923076923078,9,3,10,3,13,6,12,9,0.5110691785812378,0.697046600835495,,,,,,,,,,,-1e+18,-1e+18
73,train-load-0.9-scenario-344-retry-1,0.9,1.0,1.0,0.4,2.756516747480406,-0.5502087519606407,0.5502087519606407,0.5,0.5,0.5,0.5,5,5,5,5,10,5,10,5,0.6779921054840088,0.6935613678313175,,,,,,,,,,,-1e+18,-1e+18
74,train-load-0.5-scenario-387,0.5,0.474701625,0.28026999999999996,0.474701625,13.595738799307583,1.2758758560286663,0.7241241439713337,1.0,0.0,1.0,0.0,8,0,8,0,8,8,8,8,0.5944554805755615,0.6900935609921609,,,,,,,,,,,-1e+18,-1e+18
75,train-load-0.9-scenario-56-retry-3,0.9,0.8017764,0.47861166666666666,0.8017764,10.625639547732467,0.71341928676295,0.8421362687926055,0.8888888888888888,0.1111111111111111,0.8888888888888888,0.1111111111111111,8,1,8,1,9,5,9,8,0.2486857771873474,0.6866430931872001,,,,,,,,,,,-1e+18,-1e+18
76,train-load-0.5-scenario-65,0.5,0.42873485714285714,0.23869940476190477,0.42873485714285714,9.276541603534383,1.1905692219356463,0.8094307780643537,1.0,0.0,1.0,0.0,5,0,6,0,6,7,5,5,0.6787799596786499,0.6832098777212641,,,,,,,,,,,-1e+18,-1e+18
77,train-load-0.8-scenario-350,0.8,0.75,0.25,0.75,17.59939588441925,0.5676962876872158,0.5434148234238955,0.7777777777777778,0.2222222222222222,0.7777777777777778,0.2222222222222222,14,4,14,4,18,6,18,14,0.35539084672927856,0.6797938283326578,,,,,,,,,,,-1e+18,-1e+18
78,train-load-0.7-scenario-570-retry-5,0.7,0.8,0.2222222222222222,0.8,7.1565584966597395,0.3200095291500096,0.6799904708499904,0.75,0.25,0.75,0.25,6,2,6,2,8,6,8,6,0.31510642170906067,0.6763948591909945,,,,,,,,,,,-1e+18,-1e+18
79,train-load-0.9-scenario-177-retry-1,0.9,0.9491992,0.5036825,0.9491992,4.290540533642545,-0.1244481463065894,0.6244481463065894,0.625,0.375,0.7,0.3,5,3,7,3,10,5,8,5,0.6023533344268799,0.6730128848950395,,,,,,,,,,,-1e+18,-1e+18
80,train-load-0.8-scenario-105,0.8,0.7500397142857143,0.4761309523809524,0.7500397142857143,13.513375496316753,0.9966313962966349,0.6033686037033652,0.9,0.1,0.9090909090909091,0.09090909090909091,9,1,10,1,11,7,10,9,0.5309644937515259,0.6696478204705644,,,,,,,,,,,-1e+18,-1e+18
81,train-load-0.6-scenario-444,0.6,0.5218291666666667,0.5218291666666667,0.4862245,15.680975590200713,1.2375409556513497,0.7624590443486503,1.0,0.0,1.0,0.0,10,0,11,0,11,8,10,10,0.38588646054267883,0.6662995813682115,,,,,,,,,,,-1e+18,-1e+18
82,train-load-0.5-scenario-497-retry-8,0.5,0.58,0.4166666666666667,0.58,21.098005453069142,1.4750331361157236,0.5249668638842764,1.0,0.0,1.0,0.0,13,0,13,0,13,5,13,13,0.3449821174144745,0.6629680834613705,,,,,,,,,,,-1e+18,-1e+18
83,train-load-0.5-scenario-631,0.5,0.5456749999999999,0.426797,0.5456749999999999,11.963379533747318,1.2280553700654504,0.7719446299345496,1.0,0.0,1.0,0.0,7,0,7,0,7,5,7,7,0.39492368698120117,0.6596532430440636,,,,,,,,,,,-1e+18,-1e+18
84,train-load-0.9-scenario-619-retry-8,0.9,0.7875,0.575,0.7875,17.148934102189898,0.975587509595459,0.45298391897596946,0.8571428571428571,0.14285714285714285,0.8571428571428571,0.14285714285714285,12,2,12,2,14,8,14,12,0.5950998663902283,0.6563549768288433,,,,,,,,,,,-1e+18,-1e+18
85,train-load-1.0-scenario-19-retry-11,1.0,0.9333333333333333,0.9333333333333333,0.23333333333333334,10.309721865214145,0.14093206596795127,0.7162107911749059,0.7142857142857143,0.2857142857142857,0.7142857142857143,0.2857142857142857,10,4,10,4,14,6,14,10,0.27349162101745605,0.653073201944699,,,,,,,,,,,-1e+18,-1e+18
86,train-load-0.5-scenario-653-retry-1,0.5,0.4444444444444444,0.4444444444444444,0.43333333333333335,30.708613010977587,1.5320488801055077,0.46795111989449234,1.0,0.0,1.0,0.0,20,0,20,0,20,6,20,20,0.531893789768219,0.6498078359349755,,,,,,,,,,,-1e+18,-1e+18
87,train-load-0.7-scenario-659-retry-2,0.7,0.7785714285714286,0.6285714285714286,0.7785714285714286,11.463838970693784,0.7147120274074051,0.48528797259259504,0.8,0.2,0.8571428571428571,0.14285714285714285,8,2,12,2,14,7,10,8,0.4738454818725586,0.6465587967553006,,,,,,,,,,,-1e+18,-1e+18
88,train-load-0.7-scenario-577,0.7,0.6002436666666667,0.5436922916666667,0.6002436666666667,10.720701934281875,0.8670987011584488,0.6329012988415512,0.875,0.125,0.8888888888888888,0.1111111111111111,7,1,8,1,9,6,8,7,0.3788774013519287,0.6433260027715241,,,,,,,,,,,-1e+18,-1e+18
89,train-load-0.9-scenario-637-retry-1,0.9,0.8666666666666667,0.8666666666666667,0.825,6.800457551330418,-0.12007639218983135,0.6655309376443768,0.6363636363636364,0.36363636363636365,0.6363636363636364,0.36363636363636365,7,4,7,4,11,6,11,7,0.6952130198478699,0.6401093727576664,,,,,,,,,,,-1e+18,-1e+18
90,train-load-0.5-scenario-80,0.5,0.47919525,0.3289213541666667,0.47919525,13.416057059546317,1.2587937171477477,0.7412062828522522,1.0,0.0,1.0,0.0,8,0,8,0,8,8,8,8,0.6415647268295288,0.6369088258938781,,,,,,,,,,,-1e+18,-1e+18
91,train-load-0.5-scenario-161,0.5,0.5416666666666666,0.3611111111111111,0.5416666666666666,20.253092288388913,1.3033312143501385,0.6966687856498616,1.0,0.0,1.0,0.0,13,0,13,0,13,6,13,13,0.6154178977012634,0.6337242817644086,,,,,,,,,,,-1e+18,-1e+18
92,train-load-1.0-scenario-432,1.0,0.96721625,0.616835,0.96721625,7.351233541570075,0.47369636193246034,0.3834464952103968,0.7142857142857143,0.2857142857142857,0.75,0.25,5,2,6,2,8,4,7,5,0.4866446852684021,0.6305556603555866,,,,,,,,,,,-1e+18,-1e+18
93,train-load-1.0-scenario-106-retry-2,1.0,1.0972222222222223,1.0972222222222223,0.6833333333333333,7.528670702237319,-0.11887179800167069,0.5804102595401323,0.6153846153846154,0.38461538461538464,0.6153846153846154,0.38461538461538464,8,5,8,5,13,6,13,8,0.40471890568733215,0.6274028820538087,,,,,,,,,,,-1e+18,-1e+18
94,train-load-0.5-scenario-686,0.5,0.4690976785714286,0.4690976785714286,0.4367948571428571,11.05612786055513,1.2775746234023375,0.7224253765976625,1.0,0.0,1.0,0.0,6,0,9,0,9,7,6,6,0.5920698642730713,0.6242658676435396,,,,,,,,,,,-1e+18,-1e+18
95,train-load-1.0-scenario-462-retry-2,1.0,0.9909593999999999,0.8792329166666666,0.9909593999999999,5.407109149876461,-0.33609864845555115,0.6694319817888845,0.5833333333333334,0.4166666666666667,0.6153846153846154,0.38461538461538464,7,5,8,5,13,5,12,7,0.5225366353988647,0.6211445383053219,,,,,,,,,,,-1e+18,-1e+18
96,train-hard-4gpu-4pod-2vgpu,0.25,0.25,0.16666666666666666,0.25,10.8211715378318,1.7693527539194693,0.23064724608053075,1.0,0.0,1.0,0.0,4,0,8,0,8,4,4,4,0.20680738985538483,0.6180388156137953,,,,,,,,,,,-1e+18,-1e+18
97,train-load-0.7-scenario-57,0.7,0.75,0.75,0.7375,9.814259702197461,0.47282671933824816,0.7271732806617519,0.8,0.2,0.8,0.2,8,2,8,2,10,4,10,8,0.4739508032798767,0.6149486215357263,,,,,,,,,,,-1e+18,-1e+18
98,train-load-1.0-scenario-252,1.0,0.9142857142857143,0.14285714285714285,0.9142857142857143,2.0478792208663195,-0.559689269770183,0.559689269770183,0.5,0.5,0.5,0.5,4,4,4,4,8,7,8,4,0.4714973270893097,0.6118738784280476,,,,,,,,,,,-1e+18,-1e+18
99,train-load-0.9-scenario-187-retry-2,0.9,1.0,1.0,0.6,9.183057773040456,0.22424780048790838,0.4424188661787582,0.6666666666666666,0.3333333333333333,0.6666666666666666,0.3333333333333333,8,4,8,4,12,4,12,8,0.7052953243255615,0.6088145090359074,,,,,,,,,,,-1e+18,-1e+18
100,train-load-0.7-scenario-404,0.7,0.6894166250000001,0.3063621875,0.6894166250000001,13.294372540382561,1.2961272581852186,0.7038727418147814,1.0,0.0,1.0,0.0,8,0,10,0,10,8,8,8,0.844800591468811,0.6057704364907278,0.27946383703971583,0.5599298277181872,0.7098484161894758,0.29015158381052425,0.7096136023370269,0.29038639766297314,0.4885315974204193,0.46653968183027433,0.29117706389567827,0.6367063430537839,0.27946383703971583,0.4885315974204193
101,train-load-0.5-scenario-343-retry-1,0.5,0.5714285714285714,0.18571428571428572,0.5714285714285714,12.39320804219103,1.126131252590667,0.8738687474093331,1.0,0.0,1.0,0.0,8,0,8,0,8,7,8,8,0.5000098943710327,0.6027415843082742,,,,,,,,,,,0.27946383703971583,0.4885315974204193
102,train-load-0.6-scenario-621,0.6,0.5846032857142857,0.42943511904761905,0.5846032857142857,12.754685852107595,1.1314146628626087,0.8685853371373912,1.0,0.0,1.0,0.0,8,0,9,0,9,7,8,8,0.9008990526199341,0.5997278763867329,,,,,,,,,,,0.27946383703971583,0.4885315974204193
103,train-load-0.9-scenario-7,0.9,0.883674625,0.41943656249999994,0.883674625,12.21826801119645,0.6583259694819373,0.6144013032453355,0.8181818181818182,0.18181818181818182,0.8461538461538461,0.15384615384615385,9,2,11,2,13,8,11,9,0.2889970541000366,0.5967292370047992,,,,,,,,,,,0.27946383703971583,0.4885315974204193
104,train-load-0.7-scenario-629,0.7,0.6690053333333332,0.6492486111111111,0.6690053333333332,13.33403260222946,1.1002035362166684,0.4553520193388872,0.8888888888888888,0.1111111111111111,0.8181818181818182,0.18181818181818182,8,1,9,2,11,6,9,8,0.5412719249725342,0.5937455908197752,,,,,,,,,,,0.27946383703971583,0.4885315974204193
105,train-hard-4gpu-8pod-1vgpu,0.5,0.5,0.3333333333333333,0.5,13.705201136397395,1.3230229702535046,0.6769770297464954,1.0,0.0,1.0,0.0,8,0,8,0,8,4,8,8,0.3957348167896271,0.5907768628656763,,,,,,,,,,,0.27946383703971583,0.4885315974204193
106,train-load-1.0-scenario-299-retry-5,1.0,1.03,0.68,1.03,13.442057587198482,0.5905186716545877,0.48640440526848927,0.7692307692307693,0.23076923076923078,0.7692307692307693,0.23076923076923078,10,3,10,3,13,5,13,10,0.614534854888916,0.5878229785513479,,,,,,,,,,,0.27946383703971583,0.4885315974204193
107,train-load-0.7-scenario-137-retry-2,0.7,0.8,0.8,0.6,14.748336321973358,0.9214360020160368,0.4118973313172968,0.8333333333333334,0.16666666666666666,0.8333333333333334,0.16666666666666666,10,2,10,2,12,5,12,10,0.6233015656471252,0.5848838636585911,,,,,,,,,,,0.27946383703971583,0.4885315974204193
108,train-load-0.6-scenario-597,0.6,0.5,0.5,0.42857142857142855,19.715629076889112,1.4351465598848145,0.5648534401151853,1.0,0.0,1.0,0.0,12,0,12,0,12,7,12,12,0.617254912853241,0.5819594443402982,,,,,,,,,,,0.27946383703971583,0.4885315974204193
109,train-load-0.5-scenario-159,0.5,0.4416197142857143,0.4280059523809524,0.4416197142857143,13.135802881804185,1.2057524232076866,0.7942475767923134,1.0,0.0,1.0,0.0,8,0,8,0,8,7,8,8,0.8532829284667969,0.5790496471185967,,,,,,,,,,,0.27946383703971583,0.4885315974204193
110,train-load-0.5-scenario-333-retry-2,0.5,0.56,0.56,0.5,17.619290994006242,1.4800826466312842,0.5199173533687158,1.0,0.0,1.0,0.0,10,0,10,0,10,5,10,10,0.23079846799373627,0.5761543988830038,,,,,,,,,,,0.27946383703971583,0.4885315974204193
111,train-load-0.9-scenario-120,0.9,0.8315177083333333,0.8315177083333333,0.609791,10.77837696610817,1.0932767411524242,0.33529468741900426,0.8571428571428571,0.14285714285714285,0.8888888888888888,0.1111111111111111,6,1,8,1,9,4,7,6,0.48258185386657715,0.5732736268885887,,,,,,,,,,,0.27946383703971583,0.4885315974204193
112,train-load-0.8-scenario-236-retry-4,0.8,0.9142857142857143,0.9142857142857143,0.9142857142857143,10.839240265491043,0.03732149965962339,0.46267850034037666,0.625,0.375,0.625,0.375,10,6,10,6,16,7,16,10,0.5719521045684814,0.5704072587541458,,,,,,,,,,,0.27946383703971583,0.4885315974204193
113,train-load-0.5-scenario-637-retry-1,0.5,0.5199233333333333,0.32588680555555555,0.5199233333333333,11.493131273074628,1.3349768753039983,0.6650231246960017,1.0,0.0,1.0,0.0,6,0,7,0,7,6,6,6,0.888275146484375,0.567555222460375,,,,,,,,,,,0.27946383703971583,0.4885315974204193
114,train-load-0.5-scenario-213,0.5,0.4731765714285714,0.3396738095238095,0.4731765714285714,14.21100173685155,1.3932722816002499,0.6067277183997503,1.0,0.0,1.0,0.0,8,0,8,0,8,7,8,8,0.4349827170372009,0.5647174463480732,,,,,,,,,,,0.27946383703971583,0.4885315974204193
115,train-load-0.5-scenario-729-retry-1,0.5,0.4166666666666667,0.4166666666666667,0.35,17.64005016079808,1.459835413934155,0.540164586065845,1.0,0.0,1.0,0.0,10,0,10,0,10,7,10,10,0.4662892818450928,0.5618938591163328,,,,,,,,,,,0.27946383703971583,0.4885315974204193
116,train-load-0.6-scenario-182,0.6,0.5142857142857142,0.5142857142857142,0.34285714285714286,20.681327092898265,1.5589162631246356,0.4410837368753644,1.0,0.0,1.0,0.0,12,0,12,0,12,7,12,12,0.43731385469436646,0.5590843898207511,,,,,,,,,,,0.27946383703971583,0.4885315974204193
117,train-load-0.8-scenario-597-retry-1,0.8,0.9142857142857143,0.9142857142857143,0.5714285714285714,15.579969202886566,0.5469010149307758,0.4530989850692243,0.75,0.25,0.75,0.25,12,4,12,4,16,7,16,12,0.6426012516021729,0.5562889678716474,,,,,,,,,,,0.27946383703971583,0.4885315974204193
118,train-load-0.5-scenario-736,0.5,0.483718875,0.22477187499999998,0.483718875,10.00173513204149,1.132939557804164,0.8670604421958359,1.0,0.0,1.0,0.0,6,0,7,0,7,8,6,6,0.4406946897506714,0.5535075230322891,,,,,,,,,,,0.27946383703971583,0.4885315974204193
119,train-load-0.7-scenario-681,0.7,0.6430758333333333,0.6430758333333333,0.614737,10.803578435323463,0.8948697980697524,0.6051302019302475,0.875,0.125,0.9090909090909091,0.09090909090909091,7,1,10,1,11,6,8,7,0.5193934440612793,0.5507399854171277,,,,,,,,,,,0.27946383703971583,0.4885315974204193
120,train-load-0.6-scenario-610-retry-3,0.6,0.5,0.5,0.5,25.528226487253306,1.6425127971220923,0.3574872028779076,1.0,0.0,1.0,0.0,15,0,15,0,15,6,15,15,0.5121004581451416,0.547986285490042,,,,,,,,,,,0.27946383703971583,0.4885315974204193
121,train-load-1.0-scenario-662,1.0,1.0857142857142856,0.5357142857142857,1.0857142857142856,0.01494137090996528,-1.012403201153194,0.21240320115319422,0.3,0.7,0.3,0.7,3,7,3,7,10,7,10,3,0.7812590599060059,0.5452463540625918,,,,,,,,,,,0.27946383703971583,0.4885315974204193
122,train-load-0.8-scenario-26,0.8,0.8666666666666667,0.7777777777777778,0.8666666666666667,11.71071568360625,0.7631209173627834,0.4368790826372166,0.8,0.2,0.8,0.2,8,2,8,2,10,6,10,8,0.7773321866989136,0.5425201222922789,,,,,,,,,,,0.27946383703971583,0.4885315974204193
123,train-load-0.9-scenario-371-retry-3,0.9,1.0,1.0,0.4,6.929150912368019,-0.316362208139633,0.6020764938539187,0.5714285714285714,0.42857142857142855,0.5714285714285714,0.42857142857142855,8,6,8,6,14,7,14,8,0.888006865978241,0.5398075216808175,,,,,,,,,,,0.27946383703971583,0.4885315974204193
124,train-load-0.5-scenario-527,0.5,0.6,0.2,0.6,19.778051924476753,1.4214735227680961,0.5785264772319039,1.0,0.0,1.0,0.0,12,0,12,0,12,5,12,12,0.6044872999191284,0.5371084840724134,,,,,,,,,,,0.27946383703971583,0.4885315974204193
125,train-load-0.5-scenario-252,0.5,0.47501514285714286,0.24734607142857143,0.47501514285714286,10.092414276950894,1.1628931120396373,0.8371068879603627,1.0,0.0,1.0,0.0,6,0,6,0,6,7,6,6,0.5568255186080933,0.5344229416520513,,,,,,,,,,,0.27946383703971583,0.4885315974204193
126,train-load-0.7-scenario-594,0.7,0.6632785,0.6632785,0.5487398000000001,10.733955245926177,0.8854427692175499,0.61455723078245,0.875,0.125,0.875,0.125,7,1,7,1,8,5,8,7,0.4414585530757904,0.531750826943791,,,,,,,,,,,0.27946383703971583,0.4885315974204193
127,train-load-0.6-scenario-267-retry-4,0.6,0.54375,0.5,0.54375,17.461526655139025,1.483627909532418,0.5163720904675819,1.0,0.0,1.0,0.0,10,0,10,0,10,8,10,10,0.6712778210639954,0.5290920728090721,,,,,,,,,,,0.27946383703971583,0.4885315974204193
128,train-load-1.0-scenario-274,1.0,0.9007668750000001,0.6315713541666667,0.9007668750000001,9.885376507617478,0.17097334062111802,0.5982574286096511,0.6923076923076923,0.3076923076923077,0.75,0.25,9,4,12,4,16,8,13,9,0.46331244707107544,0.5264466124450268,,,,,,,,,,,0.27946383703971583,0.4885315974204193
129,train-load-0.7-scenario-639,0.7,0.7260251666666666,0.5272341666666667,0.7260251666666666,15.368468085901345,1.4038581181191538,0.5961418818808462,1.0,0.0,1.0,0.0,9,0,10,0,10,6,9,9,0.5442818999290466,0.5238143793828016,,,,,,,,,,,0.27946383703971583,0.4885315974204193
130,train-load-0.8-scenario-563,0.8,0.7857142857142857,0.3142857142857143,0.7857142857142857,28.167370617678458,1.1440799856613033,0.492283650702333,0.9090909090909091,0.09090909090909091,0.9090909090909091,0.09090909090909091,20,2,20,2,22,7,22,20,0.8792954683303833,0.5211953074858876,,,,,,,,,,,0.27946383703971583,0.4885315974204193
131,train-load-0.5-scenario-668,0.5,0.4332665,0.3178154166666667,0.4332665,10.154718815053453,1.3335159985485898,0.6664840014514102,1.0,0.0,1.0,0.0,5,0,6,0,6,6,5,5,0.46811217069625854,0.5185893309484582,,,,,,,,,,,0.27946383703971583,0.4885315974204193
132,train-load-0.5-scenario-431,0.5,0.465265,0.40918312500000004,0.465265,8.611088523021959,1.2857433790722381,0.7142566209277618,1.0,0.0,1.0,0.0,4,0,5,0,5,4,4,4,0.689591646194458,0.5159963842937159,,,,,,,,,,,0.27946383703971583,0.4885315974204193
133,train-load-0.8-scenario-251,0.8,0.7751941666666666,0.5299944444444444,0.7751941666666666,7.174778235136795,0.06987374018521508,0.7301262598147849,0.7,0.3,0.7,0.3,7,3,7,3,10,6,10,7,0.8901681900024414,0.5134164023722473,,,,,,,,,,,0.27946383703971583,0.4885315974204193
134,train-load-1.0-scenario-43-retry-2,1.0,1.0,0.8,1.0,5.856873862674215,-0.39390048886367046,0.39390048886367046,0.5,0.5,0.5,0.5,7,7,7,7,14,7,14,7,0.6458660364151001,0.510849320360386,,,,,,,,,,,0.27946383703971583,0.4885315974204193
135,train-load-0.7-scenario-425-retry-2,0.7,0.65,0.4166666666666667,0.65,17.101541151082156,1.4495851791494268,0.5504148208505732,1.0,0.0,1.0,0.0,10,0,10,0,10,6,10,10,0.628150463104248,0.5082950737585841,,,,,,,,,,,0.27946383703971583,0.4885315974204193
136,train-load-0.8-scenario-410,0.8,0.8333333333333334,0.7916666666666666,0.8333333333333334,19.82712987678358,0.6968744605495747,0.4610202762925305,0.7894736842105263,0.21052631578947367,0.7894736842105263,0.21052631578947367,15,4,15,4,19,6,19,15,0.9837116599082947,0.5057535983897912,,,,,,,,,,,0.27946383703971583,0.4885315974204193
137,train-load-0.7-scenario-429-retry-3,0.7,0.6428571428571429,0.19285714285714287,0.6428571428571429,9.77745160164652,0.6538732337077351,0.45723787740337607,0.7777777777777778,0.2222222222222222,0.7777777777777778,0.2222222222222222,7,2,7,2,9,7,9,7,0.13392925262451172,0.5032248303978422,,,,,,,,,,,0.27946383703971583,0.4885315974204193
138,train-load-0.9-scenario-391-retry-2,0.9,0.875,0.425,0.875,8.41352115055852,0.547770443117416,0.4522295568825839,0.75,0.25,0.8,0.2,6,2,8,2,10,4,8,6,0.7574628591537476,0.500708706245853,,,,,,,,,,,0.27946383703971583,0.4885315974204193
139,train-load-1.0-scenario-436,1.0,0.8955504285714286,0.7058110119047619,0.8955504285714286,12.92371853962512,0.5483199748940822,0.5286031020289947,0.7692307692307693,0.23076923076923078,0.7857142857142857,0.21428571428571427,10,3,11,3,14,7,13,10,0.48885655403137207,0.4982051627146237,,,,,,,,,,,0.27946383703971583,0.4885315974204193
140,train-load-0.8-scenario-254-retry-1,0.8,0.8888888888888888,0.8888888888888888,0.13333333333333333,7.012179236405263,0.35319364752903204,0.646806352470968,0.75,0.25,0.75,0.25,6,2,6,2,8,6,8,6,0.3252728283405304,0.49571413690105054,,,,,,,,,,,0.27946383703971583,0.4885315974204193
141,train-load-1.0-scenario-369-retry-2,1.0,1.0,0.375,1.0,2.29753633263584,-0.7320347541388379,0.5502165723206561,0.45454545454545453,0.5454545454545454,0.45454545454545453,0.5454545454545454,5,6,5,6,11,8,11,5,0.8754100203514099,0.4932355662165453,,,,,,,,,,,0.27946383703971583,0.4885315974204193
142,train-load-0.6-scenario-631,0.6,0.6875,0.6875,0.1375,9.658543593502307,0.3216100950148135,0.5874808140760956,0.7272727272727273,0.2727272727272727,0.7272727272727273,0.2727272727272727,8,3,8,3,11,8,11,8,0.8716380596160889,0.4907693883854626,,,,,,,,,,,0.27946383703971583,0.4885315974204193
143,train-load-0.6-scenario-633,0.6,0.5258161458333334,0.5258161458333334,0.42663225,16.122896765517968,1.3047220888994475,0.6952779111005525,1.0,0.0,1.0,0.0,10,0,10,0,10,8,10,10,0.5077941417694092,0.4883155414435353,,,,,,,,,,,0.27946383703971583,0.4885315974204193
144,train-load-0.9-scenario-155,0.9,0.791779,0.47762875,0.791779,7.8296958218384,0.41635230615972474,0.5836476938402753,0.75,0.25,0.6666666666666666,0.3333333333333333,6,2,6,3,9,6,8,6,0.7638131380081177,0.4858739637363176,,,,,,,,,,,0.27946383703971583,0.4885315974204193
145,train-load-0.8-scenario-265,0.8,0.7873075,0.603281875,0.7873075,9.060912016864513,0.36436961445552574,0.8356303855444743,0.8,0.2,0.7272727272727273,0.2727272727272727,8,2,8,3,11,6,10,8,0.4742997884750366,0.483444593917636,,,,,,,,,,,0.27946383703971583,0.4885315974204193
146,train-load-0.9-scenario-636,0.9,0.9102236666666667,0.3672541666666666,0.9102236666666667,2.6208293019507356,-0.46629004381441974,0.6885122660366421,0.5555555555555556,0.4444444444444444,0.6,0.4,5,4,6,4,10,6,9,5,1.1381696462631226,0.4810273709480478,,,,,,,,,,,0.27946383703971583,0.4885315974204193
147,train-load-0.5-scenario-129,0.5,0.4482704,0.2916945,0.4482704,9.460476601587686,1.2241031314379565,0.7758968685620437,1.0,0.0,1.0,0.0,5,0,5,0,5,5,5,5,1.3314990997314453,0.47862223409330756,,,,,,,,,,,0.27946383703971583,0.4885315974204193
148,train-load-1.0-scenario-240-retry-6,1.0,1.1,1.1,0.6875,11.010817256573732,0.5679240712366767,0.3411668378542325,0.7272727272727273,0.2727272727272727,0.7272727272727273,0.2727272727272727,8,3,8,3,11,4,11,8,0.4609249532222748,0.47622912292284103,,,,,,,,,,,0.27946383703971583,0.4885315974204193
149,train-load-0.6-scenario-271-retry-1,0.6,0.5416666666666666,0.3611111111111111,0.5416666666666666,21.636968752359916,1.5181523992221804,0.48184760077781963,1.0,0.0,1.0,0.0,13,0,13,0,13,6,13,13,0.49711859226226807,0.4738479773082268,,,,,,,,,,,0.27946383703971583,0.4885315974204193
150,train-hard-4gpu-8pod-1vgpu,0.5,0.5,0.3333333333333333,0.5,14.826750331841652,1.5387055078389387,0.46129449216106144,1.0,0.0,1.0,0.0,8,0,8,0,8,4,8,8,0.7466152906417847,0.47147873742168567,,,,,,,,,,,0.27946383703971583,0.4885315974204193
151,train-load-0.8-scenario-580-retry-1,0.8,0.9,0.9,0.36,3.9164729981747097,-0.26225844930505193,0.48448067152727425,0.5555555555555556,0.4444444444444444,0.5555555555555556,0.4444444444444444,5,4,5,4,9,5,9,5,1.0229856967926025,0.46912134373457726,,,,,,,,,,,0.27946383703971583,0.4885315974204193
152,train-load-0.6-scenario-514-retry-1,0.6,0.5,0.25,0.5,17.63046685136183,1.5164770194233468,0.48352298057665316,1.0,0.0,1.0,0.0,10,0,10,0,10,8,10,10,0.9141314029693604,0.46677573701590436,,,,,,,,,,,0.27946383703971583,0.4885315974204193
153,train-load-0.7-scenario-315-retry-2,0.7,0.8,0.8,0.5,16.18980580066474,1.7093799931530416,0.29062000684695843,1.0,0.0,1.0,0.0,8,0,8,0,8,4,8,8,1.0062987804412842,0.46444185833082485,,,,,,,,,,,0.27946383703971583,0.4885315974204193
154,train-load-0.5-scenario-276-retry-1,0.5,0.5038566,0.417645,0.5038566,11.816839409367546,1.4659807445628135,0.5340192554371865,1.0,0.0,1.0,0.0,6,0,6,0,6,5,6,6,0.8278130292892456,0.46211964903917074,,,,,,,,,,,0.27946383703971583,0.4885315974204193
155,train-load-1.0-scenario-530-retry-3,1.0,1.0,0.4,1.0,10.305351298595726,-0.025056957751231068,0.5250569577512311,0.625,0.375,0.625,0.375,10,6,10,6,16,4,16,10,0.5583384037017822,0.4598090507939749,,,,,,,,,,,0.27946383703971583,0.4885315974204193
156,train-load-0.5-scenario-468,0.5,0.5065295,0.38990763888888885,0.5065295,10.66614984063995,1.412995186905353,0.5870048130946469,1.0,0.0,1.0,0.0,5,0,7,0,7,6,5,5,0.8652582168579102,0.457510005540005,,,,,,,,,,,0.27946383703971583,0.4885315974204193
157,train-load-0.9-scenario-15,0.9,0.8,0.6666666666666666,0.8,12.412241501525433,0.8474902987444904,0.35250970125550973,0.8,0.2,0.8,0.2,8,2,8,2,10,6,10,8,0.41169288754463196,0.45522245551230495,,,,,,,,,,,0.27946383703971583,0.4885315974204193
158,train-load-0.7-scenario-288,0.7,0.8,0.8,0.6,10.339893364419616,0.34663514184280586,0.3200315248238607,0.6666666666666666,0.3333333333333333,0.6666666666666666,0.3333333333333333,8,4,8,4,12,5,12,8,0.8009248375892639,0.4529463432347434,,,,,,,,,,,0.27946383703971583,0.4885315974204193
159,train-load-1.0-scenario-746-retry-3,1.0,0.9046215000000001,0.748843125,0.9046215000000001,13.021319262424502,0.533266222947968,0.543656853975109,0.7692307692307693,0.23076923076923078,0.7857142857142857,0.21428571428571427,10,3,11,3,14,6,13,10,1.1117825508117676,0.4506816115185697,,,,,,,,,,,0.27946383703971583,0.4885315974204193
160,train-load-1.0-scenario-547,1.0,0.9539561666666666,0.60747375,0.9539561666666666,1.3537190265724321,-0.9660737761024114,0.9660737761024114,0.5,0.5,0.5,0.5,6,6,6,6,12,6,12,6,0.47945916652679443,0.4484282034609769,,,,,,,,,,,0.27946383703971583,0.4885315974204193
161,train-load-0.6-scenario-623-retry-1,0.6,0.6944444444444444,0.6944444444444444,0.5,13.091067096711257,0.9426021811586043,0.6573978188413957,0.9,0.1,0.9,0.1,9,1,9,1,10,6,10,9,1.0618342161178589,0.446186062443672,,,,,,,,,,,0.27946383703971583,0.4885315974204193
162,train-load-0.9-scenario-404-retry-2,0.9,0.78125,0.0625,0.78125,11.7192932099926,0.4424058934862643,0.8909274398470691,0.8333333333333334,0.16666666666666666,0.8333333333333334,0.16666666666666666,10,2,10,2,12,8,12,10,1.1233874559402466,0.4439551321314536,,,,,,,,,,,0.27946383703971583,0.4885315974204193
163,train-load-1.0-scenario-594-retry-3,1.0,1.0,1.0,0.5,4.670751367010456,-0.4464547984499049,0.4464547984499049,0.5,0.5,0.5,0.5,6,6,6,6,12,6,12,6,0.5708276629447937,0.4417353564707963,,,,,,,,,,,0.27946383703971583,0.4885315974204193
164,train-load-0.8-scenario-487,0.8,0.7984773333333334,0.678145,0.7984773333333334,16.72618106174334,1.1376883414652188,0.5289783252014476,0.9166666666666666,0.08333333333333333,0.9166666666666666,0.08333333333333333,11,1,11,1,12,6,12,11,0.39170947670936584,0.43952667968844233,,,,,,,,,,,0.27946383703971583,0.4885315974204193
165,train-hard-4gpu-8pod-1vgpu,0.5,0.5,0.3333333333333333,0.5,14.857252448823687,1.5387055078389387,0.46129449216106144,1.0,0.0,1.0,0.0,8,0,8,0,8,4,8,8,0.5777806043624878,0.43732904629000013,,,,,,,,,,,0.27946383703971583,0.4885315974204193
166,train-load-1.0-scenario-294-retry-1,1.0,1.0,1.0,0.85,5.566208866234677,0.0030920331281396596,0.21913018909408272,0.5555555555555556,0.4444444444444444,0.5833333333333334,0.4166666666666667,5,4,7,5,12,6,9,5,0.6204675436019897,0.4351424010585501,,,,,,,,,,,0.27946383703971583,0.4885315974204193
167,train-load-0.8-scenario-485-retry-2,0.8,0.85,0.5208333333333334,0.85,8.174515494963524,0.12548750682522158,0.41996703862932383,0.6363636363636364,0.36363636363636365,0.6363636363636364,0.36363636363636365,7,4,7,4,11,8,11,7,0.5947973728179932,0.43296668905325736,,,,,,,,,,,0.27946383703971583,0.4885315974204193
168,train-load-0.9-scenario-514,0.9,0.7857142857142857,0.7857142857142857,0.15714285714285714,6.800134952037551,-0.04336656217869217,0.5888211076332376,0.6363636363636364,0.36363636363636365,0.6363636363636364,0.36363636363636365,7,4,7,4,11,7,11,7,0.8871238827705383,0.43080185560799106,,,,,,,,,,,0.27946383703971583,0.4885315974204193
169,train-load-0.5-scenario-20,0.5,0.4782641666666667,0.37889930555555557,0.4782641666666667,10.169057440695562,1.1550006283934147,0.8449993716065853,1.0,0.0,1.0,0.0,6,0,7,0,7,6,6,6,0.7512019276618958,0.4286478463299511,,,,,,,,,,,0.27946383703971583,0.4885315974204193
170,train-load-0.8-scenario-172-retry-1,0.8,0.9142857142857143,0.34285714285714286,0.9142857142857143,13.508576511708323,0.5024795306268919,0.640377612230251,0.7857142857142857,0.21428571428571427,0.7857142857142857,0.21428571428571427,11,3,11,3,14,7,14,11,0.9124423265457153,0.42650460709830135,,,,,,,,,,,0.27946383703971583,0.4885315974204193
171,train-load-0.8-scenario-599,0.8,0.890149,0.5056714999999999,0.890149,7.0905638519067224,0.28495261135939276,0.7150473886406072,0.75,0.25,0.6666666666666666,0.3333333333333333,6,2,6,3,9,5,8,6,0.535908579826355,0.42437208406280985,,,,,,,,,,,0.27946383703971583,0.4885315974204193
172,train-load-0.7-scenario-421,0.7,0.6190476190476191,0.6190476190476191,0.35714285714285715,16.419345549399914,1.3404651324998669,0.6595348675001331,1.0,0.0,1.0,0.0,10,0,10,0,10,7,10,10,0.7820501327514648,0.4222502236424958,,,,,,,,,,,0.27946383703971583,0.4885315974204193
173,train-load-0.5-scenario-106,0.5,0.42502928571428567,0.2374057142857143,0.42502928571428567,8.99286871975143,1.1482843130271307,0.8517156869728693,1.0,0.0,1.0,0.0,5,0,6,0,6,7,5,5,0.967936635017395,0.42013897252428334,,,,,,,,,,,0.27946383703971583,0.4885315974204193
174,train-load-0.6-scenario-644,0.6,0.5764593333333333,0.38010347222222224,0.5764593333333333,13.788556500526267,1.323843514490681,0.676156485509319,1.0,0.0,1.0,0.0,8,0,8,0,8,6,8,8,0.5389311909675598,0.4180382776616619,,,,,,,,,,,0.27946383703971583,0.4885315974204193
175,train-load-0.5-scenario-495-retry-9,0.5,0.4,0.3333333333333333,0.4,21.70703246310305,1.6831159982107387,0.31688400178926135,1.0,0.0,1.0,0.0,12,0,12,0,12,6,12,12,0.8024364709854126,0.4159480862733536,,,,,,,,,,,0.27946383703971583,0.4885315974204193
176,train-load-0.7-scenario-179,0.7,0.8125,0.3854166666666667,0.8125,2.4427387972488184,-0.5697151225332402,0.34749290031101787,0.4444444444444444,0.5555555555555556,0.7619047619047619,0.23809523809523808,4,5,16,5,21,8,9,4,0.8308118581771851,0.41386834584198684,,,,,,,,,,,0.27946383703971583,0.4885315974204193
177,train-load-0.8-scenario-369,0.8,0.6925941666666666,0.4542309027777778,0.6925941666666666,11.18353135075546,0.983816291358176,0.516183708641824,0.875,0.125,0.8888888888888888,0.1111111111111111,7,1,8,1,9,6,8,7,0.4925771951675415,0.4117990041127769,,,,,,,,,,,0.27946383703971583,0.4885315974204193
178,train-load-0.6-scenario-303,0.6,0.6875,0.4125,0.6875,10.963466379310997,0.5644675403988657,0.34462336869204335,0.7272727272727273,0.2727272727272727,0.7272727272727273,0.2727272727272727,8,3,8,3,11,8,11,8,0.8011349439620972,0.40974000909221303,,,,,,,,,,,0.27946383703971583,0.4885315974204193
179,train-load-0.8-scenario-292,0.8,0.7276939285714286,0.7276939285714286,0.6119741428571429,12.310251373159936,0.4753094638169175,0.6016136131061595,0.7692307692307693,0.23076923076923078,0.7692307692307693,0.23076923076923078,10,3,10,3,13,7,13,10,1.0706787109375,0.40769130904675194,,,,,,,,,,,0.27946383703971583,0.4885315974204193
180,train-load-0.7-scenario-357,0.7,0.8,0.5,0.8,11.883485259342724,0.3068377295457372,0.55030512759712,0.7142857142857143,0.2857142857142857,0.7142857142857143,0.2857142857142857,10,4,10,4,14,7,14,10,0.8797431588172913,0.40565285250151817,,,,,,,,,,,0.27946383703971583,0.4885315974204193
181,train-load-0.7-scenario-250,0.7,0.6344254285714286,0.30713428571428575,0.6344254285714286,13.853404949525682,1.160885434325946,0.839114565674054,1.0,0.0,1.0,0.0,9,0,9,0,9,7,9,9,0.7568811774253845,0.4036245882390106,,,,,,,,,,,0.27946383703971583,0.4885315974204193
182,train-load-0.7-scenario-711,0.7,0.66034275,0.6202428125,0.66034275,13.836804434278939,0.8697310283751443,0.766632607988492,0.9090909090909091,0.09090909090909091,0.9230769230769231,0.07692307692307693,10,1,12,1,13,8,11,10,0.5878934860229492,0.4016064652978155,,,,,,,,,,,0.27946383703971583,0.4885315974204193
183,train-load-0.7-scenario-633-retry-1,0.7,0.79,0.64,0.79,13.298303370204936,1.122121262982406,0.4334342925731493,0.8888888888888888,0.1111111111111111,0.8888888888888888,0.1111111111111111,8,1,8,1,9,5,9,8,0.30999279022216797,0.3995984329713264,,,,,,,,,,,0.27946383703971583,0.4885315974204193
184,train-load-0.9-scenario-372-retry-1,0.9,1.0,1.0,0.375,8.523027689085259,0.11262197780070882,0.5540446888659578,0.6666666666666666,0.3333333333333333,0.6666666666666666,0.3333333333333333,8,4,8,4,12,8,12,8,0.9337992072105408,0.3976004408064698,,,,,,,,,,,0.27946383703971583,0.4885315974204193
185,train-load-0.7-scenario-267-retry-4,0.7,0.65,0.2708333333333333,0.65,21.213139719639535,1.4735720919851651,0.5264279080148347,1.0,0.0,1.0,0.0,13,0,13,0,13,4,13,13,0.8230973482131958,0.39561243860243744,,,,,,,,,,,0.27946383703971583,0.4885315974204193
186,train-load-0.9-scenario-667-retry-5,0.9,1.0,1.0,0.6,8.85222064398404,0.20163755453132792,0.4650291121353387,0.6666666666666666,0.3333333333333333,0.6666666666666666,0.3333333333333333,8,4,8,4,12,8,12,8,0.59768146276474,0.3936343764094253,,,,,,,,,,,0.27946383703971583,0.4885315974204193
187,train-load-0.8-scenario-664,0.8,0.700896875,0.700896875,0.6981543333333333,12.97027514252935,0.7853800714409972,0.4873472012862756,0.8181818181818182,0.18181818181818182,0.8333333333333334,0.16666666666666666,9,2,10,2,12,6,11,9,0.33758366107940674,0.39166620452737816,,,,,,,,,,,0.27946383703971583,0.4885315974204193
188,train-load-0.8-scenario-301,0.8,0.75373575,0.44700468750000005,0.75373575,15.807711962527112,0.8939392045373464,0.49067618007803804,0.8461538461538461,0.15384615384615385,0.8461538461538461,0.15384615384615385,11,2,11,2,13,8,13,11,0.8300942778587341,0.3897078735047413,,,,,,,,,,,0.27946383703971583,0.4885315974204193
189,train-load-0.5-scenario-307,0.5,0.42,0.38,0.42,18.967867409918718,1.3676644912831035,0.29900217538356294,0.9166666666666666,0.08333333333333333,0.9166666666666666,0.08333333333333333,11,1,11,1,12,5,12,11,0.9862557649612427,0.3877593341372176,,,,,,,,,,,0.27946383703971583,0.4885315974204193
190,train-load-0.9-scenario-136,0.9,0.895280875,0.56138296875,0.895280875,13.899132771291285,0.5375737735317294,0.6052833693254134,0.7857142857142857,0.21428571428571427,0.8,0.2,11,3,12,3,15,8,14,11,0.5541029572486877,0.3858205374665315,,,,,,,,,,,0.27946383703971583,0.4885315974204193
191,train-load-1.0-scenario-300-retry-10,1.0,0.9625,0.6875,0.9625,26.41564034642999,1.0802685646345274,0.37427688991092717,0.8636363636363636,0.13636363636363635,0.8636363636363636,0.13636363636363635,19,3,19,3,22,8,22,19,0.6420820951461792,0.38389143477919885,,,,,,,,,,,0.27946383703971583,0.4885315974204193
192,train-load-1.0-scenario-318,1.0,0.8854711999999999,0.7381058333333333,0.8854711999999999,10.527117903758331,0.574753233231656,0.6252467667683441,0.8,0.2,0.7272727272727273,0.2727272727272727,8,2,8,3,11,5,10,8,0.7420109510421753,0.3819719776053028,,,,,,,,,,,0.27946383703971583,0.4885315974204193
193,train-load-0.5-scenario-33,0.5,0.5714285714285714,0.5714285714285714,0.34285714285714286,10.719915152741187,0.8459864962150321,0.6540135037849679,0.875,0.125,0.875,0.125,7,1,7,1,8,7,8,7,0.8909501433372498,0.3800621177172763,,,,,,,,,,,0.27946383703971583,0.4885315974204193
194,train-load-0.9-scenario-224,0.9,0.8319715714285714,0.31985327380952383,0.8319715714285714,12.826286429419984,0.9042550604870183,0.6957449395129818,0.9,0.1,0.9,0.1,9,1,9,1,10,7,10,9,1.292337417602539,0.37816180712868996,,,,,,,,,,,0.27946383703971583,0.4885315974204193
195,train-load-0.5-scenario-439-retry-1,0.5,0.5571428571428572,0.4714285714285714,0.5571428571428572,15.563172271389373,1.5824182942680218,0.41758170573197817,1.0,0.0,1.0,0.0,8,0,11,0,11,7,8,8,0.5988194942474365,0.37627099809304654,,,,,,,,,,,0.27946383703971583,0.4885315974204193
196,train-load-0.8-scenario-78,0.8,0.8857142857142857,0.2619047619047619,0.8857142857142857,-3.7121087344410677,-1.6124487759548516,0.6124487759548516,0.25,0.75,0.25,0.75,2,6,2,6,8,7,8,2,0.8624928593635559,0.3743896431025813,,,,,,,,,,,0.27946383703971583,0.4885315974204193
197,train-load-1.0-scenario-155,1.0,0.9011024999999999,0.6134725000000001,0.9011024999999999,5.77027511685502,0.20711592076246277,0.6500269363803944,0.7142857142857143,0.2857142857142857,0.7142857142857143,0.2857142857142857,5,2,5,2,7,4,7,5,1.0208790302276611,0.37251769488706843,,,,,,,,,,,0.27946383703971583,0.4885315974204193
198,train-load-0.5-scenario-71,0.5,0.46129116666666664,0.3019809027777778,0.46129116666666664,6.033679237823858,0.5232038486546923,0.6767961513453078,0.8,0.2,0.8333333333333334,0.16666666666666666,4,1,5,1,6,6,5,4,0.528095006942749,0.3706551064126331,,,,,,,,,,,0.27946383703971583,0.4885315974204193
199,train-load-0.5-scenario-219-retry-1,0.5,0.5625,0.5625,0.5625,17.34565619737674,1.6363500242225377,0.3636499757774623,1.0,0.0,1.0,0.0,9,0,9,0,9,4,9,9,0.4087425768375397,0.36880183088056995,,,,,,,,,,,0.27946383703971583,0.4885315974204193
200,train-load-0.5-scenario-428,0.5,0.5833333333333334,0.5833333333333334,0.5,22.780737251852308,1.2608674428646336,0.4891325571353664,0.9375,0.0625,0.9375,0.0625,15,1,15,1,16,8,16,15,1.0241358280181885,0.3669578217261671,0.33352455250048973,0.536480042004187,0.7175011486261692,0.2824988513738308,0.711744333100809,0.288255666899191,0.5939330411033398,0.5955316967797571,0.28612198545195067,0.6948668832965654,0.33352455250048973,0.5939330411033398
201,train-load-0.5-scenario-467-retry-1,0.5,0.4,0.4,0.2,22.753480451430633,1.4790857976744503,0.5209142023255497,1.0,0.0,1.0,0.0,14,0,14,0,14,7,14,14,0.4483858346939087,0.36512303261753626,,,,,,,,,,,0.33352455250048973,0.5939330411033398
202,train-load-1.0-scenario-170,1.0,0.9,0.4,0.9,11.54088911556508,0.5000053611507114,0.4999946388492886,0.75,0.25,0.75,0.25,9,3,9,3,12,5,12,9,0.8513827919960022,0.3632974174544486,,,,,,,,,,,0.33352455250048973,0.5939330411033398
203,train-load-0.6-scenario-599,0.6,0.5783604,0.323304,0.5783604,11.162764866825958,1.3325840624512835,0.6674159375487164,1.0,0.0,1.0,0.0,6,0,6,0,6,5,6,6,1.1955747604370117,0.3614809303671764,,,,,,,,,,,0.33352455250048973,0.5939330411033398
204,train-load-0.5-scenario-685,0.5,0.5714285714285714,0.5714285714285714,0.5714285714285714,13.064478992296419,1.2746576827211766,0.22534231727882334,0.875,0.125,0.875,0.125,7,1,7,1,8,7,8,7,0.6785149574279785,0.3596735257153405,,,,,,,,,,,0.33352455250048973,0.5939330411033398
205,train-load-0.8-scenario-273,0.8,0.85,0.6666666666666666,0.85,12.207941528441186,1.105914752114206,0.3940852478857939,0.875,0.125,0.875,0.125,7,1,7,1,8,4,8,7,0.7453293800354004,0.3578751580867638,,,,,,,,,,,0.33352455250048973,0.5939330411033398
206,train-load-0.7-scenario-733-retry-2,0.7,0.8,0.8,0.4,3.717508829975916,-0.40554879040935254,0.40554879040935254,0.5,0.5,0.5833333333333334,0.4166666666666667,5,5,7,5,12,7,10,5,1.2755565643310547,0.35608578229633,,,,,,,,,,,0.33352455250048973,0.5939330411033398
207,train-load-1.0-scenario-401,1.0,0.9287875000000001,0.5972760416666667,0.9287875000000001,12.722758177750485,0.6130370988299763,0.7202962345033571,0.8333333333333334,0.16666666666666666,0.8333333333333334,0.16666666666666666,10,2,10,2,12,6,12,10,0.5299583673477173,0.3543053533848483,,,,,,,,,,,0.33352455250048973,0.5939330411033398
208,train-load-0.5-scenario-110-retry-2,0.5,0.5,0.4166666666666667,0.5,18.686349497368738,1.6804056546230057,0.31959434537699427,1.0,0.0,1.0,0.0,10,0,10,0,10,4,10,10,0.9965621829032898,0.35253382661792404,,,,,,,,,,,0.33352455250048973,0.5939330411033398
209,train-load-0.7-scenario-573,0.7,0.6492835714285714,0.6492835714285714,0.5863094285714286,11.650361337368718,0.4339849857405557,0.8993483475927777,0.8333333333333334,0.16666666666666666,0.8333333333333334,0.16666666666666666,10,2,10,2,12,7,12,10,1.0299386978149414,0.3507711574848344,,,,,,,,,,,0.33352455250048973,0.5939330411033398
210,train-hard-8gpu-16pod-1vgpu,0.5,0.5,0.3333333333333333,0.5,27.21738182198293,1.8333333333333335,0.16666666666666663,1.0,0.0,1.0,0.0,16,0,16,0,16,8,16,16,0.5519087314605713,0.34901730169741024,,,,,,,,,,,0.33352455250048973,0.5939330411033398
211,train-load-0.7-scenario-430,0.7,0.6601672,0.42713075000000006,0.6601672,12.21862122435878,1.298079057574237,0.7019209424257632,1.0,0.0,1.0,0.0,7,0,8,0,8,5,7,7,0.8567453622817993,0.3472722151889232,,,,,,,,,,,0.33352455250048973,0.5939330411033398
212,train-load-0.8-scenario-603,0.8,0.6955103333333333,0.45985208333333333,0.6955103333333333,10.093918696051826,0.7982343925031614,0.7017656074968385,0.875,0.125,0.8888888888888888,0.1111111111111111,7,1,8,1,9,6,8,7,1.0032756328582764,0.3455358541129786,,,,,,,,,,,0.33352455250048973,0.5939330411033398
213,train-load-0.5-scenario-456,0.5,0.5625,0.375,0.5625,16.772896132435157,1.578397675857075,0.421602324142925,1.0,0.0,1.0,0.0,9,0,9,0,9,4,9,9,0.6452977061271667,0.3438081748424137,,,,,,,,,,,0.33352455250048973,0.5939330411033398
214,train-load-1.0-scenario-388,1.0,1.075,1.075,1.05,8.037147010224501,0.09618960217585593,0.8129013069150532,0.7272727272727273,0.2727272727272727,0.7272727272727273,0.2727272727272727,8,3,8,3,11,4,11,8,0.8999691009521484,0.3420891339682016,,,,,,,,,,,0.33352455250048973,0.5939330411033398
215,train-load-0.5-scenario-10-retry-2,0.5,0.55,0.55,0.2625,15.818881946756719,1.4270495953941675,0.5729504046058325,1.0,0.0,1.0,0.0,9,0,9,0,9,8,9,9,0.5135478973388672,0.3403786882983606,,,,,,,,,,,0.33352455250048973,0.5939330411033398
216,train-load-0.6-scenario-198-retry-5,0.6,0.625,0.6125,0.625,4.930061396702899,-0.033514184708352324,0.5335141847083523,0.625,0.375,0.7692307692307693,0.23076923076923078,5,3,10,3,13,8,8,5,0.48439422249794006,0.3386767948568688,,,,,,,,,,,0.33352455250048973,0.5939330411033398
217,train-load-0.7-scenario-649,0.7,0.6058445,0.38555989583333333,0.6058445,14.716794869418138,1.269130546780749,0.730869453219251,1.0,0.0,1.0,0.0,9,0,10,0,10,8,9,9,1.356179118156433,0.33698341088258443,,,,,,,,,,,0.33352455250048973,0.5939330411033398
218,train-load-0.7-scenario-327,0.7,0.6197916666666666,0.6197916666666666,0.6125,22.76883216014311,1.5233761746536916,0.4766238253463085,1.0,0.0,1.0,0.0,14,0,14,0,14,8,14,14,0.6900787353515625,0.3352984938281715,,,,,,,,,,,0.33352455250048973,0.5939330411033398
219,train-load-0.6-scenario-709-retry-5,0.6,0.6,0.2,0.6,13.781424048385368,1.3738471715199507,0.6261528284800492,1.0,0.0,1.0,0.0,8,0,8,0,8,8,8,8,0.4838402271270752,0.33362200135903064,,,,,,,,,,,0.33352455250048973,0.5939330411033398
220,train-load-1.0-scenario-443,1.0,0.9006677499999999,0.9006677499999999,0.83493,6.166240605325369,-0.14645907244343537,0.6919136178979808,0.6363636363636364,0.36363636363636365,0.6666666666666666,0.3333333333333333,7,4,8,4,12,5,11,7,0.6199288964271545,0.33195389135223546,,,,,,,,,,,0.33352455250048973,0.5939330411033398
221,train-load-0.8-scenario-717-retry-6,0.8,0.9,0.9,0.36,3.6741033483474537,-0.2873702423592803,0.5095924645815026,0.5555555555555556,0.4444444444444444,0.5555555555555556,0.4444444444444444,5,4,5,4,9,5,9,5,1.0128881931304932,0.3302941218954743,,,,,,,,,,,0.33352455250048973,0.5939330411033398
222,train-load-0.9-scenario-390-retry-4,0.9,1.0,0.5,1.0,4.099244351129617,-0.5208767821380704,0.5208767821380704,0.5,0.5,0.5,0.5,6,6,6,6,12,6,12,6,0.8171308040618896,0.32864265128599696,,,,,,,,,,,0.33352455250048973,0.5939330411033398
223,train-load-0.5-scenario-186-retry-1,0.5,0.4,0.4,0.2,18.07216846174456,1.5656990212723314,0.4343009787276685,1.0,0.0,1.0,0.0,10,0,10,0,10,5,10,10,0.6931880712509155,0.326999438029567,,,,,,,,,,,0.33352455250048973,0.5939330411033398
224,train-load-0.5-scenario-4-retry-4,0.5,0.5,0.5,0.5,14.265228668677674,1.386260074273894,0.613739925726106,1.0,0.0,1.0,0.0,8,0,11,0,11,8,8,8,0.4960225522518158,0.3253644408394192,,,,,,,,,,,0.33352455250048973,0.5939330411033398
225,train-load-0.8-scenario-191-retry-1,0.8,0.7,0.7,0.475,15.083361742475505,1.0144804936016913,0.6218831427619449,0.9090909090909091,0.09090909090909091,0.9090909090909091,0.09090909090909091,10,1,10,1,11,4,11,10,0.9173504114151001,0.3237376186352221,,,,,,,,,,,0.33352455250048973,0.5939330411033398
226,train-load-0.6-scenario-746,0.6,0.526706,0.3356307291666667,0.526706,8.286791995827073,1.2046612389595281,0.7953387610404719,1.0,0.0,1.0,0.0,4,0,5,0,5,4,4,4,0.7226102352142334,0.322118930542046,,,,,,,,,,,0.33352455250048973,0.5939330411033398
227,train-load-0.9-scenario-646,0.9,1.0,0.3333333333333333,1.0,3.979687909827299,-0.5449349574050917,0.5449349574050917,0.5,0.5,0.5,0.5,6,6,6,6,12,6,12,6,0.5923978686332703,0.32050833588933575,,,,,,,,,,,0.33352455250048973,0.5939330411033398
228,train-load-0.6-scenario-344,0.6,0.56,0.28,0.56,22.76027032154729,1.4855176040699267,0.5144823959300732,1.0,0.0,1.0,0.0,14,0,14,0,14,5,14,14,0.7736791372299194,0.31890579420988907,,,,,,,,,,,0.33352455250048973,0.5939330411033398
229,train-load-0.6-scenario-74,0.6,0.64,0.34,0.64,17.127287735115317,1.4195015632078942,0.5804984367921058,1.0,0.0,1.0,0.0,10,0,10,0,10,5,10,10,0.7048797011375427,0.3173112652388396,,,,,,,,,,,0.33352455250048973,0.5939330411033398
230,train-load-0.5-scenario-67,0.5,0.6145955,0.4305104166666667,0.6145955,5.9730711320391485,1.134266583402035,0.8657334165979651,1.0,0.0,1.0,0.0,3,0,5,0,5,4,3,3,0.5475336909294128,0.3157247089126454,,,,,,,,,,,0.33352455250048973,0.5939330411033398
231,train-load-0.5-scenario-553-retry-3,0.5,0.4,0.2,0.4,29.7572317916447,1.3582494901204596,0.6417505098795405,1.0,0.0,1.0,0.0,20,0,20,0,20,5,20,20,0.9690859317779541,0.3141460853680822,,,,,,,,,,,0.33352455250048973,0.5939330411033398
232,train-load-0.9-scenario-276,0.9,0.8142479166666666,0.8142479166666666,0.77674375,6.232587727788832,0.04015249396099907,0.6265141727056676,0.6666666666666666,0.3333333333333333,0.6666666666666666,0.3333333333333333,6,3,6,3,9,4,9,6,1.0069079399108887,0.3125753549412418,,,,,,,,,,,0.33352455250048973,0.5939330411033398
233,train-load-1.0-scenario-47-retry-2,1.0,0.96,0.96,0.48,20.30878438597811,0.3800294398343861,0.45330389349894734,0.7083333333333334,0.2916666666666667,0.7083333333333334,0.2916666666666667,17,7,17,7,24,5,24,17,0.933422863483429,0.31101247816653554,,,,,,,,,,,0.33352455250048973,0.5939330411033398
234,train-load-0.9-scenario-387,0.9,0.8000538,0.7388966666666666,0.8000538,8.911870197237103,0.47107502848814753,0.6400360826229636,0.7777777777777778,0.2222222222222222,0.8,0.2,7,2,8,2,10,5,9,7,1.0138561725616455,0.30945741577570285,,,,,,,,,,,0.33352455250048973,0.5939330411033398
235,train-load-0.5-scenario-574,0.5,0.435006,0.4132098958333333,0.435006,14.064403790393314,1.167974177927293,0.832025822072707,1.0,0.0,1.0,0.0,9,0,9,0,9,8,9,9,0.6128140687942505,0.3079101286968243,,,,,,,,,,,0.33352455250048973,0.5939330411033398
236,train-load-0.7-scenario-702,0.7,0.5987022857142856,0.4968571428571429,0.5987022857142856,15.01310591668359,1.3311190884249902,0.66888091157501,1.0,0.0,1.0,0.0,9,0,11,0,11,7,9,9,0.7614421844482422,0.3063705780533402,,,,,,,,,,,0.33352455250048973,0.5939330411033398
237,train-load-0.8-scenario-424,0.8,0.7,0.7,0.46875,13.96372794628848,0.790496817820437,0.5428365155128965,0.8333333333333334,0.16666666666666666,0.8333333333333334,0.16666666666666666,10,2,10,2,12,8,12,10,0.7839974761009216,0.30483872516307353,,,,,,,,,,,0.33352455250048973,0.5939330411033398
238,train-load-0.7-scenario-165-retry-1,0.7,0.6,0.6,0.3,24.020520200219302,1.468633896565082,0.531366103434918,1.0,0.0,1.0,0.0,15,0,15,0,15,5,15,15,0.5694537162780762,0.3033145315372582,,,,,,,,,,,0.33352455250048973,0.5939330411033398
239,train-load-0.5-scenario-607,0.5,0.5327612,0.34456125,0.5327612,9.455971339827531,1.262738514981478,0.737261485018522,1.0,0.0,1.0,0.0,5,0,6,0,6,5,5,5,0.7513833045959473,0.3017979588795719,,,,,,,,,,,0.33352455250048973,0.5939330411033398
240,train-load-1.0-scenario-30-retry-2,1.0,0.8995805,0.5794621527777778,0.8995805,13.443722342259994,0.6284796238127522,0.44844345311032485,0.7692307692307693,0.23076923076923078,0.7692307692307693,0.23076923076923078,10,3,10,3,13,6,13,10,0.8933010101318359,0.30028896908517405,,,,,,,,,,,0.33352455250048973,0.5939330411033398
241,train-hard-8gpu-16pod-1vgpu,0.5,0.5,0.3333333333333333,0.5,25.884283268352405,1.625,0.375,1.0,0.0,1.0,0.0,16,0,16,0,16,8,16,16,0.6221276521682739,0.2987875242397482,,,,,,,,,,,0.33352455250048973,0.5939330411033398
242,train-load-0.9-scenario-547-retry-1,0.9,1.0,1.0,0.5,10.559656999910342,0.10636114490252735,0.5603055217641393,0.6666666666666666,0.3333333333333333,0.6666666666666666,0.3333333333333333,10,5,10,5,15,6,15,10,0.5198097229003906,0.29729358661854943,,,,,,,,,,,0.33352455250048973,0.5939330411033398
243,train-load-0.9-scenario-131-retry-1,0.9,0.8910272499999999,0.36317468750000004,0.8910272499999999,8.352119879756502,0.8335167712252005,0.49981656210813297,0.8333333333333334,0.16666666666666666,0.8571428571428571,0.14285714285714285,5,1,6,1,7,4,6,5,1.0200989246368408,0.29580711868545667,,,,,,,,,,,0.33352455250048973,0.5939330411033398
244,train-load-0.8-scenario-442,0.8,0.68145425,0.4383192708333333,0.68145425,17.174401947717207,1.2557122363474145,0.7442877636525856,1.0,0.0,1.0,0.0,11,0,12,0,12,8,11,11,0.4454105496406555,0.2943280830920294,,,,,,,,,,,0.33352455250048973,0.5939330411033398
245,train-load-1.0-scenario-712,1.0,0.9502064999999998,0.81129125,0.9502064999999998,9.826039723960463,0.16236263809303797,0.6068681311377312,0.6923076923076923,0.3076923076923077,0.6428571428571429,0.35714285714285715,9,4,9,5,14,6,13,9,0.38879960775375366,0.29285644267656924,,,,,,,,,,,0.33352455250048973,0.5939330411033398
246,train-load-0.7-scenario-254-retry-1,0.7,0.7857142857142857,0.7857142857142857,0.5571428571428572,8.33467343280992,0.19333426582683866,0.3521202796277067,0.6363636363636364,0.36363636363636365,0.6363636363636364,0.36363636363636365,7,4,7,4,11,7,11,7,0.5475171804428101,0.2913921604631864,,,,,,,,,,,0.33352455250048973,0.5939330411033398
247,train-load-0.9-scenario-49-retry-1,0.9,1.0,1.0,1.0,3.3910590517562973,-0.31452423191689605,0.31452423191689605,0.5,0.5,0.5,0.5,4,4,4,4,8,4,8,4,0.6342016458511353,0.28993519966087045,,,,,,,,,,,0.33352455250048973,0.5939330411033398
248,train-load-0.8-scenario-549,0.8,0.6833333333333333,0.6833333333333333,0.6333333333333333,29.59325127739799,1.6104697797476706,0.3895302202523293,1.0,0.0,1.0,0.0,19,0,19,0,19,6,19,19,0.5985113382339478,0.2884855236625661,,,,,,,,,,,0.33352455250048973,0.5939330411033398
249,train-load-0.9-scenario-613,0.9,0.9285714285714286,0.6357142857142857,0.9285714285714286,10.656631726910586,0.3358618583769122,0.6641381416230878,0.75,0.25,0.75,0.25,9,3,9,3,12,7,12,9,0.7317242622375488,0.28704309604425327,,,,,,,,,,,0.33352455250048973,0.5939330411033398
250,train-load-0.8-scenario-637,0.8,0.9142857142857143,0.9142857142857143,0.3142857142857143,2.9378749533005237,-0.3453942031737244,0.8453942031737244,0.625,0.375,0.6666666666666666,0.3333333333333333,5,3,6,3,9,7,8,5,0.4177131652832031,0.285607880564032,,,,,,,,,,,0.33352455250048973,0.5939330411033398
251,train-load-0.6-scenario-188,0.6,0.5,0.16666666666666666,0.5,25.46536544987711,1.4844641584918674,0.5155358415081326,1.0,0.0,1.0,0.0,16,0,16,0,16,8,16,16,0.4551718831062317,0.28417984116121187,,,,,,,,,,,0.33352455250048973,0.5939330411033398
252,train-load-0.9-scenario-208-retry-4,0.9,0.8833333333333333,0.75,0.8833333333333333,6.62282883468512,0.10047815387990988,0.5661885127867567,0.6666666666666666,0.3333333333333333,0.6923076923076923,0.3076923076923077,6,3,9,4,13,6,9,6,0.9654144644737244,0.2827589419554058,,,,,,,,,,,0.33352455250048973,0.5939330411033398
253,train-load-0.5-scenario-388,0.5,0.4398845,0.21012999999999998,0.4398845,9.90385803134022,1.110387612522028,0.8896123874779719,1.0,0.0,1.0,0.0,6,0,6,0,6,8,6,6,0.6428486704826355,0.28134514724562876,,,,,,,,,,,0.33352455250048973,0.5939330411033398
254,train-load-0.7-scenario-519,0.7,0.6529083333333333,0.6529083333333333,0.6293723333333333,7.278652623369055,0.183758729585779,0.48290793708088764,0.6666666666666666,0.3333333333333333,0.6,0.4,6,3,6,4,10,6,9,6,0.7715455293655396,0.2799384215094006,,,,,,,,,,,0.33352455250048973,0.5939330411033398
255,train-load-0.8-scenario-379,0.8,0.9,0.75,0.9,7.192334314988722,0.21008465874173265,0.456582007924934,0.6666666666666666,0.3333333333333333,0.6666666666666666,0.3333333333333333,6,3,6,3,9,4,9,6,0.8800520896911621,0.27853872940185365,,,,,,,,,,,0.33352455250048973,0.5939330411033398
256,train-load-0.9-scenario-578,0.9,0.809999375,0.7193375,0.809999375,14.016754782586691,0.5383929611430307,0.6044641817141121,0.7857142857142857,0.21428571428571427,0.7647058823529411,0.23529411764705882,11,3,13,4,17,8,14,11,0.8254989981651306,0.27714603575484437,,,,,,,,,,,0.33352455250048973,0.5939330411033398
257,train-load-0.7-scenario-195-retry-4,0.7,0.6,0.125,0.6,22.886139781003052,1.335838950197758,0.6641610498022421,1.0,0.0,1.0,0.0,15,0,15,0,15,5,15,15,0.4817509055137634,0.2757603055760701,,,,,,,,,,,0.33352455250048973,0.5939330411033398
258,train-load-0.9-scenario-34,0.9,1.0,0.08333333333333333,1.0,0.5253989426236569,-0.9682736389546112,0.5682736389546112,0.4,0.6,0.4,0.6,4,6,4,6,10,7,10,4,0.49726730585098267,0.2743815040481898,,,,,,,,,,,0.33352455250048973,0.5939330411033398
259,train-load-0.9-scenario-445,0.9,0.7844583749999999,0.5002534375,0.7844583749999999,15.426204954039841,0.9300238750488229,0.7366427916178437,0.9166666666666666,0.08333333333333333,0.9230769230769231,0.07692307692307693,11,1,12,1,13,8,12,11,0.3624389171600342,0.2730095965279488,,,,,,,,,,,0.33352455250048973,0.5939330411033398
260,train-load-0.9-scenario-549-retry-1,0.9,0.9857142857142858,0.7428571428571429,0.9857142857142858,12.465411078899793,0.019485770985702366,0.6471808956809643,0.6666666666666666,0.3333333333333333,0.6666666666666666,0.3333333333333333,12,6,12,6,18,7,18,12,0.5517446994781494,0.27164454854530906,,,,,,,,,,,0.33352455250048973,0.5939330411033398
261,train-load-0.9-scenario-51-retry-3,0.9,1.0,0.3333333333333333,1.0,4.613664198576984,-0.5975552490505367,0.5975552490505367,0.5,0.5,0.5,0.5,7,7,7,7,14,7,14,7,0.5334951877593994,0.2702863258025825,,,,,,,,,,,0.33352455250048973,0.5939330411033398
262,train-load-0.9-scenario-602-retry-1,0.9,0.83435225,0.5394546874999999,0.83435225,11.395295115154074,0.312294240979596,0.764628835943481,0.7692307692307693,0.23076923076923078,0.7142857142857143,0.2857142857142857,10,3,10,4,14,8,13,10,0.8526246547698975,0.2689348941735696,,,,,,,,,,,0.33352455250048973,0.5939330411033398
263,train-load-1.0-scenario-418,1.0,0.9506214285714285,0.5735801785714286,0.9506214285714285,14.194415247741297,0.6873794638220162,0.6972359207933684,0.8461538461538461,0.15384615384615385,0.7857142857142857,0.21428571428571427,11,2,11,3,14,7,13,11,0.589844822883606,0.26759021970270175,,,,,,,,,,,0.33352455250048973,0.5939330411033398
264,train-load-0.9-scenario-442-retry-2,0.9,0.8,0.5,0.8,11.969448451219705,0.5830325806106336,0.4169674193893663,0.75,0.25,0.75,0.25,9,3,9,3,12,6,12,9,0.46646827459335327,0.2662522686041882,,,,,,,,,,,0.33352455250048973,0.5939330411033398
265,train-load-1.0-scenario-404,1.0,0.88356,0.6899525,0.88356,9.508440084785244,0.32041823466006947,0.5886726744308397,0.7272727272727273,0.2727272727272727,0.7272727272727273,0.2727272727272727,8,3,8,3,11,5,11,8,0.5063865780830383,0.2649210072611673,,,,,,,,,,,0.33352455250048973,0.5939330411033398
266,train-load-1.0-scenario-666-retry-3,1.0,1.0625,0.9125,1.0625,12.499347928651598,-0.02393066364846952,0.4239306636484694,0.6,0.4,0.6,0.4,12,8,12,8,20,8,20,12,0.6034297943115234,0.26359640222486147,,,,,,,,,,,0.33352455250048973,0.5939330411033398
267,train-load-0.7-scenario-181,0.7,0.75,0.06770833333333333,0.75,3.4924176495124897,-0.31505518534542687,0.8150551853454269,0.625,0.375,0.625,0.375,5,3,5,3,8,8,8,5,0.6745432615280151,0.26227842021373715,,,,,,,,,,,0.33352455250048973,0.5939330411033398
268,train-load-1.0-scenario-28,1.0,0.9571428571428572,0.6571428571428571,0.9571428571428572,22.90434503954539,0.6987092593616786,0.4317255232470172,0.782608695652174,0.21739130434782608,0.782608695652174,0.21739130434782608,18,5,18,5,23,7,23,18,0.3223632872104645,0.2609670281126685,,,,,,,,,,,0.33352455250048973,0.5939330411033398
269,train-load-0.5-scenario-479-retry-1,0.5,0.5214285714285715,0.5142857142857142,0.5214285714285715,17.345453552059208,1.5084291271868198,0.4915708728131803,1.0,0.0,1.0,0.0,10,0,10,0,10,7,10,10,0.5278986096382141,0.25966219297210513,,,,,,,,,,,0.33352455250048973,0.5939330411033398
270,train-load-0.8-scenario-729-retry-1,0.8,0.725,0.6041666666666666,0.725,14.164917639064452,1.2604189049163574,0.2951366506391982,0.8888888888888888,0.1111111111111111,0.8888888888888888,0.1111111111111111,8,1,8,1,9,4,9,8,0.7454866170883179,0.2583638820072446,,,,,,,,,,,0.33352455250048973,0.5939330411033398
271,train-load-0.8-scenario-528-retry-6,0.8,0.7375,0.6125,0.7375,10.489893742505823,0.5240140265585417,0.6759859734414584,0.8,0.2,0.7647058823529411,0.23529411764705882,8,2,13,4,17,8,10,8,0.7832556962966919,0.2570720625972084,,,,,,,,,,,0.33352455250048973,0.5939330411033398
272,train-load-0.9-scenario-132,0.9,0.8002812,0.5886308333333333,0.8002812,10.029425485211693,0.8262573957430539,0.6737426042569462,0.875,0.125,0.8888888888888888,0.1111111111111111,7,1,8,1,9,5,8,7,0.9333600997924805,0.25578670228422234,,,,,,,,,,,0.33352455250048973,0.5939330411033398
273,train-load-0.9-scenario-12-retry-10,0.9,0.87,0.4,0.87,28.880109483041295,1.0604492325631913,0.43955076743680865,0.875,0.125,0.875,0.125,21,3,21,3,24,5,24,21,0.6364915370941162,0.25450776877280124,,,,,,,,,,,0.33352455250048973,0.5939330411033398
274,train-load-0.9-scenario-309,0.9,0.8622172,0.5578275,0.8622172,13.543056127506926,1.1611862261776573,0.3943693293778979,0.8888888888888888,0.1111111111111111,0.8888888888888888,0.1111111111111111,8,1,8,1,9,5,9,8,0.8692078590393066,0.2532352299289372,,,,,,,,,,,0.33352455250048973,0.5939330411033398
275,train-load-0.9-scenario-264,0.9,0.8288787499999999,0.336625,0.8288787499999999,7.7413682142275455,0.69133694004634,0.6419963932869934,0.8333333333333334,0.16666666666666666,0.8333333333333334,0.16666666666666666,5,1,5,1,6,4,6,5,0.9560274481773376,0.2519690537792925,,,,,,,,,,,0.33352455250048973,0.5939330411033398
276,train-load-0.8-scenario-47,0.8,0.7637898571428572,0.33308809523809524,0.7637898571428572,7.520980167638157,0.5315410728315665,0.897030355739862,0.8571428571428571,0.14285714285714285,0.7777777777777778,0.2222222222222222,6,1,7,2,9,7,7,6,0.5148029327392578,0.2507092085103961,,,,,,,,,,,0.33352455250048973,0.5939330411033398
277,train-load-0.8-scenario-626,0.8,0.875,0.3854166666666667,0.875,17.898692047567536,0.9818837280199231,0.7324019862657913,0.9285714285714286,0.07142857142857142,0.8888888888888888,0.1111111111111111,13,1,16,2,18,8,14,13,0.6141715049743652,0.2494556624678441,,,,,,,,,,,0.33352455250048973,0.5939330411033398
278,train-load-0.6-scenario-28,0.6,0.49375,0.35625,0.49375,19.06418494232522,1.5529318258361524,0.4470681741638475,1.0,0.0,1.0,0.0,11,0,11,0,11,8,11,11,0.5238813757896423,0.24820838415550486,,,,,,,,,,,0.33352455250048973,0.5939330411033398
279,train-load-0.6-scenario-392,0.6,0.5,0.5,0.25,24.31007835944415,1.4871943160181784,0.5128056839818216,1.0,0.0,1.0,0.0,15,0,15,0,15,6,15,15,0.649239182472229,0.24696734223472733,,,,,,,,,,,0.33352455250048973,0.5939330411033398
280,train-load-0.5-scenario-358,0.5,0.6,0.6,0.36,19.04432703305885,1.3521404400592045,0.6478595599407956,1.0,0.0,1.0,0.0,12,0,12,0,12,5,12,12,0.42471474409103394,0.2457325055235537,,,,,,,,,,,0.33352455250048973,0.5939330411033398
281,train-load-0.6-scenario-300,0.6,0.62302225,0.384951875,0.62302225,6.266602797980662,0.6213862186113043,0.5786137813886959,0.8,0.2,0.8,0.2,4,1,4,1,5,4,5,4,0.7209104299545288,0.24450384299593592,,,,,,,,,,,0.33352455250048973,0.5939330411033398
282,train-load-0.6-scenario-137-retry-1,0.6,0.6875,0.4583333333333333,0.6875,10.434222324047582,0.4904238730100554,0.41866703608085376,0.7272727272727273,0.2727272727272727,0.7272727272727273,0.2727272727272727,8,3,8,3,11,8,11,8,0.39529213309288025,0.24328132378095624,,,,,,,,,,,0.33352455250048973,0.5939330411033398
283,train-load-0.9-scenario-247,0.9,0.8087139999999999,0.49685937500000005,0.8087139999999999,10.036563527534017,0.8828425441859998,0.5457288843854285,0.8571428571428571,0.14285714285714285,0.8571428571428571,0.14285714285714285,6,1,6,1,7,4,7,6,0.8818050622940063,0.24206491716205145,,,,,,,,,,,0.33352455250048973,0.5939330411033398
284,train-load-0.7-scenario-408,0.7,0.71875,0.425,0.71875,-1.7254379046258697,-1.2519303428952564,0.7519303428952565,0.375,0.625,0.375,0.625,3,5,3,5,8,8,8,3,0.3255821466445923,0.2408545925762412,,,,,,,,,,,0.33352455250048973,0.5939330411033398
285,train-load-0.8-scenario-166,0.8,0.9166666666666666,0.9166666666666666,0.55,7.312918997613679,0.00892227442420146,0.536532271030344,0.6363636363636364,0.36363636363636365,0.6363636363636364,0.36363636363636365,7,4,7,4,11,8,11,7,0.7879759669303894,0.23965031961336,,,,,,,,,,,0.33352455250048973,0.5939330411033398
286,train-load-1.0-scenario-583-retry-1,1.0,0.9690255,0.67335875,0.9690255,5.878578489112393,-0.19315002374005974,0.7386045691946052,0.6363636363636364,0.36363636363636365,0.6666666666666666,0.3333333333333333,7,4,8,4,12,6,11,7,0.9686449766159058,0.2384520680152932,,,,,,,,,,,0.33352455250048973,0.5939330411033398
287,train-load-1.0-scenario-674-retry-2,1.0,0.895794,0.3906997023809524,0.895794,8.524316519135894,0.4212954877212376,0.6898156233898736,0.7777777777777778,0.2222222222222222,0.7272727272727273,0.2727272727272727,7,2,8,3,11,7,9,7,0.6973373293876648,0.23725980767521673,,,,,,,,,,,0.33352455250048973,0.5939330411033398
288,train-load-0.9-scenario-419-retry-1,0.9,0.81356675,0.696739375,0.81356675,7.1754377698031915,0.3134697097871444,0.6865302902128556,0.75,0.25,0.75,0.25,6,2,6,2,8,4,8,6,0.7266365885734558,0.23607350863684065,,,,,,,,,,,0.33352455250048973,0.5939330411033398
289,train-load-0.8-scenario-275,0.8,0.7875,0.35,0.7875,9.375403522190453,0.6650356449923207,0.8349643550076793,0.875,0.125,0.8181818181818182,0.18181818181818182,7,1,9,2,11,8,8,7,0.8364735841751099,0.23489314109365644,,,,,,,,,,,0.33352455250048973,0.5939330411033398
290,train-load-0.9-scenario-269,0.9,0.8531792500000001,0.5768062500000001,0.8531792500000001,5.8695365084882996,0.24596622576875915,0.6111766313740981,0.7142857142857143,0.2857142857142857,0.625,0.375,5,2,5,3,8,4,7,5,0.4263482689857483,0.23371867538818816,,,,,,,,,,,0.33352455250048973,0.5939330411033398
291,train-load-0.6-scenario-719-retry-3,0.6,0.4857142857142857,0.4857142857142857,0.24285714285714285,26.97038938669187,1.4801774119030042,0.5198225880969958,1.0,0.0,1.0,0.0,17,0,17,0,17,7,17,17,0.4792783856391907,0.23255008201124722,,,,,,,,,,,0.33352455250048973,0.5939330411033398
292,train-load-0.8-scenario-162-retry-1,0.8,0.8333333333333334,0.5,0.8333333333333334,12.466652317194113,0.41796631916607097,0.658956757757006,0.7692307692307693,0.23076923076923078,0.7692307692307693,0.23076923076923078,10,3,10,3,13,6,13,10,0.5243444442749023,0.231387331601191,,,,,,,,,,,0.33352455250048973,0.5939330411033398
293,train-load-0.8-scenario-403,0.8,0.7132642857142858,0.4656117857142857,0.7132642857142858,11.060693611543194,0.48116463741019233,0.7915626353170805,0.8181818181818182,0.18181818181818182,0.8181818181818182,0.18181818181818182,9,2,9,2,11,7,11,9,0.6163270473480225,0.23023039494318503,,,,,,,,,,,0.33352455250048973,0.5939330411033398
294,train-load-0.6-scenario-564-retry-1,0.6,0.6,0.6,0.4,18.066014834622955,1.573437927229065,0.4265620727709349,1.0,0.0,1.0,0.0,10,0,12,0,12,6,10,10,0.810434103012085,0.2290792429684691,,,,,,,,,,,0.33352455250048973,0.5939330411033398
295,train-load-0.6-scenario-39,0.6,0.5607184523809524,0.5607184523809524,0.528242,16.18267293020621,1.5038209757976584,0.49617902420234167,1.0,0.0,1.0,0.0,9,0,11,0,11,7,9,9,0.6331027746200562,0.22793384675362674,,,,,,,,,,,0.33352455250048973,0.5939330411033398
296,train-load-0.6-scenario-125-retry-1,0.6,0.7166666666666667,0.5166666666666667,0.7166666666666667,21.84023747358859,1.6375927744257908,0.3624072255742091,1.0,0.0,1.0,0.0,13,0,13,0,13,6,13,13,0.6754974126815796,0.22679417751985861,,,,,,,,,,,0.33352455250048973,0.5939330411033398
297,train-load-0.9-scenario-13-retry-5,0.9,1.0,0.4,1.0,1.8370664224117939,-0.5249426036572611,0.5249426036572611,0.5,0.5,0.5,0.5,4,4,4,4,8,4,8,4,0.5490905046463013,0.22566020663225933,,,,,,,,,,,0.33352455250048973,0.5939330411033398
298,train-load-1.0-scenario-158,1.0,0.954071,0.673455,0.954071,12.087368548712691,0.6318370686316453,0.6408902040956275,0.8181818181818182,0.18181818181818182,0.7142857142857143,0.2857142857142857,9,2,10,4,14,7,11,9,0.4647239148616791,0.22453190559909803,,,,,,,,,,,0.33352455250048973,0.5939330411033398
299,train-load-0.8-scenario-274,0.8,0.796821875,0.796821875,0.621725,9.55833448988574,0.92244220699621,0.5061292215752184,0.8571428571428571,0.14285714285714285,0.875,0.125,6,1,7,1,8,4,7,6,0.38920578360557556,0.22340924607110255,,,,,,,,,,,0.33352455250048973,0.5939330411033398
300,train-load-0.5-scenario-379,0.5,0.43300466666666665,0.3716204166666667,0.43300466666666665,10.691143630203502,1.2092814957491265,0.7907185042508734,1.0,0.0,1.0,0.0,6,0,7,0,7,6,6,6,0.6827263832092285,0.22229219984074702,0.3382243777256544,0.5506776962929798,0.7222255185046587,0.2777744814953414,0.7092487628871346,0.29075123711286543,0.6411704434910013,0.715874685550187,0.24270674535191822,0.6836250458533718,0.3382243777256544,0.6411704434910013
301,train-load-0.6-scenario-699,0.6,0.5508911428571429,0.27223690476190476,0.5508911428571429,13.91448354759275,1.5580681643708771,0.4419318356291228,1.0,0.0,1.0,0.0,7,0,7,0,7,7,7,7,0.3893709182739258,0.2211807388415433,,,,,,,,,,,0.3382243777256544,0.6411704434910013
302,train-load-0.6-scenario-287,0.6,0.5621798333333333,0.47490902777777777,0.5621798333333333,8.267833623394619,0.819458149797464,0.5138751835358694,0.8333333333333334,0.16666666666666666,0.75,0.25,5,1,6,2,8,6,6,5,0.5715222358703613,0.22007483514733558,,,,,,,,,,,0.3382243777256544,0.6411704434910013
303,train-load-0.8-scenario-154,0.8,0.7442728571428571,0.5391464285714286,0.7442728571428571,16.91455372452036,1.1300482572869648,0.5366184093797017,0.9166666666666666,0.08333333333333333,0.9166666666666666,0.08333333333333333,11,1,11,1,12,7,12,11,0.48966753482818604,0.2189744609715989,,,,,,,,,,,0.3382243777256544,0.6411704434910013
304,train-load-0.7-scenario-287-retry-7,0.7,0.64,0.64,0.32,25.475499006307587,1.534708309519809,0.46529169048019103,1.0,0.0,1.0,0.0,16,0,16,0,16,5,16,16,0.31640928983688354,0.2178795886667409,,,,,,,,,,,0.3382243777256544,0.6411704434910013
305,train-load-0.5-scenario-541,0.5,0.45453675,0.4005708333333333,0.45453675,7.123633100654614,1.3227908376686373,0.6772091623313627,1.0,0.0,1.0,0.0,3,0,4,0,4,4,3,3,0.8032103180885315,0.2167901907234072,,,,,,,,,,,0.3382243777256544,0.6411704434910013
306,train-load-0.8-scenario-226,0.8,0.8125,0.7083333333333334,0.8125,10.180860320797727,0.8633594598232239,0.13664054017677607,0.75,0.25,0.75,0.25,6,2,6,2,8,4,8,6,0.3499367833137512,0.21570623976979014,,,,,,,,,,,0.3382243777256544,0.6411704434910013
307,train-load-0.5-scenario-305-retry-1,0.5,0.4,0.35,0.4,24.40286216673376,1.5607175077764621,0.4392824922235378,1.0,0.0,1.0,0.0,15,0,15,0,15,6,15,15,0.5559728145599365,0.21462770857094118,,,,,,,,,,,0.3382243777256544,0.6411704434910013
308,train-load-1.0-scenario-307-retry-1,1.0,0.8919255,0.4867673611111111,0.8919255,12.24895710589669,0.7991992533059333,0.8008007466940668,0.9,0.1,0.8181818181818182,0.18181818181818182,9,1,9,2,11,6,10,9,0.6986624002456665,0.21355457002808648,,,,,,,,,,,0.3382243777256544,0.6411704434910013
309,train-load-1.0-scenario-562-retry-1,1.0,1.0285714285714285,0.5142857142857142,1.0285714285714285,6.274077132613538,-0.177400537599398,0.5107338709327314,0.5833333333333334,0.4166666666666667,0.5833333333333334,0.4166666666666667,7,5,7,5,12,7,12,7,0.4784858226776123,0.21248679717794605,,,,,,,,,,,0.3382243777256544,0.6411704434910013
310,train-load-1.0-scenario-410-retry-1,1.0,1.0436542857142856,0.4577357142857143,1.0436542857142856,9.492183468026322,0.4441208523266841,0.755879147673316,0.8,0.2,0.75,0.25,8,2,9,3,12,7,10,8,0.3496912717819214,0.21142436319205632,,,,,,,,,,,0.3382243777256544,0.6411704434910013
311,train-load-1.0-scenario-345-retry-14,1.0,1.05,0.4375,1.05,13.427066408012635,0.46978821640839147,0.6730689264487514,0.7857142857142857,0.21428571428571427,0.7857142857142857,0.21428571428571427,11,3,11,3,14,4,14,11,0.6509103178977966,0.21036724137609603,,,,,,,,,,,0.3382243777256544,0.6411704434910013
312,train-load-0.9-scenario-703-retry-2,0.9,1.0,1.0,0.5,4.467776508711395,-0.43066176131493117,0.43066176131493117,0.5,0.5,0.5,0.5,6,6,6,6,12,6,12,6,0.24952015280723572,0.20931540516921554,,,,,,,,,,,0.3382243777256544,0.6411704434910013
313,train-load-1.0-scenario-457,1.0,0.9011321250000001,0.81380625,0.9011321250000001,24.05014228687828,1.3224617010719943,0.233093854483561,0.8888888888888888,0.1111111111111111,0.85,0.15,16,2,17,3,20,8,18,16,0.6453023552894592,0.20826882814336947,,,,,,,,,,,0.3382243777256544,0.6411704434910013
314,train-load-0.9-scenario-500-retry-1,0.9,0.91108625,0.91108625,0.608615,8.576025441663546,0.7012726645660391,0.7272987640053894,0.8571428571428571,0.14285714285714285,0.7777777777777778,0.2222222222222222,6,1,7,2,9,4,7,6,0.4874798059463501,0.20722748400265262,,,,,,,,,,,0.3382243777256544,0.6411704434910013
315,train-load-0.5-scenario-52,0.5,0.46355799999999997,0.18262708333333333,0.46355799999999997,9.770882386307347,1.304372668203076,0.6956273317969239,1.0,0.0,1.0,0.0,5,0,5,0,5,6,5,5,0.6045176386833191,0.20619134658263935,,,,,,,,,,,0.3382243777256544,0.6411704434910013
316,train-load-1.0-scenario-347-retry-7,1.0,1.1,1.1,0.8,6.490458423000456,0.026029305055720542,0.37397069494427937,0.6,0.4,0.5625,0.4375,6,4,9,7,16,8,10,6,0.7747005224227905,0.20516038984972615,,,,,,,,,,,0.3382243777256544,0.6411704434910013
317,train-load-0.7-scenario-635-retry-1,0.7,0.7571428571428571,0.19047619047619047,0.7571428571428571,7.556491574137979,0.34769668257770414,0.6523033174222959,0.75,0.25,0.6923076923076923,0.3076923076923077,6,2,9,4,13,7,8,6,0.403856098651886,0.2041345879004775,,,,,,,,,,,0.3382243777256544,0.6411704434910013
318,train-load-0.5-scenario-566,0.5,0.5102859375,0.5102859375,0.447889,9.440162035070587,1.2531727473747596,0.7468272526252403,1.0,0.0,1.0,0.0,5,0,5,0,5,4,5,5,0.5192269086837769,0.2031139149609751,,,,,,,,,,,0.3382243777256544,0.6411704434910013
319,train-load-0.5-scenario-716,0.5,0.48858098958333335,0.48858098958333335,0.43936099999999995,15.885056696484796,1.4352282638470917,0.5647717361529082,1.0,0.0,1.0,0.0,9,0,10,0,10,8,9,9,0.2618906497955322,0.20209834538617025,,,,,,,,,,,0.3382243777256544,0.6411704434910013
320,train-load-0.5-scenario-458-retry-1,0.5,0.6,0.6,0.5142857142857142,16.141652466546642,1.4425253392160713,0.5574746607839287,1.0,0.0,1.0,0.0,9,0,9,0,9,7,9,9,0.524201512336731,0.2010878536592394,,,,,,,,,,,0.3382243777256544,0.6411704434910013
321,train-load-0.8-scenario-448-retry-4,0.8,0.9083333333333333,0.7222222222222222,0.9083333333333333,14.641314869866894,0.8972264256394731,0.4361069076938604,0.8333333333333334,0.16666666666666666,0.8333333333333334,0.16666666666666666,10,2,10,2,12,6,12,10,0.5603986978530884,0.2000824143909432,,,,,,,,,,,0.3382243777256544,0.6411704434910013
322,train-load-0.5-scenario-365-retry-2,0.5,0.48333333333333334,0.4722222222222222,0.48333333333333334,16.481151767603386,1.3828575932244231,0.21714240677557706,0.9,0.1,0.8181818181818182,0.18181818181818182,9,1,9,2,11,6,10,9,0.4125329852104187,0.19908200231898848,,,,,,,,,,,0.3382243777256544,0.6411704434910013
323,train-load-1.0-scenario-652,1.0,0.9611995,0.6173135416666667,0.9611995,7.211739065850765,0.3285623781475836,0.6714376218524164,0.75,0.25,0.75,0.25,6,2,6,2,8,4,8,6,0.6075708866119385,0.19808659230739353,,,,,,,,,,,0.3382243777256544,0.6411704434910013
324,train-load-1.0-scenario-427-retry-2,1.0,1.0450485,0.5789161458333333,1.0450485,11.547198469441263,1.0405147063915392,0.45948529360846074,0.875,0.125,0.875,0.125,7,1,7,1,8,4,8,7,0.3512142598628998,0.19709615934585656,,,,,,,,,,,0.3382243777256544,0.6411704434910013
325,train-load-0.5-scenario-75-retry-1,0.5,0.5714285714285714,0.5714285714285714,0.5714285714285714,11.916720544591232,1.0856909836386497,0.4143090163613502,0.875,0.125,0.8333333333333334,0.16666666666666666,7,1,10,2,12,7,8,7,0.28518980741500854,0.19611067854912728,,,,,,,,,,,0.3382243777256544,0.6411704434910013
326,train-load-0.6-scenario-256,0.6,0.5188674,0.39761,0.5188674,7.684098762445011,1.1749814573280857,0.8250185426719143,1.0,0.0,1.0,0.0,4,0,6,0,6,5,4,4,0.662030816078186,0.19513012515638165,,,,,,,,,,,0.3382243777256544,0.6411704434910013
327,train-load-0.8-scenario-543-retry-5,0.8,0.9,0.09,0.9,2.586688931331146,-0.4944384774796202,0.7166606997018425,0.5555555555555556,0.4444444444444444,0.5555555555555556,0.4444444444444444,5,4,5,4,9,5,9,5,0.501358151435852,0.19415447453059972,,,,,,,,,,,0.3382243777256544,0.6411704434910013
328,train-load-1.0-scenario-527-retry-1,1.0,0.9493678750000001,0.4429490625,0.9493678750000001,11.453734906672384,0.5582690356395469,0.7144582370877259,0.8181818181818182,0.18181818181818182,0.7692307692307693,0.23076923076923078,9,2,10,3,13,8,11,9,0.38405030965805054,0.19318370215794672,,,,,,,,,,,0.3382243777256544,0.6411704434910013
329,train-load-0.6-scenario-126,0.6,0.6504142500000001,0.359204375,0.6504142500000001,2.4740139532523973,0.09157381626345651,0.9084261837365435,0.75,0.25,0.6,0.4,3,1,3,2,5,4,4,3,0.5049657225608826,0.192217783647157,,,,,,,,,,,0.3382243777256544,0.6411704434910013
330,train-load-0.7-scenario-444,0.7,0.65,0.38125,0.65,5.45899984951812,-0.12560256813921733,0.792269234805884,0.6666666666666666,0.3333333333333333,0.6666666666666666,0.3333333333333333,6,3,6,3,9,8,9,6,0.45728936791419983,0.1912566947289212,,,,,,,,,,,0.3382243777256544,0.6411704434910013
331,train-load-1.0-scenario-645-retry-1,1.0,0.95,0.5,0.95,14.188671442529245,0.8370278637436119,0.4963054695897215,0.8333333333333334,0.16666666666666666,0.8333333333333334,0.16666666666666666,10,2,10,2,12,6,12,10,0.15928426384925842,0.1903004112552766,,,,,,,,,,,0.3382243777256544,0.6411704434910013
332,train-load-0.7-scenario-661,0.7,0.7428571428571429,0.7428571428571429,0.37142857142857144,15.186313309714118,0.8336319983800575,0.550983386235327,0.8461538461538461,0.15384615384615385,0.8461538461538461,0.15384615384615385,11,2,11,2,13,7,13,11,0.6259650588035583,0.18934890919900021,,,,,,,,,,,0.3382243777256544,0.6411704434910013
333,train-load-1.0-scenario-394,1.0,0.95405125,0.57701703125,0.95405125,10.63026246161849,0.18148989794113213,0.6756529592017251,0.7142857142857143,0.2857142857142857,0.6875,0.3125,10,4,11,5,16,8,14,10,0.590101957321167,0.18840216465300522,,,,,,,,,,,0.3382243777256544,0.6411704434910013
334,train-load-0.7-scenario-558,0.7,0.64183975,0.6200253124999999,0.64183975,13.693923030965047,0.9782173591928807,0.6217826408071194,0.9,0.1,0.8461538461538461,0.15384615384615385,9,1,11,2,13,8,10,9,0.4515346586704254,0.18746015382974018,,,,,,,,,,,0.3382243777256544,0.6411704434910013
335,train-load-0.7-scenario-241-retry-4,0.7,0.8,0.8,0.8,5.996652277449813,0.1462926622502133,0.3537073377497867,0.625,0.375,0.625,0.375,5,3,5,3,8,4,8,5,0.5676860809326172,0.1865228530605915,,,,,,,,,,,0.3382243777256544,0.6411704434910013
336,train-load-0.9-scenario-178,0.9,0.8704973333333333,0.5750158333333334,0.8704973333333333,6.983874589069841,0.08770813429361846,0.7122918657063815,0.7,0.3,0.6363636363636364,0.36363636363636365,7,3,7,4,11,6,10,7,0.7062315344810486,0.18559023879528855,,,,,,,,,,,0.3382243777256544,0.6411704434910013
337,train-load-0.8-scenario-446-retry-8,0.8,0.9,0.9,0.75,10.209129072942515,0.636827742023315,0.4742833690877961,0.7777777777777778,0.2222222222222222,0.7777777777777778,0.2222222222222222,7,2,7,2,9,4,9,7,0.6487382054328918,0.1846622876013121,,,,,,,,,,,0.3382243777256544,0.6411704434910013
338,train-load-0.9-scenario-611-retry-1,0.9,0.9,0.375,0.9,9.229841316487445,0.5667534616444565,0.5443576494666545,0.7777777777777778,0.2222222222222222,0.7777777777777778,0.2222222222222222,7,2,7,2,9,4,9,7,0.3793272376060486,0.18373897616330553,,,,,,,,,,,0.3382243777256544,0.6411704434910013
339,train-load-0.8-scenario-616-retry-3,0.8,0.9,0.9,0.6083333333333333,5.02912000031004,-0.291883723316409,0.47370190513459076,0.5454545454545454,0.45454545454545453,0.5454545454545454,0.45454545454545453,6,5,6,5,11,6,11,6,0.43331342935562134,0.182820281282489,,,,,,,,,,,0.3382243777256544,0.6411704434910013
340,train-load-0.8-scenario-124-retry-2,0.8,0.9,0.6,0.9,4.639932585781561,-0.1759011424306398,0.39812336465286213,0.5555555555555556,0.4444444444444444,0.5555555555555556,0.4444444444444444,5,4,5,4,9,5,9,5,0.5147613286972046,0.18190617987607657,,,,,,,,,,,0.3382243777256544,0.6411704434910013
341,train-load-0.8-scenario-469,0.8,0.875,0.2916666666666667,0.875,13.718796803206502,0.5438584700842541,0.5989986727728888,0.7857142857142857,0.21428571428571427,0.7857142857142857,0.21428571428571427,11,3,11,3,14,4,14,11,0.4860563576221466,0.18099664897669618,,,,,,,,,,,0.3382243777256544,0.6411704434910013
342,train-load-1.0-scenario-459-retry-1,1.0,0.8875528571428571,0.8875528571428571,0.8490997142857142,14.738334639671242,0.7748681363386152,0.6097472482767694,0.8461538461538461,0.15384615384615385,0.7647058823529411,0.23529411764705882,11,2,13,4,17,7,13,11,0.6040129065513611,0.1800916657318127,,,,,,,,,,,0.3382243777256544,0.6411704434910013
343,train-load-0.9-scenario-238-retry-2,0.9,0.7875,0.78125,0.7875,7.745921756433665,0.25631126128700776,0.8547998498241034,0.7777777777777778,0.2222222222222222,0.7,0.3,7,2,7,3,10,4,9,7,0.5237272381782532,0.17919120740315364,,,,,,,,,,,0.3382243777256544,0.6411704434910013
344,train-load-0.6-scenario-467,0.6,0.72,0.72,0.45,16.38567316081458,1.5649580455914696,0.4350419544085304,1.0,0.0,1.0,0.0,9,0,9,0,9,5,9,9,0.20549267530441284,0.17829525136613786,,,,,,,,,,,0.3382243777256544,0.6411704434910013
345,train-load-0.8-scenario-93,0.8,0.7285714285714285,0.7285714285714285,0.4857142857142857,26.867216979157774,1.5090036202832888,0.49099637971671123,1.0,0.0,1.0,0.0,17,0,17,0,17,7,17,17,0.45244306325912476,0.17740377510930716,,,,,,,,,,,0.3382243777256544,0.6411704434910013
346,train-load-0.7-scenario-375,0.7,0.8,0.8,0.8,17.421384116482482,1.1875502601311905,0.1970651244841942,0.8461538461538461,0.15384615384615385,0.8461538461538461,0.15384615384615385,11,2,11,2,13,5,13,11,0.4549565315246582,0.17651675623376062,,,,,,,,,,,0.3382243777256544,0.6411704434910013
347,train-load-0.9-scenario-103,0.9,0.8336075,0.46522916666666664,0.8336075,9.840807870847662,0.34846756329323914,0.9242597094340337,0.8181818181818182,0.18181818181818182,0.8181818181818182,0.18181818181818182,9,2,9,2,11,6,11,9,0.3136412799358368,0.1756341724525918,,,,,,,,,,,0.3382243777256544,0.6411704434910013
348,train-load-0.9-scenario-599,0.9,0.8013327380952381,0.8013327380952381,0.7397671428571428,11.800056681466035,0.3028141838904742,0.554328673252383,0.7142857142857143,0.2857142857142857,0.7142857142857143,0.2857142857142857,10,4,10,4,14,7,14,10,0.5537585020065308,0.17475600159032884,,,,,,,,,,,0.3382243777256544,0.6411704434910013
349,train-load-0.8-scenario-291,0.8,0.6943902000000001,0.3487625,0.6943902000000001,7.887418582095899,0.7192772988289138,0.6140560345044196,0.8333333333333334,0.16666666666666666,0.8333333333333334,0.16666666666666666,5,1,5,1,6,5,6,5,0.33935290575027466,0.17388222158237718,,,,,,,,,,,0.3382243777256544,0.6411704434910013
350,train-load-0.7-scenario-431,0.7,0.6293808333333333,0.33193520833333334,0.6293808333333333,10.607543541982402,1.2596648862654458,0.7403351137345542,1.0,0.0,1.0,0.0,6,0,7,0,7,6,6,6,0.6111882925033569,0.1730128104744653,,,,,,,,,,,0.3382243777256544,0.6411704434910013
351,train-load-1.0-scenario-566-retry-1,1.0,0.9356428333333334,0.6570666666666667,0.9356428333333334,13.773857969958051,0.7946340697872314,0.5386992635461021,0.8333333333333334,0.16666666666666666,0.7692307692307693,0.23076923076923078,10,2,10,3,13,6,12,10,0.40058982372283936,0.17214774642209296,,,,,,,,,,,0.3382243777256544,0.6411704434910013
352,train-hard-4gpu-4pod-1vgpu,0.25,0.25,0.16666666666666666,0.25,10.01243319044711,1.6220388411722717,0.3779611588277282,1.0,0.0,1.0,0.0,4,0,4,0,4,4,4,4,0.4418538808822632,0.1712870076899825,,,,,,,,,,,0.3382243777256544,0.6411704434910013
353,train-load-0.6-scenario-61-retry-3,0.6,0.7,0.28,0.7,17.076541506565096,0.907934489029046,0.5206369395423824,0.8571428571428571,0.14285714285714285,0.8571428571428571,0.14285714285714285,12,2,12,2,14,5,14,12,0.46052515506744385,0.17043057265153258,,,,,,,,,,,0.3382243777256544,0.6411704434910013
354,train-load-1.0-scenario-187,1.0,0.8995070000000001,0.6862304166666667,0.8995070000000001,12.126408426805604,0.6303001715756137,0.6424271011516591,0.8181818181818182,0.18181818181818182,0.6923076923076923,0.3076923076923077,9,2,9,4,13,6,11,9,0.27180367708206177,0.16957841978827493,,,,,,,,,,,0.3382243777256544,0.6411704434910013
355,train-load-0.7-scenario-705,0.7,0.76011575,0.359230625,0.76011575,3.5712234053225607,0.253599915711455,0.746400084288545,0.75,0.25,0.6,0.4,3,1,3,2,5,4,4,3,0.3819745182991028,0.16873052768933355,,,,,,,,,,,0.3382243777256544,0.6411704434910013
356,train-hard-4gpu-12pod-small,0.375,0.375,0.25,0.375,22.316746824526945,1.875,0.125,1.0,0.0,1.0,0.0,12,0,12,0,12,4,12,12,0.3682490587234497,0.1678868750508869,,,,,,,,,,,0.3382243777256544,0.6411704434910013
357,train-load-0.8-scenario-374,0.8,0.7494730000000001,0.3395460416666667,0.7494730000000001,5.1188455598728675,0.47723449239703786,0.7227655076029622,0.8,0.2,0.75,0.25,4,1,6,2,8,6,5,4,0.6012744307518005,0.16704744067563246,,,,,,,,,,,0.3382243777256544,0.6411704434910013
358,train-load-0.9-scenario-634,0.9,1.0,0.1388888888888889,1.0,3.904849946811283,-0.362210054307988,0.7622100543079879,0.6,0.4,0.6,0.4,6,4,6,4,10,6,10,6,0.29172298312187195,0.1662122034722543,,,,,,,,,,,0.3382243777256544,0.6411704434910013
359,train-load-0.6-scenario-398,0.6,0.6066195,0.3369390625,0.6066195,5.582807714463975,0.5408586179568647,0.6591413820431353,0.8,0.2,0.8,0.2,4,1,4,1,5,4,5,4,0.4508214592933655,0.16538114245489302,,,,,,,,,,,0.3382243777256544,0.6411704434910013
360,train-load-0.9-scenario-195-retry-2,0.9,1.0,0.46,1.0,6.983296686103263,-0.015107131900468307,0.5605616773550137,0.6363636363636364,0.36363636363636365,0.6363636363636364,0.36363636363636365,7,4,7,4,11,5,11,7,0.24390029907226562,0.16455423674261854,,,,,,,,,,,0.3382243777256544,0.6411704434910013
361,train-load-1.0-scenario-211-retry-2,1.0,0.9832068,0.5807191666666667,0.9832068,2.877057848256783,-0.4635396248136058,0.6857618470358281,0.5555555555555556,0.4444444444444444,0.5,0.5,5,4,5,5,10,5,9,5,0.382843017578125,0.16373146555890544,,,,,,,,,,,0.3382243777256544,0.6411704434910013
362,train-load-1.0-scenario-584-retry-1,1.0,0.9022698571428571,0.6744116071428571,0.9022698571428571,9.09481853155495,0.36030094436638904,0.839699055633611,0.8,0.2,0.7142857142857143,0.2857142857142857,8,2,10,4,14,7,10,8,0.31853777170181274,0.16291280823111093,,,,,,,,,,,0.3382243777256544,0.6411704434910013
363,train-load-0.5-scenario-348,0.5,0.5082325,0.309150625,0.5082325,7.833957405773031,1.1734012520283912,0.8265987479716088,1.0,0.0,1.0,0.0,4,0,4,0,4,4,4,4,0.7660695910453796,0.16209824418995536,,,,,,,,,,,0.3382243777256544,0.6411704434910013
364,train-load-0.9-scenario-66,0.9,0.8666666666666667,0.7222222222222222,0.8666666666666667,5.453470254583954,-0.3122626399352283,0.6455959732685617,0.5833333333333334,0.4166666666666667,0.5833333333333334,0.4166666666666667,7,5,7,5,12,6,12,7,0.3947840929031372,0.16128775296900558,,,,,,,,,,,0.3382243777256544,0.6411704434910013
365,train-hard-4gpu-4pod-2vgpu,0.25,0.25,0.16666666666666666,0.25,11.616666666666667,1.9166666666666665,0.08333333333333337,1.0,0.0,1.0,0.0,4,0,8,0,8,4,4,4,0.27582740783691406,0.16048131420416054,,,,,,,,,,,0.3382243777256544,0.6411704434910013
366,train-load-0.6-scenario-22,0.6,0.572151,0.3369891666666666,0.572151,11.479225152003615,1.3701118286122889,0.6298881713877111,1.0,0.0,1.0,0.0,6,0,6,0,6,5,6,6,0.24553564190864563,0.15967890763313974,,,,,,,,,,,0.3382243777256544,0.6411704434910013
367,train-load-0.8-scenario-479,0.8,0.680968,0.446440625,0.680968,7.364069371588455,0.6816431469032203,0.6516901864301132,0.8333333333333334,0.16666666666666666,0.8333333333333334,0.16666666666666666,5,1,5,1,6,4,6,5,0.2830647826194763,0.15888051309497406,,,,,,,,,,,0.3382243777256544,0.6411704434910013
368,train-load-0.9-scenario-170,0.9,1.0,1.0,0.15,4.766054868714943,-0.4380140003030897,0.771347333636423,0.5833333333333334,0.4166666666666667,0.5833333333333334,0.4166666666666667,7,5,7,5,12,8,12,7,0.2588719129562378,0.1580861105294992,,,,,,,,,,,0.3382243777256544,0.6411704434910013
369,train-load-0.7-scenario-683,0.7,0.697195,0.304586,0.697195,6.981004847862911,0.6202569379959118,0.7130763953374217,0.8333333333333334,0.16666666666666666,0.8333333333333334,0.16666666666666666,5,1,5,1,6,5,6,5,0.7329202890396118,0.1572956799768517,,,,,,,,,,,0.3382243777256544,0.6411704434910013
370,train-load-0.5-scenario-131,0.5,0.5625,0.4895833333333333,0.5625,19.500634615153494,1.4064380354747588,0.5935619645252413,1.0,0.0,1.0,0.0,12,0,12,0,12,4,12,12,0.36150410771369934,0.15650920157696743,,,,,,,,,,,0.3382243777256544,0.6411704434910013
371,train-load-0.6-scenario-416-retry-3,0.6,0.6375,0.3375,0.6375,11.039447157111095,0.3707169358187925,0.6292830641812075,0.75,0.25,0.75,0.25,9,3,9,3,12,8,12,9,0.3582172393798828,0.1557266555690826,,,,,,,,,,,0.3382243777256544,0.6411704434910013
372,train-load-0.7-scenario-526-retry-6,0.7,0.7142857142857143,0.5,0.7142857142857143,3.7732763270224634,-0.3615914529569434,0.5838136751791657,0.5555555555555556,0.4444444444444444,0.5555555555555556,0.4444444444444444,5,4,5,4,9,7,9,5,0.328351229429245,0.1549480222912372,,,,,,,,,,,0.3382243777256544,0.6411704434910013
373,train-load-0.9-scenario-559-retry-2,0.9,0.98,0.56,0.98,2.3364447026232686,-0.5374539004928881,0.7596761227151104,0.5555555555555556,0.4444444444444444,0.5555555555555556,0.4444444444444444,5,4,5,4,9,5,9,5,0.45619598031044006,0.15417328217978102,,,,,,,,,,,0.3382243777256544,0.6411704434910013
374,train-load-1.0-scenario-224-retry-1,1.0,1.05,0.75,1.05,11.316933159653777,0.7326141899506903,0.4673858100493098,0.8,0.2,0.8,0.2,8,2,8,2,10,4,10,8,0.5364837646484375,0.1534024157688821,,,,,,,,,,,0.3382243777256544,0.6411704434910013
375,train-load-1.0-scenario-523-retry-3,1.0,0.9335298000000001,0.473175,0.9335298000000001,8.999915010335616,0.7789508820971106,0.6496205464743179,0.8571428571428571,0.14285714285714285,0.7777777777777778,0.2222222222222222,6,1,7,2,9,5,7,6,0.524166464805603,0.1526354036900377,,,,,,,,,,,0.3382243777256544,0.6411704434910013
376,train-load-1.0-scenario-162-retry-3,1.0,0.95,0.3958333333333333,0.95,11.997104447514989,-0.07170641047332771,0.5980221999470119,0.631578947368421,0.3684210526315789,0.631578947368421,0.3684210526315789,12,7,12,7,19,8,19,12,0.43962424993515015,0.1518722266715875,,,,,,,,,,,0.3382243777256544,0.6411704434910013
377,train-load-1.0-scenario-13-retry-7,1.0,0.9333333333333333,0.9333333333333333,0.9333333333333333,12.011673841696059,0.6067159561026023,0.3932840438973976,0.75,0.25,0.75,0.25,9,3,9,3,12,6,12,9,0.1837882697582245,0.15111286553822956,,,,,,,,,,,0.3382243777256544,0.6411704434910013
378,train-load-0.5-scenario-12,0.5,0.46940950000000004,0.29603489583333337,0.46940950000000004,9.003114545010657,1.417880293529547,0.5821197064704531,1.0,0.0,1.0,0.0,4,0,4,0,4,4,4,4,0.48657554388046265,0.15035730121053842,,,,,,,,,,,0.3382243777256544,0.6411704434910013
379,train-load-0.7-scenario-340,0.7,0.6639845,0.44944513888888893,0.6639845,14.156667695113105,1.2075338628793353,0.7924661371206646,1.0,0.0,1.0,0.0,9,0,9,0,9,6,9,9,0.3801453709602356,0.14960551470448571,,,,,,,,,,,0.3382243777256544,0.6411704434910013
380,train-load-0.5-scenario-702-retry-1,0.5,0.5555555555555556,0.5555555555555556,0.4166666666666667,17.817210017808186,1.5024225856641515,0.49757741433584857,1.0,0.0,1.0,0.0,10,0,10,0,10,6,10,10,0.34052276611328125,0.14885748713096328,,,,,,,,,,,0.3382243777256544,0.6411704434910013
381,train-load-0.8-scenario-262,0.8,0.69874175,0.6619752604166667,0.69874175,14.914915471259171,0.7192468473762434,0.6653685372391411,0.8461538461538461,0.15384615384615385,0.8,0.2,11,2,12,3,15,8,13,11,0.24349786341190338,0.14811319969530845,,,,,,,,,,,0.3382243777256544,0.6411704434910013
382,train-load-1.0-scenario-83-retry-10,1.0,1.0416666666666667,1.0416666666666667,1.025,6.149641596002288,-0.1970522725986712,0.35089842644482494,0.5384615384615384,0.46153846153846156,0.5384615384615384,0.46153846153846156,7,6,7,6,13,4,13,7,0.36999091506004333,0.1473726336968319,,,,,,,,,,,0.3382243777256544,0.6411704434910013
383,train-load-0.9-scenario-25-retry-4,0.9,1.0,0.6666666666666666,1.0,3.45778192262161,-0.24579954999264508,0.24579954999264514,0.5,0.5,0.5,0.5,4,4,4,4,8,4,8,4,0.5677431225776672,0.14663577052834775,,,,,,,,,,,0.3382243777256544,0.6411704434910013
384,train-load-0.8-scenario-463-retry-3,0.8,0.9125,0.3375,0.9125,8.737263327848474,0.4982533847776427,0.6128577263334685,0.7777777777777778,0.2222222222222222,0.7777777777777778,0.2222222222222222,7,2,7,2,9,4,9,7,0.5454769730567932,0.14590259167570602,,,,,,,,,,,0.3382243777256544,0.6411704434910013
385,train-load-1.0-scenario-87-retry-2,1.0,0.9654214999999999,0.4459720833333333,0.9654214999999999,3.8819502935842625,-0.3936244830782266,0.7936244830782265,0.6,0.4,0.6,0.4,6,4,6,4,10,6,10,6,0.5694756507873535,0.1451730787173275,,,,,,,,,,,0.3382243777256544,0.6411704434910013
386,train-load-0.8-scenario-126-retry-3,0.8,0.8,0.4,0.8,14.884051224136552,0.4914471955395523,0.5085528044604477,0.75,0.25,0.75,0.25,12,4,12,4,16,8,16,12,0.2518470585346222,0.14444721332374086,,,,,,,,,,,0.3382243777256544,0.6411704434910013
387,train-load-0.9-scenario-608-retry-8,0.9,0.9916666666666667,0.4625,0.9916666666666667,16.54161792081923,0.6409305292116132,0.6090694707883867,0.8125,0.1875,0.8125,0.1875,13,3,13,3,16,6,16,13,0.31127357482910156,0.14372497725712216,,,,,,,,,,,0.3382243777256544,0.6411704434910013
388,train-load-0.9-scenario-299-retry-4,0.9,1.0,0.06666666666666667,1.0,0.21734092654198855,-0.820648008283078,0.820648008283078,0.5,0.5,0.5,0.5,4,4,4,4,8,6,8,4,0.35679808259010315,0.14300635237083656,,,,,,,,,,,0.3382243777256544,0.6411704434910013
389,train-load-0.9-scenario-597-retry-1,0.9,0.88523775,0.816175625,0.88523775,11.94362720243262,1.0714353364184221,0.42856466358157796,0.875,0.125,0.7777777777777778,0.2222222222222222,7,1,7,2,9,4,8,7,0.7160026431083679,0.14229132060898236,,,,,,,,,,,0.3382243777256544,0.6411704434910013
390,train-load-0.9-scenario-214-retry-1,0.9,1.0,0.875,1.0,8.0523925481481,-0.18463897259519602,0.3179723059285293,0.5333333333333333,0.4666666666666667,0.5333333333333333,0.4666666666666667,8,7,8,7,15,4,15,8,0.6333229541778564,0.14157986400593744,,,,,,,,,,,0.3382243777256544,0.6411704434910013
391,train-load-0.5-scenario-407-retry-1,0.5,0.5833333333333334,0.19444444444444445,0.5833333333333334,21.97434911695669,1.4432064638828979,0.5567935361171023,1.0,0.0,1.0,0.0,14,0,14,0,14,6,14,14,0.26339301466941833,0.14087196468590776,,,,,,,,,,,0.3382243777256544,0.6411704434910013
392,train-load-0.8-scenario-679,0.8,0.9166666666666666,0.9166666666666666,0.7333333333333333,6.061328132455275,-0.15208015476310466,0.3338983365812864,0.5454545454545454,0.45454545454545453,0.5454545454545454,0.45454545454545453,6,5,6,5,11,6,11,6,0.5114541053771973,0.14016760486247823,,,,,,,,,,,0.3382243777256544,0.6411704434910013
393,train-load-0.6-scenario-393,0.6,0.563683375,0.3220161458333333,0.563683375,13.726970397885097,1.344893512671725,0.655106487328275,1.0,0.0,1.0,0.0,8,0,9,0,9,8,8,8,0.6927605867385864,0.13946676683816583,,,,,,,,,,,0.3382243777256544,0.6411704434910013
394,train-load-0.5-scenario-677,0.5,0.501978,0.28280812499999997,0.501978,8.359683554087583,1.3059148868424875,0.6940851131575125,1.0,0.0,1.0,0.0,4,0,4,0,4,4,4,4,0.35509395599365234,0.138769433003975,,,,,,,,,,,0.3382243777256544,0.6411704434910013
395,train-load-0.8-scenario-467,0.8,0.713368,0.4828194444444444,0.713368,9.665117701843279,0.869837308562785,0.5587341200086435,0.8571428571428571,0.14285714285714285,0.7777777777777778,0.2222222222222222,6,1,7,2,9,6,7,6,0.6186401844024658,0.13807558583895513,,,,,,,,,,,0.3382243777256544,0.6411704434910013
396,train-load-0.9-scenario-424-retry-1,0.9,0.7857142857142857,0.3142857142857143,0.7857142857142857,18.53473367693,0.7973332763526031,0.7026667236473969,0.875,0.125,0.875,0.125,14,2,14,2,16,7,16,14,0.29616105556488037,0.13738520790976036,,,,,,,,,,,0.3382243777256544,0.6411704434910013
397,train-load-0.5-scenario-136,0.5,0.5068426,0.48095025,0.5068426,10.299593370740814,1.3869572753223334,0.6130427246776666,1.0,0.0,1.0,0.0,5,0,7,0,7,5,5,5,0.5290958881378174,0.13669828187021155,,,,,,,,,,,0.3382243777256544,0.6411704434910013
398,train-load-0.6-scenario-220-retry-1,0.6,0.5766844999999999,0.3247096875,0.5766844999999999,10.003160141584972,1.5439805774879563,0.45601942251204375,1.0,0.0,1.0,0.0,4,0,4,0,4,4,4,4,0.47706159949302673,0.13601479046086049,,,,,,,,,,,0.3382243777256544,0.6411704434910013
399,train-load-0.9-scenario-525-retry-1,0.9,0.8463010000000001,0.6424366666666667,0.8463010000000001,6.844802792191336,0.13065711403457814,0.5360095526320885,0.6666666666666666,0.3333333333333333,0.6666666666666666,0.3333333333333333,6,3,6,3,9,5,9,6,0.4002409279346466,0.1353347165085562,,,,,,,,,,,0.3382243777256544,0.6411704434910013
400,train-load-0.6-scenario-234-retry-3,0.6,0.6666666666666666,0.5333333333333333,0.6666666666666666,12.557692711600316,1.1640521498695116,0.3359478501304885,0.875,0.125,0.875,0.125,7,1,14,2,16,6,8,7,0.4842820167541504,0.1346580429260134,0.32834212977170363,0.550635744296557,0.7197444685170652,0.2802555314829348,0.7063455704913026,0.29365442950869725,0.6152013083912364,0.6777017755659457,0.2620771030547355,0.6798203328034805,0.3382243777256544,0.6411704434910013
401,train-hard-4gpu-12pod-small,0.375,0.375,0.25,0.375,22.287284041977507,1.875,0.125,1.0,0.0,1.0,0.0,12,0,12,0,12,4,12,12,0.3064277172088623,0.13398475271138335,,,,,,,,,,,0.3382243777256544,0.6411704434910013
402,train-load-0.7-scenario-202,0.7,0.6649494,0.5196908333333333,0.6649494,11.90762728756918,1.4314151218701663,0.5685848781298336,1.0,0.0,1.0,0.0,6,0,8,0,8,5,6,6,0.3744654357433319,0.13331482894782642,,,,,,,,,,,0.3382243777256544,0.6411704434910013
403,train-load-0.7-scenario-504,0.7,0.62010275,0.43396562499999997,0.62010275,17.76432942550256,1.3940138236265627,0.6059861763734373,1.0,0.0,1.0,0.0,11,0,11,0,11,8,11,11,0.5753443241119385,0.13264825480308728,,,,,,,,,,,0.3382243777256544,0.6411704434910013
404,train-load-0.8-scenario-88-retry-6,0.8,0.9,0.6,0.9,9.705665578874283,0.28113542402660296,0.38553124264006366,0.6666666666666666,0.3333333333333333,0.6666666666666666,0.3333333333333333,8,4,8,4,12,8,12,8,0.7986274361610413,0.13198501352907185,,,,,,,,,,,0.3382243777256544,0.6411704434910013
405,train-load-0.8-scenario-665-retry-2,0.8,0.88125,0.4375,0.88125,10.265155574842602,0.05997524283656597,0.6066914238301007,0.6666666666666666,0.3333333333333333,0.6666666666666666,0.3333333333333333,10,5,10,5,15,8,15,10,0.13390012085437775,0.1313250884614265,,,,,,,,,,,0.3382243777256544,0.6411704434910013
406,train-load-1.0-scenario-141,1.0,0.903326,0.64191625,0.903326,8.937152886295737,0.9252939499423758,0.4080393833909577,0.8333333333333334,0.16666666666666666,0.75,0.25,5,1,6,2,8,4,6,5,0.4526296854019165,0.13066846301911936,,,,,,,,,,,0.3382243777256544,0.6411704434910013
407,train-load-0.6-scenario-73,0.6,0.5755453333333334,0.24777166666666667,0.5755453333333334,10.573127998098286,1.191955528160499,0.808044471839501,1.0,0.0,1.0,0.0,6,0,6,0,6,6,6,6,0.7137117385864258,0.13001512070402377,,,,,,,,,,,0.3382243777256544,0.6411704434910013
408,train-load-1.0-scenario-500,1.0,0.88089075,0.7029546875,0.88089075,13.744441716445992,0.12594637574020506,0.7629425131486838,0.7222222222222222,0.2777777777777778,0.7222222222222222,0.2777777777777778,13,5,13,5,18,8,18,13,0.38406091928482056,0.12936504510050365,,,,,,,,,,,0.3382243777256544,0.6411704434910013
409,train-load-0.5-scenario-187-retry-1,0.5,0.55,0.275,0.55,19.243214188062524,1.5552895684551589,0.4447104315448412,1.0,0.0,1.0,0.0,11,0,11,0,11,4,11,11,0.7009504437446594,0.12871821987500112,,,,,,,,,,,0.3382243777256544,0.6411704434910013
410,train-load-1.0-scenario-605,1.0,0.89055425,0.69070875,0.89055425,10.236736294551838,0.9817214604418053,0.44684996812962313,0.8571428571428571,0.14285714285714285,0.7777777777777778,0.2222222222222222,6,1,7,2,9,4,7,6,0.33919692039489746,0.12807462877562611,,,,,,,,,,,0.3382243777256544,0.6411704434910013
411,train-load-0.6-scenario-181-retry-2,0.6,0.5,0.3,0.5,19.96012665203922,1.4555611382061195,0.5444388617938805,1.0,0.0,1.0,0.0,12,0,12,0,12,6,12,12,0.42045900225639343,0.12743425563174798,,,,,,,,,,,0.3382243777256544,0.6411704434910013
412,train-load-0.5-scenario-406-retry-1,0.5,0.5714285714285714,0.02857142857142857,0.5714285714285714,10.672172248889858,0.9051937397256358,0.5948062602743642,0.875,0.125,0.875,0.125,7,1,7,1,8,7,8,7,0.6052869558334351,0.12679708435358925,,,,,,,,,,,0.3382243777256544,0.6411704434910013
413,train-load-0.6-scenario-708,0.6,0.4857142857142857,0.40476190476190477,0.4857142857142857,26.51690159738163,1.4325414358738127,0.5674585641261874,1.0,0.0,1.0,0.0,17,0,17,0,17,7,17,17,0.23089103400707245,0.1261630989318213,,,,,,,,,,,0.3382243777256544,0.6411704434910013
414,train-load-1.0-scenario-452-retry-3,1.0,0.9183138571428572,0.6690807142857143,0.9183138571428572,15.412588240770027,0.6400919400578858,0.5599080599421142,0.8,0.2,0.8,0.2,12,3,12,3,15,7,15,12,0.7714254856109619,0.1255322834371622,,,,,,,,,,,0.3382243777256544,0.6411704434910013
415,train-load-0.5-scenario-393-retry-11,0.5,0.5625,0.05625,0.5625,11.636499451433934,0.8971254888276948,0.6584300667278606,0.8888888888888888,0.1111111111111111,0.8888888888888888,0.1111111111111111,8,1,8,1,9,8,9,8,0.6478053331375122,0.12490462201997637,,,,,,,,,,,0.3382243777256544,0.6411704434910013
416,train-load-1.0-scenario-601-retry-1,1.0,1.0625,0.375,1.0625,10.972963467926366,0.07607071010029087,0.8572626232330424,0.7333333333333333,0.26666666666666666,0.7333333333333333,0.26666666666666666,11,4,11,4,15,8,15,11,0.27966976165771484,0.1242800989098765,,,,,,,,,,,0.3382243777256544,0.6411704434910013
417,train-load-0.6-scenario-503,0.6,0.48,0.48,0.24,20.54554847889214,1.5034909750943348,0.49650902490566506,1.0,0.0,1.0,0.0,12,0,12,0,12,5,12,12,0.2426796555519104,0.12365869841532712,,,,,,,,,,,0.3382243777256544,0.6411704434910013
418,train-load-0.5-scenario-335,0.5,0.4,0.2,0.4,31.935802138348404,1.6257895379119358,0.3742104620880642,1.0,0.0,1.0,0.0,20,0,20,0,20,5,20,20,0.5034568309783936,0.12304040492325048,,,,,,,,,,,0.3382243777256544,0.6411704434910013
419,train-load-0.9-scenario-271,0.9,0.8,0.5,0.8,11.748467528759882,0.7399545951847705,0.46004540481522954,0.8,0.2,0.8,0.2,8,2,8,2,10,5,10,8,0.8323782086372375,0.12242520289863423,,,,,,,,,,,0.3382243777256544,0.6411704434910013
420,train-load-0.7-scenario-726,0.7,0.8,0.8,0.32,4.619634073411346,-0.04699924242048703,0.546999242420487,0.625,0.375,0.625,0.375,5,3,5,3,8,5,8,5,0.6364022493362427,0.12181307688414106,,,,,,,,,,,0.3382243777256544,0.6411704434910013
421,train-load-0.8-scenario-229,0.8,0.7021742499999999,0.7014568750000001,0.7021742499999999,14.508314757931336,1.6747632984523668,0.3252367015476332,1.0,0.0,1.0,0.0,7,0,8,0,8,4,7,7,0.6105756759643555,0.12120401149972035,,,,,,,,,,,0.3382243777256544,0.6411704434910013
422,train-load-0.8-scenario-174,0.8,0.747148,0.4771465,0.747148,7.89802577148986,0.764118857699126,0.5692144756342074,0.8333333333333334,0.16666666666666666,0.7142857142857143,0.2857142857142857,5,1,5,2,7,5,6,5,0.41210275888442993,0.12059799144222175,,,,,,,,,,,0.3382243777256544,0.6411704434910013
423,train-load-0.7-scenario-99,0.7,0.8,0.13333333333333333,0.8,4.403296956987319,-0.08204374408087378,0.5820437440808738,0.625,0.375,0.625,0.375,5,3,5,3,8,5,8,5,0.6795773506164551,0.11999500148501063,,,,,,,,,,,0.3382243777256544,0.6411704434910013
424,train-load-0.9-scenario-474,0.9,0.8326038,0.5683355,0.8326038,5.957354762070157,0.12857651478466148,0.8714234852153385,0.75,0.25,0.6666666666666666,0.3333333333333333,6,2,6,3,9,5,8,6,0.5888285040855408,0.11939502647758558,,,,,,,,,,,0.3382243777256544,0.6411704434910013
425,train-load-0.6-scenario-174-retry-1,0.6,0.7142857142857143,0.7142857142857143,0.2857142857142857,8.769812710046331,0.34919648697913064,0.4508035130208693,0.7,0.3,0.7,0.3,7,3,7,3,10,7,10,7,0.43638715147972107,0.11879805134519765,,,,,,,,,,,0.3382243777256544,0.6411704434910013
426,train-load-0.8-scenario-386-retry-1,0.8,0.7098125000000001,0.470221875,0.7098125000000001,18.047295981854734,1.446501995857243,0.5534980041427571,1.0,0.0,1.0,0.0,11,0,13,0,13,8,11,11,0.35714301466941833,0.11820406108847166,,,,,,,,,,,0.3382243777256544,0.6411704434910013
427,train-load-0.9-scenario-463-retry-1,0.9,0.9434385000000001,0.49401375,0.9434385000000001,4.8647604337454595,0.13823370164414173,0.7189091554987155,0.7142857142857143,0.2857142857142857,0.7142857142857143,0.2857142857142857,5,2,5,2,7,4,7,5,0.6220678091049194,0.1176130407830293,,,,,,,,,,,0.3382243777256544,0.6411704434910013
428,train-load-1.0-scenario-611-retry-2,1.0,1.1111111111111112,1.1111111111111112,0.16666666666666666,3.8897738926704775,-0.38292864108947755,0.7829286410894775,0.6,0.4,0.6,0.4,6,4,6,4,10,6,10,6,0.3414403200149536,0.11702497557911415,,,,,,,,,,,0.3382243777256544,0.6411704434910013
429,train-load-0.9-scenario-423,0.9,0.7949128333333333,0.6586,0.7949128333333333,5.3371644815189505,-0.30135074214095625,0.8468052875955017,0.6363636363636364,0.36363636363636365,0.5833333333333334,0.4166666666666667,7,4,7,5,12,6,11,7,0.49799036979675293,0.11643985070121858,,,,,,,,,,,0.3382243777256544,0.6411704434910013
430,train-load-0.5-scenario-218,0.5,0.5928571428571429,0.4523809523809524,0.5928571428571429,3.570325494408899,-0.26422258964086076,0.7642225896408608,0.625,0.375,0.625,0.375,5,3,5,3,8,7,8,5,0.4808483123779297,0.11585765144771248,,,,,,,,,,,0.3382243777256544,0.6411704434910013
431,train-load-0.8-scenario-722-retry-5,0.8,0.8571428571428571,0.5714285714285714,0.8571428571428571,26.830030731257295,0.9221528405823334,0.4111804927510001,0.8333333333333334,0.16666666666666666,0.8333333333333334,0.16666666666666666,20,4,20,4,24,7,24,20,0.27729326486587524,0.11527836319047392,,,,,,,,,,,0.3382243777256544,0.6411704434910013
432,train-load-0.7-scenario-685-retry-1,0.7,0.76875,0.125,0.76875,15.452053404601802,0.934850842310731,0.7318158243559356,0.9166666666666666,0.08333333333333333,0.9166666666666666,0.08333333333333333,11,1,11,1,12,8,12,11,1.0030264854431152,0.11470197137452155,,,,,,,,,,,0.3382243777256544,0.6411704434910013
433,train-load-0.5-scenario-170,0.5,0.4780811428571428,0.33249196428571426,0.4780811428571428,12.858012476414086,1.1657472437462661,0.8342527562537339,1.0,0.0,1.0,0.0,8,0,8,0,8,7,8,8,0.419700562953949,0.11412846151764894,,,,,,,,,,,0.3382243777256544,0.6411704434910013
434,train-hard-4gpu-4pod-1vgpu,0.25,0.25,0.16666666666666666,0.25,11.544497883017963,1.9166666666666665,0.08333333333333337,1.0,0.0,1.0,0.0,4,0,4,0,4,4,4,4,0.6898554563522339,0.1135578192100607,,,,,,,,,,,0.3382243777256544,0.6411704434910013
435,train-load-0.6-scenario-141,0.6,0.5,0.0625,0.5,22.33099451502559,1.2336718247081473,0.7663281752918526,1.0,0.0,1.0,0.0,15,0,15,0,15,6,15,15,0.532169759273529,0.11299003011401039,,,,,,,,,,,0.3382243777256544,0.6411704434910013
436,train-load-0.7-scenario-224,0.7,0.63312875,0.461108125,0.63312875,7.1598057382854225,0.6810555566320462,0.6522777767012873,0.8333333333333334,0.16666666666666666,0.8333333333333334,0.16666666666666666,5,1,5,1,6,4,6,5,0.828422486782074,0.11242507996344034,,,,,,,,,,,0.3382243777256544,0.6411704434910013
437,train-load-0.8-scenario-450,0.8,0.68,0.34,0.68,24.159985227541913,1.298017188394114,0.46668869395882706,0.9411764705882353,0.058823529411764705,0.9411764705882353,0.058823529411764705,16,1,16,1,17,5,17,16,0.44180649518966675,0.11186295456362313,,,,,,,,,,,0.3382243777256544,0.6411704434910013
438,train-load-0.9-scenario-127,0.9,0.81525175,0.5898213541666667,0.81525175,6.426253474886559,0.5060165578846045,0.8273167754487288,0.8333333333333334,0.16666666666666666,0.7142857142857143,0.2857142857142857,5,1,5,2,7,4,6,5,0.37153297662734985,0.11130363979080501,,,,,,,,,,,0.3382243777256544,0.6411704434910013
439,train-load-0.6-scenario-671,0.6,0.5375966145833333,0.5375966145833333,0.516254625,17.247594494939115,1.2787645610532454,0.7212354389467546,1.0,0.0,1.0,0.0,11,0,12,0,12,8,11,11,0.21231640875339508,0.11074712159185099,,,,,,,,,,,0.3382243777256544,0.6411704434910013
440,train-load-0.7-scenario-260-retry-1,0.7,0.6103974999999999,0.6103974999999999,0.5558198,6.991385387331784,0.46747865775913056,0.9610927708122979,0.8571428571428571,0.14285714285714285,0.75,0.25,6,1,6,2,8,5,7,6,0.4487556219100952,0.11019338598389174,,,,,,,,,,,0.3382243777256544,0.6411704434910013
441,train-load-1.0-scenario-603,1.0,0.8827383999999999,0.727204,0.8827383999999999,15.180360593077,1.2706793375564776,0.3293206624435224,0.9,0.1,0.9090909090909091,0.09090909090909091,9,1,10,1,11,5,10,9,0.4156535863876343,0.10964241905397228,,,,,,,,,,,0.3382243777256544,0.6411704434910013
442,train-load-1.0-scenario-200-retry-6,1.0,0.9,0.9,0.75,15.246166856582029,0.9900905670374478,0.3432427662958858,0.8333333333333334,0.16666666666666666,0.8333333333333334,0.16666666666666666,10,2,10,2,12,4,12,10,0.36165690422058105,0.10909420695870241,,,,,,,,,,,0.3382243777256544,0.6411704434910013
443,train-load-0.6-scenario-51,0.6,0.6666666666666666,0.05555555555555555,0.6666666666666666,6.852392464955301,0.31666108937224813,0.6833389106277519,0.75,0.25,0.75,0.25,6,2,6,2,8,6,8,6,0.8521065711975098,0.1085487359239089,,,,,,,,,,,0.3382243777256544,0.6411704434910013
444,train-load-0.5-scenario-204-retry-1,0.5,0.5714285714285714,0.5714285714285714,0.34285714285714286,20.223028088666382,1.4646927631475424,0.5353072368524576,1.0,0.0,1.0,0.0,12,0,12,0,12,7,12,12,0.6455672979354858,0.10800599224428936,,,,,,,,,,,0.3382243777256544,0.6411704434910013
445,train-load-0.5-scenario-215,0.5,0.4975633333333333,0.4975633333333333,0.4752474,12.032942937076658,1.398887229469566,0.601112770530434,1.0,0.0,1.0,0.0,6,0,6,0,6,5,6,6,0.49747124314308167,0.10746596228306791,,,,,,,,,,,0.3382243777256544,0.6411704434910013
446,train-load-0.9-scenario-162-retry-1,0.9,1.0,0.8333333333333334,1.0,3.370293298286926,-0.46353207047458855,0.46353207047458855,0.5,0.5,0.5,0.5,5,5,5,5,10,4,10,5,0.46528196334838867,0.10692863247165257,,,,,,,,,,,0.3382243777256544,0.6411704434910013
447,train-load-0.5-scenario-88,0.5,0.546999,0.3100375,0.546999,9.62640020144022,1.481804821584613,0.5181951784153871,1.0,0.0,1.0,0.0,4,0,6,0,6,5,4,4,0.46443238854408264,0.1063939893092943,,,,,,,,,,,0.3382243777256544,0.6411704434910013
448,train-load-0.6-scenario-727,0.6,0.6937963333333333,0.3795925,0.6937963333333333,8.016703351074705,0.5923460190119881,0.8362254095594404,0.8571428571428571,0.14285714285714285,0.75,0.25,6,1,6,2,8,6,7,6,0.34025001525878906,0.10586201936274783,,,,,,,,,,,0.3382243777256544,0.6411704434910013
449,train-load-0.8-scenario-293-retry-1,0.8,0.9,0.9,0.9,5.4649907939276465,-0.06400241354385394,0.28622463576607626,0.5555555555555556,0.4444444444444444,0.5555555555555556,0.4444444444444444,5,4,10,8,18,8,9,5,0.5269302725791931,0.10533270926593409,,,,,,,,,,,0.3382243777256544,0.6411704434910013
450,train-load-0.8-scenario-501,0.8,0.69839975,0.43511875,0.69839975,9.030923010253671,1.2405660591730192,0.7594339408269809,1.0,0.0,1.0,0.0,5,0,6,0,6,4,5,5,0.28150689601898193,0.10480604571960442,,,,,,,,,,,0.3382243777256544,0.6411704434910013
451,train-load-0.7-scenario-377-retry-1,0.7,0.75,0.5625,0.75,22.852424353240206,1.445987839684098,0.28734549364923534,0.9333333333333333,0.06666666666666667,0.9333333333333333,0.06666666666666667,14,1,14,1,15,4,15,14,0.43189379572868347,0.1042820154910064,,,,,,,,,,,0.3382243777256544,0.6411704434910013
452,train-load-0.9-scenario-206-retry-1,0.9,0.8018648333333334,0.5326586805555555,0.8018648333333334,12.301743254358456,0.9585138828482941,0.5970416727072613,0.8888888888888888,0.1111111111111111,0.8,0.2,8,1,8,2,10,6,9,8,0.5041556358337402,0.10376060541355137,,,,,,,,,,,0.3382243777256544,0.6411704434910013
453,train-load-0.9-scenario-601,0.9,0.9048028125,0.9048028125,0.6971762499999999,10.468893672825772,1.0117261257911458,0.41684530278028287,0.8571428571428571,0.14285714285714285,0.7777777777777778,0.2222222222222222,6,1,7,2,9,4,7,6,0.26968616247177124,0.1032418023864836,,,,,,,,,,,0.3382243777256544,0.6411704434910013
454,train-load-0.8-scenario-699-retry-1,0.8,0.7,0.56,0.7,24.268878285688366,1.752533458554054,0.24746654144594607,1.0,0.0,1.0,0.0,14,0,14,0,14,5,14,14,0.5923910140991211,0.10272559337455119,,,,,,,,,,,0.3382243777256544,0.6411704434910013
455,train-load-0.7-scenario-28,0.7,0.6642645,0.3144425,0.6642645,6.824060294170516,0.7183601675320669,0.4816398324679332,0.8,0.2,0.8,0.2,4,1,4,1,5,4,5,4,0.3743687570095062,0.10221196540767843,,,,,,,,,,,0.3382243777256544,0.6411704434910013
456,train-hard-4gpu-4pod-1vgpu,0.25,0.25,0.16666666666666666,0.25,11.544497883017963,1.9166666666666665,0.08333333333333337,1.0,0.0,1.0,0.0,4,0,4,0,4,4,4,4,0.4662734270095825,0.10170090558064004,,,,,,,,,,,0.3382243777256544,0.6411704434910013
457,train-load-0.8-scenario-437-retry-3,0.8,0.81,0.6333333333333333,0.81,12.53978052320089,1.1244750884372818,0.3755249115627183,0.875,0.125,0.8888888888888888,0.1111111111111111,7,1,8,1,9,5,8,7,0.6239635944366455,0.10119240105273684,,,,,,,,,,,0.3382243777256544,0.6411704434910013
458,train-load-0.8-scenario-518,0.8,0.9,0.21428571428571427,0.9,8.70911962046468,0.44875246964623394,0.6623586414648772,0.7777777777777778,0.2222222222222222,0.7777777777777778,0.2222222222222222,7,2,7,2,9,7,9,7,0.6025761365890503,0.10068643904747315,,,,,,,,,,,0.3382243777256544,0.6411704434910013
459,train-load-0.6-scenario-333,0.6,0.6010886666666666,0.3219138888888889,0.6010886666666666,12.546775469348649,1.3316300357529365,0.6683699642470635,1.0,0.0,1.0,0.0,7,0,8,0,8,6,7,7,0.5246036052703857,0.10018300685223579,,,,,,,,,,,0.3382243777256544,0.6411704434910013
460,train-load-0.7-scenario-381,0.7,0.7168632,0.3338316666666667,0.7168632,9.32179311001745,1.2483917765900618,0.751608223409938,1.0,0.0,1.0,0.0,5,0,6,0,6,5,5,5,0.43608343601226807,0.0996820918179746,,,,,,,,,,,0.3382243777256544,0.6411704434910013
461,train-load-1.0-scenario-439,1.0,0.8988966666666666,0.42385625,0.8988966666666666,4.588985021169125,0.05214573544811052,0.8049971216947467,0.7142857142857143,0.2857142857142857,0.6,0.4,5,2,6,4,10,6,7,5,0.5616805553436279,0.09918368135888474,,,,,,,,,,,0.3382243777256544,0.6411704434910013
462,train-load-1.0-scenario-723-retry-8,1.0,0.9583333333333334,0.9583333333333334,0.275,18.580264031502036,0.1255092574477064,0.9653998334613845,0.7727272727272727,0.22727272727272727,0.7727272727272727,0.22727272727272727,17,5,17,5,22,8,22,17,0.5726017951965332,0.09868776295209031,,,,,,,,,,,0.3382243777256544,0.6411704434910013
463,train-load-0.7-scenario-27,0.7,0.626115875,0.3883334375,0.626115875,17.338705398717607,1.2730358812371245,0.7269641187628755,1.0,0.0,1.0,0.0,11,0,11,0,11,8,11,11,0.3608449697494507,0.09819432413732986,,,,,,,,,,,0.3382243777256544,0.6411704434910013
464,train-load-0.8-scenario-383,0.8,0.7149375,0.7149375,0.5852318333333333,8.931736958282167,0.4432285147097008,0.6678825964014103,0.7777777777777778,0.2222222222222222,0.8181818181818182,0.18181818181818182,7,2,9,2,11,6,9,7,0.6218488812446594,0.09770335251664321,,,,,,,,,,,0.3382243777256544,0.6411704434910013
465,train-load-0.8-scenario-516,0.8,0.706955,0.6876989583333333,0.706955,20.878346616498277,1.358255527378632,0.3560301869070823,0.9285714285714286,0.07142857142857142,0.9333333333333333,0.06666666666666667,13,1,14,1,15,8,14,13,0.33841633796691895,0.09721483575406,,,,,,,,,,,0.3382243777256544,0.6411704434910013
466,train-load-0.6-scenario-282-retry-1,0.6,0.7,0.4375,0.7,17.398792543656022,0.9168316663932642,0.5117397621781643,0.8571428571428571,0.14285714285714285,0.8571428571428571,0.14285714285714285,12,2,12,2,14,8,14,12,0.5507547855377197,0.09672876157528969,,,,,,,,,,,0.3382243777256544,0.6411704434910013
467,train-load-0.9-scenario-198-retry-1,0.9,0.8048715,0.736490625,0.8048715,9.558500518271972,0.5615379785829318,0.5495731325281793,0.7777777777777778,0.2222222222222222,0.7777777777777778,0.2222222222222222,7,2,7,2,9,4,9,7,0.298202782869339,0.09624511776741324,,,,,,,,,,,0.3382243777256544,0.6411704434910013
468,train-load-0.6-scenario-511,0.6,0.5182608,0.44386600000000004,0.5182608,11.463925986823295,1.1801338352856718,0.8198661647143283,1.0,0.0,1.0,0.0,7,0,7,0,7,5,7,7,0.6427052021026611,0.09576389217857617,,,,,,,,,,,0.3382243777256544,0.6411704434910013
469,train-load-1.0-scenario-549-retry-1,1.0,0.9008579999999999,0.48582299999999995,0.9008579999999999,8.056823554117953,0.31493687709372553,0.7961742340173856,0.7777777777777778,0.2222222222222222,0.7777777777777778,0.2222222222222222,7,2,7,2,9,5,9,7,0.3720439076423645,0.09528507271768329,,,,,,,,,,,0.3382243777256544,0.6411704434910013
470,train-load-0.7-scenario-40,0.7,0.718663,0.30028958333333333,0.718663,6.641121283004916,0.5365544832840106,0.7967788500493229,0.8333333333333334,0.16666666666666666,0.75,0.25,5,1,6,2,8,6,6,5,0.5405458211898804,0.09480864735409487,,,,,,,,,,,0.3382243777256544,0.6411704434910013
471,train-load-0.6-scenario-144-retry-5,0.6,0.5375,0.3,0.5375,23.302858544236592,1.5404321003105266,0.4595678996894735,1.0,0.0,1.0,0.0,14,0,14,0,14,8,14,14,0.3926464319229126,0.0943346041173244,,,,,,,,,,,0.3382243777256544,0.6411704434910013
472,train-load-0.5-scenario-258,0.5,0.5323248571428572,0.2779771428571428,0.5323248571428572,10.403454252695667,1.3697471759655029,0.630252824034497,1.0,0.0,1.0,0.0,5,0,7,0,7,7,5,5,0.31442132592201233,0.09386293109673778,,,,,,,,,,,0.3382243777256544,0.6411704434910013
473,train-load-0.5-scenario-648,0.5,0.45105,0.45105,0.4489366,11.50043313461611,1.3263530148663023,0.6736469851336977,1.0,0.0,1.0,0.0,6,0,6,0,6,5,6,6,0.3404393196105957,0.09339361644125409,,,,,,,,,,,0.3382243777256544,0.6411704434910013
474,train-load-0.9-scenario-123,0.9,0.8220135,0.5456570833333333,0.8220135,12.507499770662355,0.8148077266394931,0.785192273360507,0.9,0.1,0.8181818181818182,0.18181818181818182,9,1,9,2,11,6,10,9,0.5038761496543884,0.09292664835904782,,,,,,,,,,,0.3382243777256544,0.6411704434910013
475,train-load-0.9-scenario-518-retry-4,0.9,1.0,1.0,0.4125,5.97748700317023,0.03776192303997328,0.6289047436266934,0.6666666666666666,0.3333333333333333,0.6666666666666666,0.3333333333333333,6,3,6,3,9,4,9,6,0.427201509475708,0.09246201511725258,,,,,,,,,,,0.3382243777256544,0.6411704434910013
476,train-load-1.0-scenario-633-retry-15,1.0,0.9214285714285714,0.7714285714285715,0.9214285714285714,12.331760786872042,0.20660328075434864,0.7267300525789846,0.7333333333333333,0.26666666666666666,0.7333333333333333,0.26666666666666666,11,4,11,4,15,7,15,11,0.34033334255218506,0.09199970504166631,,,,,,,,,,,0.3382243777256544,0.6411704434910013
477,train-load-0.5-scenario-602,0.5,0.47478216666666667,0.33510972222222224,0.47478216666666667,10.721414011148855,1.2265024515518603,0.7734975484481398,1.0,0.0,1.0,0.0,6,0,7,0,7,6,6,6,0.40659767389297485,0.09153970651645797,,,,,,,,,,,0.3382243777256544,0.6411704434910013
478,train-load-0.7-scenario-411-retry-7,0.7,0.7714285714285715,0.42857142857142855,0.7714285714285715,9.385960938217316,0.5610125881799675,0.5500985229311437,0.7777777777777778,0.2222222222222222,0.7777777777777778,0.2222222222222222,7,2,7,2,9,7,9,7,0.16553598642349243,0.09108200798387568,,,,,,,,,,,0.3382243777256544,0.6411704434910013
479,train-load-0.5-scenario-609,0.5,0.4546266666666667,0.4546266666666667,0.3717082,11.701608384300453,1.3359199809763238,0.6640800190236762,1.0,0.0,1.0,0.0,6,0,6,0,6,5,6,6,0.48541831970214844,0.0906265979439563,,,,,,,,,,,0.3382243777256544,0.6411704434910013
480,train-hard-4gpu-12pod-small,0.375,0.375,0.25,0.375,22.316746824526945,1.875,0.125,1.0,0.0,1.0,0.0,12,0,12,0,12,4,12,12,0.48940610885620117,0.09017346495423652,,,,,,,,,,,0.3382243777256544,0.6411704434910013
481,train-load-0.7-scenario-388,0.7,0.6499342857142857,0.3971725,0.6499342857142857,9.889200043953068,0.8902605072038693,0.5383109213675592,0.8571428571428571,0.14285714285714285,0.8888888888888888,0.1111111111111111,6,1,8,1,9,7,7,6,0.704039454460144,0.08972259762946533,,,,,,,,,,,0.3382243777256544,0.6411704434910013
482,train-load-0.9-scenario-529,0.9,0.8337154,0.5508458333333334,0.8337154,9.894360494671815,0.7317623311644464,0.7682376688355536,0.875,0.125,0.8888888888888888,0.1111111111111111,7,1,8,1,9,5,8,7,0.485872358083725,0.089273984641318,,,,,,,,,,,0.3382243777256544,0.6411704434910013
483,train-load-1.0-scenario-225,1.0,1.0857142857142856,0.6571428571428571,1.0857142857142856,7.15104731002579,0.012597940792024365,0.532856604662521,0.6363636363636364,0.36363636363636365,0.5,0.5,7,4,7,7,14,7,11,7,0.5111209750175476,0.0888276147181114,,,,,,,,,,,0.3382243777256544,0.6411704434910013
484,train-load-0.8-scenario-676,0.8,0.7691818333333333,0.33861006944444444,0.7691818333333333,8.316343746545352,0.651699117033779,0.7768723115376495,0.8571428571428571,0.14285714285714285,0.75,0.25,6,1,6,2,8,6,7,6,0.44504329562187195,0.08838347664452084,,,,,,,,,,,0.3382243777256544,0.6411704434910013
485,train-load-0.5-scenario-667-retry-1,0.5,0.6,0.2,0.6,19.55396113751206,1.45353864556892,0.5464613544310799,1.0,0.0,1.0,0.0,12,0,12,0,12,5,12,12,0.4695874750614166,0.08794155926129824,,,,,,,,,,,0.3382243777256544,0.6411704434910013
486,train-load-0.6-scenario-377,0.6,0.5,0.2,0.5,20.53906715112993,1.5666461754612195,0.4333538245387805,1.0,0.0,1.0,0.0,12,0,12,0,12,6,12,12,0.6647089719772339,0.08750185146499175,,,,,,,,,,,0.3382243777256544,0.6411704434910013
487,train-load-0.7-scenario-652-retry-6,0.7,0.8142857142857143,0.8142857142857143,0.7642857142857142,7.5229270197388844,-0.12858998590433857,0.5901284474428001,0.6153846153846154,0.38461538461538464,0.6153846153846154,0.38461538461538464,8,5,8,5,13,7,13,8,0.5190609693527222,0.08706434220766679,,,,,,,,,,,0.3382243777256544,0.6411704434910013
488,train-load-0.8-scenario-340,0.8,0.8135062500000001,0.60383625,0.8135062500000001,14.031482621302764,0.8993687479254799,0.7369948884381563,0.9090909090909091,0.09090909090909091,0.8666666666666667,0.13333333333333333,10,1,13,2,15,8,11,10,0.3852350115776062,0.08662902049662846,,,,,,,,,,,0.3382243777256544,0.6411704434910013
489,train-hard-4gpu-4pod-2vgpu,0.25,0.25,0.16666666666666666,0.25,11.616666666666667,1.9166666666666665,0.08333333333333337,1.0,0.0,1.0,0.0,4,0,8,0,8,4,4,4,0.4720510244369507,0.08619587539414532,,,,,,,,,,,0.3382243777256544,0.6411704434910013
490,train-load-0.8-scenario-570-retry-3,0.8,0.9,0.9,0.4,7.363855530779423,0.35267566400067696,0.647324335999323,0.75,0.25,0.75,0.25,6,2,6,2,8,4,8,6,0.6580337285995483,0.08576489601717459,,,,,,,,,,,0.3382243777256544,0.6411704434910013
491,train-load-0.8-scenario-449,0.8,0.8888888888888888,0.8888888888888888,0.5333333333333333,4.720673281908561,-0.11073200822839513,0.6107320082283951,0.625,0.375,0.625,0.375,5,3,5,3,8,6,8,5,0.44321250915527344,0.08533607153708872,,,,,,,,,,,0.3382243777256544,0.6411704434910013
492,train-load-0.9-scenario-284,0.9,0.8904010416666667,0.8904010416666667,0.59570475,3.756183194308278,-0.09804706822210885,0.955189925364966,0.7142857142857143,0.2857142857142857,0.5555555555555556,0.4444444444444444,5,2,5,4,9,4,7,5,0.5041752457618713,0.08490939117940327,,,,,,,,,,,0.3382243777256544,0.6411704434910013
493,train-load-1.0-scenario-714,1.0,0.9362496666666668,0.6685099999999999,0.9362496666666668,12.652817805093207,0.7587953573890519,0.5139319153382209,0.8181818181818182,0.18181818181818182,0.6923076923076923,0.3076923076923077,9,2,9,4,13,6,11,9,0.5339638590812683,0.08448484422350626,,,,,,,,,,,0.3382243777256544,0.6411704434910013
494,train-load-0.6-scenario-186-retry-5,0.6,0.6,0.6,0.21428571428571427,23.643030871053973,1.4171505143255316,0.5828494856744684,1.0,0.0,1.0,0.0,15,0,15,0,15,7,15,15,0.6884110569953918,0.08406242000238873,,,,,,,,,,,0.3382243777256544,0.6411704434910013
495,train-load-0.5-scenario-132,0.5,0.4,0.3,0.4,15.081677209199901,1.476306654134392,0.5236933458656079,1.0,0.0,1.0,0.0,8,0,8,0,8,4,8,8,0.38621360063552856,0.08364210790237678,,,,,,,,,,,0.3382243777256544,0.6411704434910013
496,train-load-0.5-scenario-70,0.5,0.45714285714285713,0.45714285714285713,0.22857142857142856,13.70528229910146,1.2999945899426406,0.7000054100573594,1.0,0.0,1.0,0.0,8,0,8,0,8,7,8,8,0.40733909606933594,0.0832238973628649,,,,,,,,,,,0.3382243777256544,0.6411704434910013
497,train-load-0.5-scenario-151,0.5,0.48940140000000004,0.21624916666666666,0.48940140000000004,7.551330925924676,1.1066047643235908,0.8933952356764092,1.0,0.0,1.0,0.0,4,0,5,0,5,5,4,4,0.4932976961135864,0.08280777787605056,,,,,,,,,,,0.3382243777256544,0.6411704434910013
498,train-load-0.6-scenario-433-retry-5,0.6,0.675,0.5729166666666666,0.675,21.01049204917252,1.4373865043995,0.5626134956005,1.0,0.0,1.0,0.0,13,0,13,0,13,8,13,13,0.5245143175125122,0.08239373898667031,,,,,,,,,,,0.3382243777256544,0.6411704434910013
499,train-load-1.0-scenario-428-retry-4,1.0,0.938576,0.6754458333333334,0.938576,15.547819881040033,0.6620377387133866,0.5379622612866134,0.8,0.2,0.75,0.25,12,3,12,4,16,7,15,12,0.3917465806007385,0.08198177029173696,,,,,,,,,,,0.3382243777256544,0.6411704434910013
500,train-load-0.5-scenario-616,0.5,0.477599,0.22394444444444442,0.477599,9.564691521523308,1.252640794172769,0.7473592058272309,1.0,0.0,1.0,0.0,5,0,5,0,5,6,5,5,0.6749172210693359,0.08157186144027828,0.3416916492025864,0.5417243538406283,0.7208540007608035,0.2791459992391963,0.7070195218503428,0.29298047814965705,0.6402676014232002,0.7073889882904938,0.26272579120835154,0.6945220698756798,0.3382243777256544,0.6411704434910013
501,train-load-0.8-scenario-249,0.8,0.7389095714285715,0.5377096428571428,0.7389095714285715,15.815523804898572,1.2523876252042316,0.7476123747957685,1.0,0.0,1.0,0.0,10,0,11,0,11,7,10,10,0.5892118215560913,0.0811640021330769,,,,,,,,,,,0.3382243777256544,0.6411704434910013
502,train-load-1.0-scenario-169-retry-2,1.0,1.1111111111111112,1.1111111111111112,0.6666666666666666,3.2123368117635547,-0.5454691523162202,0.5454691523162202,0.5,0.5,0.5,0.5,5,5,5,5,10,6,10,5,0.30157923698425293,0.08075818212241151,,,,,,,,,,,0.3382243777256544,0.6411704434910013
503,train-load-0.9-scenario-545,0.9,1.0,0.5,1.0,2.4305036159685978,-0.4459148405218579,0.4459148405218579,0.5,0.5,0.5,0.5,4,4,4,4,8,4,8,4,0.5081311464309692,0.08035439121179945,,,,,,,,,,,0.3382243777256544,0.6411704434910013
504,train-load-0.7-scenario-445,0.7,0.7209975,0.5774125,0.7209975,8.574761499411995,0.7319403105344765,0.696631118036952,0.8571428571428571,0.14285714285714285,0.8571428571428571,0.14285714285714285,6,1,6,1,7,4,7,6,0.3267768621444702,0.07995261925574046,,,,,,,,,,,0.3382243777256544,0.6411704434910013
505,train-load-1.0-scenario-490,1.0,1.0,1.0,0.9285714285714286,12.704874717485582,0.8898041442639292,0.3101958557360709,0.8,0.2,0.7333333333333333,0.26666666666666666,8,2,11,4,15,7,10,8,0.3615010678768158,0.07955285615946175,,,,,,,,,,,0.3382243777256544,0.6411704434910013
506,train-load-1.0-scenario-157-retry-1,1.0,1.1166666666666667,0.5972222222222222,1.1166666666666667,5.671366618054314,-0.4313693558462369,0.5852155096923907,0.5384615384615384,0.46153846153846156,0.5384615384615384,0.46153846153846156,7,6,7,6,13,6,13,7,0.629692554473877,0.07915509187866444,,,,,,,,,,,0.3382243777256544,0.6411704434910013
507,train-load-1.0-scenario-585-retry-4,1.0,1.0,0.6666666666666666,1.0,18.723718715526786,0.2588609269142006,0.40780573975246603,0.6666666666666666,0.3333333333333333,0.6666666666666666,0.3333333333333333,16,8,16,8,24,6,24,16,0.5291236639022827,0.07875931641927113,,,,,,,,,,,0.3382243777256544,0.6411704434910013
508,train-load-0.6-scenario-374-retry-10,0.6,0.48,0.36,0.48,21.163371088286162,1.6123855148995616,0.38761448510043833,1.0,0.0,1.0,0.0,12,0,12,0,12,5,12,12,0.47678351402282715,0.07836551983717477,,,,,,,,,,,0.3382243777256544,0.6411704434910013
509,train-load-0.6-scenario-361,0.6,0.5465970000000001,0.38358583333333335,0.5465970000000001,12.82906738788637,1.5811914396510676,0.4188085603489323,1.0,0.0,1.0,0.0,6,0,7,0,7,6,6,6,0.4055669605731964,0.07797369223798889,,,,,,,,,,,0.3382243777256544,0.6411704434910013
510,train-load-1.0-scenario-451-retry-1,1.0,0.8844762500000001,0.5631447916666666,0.8844762500000001,7.508122449815636,0.7075261295008788,0.6258072038324546,0.8333333333333334,0.16666666666666666,0.7142857142857143,0.2857142857142857,5,1,5,2,7,4,6,5,0.4811820387840271,0.07758382377679894,,,,,,,,,,,0.3382243777256544,0.6411704434910013
511,train-load-0.7-scenario-658-retry-1,0.7,0.6166666666666667,0.2013888888888889,0.6166666666666667,24.74765241053303,1.2494622365054093,0.7505377634945906,1.0,0.0,1.0,0.0,17,0,17,0,17,6,17,17,0.5638653039932251,0.07719590465791494,,,,,,,,,,,0.3382243777256544,0.6411704434910013
512,train-load-0.7-scenario-45,0.7,0.6211115,0.4949475694444444,0.6211115,14.813027019112457,1.5075193339493385,0.49248066605066154,1.0,0.0,1.0,0.0,8,0,9,0,9,6,8,8,0.6603102087974548,0.07680992513462537,,,,,,,,,,,0.3382243777256544,0.6411704434910013
513,train-load-0.5-scenario-713,0.5,0.45644080000000004,0.28399599999999997,0.45644080000000004,10.321788125771052,1.38478996100526,0.6152100389947399,1.0,0.0,1.0,0.0,5,0,5,0,5,5,5,5,0.3281126618385315,0.07642587550895225,,,,,,,,,,,0.3382243777256544,0.6411704434910013
514,train-load-0.9-scenario-737-retry-2,0.9,1.0,1.0,0.875,3.452060298700118,-0.2953586881592599,0.2953586881592599,0.5,0.5,0.5,0.5,4,4,4,4,8,4,8,4,0.5416655540466309,0.07604374613140748,,,,,,,,,,,0.3382243777256544,0.6411704434910013
515,train-load-1.0-scenario-261-retry-6,1.0,0.9428571428571428,0.9428571428571428,0.7071428571428572,19.664718584072332,0.4503635403598125,0.4587273687310967,0.7272727272727273,0.2727272727272727,0.7272727272727273,0.2727272727272727,16,6,16,6,22,7,22,16,0.7640774846076965,0.07566352740075044,,,,,,,,,,,0.3382243777256544,0.6411704434910013
516,train-load-1.0-scenario-635,1.0,0.95,0.25,0.95,4.2258833433740834,-0.2463079829159689,0.9129746495826355,0.6666666666666666,0.3333333333333333,0.6666666666666666,0.3333333333333333,6,3,6,3,9,6,9,6,0.6638843417167664,0.07528520976374668,,,,,,,,,,,0.3382243777256544,0.6411704434910013
517,train-load-1.0-scenario-739-retry-1,1.0,0.96875,0.7625,0.96875,15.135431588213049,0.07560129977905994,0.4698532456754855,0.6363636363636364,0.36363636363636365,0.6363636363636364,0.36363636363636365,14,8,14,8,22,8,22,14,0.43826889991760254,0.07490878371492794,,,,,,,,,,,0.3382243777256544,0.6411704434910013
518,train-load-0.8-scenario-745,0.8,0.696920125,0.48294578125000004,0.696920125,19.822857866420087,1.4793275997172746,0.5206724002827254,1.0,0.0,1.0,0.0,12,0,13,0,13,8,12,12,0.7181207537651062,0.0745342397963533,,,,,,,,,,,0.3382243777256544,0.6411704434910013
519,train-load-1.0-scenario-81-retry-1,1.0,1.0,0.21428571428571427,1.0,7.459739829606064,-0.20110931959269818,0.6626477811311597,0.6153846153846154,0.38461538461538464,0.6153846153846154,0.38461538461538464,8,5,8,5,13,7,13,8,0.40676528215408325,0.07416156859737154,,,,,,,,,,,0.3382243777256544,0.6411704434910013
520,train-load-0.7-scenario-350,0.7,0.7,0.7,0.51875,5.994579553952981,-0.09329374311427785,0.49329374311427776,0.6,0.4,0.6923076923076923,0.3076923076923077,6,4,9,4,13,8,10,6,0.33814066648483276,0.07379076075438468,,,,,,,,,,,0.3382243777256544,0.6411704434910013
521,train-load-0.7-scenario-167-retry-3,0.7,0.75,0.225,0.75,9.326993944368997,0.19320942734379698,0.47345723932286965,0.6666666666666666,0.3333333333333333,0.6666666666666666,0.3333333333333333,8,4,8,4,12,8,12,8,0.64314204454422,0.07342180695061275,,,,,,,,,,,0.3382243777256544,0.6411704434910013
522,train-load-0.8-scenario-248,0.8,0.7802903333333333,0.39423680555555557,0.7802903333333333,14.988598367969072,1.3546252730654547,0.6453747269345453,1.0,0.0,1.0,0.0,9,0,9,0,9,6,9,9,0.48068976402282715,0.07305469791585968,,,,,,,,,,,0.3382243777256544,0.6411704434910013
523,train-load-0.6-scenario-352-retry-2,0.6,0.625,0.625,0.6,16.74532084680215,1.5825858477671413,0.4174141522328586,1.0,0.0,1.0,0.0,9,0,9,0,9,4,9,9,0.5655645132064819,0.07268942442628039,,,,,,,,,,,0.3382243777256544,0.6411704434910013
524,train-load-0.9-scenario-614,0.9,0.8602554,0.6011905,0.8602554,10.2559693299978,0.5929283788460417,0.6070716211539584,0.8,0.2,0.8,0.2,8,2,8,2,10,5,10,8,0.49674534797668457,0.07232597730414898,,,,,,,,,,,0.3382243777256544,0.6411704434910013
525,train-load-0.6-scenario-266,0.6,0.61284325,0.40044583333333333,0.61284325,9.269081409427496,1.4238803717009945,0.5761196282990055,1.0,0.0,1.0,0.0,4,0,5,0,5,4,4,4,0.42371100187301636,0.07196434741762824,,,,,,,,,,,0.3382243777256544,0.6411704434910013
526,train-load-0.9-scenario-393,0.9,1.0,0.2777777777777778,1.0,4.718140297736593,-0.24447793890998015,0.6444779389099801,0.6,0.4,0.6,0.4,6,4,6,4,10,6,10,6,0.10741418600082397,0.0716045256805401,,,,,,,,,,,0.3382243777256544,0.6411704434910013
527,train-load-0.5-scenario-122-retry-2,0.5,0.5625,0.1125,0.5625,11.97194385839055,0.92164611003396,0.6339094455215954,0.8888888888888888,0.1111111111111111,0.8888888888888888,0.1111111111111111,8,1,8,1,9,8,9,8,0.38877493143081665,0.0712465030521374,,,,,,,,,,,0.3382243777256544,0.6411704434910013
528,train-load-0.9-scenario-280-retry-9,0.9,0.9666666666666667,0.75,0.9666666666666667,3.3606442274176835,-0.49090495376996257,0.8909049537699625,0.6,0.4,0.6,0.4,6,4,6,4,10,6,10,6,0.3756847083568573,0.0708902705368767,,,,,,,,,,,0.3382243777256544,0.6411704434910013
529,train-load-1.0-scenario-414,1.0,0.9173428333333333,0.7867451388888889,0.9173428333333333,12.176440974537439,0.4460665294528433,0.6308565474702337,0.7692307692307693,0.23076923076923078,0.6666666666666666,0.3333333333333333,10,3,10,5,15,6,13,10,0.45421960949897766,0.07053581918419231,,,,,,,,,,,0.3382243777256544,0.6411704434910013
530,train-load-0.5-scenario-249,0.5,0.6,0.5,0.6,20.78857605059172,1.5492502354994122,0.4507497645005878,1.0,0.0,1.0,0.0,12,0,12,0,12,6,12,12,0.5076490640640259,0.07018314008827135,,,,,,,,,,,0.3382243777256544,0.6411704434910013
531,train-load-0.5-scenario-16,0.5,0.4,0.3333333333333333,0.4,18.42154919052563,1.5806800260763363,0.4193199739236636,1.0,0.0,1.0,0.0,10,0,10,0,10,5,10,10,0.6542974710464478,0.06983222438783,,,,,,,,,,,0.3382243777256544,0.6411704434910013
532,train-load-0.9-scenario-112,0.9,1.0,1.0,0.5,10.997973768817765,0.7027303453056531,0.4972696546943468,0.8,0.2,0.8,0.2,8,2,8,2,10,4,10,8,0.7962144613265991,0.06948306326589085,,,,,,,,,,,0.3382243777256544,0.6411704434910013
533,train-load-0.6-scenario-510,0.6,0.5125131944444444,0.5125131944444444,0.4705056666666667,12.448773270454309,1.529465873522678,0.47053412647732196,1.0,0.0,1.0,0.0,6,0,7,0,7,6,6,6,0.5779187679290771,0.0691356479495614,,,,,,,,,,,0.3382243777256544,0.6411704434910013
534,train-load-0.8-scenario-669,0.8,0.685780625,0.5838353125,0.685780625,15.379776834379857,1.0607034882224182,0.575660148141218,0.9090909090909091,0.09090909090909091,0.8461538461538461,0.15384615384615385,10,1,11,2,13,8,11,10,0.5644949674606323,0.06878996970981359,,,,,,,,,,,0.3382243777256544,0.6411704434910013
535,train-load-0.9-scenario-414,0.9,0.8758007142857144,0.3236154761904762,0.8758007142857144,9.377475310290198,0.679302979930549,0.820697020069451,0.875,0.125,0.8,0.2,7,1,8,2,10,7,8,7,0.5019994974136353,0.06844601986126451,,,,,,,,,,,0.3382243777256544,0.6411704434910013
536,train-load-0.9-scenario-19,0.9,0.7817938750000001,0.58744859375,0.7817938750000001,16.298061518494066,0.7718104979695622,0.6567609306018662,0.8571428571428571,0.14285714285714285,0.8,0.2,12,2,12,3,15,8,14,12,0.2740217447280884,0.06810378976195819,,,,,,,,,,,0.3382243777256544,0.6411704434910013
537,train-load-1.0-scenario-657-retry-1,1.0,0.9583333333333334,0.38333333333333336,0.9583333333333334,19.810699182047145,0.34001120527157824,0.6165105338588565,0.7391304347826086,0.2608695652173913,0.7391304347826086,0.2608695652173913,17,6,17,6,23,6,23,17,0.3524879217147827,0.0677632708131484,,,,,,,,,,,0.3382243777256544,0.6411704434910013
538,train-load-0.8-scenario-125,0.8,0.7166233333333333,0.7166233333333333,0.6948536666666666,18.02760964097095,1.2914741812082333,0.37519248545843326,0.9166666666666666,0.08333333333333333,0.8461538461538461,0.15384615384615385,11,1,11,2,13,6,12,11,0.35868313908576965,0.06742445445908266,,,,,,,,,,,0.3382243777256544,0.6411704434910013
539,train-load-0.9-scenario-590-retry-2,0.9,1.0,0.3,1.0,4.2680241664983685,-0.6603099088573126,0.6603099088573126,0.5,0.5,0.5,0.5,7,7,7,7,14,7,14,7,0.711794912815094,0.06708733218678724,,,,,,,,,,,0.3382243777256544,0.6411704434910013
540,train-load-0.9-scenario-544,0.9,0.8572007142857142,0.4770321428571428,0.8572007142857142,10.605090903322777,0.5131369610933886,0.7595903116338842,0.8181818181818182,0.18181818181818182,0.8181818181818182,0.18181818181818182,9,2,9,2,11,7,11,9,0.7070355415344238,0.0667518955258533,,,,,,,,,,,0.3382243777256544,0.6411704434910013
541,train-load-0.9-scenario-196,0.9,0.7930422,0.42188583333333335,0.7930422,8.706002814797452,0.6964329513824316,0.7321384771889969,0.8571428571428571,0.14285714285714285,0.75,0.25,6,1,6,2,8,5,7,6,0.7774623036384583,0.06641813604822402,,,,,,,,,,,0.3382243777256544,0.6411704434910013
542,train-load-1.0-scenario-374-retry-20,1.0,1.0625,0.415625,1.0625,6.122833737272203,0.056782743640707456,0.6098839230259592,0.6666666666666666,0.3333333333333333,0.6153846153846154,0.38461538461538464,6,3,8,5,13,8,9,6,0.6723377704620361,0.0660860453679829,,,,,,,,,,,0.3382243777256544,0.6411704434910013
543,train-load-0.7-scenario-222,0.7,0.7,0.7,0.6,23.47002767565222,1.4071652576873492,0.34283474231265076,0.9375,0.0625,0.9375,0.0625,15,1,15,1,16,8,16,15,0.5318460464477539,0.06575561514114299,,,,,,,,,,,0.3382243777256544,0.6411704434910013
544,train-load-0.5-scenario-271,0.5,0.4792613333333334,0.2566983333333333,0.4792613333333334,9.085160763094986,1.3540290895025116,0.6459709104974884,1.0,0.0,1.0,0.0,4,0,6,0,6,6,4,4,0.36669856309890747,0.06542683706543727,,,,,,,,,,,0.3382243777256544,0.6411704434910013
545,train-load-0.5-scenario-275-retry-1,0.5,0.59,0.23333333333333334,0.59,21.943740488300865,1.3132092684815773,0.6867907315184227,1.0,0.0,1.0,0.0,14,0,14,0,14,5,14,14,0.43793851137161255,0.06509970288011008,,,,,,,,,,,0.3382243777256544,0.6411704434910013
546,train-load-0.9-scenario-460-retry-4,0.9,1.0,0.4,1.0,4.335632738416318,-0.08087986229267585,0.5808798622926759,0.625,0.375,0.625,0.375,5,3,5,3,8,5,8,5,0.5746675729751587,0.06477420436570952,,,,,,,,,,,0.3382243777256544,0.6411704434910013
547,train-load-0.8-scenario-238,0.8,0.9166666666666666,0.36666666666666664,0.9166666666666666,4.628889470230311,-0.34622168956685784,0.5280398713850396,0.5454545454545454,0.45454545454545453,0.5454545454545454,0.45454545454545453,6,5,6,5,11,6,11,6,0.5729907751083374,0.06445033334388098,,,,,,,,,,,0.3382243777256544,0.6411704434910013
548,train-load-1.0-scenario-685,1.0,0.8952622499999999,0.41685338541666667,0.8952622499999999,13.164628280677874,0.9336528618815418,0.6663471381184584,0.9,0.1,0.8461538461538461,0.15384615384615385,9,1,11,2,13,8,10,9,0.6909551620483398,0.06412808167716157,,,,,,,,,,,0.3382243777256544,0.6411704434910013
549,train-load-0.5-scenario-421,0.5,0.525,0.22916666666666666,0.525,16.326202948485687,1.3646668842169394,0.6353331157830606,1.0,0.0,1.0,0.0,10,0,10,0,10,8,10,10,0.20331595838069916,0.06380744126877576,,,,,,,,,,,0.3382243777256544,0.6411704434910013
550,train-load-0.9-scenario-88-retry-1,0.9,0.8574611666666667,0.5974361111111111,0.8574611666666667,13.935642228155048,1.031121295352047,0.5688787046479531,0.9,0.1,0.8333333333333334,0.16666666666666666,9,1,10,2,12,6,10,9,0.3162025511264801,0.06348840406243188,,,,,,,,,,,0.3382243777256544,0.6411704434910013
551,train-load-1.0-scenario-176,1.0,0.897212,0.6599309895833333,0.897212,14.797460798113988,0.5289287959846652,0.6710712040153348,0.8,0.2,0.75,0.25,12,3,12,4,16,8,15,12,0.41188332438468933,0.06317096204211972,,,,,,,,,,,0.3382243777256544,0.6411704434910013
552,train-load-0.5-scenario-626,0.5,0.4125,0.375,0.4125,14.15921955006106,1.1704367627456422,0.8295632372543578,1.0,0.0,1.0,0.0,9,0,9,0,9,8,9,9,0.3168987035751343,0.06285510723190912,,,,,,,,,,,0.3382243777256544,0.6411704434910013
553,train-load-0.9-scenario-239,0.9,0.8075377142857142,0.3204669642857143,0.8075377142857142,13.219705798680115,0.9060288219460426,0.6939711780539575,0.9,0.1,0.8181818181818182,0.18181818181818182,9,1,9,2,11,7,10,9,0.2478017956018448,0.06254083169574957,,,,,,,,,,,0.3382243777256544,0.6411704434910013
554,train-load-1.0-scenario-282-retry-6,1.0,0.9,0.7916666666666666,0.9,13.021497698937145,1.3148527772232312,0.1851472227767688,0.875,0.125,0.9,0.1,7,1,9,1,10,4,8,7,0.6229124665260315,0.062228127537270826,,,,,,,,,,,0.3382243777256544,0.6411704434910013
555,train-load-0.9-scenario-98-retry-2,0.9,0.83356225,0.4940359375,0.83356225,7.175505650389827,0.6271371009717903,0.706196232361543,0.8333333333333334,0.16666666666666666,0.7142857142857143,0.2857142857142857,5,1,5,2,7,4,6,5,0.5245915651321411,0.06191698689958447,,,,,,,,,,,0.3382243777256544,0.6411704434910013
556,train-load-1.0-scenario-352-retry-1,1.0,0.91790475,0.49661770833333335,0.91790475,6.828620671007947,-0.4036199528781449,0.8036199528781448,0.6,0.4,0.6,0.4,9,6,9,6,15,8,15,9,0.4905775785446167,0.061607401965086545,,,,,,,,,,,0.3382243777256544,0.6411704434910013
557,train-load-1.0-scenario-349-retry-4,1.0,1.0083333333333333,1.0083333333333333,0.6083333333333333,11.537910314923604,-0.09549760690667686,1.0954976069066769,0.75,0.25,0.75,0.25,12,4,12,4,16,6,16,12,0.45451268553733826,0.06129936495526111,,,,,,,,,,,0.3382243777256544,0.6411704434910013
558,train-load-0.6-scenario-101,0.6,0.5116381666666667,0.3262820833333333,0.5116381666666667,12.231193639922845,1.2521062032160764,0.7478937967839238,1.0,0.0,1.0,0.0,7,0,7,0,7,6,7,7,0.34905076026916504,0.0609928681304848,,,,,,,,,,,0.3382243777256544,0.6411704434910013
559,train-load-0.8-scenario-472,0.8,0.6835025,0.47477864583333335,0.6835025,17.357602074130646,1.0349229463081615,0.6573847459995311,0.9230769230769231,0.07692307692307693,0.8571428571428571,0.14285714285714285,12,1,12,2,14,8,13,12,0.8053276538848877,0.060687903789832374,,,,,,,,,,,0.3382243777256544,0.6411704434910013
560,train-load-0.5-scenario-589,0.5,0.5242442708333334,0.5242442708333334,0.503612625,14.839123770943138,1.302193501767726,0.697806498232274,1.0,0.0,1.0,0.0,9,0,12,0,12,8,9,9,0.4559018015861511,0.06038446427088321,,,,,,,,,,,0.3382243777256544,0.6411704434910013
561,train-load-0.9-scenario-507-retry-7,0.9,0.9333333333333333,0.6,0.9333333333333333,14.743317423498961,0.872761642446241,0.4605716908870926,0.8333333333333334,0.16666666666666666,0.75,0.25,10,2,12,4,16,6,12,10,0.5024223923683167,0.06008254194952879,,,,,,,,,,,0.3382243777256544,0.6411704434910013
562,train-load-1.0-scenario-344,1.0,1.04375,1.0416666666666667,1.04375,6.439296911193339,-0.3639095707966127,0.49724290412994593,0.5333333333333333,0.4666666666666667,0.4444444444444444,0.5555555555555556,8,7,8,10,18,8,15,8,0.29111987352371216,0.05978212923978115,,,,,,,,,,,0.3382243777256544,0.6411704434910013
563,train-load-0.9-scenario-268,0.9,1.0,1.0,0.8,6.65475850372828,-0.417300321392594,0.417300321392594,0.5,0.5,0.5,0.5,8,8,8,8,16,8,16,8,0.8235913515090942,0.05948321859358224,,,,,,,,,,,0.3382243777256544,0.6411704434910013
564,train-load-0.7-scenario-509,0.7,0.65680625,0.53192953125,0.65680625,21.048956039266685,1.4736507473800582,0.5263492526199418,1.0,0.0,1.0,0.0,13,0,14,0,14,8,13,13,0.7330327033996582,0.05918580250061433,,,,,,,,,,,0.3382243777256544,0.6411704434910013
565,train-load-1.0-scenario-387-retry-3,1.0,1.1142857142857143,0.5142857142857142,1.1142857142857143,13.791282672274262,-0.18019169243033728,0.5135250257636707,0.5833333333333334,0.4166666666666667,0.5833333333333334,0.4166666666666667,14,10,14,10,24,7,24,14,0.4306257963180542,0.058889873488111255,,,,,,,,,,,0.3382243777256544,0.6411704434910013
566,train-load-0.5-scenario-294,0.5,0.5625,0.45,0.5625,16.475071981273736,1.5191096047349681,0.48089039526503197,1.0,0.0,1.0,0.0,9,0,9,0,9,4,9,9,0.5079349875450134,0.058595424120670696,,,,,,,,,,,0.3382243777256544,0.6411704434910013
567,train-load-0.7-scenario-10-retry-1,0.7,0.6428571428571429,0.42142857142857143,0.6428571428571429,15.162761412328717,1.575222232223373,0.4247777677766269,1.0,0.0,1.0,0.0,8,0,8,0,8,7,8,8,0.22702109813690186,0.05830244700006734,,,,,,,,,,,0.3382243777256544,0.6411704434910013
568,train-load-0.6-scenario-502,0.6,0.65,0.203125,0.65,11.59686307198534,0.8595267213610606,0.6960288341944949,0.8888888888888888,0.1111111111111111,0.8888888888888888,0.1111111111111111,8,1,8,1,9,8,9,8,0.4126597046852112,0.058010934765067,,,,,,,,,,,0.3382243777256544,0.6411704434910013
569,train-load-0.6-scenario-726,0.6,0.6064048000000001,0.44943,0.6064048000000001,11.657620642754656,1.2084845018565207,0.7915154981434792,1.0,0.0,1.0,0.0,7,0,7,0,7,5,7,7,0.6285188794136047,0.05772088009124167,,,,,,,,,,,0.3382243777256544,0.6411704434910013
570,train-load-0.7-scenario-499,0.7,0.666509,0.5092708333333333,0.666509,9.270190528094815,0.8049364327747973,0.6236349957966312,0.8571428571428571,0.14285714285714285,0.7777777777777778,0.2222222222222222,6,1,7,2,9,6,7,6,0.327012836933136,0.05743227569078546,,,,,,,,,,,0.3382243777256544,0.6411704434910013
571,train-load-0.5-scenario-51,0.5,0.44716175,0.41552546875,0.44716175,14.541897914087125,1.4083103660549763,0.5916896339450237,1.0,0.0,1.0,0.0,8,0,9,0,9,8,8,8,0.8771814107894897,0.05714511431233153,,,,,,,,,,,0.3382243777256544,0.6411704434910013
572,train-load-0.8-scenario-732-retry-1,0.8,0.9142857142857143,0.21428571428571427,0.9142857142857143,12.494825128597082,0.3430292766314496,0.7998278662256932,0.7857142857142857,0.21428571428571427,0.7857142857142857,0.21428571428571427,11,3,11,3,14,7,14,11,0.19726160168647766,0.05685938874076987,,,,,,,,,,,0.3382243777256544,0.6411704434910013
573,train-load-0.7-scenario-744-retry-3,0.7,0.6,0.3,0.6,19.188796906979327,1.3819107696554465,0.6180892303445535,1.0,0.0,1.0,0.0,12,0,12,0,12,8,12,12,0.7308840751647949,0.056575091797066025,,,,,,,,,,,0.3382243777256544,0.6411704434910013
574,train-load-0.5-scenario-90-retry-1,0.5,0.5625,0.375,0.5625,18.026888393739547,1.3719540774148944,0.6280459225851056,1.0,0.0,1.0,0.0,11,0,11,0,11,8,11,11,0.44649389386177063,0.056292216338080694,,,,,,,,,,,0.3382243777256544,0.6411704434910013
575,train-load-1.0-scenario-226-retry-1,1.0,1.1071428571428572,0.7285714285714285,1.1071428571428572,4.443552768439611,-0.5985910484073502,0.752437202253504,0.5384615384615384,0.46153846153846156,0.5384615384615384,0.46153846153846156,7,6,7,6,13,7,13,7,0.5717986226081848,0.05601075525639029,,,,,,,,,,,0.3382243777256544,0.6411704434910013
576,train-load-1.0-scenario-327,1.0,0.9304525,0.9304525,0.7447942857142857,13.557994570434968,0.4610483369036931,0.6818088059534497,0.7857142857142857,0.21428571428571427,0.6470588235294118,0.35294117647058826,11,3,11,6,17,7,14,11,0.4443065822124481,0.05573070148010834,,,,,,,,,,,0.3382243777256544,0.6411704434910013
577,train-load-0.8-scenario-153,0.8,0.9,0.5625,0.9,6.884324504052343,0.11964566289873346,0.5470210037679332,0.6666666666666666,0.3333333333333333,0.6666666666666666,0.3333333333333333,6,3,6,3,9,4,9,6,0.4625803232192993,0.0554520479727078,,,,,,,,,,,0.3382243777256544,0.6411704434910013
578,train-load-1.0-scenario-578,1.0,0.8814580000000001,0.7076046874999999,0.8814580000000001,11.961111824825696,0.17224397633492206,0.7610893569984112,0.7333333333333333,0.26666666666666666,0.7058823529411765,0.29411764705882354,11,4,12,5,17,8,15,11,0.49561139941215515,0.05517478773284426,,,,,,,,,,,0.3382243777256544,0.6411704434910013
579,train-load-0.9-scenario-631-retry-4,0.9,0.78,0.68,0.78,18.20722742287054,1.3252671194800876,0.341399547186579,0.9166666666666666,0.08333333333333333,0.9166666666666666,0.08333333333333333,11,1,11,1,12,5,12,11,0.4276990294456482,0.05489891379418004,,,,,,,,,,,0.3382243777256544,0.6411704434910013
580,train-load-1.0-scenario-640,1.0,0.9296746,0.8530083333333333,0.9296746,15.142311651545942,0.9885900379286334,0.3447432954047001,0.8333333333333334,0.16666666666666666,0.7692307692307693,0.23076923076923078,10,2,10,3,13,5,12,10,0.38149958848953247,0.05462441922520914,,,,,,,,,,,0.3382243777256544,0.6411704434910013
581,train-load-0.8-scenario-596-retry-5,0.8,0.9166666666666666,0.9166666666666666,0.45625,7.16845127538276,0.33888989211074616,0.6611101078892538,0.75,0.25,0.6363636363636364,0.36363636363636365,6,2,7,4,11,8,8,6,0.3707374036312103,0.0543512971290831,,,,,,,,,,,0.3382243777256544,0.6411704434910013
582,train-load-0.7-scenario-178,0.7,0.59375,0.3020833333333333,0.59375,19.64523773237929,1.4470884181264718,0.5529115818735282,1.0,0.0,1.0,0.0,12,0,12,0,12,8,12,12,0.6259962320327759,0.05407954064343768,,,,,,,,,,,0.3382243777256544,0.6411704434910013
583,train-load-0.9-scenario-151,0.9,0.99,0.9666666666666667,0.99,3.1701831142837102,-0.3289336846458162,0.8289336846458162,0.625,0.375,0.5454545454545454,0.45454545454545453,5,3,6,5,11,5,8,5,0.4116317629814148,0.05380914294022049,,,,,,,,,,,0.3382243777256544,0.6411704434910013
584,train-load-0.9-scenario-561-retry-4,0.9,0.780276375,0.572589375,0.780276375,16.490546499620645,0.8293529892038266,0.5992184393676019,0.8571428571428571,0.14285714285714285,0.8,0.2,12,2,12,3,15,8,14,12,0.35855430364608765,0.05354009722551939,,,,,,,,,,,0.3382243777256544,0.6411704434910013
585,train-hard-4gpu-4pod-2vgpu,0.25,0.25,0.16666666666666666,0.25,11.616666666666667,1.9166666666666665,0.08333333333333337,1.0,0.0,1.0,0.0,4,0,8,0,8,4,4,4,0.49030500650405884,0.05327239673939179,,,,,,,,,,,0.3382243777256544,0.6411704434910013
586,train-load-0.8-scenario-283-retry-5,0.8,0.8142857142857143,0.5714285714285714,0.8142857142857143,13.48633004948858,0.71653087061021,0.6168024627231234,0.8333333333333334,0.16666666666666666,0.8333333333333334,0.16666666666666666,10,2,10,2,12,7,12,10,0.5899174213409424,0.053006034755694834,,,,,,,,,,,0.3382243777256544,0.6411704434910013
587,train-load-0.5-scenario-382-retry-1,0.5,0.6,0.25,0.6,19.7476492166076,1.43388469713675,0.56611530286325,1.0,0.0,1.0,0.0,12,0,12,0,12,8,12,12,0.4512331485748291,0.052741004581916356,,,,,,,,,,,0.3382243777256544,0.6411704434910013
588,train-load-0.5-scenario-248,0.5,0.531249,0.38667395833333335,0.531249,10.150669141822686,1.3490045942035447,0.6509954057964553,1.0,0.0,1.0,0.0,5,0,5,0,5,4,5,5,0.3844354748725891,0.052477299559006776,,,,,,,,,,,0.3382243777256544,0.6411704434910013
589,train-load-0.9-scenario-650-retry-1,0.9,1.0,1.0,0.8,3.4497762745459486,-0.2678616512009484,0.26786165120094846,0.5,0.5,0.5,0.5,4,4,4,4,8,4,8,4,0.8281815052032471,0.052214913061211746,,,,,,,,,,,0.3382243777256544,0.6411704434910013
590,train-load-0.8-scenario-415,0.8,0.8666666666666667,0.7083333333333334,0.8666666666666667,9.802531838833907,0.29994247275468033,0.36672419391198624,0.6666666666666666,0.3333333333333333,0.6666666666666666,0.3333333333333333,8,4,8,4,12,6,12,8,0.38764041662216187,0.05195383849590569,,,,,,,,,,,0.3382243777256544,0.6411704434910013
591,train-load-0.5-scenario-580-retry-3,0.5,0.5833333333333334,0.5833333333333334,0.5666666666666667,11.990790886612942,0.9012490135085388,0.6543065420470167,0.8888888888888888,0.1111111111111111,0.8888888888888888,0.1111111111111111,8,1,8,1,9,6,9,8,0.43323278427124023,0.05169406930342616,,,,,,,,,,,0.3382243777256544,0.6411704434910013
592,train-load-0.8-scenario-365-retry-4,0.8,0.8714285714285714,0.2619047619047619,0.8714285714285714,15.762089459668132,0.7824992171339121,0.6460722114375165,0.8571428571428571,0.14285714285714285,0.8571428571428571,0.14285714285714285,12,2,12,2,14,7,14,12,0.6143769025802612,0.05143559895690903,,,,,,,,,,,0.3382243777256544,0.6411704434910013
593,train-load-0.9-scenario-327,0.9,0.8090445312500001,0.8090445312500001,0.723169625,17.755207745222535,0.8620539418451023,0.6046127248215645,0.8666666666666667,0.13333333333333333,0.8235294117647058,0.17647058823529413,13,2,14,3,17,8,15,13,0.40322598814964294,0.051178420962124486,,,,,,,,,,,0.3382243777256544,0.6411704434910013
594,train-load-0.5-scenario-444,0.5,0.42608825000000006,0.31256,0.42608825000000006,9.536703761280364,1.4436396008075376,0.5563603991924623,1.0,0.0,1.0,0.0,4,0,4,0,4,4,4,4,0.6873701810836792,0.05092252885731386,,,,,,,,,,,0.3382243777256544,0.6411704434910013
595,train-load-1.0-scenario-326,1.0,0.9562507499999999,0.85497625,0.9562507499999999,1.8953948311070703,-0.6237857735714635,0.8460079957936858,0.5555555555555556,0.4444444444444444,0.5,0.5,5,4,5,5,10,4,9,5,0.5087496042251587,0.05066791621302729,,,,,,,,,,,0.3382243777256544,0.6411704434910013
596,train-load-0.5-scenario-548,0.5,0.606248,0.34520677083333334,0.606248,10.26849530688076,1.3807562247486782,0.6192437752513218,1.0,0.0,1.0,0.0,5,0,5,0,5,4,5,5,0.39425352215766907,0.05041457663196215,,,,,,,,,,,0.3382243777256544,0.6411704434910013
597,train-load-0.8-scenario-601-retry-6,0.8,0.88125,0.38125,0.88125,13.869123535299511,0.7419017863801403,0.5914315469531932,0.8333333333333334,0.16666666666666666,0.75,0.25,10,2,12,4,16,8,12,10,0.8494478464126587,0.050162503748802344,,,,,,,,,,,0.3382243777256544,0.6411704434910013
598,train-load-0.7-scenario-75-retry-1,0.7,0.7777777777777778,0.7777777777777778,0.6833333333333333,12.098821154406396,0.8232053993198861,0.37679460068011383,0.8,0.2,0.8,0.2,8,2,8,2,10,6,10,8,0.7082135677337646,0.05,,,,,,,,,,,0.3382243777256544,0.6411704434910013
599,train-load-0.6-scenario-108,0.6,0.71875,0.4791666666666667,0.71875,19.169816683218905,1.5872368144869604,0.4127631855130396,1.0,0.0,1.0,0.0,11,0,15,0,15,8,11,11,0.7030156850814819,0.05,,,,,,,,,,,0.3382243777256544,0.6411704434910013
600,train-load-0.8-scenario-284-retry-2,0.8,0.7,0.5238095238095238,0.7,17.267289108594248,1.4651720815020057,0.5348279184979943,1.0,0.0,1.0,0.0,10,0,10,0,10,7,10,10,0.42035484313964844,0.05,0.3461596733938709,0.540584999964025,0.721686168339474,0.2783138316605261,0.7082229427578207,0.29177705724217934,0.6433422567793105,0.7099967309802176,0.26480886182249347,0.6857266822793647,0.3461596733938709,0.6433422567793105
601,train-load-0.6-scenario-33,0.6,0.6295108333333334,0.51096,0.6295108333333334,13.388656305323188,1.4938746080147591,0.5061253919852409,1.0,0.0,1.0,0.0,7,0,10,0,10,6,7,7,0.15960827469825745,0.05,,,,,,,,,,,0.3461596733938709,0.6433422567793105
602,train-load-0.9-scenario-72,0.9,0.84,0.84,0.84,24.05439317705704,0.9950242348313143,0.24307100326392383,0.8095238095238095,0.19047619047619047,0.8095238095238095,0.19047619047619047,17,4,17,4,21,5,21,17,0.49471238255500793,0.05,,,,,,,,,,,0.3461596733938709,0.6433422567793105
603,train-load-1.0-scenario-447-retry-4,1.0,1.1142857142857143,1.1142857142857143,0.9714285714285714,10.912187471388906,0.3249544905201882,0.444276278710581,0.6923076923076923,0.3076923076923077,0.6470588235294118,0.35294117647058826,9,4,11,6,17,7,13,9,0.5874925851821899,0.05,,,,,,,,,,,0.3461596733938709,0.6433422567793105
604,train-load-0.7-scenario-43,0.7,0.6,0.6,0.6,18.350339068376833,1.3206963385149149,0.34597032815175166,0.9166666666666666,0.08333333333333333,0.9166666666666666,0.08333333333333333,11,1,11,1,12,8,12,11,0.5908409953117371,0.05,,,,,,,,,,,0.3461596733938709,0.6433422567793105
605,train-load-0.7-scenario-599,0.7,0.73408225,0.5738690104166667,0.73408225,17.440253176281168,1.0271791039638773,0.665128588343815,0.9230769230769231,0.07692307692307693,0.8571428571428571,0.14285714285714285,12,1,12,2,14,8,13,12,0.5258546471595764,0.05,,,,,,,,,,,0.3461596733938709,0.6433422567793105
606,train-load-0.7-scenario-190,0.7,0.625,0.10416666666666667,0.625,15.610934414685548,1.2587379601113997,0.7412620398886003,1.0,0.0,1.0,0.0,10,0,10,0,10,8,10,10,0.15631181001663208,0.05,,,,,,,,,,,0.3461596733938709,0.6433422567793105
607,train-load-0.5-scenario-671,0.5,0.4558891666666666,0.4558891666666666,0.306461,8.380701353500534,1.1084024524666796,0.8915975475333204,1.0,0.0,1.0,0.0,5,0,6,0,6,6,5,5,0.4083630442619324,0.05,,,,,,,,,,,0.3461596733938709,0.6433422567793105
608,train-load-0.5-scenario-63-retry-2,0.5,0.5714285714285714,0.5714285714285714,0.11428571428571428,10.859689980655409,0.917833146182728,0.5821668538172718,0.875,0.125,0.875,0.125,7,1,7,1,8,7,8,7,0.41701871156692505,0.05,,,,,,,,,,,0.3461596733938709,0.6433422567793105
609,train-load-0.6-scenario-554-retry-4,0.6,0.625,0.5208333333333334,0.625,25.630585022465766,1.5001324126693243,0.49986758733067577,1.0,0.0,1.0,0.0,16,0,16,0,16,8,16,16,0.5804126262664795,0.05,,,,,,,,,,,0.3461596733938709,0.6433422567793105
610,train-load-0.8-scenario-438,0.8,0.7328962857142857,0.4641011904761904,0.7328962857142857,12.596075042774661,0.825617884510256,0.7743821154897441,0.9,0.1,0.8181818181818182,0.18181818181818182,9,1,9,2,11,7,10,9,0.3487001061439514,0.05,,,,,,,,,,,0.3461596733938709,0.6433422567793105
611,train-load-0.9-scenario-663,0.9,0.8176034999999999,0.5945444444444444,0.8176034999999999,14.072774154011821,1.0828529365610848,0.5171470634389153,0.9,0.1,0.8333333333333334,0.16666666666666666,9,1,10,2,12,6,10,9,0.2514069080352783,0.05,,,,,,,,,,,0.3461596733938709,0.6433422567793105
612,train-load-0.6-scenario-696-retry-1,0.6,0.6625,0.525,0.6625,14.098267492246203,0.9334379126535223,0.33928936007375055,0.8181818181818182,0.18181818181818182,0.8181818181818182,0.18181818181818182,9,2,9,2,11,8,11,9,0.2550571858882904,0.05,,,,,,,,,,,0.3461596733938709,0.6433422567793105
613,train-load-1.0-scenario-79-retry-6,1.0,0.9,0.6,0.9,19.420754655612022,0.7679445557843587,0.34316655532675244,0.7777777777777778,0.2222222222222222,0.7777777777777778,0.2222222222222222,14,4,14,4,18,5,18,14,0.1737276017665863,0.05,,,,,,,,,,,0.3461596733938709,0.6433422567793105
614,train-load-0.8-scenario-644,0.8,0.8340299999999999,0.8340299999999999,0.7193407999999999,11.871352662254381,0.7392021926939056,0.8607978073060945,0.9,0.1,0.8181818181818182,0.18181818181818182,9,1,9,2,11,5,10,9,0.623174786567688,0.05,,,,,,,,,,,0.3461596733938709,0.6433422567793105
615,train-load-0.6-scenario-10,0.6,0.5569920138888889,0.5569920138888889,0.3816473333333333,11.07723082709687,1.2874005684185028,0.7125994315814971,1.0,0.0,1.0,0.0,6,0,8,0,8,6,6,6,0.5023159384727478,0.05,,,,,,,,,,,0.3461596733938709,0.6433422567793105
616,train-load-0.7-scenario-234,0.7,0.6,0.6,0.375,20.003945718401138,1.4544771298951722,0.5455228701048278,1.0,0.0,1.0,0.0,12,0,12,0,12,8,12,12,0.6702823638916016,0.05,,,,,,,,,,,0.3461596733938709,0.6433422567793105
617,train-load-0.7-scenario-434,0.7,0.7085764999999999,0.30838697916666663,0.7085764999999999,8.381812175993112,1.3370326503247836,0.6629673496752163,1.0,0.0,1.0,0.0,4,0,5,0,5,4,4,4,0.4184310734272003,0.05,,,,,,,,,,,0.3461596733938709,0.6433422567793105
618,train-load-1.0-scenario-485-retry-1,1.0,1.1083333333333334,0.7777777777777778,1.1083333333333334,7.881040601060328,-0.11168085078287071,0.39739513649715646,0.5714285714285714,0.42857142857142855,0.5714285714285714,0.42857142857142855,8,6,8,6,14,6,14,8,0.2167489230632782,0.05,,,,,,,,,,,0.3461596733938709,0.6433422567793105
619,train-hard-4gpu-4pod-2vgpu,0.25,0.25,0.16666666666666666,0.25,11.616666666666667,1.9166666666666665,0.08333333333333337,1.0,0.0,1.0,0.0,4,0,8,0,8,4,4,4,0.16132065653800964,0.05,,,,,,,,,,,0.3461596733938709,0.6433422567793105
620,train-load-0.9-scenario-209,0.9,0.7971996875,0.7971996875,0.788597625,18.588383347153908,0.8784251062934278,0.3715748937065722,0.8125,0.1875,0.7222222222222222,0.2777777777777778,13,3,13,5,18,8,16,13,0.5790826678276062,0.05,,,,,,,,,,,0.3461596733938709,0.6433422567793105
621,train-load-0.7-scenario-678-retry-1,0.7,0.6,0.4,0.6,20.567253447044077,1.5501069211337861,0.44989307886621377,1.0,0.0,1.0,0.0,12,0,12,0,12,5,12,12,0.23831593990325928,0.05,,,,,,,,,,,0.3461596733938709,0.6433422567793105
622,train-hard-4gpu-4pod-2vgpu,0.25,0.25,0.16666666666666666,0.25,11.616666666666667,1.9166666666666665,0.08333333333333337,1.0,0.0,1.0,0.0,4,0,8,0,8,4,4,4,0.2728075385093689,0.05,,,,,,,,,,,0.3461596733938709,0.6433422567793105
623,train-load-0.5-scenario-99-retry-1,0.5,0.5428571428571428,0.5285714285714286,0.5428571428571428,16.49011645049891,1.5033831702828504,0.4966168297171497,1.0,0.0,1.0,0.0,9,0,9,0,9,7,9,9,0.41439148783683777,0.05,,,,,,,,,,,0.3461596733938709,0.6433422567793105
624,train-load-0.7-scenario-214,0.7,0.6296776666666667,0.5759814583333333,0.6296776666666667,16.32839913660596,1.3243294795027198,0.6756705204972802,1.0,0.0,1.0,0.0,10,0,10,0,10,6,10,10,0.30838361382484436,0.05,,,,,,,,,,,0.3461596733938709,0.6433422567793105
625,train-load-1.0-scenario-734-retry-5,1.0,1.0625,0.53125,1.0625,5.966796941187898,-0.5909585516197297,0.4733114927962002,0.47058823529411764,0.5294117647058824,0.47058823529411764,0.5294117647058824,8,9,8,9,17,8,17,8,0.6131051778793335,0.05,,,,,,,,,,,0.3461596733938709,0.6433422567793105
626,train-load-0.8-scenario-20,0.8,0.7413431666666667,0.58985875,0.7413431666666667,11.302185380989599,0.8160794011468525,0.739476154408703,0.8888888888888888,0.1111111111111111,0.8,0.2,8,1,8,2,10,6,9,8,0.3647104501724243,0.05,,,,,,,,,,,0.3461596733938709,0.6433422567793105
627,train-load-0.7-scenario-243-retry-1,0.7,0.8,0.6,0.8,12.46143777911867,0.5914502098569199,0.40854979014308,0.75,0.25,0.75,0.25,9,3,9,3,12,6,12,9,0.48653358221054077,0.05,,,,,,,,,,,0.3461596733938709,0.6433422567793105
628,train-load-0.9-scenario-596,0.9,0.8571428571428571,0.8571428571428571,0.8571428571428571,20.033665931531516,1.175397827536432,0.2912688391302346,0.8666666666666667,0.13333333333333333,0.8666666666666667,0.13333333333333333,13,2,13,2,15,7,15,13,0.59543776512146,0.05,,,,,,,,,,,0.3461596733938709,0.6433422567793105
629,train-load-0.7-scenario-208-retry-1,0.7,0.8,0.5333333333333333,0.8,5.469697434430089,0.08382208912270106,0.416177910877299,0.625,0.375,0.625,0.375,5,3,5,3,8,5,8,5,0.5025404691696167,0.05,,,,,,,,,,,0.3461596733938709,0.6433422567793105
630,train-load-1.0-scenario-245-retry-1,1.0,1.0714285714285714,0.9047619047619048,1.0714285714285714,8.460405658696924,0.26117672971274186,0.5388232702872581,0.7,0.3,0.5714285714285714,0.42857142857142855,7,3,8,6,14,7,10,7,0.36725929379463196,0.05,,,,,,,,,,,0.3461596733938709,0.6433422567793105
631,train-load-1.0-scenario-531-retry-2,1.0,1.09375,1.0833333333333333,1.09375,16.458974409683037,0.7180380412190153,0.28196195878098473,0.75,0.25,0.7142857142857143,0.2857142857142857,12,4,15,6,21,8,16,12,0.34306782484054565,0.05,,,,,,,,,,,0.3461596733938709,0.6433422567793105
632,train-load-0.7-scenario-220-retry-1,0.7,0.71875,0.525,0.71875,8.84217529897522,0.0018870721727552997,0.7673436970580139,0.6923076923076923,0.3076923076923077,0.6923076923076923,0.3076923076923077,9,4,9,4,13,8,13,9,0.3571847081184387,0.05,,,,,,,,,,,0.3461596733938709,0.6433422567793105
633,train-load-1.0-scenario-147-retry-1,1.0,0.91378175,0.499979375,0.91378175,8.039971914103068,0.7678196701779048,0.5655136631554286,0.8333333333333334,0.16666666666666666,0.7142857142857143,0.2857142857142857,5,1,5,2,7,4,6,5,0.34322893619537354,0.05,,,,,,,,,,,0.3461596733938709,0.6433422567793105
634,train-load-0.6-scenario-133,0.6,0.5784358749999999,0.43757,0.5784358749999999,16.891783369842827,1.2365156009514604,0.7634843990485396,1.0,0.0,1.0,0.0,11,0,11,0,11,8,11,11,0.35906094312667847,0.05,,,,,,,,,,,0.3461596733938709,0.6433422567793105
635,train-load-0.6-scenario-89-retry-1,0.6,0.6666666666666666,0.4,0.6666666666666666,8.870203062304391,0.6246257786228098,0.3753742213771903,0.75,0.25,0.75,0.25,6,2,6,2,8,6,8,6,0.42183202505111694,0.05,,,,,,,,,,,0.3461596733938709,0.6433422567793105
636,train-load-1.0-scenario-716-retry-9,1.0,0.95,0.7125,0.95,9.437859390654198,-0.3006415939577013,0.40590475185243813,0.5263157894736842,0.47368421052631576,0.5263157894736842,0.47368421052631576,10,9,10,9,19,8,19,10,0.4521811306476593,0.05,,,,,,,,,,,0.3461596733938709,0.6433422567793105
637,train-load-0.6-scenario-454,0.6,0.5329945,0.44039093749999997,0.5329945,15.343669627440484,1.1522753335359117,0.8477246664640884,1.0,0.0,1.0,0.0,10,0,10,0,10,8,10,10,0.22964328527450562,0.05,,,,,,,,,,,0.3461596733938709,0.6433422567793105
638,train-load-0.5-scenario-96-retry-7,0.5,0.5625,0.09375,0.5625,12.035902244993231,0.9106628311955763,0.644892724359979,0.8888888888888888,0.1111111111111111,0.8888888888888888,0.1111111111111111,8,1,8,1,9,8,9,8,0.6511232852935791,0.05,,,,,,,,,,,0.3461596733938709,0.6433422567793105
639,train-load-0.8-scenario-687,0.8,0.74245,0.74245,0.717606,6.875723707433517,0.2879006257208887,0.7120993742791113,0.75,0.25,0.75,0.25,6,2,6,2,8,4,8,6,0.8831331729888916,0.05,,,,,,,,,,,0.3461596733938709,0.6433422567793105
640,train-load-0.6-scenario-228,0.6,0.5288012,0.42060500000000006,0.5288012,11.24163852461075,1.290815659651037,0.709184340348963,1.0,0.0,1.0,0.0,6,0,6,0,6,5,6,6,0.7101800441741943,0.05,,,,,,,,,,,0.3461596733938709,0.6433422567793105
641,train-load-0.6-scenario-214-retry-2,0.6,0.48,0.48,0.42,20.63834367933094,1.5387591763172488,0.46124082368275116,1.0,0.0,1.0,0.0,12,0,12,0,12,5,12,12,0.2952415347099304,0.05,,,,,,,,,,,0.3461596733938709,0.6433422567793105
642,train-load-1.0-scenario-75,1.0,0.88890675,0.693228125,0.88890675,9.158491483338977,0.7935518655065316,0.6350195630648969,0.8571428571428571,0.14285714285714285,0.75,0.25,6,1,6,2,8,4,7,6,0.3750799298286438,0.05,,,,,,,,,,,0.3461596733938709,0.6433422567793105
643,train-load-0.5-scenario-593-retry-4,0.5,0.5714285714285714,0.45714285714285713,0.5714285714285714,12.305387515885199,1.1114962508395543,0.38850374916044583,0.875,0.125,0.875,0.125,7,1,7,1,8,7,8,7,0.5209954380989075,0.05,,,,,,,,,,,0.3461596733938709,0.6433422567793105
644,train-load-0.7-scenario-148,0.7,0.648914,0.6162505952380952,0.648914,19.0040164525855,1.5612192061846748,0.43878079381532514,1.0,0.0,1.0,0.0,11,0,13,0,13,7,11,11,0.43085145950317383,0.05,,,,,,,,,,,0.3461596733938709,0.6433422567793105
645,train-load-0.9-scenario-713,0.9,0.976668,0.5958020833333334,0.976668,6.762149425881784,0.403663722496449,0.4534791346464082,0.7142857142857143,0.2857142857142857,0.6666666666666666,0.3333333333333333,5,2,6,3,9,4,7,5,0.5079433917999268,0.05,,,,,,,,,,,0.3461596733938709,0.6433422567793105
646,train-load-0.8-scenario-31-retry-4,0.8,0.8958333333333334,0.8958333333333334,0.475,15.965779884536161,0.8537762919192142,0.5308390926961702,0.8461538461538461,0.15384615384615385,0.8461538461538461,0.15384615384615385,11,2,11,2,13,4,13,11,0.4661124050617218,0.05,,,,,,,,,,,0.3461596733938709,0.6433422567793105
647,train-load-1.0-scenario-512-retry-14,1.0,1.0166666666666666,0.4444444444444444,1.0166666666666666,14.387986722060885,0.6997294750839329,0.6848859095314517,0.8461538461538461,0.15384615384615385,0.75,0.25,11,2,12,4,16,6,13,11,0.39442020654678345,0.05,,,,,,,,,,,0.3461596733938709,0.6433422567793105
648,train-load-0.6-scenario-520,0.6,0.611696,0.24166100000000001,0.611696,8.716807902492013,1.3460659752070236,0.6539340247929764,1.0,0.0,1.0,0.0,4,0,5,0,5,5,4,4,0.45854443311691284,0.05,,,,,,,,,,,0.3461596733938709,0.6433422567793105
649,train-load-1.0-scenario-29-retry-2,1.0,0.91097275,0.7837881250000001,0.91097275,13.421429682518141,1.1612268104869008,0.3943287450686547,0.8888888888888888,0.1111111111111111,0.8,0.2,8,1,8,2,10,4,9,8,0.258725643157959,0.05,,,,,,,,,,,0.3461596733938709,0.6433422567793105
650,train-load-1.0-scenario-617-retry-5,1.0,1.0666666666666667,1.0666666666666667,0.64,5.841571721561601,0.1455195668884237,0.3544804331115763,0.625,0.375,0.625,0.375,5,3,5,3,8,5,8,5,0.37876683473587036,0.05,,,,,,,,,,,0.3461596733938709,0.6433422567793105
651,train-load-1.0-scenario-430,1.0,0.9287231250000001,0.7348651041666666,0.9287231250000001,15.27944941738608,0.4445689235007143,0.8054310764992857,0.8125,0.1875,0.7222222222222222,0.2777777777777778,13,3,13,5,18,8,16,13,0.39207905530929565,0.05,,,,,,,,,,,0.3461596733938709,0.6433422567793105
652,train-load-0.8-scenario-152-retry-4,0.8,0.9,0.9,0.75,10.58995602899848,0.6958860139536973,0.41522509715741374,0.7777777777777778,0.2222222222222222,0.7777777777777778,0.2222222222222222,7,2,14,4,18,6,9,7,0.39620593190193176,0.05,,,,,,,,,,,0.3461596733938709,0.6433422567793105
653,train-load-1.0-scenario-678,1.0,0.8894378333333333,0.6744576388888889,0.8894378333333333,13.207630329279908,0.8952240155334878,0.7047759844665122,0.9,0.1,0.8333333333333334,0.16666666666666666,9,1,10,2,12,6,10,9,0.28743547201156616,0.05,,,,,,,,,,,0.3461596733938709,0.6433422567793105
654,train-load-0.5-scenario-22-retry-3,0.5,0.5,0.16666666666666666,0.5,19.131738287440854,1.3103415084164973,0.6896584915835027,1.0,0.0,1.0,0.0,12,0,12,0,12,6,12,12,0.5345801115036011,0.05,,,,,,,,,,,0.3461596733938709,0.6433422567793105
655,train-load-1.0-scenario-242-retry-4,1.0,0.9,0.9,0.7833333333333333,18.70190560855224,1.152409654175886,0.27616177439554257,0.8571428571428571,0.14285714285714285,0.8571428571428571,0.14285714285714285,12,2,12,2,14,6,14,12,0.45633864402770996,0.05,,,,,,,,,,,0.3461596733938709,0.6433422567793105
656,train-load-0.9-scenario-552,0.9,0.840625,0.840625,0.8336562,14.626498394811701,1.1892529721777767,0.41074702782222333,0.9,0.1,0.8333333333333334,0.16666666666666666,9,1,10,2,12,5,10,9,0.23433303833007812,0.05,,,,,,,,,,,0.3461596733938709,0.6433422567793105
657,train-load-0.9-scenario-714,0.9,0.9333333333333333,0.9333333333333333,0.8166666666666667,7.329390326041579,0.09741170053639447,0.7025882994636055,0.7,0.3,0.7,0.3,7,3,7,3,10,6,10,7,0.3526562452316284,0.05,,,,,,,,,,,0.3461596733938709,0.6433422567793105
658,train-load-0.6-scenario-246,0.6,0.5532843333333333,0.2739180555555556,0.5532843333333333,9.363740191106418,1.2130219874837906,0.7869780125162094,1.0,0.0,1.0,0.0,5,0,6,0,6,6,5,5,0.34274306893348694,0.05,,,,,,,,,,,0.3461596733938709,0.6433422567793105
659,train-load-0.8-scenario-706,0.8,0.7332247023809524,0.7332247023809524,0.6542928571428571,18.73003278443948,1.4886908887106107,0.5113091112893893,1.0,0.0,1.0,0.0,11,0,13,0,13,7,11,11,0.3529527187347412,0.05,,,,,,,,,,,0.3461596733938709,0.6433422567793105
660,train-load-0.6-scenario-495,0.6,0.5795725,0.5577572916666667,0.5795725,4.272891330453613,0.2568947902036195,0.9431052097963806,0.8,0.2,0.6666666666666666,0.3333333333333333,4,1,4,2,6,4,5,4,0.29068970680236816,0.05,,,,,,,,,,,0.3461596733938709,0.6433422567793105
661,train-load-0.7-scenario-699,0.7,0.6430224000000001,0.41642375,0.6430224000000001,4.962405845683304,0.41018457389002216,0.7898154261099779,0.8,0.2,0.7142857142857143,0.2857142857142857,4,1,5,2,7,5,5,4,0.31749290227890015,0.05,,,,,,,,,,,0.3461596733938709,0.6433422567793105
662,train-load-0.6-scenario-583,0.6,0.518919875,0.301826875,0.518919875,12.092500795309366,1.202421561873238,0.797578438126762,1.0,0.0,1.0,0.0,7,0,9,0,9,8,7,7,0.3444199562072754,0.05,,,,,,,,,,,0.3461596733938709,0.6433422567793105
663,train-load-0.8-scenario-577-retry-2,0.8,0.9166666666666666,0.9166666666666666,0.7333333333333333,5.751023557680339,-0.21158925478661528,0.39340743660479705,0.5454545454545454,0.45454545454545453,0.5454545454545454,0.45454545454545453,6,5,6,5,11,6,11,6,0.4256840944290161,0.05,,,,,,,,,,,0.3461596733938709,0.6433422567793105
664,train-load-0.7-scenario-682-retry-2,0.7,0.7166666666666667,0.6208333333333333,0.7166666666666667,16.358136763478353,0.7909565769923644,0.637614851579064,0.8571428571428571,0.14285714285714285,0.8571428571428571,0.14285714285714285,12,2,12,2,14,6,14,12,0.39275091886520386,0.05,,,,,,,,,,,0.3461596733938709,0.6433422567793105
665,train-load-0.7-scenario-665-retry-1,0.7,0.74375,0.3645833333333333,0.74375,17.046524855575072,0.9339655220666739,0.4946059065047545,0.8571428571428571,0.14285714285714285,0.8571428571428571,0.14285714285714285,12,2,12,2,14,8,14,12,0.5521407127380371,0.05,,,,,,,,,,,0.3461596733938709,0.6433422567793105
666,train-load-1.0-scenario-286-retry-4,1.0,0.975,0.75,0.975,11.50322197779101,0.7667122721022036,0.4332877278977964,0.8,0.2,0.8,0.2,8,2,8,2,10,6,10,8,0.26270925998687744,0.05,,,,,,,,,,,0.3461596733938709,0.6433422567793105
667,train-load-1.0-scenario-35-retry-10,1.0,1.1142857142857143,0.34285714285714286,1.1142857142857143,4.440962498840377,-0.3075350714571725,0.7075350714571724,0.6,0.4,0.5833333333333334,0.4166666666666667,6,4,7,5,12,7,10,6,0.1822085827589035,0.05,,,,,,,,,,,0.3461596733938709,0.6433422567793105
668,train-hard-4gpu-4pod-2vgpu,0.25,0.25,0.16666666666666666,0.25,11.616666666666667,1.9166666666666665,0.08333333333333337,1.0,0.0,1.0,0.0,4,0,8,0,8,4,4,4,0.27153927087783813,0.05,,,,,,,,,,,0.3461596733938709,0.6433422567793105
669,train-load-1.0-scenario-407-retry-1,1.0,1.0,0.6,1.0,7.037646550502531,-0.37004766313282556,0.3700476631328256,0.5,0.5,0.5,0.5,8,8,8,8,16,8,16,8,0.40644481778144836,0.05,,,,,,,,,,,0.3461596733938709,0.6433422567793105
670,train-load-1.0-scenario-409-retry-15,1.0,0.9166666666666666,0.55,0.9166666666666666,15.36842109410898,0.098476873474588,0.4469776719799574,0.6363636363636364,0.36363636363636365,0.6363636363636364,0.36363636363636365,14,8,14,8,22,6,22,14,0.4026958644390106,0.05,,,,,,,,,,,0.3461596733938709,0.6433422567793105
671,train-load-0.7-scenario-245,0.7,0.8,0.8,0.3,9.77156079762577,0.34268095292990564,0.5664099561610035,0.7272727272727273,0.2727272727272727,0.7272727272727273,0.2727272727272727,8,3,8,3,11,5,11,8,0.11693092435598373,0.05,,,,,,,,,,,0.3461596733938709,0.6433422567793105
672,train-load-0.5-scenario-111-retry-6,0.5,0.6,0.5,0.6,16.060625690432992,1.518488235278517,0.4815117647214831,1.0,0.0,1.0,0.0,9,0,9,0,9,7,9,9,0.17499426007270813,0.05,,,,,,,,,,,0.3461596733938709,0.6433422567793105
673,train-load-0.9-scenario-647-retry-2,0.9,1.0,0.3333333333333333,1.0,4.735956707691936,-0.2800021530849043,0.6800021530849042,0.6,0.4,0.6,0.4,6,4,6,4,10,6,10,6,0.2638968527317047,0.05,,,,,,,,,,,0.3461596733938709,0.6433422567793105
674,train-load-0.5-scenario-510-retry-1,0.5,0.5714285714285714,0.5714285714285714,0.2857142857142857,16.98250186948251,1.4385870508933927,0.5614129491066073,1.0,0.0,1.0,0.0,10,0,10,0,10,7,10,10,0.4023151397705078,0.05,,,,,,,,,,,0.3461596733938709,0.6433422567793105
675,train-load-1.0-scenario-557,1.0,1.10414175,0.9199458333333334,1.10414175,4.8284158122694345,-0.0032015796230688842,0.5032015796230689,0.625,0.375,0.5454545454545454,0.45454545454545453,5,3,6,5,11,4,8,5,0.4935171604156494,0.05,,,,,,,,,,,0.3461596733938709,0.6433422567793105
676,train-load-0.8-scenario-611,0.8,0.7280679999999999,0.7280679999999999,0.6040178,8.390499497131566,0.3349317750344184,0.7761793360766928,0.7777777777777778,0.2222222222222222,0.7777777777777778,0.2222222222222222,7,2,7,2,9,5,9,7,0.4132215976715088,0.05,,,,,,,,,,,0.3461596733938709,0.6433422567793105
677,train-load-0.8-scenario-83-retry-4,0.8,0.90625,0.4791666666666667,0.90625,2.146185236428624,-0.7613867329402186,0.5795685511220369,0.45454545454545453,0.5454545454545454,0.45454545454545453,0.5454545454545454,5,6,5,6,11,8,11,5,0.4388657212257385,0.05,,,,,,,,,,,0.3461596733938709,0.6433422567793105
678,train-load-0.6-scenario-596,0.6,0.52726609375,0.52726609375,0.459534125,16.92634999211142,1.2116709022885592,0.7883290977114408,1.0,0.0,1.0,0.0,11,0,12,0,12,8,11,11,0.5269432663917542,0.05,,,,,,,,,,,0.3461596733938709,0.6433422567793105
679,train-load-0.7-scenario-671,0.7,0.60443625,0.4198078125,0.60443625,17.886030920230958,1.343528127571739,0.6564718724282609,1.0,0.0,1.0,0.0,11,0,11,0,11,8,11,11,0.3870633840560913,0.05,,,,,,,,,,,0.3461596733938709,0.6433422567793105
680,train-load-0.6-scenario-357-retry-1,0.6,0.7,0.20833333333333334,0.7,15.261690204041843,1.3658885142981818,0.6341114857018182,1.0,0.0,1.0,0.0,9,0,9,0,9,6,9,9,0.4743402302265167,0.05,,,,,,,,,,,0.3461596733938709,0.6433422567793105
681,train-load-0.9-scenario-524,0.9,0.8954898333333333,0.7361897916666666,0.8954898333333333,10.319459064077282,0.5316458820981732,0.6683541179018269,0.8,0.2,0.6666666666666666,0.3333333333333333,8,2,8,4,12,6,10,8,0.32309892773628235,0.05,,,,,,,,,,,0.3461596733938709,0.6433422567793105
682,train-load-0.5-scenario-261,0.5,0.42857142857142855,0.4,0.42857142857142855,22.09039074031189,1.54417766320431,0.45582233679568984,1.0,0.0,1.0,0.0,13,0,13,0,13,7,13,13,0.2298835813999176,0.05,,,,,,,,,,,0.3461596733938709,0.6433422567793105
683,train-hard-4gpu-4pod-2vgpu,0.25,0.25,0.16666666666666666,0.25,11.616666666666667,1.9166666666666665,0.08333333333333337,1.0,0.0,1.0,0.0,4,0,8,0,8,4,4,4,0.3824217915534973,0.05,,,,,,,,,,,0.3461596733938709,0.6433422567793105
684,train-load-0.5-scenario-400,0.5,0.6,0.6,0.6,20.669624953084945,1.5749249568706136,0.4250750431293863,1.0,0.0,1.0,0.0,12,0,12,0,12,8,12,12,0.5530985593795776,0.05,,,,,,,,,,,0.3461596733938709,0.6433422567793105
685,train-load-0.8-scenario-269-retry-2,0.8,0.8,0.8,0.5,7.6880072070844925,-0.18720014418988817,0.4729144299041739,0.5714285714285714,0.42857142857142855,0.5714285714285714,0.42857142857142855,8,6,8,6,14,7,14,8,0.2768898606300354,0.05,,,,,,,,,,,0.3461596733938709,0.6433422567793105
686,train-load-0.8-scenario-471,0.8,0.8,0.36666666666666664,0.8,1.360195541406897,-0.705403723712049,0.705403723712049,0.5,0.5,0.5,0.5,4,4,4,4,8,6,8,4,0.2108766734600067,0.05,,,,,,,,,,,0.3461596733938709,0.6433422567793105
687,train-load-0.5-scenario-346,0.5,0.6,0.5952380952380952,0.6,12.563943191105816,0.9832396039107699,0.5723159516447855,0.8888888888888888,0.1111111111111111,0.8333333333333334,0.16666666666666666,8,1,10,2,12,7,9,8,0.23266251385211945,0.05,,,,,,,,,,,0.3461596733938709,0.6433422567793105
688,train-load-0.6-scenario-143,0.6,0.5145671875,0.5145671875,0.506776875,17.04727227507053,1.203228580662691,0.796771419337309,1.0,0.0,1.0,0.0,11,0,11,0,11,8,11,11,0.3991394639015198,0.05,,,,,,,,,,,0.3461596733938709,0.6433422567793105
689,train-load-1.0-scenario-140,1.0,1.008749,0.648809375,1.008749,8.395465818649834,-0.07592108152438926,0.8451518507551584,0.6923076923076923,0.3076923076923077,0.5294117647058824,0.47058823529411764,9,4,9,8,17,8,13,9,0.2674955427646637,0.05,,,,,,,,,,,0.3461596733938709,0.6433422567793105
690,train-load-1.0-scenario-313-retry-5,1.0,1.1,1.0,1.1,4.663097134044197,-0.4406989264834411,0.44069892648344106,0.5,0.5,0.5,0.5,6,6,6,6,12,6,12,6,0.15271104872226715,0.05,,,,,,,,,,,0.3461596733938709,0.6433422567793105
691,train-load-0.8-scenario-364,0.8,0.88624175,0.40764249999999996,0.88624175,5.098921567447696,0.44641939191201996,0.7535806080879801,0.8,0.2,0.6666666666666666,0.3333333333333333,4,1,4,2,6,4,5,4,0.25679048895835876,0.05,,,,,,,,,,,0.3461596733938709,0.6433422567793105
692,train-load-0.6-scenario-558,0.6,0.5597835999999999,0.41015583333333333,0.5597835999999999,11.896944930969198,1.4473937635370588,0.5526062364629412,1.0,0.0,1.0,0.0,6,0,6,0,6,5,6,6,0.20359262824058533,0.05,,,,,,,,,,,0.3461596733938709,0.6433422567793105
693,train-load-0.5-scenario-121,0.5,0.4587895,0.446319375,0.4587895,8.245242722359675,1.0760441010734945,0.9239558989265055,1.0,0.0,1.0,0.0,5,0,5,0,5,4,5,5,0.42366111278533936,0.05,,,,,,,,,,,0.3461596733938709,0.6433422567793105
694,train-load-0.5-scenario-300-retry-1,0.5,0.4083333333333333,0.19166666666666668,0.4083333333333333,18.143120223586017,1.3487093810642763,0.6512906189357237,1.0,0.0,1.0,0.0,11,0,11,0,11,6,11,11,0.44314831495285034,0.05,,,,,,,,,,,0.3461596733938709,0.6433422567793105
695,train-load-0.6-scenario-280-retry-1,0.6,0.6333333333333333,0.4166666666666667,0.6333333333333333,14.114812023011181,1.3828948723227446,0.6171051276772554,1.0,0.0,1.0,0.0,8,0,8,0,8,6,8,8,0.5460472106933594,0.05,,,,,,,,,,,0.3461596733938709,0.6433422567793105
696,train-load-0.8-scenario-727,0.8,0.7755901428571428,0.583341369047619,0.7755901428571428,19.035933382367794,1.6167347793983304,0.3832652206016696,1.0,0.0,1.0,0.0,11,0,13,0,13,7,11,11,0.545269250869751,0.05,,,,,,,,,,,0.3461596733938709,0.6433422567793105
697,train-load-0.9-scenario-319-retry-1,0.9,0.7857142857142857,0.7857142857142857,0.4857142857142857,24.248420716484368,0.77173646540457,0.6828089891408845,0.8636363636363636,0.13636363636363635,0.8636363636363636,0.13636363636363635,19,3,19,3,22,7,22,19,0.31960126757621765,0.05,,,,,,,,,,,0.3461596733938709,0.6433422567793105
698,train-load-0.9-scenario-618-retry-2,0.9,0.9666666666666667,0.9666666666666667,0.73,11.71134831681832,1.0567650965088002,0.4432349034911997,0.875,0.125,0.8181818181818182,0.18181818181818182,7,1,9,2,11,5,8,7,0.4790724515914917,0.05,,,,,,,,,,,0.3461596733938709,0.6433422567793105
699,train-load-0.9-scenario-628,0.9,0.8602195,0.5582046875000001,0.8602195,13.460701382464634,0.7145857343959929,0.6187475989373405,0.8333333333333334,0.16666666666666666,0.7333333333333333,0.26666666666666666,10,2,11,4,15,8,12,10,0.40808260440826416,0.05,,,,,,,,,,,0.3461596733938709,0.6433422567793105
700,train-load-0.5-scenario-422-retry-1,0.5,0.6,0.4,0.6,17.93710505006538,1.2704210539067786,0.396245612759888,0.9166666666666666,0.08333333333333333,0.9166666666666666,0.08333333333333333,11,1,11,1,12,5,12,11,0.44066745042800903,0.05,0.33881621760699676,0.537045507943137,0.7189654313875333,0.28103456861246656,0.7052881172191575,0.2947118827808426,0.633366505737772,0.7044363580851751,0.2723448357219139,0.6884417392480277,0.3461596733938709,0.6433422567793105
701,train-load-0.6-scenario-358-retry-3,0.6,0.4875,0.4875,0.325,21.603264062643937,1.4688282571732536,0.5311717428267465,1.0,0.0,1.0,0.0,13,0,13,0,13,8,13,13,0.36707329750061035,0.05,,,,,,,,,,,0.3461596733938709,0.6433422567793105
702,train-load-0.8-scenario-651,0.8,0.69416375,0.348895,0.69416375,9.737899987266363,1.3714130484732432,0.6285869515267569,1.0,0.0,1.0,0.0,5,0,5,0,5,4,5,5,0.24853619933128357,0.05,,,,,,,,,,,0.3461596733938709,0.6433422567793105
703,train-load-1.0-scenario-412-retry-2,1.0,0.8956864583333334,0.8956864583333334,0.7388345,9.506893902188219,0.5509500281116801,0.560161082999431,0.7777777777777778,0.2222222222222222,0.7777777777777778,0.2222222222222222,7,2,7,2,9,4,9,7,0.46678802371025085,0.05,,,,,,,,,,,0.3461596733938709,0.6433422567793105
704,train-load-0.6-scenario-241-retry-1,0.6,0.5625,0.45,0.5625,16.19478847137674,1.4392105441702001,0.5607894558297998,1.0,0.0,1.0,0.0,9,0,9,0,9,4,9,9,0.6820175647735596,0.05,,,,,,,,,,,0.3461596733938709,0.6433422567793105
705,train-load-0.7-scenario-588-retry-3,0.7,0.625,0.33125,0.625,14.868622814604315,0.9747283967985461,0.6616352395650902,0.9090909090909091,0.09090909090909091,0.9090909090909091,0.09090909090909091,10,1,10,1,11,8,11,10,0.5155360698699951,0.05,,,,,,,,,,,0.3461596733938709,0.6433422567793105
706,train-load-0.6-scenario-372-retry-1,0.6,0.5920854285714285,0.4972324404761905,0.5920854285714285,14.86592656259094,1.2817358297491988,0.7182641702508012,1.0,0.0,1.0,0.0,9,0,10,0,10,7,9,9,0.26922470331192017,0.05,,,,,,,,,,,0.3461596733938709,0.6433422567793105
707,train-load-0.8-scenario-657,0.8,0.7138997142857143,0.4785351785714285,0.7138997142857143,14.475131478915552,1.4645835173567796,0.5354164826432204,1.0,0.0,1.0,0.0,8,0,11,0,11,7,8,8,0.5257327556610107,0.05,,,,,,,,,,,0.3461596733938709,0.6433422567793105
708,train-load-1.0-scenario-34,1.0,0.8856866,0.7497830000000001,0.8856866,10.676946283570032,0.3584486154792488,0.6415513845207512,0.75,0.25,0.75,0.25,9,3,9,3,12,5,12,9,0.38438066840171814,0.05,,,,,,,,,,,0.3461596733938709,0.6433422567793105
709,train-load-1.0-scenario-480-retry-9,1.0,1.0833333333333333,1.0333333333333334,1.0833333333333333,5.473292609233605,-0.3180336176732591,0.3180336176732591,0.5,0.5,0.42857142857142855,0.5714285714285714,6,6,6,8,14,6,12,6,0.579696774482727,0.05,,,,,,,,,,,0.3461596733938709,0.6433422567793105
710,train-load-0.8-scenario-678-retry-1,0.8,0.9,0.6111111111111112,0.9,6.099230842949696,-0.055602838379657626,0.45560283837965754,0.6,0.4,0.6,0.4,6,4,6,4,10,6,10,6,0.38229086995124817,0.05,,,,,,,,,,,0.3461596733938709,0.6433422567793105
711,train-load-1.0-scenario-26,1.0,0.9232364285714285,0.4900230357142857,0.9232364285714285,6.663533380379999,-0.07180510076980406,0.6172596462243495,0.6363636363636364,0.36363636363636365,0.5833333333333334,0.4166666666666667,7,4,7,5,12,7,11,7,0.3837966322898865,0.05,,,,,,,,,,,0.3461596733938709,0.6433422567793105
712,train-load-1.0-scenario-580-retry-3,1.0,0.9375,0.3333333333333333,0.9375,9.433153906394509,0.2551734084544308,0.6539175006364784,0.7272727272727273,0.2727272727272727,0.6,0.4,8,3,9,6,15,8,11,8,0.49946215748786926,0.05,,,,,,,,,,,0.3461596733938709,0.6433422567793105
713,train-load-0.8-scenario-352,0.8,0.9166666666666666,0.9166666666666666,0.9,6.534346524278687,0.1417809531962123,0.5248857134704543,0.6666666666666666,0.3333333333333333,0.5454545454545454,0.45454545454545453,6,3,6,5,11,6,9,6,0.5609265565872192,0.05,,,,,,,,,,,0.3461596733938709,0.6433422567793105
714,train-load-0.5-scenario-323,0.5,0.5714285714285714,0.38095238095238093,0.5714285714285714,12.246925730525316,1.0955601843739555,0.4044398156260446,0.875,0.125,0.875,0.125,7,1,7,1,8,7,8,7,1.1921991109848022,0.05,,,,,,,,,,,0.3461596733938709,0.6433422567793105
715,train-load-0.6-scenario-360,0.6,0.572233125,0.4230408854166667,0.572233125,16.915653150978855,1.3696511618099134,0.6303488381900866,1.0,0.0,1.0,0.0,10,0,11,0,11,8,10,10,0.5551549196243286,0.05,,,,,,,,,,,0.3461596733938709,0.6433422567793105
716,train-load-0.7-scenario-437-retry-1,0.7,0.8125,0.8125,0.65,9.102782850940965,0.12536696987921758,0.336171491659244,0.6153846153846154,0.38461538461538464,0.6153846153846154,0.38461538461538464,8,5,8,5,13,8,13,8,0.16681507229804993,0.05,,,,,,,,,,,0.3461596733938709,0.6433422567793105
717,train-load-0.8-scenario-553-retry-7,0.8,0.725,0.5104166666666666,0.725,23.153149349632105,1.5442802109904208,0.45571978900957927,1.0,0.0,1.0,0.0,14,0,19,0,19,8,14,14,0.3100876808166504,0.05,,,,,,,,,,,0.3461596733938709,0.6433422567793105
718,train-load-0.7-scenario-727,0.7,0.6434114583333332,0.6434114583333332,0.6320896666666667,15.68080240738872,1.1172284368827319,0.5191351994809044,0.9090909090909091,0.09090909090909091,0.9090909090909091,0.09090909090909091,10,1,10,1,11,6,11,10,0.4600083529949188,0.05,,,,,,,,,,,0.3461596733938709,0.6433422567793105
719,train-load-0.5-scenario-364,0.5,0.5714285714285714,0.5714285714285714,0.2857142857142857,16.96225191417733,1.418466840609186,0.581533159390814,1.0,0.0,1.0,0.0,10,0,10,0,10,7,10,10,0.7738310098648071,0.05,,,,,,,,,,,0.3461596733938709,0.6433422567793105
720,train-load-0.6-scenario-313-retry-3,0.6,0.5,0.5,0.5,31.70387655933714,1.5432174048848646,0.4567825951151355,1.0,0.0,1.0,0.0,20,0,20,0,20,8,20,20,0.28712764382362366,0.05,,,,,,,,,,,0.3461596733938709,0.6433422567793105
721,train-load-0.6-scenario-345,0.6,0.5342341666666667,0.4351642361111111,0.5342341666666667,11.557260256474663,1.184529715115139,0.815470284884861,1.0,0.0,1.0,0.0,7,0,8,0,8,6,7,7,0.632013201713562,0.05,,,,,,,,,,,0.3461596733938709,0.6433422567793105
722,train-load-0.8-scenario-606,0.8,0.875,0.16666666666666666,0.875,0.583995524460754,-0.7579231280698369,0.7579231280698369,0.5,0.5,0.5,0.5,4,4,4,4,8,8,8,4,0.1722753345966339,0.05,,,,,,,,,,,0.3461596733938709,0.6433422567793105
723,train-load-0.5-scenario-614,0.5,0.5055959999999999,0.42898125,0.5055959999999999,10.45982553717277,1.6460976848062716,0.35390231519372845,1.0,0.0,1.0,0.0,4,0,5,0,5,4,4,4,0.45438438653945923,0.05,,,,,,,,,,,0.3461596733938709,0.6433422567793105
724,train-load-1.0-scenario-631-retry-4,1.0,1.0416666666666667,1.0416666666666667,0.875,9.312972950142857,0.357961100556036,0.44203889944396385,0.7,0.3,0.6,0.4,7,3,9,6,15,4,10,7,0.3504176139831543,0.05,,,,,,,,,,,0.3461596733938709,0.6433422567793105
725,train-load-1.0-scenario-193-retry-8,1.0,1.1142857142857143,1.1142857142857143,1.0,2.6063309930571847,-0.4619966353482923,0.4619966353482923,0.5,0.5,0.42857142857142855,0.5714285714285714,4,4,6,8,14,7,8,4,0.3737419843673706,0.05,,,,,,,,,,,0.3461596733938709,0.6433422567793105
726,train-load-0.7-scenario-546,0.7,0.61351475,0.37407812500000004,0.61351475,7.506120555009177,0.6568130317342005,0.676520301599133,0.8333333333333334,0.16666666666666666,0.8,0.2,5,1,8,2,10,8,6,5,0.5160096883773804,0.05,,,,,,,,,,,0.3461596733938709,0.6433422567793105
727,train-load-0.8-scenario-29-retry-3,0.8,0.7857142857142857,0.7714285714285715,0.7857142857142857,5.260555003016179,-0.37517768145657804,0.7085110147899114,0.5833333333333334,0.4166666666666667,0.5833333333333334,0.4166666666666667,7,5,7,5,12,7,12,7,0.2074623703956604,0.05,,,,,,,,,,,0.3461596733938709,0.6433422567793105
728,train-load-0.8-scenario-666,0.8,0.7439138000000001,0.5747774999999999,0.7439138000000001,12.14964736142807,0.9191438661714214,0.6364116893841341,0.8888888888888888,0.1111111111111111,0.8888888888888888,0.1111111111111111,8,1,8,1,9,5,9,8,0.4956684708595276,0.05,,,,,,,,,,,0.3461596733938709,0.6433422567793105
729,train-load-0.6-scenario-590,0.6,0.6666666666666666,0.5555555555555556,0.6666666666666666,12.71846740127619,0.8962640072199178,0.30373599278008234,0.8,0.2,0.8,0.2,8,2,8,2,10,6,10,8,0.4871509373188019,0.05,,,,,,,,,,,0.3461596733938709,0.6433422567793105
730,train-load-0.9-scenario-231-retry-2,0.9,0.7833333333333333,0.4166666666666667,0.7833333333333333,11.043220349256138,0.45668827418214664,0.8160389985451262,0.8181818181818182,0.18181818181818182,0.7333333333333333,0.26666666666666666,9,2,11,4,15,6,11,9,0.48435038328170776,0.05,,,,,,,,,,,0.3461596733938709,0.6433422567793105
731,train-load-0.6-scenario-423,0.6,0.5244219999999999,0.5244219999999999,0.4621902,12.265174135330199,1.4144462254166226,0.5855537745833774,1.0,0.0,1.0,0.0,6,0,8,0,8,5,6,6,0.40622439980506897,0.05,,,,,,,,,,,0.3461596733938709,0.6433422567793105
732,train-load-0.6-scenario-196-retry-1,0.6,0.6,0.4,0.6,15.098189934750556,1.5736240776480623,0.4263759223519377,1.0,0.0,1.0,0.0,8,0,8,0,8,8,8,8,0.450594425201416,0.05,,,,,,,,,,,0.3461596733938709,0.6433422567793105
733,train-load-0.7-scenario-662-retry-1,0.7,0.8,0.7,0.8,16.612881446822925,1.849304573297509,0.15069542670249086,1.0,0.0,1.0,0.0,8,0,8,0,8,4,8,8,0.39650070667266846,0.05,,,,,,,,,,,0.3461596733938709,0.6433422567793105
734,train-load-0.7-scenario-524-retry-2,0.7,0.59,0.31,0.59,19.954512202559414,1.2928771635083627,0.7071228364916373,1.0,0.0,1.0,0.0,13,0,13,0,13,5,13,13,0.4315238296985626,0.05,,,,,,,,,,,0.3461596733938709,0.6433422567793105
735,train-load-0.8-scenario-321,0.8,0.82,0.82,0.81,13.187229135948773,0.7301922408631301,0.26980775913686994,0.75,0.25,0.75,0.25,9,3,9,3,12,5,12,9,0.1456495225429535,0.05,,,,,,,,,,,0.3461596733938709,0.6433422567793105
736,train-load-0.8-scenario-629,0.8,0.6961520833333333,0.6961520833333333,0.6462756249999999,17.629000104942456,0.9007840170880954,0.813501697197619,0.9285714285714286,0.07142857142857142,0.8666666666666667,0.13333333333333333,13,1,13,2,15,8,14,13,0.33161574602127075,0.05,,,,,,,,,,,0.3461596733938709,0.6433422567793105
737,train-load-0.8-scenario-519,0.8,0.6817554285714286,0.4248660714285714,0.6817554285714286,16.59251272599139,1.1760347248929781,0.8239652751070219,1.0,0.0,1.0,0.0,11,0,11,0,11,7,11,11,0.23351049423217773,0.05,,,,,,,,,,,0.3461596733938709,0.6433422567793105
738,train-load-0.9-scenario-575,0.9,0.868586,0.61031,0.868586,12.489056873779221,0.9647834648233214,0.5907720907322339,0.8888888888888888,0.1111111111111111,0.8,0.2,8,1,8,2,10,5,9,8,0.6521791815757751,0.05,,,,,,,,,,,0.3461596733938709,0.6433422567793105
739,train-load-0.6-scenario-496,0.6,0.5113888,0.3526475,0.5113888,10.642267167171568,1.205744641077355,0.794255358922645,1.0,0.0,1.0,0.0,6,0,6,0,6,5,6,6,0.20522592961788177,0.05,,,,,,,,,,,0.3461596733938709,0.6433422567793105
740,train-load-0.5-scenario-698,0.5,0.5714285714285714,0.5714285714285714,0.2857142857142857,12.04273668359965,1.1164766505008905,0.3835233494991095,0.875,0.125,0.875,0.125,7,1,7,1,8,7,8,7,0.2822278141975403,0.05,,,,,,,,,,,0.3461596733938709,0.6433422567793105
741,train-load-0.8-scenario-575-retry-2,0.8,0.8285714285714286,0.34285714285714286,0.8285714285714286,11.705305730755638,1.0421038178849633,0.4578961821150368,0.875,0.125,0.8333333333333334,0.16666666666666666,7,1,10,2,12,7,8,7,0.4417051076889038,0.05,,,,,,,,,,,0.3461596733938709,0.6433422567793105
742,train-load-0.5-scenario-396,0.5,0.43581909722222223,0.43581909722222223,0.3584153333333333,12.14639327927523,1.2730426594161708,0.7269573405838291,1.0,0.0,1.0,0.0,7,0,7,0,7,6,7,7,0.5202471017837524,0.05,,,,,,,,,,,0.3461596733938709,0.6433422567793105
743,train-load-0.9-scenario-730-retry-5,0.9,0.9928571428571429,0.8214285714285714,0.9928571428571429,1.4456524608875299,-0.6681553967301794,0.8903776189524018,0.5555555555555556,0.4444444444444444,0.5384615384615384,0.46153846153846156,5,4,7,6,13,7,9,5,0.19082672894001007,0.05,,,,,,,,,,,0.3461596733938709,0.6433422567793105
744,train-load-0.7-scenario-482,0.7,0.8083333333333333,0.7222222222222222,0.8083333333333333,9.235692057996797,0.2807406200409176,0.6283502890499916,0.7272727272727273,0.2727272727272727,0.7272727272727273,0.2727272727272727,8,3,8,3,11,6,11,8,0.5877989530563354,0.05,,,,,,,,,,,0.3461596733938709,0.6433422567793105
745,train-load-0.9-scenario-675,0.9,0.8728817142857143,0.5040184523809523,0.8728817142857143,11.835647518136383,0.42536474848907424,0.6515583284340027,0.7692307692307693,0.23076923076923078,0.7692307692307693,0.23076923076923078,10,3,10,3,13,7,13,10,0.5110155344009399,0.05,,,,,,,,,,,0.3461596733938709,0.6433422567793105
746,train-load-0.6-scenario-582-retry-1,0.6,0.7,0.25,0.7,21.98129796034166,1.24827195990732,0.75172804009268,1.0,0.0,1.0,0.0,15,0,15,0,15,6,15,15,0.13773253560066223,0.05,,,,,,,,,,,0.3461596733938709,0.6433422567793105
747,train-load-0.6-scenario-371,0.6,0.7142857142857143,0.6666666666666666,0.7142857142857143,9.185049110221565,0.5088113450204963,0.6022997660906149,0.7777777777777778,0.2222222222222222,0.7777777777777778,0.2222222222222222,7,2,7,2,9,7,9,7,0.2205735743045807,0.05,,,,,,,,,,,0.3461596733938709,0.6433422567793105
748,train-load-0.6-scenario-167,0.6,0.71875,0.19791666666666666,0.71875,7.295644037480779,-0.012147206974990277,0.5576017524295357,0.6363636363636364,0.36363636363636365,0.6363636363636364,0.36363636363636365,7,4,7,4,11,8,11,7,0.3726491332054138,0.05,,,,,,,,,,,0.3461596733938709,0.6433422567793105
749,train-load-0.8-scenario-219-retry-1,0.8,0.9,0.9,0.9,7.3140698058898534,0.18370699202181828,0.4829596746448483,0.6666666666666666,0.3333333333333333,0.6,0.4,6,3,9,6,15,6,9,6,0.1638926863670349,0.05,,,,,,,,,,,0.3461596733938709,0.6433422567793105
750,train-load-0.5-scenario-374,0.5,0.435177,0.41354625,0.435177,7.374014192574563,1.127013787646645,0.8729862123533549,1.0,0.0,1.0,0.0,4,0,5,0,5,4,4,4,0.624160885810852,0.05,,,,,,,,,,,0.3461596733938709,0.6433422567793105
751,train-load-1.0-scenario-375-retry-1,1.0,0.90616375,0.4670525,0.90616375,5.2688666208861425,0.457910509888917,0.742089490111083,0.8,0.2,0.7142857142857143,0.2857142857142857,4,1,5,2,7,4,5,4,0.5923042893409729,0.05,,,,,,,,,,,0.3461596733938709,0.6433422567793105
752,train-load-0.9-scenario-600-retry-1,0.9,1.0125,1.0125,0.5625,15.43335638570473,0.321947670692713,0.5669412181961758,0.7222222222222222,0.2777777777777778,0.7222222222222222,0.2777777777777778,13,5,13,5,18,8,18,13,0.31618279218673706,0.05,,,,,,,,,,,0.3461596733938709,0.6433422567793105
753,train-load-0.7-scenario-161,0.7,0.6719069999999999,0.271390625,0.6719069999999999,15.804070934037462,1.2949912155527565,0.7050087844472435,1.0,0.0,1.0,0.0,10,0,10,0,10,8,10,10,0.3209761381149292,0.05,,,,,,,,,,,0.3461596733938709,0.6433422567793105
754,train-load-0.7-scenario-354,0.7,0.8,0.6666666666666666,0.8,11.689185222220798,0.4889354453349063,0.5110645546650937,0.75,0.25,0.75,0.25,9,3,9,3,12,6,12,9,0.6014693975448608,0.05,,,,,,,,,,,0.3461596733938709,0.6433422567793105
755,train-load-0.5-scenario-447-retry-1,0.5,0.4125,0.3125,0.4125,15.096070884265863,1.3017742881214658,0.6982257118785342,1.0,0.0,1.0,0.0,9,0,9,0,9,8,9,9,0.563552737236023,0.05,,,,,,,,,,,0.3461596733938709,0.6433422567793105
756,train-load-0.6-scenario-114-retry-1,0.6,0.5,0.20833333333333334,0.5,16.630798617060957,1.3736245476392956,0.6263754523607045,1.0,0.0,1.0,0.0,10,0,10,0,10,4,10,10,0.49497169256210327,0.05,,,,,,,,,,,0.3461596733938709,0.6433422567793105
757,train-load-0.9-scenario-259-retry-2,0.9,1.0,0.8,1.0,3.6963776964203348,-0.323339095793129,0.5455613180153513,0.5555555555555556,0.4444444444444444,0.5555555555555556,0.4444444444444444,5,4,5,4,9,5,9,5,0.31175458431243896,0.05,,,,,,,,,,,0.3461596733938709,0.6433422567793105
758,train-load-0.6-scenario-516,0.6,0.6875,0.20625,0.6875,9.949117393144393,0.39837083104589466,0.5107200780450145,0.7272727272727273,0.2727272727272727,0.7272727272727273,0.2727272727272727,8,3,8,3,11,8,11,8,0.5030624270439148,0.05,,,,,,,,,,,0.3461596733938709,0.6433422567793105
759,train-load-0.8-scenario-620,0.8,0.798756625,0.33154249999999996,0.798756625,8.094836760343256,0.29952317761504166,0.8115879334960695,0.7777777777777778,0.2222222222222222,0.6363636363636364,0.36363636363636365,7,2,7,4,11,8,9,7,0.3078520596027374,0.05,,,,,,,,,,,0.3461596733938709,0.6433422567793105
760,train-load-0.7-scenario-154,0.7,0.6265786666666667,0.5354014583333334,0.6265786666666667,14.788916748297787,1.5068929908680493,0.4931070091319507,1.0,0.0,1.0,0.0,8,0,9,0,9,6,8,8,0.4661948084831238,0.05,,,,,,,,,,,0.3461596733938709,0.6433422567793105
761,train-load-0.7-scenario-480-retry-2,0.7,0.725,0.725,0.55625,13.330161295390365,1.0950102411440032,0.4605453144115522,0.8888888888888888,0.1111111111111111,0.8461538461538461,0.15384615384615385,8,1,11,2,13,8,9,8,0.4931173026561737,0.05,,,,,,,,,,,0.3461596733938709,0.6433422567793105
762,train-load-0.8-scenario-111,0.8,0.9166666666666666,0.9166666666666666,0.5333333333333333,5.523753852917577,-0.2482936543575841,0.43011183617576587,0.5454545454545454,0.45454545454545453,0.5454545454545454,0.45454545454545453,6,5,6,5,11,6,11,6,0.25957000255584717,0.05,,,,,,,,,,,0.3461596733938709,0.6433422567793105
763,train-load-0.7-scenario-244,0.7,0.8142857142857143,0.35714285714285715,0.8142857142857143,8.439959308291474,0.39570948010673257,0.7154016310043786,0.7777777777777778,0.2222222222222222,0.7777777777777778,0.2222222222222222,7,2,7,2,9,7,9,7,0.3172302842140198,0.05,,,,,,,,,,,0.3461596733938709,0.6433422567793105
764,train-load-0.8-scenario-554,0.8,0.9027777777777778,0.9027777777777778,0.5916666666666667,18.23471733171383,0.8571069711652846,0.6095596955013823,0.8666666666666667,0.13333333333333333,0.8666666666666667,0.13333333333333333,13,2,13,2,15,6,15,13,0.224182590842247,0.05,,,,,,,,,,,0.3461596733938709,0.6433422567793105
765,train-load-0.7-scenario-230,0.7,0.659442875,0.353655625,0.659442875,12.633148556315547,0.8344349941130444,0.7655650058869558,0.9,0.1,0.8181818181818182,0.18181818181818182,9,1,9,2,11,8,10,9,0.3917594850063324,0.05,,,,,,,,,,,0.3461596733938709,0.6433422567793105
766,train-load-0.6-scenario-272,0.6,0.5561032,0.47109700000000004,0.5561032,13.06783868861305,1.4039387358289477,0.5960612641710524,1.0,0.0,1.0,0.0,7,0,7,0,7,5,7,7,0.4299570918083191,0.05,,,,,,,,,,,0.3461596733938709,0.6433422567793105
767,train-load-0.8-scenario-62,0.8,0.7487892,0.3305633333333333,0.7487892,5.816761820140986,0.5447748245572993,0.6552251754427008,0.8,0.2,0.7142857142857143,0.2857142857142857,4,1,5,2,7,5,5,4,0.44850659370422363,0.05,,,,,,,,,,,0.3461596733938709,0.6433422567793105
768,train-load-1.0-scenario-248-retry-5,1.0,0.8928571428571429,0.35714285714285715,0.8928571428571429,8.296959114347146,0.2833574725361959,0.516642527463804,0.7,0.3,0.7,0.3,7,3,7,3,10,7,10,7,0.4798482656478882,0.05,,,,,,,,,,,0.3461596733938709,0.6433422567793105
769,train-load-0.9-scenario-633,0.9,0.8333333333333334,0.8333333333333334,0.5833333333333334,10.337755916286952,0.4848838270712903,0.7151161729287098,0.8,0.2,0.6923076923076923,0.3076923076923077,8,2,9,4,13,6,10,8,0.3927447497844696,0.05,,,,,,,,,,,0.3461596733938709,0.6433422567793105
770,train-hard-8gpu-16pod-1vgpu,0.5,0.5,0.3333333333333333,0.5,27.21738182198293,1.8333333333333335,0.16666666666666663,1.0,0.0,1.0,0.0,16,0,16,0,16,8,16,16,0.4660375118255615,0.05,,,,,,,,,,,0.3461596733938709,0.6433422567793105
771,train-load-0.5-scenario-690,0.5,0.45898075,0.37129531250000003,0.45898075,14.649993199323617,1.2313146106278086,0.7686853893721914,1.0,0.0,1.0,0.0,9,0,9,0,9,8,9,9,0.43351733684539795,0.05,,,,,,,,,,,0.3461596733938709,0.6433422567793105
772,train-load-0.8-scenario-310,0.8,0.9,0.8142857142857143,0.9,11.748796331268425,0.29159215574416886,0.3750745109224977,0.6666666666666666,0.3333333333333333,0.6666666666666666,0.3333333333333333,10,5,10,5,15,7,15,10,0.39713799953460693,0.05,,,,,,,,,,,0.3461596733938709,0.6433422567793105
773,train-load-0.5-scenario-266-retry-1,0.5,0.425,0.4,0.425,6.49873510604192,0.17887339739557517,0.8211266026044248,0.75,0.25,0.75,0.25,6,2,6,2,8,8,8,6,0.5092774629592896,0.05,,,,,,,,,,,0.3461596733938709,0.6433422567793105
774,train-load-0.5-scenario-518,0.5,0.5742168571428571,0.21253,0.5742168571428571,10.269389020017584,1.1823941892871432,0.8176058107128569,1.0,0.0,1.0,0.0,6,0,7,0,7,7,6,6,0.4490346610546112,0.05,,,,,,,,,,,0.3461596733938709,0.6433422567793105
775,train-load-0.5-scenario-381-retry-1,0.5,0.6,0.2,0.6,18.356488870891393,1.245782990165399,0.754217009834601,1.0,0.0,1.0,0.0,12,0,12,0,12,5,12,12,0.6709914207458496,0.05,,,,,,,,,,,0.3461596733938709,0.6433422567793105
776,train-load-1.0-scenario-641,1.0,0.9102995714285714,0.5845494642857143,0.9102995714285714,11.69305990441653,0.5781914110465601,0.6945358616807127,0.8181818181818182,0.18181818181818182,0.7142857142857143,0.2857142857142857,9,2,10,4,14,7,11,9,0.3141329288482666,0.05,,,,,,,,,,,0.3461596733938709,0.6433422567793105
777,train-load-0.7-scenario-454,0.7,0.6666666666666666,0.2777777777777778,0.6666666666666666,10.661177012196777,0.6032114572392918,0.5967885427607083,0.8,0.2,0.8,0.2,8,2,8,2,10,6,10,8,0.6038122177124023,0.05,,,,,,,,,,,0.3461596733938709,0.6433422567793105
778,train-load-0.6-scenario-702,0.6,0.5825642857142856,0.5825642857142856,0.527482,15.698671607583291,1.4021443073148838,0.5978556926851162,1.0,0.0,1.0,0.0,9,0,10,0,10,7,9,9,0.3470362722873688,0.05,,,,,,,,,,,0.3461596733938709,0.6433422567793105
779,train-load-0.8-scenario-276-retry-2,0.8,0.76875,0.571875,0.76875,26.781005050676423,1.510154668369716,0.26762310940806155,0.9444444444444444,0.05555555555555555,0.9444444444444444,0.05555555555555555,17,1,17,1,18,8,18,17,0.44792211055755615,0.05,,,,,,,,,,,0.3461596733938709,0.6433422567793105
780,train-load-0.7-scenario-609-retry-6,0.7,0.7142857142857143,0.6428571428571429,0.7142857142857143,20.123938805092024,1.2311286617159767,0.23553800495069016,0.8666666666666667,0.13333333333333333,0.8666666666666667,0.13333333333333333,13,2,13,2,15,7,15,13,0.5163328051567078,0.05,,,,,,,,,,,0.3461596733938709,0.6433422567793105
781,train-load-0.8-scenario-636,0.8,0.7265184523809524,0.7265184523809524,0.6519767142857142,16.179316689048058,1.0472321848337522,0.6194344818329143,0.9166666666666666,0.08333333333333333,0.9285714285714286,0.07142857142857142,11,1,13,1,14,7,12,11,0.47867584228515625,0.05,,,,,,,,,,,0.3461596733938709,0.6433422567793105
782,train-load-1.0-scenario-70-retry-5,1.0,0.8888888888888888,0.8888888888888888,0.85,12.043031406235555,0.3603601131199309,0.4967827440229263,0.7142857142857143,0.2857142857142857,0.7142857142857143,0.2857142857142857,10,4,10,4,14,6,14,10,0.3385319113731384,0.05,,,,,,,,,,,0.3461596733938709,0.6433422567793105
783,train-load-0.9-scenario-129-retry-1,0.9,0.7874729166666667,0.7874729166666667,0.7054056000000001,7.271137350033297,0.34993079142571026,0.6500692085742897,0.75,0.25,0.6363636363636364,0.36363636363636365,6,2,7,4,11,5,8,6,0.4743192195892334,0.05,,,,,,,,,,,0.3461596733938709,0.6433422567793105
784,train-load-0.9-scenario-477-retry-1,0.9,0.875,0.14583333333333334,0.875,20.12801318733274,0.5022033153274825,0.7358919227677556,0.8095238095238095,0.19047619047619047,0.8095238095238095,0.19047619047619047,17,4,17,4,21,6,21,17,0.299319863319397,0.05,,,,,,,,,,,0.3461596733938709,0.6433422567793105
785,train-load-0.8-scenario-52-retry-2,0.8,0.75,0.5,0.75,15.136205494552678,0.9408841285809584,0.3924492047523751,0.8333333333333334,0.16666666666666666,0.8333333333333334,0.16666666666666666,10,2,10,2,12,4,12,10,0.4820316731929779,0.05,,,,,,,,,,,0.3461596733938709,0.6433422567793105
786,train-load-0.8-scenario-468-retry-4,0.8,0.90625,0.8229166666666666,0.90625,5.2700761881719975,-0.31596664468958113,0.8614211901441265,0.6363636363636364,0.36363636363636365,0.5714285714285714,0.42857142857142855,7,4,8,6,14,8,11,7,0.39522886276245117,0.05,,,,,,,,,,,0.3461596733938709,0.6433422567793105
787,train-load-0.7-scenario-246,0.7,0.7428571428571429,0.6571428571428571,0.7428571428571429,26.969180697151863,1.7588957167048205,0.24110428329517952,1.0,0.0,1.0,0.0,16,0,16,0,16,7,16,16,0.412253737449646,0.05,,,,,,,,,,,0.3461596733938709,0.6433422567793105
788,train-load-0.6-scenario-170,0.6,0.582021625,0.2651596875,0.582021625,12.993327122992758,1.2166149085376619,0.7833850914623381,1.0,0.0,1.0,0.0,8,0,9,0,9,8,8,8,0.3550366461277008,0.05,,,,,,,,,,,0.3461596733938709,0.6433422567793105
789,train-load-0.7-scenario-541,0.7,0.6,0.25,0.6,15.550622952135475,1.375780045198905,0.6242199548010949,1.0,0.0,1.0,0.0,9,0,9,0,9,6,9,9,0.46740469336509705,0.05,,,,,,,,,,,0.3461596733938709,0.6433422567793105
790,train-hard-8gpu-16pod-1vgpu,0.5,0.5,0.3333333333333333,0.5,27.21738182198293,1.8333333333333335,0.16666666666666663,1.0,0.0,1.0,0.0,16,0,16,0,16,8,16,16,0.24151261150836945,0.05,,,,,,,,,,,0.3461596733938709,0.6433422567793105
791,train-load-0.5-scenario-655-retry-1,0.5,0.5714285714285714,0.5714285714285714,0.2857142857142857,11.443608427900877,1.0282117193924702,0.47178828060752964,0.875,0.125,0.875,0.125,7,1,7,1,8,7,8,7,0.2752600908279419,0.05,,,,,,,,,,,0.3461596733938709,0.6433422567793105
792,train-load-0.9-scenario-316,0.9,0.801522142857143,0.47827678571428567,0.801522142857143,14.441727107994916,0.9646260398008675,0.6717375965627688,0.9090909090909091,0.09090909090909091,0.9166666666666666,0.08333333333333333,10,1,11,1,12,7,11,10,0.40198951959609985,0.05,,,,,,,,,,,0.3461596733938709,0.6433422567793105
793,train-load-0.8-scenario-683,0.8,0.9,0.3375,0.9,8.742890939581907,0.4505543490717936,0.6605567620393176,0.7777777777777778,0.2222222222222222,0.7777777777777778,0.2222222222222222,7,2,7,2,9,4,9,7,0.42799854278564453,0.05,,,,,,,,,,,0.3461596733938709,0.6433422567793105
794,train-load-0.6-scenario-236-retry-2,0.6,0.6666666666666666,0.6666666666666666,0.4166666666666667,17.32576850100915,1.4803117941929163,0.5196882058070837,1.0,0.0,1.0,0.0,10,0,10,0,10,6,10,10,0.4706002473831177,0.05,,,,,,,,,,,0.3461596733938709,0.6433422567793105
795,train-load-0.6-scenario-669,0.6,0.5626026249999999,0.42194140625,0.5626026249999999,14.626162762343997,0.8970225586046157,0.7393410777590206,0.9090909090909091,0.09090909090909091,0.9090909090909091,0.09090909090909091,10,1,10,1,11,8,11,10,0.4805765748023987,0.05,,,,,,,,,,,0.3461596733938709,0.6433422567793105
796,train-load-0.5-scenario-345-retry-2,0.5,0.59375,0.425,0.59375,15.612248216466986,1.4096533399656224,0.5903466600343775,1.0,0.0,1.0,0.0,9,0,9,0,9,8,9,9,0.23743784427642822,0.05,,,,,,,,,,,0.3461596733938709,0.6433422567793105
797,train-load-1.0-scenario-444-retry-9,1.0,1.0238095238095237,1.0238095238095237,0.22857142857142856,3.7581336826270118,-0.24656576368436856,0.7465657636843686,0.625,0.375,0.5384615384615384,0.46153846153846156,5,3,7,6,13,7,8,5,0.5051892995834351,0.05,,,,,,,,,,,0.3461596733938709,0.6433422567793105
798,train-load-0.8-scenario-389,0.8,0.9132033333333334,0.4333766666666667,0.9132033333333334,11.122135174146017,0.801284059514079,0.7542714960414766,0.8888888888888888,0.1111111111111111,0.8,0.2,8,1,8,2,10,6,9,8,0.3686271607875824,0.05,,,,,,,,,,,0.3461596733938709,0.6433422567793105
799,train-load-1.0-scenario-713-retry-1,1.0,1.1,0.31666666666666665,1.1,2.158637175984132,-0.5612172300834664,0.7834394523056887,0.5555555555555556,0.4444444444444444,0.5555555555555556,0.4444444444444444,5,4,5,4,9,5,9,5,0.7360085248947144,0.05,,,,,,,,,,,0.3461596733938709,0.6433422567793105
800,train-load-0.8-scenario-21,0.8,0.7334654999999999,0.36725,0.7334654999999999,10.880473469590257,1.5039532886113882,0.4960467113886119,1.0,0.0,1.0,0.0,5,0,6,0,6,4,5,5,0.4478893280029297,0.05,0.34990863112331,0.5332597357198946,0.720792091710801,0.27920790828919884,0.7072764038276801,0.2927235961723198,0.659514561482939,0.745470587736282,0.2640788937473251,0.6939026639410469,0.34990863112331,0.659514561482939
801,train-load-0.6-scenario-50,0.6,0.5165743333333332,0.48912534722222223,0.5165743333333332,14.679258143923558,1.4560384461603946,0.5439615538396054,1.0,0.0,1.0,0.0,8,0,8,0,8,6,8,8,0.16370326280593872,0.05,,,,,,,,,,,0.34990863112331,0.659514561482939
802,train-load-0.8-scenario-440-retry-1,0.8,0.9166666666666666,0.4583333333333333,0.9166666666666666,5.100829281734164,-0.2516437278619995,0.4334619096801813,0.5454545454545454,0.45454545454545453,0.5454545454545454,0.45454545454545453,6,5,6,5,11,6,11,6,0.42812395095825195,0.05,,,,,,,,,,,0.34990863112331,0.659514561482939
803,train-load-0.9-scenario-121-retry-1,0.9,0.8293492,0.6508795,0.8293492,9.537451183767235,0.6775343115430403,0.8224656884569597,0.875,0.125,0.7777777777777778,0.2222222222222222,7,1,7,2,9,5,8,7,0.40717726945877075,0.05,,,,,,,,,,,0.34990863112331,0.659514561482939
804,train-load-0.8-scenario-517-retry-1,0.8,0.9,0.8333333333333334,0.9,8.266835853921382,0.5093272033671781,0.4906727966328218,0.75,0.25,0.75,0.25,6,2,6,2,8,4,8,6,0.49275490641593933,0.05,,,,,,,,,,,0.34990863112331,0.659514561482939
805,train-load-0.6-scenario-518,0.6,0.5800485,0.224584375,0.5800485,8.482641583821007,1.3155105923728097,0.6844894076271902,1.0,0.0,1.0,0.0,4,0,7,0,7,6,4,4,0.47851765155792236,0.05,,,,,,,,,,,0.34990863112331,0.659514561482939
806,train-load-0.7-scenario-641,0.7,0.6171711666666667,0.30738604166666667,0.6171711666666667,11.052655146705554,1.1207609696944432,0.879239030305557,1.0,0.0,1.0,0.0,7,0,7,0,7,6,7,7,0.3836918771266937,0.05,,,,,,,,,,,0.34990863112331,0.659514561482939
807,train-load-0.6-scenario-605,0.6,0.61351375,0.61351375,0.4236725,10.941159487013481,1.4644730978974794,0.5355269021025206,1.0,0.0,1.0,0.0,5,0,6,0,6,4,5,5,0.5443905591964722,0.05,,,,,,,,,,,0.34990863112331,0.659514561482939
808,train-load-0.9-scenario-610-retry-11,0.9,1.0,0.6666666666666666,1.0,5.657214700348344,-0.09374155216767599,0.4937415521676759,0.6,0.4,0.6,0.4,6,4,6,4,10,6,10,6,0.4612784683704376,0.05,,,,,,,,,,,0.34990863112331,0.659514561482939
809,train-load-0.8-scenario-314,0.8,0.7135447142857142,0.6416757142857142,0.7135447142857142,19.67910446314249,1.478407314084771,0.5215926859152289,1.0,0.0,1.0,0.0,12,0,13,0,13,7,12,12,0.39859676361083984,0.05,,,,,,,,,,,0.34990863112331,0.659514561482939
810,train-load-1.0-scenario-538-retry-8,1.0,1.0285714285714285,0.8571428571428571,1.0285714285714285,14.767228641376017,0.34926490034433966,0.31740176632232686,0.6666666666666666,0.3333333333333333,0.6666666666666666,0.3333333333333333,12,6,12,6,18,7,18,12,0.1787937432527542,0.05,,,,,,,,,,,0.34990863112331,0.659514561482939
811,train-load-0.6-scenario-684,0.6,0.566124,0.29771309523809525,0.566124,11.74488422912811,1.1783485768302346,0.8216514231697654,1.0,0.0,1.0,0.0,7,0,8,0,8,7,7,7,0.21162369847297668,0.05,,,,,,,,,,,0.34990863112331,0.659514561482939
812,train-load-0.7-scenario-164,0.7,0.7146002000000001,0.3623695,0.7146002000000001,6.905913125812354,0.5892810203164072,0.7440523130169263,0.8333333333333334,0.16666666666666666,0.7142857142857143,0.2857142857142857,5,1,5,2,7,5,6,5,0.29492834210395813,0.05,,,,,,,,,,,0.34990863112331,0.659514561482939
813,train-load-1.0-scenario-602,1.0,0.8881905,0.6149883333333334,0.8881905,12.302767080010504,0.6772675647389256,0.5954597079883474,0.8181818181818182,0.18181818181818182,0.75,0.25,9,2,9,3,12,6,11,9,0.33761271834373474,0.05,,,,,,,,,,,0.34990863112331,0.659514561482939
814,train-load-0.5-scenario-672,0.5,0.55,0.49375,0.55,3.567855885982718,-0.3155430289633798,0.8155430289633798,0.625,0.375,0.7,0.3,5,3,7,3,10,8,8,5,0.29550403356552124,0.05,,,,,,,,,,,0.34990863112331,0.659514561482939
815,train-load-0.6-scenario-674-retry-3,0.6,0.5357142857142857,0.42857142857142855,0.5357142857142857,24.85495977545972,1.5689509855566663,0.43104901444333366,1.0,0.0,1.0,0.0,15,0,15,0,15,7,15,15,0.27987173199653625,0.05,,,,,,,,,,,0.34990863112331,0.659514561482939
816,train-load-0.9-scenario-346-retry-1,0.9,0.7896403750000001,0.7855196875,0.7896403750000001,24.089939546316174,1.5263544493312566,0.22364555066874348,0.9375,0.0625,0.8888888888888888,0.1111111111111111,15,1,16,2,18,8,16,15,0.4351077675819397,0.05,,,,,,,,,,,0.34990863112331,0.659514561482939
817,train-load-1.0-scenario-353-retry-4,1.0,1.075,0.66875,1.075,4.602955217331864,-0.028751545602416773,0.5287515456024168,0.625,0.375,0.6666666666666666,0.3333333333333333,5,3,6,3,9,4,8,5,0.2934187650680542,0.05,,,,,,,,,,,0.34990863112331,0.659514561482939
818,train-load-1.0-scenario-49-retry-2,1.0,1.0714285714285714,0.21428571428571427,1.0714285714285714,4.334813567992461,-0.6583117156109828,0.5249783822776495,0.4666666666666667,0.5333333333333333,0.4666666666666667,0.5333333333333333,7,8,7,8,15,7,15,7,0.15582220256328583,0.05,,,,,,,,,,,0.34990863112331,0.659514561482939
819,train-load-1.0-scenario-136-retry-1,1.0,0.9190336,0.8656795833333334,0.9190336,7.2120357284671925,0.17911930306175727,0.48754736360490936,0.6666666666666666,0.3333333333333333,0.5833333333333334,0.4166666666666667,6,3,7,5,12,5,9,6,0.26788944005966187,0.05,,,,,,,,,,,0.34990863112331,0.659514561482939
820,train-load-0.6-scenario-532,0.6,0.5803733333333333,0.43945208333333335,0.5803733333333333,14.939797664078917,1.50866764766293,0.49133235233706996,1.0,0.0,1.0,0.0,8,0,9,0,9,6,8,8,0.19651974737644196,0.05,,,,,,,,,,,0.34990863112331,0.659514561482939
821,train-load-0.9-scenario-740,0.9,0.8316135,0.767801875,0.8316135,12.503474104705106,1.1529055211412382,0.3470944788587619,0.875,0.125,0.8,0.2,7,1,8,2,10,4,8,7,0.24420085549354553,0.05,,,,,,,,,,,0.34990863112331,0.659514561482939
822,train-load-0.9-scenario-92-retry-1,0.9,0.794661,0.5230209375,0.794661,10.75697277898264,1.076301192894451,0.3522702356769777,0.8571428571428571,0.14285714285714285,0.8571428571428571,0.14285714285714285,6,1,6,1,7,4,7,6,0.3317667245864868,0.05,,,,,,,,,,,0.34990863112331,0.659514561482939
823,train-hard-4gpu-12pod-small,0.375,0.375,0.25,0.375,22.316746824526945,1.875,0.125,1.0,0.0,1.0,0.0,12,0,12,0,12,4,12,12,0.44349709153175354,0.05,,,,,,,,,,,0.34990863112331,0.659514561482939
824,train-load-0.6-scenario-0,0.6,0.60437,0.304595,0.60437,7.204152108315205,1.1175624265735893,0.8824375734264107,1.0,0.0,1.0,0.0,4,0,4,0,4,4,4,4,0.3404846787452698,0.05,,,,,,,,,,,0.34990863112331,0.659514561482939
825,train-load-0.7-scenario-200,0.7,0.6981916666666667,0.6981916666666667,0.6242205,8.978885827482513,0.7974357731519114,0.6311356554195172,0.8571428571428571,0.14285714285714285,0.8571428571428571,0.14285714285714285,6,1,6,1,7,4,7,6,0.4109455347061157,0.05,,,,,,,,,,,0.34990863112331,0.659514561482939
826,train-load-0.6-scenario-394,0.6,0.6256591428571429,0.44611904761904764,0.6256591428571429,13.79910081944584,1.3331553691984728,0.6668446308015271,1.0,0.0,1.0,0.0,8,0,9,0,9,7,8,8,0.4984293580055237,0.05,,,,,,,,,,,0.34990863112331,0.659514561482939
827,train-load-0.7-scenario-219,0.7,0.6853445,0.342979375,0.6853445,16.0373572322231,1.3054046239807953,0.6945953760192047,1.0,0.0,1.0,0.0,10,0,11,0,11,8,10,10,0.33649927377700806,0.05,,,,,,,,,,,0.34990863112331,0.659514561482939
828,train-load-0.6-scenario-242,0.6,0.5220975714285714,0.34103214285714284,0.5220975714285714,13.040631117435897,1.411670836545957,0.5883291634540432,1.0,0.0,1.0,0.0,7,0,8,0,8,7,7,7,0.4151155352592468,0.05,,,,,,,,,,,0.34990863112331,0.659514561482939
829,train-load-0.5-scenario-432,0.5,0.4393834999999999,0.276568125,0.4393834999999999,10.739115732167086,1.2263330588344719,0.7736669411655283,1.0,0.0,1.0,0.0,6,0,6,0,6,6,6,6,0.4289812445640564,0.05,,,,,,,,,,,0.34990863112331,0.659514561482939
830,train-load-0.9-scenario-36,0.9,0.87,0.36,0.87,8.99864099560591,0.4869345996992014,0.6241765114119098,0.7777777777777778,0.2222222222222222,0.7777777777777778,0.2222222222222222,7,2,7,2,9,5,9,7,0.34995609521865845,0.05,,,,,,,,,,,0.34990863112331,0.659514561482939
831,train-load-0.7-scenario-382-retry-1,0.7,0.8,0.8,0.5,18.100419143036742,1.611563911877558,0.388436088122442,1.0,0.0,1.0,0.0,10,0,10,0,10,5,10,10,0.41977381706237793,0.05,,,,,,,,,,,0.34990863112331,0.659514561482939
832,train-load-0.6-scenario-362,0.6,0.515208,0.43229375,0.515208,9.20317748295734,1.2354207077129613,0.7645792922870387,1.0,0.0,1.0,0.0,5,0,5,0,5,4,5,5,0.5716586112976074,0.05,,,,,,,,,,,0.34990863112331,0.659514561482939
833,train-load-1.0-scenario-515,1.0,0.9158385,0.8143583333333333,0.9158385,12.237442345307457,0.5547572828029963,0.44524271719700376,0.75,0.25,0.6428571428571429,0.35714285714285715,9,3,9,5,14,6,12,9,0.40482378005981445,0.05,,,,,,,,,,,0.34990863112331,0.659514561482939
834,train-hard-4gpu-12pod-small,0.375,0.375,0.25,0.375,22.316746824526945,1.875,0.125,1.0,0.0,1.0,0.0,12,0,12,0,12,4,12,12,0.6042709350585938,0.05,,,,,,,,,,,0.34990863112331,0.659514561482939
835,train-load-0.8-scenario-261,0.8,0.9,0.75,0.9,7.617248184776665,0.2675841966358474,0.3990824700308192,0.6666666666666666,0.3333333333333333,0.6666666666666666,0.3333333333333333,6,3,6,3,9,4,9,6,0.2278902530670166,0.05,,,,,,,,,,,0.34990863112331,0.659514561482939
836,train-load-0.6-scenario-87-retry-2,0.6,0.6,0.2,0.6,19.09836134230138,1.379411839192151,0.620588160807849,1.0,0.0,1.0,0.0,12,0,12,0,12,5,12,12,0.5152965188026428,0.05,,,,,,,,,,,0.34990863112331,0.659514561482939
837,train-load-0.6-scenario-247,0.6,0.6666666666666666,0.6666666666666666,0.5333333333333333,9.417239988899102,0.7176320922739199,0.2823679077260801,0.75,0.25,0.75,0.25,6,2,6,2,8,6,8,6,0.5086429119110107,0.05,,,,,,,,,,,0.34990863112331,0.659514561482939
838,train-load-1.0-scenario-39-retry-5,1.0,1.09,1.0333333333333334,1.09,6.836866671010454,-0.07432217259719198,0.4076555059305254,0.5833333333333334,0.4166666666666667,0.5833333333333334,0.4166666666666667,7,5,7,5,12,5,12,7,0.3867357075214386,0.05,,,,,,,,,,,0.34990863112331,0.659514561482939
839,train-load-0.5-scenario-26,0.5,0.46768937499999996,0.46768937499999996,0.354045125,13.93810552243023,1.3108446049611446,0.6891553950388555,1.0,0.0,1.0,0.0,8,0,9,0,9,8,8,8,0.21897529065608978,0.05,,,,,,,,,,,0.34990863112331,0.659514561482939
840,train-load-0.9-scenario-119-retry-2,0.9,0.98,0.98,0.94,1.443029484582222,-0.7427543904849699,0.5205321682627476,0.4444444444444444,0.5555555555555556,0.5,0.5,4,5,5,5,10,5,9,4,0.419514536857605,0.05,,,,,,,,,,,0.34990863112331,0.659514561482939
841,train-load-0.8-scenario-411,0.8,0.9,0.4583333333333333,0.9,7.750272922548865,-0.06993628431228516,0.7366029509789518,0.6666666666666666,0.3333333333333333,0.6666666666666666,0.3333333333333333,8,4,8,4,12,8,12,8,0.2062002420425415,0.05,,,,,,,,,,,0.34990863112331,0.659514561482939
842,train-load-0.7-scenario-188,0.7,0.6189626666666667,0.52857125,0.6189626666666667,14.78325982296809,1.4504607222530714,0.5495392777469286,1.0,0.0,1.0,0.0,8,0,9,0,9,6,8,8,0.39359021186828613,0.05,,,,,,,,,,,0.34990863112331,0.659514561482939
843,train-load-0.8-scenario-109-retry-1,0.8,0.72,0.09,0.72,26.902520894322286,1.3701925762624967,0.6298074237375032,1.0,0.0,1.0,0.0,18,0,18,0,18,5,18,18,0.45906248688697815,0.05,,,,,,,,,,,0.34990863112331,0.659514561482939
844,train-load-0.9-scenario-383,0.9,0.83152025,0.41497604166666663,0.83152025,12.521446653726152,1.3758545306610843,0.6241454693389157,1.0,0.0,1.0,0.0,7,0,7,0,7,4,7,7,0.496567040681839,0.05,,,,,,,,,,,0.34990863112331,0.659514561482939
845,train-load-0.9-scenario-506-retry-1,0.9,1.0,0.625,1.0,8.13551117352688,-0.05815045712904421,0.5196889186675058,0.6153846153846154,0.38461538461538464,0.6153846153846154,0.38461538461538464,8,5,8,5,13,6,13,8,0.47769904136657715,0.05,,,,,,,,,,,0.34990863112331,0.659514561482939
846,train-load-0.8-scenario-333-retry-3,0.8,0.6875,0.4583333333333333,0.6875,11.47936299468838,0.5944178395580375,0.31467306953287166,0.7272727272727273,0.2727272727272727,0.7272727272727273,0.2727272727272727,8,3,8,3,11,8,11,8,0.20309650897979736,0.05,,,,,,,,,,,0.34990863112331,0.659514561482939
847,train-load-1.0-scenario-647-retry-3,1.0,1.1,1.1,0.22,1.7630390021294102,-0.8040721818448386,0.6222540000266569,0.45454545454545453,0.5454545454545454,0.45454545454545453,0.5454545454545454,5,6,5,6,11,5,11,5,0.24925971031188965,0.05,,,,,,,,,,,0.34990863112331,0.659514561482939
848,train-load-0.6-scenario-544,0.6,0.528238875,0.3895677083333333,0.528238875,16.67074444854075,1.3962585016624751,0.6037414983375249,1.0,0.0,1.0,0.0,10,0,10,0,10,8,10,10,0.333926796913147,0.05,,,,,,,,,,,0.34990863112331,0.659514561482939
849,train-load-0.8-scenario-115,0.8,0.68,0.5666666666666667,0.68,27.25588869950184,1.6044407030541474,0.39555929694585257,1.0,0.0,1.0,0.0,17,0,17,0,17,5,17,17,0.751854419708252,0.05,,,,,,,,,,,0.34990863112331,0.659514561482939
850,train-load-0.7-scenario-532,0.7,0.675,0.05625,0.675,10.937147457348978,0.7493548446585022,0.8062007108970533,0.8888888888888888,0.1111111111111111,0.8888888888888888,0.1111111111111111,8,1,8,1,9,8,9,8,0.4875742793083191,0.05,,,,,,,,,,,0.34990863112331,0.659514561482939
851,train-load-0.9-scenario-35,0.9,0.92,0.5,0.92,8.143128603043577,0.5211461687488512,0.4788538312511489,0.75,0.25,0.75,0.25,6,2,6,2,8,5,8,6,0.4779660105705261,0.05,,,,,,,,,,,0.34990863112331,0.659514561482939
852,train-load-0.9-scenario-182,0.9,0.791737,0.5488392857142858,0.791737,13.195705192118332,0.9355205868862855,0.6644794131137146,0.9,0.1,0.9166666666666666,0.08333333333333333,9,1,11,1,12,7,10,9,0.5477380752563477,0.05,,,,,,,,,,,0.34990863112331,0.659514561482939
853,train-load-0.5-scenario-235-retry-5,0.5,0.4,0.4,0.4,20.223149879814883,1.4714280993828637,0.5285719006171364,1.0,0.0,1.0,0.0,12,0,12,0,12,6,12,12,0.39486464858055115,0.05,,,,,,,,,,,0.34990863112331,0.659514561482939
854,train-load-0.7-scenario-513,0.7,0.596816,0.47769345238095234,0.596816,14.770254848952028,1.2448218348075457,0.7551781651924544,1.0,0.0,1.0,0.0,9,0,10,0,10,7,9,9,0.3575345277786255,0.05,,,,,,,,,,,0.34990863112331,0.659514561482939
855,train-load-0.6-scenario-456,0.6,0.5895276250000001,0.25671875,0.5895276250000001,12.593515174672913,1.1551616361809245,0.8448383638190756,1.0,0.0,1.0,0.0,8,0,8,0,8,8,8,8,0.3264850974082947,0.05,,,,,,,,,,,0.34990863112331,0.659514561482939
856,train-load-1.0-scenario-676-retry-1,1.0,0.9528472499999999,0.6907177083333335,0.9528472499999999,13.737517602685227,0.38064292709701697,0.8193570729029831,0.8,0.2,0.7058823529411765,0.29411764705882354,12,3,12,5,17,8,15,12,0.26565268635749817,0.05,,,,,,,,,,,0.34990863112331,0.659514561482939
857,train-load-0.5-scenario-712-retry-3,0.5,0.5916666666666667,0.4305555555555556,0.5916666666666667,16.602221920356317,1.3713398134977366,0.6286601865022634,1.0,0.0,1.0,0.0,10,0,10,0,10,6,10,10,0.24543923139572144,0.05,,,,,,,,,,,0.34990863112331,0.659514561482939
858,train-load-0.7-scenario-341,0.7,0.8,0.6666666666666666,0.8,15.473001328461061,0.7682110135458611,0.3746461293112817,0.7857142857142857,0.21428571428571427,0.7857142857142857,0.21428571428571427,11,3,11,3,14,6,14,11,0.3607949912548065,0.05,,,,,,,,,,,0.34990863112331,0.659514561482939
859,train-load-0.8-scenario-75-retry-1,0.8,0.9,0.9,0.15,5.959197501089552,0.029540783142811944,0.6371258835238547,0.6666666666666666,0.3333333333333333,0.6666666666666666,0.3333333333333333,6,3,6,3,9,6,9,6,0.3595615327358246,0.05,,,,,,,,,,,0.34990863112331,0.659514561482939
860,train-load-0.6-scenario-505-retry-1,0.6,0.6125,0.3385416666666667,0.6125,15.007828656549325,1.500142504044161,0.4998574959558391,1.0,0.0,1.0,0.0,8,0,10,0,10,8,8,8,0.4213830232620239,0.05,,,,,,,,,,,0.34990863112331,0.659514561482939
861,train-load-0.5-scenario-546,0.5,0.4,0.16666666666666666,0.4,35.68946054240884,1.4799239108536781,0.5200760891463218,1.0,0.0,1.0,0.0,24,0,24,0,24,6,24,24,0.5570882558822632,0.05,,,,,,,,,,,0.34990863112331,0.659514561482939
862,train-load-0.7-scenario-210,0.7,0.5999158333333333,0.5101927083333333,0.5999158333333333,12.118035526805798,1.4570522357933917,0.5429477642066083,1.0,0.0,1.0,0.0,6,0,9,0,9,6,6,6,0.42474108934402466,0.05,,,,,,,,,,,0.34990863112331,0.659514561482939
863,train-load-0.8-scenario-256-retry-1,0.8,0.9,0.9,0.45,9.377295954094361,0.5996874155411962,0.511423695569915,0.7777777777777778,0.2222222222222222,0.7777777777777778,0.2222222222222222,7,2,7,2,9,4,9,7,0.2793765664100647,0.05,,,,,,,,,,,0.34990863112331,0.659514561482939
864,train-load-0.6-scenario-464-retry-1,0.6,0.7083333333333334,0.45416666666666666,0.7083333333333334,12.60883086876063,0.9891647847453954,0.5663907708101601,0.8888888888888888,0.1111111111111111,0.8333333333333334,0.16666666666666666,8,1,10,2,12,6,9,8,0.45927536487579346,0.05,,,,,,,,,,,0.34990863112331,0.659514561482939
865,train-load-0.7-scenario-194-retry-4,0.7,0.8,0.45714285714285713,0.8,8.149211392558765,-0.056831954672803886,0.7234986213394705,0.6666666666666666,0.3333333333333333,0.6666666666666666,0.3333333333333333,8,4,8,4,12,7,12,8,0.5124179720878601,0.05,,,,,,,,,,,0.34990863112331,0.659514561482939
866,train-load-1.0-scenario-696-retry-4,1.0,0.93793875,0.5577584375,0.93793875,6.326719890596135,0.2913224697195622,0.565820387423295,0.7142857142857143,0.2857142857142857,0.625,0.375,5,2,5,3,8,4,7,5,0.30609777569770813,0.05,,,,,,,,,,,0.34990863112331,0.659514561482939
867,train-load-0.7-scenario-212,0.7,0.612554875,0.3177028125,0.612554875,13.612383114209686,1.1427469351112762,0.8572530648887237,1.0,0.0,1.0,0.0,9,0,9,0,9,8,9,9,0.4181564152240753,0.05,,,,,,,,,,,0.34990863112331,0.659514561482939
868,train-load-0.9-scenario-335,0.9,0.81014275,0.557334375,0.81014275,10.160056230738892,0.9598635377986001,0.4687078907728284,0.8571428571428571,0.14285714285714285,0.75,0.25,6,1,6,2,8,4,7,6,0.2886185944080353,0.05,,,,,,,,,,,0.34990863112331,0.659514561482939
869,train-load-0.6-scenario-232,0.6,0.5654233750000001,0.4499815104166667,0.5654233750000001,12.083065037172085,1.2565727957117545,0.7434272042882455,1.0,0.0,1.0,0.0,7,0,10,0,10,8,7,7,0.22167140245437622,0.05,,,,,,,,,,,0.34990863112331,0.659514561482939
870,train-load-0.8-scenario-395-retry-4,0.8,0.875,0.8333333333333334,0.875,8.749344292416255,0.12041876309778254,0.5462479035688841,0.6666666666666666,0.3333333333333333,0.6666666666666666,0.3333333333333333,8,4,8,4,12,8,12,8,0.3352797031402588,0.05,,,,,,,,,,,0.34990863112331,0.659514561482939
871,train-load-0.7-scenario-630-retry-4,0.7,0.7666666666666667,0.7666666666666667,0.32,9.47997510349698,0.5712367681829569,0.5398743429281542,0.7777777777777778,0.2222222222222222,0.7777777777777778,0.2222222222222222,7,2,7,2,9,5,9,7,0.5658624768257141,0.05,,,,,,,,,,,0.34990863112331,0.659514561482939
872,train-load-0.7-scenario-348,0.7,0.617630875,0.48344453125,0.617630875,14.83179996362364,0.8127109519533533,0.8539557147133133,0.9166666666666666,0.08333333333333333,0.9166666666666666,0.08333333333333333,11,1,11,1,12,8,12,11,0.3947649300098419,0.05,,,,,,,,,,,0.34990863112331,0.659514561482939
873,train-load-0.8-scenario-277-retry-6,0.8,0.9142857142857143,0.5428571428571428,0.9142857142857143,4.965587713621344,-0.23801927541302803,0.6380192754130279,0.6,0.4,0.6,0.4,6,4,6,4,10,7,10,6,0.5847910642623901,0.05,,,,,,,,,,,0.34990863112331,0.659514561482939
874,train-load-0.7-scenario-626-retry-1,0.7,0.6285714285714286,0.35714285714285715,0.6285714285714286,24.615976433904756,1.4250503371500045,0.5749496628499956,1.0,0.0,1.0,0.0,16,0,16,0,16,7,16,16,0.6145991683006287,0.05,,,,,,,,,,,0.34990863112331,0.659514561482939
875,train-load-0.5-scenario-322,0.5,0.46347160000000004,0.41405875,0.46347160000000004,8.985013617014001,1.292849959826393,0.707150040173607,1.0,0.0,1.0,0.0,4,0,6,0,6,5,4,4,0.40294456481933594,0.05,,,,,,,,,,,0.34990863112331,0.659514561482939
876,train-load-0.7-scenario-7,0.7,0.7375,0.5729166666666666,0.7375,21.447787320476273,1.5816524487384833,0.4183475512615168,1.0,0.0,1.0,0.0,13,0,13,0,13,8,13,13,0.42173099517822266,0.05,,,,,,,,,,,0.34990863112331,0.659514561482939
877,train-load-0.9-scenario-701,0.9,0.8499031666666667,0.49159395833333336,0.8499031666666667,12.670132903815741,0.706828441851267,0.5658988308760058,0.8181818181818182,0.18181818181818182,0.8181818181818182,0.18181818181818182,9,2,9,2,11,6,11,9,0.37576112151145935,0.05,,,,,,,,,,,0.34990863112331,0.659514561482939
878,train-load-1.0-scenario-92-retry-4,1.0,0.95,0.95,0.5428571428571428,3.3503191214895938,-0.7732998986941317,0.9271460525402855,0.5384615384615384,0.46153846153846156,0.5384615384615384,0.46153846153846156,7,6,7,6,13,7,13,7,0.3024657368659973,0.05,,,,,,,,,,,0.34990863112331,0.659514561482939
879,train-load-0.8-scenario-132,0.8,0.7284115,0.4686734375,0.7284115,10.373027046798388,1.3908279955527614,0.6091720044472385,1.0,0.0,1.0,0.0,5,0,6,0,6,4,5,5,0.487684428691864,0.05,,,,,,,,,,,0.34990863112331,0.659514561482939
880,train-load-0.8-scenario-19-retry-2,0.8,0.75,0.6,0.75,23.435194284828356,0.8879430976237042,0.350152140471534,0.8095238095238095,0.19047619047619047,0.8095238095238095,0.19047619047619047,17,4,17,4,21,7,21,17,0.526095986366272,0.05,,,,,,,,,,,0.34990863112331,0.659514561482939
881,train-load-0.9-scenario-416,0.9,0.849593625,0.6076721875000001,0.849593625,15.21429103159204,0.6451873805953429,0.7833840479760856,0.8571428571428571,0.14285714285714285,0.75,0.25,12,2,12,4,16,8,14,12,0.468631386756897,0.05,,,,,,,,,,,0.34990863112331,0.659514561482939
882,train-load-0.6-scenario-331,0.6,0.5489805,0.381015625,0.5489805,13.380190851112367,1.2371486882969847,0.7628513117030155,1.0,0.0,1.0,0.0,8,0,8,0,8,6,8,8,0.28246402740478516,0.05,,,,,,,,,,,0.34990863112331,0.659514561482939
883,train-load-1.0-scenario-532-retry-8,1.0,1.0833333333333333,1.0833333333333333,0.8666666666666667,4.981624256691013,-0.4103274271331361,0.2564812732869824,0.46153846153846156,0.5384615384615384,0.46153846153846156,0.5384615384615384,6,7,6,7,13,6,13,6,0.46958765387535095,0.05,,,,,,,,,,,0.34990863112331,0.659514561482939
884,train-load-0.6-scenario-700,0.6,0.5,0.5,0.25,30.2844254420388,1.4094117328255806,0.5905882671744194,1.0,0.0,1.0,0.0,20,0,20,0,20,8,20,20,0.37769410014152527,0.05,,,,,,,,,,,0.34990863112331,0.659514561482939
885,train-load-0.5-scenario-250,0.5,0.508861,0.27154618055555557,0.508861,10.816606752824075,1.2788461967348235,0.7211538032651765,1.0,0.0,1.0,0.0,6,0,6,0,6,6,6,6,0.42831993103027344,0.05,,,,,,,,,,,0.34990863112331,0.659514561482939
886,train-load-0.6-scenario-591,0.6,0.56602275,0.327010625,0.56602275,8.840995005501973,1.5627653318118637,0.4372346681881362,1.0,0.0,1.0,0.0,3,0,5,0,5,4,3,3,0.40758171677589417,0.05,,,,,,,,,,,0.34990863112331,0.659514561482939
887,train-load-0.5-scenario-43,0.5,0.46875,0.15625,0.46875,23.660948988948938,1.4191426126316815,0.5808573873683185,1.0,0.0,1.0,0.0,15,0,15,0,15,8,15,15,0.567351222038269,0.05,,,,,,,,,,,0.34990863112331,0.659514561482939
888,train-load-0.7-scenario-186,0.7,0.595267125,0.4476721875,0.595267125,13.545155011483034,0.8001606462433006,0.8362029901203356,0.9090909090909091,0.09090909090909091,0.9090909090909091,0.09090909090909091,10,1,10,1,11,8,11,10,0.38240012526512146,0.05,,,,,,,,,,,0.34990863112331,0.659514561482939
889,train-load-1.0-scenario-445-retry-8,1.0,0.9523809523809523,0.9523809523809523,0.7142857142857143,6.619790732771786,0.0022591733578665174,0.3977408266421334,0.6,0.4,0.6,0.4,6,4,12,8,20,7,10,6,0.19710403680801392,0.05,,,,,,,,,,,0.34990863112331,0.659514561482939
890,train-load-0.8-scenario-8,0.8,0.9166666666666666,0.9166666666666666,0.4125,9.647146529877077,0.6250822368891911,0.48602887422192,0.7777777777777778,0.2222222222222222,0.7777777777777778,0.2222222222222222,7,2,7,2,9,4,9,7,0.16864648461341858,0.05,,,,,,,,,,,0.34990863112331,0.659514561482939
891,train-load-0.9-scenario-193,0.9,0.818213,0.5251541666666667,0.818213,11.601388869971505,0.8808393073358939,0.6747162482196616,0.8888888888888888,0.1111111111111111,0.8181818181818182,0.18181818181818182,8,1,9,2,11,6,9,8,0.2587730884552002,0.05,,,,,,,,,,,0.34990863112331,0.659514561482939
892,train-load-0.5-scenario-605,0.5,0.46977957142857146,0.3690895833333333,0.46977957142857146,13.626628638314791,1.4613778630482868,0.5386221369517133,1.0,0.0,1.0,0.0,7,0,7,0,7,7,7,7,0.39849475026130676,0.05,,,,,,,,,,,0.34990863112331,0.659514561482939
893,train-load-0.5-scenario-726-retry-4,0.5,0.4,0.4,0.24,20.42970284355362,1.4789452372730076,0.5210547627269924,1.0,0.0,1.0,0.0,12,0,12,0,12,5,12,12,0.17012819647789001,0.05,,,,,,,,,,,0.34990863112331,0.659514561482939
894,train-load-0.8-scenario-355-retry-1,0.8,0.8,0.16,0.8,3.969877131390416,-0.18086680242001374,0.6808668024200137,0.625,0.375,0.625,0.375,5,3,5,3,8,5,8,5,0.422882616519928,0.05,,,,,,,,,,,0.34990863112331,0.659514561482939
895,train-load-0.6-scenario-729,0.6,0.5423361666666667,0.331575,0.5423361666666667,12.086595742977895,1.2207398756738206,0.7792601243261795,1.0,0.0,1.0,0.0,7,0,7,0,7,6,7,7,0.27267998456954956,0.05,,,,,,,,,,,0.34990863112331,0.659514561482939
896,train-load-0.6-scenario-23,0.6,0.5445115714285714,0.23444404761904764,0.5445115714285714,12.359058948709801,1.2912802357799777,0.7087197642200223,1.0,0.0,1.0,0.0,7,0,7,0,7,7,7,7,0.27003204822540283,0.05,,,,,,,,,,,0.34990863112331,0.659514561482939
897,train-load-0.8-scenario-268,0.8,0.7014267142857142,0.5545946428571428,0.7014267142857142,19.059217845143337,1.3641674433756434,0.6358325566243566,1.0,0.0,1.0,0.0,12,0,12,0,12,7,12,12,0.4360966980457306,0.05,,,,,,,,,,,0.34990863112331,0.659514561482939
898,train-load-1.0-scenario-229,1.0,1.0681393333333333,0.7782308333333333,1.0681393333333333,5.929075179549647,-0.20999949282763453,0.7554540382821799,0.6363636363636364,0.36363636363636365,0.5714285714285714,0.42857142857142855,7,4,8,6,14,6,11,7,0.646587610244751,0.05,,,,,,,,,,,0.34990863112331,0.659514561482939
899,train-load-0.9-scenario-2,0.9,0.79605,0.5544675,0.79605,8.133739506206297,0.6461878480349631,0.7823835805364654,0.8571428571428571,0.14285714285714285,0.8571428571428571,0.14285714285714285,6,1,6,1,7,4,7,6,0.5334864258766174,0.05,,,,,,,,,,,0.34990863112331,0.659514561482939
900,train-load-1.0-scenario-577-retry-4,1.0,1.1166666666666667,0.9666666666666667,1.1166666666666667,10.234828966313701,0.07199631630845593,0.5946703503582107,0.6666666666666666,0.3333333333333333,0.6666666666666666,0.3333333333333333,10,5,10,5,15,6,15,10,0.6362512111663818,0.05,0.34191726156469465,0.5407661755779689,0.7206708592856659,0.2793291407143341,0.7067535753353037,0.29324642466469625,0.6297753641501821,0.6847200863518589,0.27215980378347426,0.6843701871831229,0.34990863112331,0.659514561482939
901,train-load-1.0-scenario-12,1.0,0.904994,0.6284164062500001,0.904994,12.945765193809754,0.37779474863493595,0.7650623942222069,0.7857142857142857,0.21428571428571427,0.6875,0.3125,11,3,11,5,16,8,14,11,0.23695193231105804,0.05,,,,,,,,,,,0.34990863112331,0.659514561482939
902,train-load-0.6-scenario-116,0.6,0.5142857142857142,0.19285714285714287,0.5142857142857142,14.741099793388802,1.2953621175367576,0.7046378824632423,1.0,0.0,1.0,0.0,9,0,9,0,9,7,9,9,0.38377246260643005,0.05,,,,,,,,,,,0.34990863112331,0.659514561482939
903,train-load-1.0-scenario-269-retry-3,1.0,1.05,0.24166666666666667,1.05,2.494613526178748,-0.5746433792095909,0.7968656014318132,0.5555555555555556,0.4444444444444444,0.5555555555555556,0.4444444444444444,5,4,5,4,9,5,9,5,0.14934910833835602,0.05,,,,,,,,,,,0.34990863112331,0.659514561482939
904,train-load-1.0-scenario-330-retry-3,1.0,1.05,0.5476190476190477,1.05,8.017849942268164,0.23385335809155616,0.5661466419084438,0.7,0.3,0.5833333333333334,0.4166666666666667,7,3,7,5,12,7,10,7,0.34830814599990845,0.05,,,,,,,,,,,0.34990863112331,0.659514561482939
905,train-load-1.0-scenario-265,1.0,0.9148668333333334,0.6226797916666666,0.9148668333333334,9.881830393000572,0.23699816142230867,0.7630018385776913,0.75,0.25,0.7692307692307693,0.23076923076923078,9,3,10,3,13,6,12,9,0.22285506129264832,0.05,,,,,,,,,,,0.34990863112331,0.659514561482939
906,train-load-0.8-scenario-684-retry-1,0.8,0.8857142857142857,0.3,0.8857142857142857,5.4780473584647,-0.37495701985803276,0.5288031737041865,0.5384615384615384,0.46153846153846156,0.5384615384615384,0.46153846153846156,7,6,7,6,13,7,13,7,0.3724774122238159,0.05,,,,,,,,,,,0.34990863112331,0.659514561482939
907,train-load-1.0-scenario-458-retry-1,1.0,0.888342375,0.527634375,0.888342375,17.689615018691867,0.8633233243992993,0.6033433422673675,0.8666666666666667,0.13333333333333333,0.8666666666666667,0.13333333333333333,13,2,13,2,15,8,15,13,0.21599599719047546,0.05,,,,,,,,,,,0.34990863112331,0.659514561482939
908,train-load-0.8-scenario-51,0.8,0.9083333333333333,0.2916666666666667,0.9083333333333333,7.134699714836598,0.3170474846498581,0.6829525153501419,0.75,0.25,0.75,0.25,6,2,6,2,8,6,8,6,0.3884238004684448,0.05,,,,,,,,,,,0.34990863112331,0.659514561482939
909,train-load-0.6-scenario-530,0.6,0.5144759999999999,0.47582892857142856,0.5144759999999999,9.027691273775012,0.748779983343787,0.6797914452276415,0.8571428571428571,0.14285714285714285,0.7777777777777778,0.2222222222222222,6,1,7,2,9,7,7,6,0.3265328109264374,0.05,,,,,,,,,,,0.34990863112331,0.659514561482939
910,train-load-0.6-scenario-288-retry-3,0.6,0.6285714285714286,0.1357142857142857,0.6285714285714286,19.57835949692111,1.2263131642395426,0.7736868357604574,1.0,0.0,1.0,0.0,13,0,13,0,13,7,13,13,0.4309391379356384,0.05,,,,,,,,,,,0.34990863112331,0.659514561482939
911,train-load-0.9-scenario-698,0.9,0.819388857142857,0.441225,0.819388857142857,15.65581902450144,1.1407910172016542,0.49557261916198214,0.9090909090909091,0.09090909090909091,0.8333333333333334,0.16666666666666666,10,1,10,2,12,7,11,10,0.31066107749938965,0.05,,,,,,,,,,,0.34990863112331,0.659514561482939
912,train-load-0.8-scenario-167,0.8,0.9,0.9,0.225,5.711999734663152,0.02434314321545905,0.6423235234512076,0.6666666666666666,0.3333333333333333,0.6666666666666666,0.3333333333333333,6,3,12,6,18,8,9,6,0.33793625235557556,0.05,,,,,,,,,,,0.34990863112331,0.659514561482939
913,train-load-0.7-scenario-554,0.7,0.7157825,0.6571190625,0.7157825,6.336697432359813,0.6667546541600872,0.5332453458399129,0.8,0.2,0.7142857142857143,0.2857142857142857,4,1,5,2,7,4,5,4,0.16033616662025452,0.05,,,,,,,,,,,0.34990863112331,0.659514561482939
914,train-load-0.8-scenario-106,0.8,0.9125,0.775,0.9125,7.618582214734184,0.10920165236997503,0.6907983476300249,0.7,0.3,0.7,0.3,7,3,7,3,10,4,10,7,0.4023357629776001,0.05,,,,,,,,,,,0.34990863112331,0.659514561482939
915,train-load-0.7-scenario-133,0.7,0.6504954000000001,0.31805,0.6504954000000001,2.949369788208583,0.192410546683508,0.807589453316492,0.75,0.25,0.6666666666666666,0.3333333333333333,3,1,4,2,6,5,4,3,0.2602696418762207,0.05,,,,,,,,,,,0.34990863112331,0.659514561482939
916,train-load-0.9-scenario-405,0.9,0.7857058333333333,0.7857058333333333,0.7042725,10.298686831177148,0.4887762521272103,0.7112237478727897,0.8,0.2,0.6923076923076923,0.3076923076923077,8,2,9,4,13,6,10,8,0.17235057055950165,0.05,,,,,,,,,,,0.34990863112331,0.659514561482939
917,train-load-0.5-scenario-641-retry-1,0.5,0.5714285714285714,0.42857142857142855,0.5714285714285714,17.564924275887872,1.4780744183975463,0.5219255816024537,1.0,0.0,1.0,0.0,10,0,10,0,10,7,10,10,0.4446173906326294,0.05,,,,,,,,,,,0.34990863112331,0.659514561482939
918,train-load-0.8-scenario-675,0.8,0.701293,0.3679346875,0.701293,15.159403467147806,1.3113045354633495,0.6886954645366505,1.0,0.0,1.0,0.0,9,0,12,0,12,8,9,9,0.16418132185935974,0.05,,,,,,,,,,,0.34990863112331,0.659514561482939
919,train-load-1.0-scenario-54-retry-1,1.0,0.9,0.75,0.9,9.59073676177189,0.5387362645334786,0.5723748465776326,0.7777777777777778,0.2222222222222222,0.7272727272727273,0.2727272727272727,7,2,8,3,11,6,9,7,0.27725887298583984,0.05,,,,,,,,,,,0.34990863112331,0.659514561482939
920,train-load-0.5-scenario-84-retry-1,0.5,0.6,0.3333333333333333,0.6,14.454126267544892,1.4043484391916583,0.5956515608083416,1.0,0.0,1.0,0.0,8,0,8,0,8,4,8,8,0.32628515362739563,0.05,,,,,,,,,,,0.34990863112331,0.659514561482939
921,train-load-0.6-scenario-479,0.6,0.6071428571428571,0.3333333333333333,0.6071428571428571,5.45725720286669,-0.005729220848165073,0.5057292208481651,0.625,0.375,0.625,0.375,5,3,5,3,8,7,8,5,0.22341573238372803,0.05,,,,,,,,,,,0.34990863112331,0.659514561482939
922,train-load-0.9-scenario-407-retry-1,0.9,1.0,1.0,0.8,4.231452424394892,-0.2936248692028358,0.2936248692028358,0.5,0.5,0.5,0.5,5,5,5,5,10,5,10,5,0.34611696004867554,0.05,,,,,,,,,,,0.34990863112331,0.659514561482939
923,train-load-0.9-scenario-417,0.9,0.7950666666666667,0.7950666666666667,0.7793846666666667,13.55591835019462,0.7105541787940741,0.6227791545392594,0.8333333333333334,0.16666666666666666,0.7692307692307693,0.23076923076923078,10,2,10,3,13,6,12,10,0.14209723472595215,0.05,,,,,,,,,,,0.34990863112331,0.659514561482939
924,train-load-0.8-scenario-512,0.8,0.9166666666666666,0.4125,0.9166666666666666,4.775544103995223,-0.3705899630732593,0.5524081448914411,0.5454545454545454,0.45454545454545453,0.5454545454545454,0.45454545454545453,6,5,6,5,11,6,11,6,0.28033462166786194,0.05,,,,,,,,,,,0.34990863112331,0.659514561482939
925,train-load-1.0-scenario-426,1.0,0.8825374,0.5618475,0.8825374,11.494545050103042,0.8621423264087388,0.6934132291468166,0.8888888888888888,0.1111111111111111,0.8888888888888888,0.1111111111111111,8,1,8,1,9,5,9,8,0.3214666545391083,0.05,,,,,,,,,,,0.34990863112331,0.659514561482939
926,train-load-0.8-scenario-617,0.8,0.779528875,0.6374276562500001,0.779528875,13.407733637587476,0.552181441112132,0.8324339435032526,0.8461538461538461,0.15384615384615385,0.8,0.2,11,2,12,3,15,8,13,11,0.34283447265625,0.05,,,,,,,,,,,0.34990863112331,0.659514561482939
927,train-load-0.8-scenario-429,0.8,0.7567321875,0.7567321875,0.72245025,13.082448251269703,0.26830683541552414,0.9316931645844759,0.8,0.2,0.7647058823529411,0.23529411764705882,12,3,13,4,17,8,15,12,0.2128397822380066,0.05,,,,,,,,,,,0.34990863112331,0.659514561482939
928,train-load-0.5-scenario-24,0.5,0.44846640000000004,0.3031135,0.44846640000000004,8.766506957376613,1.3404230083839268,0.6595769916160732,1.0,0.0,1.0,0.0,4,0,5,0,5,5,4,4,0.4489598274230957,0.05,,,,,,,,,,,0.34990863112331,0.659514561482939
929,train-load-0.8-scenario-136,0.8,0.755869,0.3897291666666667,0.755869,9.20659299318697,0.9347590590007409,0.3985742743325926,0.8333333333333334,0.16666666666666666,0.8333333333333334,0.16666666666666666,5,1,5,1,6,4,6,5,0.48283126950263977,0.05,,,,,,,,,,,0.34990863112331,0.659514561482939
930,train-load-1.0-scenario-373,1.0,1.1041666666666667,1.1041666666666667,0.51875,15.25010132754949,0.06555235465983844,0.479902190794707,0.6363636363636364,0.36363636363636365,0.6363636363636364,0.36363636363636365,14,8,14,8,22,8,22,14,0.30611616373062134,0.05,,,,,,,,,,,0.34990863112331,0.659514561482939
931,train-load-0.7-scenario-369,0.7,0.6,0.6,0.6,20.79133517772192,1.563978654585821,0.43602134541417903,1.0,0.0,1.0,0.0,12,0,12,0,12,8,12,12,0.36813122034072876,0.05,,,,,,,,,,,0.34990863112331,0.659514561482939
932,train-load-0.6-scenario-637,0.6,0.570703875,0.266266875,0.570703875,13.638485643710851,1.2977486317274212,0.7022513682725788,1.0,0.0,1.0,0.0,8,0,9,0,9,8,8,8,0.19215568900108337,0.05,,,,,,,,,,,0.34990863112331,0.659514561482939
933,train-load-0.6-scenario-540,0.6,0.5915130000000001,0.30926200000000004,0.5915130000000001,11.977051886797682,1.4403500411427521,0.5596499588572479,1.0,0.0,1.0,0.0,6,0,6,0,6,5,6,6,0.25846970081329346,0.05,,,,,,,,,,,0.34990863112331,0.659514561482939
934,train-load-0.6-scenario-351-retry-2,0.6,0.4857142857142857,0.20238095238095238,0.4857142857142857,26.766218688191053,1.4752765586675889,0.5247234413324111,1.0,0.0,1.0,0.0,17,0,17,0,17,7,17,17,0.6662552356719971,0.05,,,,,,,,,,,0.34990863112331,0.659514561482939
935,train-load-0.7-scenario-239,0.7,0.612457375,0.3992059375,0.612457375,17.784941483149183,1.3847528213093345,0.6152471786906656,1.0,0.0,1.0,0.0,11,0,11,0,11,8,11,11,0.38153958320617676,0.05,,,,,,,,,,,0.34990863112331,0.659514561482939
936,train-load-0.8-scenario-434,0.8,0.6889037499999999,0.6889037499999999,0.510919625,15.902534399022658,1.1150961849046803,0.5212674514589559,0.9090909090909091,0.09090909090909091,0.8571428571428571,0.14285714285714285,10,1,12,2,14,8,11,10,0.38763728737831116,0.05,,,,,,,,,,,0.34990863112331,0.659514561482939
937,train-load-0.7-scenario-362,0.7,0.8142857142857143,0.10714285714285714,0.8142857142857143,14.709869334298638,0.8565721812208186,0.8100944854458481,0.9166666666666666,0.08333333333333333,0.9166666666666666,0.08333333333333333,11,1,11,1,12,7,12,11,0.46945345401763916,0.05,,,,,,,,,,,0.34990863112331,0.659514561482939
938,train-load-0.9-scenario-141,0.9,0.799894,0.7760833333333333,0.799894,12.13701469943268,0.8143221523606027,0.3856778476393974,0.8,0.2,0.6923076923076923,0.3076923076923077,8,2,9,4,13,6,10,8,0.36409521102905273,0.05,,,,,,,,,,,0.34990863112331,0.659514561482939
939,train-load-0.9-scenario-516,0.9,1.0,0.75,1.0,6.6879147314257725,-0.09659022917046955,0.4299235625038029,0.5833333333333334,0.4166666666666667,0.5833333333333334,0.4166666666666667,7,5,7,5,12,6,12,7,0.523576021194458,0.05,,,,,,,,,,,0.34990863112331,0.659514561482939
940,train-load-0.9-scenario-669,0.9,0.790149875,0.33215208333333335,0.790149875,11.666993235119744,0.8935524961688365,0.6620030593867189,0.8888888888888888,0.1111111111111111,0.8181818181818182,0.18181818181818182,8,1,9,2,11,8,9,8,0.4341007471084595,0.05,,,,,,,,,,,0.34990863112331,0.659514561482939
941,train-load-0.8-scenario-667,0.8,0.7232196666666667,0.6107131944444445,0.7232196666666667,12.131881278635728,0.9712938680060547,0.5842616875495008,0.8888888888888888,0.1111111111111111,0.8,0.2,8,1,8,2,10,6,9,8,0.3191409409046173,0.05,,,,,,,,,,,0.34990863112331,0.659514561482939
942,train-load-0.6-scenario-210,0.6,0.6268835,0.5261510416666667,0.6268835,4.770352212681167,0.4993713290930383,0.5006286709069617,0.75,0.25,0.7142857142857143,0.2857142857142857,3,1,5,2,7,4,4,3,0.7522258758544922,0.05,,,,,,,,,,,0.34990863112331,0.659514561482939
943,train-load-0.5-scenario-360,0.5,0.45714285714285713,0.45714285714285713,0.22857142857142856,13.61379711155853,1.3151557972559897,0.6848442027440103,1.0,0.0,1.0,0.0,8,0,8,0,8,7,8,8,0.5987190008163452,0.05,,,,,,,,,,,0.34990863112331,0.659514561482939
944,train-load-0.5-scenario-628,0.5,0.4359805,0.31209131944444446,0.4359805,11.40416506407742,1.3168209770244208,0.6831790229755792,1.0,0.0,1.0,0.0,6,0,6,0,6,6,6,6,0.711797833442688,0.05,,,,,,,,,,,0.34990863112331,0.659514561482939
945,train-load-0.9-scenario-220,0.9,0.81308825,0.49811625,0.81308825,13.054208103911026,0.6448206571265109,0.6885126762068225,0.8333333333333334,0.16666666666666666,0.7857142857142857,0.21428571428571427,10,2,11,3,14,8,12,10,0.5083829164505005,0.05,,,,,,,,,,,0.34990863112331,0.659514561482939
946,train-load-0.9-scenario-8-retry-4,0.9,0.7857142857142857,0.2619047619047619,0.7857142857142857,6.999282223803285,-0.024070562862162914,0.5695251083167083,0.6363636363636364,0.36363636363636365,0.6363636363636364,0.36363636363636365,7,4,7,4,11,7,11,7,0.26063817739486694,0.05,,,,,,,,,,,0.34990863112331,0.659514561482939
947,train-load-1.0-scenario-679,1.0,0.9916666666666667,0.9916666666666667,0.9916666666666667,10.938209261177509,0.15069209897611036,0.7064507581667469,0.7142857142857143,0.2857142857142857,0.7142857142857143,0.2857142857142857,10,4,10,4,14,6,14,10,0.30472809076309204,0.05,,,,,,,,,,,0.34990863112331,0.659514561482939
948,train-load-0.9-scenario-623-retry-2,0.9,0.8142857142857143,0.7857142857142857,0.8142857142857143,25.515203064672427,1.4871484978884282,0.27755738446451295,0.9411764705882353,0.058823529411764705,0.9411764705882353,0.058823529411764705,16,1,16,1,17,7,17,16,0.4185549020767212,0.05,,,,,,,,,,,0.34990863112331,0.659514561482939
949,train-load-1.0-scenario-284,1.0,1.1111111111111112,1.1111111111111112,0.8333333333333334,4.064574860303222,-0.37994848266102954,0.3799484826610295,0.5,0.5,0.5,0.5,5,5,10,10,20,6,10,5,0.5031472444534302,0.05,,,,,,,,,,,0.34990863112331,0.659514561482939
950,train-load-0.9-scenario-571,0.9,0.8348988749999999,0.47460125,0.8348988749999999,13.082670323984367,0.6307363985760011,0.7025969347573324,0.8333333333333334,0.16666666666666666,0.8461538461538461,0.15384615384615385,10,2,11,2,13,8,12,10,0.5285472273826599,0.05,,,,,,,,,,,0.34990863112331,0.659514561482939
951,train-load-0.9-scenario-179-retry-4,0.9,0.9125,0.5125,0.9125,0.16718401867140442,-0.9864473191168911,0.18644731911689116,0.3,0.7,0.3,0.7,3,7,3,7,10,8,10,3,0.8926218748092651,0.05,,,,,,,,,,,0.34990863112331,0.659514561482939
952,train-load-0.7-scenario-656,0.7,0.7375,0.4875,0.7375,8.443599658461363,-0.009008865335810023,0.4705473268742716,0.6153846153846154,0.38461538461538464,0.6153846153846154,0.38461538461538464,8,5,8,5,13,8,13,8,0.6544554233551025,0.05,,,,,,,,,,,0.34990863112331,0.659514561482939
953,train-load-0.7-scenario-77,0.7,0.604764,0.3942452380952381,0.604764,10.880361824731505,1.295826026497908,0.704173973502092,1.0,0.0,1.0,0.0,6,0,8,0,8,7,6,6,0.5750586986541748,0.05,,,,,,,,,,,0.34990863112331,0.659514561482939
954,train-load-0.6-scenario-321,0.6,0.525,0.4,0.525,15.629914881513299,1.4066232577230189,0.5933767422769811,1.0,0.0,1.0,0.0,9,0,9,0,9,8,9,9,0.5159808397293091,0.05,,,,,,,,,,,0.34990863112331,0.659514561482939
955,train-load-0.6-scenario-619,0.6,0.5979909999999999,0.5979909999999999,0.4335838,11.386192626575664,1.3346324676345576,0.6653675323654424,1.0,0.0,1.0,0.0,6,0,8,0,8,5,6,6,0.23907528817653656,0.05,,,,,,,,,,,0.34990863112331,0.659514561482939
956,train-load-0.5-scenario-288,0.5,0.4379836666666666,0.31962625,0.4379836666666666,10.25463191284586,1.3772389436832317,0.6227610563167681,1.0,0.0,1.0,0.0,5,0,6,0,6,6,5,5,0.5646181106567383,0.05,,,,,,,,,,,0.34990863112331,0.659514561482939
957,train-load-0.8-scenario-397-retry-2,0.8,0.9,0.9,0.5625,6.683882830838909,0.14586490721188994,0.5208017594547767,0.6666666666666666,0.3333333333333333,0.6666666666666666,0.3333333333333333,6,3,6,3,9,4,9,6,0.5363733172416687,0.05,,,,,,,,,,,0.34990863112331,0.659514561482939
958,train-load-0.5-scenario-76-retry-3,0.5,0.5625,0.3375,0.5625,13.820464153293349,1.181964085920621,0.37359146963493417,0.8888888888888888,0.1111111111111111,0.8888888888888888,0.1111111111111111,8,1,8,1,9,8,9,8,0.26872020959854126,0.05,,,,,,,,,,,0.34990863112331,0.659514561482939
959,train-load-0.9-scenario-33,0.9,0.89294,0.4037295,0.89294,6.961882488788454,0.31439013413967265,0.6856098658603273,0.75,0.25,0.75,0.25,6,2,6,2,8,5,8,6,0.2246984839439392,0.05,,,,,,,,,,,0.34990863112331,0.659514561482939
960,train-load-0.9-scenario-221,0.9,0.7855296666666667,0.5269933333333333,0.7855296666666667,11.06656156590585,0.7886122615889221,0.7669432939666334,0.8888888888888888,0.1111111111111111,0.9,0.1,8,1,9,1,10,6,9,8,0.40466010570526123,0.05,,,,,,,,,,,0.34990863112331,0.659514561482939
961,train-load-0.7-scenario-719,0.7,0.7833333333333333,0.7833333333333333,0.7333333333333333,16.620100685981363,1.0969038094211483,0.5697628572455182,0.9166666666666666,0.08333333333333333,0.9166666666666666,0.08333333333333333,11,1,11,1,12,6,12,11,0.5292747616767883,0.05,,,,,,,,,,,0.34990863112331,0.659514561482939
962,train-load-0.6-scenario-382,0.6,0.6006325,0.4359125,0.6006325,4.7337929749986145,0.34503919492925206,0.854960805070748,0.8,0.2,0.6666666666666666,0.3333333333333333,4,1,4,2,6,4,5,4,0.672929584980011,0.05,,,,,,,,,,,0.34990863112331,0.659514561482939
963,train-load-0.8-scenario-738,0.8,0.7725772,0.46709924999999997,0.7725772,13.566714619120825,1.0942968061654699,0.46125874939008543,0.8888888888888888,0.1111111111111111,0.8888888888888888,0.1111111111111111,8,1,8,1,9,5,9,8,0.38358980417251587,0.05,,,,,,,,,,,0.34990863112331,0.659514561482939
964,train-load-0.7-scenario-140,0.7,0.639585,0.4686475,0.639585,16.00517746703079,1.4794622578310719,0.5205377421689282,1.0,0.0,1.0,0.0,9,0,11,0,11,8,9,9,0.3639768362045288,0.05,,,,,,,,,,,0.34990863112331,0.659514561482939
965,train-load-0.5-scenario-704-retry-5,0.5,0.42857142857142855,0.2857142857142857,0.42857142857142855,20.35622007994331,1.4999018505194481,0.5000981494805519,1.0,0.0,1.0,0.0,12,0,12,0,12,7,12,12,0.4338102638721466,0.05,,,,,,,,,,,0.34990863112331,0.659514561482939
966,train-load-0.8-scenario-677-retry-2,0.8,0.9142857142857143,0.5142857142857142,0.9142857142857143,7.563688172744278,0.39117870378149544,0.6088212962185046,0.75,0.25,0.6666666666666666,0.3333333333333333,6,2,8,4,12,7,8,6,0.5565900206565857,0.05,,,,,,,,,,,0.34990863112331,0.659514561482939
967,train-load-1.0-scenario-336-retry-1,1.0,0.952744,0.5729109375,0.952744,11.725633189053198,1.0493501334310733,0.4506498665689268,0.875,0.125,0.875,0.125,7,1,7,1,8,4,8,7,0.5193966031074524,0.05,,,,,,,,,,,0.34990863112331,0.659514561482939
968,train-load-0.8-scenario-177,0.8,0.9166666666666666,0.9166666666666666,0.36666666666666664,4.750585977276332,-0.33744817347289136,0.5192663552910731,0.5454545454545454,0.45454545454545453,0.5454545454545454,0.45454545454545453,6,5,6,5,11,6,11,6,0.49528536200523376,0.05,,,,,,,,,,,0.34990863112331,0.659514561482939
969,train-load-1.0-scenario-146-retry-1,1.0,1.0,0.8333333333333334,1.0,14.817479090149934,0.6101475937375497,0.32318573959578345,0.7333333333333333,0.26666666666666666,0.7333333333333333,0.26666666666666666,11,4,11,4,15,6,15,11,0.6247618198394775,0.05,,,,,,,,,,,0.34990863112331,0.659514561482939
970,train-load-0.5-scenario-100,0.5,0.43203099999999994,0.4170916666666667,0.43203099999999994,10.905648592424493,1.2145633329989525,0.7854366670010475,1.0,0.0,1.0,0.0,6,0,7,0,7,6,6,6,0.3592088520526886,0.05,,,,,,,,,,,0.34990863112331,0.659514561482939
971,train-load-0.6-scenario-195,0.6,0.5666666666666667,0.4166666666666667,0.5666666666666667,18.184901928055375,1.583873113739946,0.4161268862600541,1.0,0.0,1.0,0.0,10,0,10,0,10,6,10,10,0.33546826243400574,0.05,,,,,,,,,,,0.34990863112331,0.659514561482939
972,train-load-0.6-scenario-607,0.6,0.5625,0.525,0.5625,14.751303831147613,1.5509209232586498,0.44907907674135017,1.0,0.0,1.0,0.0,8,0,8,0,8,8,8,8,0.3042057752609253,0.05,,,,,,,,,,,0.34990863112331,0.659514561482939
973,train-load-0.9-scenario-471-retry-4,0.9,1.0,1.0,0.55,8.027256675313303,-0.05281512956946843,0.51435359110793,0.6153846153846154,0.38461538461538464,0.6153846153846154,0.38461538461538464,8,5,8,5,13,7,13,8,0.6055265069007874,0.05,,,,,,,,,,,0.34990863112331,0.659514561482939
974,train-load-0.5-scenario-517,0.5,0.45325540000000003,0.2110875,0.45325540000000003,6.356687121842752,1.197817840803458,0.802182159196542,1.0,0.0,1.0,0.0,3,0,4,0,4,5,3,3,0.41672706604003906,0.05,,,,,,,,,,,0.34990863112331,0.659514561482939
975,train-load-0.9-scenario-378,0.9,0.9307661428571429,0.4869672619047619,0.9307661428571429,11.3684070002586,0.5469799916084158,0.725747281118857,0.8181818181818182,0.18181818181818182,0.7692307692307693,0.23076923076923078,9,2,10,3,13,7,11,9,0.2838391959667206,0.05,,,,,,,,,,,0.34990863112331,0.659514561482939
976,train-load-0.5-scenario-210,0.5,0.46905233333333335,0.35242430555555554,0.46905233333333335,11.643831611034768,1.4254415609738298,0.5745584390261703,1.0,0.0,1.0,0.0,6,0,6,0,6,6,6,6,0.4467475414276123,0.05,,,,,,,,,,,0.34990863112331,0.659514561482939
977,train-load-0.5-scenario-66,0.5,0.4375097142857143,0.4229901785714286,0.4375097142857143,11.581192150178037,1.3688570627478307,0.6311429372521692,1.0,0.0,1.0,0.0,6,0,8,0,8,7,6,6,0.32392746210098267,0.05,,,,,,,,,,,0.34990863112331,0.659514561482939
978,train-load-0.8-scenario-81,0.8,0.9166666666666666,0.3055555555555556,0.9166666666666666,5.144522434882566,-0.3023380047397698,0.48415618655795156,0.5454545454545454,0.45454545454545453,0.5454545454545454,0.45454545454545453,6,5,6,5,11,6,11,6,0.5309330224990845,0.05,,,,,,,,,,,0.34990863112331,0.659514561482939
979,train-load-0.9-scenario-149,0.9,0.84444275,0.6918114583333334,0.84444275,5.423551357191913,0.12167585251050239,0.7354670046323548,0.7142857142857143,0.2857142857142857,0.625,0.375,5,2,5,3,8,4,7,5,0.3047410547733307,0.05,,,,,,,,,,,0.34990863112331,0.659514561482939
980,train-load-0.8-scenario-33,0.8,0.7000730357142858,0.7000730357142858,0.5506954285714286,14.405240289580593,0.6061629172813918,0.7784524673339928,0.8461538461538461,0.15384615384615385,0.8461538461538461,0.15384615384615385,11,2,11,2,13,7,13,11,0.1273801624774933,0.05,,,,,,,,,,,0.34990863112331,0.659514561482939
981,train-load-0.9-scenario-564,0.9,1.0,0.8541666666666666,1.0,10.128737413622815,0.02306876113716183,0.2269312388628381,0.5625,0.4375,0.5625,0.4375,9,7,9,7,16,4,16,9,0.13790708780288696,0.05,,,,,,,,,,,0.34990863112331,0.659514561482939
982,train-load-0.8-scenario-5,0.8,0.7887406,0.5106408333333333,0.7887406,12.474997087925246,1.0084499541689662,0.5471056013865894,0.8888888888888888,0.1111111111111111,0.8888888888888888,0.1111111111111111,8,1,8,1,9,5,9,8,0.40743082761764526,0.05,,,,,,,,,,,0.34990863112331,0.659514561482939
983,train-load-0.6-scenario-299,0.6,0.5714285714285714,0.11428571428571428,0.5714285714285714,10.618195625180517,0.8700019905670753,0.6299980094329247,0.875,0.125,0.875,0.125,7,1,7,1,8,7,8,7,0.19318705797195435,0.05,,,,,,,,,,,0.34990863112331,0.659514561482939
984,train-load-0.5-scenario-119,0.5,0.5625,0.28125,0.5625,13.230507881038637,1.1015129938387749,0.45404256171678076,0.8888888888888888,0.1111111111111111,0.8888888888888888,0.1111111111111111,8,1,8,1,9,8,9,8,0.6208090782165527,0.05,,,,,,,,,,,0.34990863112331,0.659514561482939
985,train-load-0.8-scenario-296-retry-2,0.8,0.8214285714285714,0.7857142857142857,0.8214285714285714,7.73073963473836,0.06651525596948704,0.47893928948505843,0.6363636363636364,0.36363636363636365,0.6363636363636364,0.36363636363636365,7,4,7,4,11,7,11,7,0.5423775911331177,0.05,,,,,,,,,,,0.34990863112331,0.659514561482939
986,train-load-1.0-scenario-461,1.0,1.0074468571428572,0.46177648809523814,1.0074468571428572,11.634791641276806,0.6281617274857298,0.644565545241543,0.8181818181818182,0.18181818181818182,0.6923076923076923,0.3076923076923077,9,2,9,4,13,7,11,9,0.24552375078201294,0.05,,,,,,,,,,,0.34990863112331,0.659514561482939
987,train-load-0.6-scenario-595,0.6,0.51236675,0.4463771875,0.51236675,15.743094027122021,1.4357137489410463,0.5642862510589537,1.0,0.0,1.0,0.0,9,0,11,0,11,8,9,9,0.30314379930496216,0.05,,,,,,,,,,,0.34990863112331,0.659514561482939
988,train-load-1.0-scenario-55-retry-4,1.0,0.975,0.6125,0.975,7.3074647433084365,-0.23664703823329425,0.52236132394758,0.5714285714285714,0.42857142857142855,0.5714285714285714,0.42857142857142855,8,6,8,6,14,8,14,8,0.23250514268875122,0.05,,,,,,,,,,,0.34990863112331,0.659514561482939
989,train-load-0.8-scenario-356,0.8,0.8285714285714286,0.8285714285714286,0.8285714285714286,14.852765091027003,0.6369014943626937,0.2964318389706394,0.7333333333333333,0.26666666666666666,0.7333333333333333,0.26666666666666666,11,4,11,4,15,7,15,11,0.558892548084259,0.05,,,,,,,,,,,0.34990863112331,0.659514561482939
990,train-load-1.0-scenario-556-retry-2,1.0,0.9166666666666666,0.9166666666666666,0.7333333333333333,6.155104180616332,-0.12358090378328046,0.30539908560146223,0.5454545454545454,0.45454545454545453,0.5454545454545454,0.45454545454545453,6,5,6,5,11,6,11,6,0.5064305067062378,0.05,,,,,,,,,,,0.34990863112331,0.659514561482939
991,train-load-0.8-scenario-77,0.8,0.875,0.45,0.875,-0.053714849259638875,-1.0623603788478202,0.6623603788478202,0.4,0.6,0.4,0.6,4,6,4,6,10,8,10,4,0.4532274007797241,0.05,,,,,,,,,,,0.34990863112331,0.659514561482939
992,train-load-0.7-scenario-738,0.7,0.63125,0.4,0.63125,25.652777739045668,1.5109683491898442,0.4890316508101557,1.0,0.0,1.0,0.0,16,0,16,0,16,8,16,16,0.48880329728126526,0.05,,,,,,,,,,,0.34990863112331,0.659514561482939
993,train-load-0.7-scenario-90-retry-1,0.7,0.75,0.75,0.6166666666666667,14.582675734201294,0.6062105066674752,0.5366466361896677,0.7857142857142857,0.21428571428571427,0.7857142857142857,0.21428571428571427,11,3,11,3,14,6,14,11,0.663432776927948,0.05,,,,,,,,,,,0.34990863112331,0.659514561482939
994,train-load-0.7-scenario-169-retry-4,0.7,0.75,0.3125,0.75,3.7203151172604794,-0.43746701077964256,0.43746701077964256,0.5,0.5,0.5,0.5,5,5,5,5,10,8,10,5,0.4133118689060211,0.05,,,,,,,,,,,0.34990863112331,0.659514561482939
995,train-load-1.0-scenario-110-retry-1,1.0,0.9232765,0.8210281249999999,0.9232765,12.433994832713108,0.8502451406781274,0.3497548593218727,0.8,0.2,0.8,0.2,8,2,8,2,10,4,10,8,0.35583630204200745,0.05,,,,,,,,,,,0.34990863112331,0.659514561482939
996,train-load-0.8-scenario-380,0.8,0.6914437499999999,0.633835625,0.6914437499999999,8.142945824067132,0.715353365753252,0.6179799675800814,0.8333333333333334,0.16666666666666666,0.7142857142857143,0.2857142857142857,5,1,5,2,7,4,6,5,0.41330304741859436,0.05,,,,,,,,,,,0.34990863112331,0.659514561482939
997,train-load-0.6-scenario-507,0.6,0.5134112857142857,0.3727232142857143,0.5134112857142857,14.20487406508168,1.1832361020278999,0.8167638979721001,1.0,0.0,1.0,0.0,9,0,9,0,9,7,9,9,0.4435468316078186,0.05,,,,,,,,,,,0.34990863112331,0.659514561482939
998,train-load-1.0-scenario-399-retry-1,1.0,0.906892,0.571739375,0.906892,14.694834620020291,0.513203121500594,0.6867968784994061,0.8,0.2,0.75,0.25,12,3,12,4,16,8,15,12,0.5337944030761719,0.05,,,,,,,,,,,0.34990863112331,0.659514561482939
999,train-load-1.0-scenario-686-retry-6,1.0,1.1111111111111112,1.1111111111111112,0.6666666666666666,2.1733143245608826,-0.6518224937728028,0.6518224937728028,0.5,0.5,0.5,0.5,5,5,5,5,10,6,10,5,0.447849839925766,0.05,,,,,,,,,,,0.34990863112331,0.659514561482939
1000,train-load-0.5-scenario-482-retry-2,0.5,0.5714285714285714,0.5714285714285714,0.22857142857142856,11.307033045045408,0.9850514497619043,0.5149485502380957,0.875,0.125,0.875,0.125,7,1,7,1,8,7,8,7,0.24065473675727844,0.05,0.34664159252432636,0.5370187834384132,0.7209150939906849,0.2790849060093151,0.7075134373935269,0.2924865626064731,0.6502300679266754,0.7317113012885764,0.2765407408371061,0.6969161659159868,0.34990863112331,0.659514561482939
1001,train-load-0.6-scenario-260,0.6,0.6534285999999999,0.3731033333333333,0.6534285999999999,10.58318460851395,1.4276699226019813,0.5723300773980187,1.0,0.0,1.0,0.0,5,0,6,0,6,5,5,5,0.48581016063690186,0.05,,,,,,,,,,,0.34990863112331,0.659514561482939
1002,train-load-0.5-scenario-520-retry-3,0.5,0.43333333333333335,0.43333333333333335,0.4,16.13571784694885,1.4345712051144548,0.5654287948855452,1.0,0.0,1.0,0.0,9,0,9,0,9,5,9,9,0.6475663781166077,0.05,,,,,,,,,,,0.34990863112331,0.659514561482939
1003,train-load-0.9-scenario-622-retry-3,0.9,0.9166666666666666,0.18333333333333332,0.9166666666666666,19.716711307370172,0.39772554558724754,0.6931835453218433,0.7727272727272727,0.22727272727272727,0.7727272727272727,0.22727272727272727,17,5,17,5,22,6,22,17,0.5718252658843994,0.05,,,,,,,,,,,0.34990863112331,0.659514561482939
1004,train-load-0.7-scenario-737,0.7,0.6366017500000001,0.29887864583333335,0.6366017500000001,14.099768541674372,1.1673597622992307,0.8326402377007693,1.0,0.0,1.0,0.0,9,0,9,0,9,8,9,9,0.40198853611946106,0.05,,,,,,,,,,,0.34990863112331,0.659514561482939
1005,train-load-0.6-scenario-748,0.6,0.48333333333333334,0.475,0.48333333333333334,25.75533895775438,1.2955194943409896,0.7044805056590104,1.0,0.0,1.0,0.0,17,0,17,0,17,6,17,17,0.3571580648422241,0.05,,,,,,,,,,,0.34990863112331,0.659514561482939
1006,train-load-0.6-scenario-293,0.6,0.5241841428571429,0.4256132142857143,0.5241841428571429,14.298607605128936,1.2241119039579915,0.7758880960420085,1.0,0.0,1.0,0.0,9,0,9,0,9,7,9,9,0.24961748719215393,0.05,,,,,,,,,,,0.34990863112331,0.659514561482939
1007,train-load-0.9-scenario-604-retry-12,0.9,1.0,0.8,1.0,7.452698293161923,-0.06592649880190482,0.3992598321352382,0.5833333333333334,0.4166666666666667,0.5833333333333334,0.4166666666666667,7,5,14,10,24,6,12,7,0.5577660799026489,0.05,,,,,,,,,,,0.34990863112331,0.659514561482939
1008,train-load-0.9-scenario-696-retry-6,0.9,1.0,1.0,0.5,4.6278292543760235,-0.4330326039243242,0.4330326039243242,0.5,0.5,0.5,0.5,6,6,6,6,12,6,12,6,0.8073782920837402,0.05,,,,,,,,,,,0.34990863112331,0.659514561482939
1009,train-load-0.8-scenario-642,0.8,0.7558838571428571,0.42963964285714284,0.7558838571428571,7.29948165024783,-0.016915022508312005,0.9260059315992212,0.7272727272727273,0.2727272727272727,0.6666666666666666,0.3333333333333333,8,3,8,4,12,7,11,8,0.41167041659355164,0.05,,,,,,,,,,,0.34990863112331,0.659514561482939
1010,train-load-0.5-scenario-611,0.5,0.4772624285714286,0.2923067857142857,0.4772624285714286,11.658840186634485,1.1833611448131596,0.8166388551868404,1.0,0.0,1.0,0.0,7,0,7,0,7,7,7,7,0.49716588854789734,0.05,,,,,,,,,,,0.34990863112331,0.659514561482939
1011,train-load-0.9-scenario-143-retry-2,0.9,1.0,0.8611111111111112,1.0,2.2049205402704186,-0.8428110040533894,0.6889648502072356,0.46153846153846156,0.5384615384615384,0.46153846153846156,0.5384615384615384,6,7,6,7,13,6,13,6,0.47900936007499695,0.05,,,,,,,,,,,0.34990863112331,0.659514561482939
1012,train-load-0.9-scenario-329,0.9,0.9071428571428571,0.7,0.9071428571428571,16.9990711544995,0.42319186180570234,0.37680813819429765,0.7,0.3,0.7,0.3,14,6,14,6,20,7,20,14,0.6449786424636841,0.05,,,,,,,,,,,0.34990863112331,0.659514561482939
1013,train-load-0.7-scenario-88,0.7,0.8125,0.725,0.8125,7.476284465399677,0.3467583728844066,0.6532416271155934,0.75,0.25,0.6363636363636364,0.36363636363636365,6,2,7,4,11,8,8,6,0.26917126774787903,0.05,,,,,,,,,,,0.34990863112331,0.659514561482939
1014,train-load-0.5-scenario-177,0.5,0.5142857142857142,0.4166666666666667,0.5142857142857142,15.495513307972097,1.1900371041021636,0.8099628958978365,1.0,0.0,1.0,0.0,10,0,10,0,10,7,10,10,0.3358924388885498,0.05,,,,,,,,,,,0.34990863112331,0.659514561482939
1015,train-load-0.5-scenario-629-retry-1,0.5,0.48343600000000003,0.27004812499999997,0.48343600000000003,7.137724674393333,1.297230477988729,0.7027695220112712,1.0,0.0,1.0,0.0,3,0,4,0,4,4,3,3,0.740630030632019,0.05,,,,,,,,,,,0.34990863112331,0.659514561482939
1016,train-load-0.7-scenario-540,0.7,0.6293641666666667,0.57124375,0.6293641666666667,11.731094447685665,0.854814535178155,0.7007410203774004,0.8888888888888888,0.1111111111111111,0.8,0.2,8,1,8,2,10,6,9,8,0.7400522232055664,0.05,,,,,,,,,,,0.34990863112331,0.659514561482939
1017,train-load-0.8-scenario-456,0.8,0.6992966666666667,0.6992966666666667,0.6260766,15.339509284011331,1.6160558696081626,0.38394413039183733,1.0,0.0,1.0,0.0,8,0,9,0,9,5,8,8,0.14997726678848267,0.05,,,,,,,,,,,0.34990863112331,0.659514561482939
1018,train-load-0.9-scenario-67,0.9,0.9857142857142858,0.7857142857142857,0.9857142857142858,4.741256627201571,-0.6179638997788296,0.4846305664454963,0.4666666666666667,0.5333333333333333,0.4666666666666667,0.5333333333333333,7,8,7,8,15,7,15,7,0.9384526014328003,0.05,,,,,,,,,,,0.34990863112331,0.659514561482939
1019,train-load-0.8-scenario-190-retry-2,0.8,0.9142857142857143,0.9142857142857143,0.9142857142857143,16.274873019911723,0.7012153401394259,0.298784659860574,0.75,0.25,0.75,0.25,12,4,12,4,16,7,16,12,0.7377817630767822,0.05,,,,,,,,,,,0.34990863112331,0.659514561482939
1020,train-load-0.9-scenario-242-retry-10,0.9,1.02,1.02,0.69,9.316983338368924,0.1697564238246444,0.4969102428420222,0.6666666666666666,0.3333333333333333,0.6666666666666666,0.3333333333333333,8,4,8,4,12,5,12,8,0.6904749870300293,0.05,,,,,,,,,,,0.34990863112331,0.659514561482939
1021,train-load-0.5-scenario-664-retry-2,0.5,0.42142857142857143,0.42142857142857143,0.38571428571428573,30.42628079102778,1.4199069478810897,0.5800930521189104,1.0,0.0,1.0,0.0,20,0,20,0,20,7,20,20,0.5783361196517944,0.05,,,,,,,,,,,0.34990863112331,0.659514561482939
1022,train-load-0.8-scenario-22,0.8,0.7063581250000001,0.7063581250000001,0.6644785,5.874718699630766,0.2686301019334749,0.5885127552093823,0.7142857142857143,0.2857142857142857,0.7142857142857143,0.2857142857142857,5,2,5,2,7,4,7,5,0.25490567088127136,0.05,,,,,,,,,,,0.34990863112331,0.659514561482939
1023,train-load-0.9-scenario-504,0.9,0.8134125,0.8134125,0.7510618333333333,12.322200127051648,0.6249987164259695,0.6477285563013033,0.8181818181818182,0.18181818181818182,0.7692307692307693,0.23076923076923078,9,2,10,3,13,6,11,9,0.35856562852859497,0.05,,,,,,,,,,,0.34990863112331,0.659514561482939
1024,train-load-0.8-scenario-623-retry-1,0.8,0.9,0.9,0.75,8.002088921775819,0.35965790506420336,0.30700876160246315,0.6666666666666666,0.3333333333333333,0.6666666666666666,0.3333333333333333,6,3,12,6,18,6,9,6,0.753494381904602,0.05,,,,,,,,,,,0.34990863112331,0.659514561482939
1025,train-load-0.9-scenario-411,0.9,0.80215825,0.53750625,0.80215825,16.176591382653548,0.7894249103219085,0.63914651824952,0.8571428571428571,0.14285714285714285,0.8571428571428571,0.14285714285714285,12,2,12,2,14,8,14,12,0.29384586215019226,0.05,,,,,,,,,,,0.34990863112331,0.659514561482939
1026,train-load-1.0-scenario-105-retry-6,1.0,1.0333333333333334,0.6958333333333333,1.0333333333333334,8.28934801836448,0.05834775792794222,0.6083189087387244,0.6666666666666666,0.3333333333333333,0.7058823529411765,0.29411764705882354,8,4,12,5,17,6,12,8,0.34759223461151123,0.05,,,,,,,,,,,0.34990863112331,0.659514561482939
1027,train-load-0.5-scenario-285,0.5,0.5666666666666667,0.3888888888888889,0.5666666666666667,18.384117803018842,1.4623603348337946,0.5376396651662054,1.0,0.0,1.0,0.0,11,0,11,0,11,6,11,11,0.28858551383018494,0.05,,,,,,,,,,,0.34990863112331,0.659514561482939
1028,train-load-1.0-scenario-740,1.0,1.0833333333333333,1.0833333333333333,0.9625,1.5074197417340456,-0.6448706518046916,0.6448706518046916,0.5,0.5,0.42857142857142855,0.5714285714285714,4,4,6,8,14,8,8,4,0.5263544321060181,0.05,,,,,,,,,,,0.34990863112331,0.659514561482939
1029,train-load-0.8-scenario-652-retry-3,0.8,0.8333333333333334,0.5,0.8333333333333334,21.68140325917748,0.8246677143276794,0.3753322856723206,0.8,0.2,0.8,0.2,16,4,16,4,20,6,20,16,0.22948269546031952,0.05,,,,,,,,,,,0.34990863112331,0.659514561482939
1030,train-load-1.0-scenario-689-retry-1,1.0,0.9,0.75,0.9,10.15324035665948,0.3359447389515212,0.3307219277151453,0.6666666666666666,0.3333333333333333,0.6666666666666666,0.3333333333333333,8,4,8,4,12,8,12,8,0.2545001208782196,0.05,,,,,,,,,,,0.34990863112331,0.659514561482939
1031,train-load-0.9-scenario-736,0.9,0.7832905714285714,0.40436500000000003,0.7832905714285714,14.961705086359803,1.0386135471338014,0.5977500892298347,0.9090909090909091,0.09090909090909091,0.9090909090909091,0.09090909090909091,10,1,10,1,11,7,11,10,0.3262776732444763,0.05,,,,,,,,,,,0.34990863112331,0.659514561482939
1032,train-load-0.5-scenario-551,0.5,0.44587340000000003,0.44522600000000007,0.44587340000000003,10.91717880263204,1.4416749262690198,0.5583250737309802,1.0,0.0,1.0,0.0,5,0,6,0,6,5,5,5,0.6219147443771362,0.05,,,,,,,,,,,0.34990863112331,0.659514561482939
1033,train-load-0.8-scenario-315-retry-5,0.8,0.9,0.9,0.5625,9.70594775930093,0.6145066885774957,0.4966044225336155,0.7777777777777778,0.2222222222222222,0.7777777777777778,0.2222222222222222,7,2,7,2,9,4,9,7,0.33812665939331055,0.05,,,,,,,,,,,0.34990863112331,0.659514561482939
1034,train-load-0.5-scenario-262,0.5,0.52,0.52,0.16,13.119380017526172,1.2373144625711439,0.7626855374288561,1.0,0.0,1.0,0.0,8,0,8,0,8,5,8,8,0.33392781019210815,0.05,,,,,,,,,,,0.34990863112331,0.659514561482939
1035,train-load-0.6-scenario-5-retry-8,0.6,0.7142857142857143,0.5952380952380952,0.7142857142857143,10.952109279227079,0.48236984127797333,0.4267210678129359,0.7272727272727273,0.2727272727272727,0.7272727272727273,0.2727272727272727,8,3,8,3,11,7,11,8,0.6329932808876038,0.05,,,,,,,,,,,0.34990863112331,0.659514561482939
1036,train-load-0.8-scenario-422-retry-3,0.8,0.68,0.52,0.68,26.94650916677839,1.5109857062245269,0.4890142937754731,1.0,0.0,1.0,0.0,17,0,17,0,17,5,17,17,0.6434708833694458,0.05,,,,,,,,,,,0.34990863112331,0.659514561482939
1037,train-load-0.9-scenario-228-retry-1,0.9,0.8571428571428571,0.4523809523809524,0.8571428571428571,2.3981153045682273,-0.5673975860070922,0.3451753637848699,0.4444444444444444,0.5555555555555556,0.4444444444444444,0.5555555555555556,4,5,4,5,9,7,9,4,0.302910178899765,0.05,,,,,,,,,,,0.34990863112331,0.659514561482939
1038,train-load-0.9-scenario-358-retry-1,0.9,0.9666666666666667,0.4444444444444444,0.9666666666666667,6.188534022388159,-0.05018325025889736,0.8501832502588973,0.7,0.3,0.7,0.3,7,3,7,3,10,6,10,7,0.27372294664382935,0.05,,,,,,,,,,,0.34990863112331,0.659514561482939
1039,train-load-0.5-scenario-105-retry-1,0.5,0.4501662,0.3410958333333333,0.4501662,9.561768895101313,1.2623591794351752,0.7376408205648248,1.0,0.0,1.0,0.0,5,0,5,0,5,5,5,5,0.5581140518188477,0.05,,,,,,,,,,,0.34990863112331,0.659514561482939
1040,train-load-0.7-scenario-575,0.7,0.69379075,0.5644322916666666,0.69379075,5.597418765833467,0.1725655628780023,0.6845772942648549,0.7142857142857143,0.2857142857142857,0.7142857142857143,0.2857142857142857,5,2,5,2,7,4,7,5,0.3238210380077362,0.05,,,,,,,,,,,0.34990863112331,0.659514561482939
1041,train-load-0.6-scenario-82-retry-6,0.6,0.5,0.23333333333333334,0.5,16.2591311942347,1.3261181465082978,0.6738818534917022,1.0,0.0,1.0,0.0,10,0,10,0,10,5,10,10,0.481358140707016,0.05,,,,,,,,,,,0.34990863112331,0.659514561482939
1042,train-load-1.0-scenario-236-retry-3,1.0,1.1,0.9416666666666667,1.1,20.455037317200567,0.38325273133864934,0.5732690077917854,0.7391304347826086,0.2608695652173913,0.7391304347826086,0.2608695652173913,17,6,17,6,23,6,23,17,0.19212567806243896,0.05,,,,,,,,,,,0.34990863112331,0.659514561482939
1043,train-load-0.9-scenario-93,0.9,0.8077872,0.49993375,0.8077872,12.481037207939213,1.0526741962499861,0.5028813593055692,0.8888888888888888,0.1111111111111111,0.8888888888888888,0.1111111111111111,8,1,8,1,9,5,9,8,0.1930430382490158,0.05,,,,,,,,,,,0.34990863112331,0.659514561482939
1044,train-load-0.8-scenario-670,0.8,0.693003875,0.46464687499999996,0.693003875,11.20351591886452,0.5144886616278833,0.7582386110993895,0.8181818181818182,0.18181818181818182,0.8333333333333334,0.16666666666666666,9,2,10,2,12,8,11,9,0.08771217614412308,0.05,,,,,,,,,,,0.34990863112331,0.659514561482939
1045,train-load-0.5-scenario-669-retry-1,0.5,0.479875,0.34013229166666664,0.479875,11.179132098909317,1.5339890894382955,0.4660109105617046,1.0,0.0,1.0,0.0,5,0,5,0,5,4,5,5,0.30347567796707153,0.05,,,,,,,,,,,0.34990863112331,0.659514561482939
1046,train-load-0.6-scenario-155,0.6,0.5178200000000001,0.31527333333333335,0.5178200000000001,8.658520300999013,0.9040561838865993,1.0959438161134007,1.0,0.0,1.0,0.0,6,0,6,0,6,6,6,6,0.5094824433326721,0.05,,,,,,,,,,,0.34990863112331,0.659514561482939
1047,train-load-0.9-scenario-708-retry-1,0.9,0.8333333333333334,0.1388888888888889,0.8333333333333334,5.2271528778390355,-0.17309838510442965,0.5730983851044296,0.6,0.4,0.6,0.4,6,4,6,4,10,6,10,6,0.31133922934532166,0.05,,,,,,,,,,,0.34990863112331,0.659514561482939
1048,train-load-0.7-scenario-5,0.7,0.6670164285714285,0.5337098214285715,0.6670164285714285,17.22199206250212,1.295530980635181,0.7044690193648192,1.0,0.0,1.0,0.0,11,0,12,0,12,7,11,11,0.27835366129875183,0.05,,,,,,,,,,,0.34990863112331,0.659514561482939
1049,train-load-0.7-scenario-745-retry-2,0.7,0.775,0.3333333333333333,0.775,9.429434334534275,0.5321658702853993,0.5789452408257119,0.7777777777777778,0.2222222222222222,0.6666666666666666,0.3333333333333333,7,2,8,4,12,8,9,7,0.33856314420700073,0.05,,,,,,,,,,,0.34990863112331,0.659514561482939
1050,train-load-0.9-scenario-722-retry-4,0.9,0.875,0.5833333333333334,0.875,18.268626844084604,0.4348735840409452,0.42226927310191187,0.7142857142857143,0.2857142857142857,0.7142857142857143,0.2857142857142857,15,6,15,6,21,6,21,15,0.33676278591156006,0.05,,,,,,,,,,,0.34990863112331,0.659514561482939
1051,train-load-0.9-scenario-554,0.9,0.91754175,0.652490625,0.91754175,5.79429721588407,0.23526900728590094,0.6218738498569563,0.7142857142857143,0.2857142857142857,0.625,0.375,5,2,5,3,8,4,7,5,0.26552441716194153,0.05,,,,,,,,,,,0.34990863112331,0.659514561482939
1052,train-load-1.0-scenario-134-retry-4,1.0,0.9142857142857143,0.6571428571428571,0.9142857142857143,8.59983161714859,-0.09291681267008667,0.6643453840986582,0.6428571428571429,0.35714285714285715,0.6428571428571429,0.35714285714285715,9,5,9,5,14,7,14,9,0.34946590662002563,0.05,,,,,,,,,,,0.34990863112331,0.659514561482939
1053,train-load-0.6-scenario-147-retry-3,0.6,0.7142857142857143,0.18571428571428572,0.7142857142857143,17.339605632714907,1.0620776607493343,0.6302300315583582,0.9230769230769231,0.07692307692307693,0.9230769230769231,0.07692307692307693,12,1,12,1,13,7,13,12,0.46984392404556274,0.05,,,,,,,,,,,0.34990863112331,0.659514561482939
1054,train-load-0.8-scenario-72,0.8,0.6942014000000001,0.41499050000000004,0.6942014000000001,9.534125115129036,0.8152330006871386,0.6133384278842899,0.8571428571428571,0.14285714285714285,0.8571428571428571,0.14285714285714285,6,1,6,1,7,5,7,6,0.4874013066291809,0.05,,,,,,,,,,,0.34990863112331,0.659514561482939
1055,train-hard-4gpu-4pod-2vgpu,0.25,0.25,0.16666666666666666,0.25,11.616666666666667,1.9166666666666665,0.08333333333333337,1.0,0.0,1.0,0.0,4,0,8,0,8,4,4,4,0.372244268655777,0.05,,,,,,,,,,,0.34990863112331,0.659514561482939
1056,train-load-1.0-scenario-563-retry-5,1.0,1.1,0.3541666666666667,1.1,-1.4582695913783978,-1.2600223543823272,0.5933556877156605,0.3333333333333333,0.6666666666666666,0.3333333333333333,0.6666666666666666,3,6,3,6,9,6,9,3,0.3632681369781494,0.05,,,,,,,,,,,0.34990863112331,0.659514561482939
1057,train-load-0.5-scenario-147,0.5,0.5294331666666666,0.16891166666666668,0.5294331666666666,8.630806286405466,1.3281629313192604,0.6718370686807396,1.0,0.0,1.0,0.0,4,0,5,0,5,6,4,4,0.3125978112220764,0.05,,,,,,,,,,,0.34990863112331,0.659514561482939
1058,train-load-0.9-scenario-174,0.9,0.85,0.07291666666666667,0.85,0.8996780045621744,-0.8923815413939546,0.4923815413939547,0.4,0.6,0.4,0.6,4,6,4,6,10,8,10,4,0.2830173373222351,0.05,,,,,,,,,,,0.34990863112331,0.659514561482939
1059,train-load-0.5-scenario-442,0.5,0.4,0.08333333333333333,0.4,24.617831211006894,1.392316503192722,0.607683496807278,1.0,0.0,1.0,0.0,16,0,16,0,16,8,16,16,0.5534339547157288,0.05,,,,,,,,,,,0.34990863112331,0.659514561482939
1060,train-load-0.9-scenario-400,0.9,0.7943768333333333,0.3811083333333334,0.7943768333333333,8.410390976938912,0.37188500066972296,0.7392261104413882,0.7777777777777778,0.2222222222222222,0.7777777777777778,0.2222222222222222,7,2,7,2,9,6,9,7,0.6354072690010071,0.05,,,,,,,,,,,0.34990863112331,0.659514561482939
1061,train-load-0.7-scenario-361,0.7,0.76,0.6333333333333333,0.76,6.5427578828262805,0.2558121340360435,0.24418786596395653,0.625,0.375,0.625,0.375,5,3,5,3,8,5,8,5,0.5075482130050659,0.05,,,,,,,,,,,0.34990863112331,0.659514561482939
1062,train-load-0.8-scenario-427,0.8,0.9142857142857143,0.5714285714285714,0.9142857142857143,2.7542403325274396,-0.5198240236885787,0.742046245910801,0.5555555555555556,0.4444444444444444,0.42857142857142855,0.5714285714285714,5,4,6,8,14,7,9,5,0.3354683220386505,0.05,,,,,,,,,,,0.34990863112331,0.659514561482939
1063,train-load-0.6-scenario-575-retry-1,0.6,0.6428571428571429,0.5119047619047619,0.6428571428571429,14.76201343651369,1.5092966807900976,0.4907033192099025,1.0,0.0,1.0,0.0,8,0,8,0,8,7,8,8,0.5355242490768433,0.05,,,,,,,,,,,0.34990863112331,0.659514561482939
1064,train-load-1.0-scenario-402,1.0,0.9026386,0.7270665,0.9026386,11.702459613737007,0.7556224256017449,0.44437757439825526,0.8,0.2,0.7272727272727273,0.2727272727272727,8,2,8,3,11,5,10,8,0.5603039264678955,0.05,,,,,,,,,,,0.34990863112331,0.659514561482939
1065,train-load-0.5-scenario-552,0.5,0.4666666666666667,0.4666666666666667,0.23333333333333334,22.85532764826547,1.4804972620853483,0.5195027379146517,1.0,0.0,1.0,0.0,14,0,14,0,14,6,14,14,0.46344128251075745,0.05,,,,,,,,,,,0.34990863112331,0.659514561482939
1066,train-load-0.6-scenario-213,0.6,0.7142857142857143,0.15714285714285714,0.7142857142857143,14.281024269820673,0.9336772208288822,0.7026864155347541,0.9090909090909091,0.09090909090909091,0.9090909090909091,0.09090909090909091,10,1,10,1,11,7,11,10,0.5880504846572876,0.05,,,,,,,,,,,0.34990863112331,0.659514561482939
1067,train-load-0.8-scenario-425-retry-2,0.8,0.9,0.625,0.9,9.036786246588424,0.4754413718581453,0.32455862814185465,0.7,0.3,0.7,0.3,7,3,7,3,10,4,10,7,0.3328077793121338,0.05,,,,,,,,,,,0.34990863112331,0.659514561482939
1068,train-load-0.9-scenario-173-retry-1,0.9,1.0,0.4166666666666667,1.0,10.960196966178831,0.6842367644350226,0.5157632355649775,0.8,0.2,0.8,0.2,8,2,8,2,10,4,10,8,0.4703047275543213,0.05,,,,,,,,,,,0.34990863112331,0.659514561482939
1069,train-load-0.7-scenario-73,0.7,0.6431855714285714,0.5767175595238095,0.6431855714285714,12.383729896001856,0.9953739930340203,0.5601815625215351,0.8888888888888888,0.1111111111111111,0.9090909090909091,0.09090909090909091,8,1,10,1,11,7,9,8,0.42504066228866577,0.05,,,,,,,,,,,0.34990863112331,0.659514561482939
1070,train-load-0.8-scenario-658-retry-1,0.8,0.8857142857142857,0.6142857142857143,0.8857142857142857,13.371907524805268,0.8448752410603061,0.4278520316669668,0.8181818181818182,0.18181818181818182,0.75,0.25,9,2,12,4,16,7,11,9,0.44405755400657654,0.05,,,,,,,,,,,0.34990863112331,0.659514561482939
1071,train-load-0.9-scenario-321,0.9,1.0,1.0,0.4,2.3974497213457493,-0.46556166731948856,0.46556166731948856,0.5,0.5,0.5,0.5,4,4,8,8,16,8,8,4,0.44390246272087097,0.05,,,,,,,,,,,0.34990863112331,0.659514561482939
1072,train-load-0.6-scenario-407,0.6,0.5,0.5,0.25,29.87830851558533,1.3065882827203237,0.6934117172796764,1.0,0.0,1.0,0.0,20,0,20,0,20,8,20,20,0.38572725653648376,0.05,,,,,,,,,,,0.34990863112331,0.659514561482939
1073,train-load-1.0-scenario-520,1.0,1.05,0.975,1.05,0.5271893719047578,-0.834542159983771,0.6123199377615487,0.4444444444444444,0.5555555555555556,0.4444444444444444,0.5555555555555556,4,5,4,5,9,4,9,4,0.269584983587265,0.05,,,,,,,,,,,0.34990863112331,0.659514561482939
1074,train-load-0.5-scenario-683-retry-4,0.5,0.4642857142857143,0.18571428571428572,0.4642857142857143,20.969066871518145,1.3806220746762286,0.6193779253237714,1.0,0.0,1.0,0.0,13,0,13,0,13,7,13,13,0.4207073450088501,0.05,,,,,,,,,,,0.34990863112331,0.659514561482939
1075,train-load-0.8-scenario-402,0.8,0.9166666666666666,0.9166666666666666,0.325,8.703996566615249,0.11074052927931544,0.5559261373873512,0.6666666666666666,0.3333333333333333,0.6666666666666666,0.3333333333333333,8,4,8,4,12,8,12,8,0.3815924823284149,0.05,,,,,,,,,,,0.34990863112331,0.659514561482939
1076,train-load-0.8-scenario-246,0.8,0.7253058,0.372139,0.7253058,11.386149347638746,1.2003032431780718,0.7996967568219282,1.0,0.0,1.0,0.0,7,0,7,0,7,5,7,7,0.2494751214981079,0.05,,,,,,,,,,,0.34990863112331,0.659514561482939
1077,train-load-0.7-scenario-18,0.7,0.636751625,0.256309375,0.636751625,14.441064823219666,1.2711900741804445,0.7288099258195555,1.0,0.0,1.0,0.0,9,0,9,0,9,8,9,9,0.40155965089797974,0.05,,,,,,,,,,,0.34990863112331,0.659514561482939
1078,train-load-0.5-scenario-81,0.5,0.6,0.45,0.6,20.466337510190215,1.5428774403926093,0.4571225596073907,1.0,0.0,1.0,0.0,12,0,12,0,12,8,12,12,0.5173848867416382,0.05,,,,,,,,,,,0.34990863112331,0.659514561482939
1079,train-load-1.0-scenario-322,1.0,0.9296258333333333,0.7279743055555555,0.9296258333333333,14.11933550186985,1.025104394732999,0.24762287799427374,0.8181818181818182,0.18181818181818182,0.7692307692307693,0.23076923076923078,9,2,10,3,13,6,11,9,0.43087339401245117,0.05,,,,,,,,,,,0.34990863112331,0.659514561482939
1080,train-load-0.6-scenario-59,0.6,0.604597,0.48125062500000004,0.604597,6.91524599512285,1.2416193085442266,0.7583806914557734,1.0,0.0,1.0,0.0,3,0,5,0,5,4,3,3,0.49729302525520325,0.05,,,,,,,,,,,0.34990863112331,0.659514561482939
1081,train-load-0.8-scenario-260,0.8,0.7147785,0.5464288194444444,0.7147785,11.840552543604787,0.8884501212511603,0.6671054343043952,0.8888888888888888,0.1111111111111111,0.8,0.2,8,1,8,2,10,6,9,8,0.3668067455291748,0.05,,,,,,,,,,,0.34990863112331,0.659514561482939
1082,train-load-0.5-scenario-665,0.5,0.4377869047619048,0.4377869047619048,0.41811042857142855,11.007135107810294,1.3019833480972058,0.6980166519027942,1.0,0.0,1.0,0.0,6,0,8,0,8,7,6,6,0.335582435131073,0.05,,,,,,,,,,,0.34990863112331,0.659514561482939
1083,train-load-1.0-scenario-609,1.0,0.946296,0.7306233333333334,0.946296,6.3393977180225205,-0.03560385972733171,0.8356038597273316,0.7,0.3,0.6363636363636364,0.36363636363636365,7,3,7,4,11,5,10,7,0.20758485794067383,0.05,,,,,,,,,,,0.34990863112331,0.659514561482939
1084,train-load-0.5-scenario-371,0.5,0.5714285714285714,0.17142857142857143,0.5714285714285714,10.838837947615467,0.9089653025498006,0.5910346974501994,0.875,0.125,0.875,0.125,7,1,7,1,8,7,8,7,0.3034594655036926,0.05,,,,,,,,,,,0.34990863112331,0.659514561482939
1085,train-load-0.7-scenario-326,0.7,0.8125,0.2708333333333333,0.8125,7.395289358124813,-0.16442947124293794,0.6259679327813995,0.6153846153846154,0.38461538461538464,0.6153846153846154,0.38461538461538464,8,5,8,5,13,8,13,8,0.40342581272125244,0.05,,,,,,,,,,,0.34990863112331,0.659514561482939
1086,train-load-1.0-scenario-45,1.0,0.9397918,0.67272875,0.9397918,8.776194430525095,0.45784831258712577,0.6532627985239854,0.7777777777777778,0.2222222222222222,0.7,0.3,7,2,7,3,10,5,9,7,0.6484533548355103,0.05,,,,,,,,,,,0.34990863112331,0.659514561482939
1087,train-load-0.7-scenario-248-retry-1,0.7,0.6,0.12,0.6,18.335034915478772,1.2600039234315874,0.7399960765684126,1.0,0.0,1.0,0.0,12,0,12,0,12,5,12,12,0.3262786269187927,0.05,,,,,,,,,,,0.34990863112331,0.659514561482939
1088,train-load-0.8-scenario-187,0.8,0.90625,0.24375,0.90625,14.136276701365285,0.1979375621859092,0.6909513267029797,0.7222222222222222,0.2777777777777778,0.7222222222222222,0.2777777777777778,13,5,13,5,18,8,18,13,0.08156849443912506,0.05,,,,,,,,,,,0.34990863112331,0.659514561482939
1089,train-load-0.8-scenario-102-retry-5,0.8,0.875,0.875,0.575,14.230586307535702,0.7589960952187338,0.5743372381145998,0.8333333333333334,0.16666666666666666,0.7647058823529411,0.23529411764705882,10,2,13,4,17,8,12,10,0.4616846442222595,0.05,,,,,,,,,,,0.34990863112331,0.659514561482939
1090,train-load-1.0-scenario-479,1.0,0.9296232500000001,0.6233885416666667,0.9296232500000001,14.646194961924738,0.7422793750914851,0.6423360095238994,0.8461538461538461,0.15384615384615385,0.75,0.25,11,2,12,4,16,8,13,11,0.5851877331733704,0.05,,,,,,,,,,,0.34990863112331,0.659514561482939
1091,train-load-0.8-scenario-555-retry-1,0.8,0.825,0.4125,0.825,10.057927290376234,0.40064150267489385,0.5084494064160153,0.7272727272727273,0.2727272727272727,0.7272727272727273,0.2727272727272727,8,3,8,3,11,8,11,8,0.4165665805339813,0.05,,,,,,,,,,,0.34990863112331,0.659514561482939
1092,train-load-0.9-scenario-365,0.9,0.9166666666666666,0.625,0.9166666666666666,7.8500761377672985,0.40381981819773693,0.5961801818022631,0.75,0.25,0.6363636363636364,0.36363636363636365,6,2,7,4,11,6,8,6,0.3116515576839447,0.05,,,,,,,,,,,0.34990863112331,0.659514561482939
1093,train-load-0.8-scenario-723,0.8,0.7671538,0.44429416666666666,0.7671538,10.94612561488118,0.9429974793136284,0.5570025206863716,0.875,0.125,0.875,0.125,7,1,7,1,8,5,8,7,0.3682732880115509,0.05,,,,,,,,,,,0.34990863112331,0.659514561482939
1094,train-load-0.6-scenario-355-retry-1,0.6,0.6857142857142857,0.6857142857142857,0.2642857142857143,10.752930897242956,0.8807244546436483,0.6192755453563518,0.875,0.125,0.875,0.125,7,1,7,1,8,7,8,7,0.26153531670570374,0.05,,,,,,,,,,,0.34990863112331,0.659514561482939
1095,train-load-0.8-scenario-23-retry-1,0.8,0.9142857142857143,0.10119047619047619,0.9142857142857143,16.471823947744387,0.4784403138489171,0.8156773332099063,0.8235294117647058,0.17647058823529413,0.8235294117647058,0.17647058823529413,14,3,14,3,17,7,17,14,0.45965468883514404,0.05,,,,,,,,,,,0.34990863112331,0.659514561482939
1096,train-load-0.5-scenario-644,0.5,0.5,0.20833333333333334,0.5,17.424862960547472,1.4744440030682389,0.5255559969317611,1.0,0.0,1.0,0.0,10,0,10,0,10,4,10,10,0.4326421320438385,0.05,,,,,,,,,,,0.34990863112331,0.659514561482939
1097,train-load-0.9-scenario-433-retry-1,0.9,0.790944,0.5973854166666667,0.790944,10.146483839877657,0.5054558462293127,0.6945441537706873,0.8,0.2,0.7272727272727273,0.2727272727272727,8,2,8,3,11,6,10,8,0.27710869908332825,0.05,,,,,,,,,,,0.34990863112331,0.659514561482939
1098,train-load-0.7-scenario-206-retry-3,0.7,0.6625,0.3541666666666667,0.6625,3.4540386141987307,-0.4142229908884185,0.6364452131106408,0.5555555555555556,0.4444444444444444,0.5555555555555556,0.4444444444444444,5,4,5,4,9,8,9,5,0.6787787675857544,0.05,,,,,,,,,,,0.34990863112331,0.659514561482939
1099,train-load-0.5-scenario-748,0.5,0.461018,0.39347552083333337,0.461018,13.162738036877801,1.3989698215727582,0.6010301784272418,1.0,0.0,1.0,0.0,7,0,9,0,9,8,7,7,0.3560252785682678,0.05,,,,,,,,,,,0.34990863112331,0.659514561482939
1100,train-load-0.6-scenario-120,0.6,0.51617475,0.441943125,0.51617475,12.854044874283254,1.164632234843817,0.835367765156183,1.0,0.0,1.0,0.0,8,0,10,0,10,8,8,8,0.5918576717376709,0.05,0.3523844633933597,0.5352697164537529,0.7219135449617782,0.2780864550382219,0.7081859564077674,0.2918140435922327,0.6537838627946979,0.7186965743901629,0.26784222965858107,0.6967943650800273,0.34990863112331,0.659514561482939
1101,train-load-0.6-scenario-651-retry-1,0.6,0.7,0.2857142857142857,0.7,6.344038425920457,0.17303887592511868,0.8269611240748813,0.75,0.25,0.75,0.25,6,2,6,2,8,7,8,6,0.7163158655166626,0.05,,,,,,,,,,,0.34990863112331,0.659514561482939
1102,train-load-0.9-scenario-85-retry-1,0.9,0.8632242499999999,0.7130421875,0.8632242499999999,7.187917856830246,0.4429959756105748,0.4141468815322824,0.7142857142857143,0.2857142857142857,0.75,0.25,5,2,6,2,8,4,7,5,0.5298599004745483,0.05,,,,,,,,,,,0.34990863112331,0.659514561482939
1103,train-load-0.8-scenario-400,0.8,0.8960515,0.58297875,0.8960515,5.8733068698004605,0.5664374358111808,0.6335625641888193,0.8,0.2,0.7142857142857143,0.2857142857142857,4,1,5,2,7,4,5,4,0.23811331391334534,0.05,,,,,,,,,,,0.34990863112331,0.659514561482939
1104,train-load-0.8-scenario-147-retry-1,0.8,0.9,0.36,0.9,4.016224523849861,-0.2616009980835068,0.48382322030572905,0.5555555555555556,0.4444444444444444,0.5555555555555556,0.4444444444444444,5,4,5,4,9,5,9,5,0.4009621739387512,0.05,,,,,,,,,,,0.34990863112331,0.659514561482939
1105,train-load-0.9-scenario-377,0.9,0.840312,0.5589093749999999,0.840312,18.38873709762199,0.9484651605974566,0.5182015060692102,0.8666666666666667,0.13333333333333333,0.8666666666666667,0.13333333333333333,13,2,13,2,15,8,15,13,0.5505422353744507,0.05,,,,,,,,,,,0.34990863112331,0.659514561482939
1106,train-load-0.8-scenario-690,0.8,0.7390285,0.5802612500000001,0.7390285,17.728478471908325,0.9117146226308104,0.8025710916549039,0.9285714285714286,0.07142857142857142,0.9333333333333333,0.06666666666666667,13,1,14,1,15,8,14,13,0.2185841053724289,0.05,,,,,,,,,,,0.34990863112331,0.659514561482939
1107,train-load-0.6-scenario-509,0.6,0.6028763333333333,0.4399402777777778,0.6028763333333333,15.069755735736024,1.3264238722279003,0.6735761277720997,1.0,0.0,1.0,0.0,9,0,9,0,9,6,9,9,0.2788165211677551,0.05,,,,,,,,,,,0.34990863112331,0.659514561482939
1108,train-load-0.6-scenario-237-retry-1,0.6,0.7,0.08,0.7,7.324208284875997,0.3202121703307075,0.6797878296692925,0.75,0.25,0.75,0.25,6,2,6,2,8,5,8,6,0.4449666738510132,0.05,,,,,,,,,,,0.34990863112331,0.659514561482939
1109,train-load-0.8-scenario-490-retry-4,0.8,0.9166666666666666,0.9166666666666666,0.55,15.64026539940701,0.10611979632718416,0.43933474912736126,0.6363636363636364,0.36363636363636365,0.6363636363636364,0.36363636363636365,14,8,14,8,22,8,22,14,0.6945879459381104,0.05,,,,,,,,,,,0.34990863112331,0.659514561482939
1110,train-load-1.0-scenario-725,1.0,0.8877321666666668,0.5941145833333333,0.8877321666666668,10.786650841495545,0.4248444578061972,0.5751555421938028,0.75,0.25,0.7692307692307693,0.23076923076923078,9,3,10,3,13,6,12,9,0.553517758846283,0.05,,,,,,,,,,,0.34990863112331,0.659514561482939
1111,train-load-0.8-scenario-572,0.8,0.6836198571428571,0.5729666666666666,0.6836198571428571,16.596612888828687,1.0757735040547847,0.590893162611882,0.9166666666666666,0.08333333333333333,0.9166666666666666,0.08333333333333333,11,1,11,1,12,7,12,11,0.21948954463005066,0.05,,,,,,,,,,,0.34990863112331,0.659514561482939
1112,train-load-1.0-scenario-693-retry-13,1.0,1.0571428571428572,0.7619047619047619,1.0571428571428572,9.10664334777955,0.3733108489173741,0.4266891510826259,0.7,0.3,0.5384615384615384,0.46153846153846156,7,3,7,6,13,7,10,7,0.49172788858413696,0.05,,,,,,,,,,,0.34990863112331,0.659514561482939
1113,train-load-1.0-scenario-624-retry-2,1.0,0.94638,0.5714989583333333,0.94638,9.356292258923354,0.38151549046074984,0.8184845095392502,0.8,0.2,0.6666666666666666,0.3333333333333333,8,2,8,4,12,6,10,8,0.5036872625350952,0.05,,,,,,,,,,,0.34990863112331,0.659514561482939
1114,train-load-0.6-scenario-253,0.6,0.6031277777777777,0.6031277777777777,0.5204271666666667,15.237729457416007,1.3172659970404914,0.6827340029595086,1.0,0.0,1.0,0.0,9,0,10,0,10,6,9,9,0.36316946148872375,0.05,,,,,,,,,,,0.34990863112331,0.659514561482939
1115,train-load-0.7-scenario-517-retry-1,0.7,0.64,0.5333333333333333,0.64,26.527166993716754,1.6772912493370595,0.3227087506629405,1.0,0.0,1.0,0.0,16,0,16,0,16,5,16,16,0.5486010313034058,0.05,,,,,,,,,,,0.34990863112331,0.659514561482939
1116,train-load-0.7-scenario-237,0.7,0.78,0.6,0.78,11.084090822884658,0.9347732377791009,0.5652267622208991,0.875,0.125,0.8,0.2,7,1,8,2,10,5,8,7,0.16477413475513458,0.05,,,,,,,,,,,0.34990863112331,0.659514561482939
1117,train-load-0.7-scenario-87,0.7,0.7982455714285713,0.35117767857142856,0.7982455714285713,11.336611842553848,0.8044463780213281,0.7511091775342273,0.8888888888888888,0.1111111111111111,0.8,0.2,8,1,8,2,10,7,9,8,0.31504756212234497,0.05,,,,,,,,,,,0.34990863112331,0.659514561482939
1118,train-load-0.5-scenario-206,0.5,0.47973183333333336,0.4069666666666667,0.47973183333333336,13.40489887853921,1.239491239368534,0.760508760631466,1.0,0.0,1.0,0.0,8,0,8,0,8,6,8,8,0.33229514956474304,0.05,,,,,,,,,,,0.34990863112331,0.659514561482939
1119,train-load-0.8-scenario-307-retry-3,0.8,0.75,0.75,0.6,30.755552432656057,1.5052090591789598,0.30431475034484945,0.9523809523809523,0.047619047619047616,0.9523809523809523,0.047619047619047616,20,1,20,1,21,7,21,20,0.22374668717384338,0.05,,,,,,,,,,,0.34990863112331,0.659514561482939
1120,train-hard-4gpu-4pod-2vgpu,0.25,0.25,0.16666666666666666,0.25,11.616666666666667,1.9166666666666665,0.08333333333333337,1.0,0.0,1.0,0.0,4,0,8,0,8,4,4,4,0.5721544027328491,0.05,,,,,,,,,,,0.34990863112331,0.659514561482939
1121,train-load-1.0-scenario-148-retry-4,1.0,0.95625,0.5875,0.95625,7.887909112925026,-0.08482670540613413,0.5463651669445957,0.6153846153846154,0.38461538461538464,0.6153846153846154,0.38461538461538464,8,5,8,5,13,8,13,8,0.3224960267543793,0.05,,,,,,,,,,,0.34990863112331,0.659514561482939
1122,train-load-0.9-scenario-350-retry-1,0.9,0.85,0.7083333333333334,0.85,22.567326015384353,1.171603302554416,0.3578084621514662,0.8823529411764706,0.11764705882352941,0.8823529411764706,0.11764705882352941,15,2,15,2,17,4,17,15,0.20126235485076904,0.05,,,,,,,,,,,0.34990863112331,0.659514561482939
1123,train-load-1.0-scenario-82,1.0,0.8877925714285714,0.5468863095238096,0.8877925714285714,13.196143234450938,0.7304240504375576,0.6029092828957758,0.8333333333333334,0.16666666666666666,0.8571428571428571,0.14285714285714285,10,2,12,2,14,7,12,10,0.33904141187667847,0.05,,,,,,,,,,,0.34990863112331,0.659514561482939
1124,train-load-0.8-scenario-82,0.8,0.7063832857142857,0.47576964285714285,0.7063832857142857,13.013699953711882,0.9015159847964707,0.6984840152035294,0.9,0.1,0.9090909090909091,0.09090909090909091,9,1,10,1,11,7,10,9,0.5077906250953674,0.05,,,,,,,,,,,0.34990863112331,0.659514561482939
1125,train-load-0.6-scenario-58,0.6,0.624542,0.34087375000000003,0.624542,10.680562703354664,1.26072162624433,0.7392783737556702,1.0,0.0,1.0,0.0,6,0,6,0,6,5,6,6,0.17500841617584229,0.05,,,,,,,,,,,0.34990863112331,0.659514561482939
1126,train-load-0.9-scenario-367-retry-1,0.9,1.0,0.5625,1.0,6.530670178067274,-0.026015715586105714,0.8260157155861056,0.7,0.3,0.5384615384615384,0.46153846153846156,7,3,7,6,13,8,10,7,0.2771604061126709,0.05,,,,,,,,,,,0.34990863112331,0.659514561482939
1127,train-load-0.7-scenario-650-retry-1,0.7,0.8,0.6666666666666666,0.8,18.754405836324384,1.7514874141330026,0.24851258586699748,1.0,0.0,1.0,0.0,10,0,10,0,10,5,10,10,0.34480565786361694,0.05,,,,,,,,,,,0.34990863112331,0.659514561482939
1128,train-load-0.6-scenario-19,0.6,0.6220954000000001,0.46064666666666665,0.6220954000000001,13.132816294945437,1.3963809278182153,0.6036190721817846,1.0,0.0,1.0,0.0,7,0,7,0,7,5,7,7,0.2845783233642578,0.05,,,,,,,,,,,0.34990863112331,0.659514561482939
1129,train-load-0.5-scenario-380,0.5,0.617866,0.4044052083333333,0.617866,7.427984724220945,1.1478578324969333,0.8521421675030667,1.0,0.0,1.0,0.0,4,0,5,0,5,4,4,4,0.35691404342651367,0.05,,,,,,,,,,,0.34990863112331,0.659514561482939
1130,train-load-0.7-scenario-534,0.7,0.76,0.56,0.76,12.194936897604554,1.135572841118093,0.3644271588819071,0.875,0.125,0.875,0.125,7,1,7,1,8,5,8,7,0.30363860726356506,0.05,,,,,,,,,,,0.34990863112331,0.659514561482939
1131,train-load-0.6-scenario-298-retry-2,0.6,0.6805555555555556,0.6805555555555556,0.3333333333333333,9.814145305700269,0.7038085617179798,0.7961914382820202,0.875,0.125,0.875,0.125,7,1,7,1,8,6,8,7,0.3444705009460449,0.05,,,,,,,,,,,0.34990863112331,0.659514561482939
1132,train-load-0.6-scenario-682,0.6,0.53342675,0.49275625,0.53342675,11.802807357088916,1.3780148235475953,0.6219851764524047,1.0,0.0,1.0,0.0,6,0,6,0,6,4,6,6,0.6682214736938477,0.05,,,,,,,,,,,0.34990863112331,0.659514561482939
1133,train-load-0.7-scenario-370-retry-2,0.7,0.625,0.20833333333333334,0.625,22.65984052631159,1.3350929375247897,0.6649070624752101,1.0,0.0,1.0,0.0,15,0,15,0,15,6,15,15,0.3705383539199829,0.05,,,,,,,,,,,0.34990863112331,0.659514561482939
1134,train-load-0.5-scenario-714-retry-1,0.5,0.62,0.43333333333333335,0.62,15.449969690323377,1.6024863074894173,0.3975136925105827,1.0,0.0,1.0,0.0,8,0,8,0,8,5,8,8,0.5447625517845154,0.05,,,,,,,,,,,0.34990863112331,0.659514561482939
1135,train-load-0.5-scenario-740,0.5,0.50778875,0.2957213541666667,0.50778875,7.735912545841015,1.1336614690017721,0.8663385309982278,1.0,0.0,1.0,0.0,4,0,4,0,4,4,4,4,0.3829822540283203,0.05,,,,,,,,,,,0.34990863112331,0.659514561482939
1136,train-load-0.6-scenario-378,0.6,0.6666666666666666,0.6666666666666666,0.5714285714285714,21.08223115959631,1.6613585108945588,0.33864148910544123,1.0,0.0,1.0,0.0,12,0,12,0,12,7,12,12,0.40589606761932373,0.05,,,,,,,,,,,0.34990863112331,0.659514561482939
1137,train-load-1.0-scenario-315-retry-9,1.0,0.9375,0.375,0.9375,6.70715091015498,-0.3391509460031876,0.472484279336521,0.5333333333333333,0.4666666666666667,0.5333333333333333,0.4666666666666667,8,7,8,7,15,8,15,8,0.572943925857544,0.05,,,,,,,,,,,0.34990863112331,0.659514561482939
1138,train-load-0.5-scenario-549,0.5,0.44585546875000004,0.44585546875000004,0.40625525,15.46386439822859,1.3567161689557947,0.6432838310442054,1.0,0.0,1.0,0.0,9,0,10,0,10,8,9,9,0.48233407735824585,0.05,,,,,,,,,,,0.34990863112331,0.659514561482939
1139,train-load-0.5-scenario-389,0.5,0.5,0.5,0.375,20.697448971766924,1.5512663459720852,0.4487336540279149,1.0,0.0,1.0,0.0,12,0,12,0,12,8,12,12,0.19633501768112183,0.05,,,,,,,,,,,0.34990863112331,0.659514561482939
1140,train-load-0.6-scenario-202,0.6,0.52165975,0.308321875,0.52165975,2.1831607286223615,0.04551429104933635,0.6211523756173303,0.6666666666666666,0.3333333333333333,0.5,0.5,2,1,2,2,4,4,3,2,0.25472038984298706,0.05,,,,,,,,,,,0.34990863112331,0.659514561482939
1141,train-load-0.6-scenario-323,0.6,0.5896818571428571,0.3374821428571429,0.5896818571428571,13.142263950563104,1.2198105100336982,0.7801894899663019,1.0,0.0,1.0,0.0,8,0,8,0,8,7,8,8,0.2531423568725586,0.05,,,,,,,,,,,0.34990863112331,0.659514561482939
1142,train-load-0.7-scenario-563,0.7,0.6726234000000001,0.5204908333333333,0.6726234000000001,13.871782325219979,1.5390644118860644,0.4609355881139356,1.0,0.0,1.0,0.0,7,0,8,0,8,5,7,7,0.3758271634578705,0.05,,,,,,,,,,,0.34990863112331,0.659514561482939
1143,train-hard-4gpu-4pod-2vgpu,0.25,0.25,0.16666666666666666,0.25,11.616666666666667,1.9166666666666665,0.08333333333333337,1.0,0.0,1.0,0.0,4,0,8,0,8,4,4,4,0.40387964248657227,0.05,,,,,,,,,,,0.34990863112331,0.659514561482939
1144,train-load-0.9-scenario-31,0.9,0.798964625,0.6355221354166667,0.798964625,19.142416107885666,1.1261287028457843,0.5881570114399302,0.9285714285714286,0.07142857142857142,0.875,0.125,13,1,14,2,16,8,14,13,0.2999754548072815,0.05,,,,,,,,,,,0.34990863112331,0.659514561482939
1145,train-load-0.7-scenario-729,0.7,0.60282625,0.4619479166666667,0.60282625,19.25656765977908,1.3366127734375453,0.6633872265624547,1.0,0.0,1.0,0.0,12,0,12,0,12,8,12,12,0.4461652338504791,0.05,,,,,,,,,,,0.34990863112331,0.659514561482939
1146,train-load-0.5-scenario-127,0.5,0.4710198,0.4427054166666667,0.4710198,10.49524966704956,1.2111299647265001,0.7888700352734999,1.0,0.0,1.0,0.0,6,0,6,0,6,5,6,6,0.39415714144706726,0.05,,,,,,,,,,,0.34990863112331,0.659514561482939
1147,train-load-0.9-scenario-122-retry-1,0.9,0.9714285714285714,0.8857142857142857,0.9714285714285714,9.69002144694434,0.5601204997136382,0.550990611397473,0.7777777777777778,0.2222222222222222,0.7142857142857143,0.2857142857142857,7,2,10,4,14,7,9,7,0.2511053681373596,0.05,,,,,,,,,,,0.34990863112331,0.659514561482939
1148,train-load-0.6-scenario-9-retry-1,0.6,0.6875,0.34375,0.6875,10.812238431772634,0.5163880564682446,0.3927028526226646,0.7272727272727273,0.2727272727272727,0.7272727272727273,0.2727272727272727,8,3,8,3,11,8,11,8,0.19798822700977325,0.05,,,,,,,,,,,0.34990863112331,0.659514561482939
1149,train-load-0.6-scenario-11-retry-5,0.6,0.64,0.26666666666666666,0.64,14.262372506352701,1.4190080452014144,0.5809919547985857,1.0,0.0,1.0,0.0,8,0,8,0,8,5,8,8,0.26988011598587036,0.05,,,,,,,,,,,0.34990863112331,0.659514561482939
1150,train-load-0.9-scenario-464-retry-3,0.9,1.0166666666666666,0.2638888888888889,1.0166666666666666,14.469659694603145,0.5740920845688707,0.8544793440025578,0.8571428571428571,0.14285714285714285,0.8571428571428571,0.14285714285714285,12,2,12,2,14,6,14,12,0.342129111289978,0.05,,,,,,,,,,,0.34990863112331,0.659514561482939
1151,train-load-0.5-scenario-410,0.5,0.44838387500000004,0.23022265625000002,0.44838387500000004,12.234370870812665,1.2812907378533582,0.7187092621466419,1.0,0.0,1.0,0.0,7,0,7,0,7,8,7,7,0.27407023310661316,0.05,,,,,,,,,,,0.34990863112331,0.659514561482939
1152,train-load-1.0-scenario-321-retry-2,1.0,0.97917,0.6231368749999999,0.97917,4.846667844969094,0.1704588497492514,0.6866840073936058,0.7142857142857143,0.2857142857142857,0.625,0.375,5,2,5,3,8,4,7,5,0.2975161075592041,0.05,,,,,,,,,,,0.34990863112331,0.659514561482939
1153,train-load-0.6-scenario-517,0.6,0.6666666666666666,0.1111111111111111,0.6666666666666666,7.383787424098255,0.40361506474004627,0.5963849352599537,0.75,0.25,0.75,0.25,6,2,6,2,8,6,8,6,0.2619014382362366,0.05,,,,,,,,,,,0.34990863112331,0.659514561482939
1154,train-hard-4gpu-8pod-1vgpu,0.5,0.5,0.3333333333333333,0.5,14.857252448823687,1.5387055078389387,0.46129449216106144,1.0,0.0,1.0,0.0,8,0,8,0,8,4,8,8,0.3910573422908783,0.05,,,,,,,,,,,0.34990863112331,0.659514561482939
1155,train-load-1.0-scenario-684,1.0,0.887698,0.8075579166666667,0.887698,7.356387582236719,0.09569793627862189,0.704302063721378,0.7,0.3,0.5833333333333334,0.4166666666666667,7,3,7,5,12,5,10,7,0.15531882643699646,0.05,,,,,,,,,,,0.34990863112331,0.659514561482939
1156,train-load-0.6-scenario-487,0.6,0.5334470833333333,0.5334470833333333,0.49213583333333333,13.365002475377626,1.4561384436276033,0.5438615563723967,1.0,0.0,1.0,0.0,7,0,8,0,8,6,7,7,0.45927366614341736,0.05,,,,,,,,,,,0.34990863112331,0.659514561482939
1157,train-hard-8gpu-16pod-1vgpu,0.5,0.5,0.3333333333333333,0.5,27.21738182198293,1.8333333333333335,0.16666666666666663,1.0,0.0,1.0,0.0,16,0,16,0,16,8,16,16,0.28860214352607727,0.05,,,,,,,,,,,0.34990863112331,0.659514561482939
1158,train-load-0.7-scenario-479-retry-3,0.7,0.7916666666666666,0.7916666666666666,0.675,12.090442536324733,0.6581077133945655,0.6146195593327073,0.8181818181818182,0.18181818181818182,0.7857142857142857,0.21428571428571427,9,2,11,3,14,8,11,9,0.44146019220352173,0.05,,,,,,,,,,,0.34990863112331,0.659514561482939
1159,train-load-1.0-scenario-283,1.0,0.9294793333333333,0.6595816666666666,0.9294793333333333,16.457337306194773,1.119095065837165,0.5475716008295016,0.9166666666666666,0.08333333333333333,0.9166666666666666,0.08333333333333333,11,1,11,1,12,6,12,11,0.4888976514339447,0.05,,,,,,,,,,,0.34990863112331,0.659514561482939
1160,train-load-0.8-scenario-15-retry-2,0.8,0.7714285714285715,0.37857142857142856,0.7714285714285715,10.62343536699707,0.44475033159247146,0.8279769411348014,0.8181818181818182,0.18181818181818182,0.8181818181818182,0.18181818181818182,9,2,9,2,11,7,11,9,0.2014147937297821,0.05,,,,,,,,,,,0.34990863112331,0.659514561482939
1161,train-load-1.0-scenario-2,1.0,0.9076941666666666,0.72275,0.9076941666666666,8.285827334962743,0.2658273092222073,0.5341726907777926,0.7,0.3,0.5384615384615384,0.46153846153846156,7,3,7,6,13,6,10,7,0.35229426622390747,0.05,,,,,,,,,,,0.34990863112331,0.659514561482939
1162,train-load-0.6-scenario-609,0.6,0.7,0.7,0.7,24.333012495973264,1.7440933323198848,0.25590666768011505,1.0,0.0,1.0,0.0,14,0,14,0,14,4,14,14,0.26052126288414,0.05,,,,,,,,,,,0.34990863112331,0.659514561482939
1163,train-load-0.7-scenario-30,0.7,0.6849120000000001,0.5992474999999999,0.6849120000000001,11.828708928884236,0.8553038247134893,0.7002517308420662,0.8888888888888888,0.1111111111111111,0.8888888888888888,0.1111111111111111,8,1,8,1,9,5,9,8,0.5325708985328674,0.05,,,,,,,,,,,0.34990863112331,0.659514561482939
1164,train-load-1.0-scenario-420-retry-1,1.0,0.9494589999999999,0.3776246875,0.9494589999999999,5.334151623167466,0.21349368556855708,0.6436491715743001,0.7142857142857143,0.2857142857142857,0.7142857142857143,0.2857142857142857,5,2,5,2,7,4,7,5,0.5447382926940918,0.05,,,,,,,,,,,0.34990863112331,0.659514561482939
1165,train-load-0.7-scenario-583,0.7,0.8,0.8,0.8,9.103110072455273,0.39584807292663615,0.40415192707336384,0.7,0.3,0.7,0.3,7,3,7,3,10,5,10,7,0.6530865430831909,0.05,,,,,,,,,,,0.34990863112331,0.659514561482939
1166,train-load-0.5-scenario-420,0.5,0.5206227999999999,0.37151449999999997,0.5206227999999999,12.03093070631928,1.4258499029943519,0.5741500970056481,1.0,0.0,1.0,0.0,6,0,6,0,6,5,6,6,0.22887961566448212,0.05,,,,,,,,,,,0.34990863112331,0.659514561482939
1167,train-load-0.5-scenario-113-retry-2,0.5,0.6,0.5989583333333334,0.6,10.540823975492323,0.519208343839669,0.6807916561603311,0.8,0.2,0.8,0.2,8,2,8,2,10,8,10,8,0.26947373151779175,0.05,,,,,,,,,,,0.34990863112331,0.659514561482939
1168,train-load-0.5-scenario-236,0.5,0.471184,0.2513241666666667,0.471184,9.748382353819292,1.295986340503595,0.704013659496405,1.0,0.0,1.0,0.0,5,0,5,0,5,5,5,5,0.3753964304924011,0.05,,,,,,,,,,,0.34990863112331,0.659514561482939
1169,train-load-0.6-scenario-356-retry-3,0.6,0.675,0.375,0.675,13.00419637792016,1.249202321881896,0.750797678118104,1.0,0.0,1.0,0.0,8,0,8,0,8,4,8,8,0.4832073152065277,0.05,,,,,,,,,,,0.34990863112331,0.659514561482939
1170,train-load-0.6-scenario-52,0.6,0.540952,0.3675729166666667,0.540952,10.629865586598278,1.2490633664754858,0.7509366335245142,1.0,0.0,1.0,0.0,6,0,7,0,7,6,6,6,0.6796080470085144,0.05,,,,,,,,,,,0.34990863112331,0.659514561482939
1171,train-load-0.8-scenario-255,0.8,0.9166666666666666,0.6666666666666666,0.9166666666666666,5.789067179239343,-0.08870865198568145,0.4887086519856814,0.6,0.4,0.6,0.4,6,4,6,4,10,6,10,6,0.2897226810455322,0.05,,,,,,,,,,,0.34990863112331,0.659514561482939
1172,train-load-0.9-scenario-145-retry-9,0.9,1.0,1.0,0.6666666666666666,6.239583422715267,-0.030252855213885654,0.43025285521388557,0.6,0.4,0.6,0.4,6,4,6,4,10,6,10,6,0.3065298795700073,0.05,,,,,,,,,,,0.34990863112331,0.659514561482939
1173,train-load-0.8-scenario-495,0.8,0.6885810000000001,0.41604375,0.6885810000000001,12.345645719239908,0.5267693903563322,0.8065639429770013,0.8333333333333334,0.16666666666666666,0.8333333333333334,0.16666666666666666,10,2,10,2,12,8,12,10,0.4976327419281006,0.05,,,,,,,,,,,0.34990863112331,0.659514561482939
1174,train-load-0.8-scenario-520,0.8,0.7599874,0.6085185000000001,0.7599874,3.9811547884240692,-0.08847963715647,0.9456224942993272,0.7142857142857143,0.2857142857142857,0.5555555555555556,0.4444444444444444,5,2,5,4,9,5,7,5,0.3842978775501251,0.05,,,,,,,,,,,0.34990863112331,0.659514561482939
1175,train-load-0.8-scenario-719-retry-2,0.8,0.9083333333333333,0.5916666666666667,0.9083333333333333,8.728736998999945,0.4587949023039154,0.6523162088071958,0.7777777777777778,0.2222222222222222,0.7777777777777778,0.2222222222222222,7,2,7,2,9,6,9,7,0.510521411895752,0.05,,,,,,,,,,,0.34990863112331,0.659514561482939
1176,train-load-0.8-scenario-521-retry-2,0.8,0.9142857142857143,0.9142857142857143,0.6928571428571428,6.857982007159877,-0.2485587488518085,0.7100972103902701,0.6153846153846154,0.38461538461538464,0.6153846153846154,0.38461538461538464,8,5,8,5,13,7,13,8,0.5024675130844116,0.05,,,,,,,,,,,0.34990863112331,0.659514561482939
1177,train-load-0.6-scenario-568,0.6,0.544398625,0.42727953124999996,0.544398625,16.02944064729996,1.2630826072643468,0.7369173927356532,1.0,0.0,1.0,0.0,10,0,11,0,11,8,10,10,0.396394819021225,0.05,,,,,,,,,,,0.34990863112331,0.659514561482939
1178,train-load-0.8-scenario-474,0.8,0.6932707142857143,0.5447485119047618,0.6932707142857143,13.747785325347635,0.8517398808514727,0.7846237555121636,0.9090909090909091,0.09090909090909091,0.8461538461538461,0.15384615384615385,10,1,11,2,13,7,11,10,0.3947279453277588,0.05,,,,,,,,,,,0.34990863112331,0.659514561482939
1179,train-load-0.9-scenario-557,0.9,1.0,0.3333333333333333,1.0,5.092163332975774,-0.1792316329671544,0.5792316329671543,0.6,0.4,0.6,0.4,6,4,6,4,10,6,10,6,0.4141739010810852,0.05,,,,,,,,,,,0.34990863112331,0.659514561482939
1180,train-load-0.9-scenario-612-retry-2,0.9,0.83985925,0.768653125,0.83985925,11.36629847469865,0.017487741480496255,0.7325122585195037,0.6875,0.3125,0.6470588235294118,0.35294117647058826,11,5,11,6,17,8,16,11,0.5498255491256714,0.05,,,,,,,,,,,0.34990863112331,0.659514561482939
1181,train-load-0.8-scenario-288,0.8,0.709237,0.5823538690476191,0.709237,15.87070132496429,1.1158943015787262,0.52046933478491,0.9090909090909091,0.09090909090909091,0.8333333333333334,0.16666666666666666,10,1,10,2,12,7,11,10,0.4790723919868469,0.05,,,,,,,,,,,0.34990863112331,0.659514561482939
1182,train-load-0.6-scenario-411-retry-2,0.6,0.7142857142857143,0.6857142857142857,0.7142857142857143,9.967104913576602,0.3954081997752964,0.5136827093156128,0.7272727272727273,0.2727272727272727,0.7272727272727273,0.2727272727272727,8,3,8,3,11,7,11,8,0.36210376024246216,0.05,,,,,,,,,,,0.34990863112331,0.659514561482939
1183,train-load-1.0-scenario-73,1.0,1.00025,0.7546925,1.00025,7.601505988801776,0.15921604920847077,0.6407839507915292,0.7,0.3,0.5833333333333334,0.4166666666666667,7,3,7,5,12,5,10,7,0.345104455947876,0.05,,,,,,,,,,,0.34990863112331,0.659514561482939
1184,train-load-0.7-scenario-97,0.7,0.6187343999999999,0.5782741666666666,0.6187343999999999,13.983462108485039,1.5730027900533288,0.42699720994667123,1.0,0.0,1.0,0.0,7,0,8,0,8,5,7,7,0.23652693629264832,0.05,,,,,,,,,,,0.34990863112331,0.659514561482939
1185,train-load-0.7-scenario-428-retry-2,0.7,0.8,0.5,0.8,8.670438581272009,0.5610694846059214,0.43893051539407846,0.75,0.25,0.75,0.25,6,2,6,2,8,4,8,6,0.23285439610481262,0.05,,,,,,,,,,,0.34990863112331,0.659514561482939
1186,train-load-0.8-scenario-426,0.8,0.7595486,0.6459704166666668,0.7595486,13.07607847656793,0.8785912607386008,0.7214087392613994,0.9,0.1,0.9,0.1,9,1,9,1,10,5,10,9,0.5520902276039124,0.05,,,,,,,,,,,0.34990863112331,0.659514561482939
1187,train-load-0.9-scenario-4-retry-1,0.9,1.0,0.65625,1.0,10.442059761012082,0.5281029380494696,0.6718970619505304,0.8,0.2,0.7333333333333333,0.26666666666666666,8,2,11,4,15,8,10,8,0.3031983971595764,0.05,,,,,,,,,,,0.34990863112331,0.659514561482939
1188,train-load-0.9-scenario-523,0.9,1.0,0.6666666666666666,1.0,3.1969462058614133,-0.3620432889781894,0.3620432889781894,0.5,0.5,0.5,0.5,4,4,4,4,8,4,8,4,0.15928320586681366,0.05,,,,,,,,,,,0.34990863112331,0.659514561482939
1189,train-load-0.7-scenario-378,0.7,0.68,0.65,0.68,19.80772226422847,1.463920003765275,0.5360799962347248,1.0,0.0,1.0,0.0,12,0,13,0,13,5,12,12,0.7949235439300537,0.05,,,,,,,,,,,0.34990863112331,0.659514561482939
1190,train-load-0.8-scenario-716,0.8,0.7705417999999999,0.3875285,0.7705417999999999,7.66026890772568,0.6880886597731042,0.6452446735602293,0.8333333333333334,0.16666666666666666,0.7142857142857143,0.2857142857142857,5,1,5,2,7,5,6,5,0.11817937344312668,0.05,,,,,,,,,,,0.34990863112331,0.659514561482939
1191,train-load-0.6-scenario-183-retry-3,0.6,0.6666666666666666,0.5555555555555556,0.6666666666666666,15.652350195435368,0.9381502058936119,0.7285164607730548,0.9166666666666666,0.08333333333333333,0.9166666666666666,0.08333333333333333,11,1,11,1,12,6,12,11,0.3812790513038635,0.05,,,,,,,,,,,0.34990863112331,0.659514561482939
1192,train-load-0.6-scenario-670,0.6,0.6107119999999999,0.4558534722222222,0.6107119999999999,6.8238234584652595,0.28347562819936645,0.7165243718006336,0.75,0.25,0.75,0.25,6,2,6,2,8,6,8,6,0.3067004084587097,0.05,,,,,,,,,,,0.34990863112331,0.659514561482939
1193,train-load-0.7-scenario-667,0.7,0.7083333333333334,0.7083333333333334,0.3333333333333333,12.578865218792663,0.810631787765943,0.7893682122340571,0.9,0.1,0.8666666666666667,0.13333333333333333,9,1,13,2,15,6,10,9,0.4333319664001465,0.05,,,,,,,,,,,0.34990863112331,0.659514561482939
1194,train-load-0.7-scenario-535,0.7,0.6,0.16666666666666666,0.6,14.026954994184035,1.3978217733600407,0.6021782266399593,1.0,0.0,1.0,0.0,8,0,8,0,8,8,8,8,0.4676871597766876,0.05,,,,,,,,,,,0.34990863112331,0.659514561482939
1195,train-load-0.9-scenario-227-retry-1,0.9,0.925,0.55,0.925,5.853554655958374,-0.19197071412829914,0.3737888959464809,0.5454545454545454,0.45454545454545453,0.5454545454545454,0.45454545454545453,6,5,6,5,11,8,11,6,0.6085643768310547,0.05,,,,,,,,,,,0.34990863112331,0.659514561482939
1196,train-load-0.5-scenario-618,0.5,0.4287325,0.3008673611111111,0.4287325,8.772148403172967,1.3594904174453124,0.6405095825546876,1.0,0.0,1.0,0.0,4,0,5,0,5,6,4,4,0.3539324998855591,0.05,,,,,,,,,,,0.34990863112331,0.659514561482939
1197,train-load-0.5-scenario-282-retry-3,0.5,0.42857142857142855,0.2857142857142857,0.42857142857142855,20.565257693424,1.529730757461912,0.47026924253808816,1.0,0.0,1.0,0.0,12,0,12,0,12,7,12,12,0.2895468473434448,0.05,,,,,,,,,,,0.34990863112331,0.659514561482939
1198,train-load-0.9-scenario-77-retry-5,0.9,1.0,0.45,1.0,6.805857376778027,-0.16847423059280675,0.8351408972594734,0.6666666666666666,0.3333333333333333,0.6666666666666666,0.3333333333333333,8,4,8,4,12,6,12,8,0.6352558135986328,0.05,,,,,,,,,,,0.34990863112331,0.659514561482939
1199,train-load-1.0-scenario-251,1.0,0.9615184999999999,0.7526890625,0.9615184999999999,8.631996347839172,0.5919942163239811,0.4080057836760189,0.75,0.25,0.6666666666666666,0.3333333333333333,6,2,6,3,9,4,8,6,0.35066330432891846,0.05,,,,,,,,,,,0.34990863112331,0.659514561482939
1200,train-load-0.6-scenario-477,0.6,0.512710875,0.4311510416666667,0.512710875,14.982681861832962,1.2957942694069888,0.7042057305930112,1.0,0.0,1.0,0.0,9,0,10,0,10,8,9,9,0.5676859617233276,0.05,0.3657480294217115,0.5317169838491527,0.7243662533177161,0.2756337466822839,0.7103012833287154,0.2896987166712845,0.6684697963635664,0.7216079607007095,0.2665564776793151,0.6977533713375256,0.3657480294217115,0.6684697963635664
1201,train-load-0.7-scenario-34,0.7,0.7337502499999999,0.4010869791666667,0.7337502499999999,3.037688551104255,0.2816514664268899,0.7183485335731101,0.75,0.25,0.6666666666666666,0.3333333333333333,3,1,4,2,6,4,4,3,0.49092280864715576,0.05,,,,,,,,,,,0.3657480294217115,0.6684697963635664
1202,train-hard-8gpu-16pod-1vgpu,0.5,0.5,0.3333333333333333,0.5,27.21738182198293,1.8333333333333335,0.16666666666666663,1.0,0.0,1.0,0.0,16,0,16,0,16,8,16,16,0.3698159158229828,0.05,,,,,,,,,,,0.3657480294217115,0.6684697963635664
1203,train-load-0.9-scenario-704,0.9,0.7857142857142857,0.7857142857142857,0.24285714285714285,9.21673651735155,0.07755451616624942,0.9224454838337506,0.75,0.25,0.75,0.25,9,3,9,3,12,7,12,9,0.7537890076637268,0.05,,,,,,,,,,,0.3657480294217115,0.6684697963635664
1204,train-load-0.7-scenario-491-retry-2,0.7,0.8,0.8,0.4,4.766879348117249,-0.03900954651102295,0.539009546511023,0.625,0.375,0.625,0.375,5,3,5,3,8,5,8,5,0.5616220831871033,0.05,,,,,,,,,,,0.3657480294217115,0.6684697963635664
1205,train-load-0.6-scenario-720,0.6,0.5517262500000001,0.36547453124999996,0.5517262500000001,15.237364097417316,1.3408273023689596,0.6591726976310402,1.0,0.0,1.0,0.0,9,0,10,0,10,8,9,9,0.42861223220825195,0.05,,,,,,,,,,,0.3657480294217115,0.6684697963635664
1206,train-hard-4gpu-8pod-1vgpu,0.5,0.5,0.3333333333333333,0.5,16.42232909936926,1.8333333333333335,0.16666666666666663,1.0,0.0,1.0,0.0,8,0,8,0,8,4,8,8,0.4168478846549988,0.05,,,,,,,,,,,0.3657480294217115,0.6684697963635664
1207,train-load-0.6-scenario-519,0.6,0.6875,0.6875,0.25,21.996344823024927,1.409910557459769,0.590089442540231,1.0,0.0,1.0,0.0,14,0,14,0,14,8,14,14,0.48354119062423706,0.05,,,,,,,,,,,0.3657480294217115,0.6684697963635664
1208,train-load-0.5-scenario-157,0.5,0.48755871428571423,0.325052380952381,0.48755871428571423,12.416773239102909,1.304463520982289,0.695536479017711,1.0,0.0,1.0,0.0,7,0,7,0,7,7,7,7,0.2785259187221527,0.05,,,,,,,,,,,0.3657480294217115,0.6684697963635664
1209,train-load-0.6-scenario-384-retry-1,0.6,0.6666666666666666,0.2222222222222222,0.6666666666666666,7.7297571646045204,0.40790794798057695,0.592092052019423,0.75,0.25,0.75,0.25,6,2,6,2,8,6,8,6,0.26564908027648926,0.05,,,,,,,,,,,0.3657480294217115,0.6684697963635664
1210,train-load-0.5-scenario-522,0.5,0.5856702500000001,0.22899479166666667,0.5856702500000001,5.6513850926055085,1.0615587315727044,0.9384412684272955,1.0,0.0,1.0,0.0,3,0,4,0,4,4,3,3,0.37245357036590576,0.05,,,,,,,,,,,0.3657480294217115,0.6684697963635664
1211,train-load-0.8-scenario-464,0.8,0.9166666666666666,0.9166666666666666,0.18333333333333332,3.9450567471042643,-0.4609413388886937,0.6427595207068755,0.5454545454545454,0.45454545454545453,0.5454545454545454,0.45454545454545453,6,5,6,5,11,6,11,6,0.496792197227478,0.05,,,,,,,,,,,0.3657480294217115,0.6684697963635664
1212,train-load-1.0-scenario-114-retry-2,1.0,0.9043028571428571,0.5721616071428571,0.9043028571428571,11.526054443624966,0.47363293956821373,0.5263670604317863,0.75,0.25,0.7142857142857143,0.2857142857142857,9,3,10,4,14,7,12,9,0.49586886167526245,0.05,,,,,,,,,,,0.3657480294217115,0.6684697963635664
1213,train-load-0.9-scenario-289-retry-13,0.9,1.0,0.2,1.0,3.8242371798239043,-0.18203696547068626,0.6820369654706863,0.625,0.375,0.625,0.375,5,3,5,3,8,5,8,5,0.30177903175354004,0.05,,,,,,,,,,,0.3657480294217115,0.6684697963635664
1214,train-load-0.7-scenario-38,0.7,0.6524232,0.5182410000000001,0.6524232,13.399051891667563,1.4549684146238322,0.5450315853761678,1.0,0.0,1.0,0.0,7,0,8,0,8,5,7,7,0.22726842761039734,0.05,,,,,,,,,,,0.3657480294217115,0.6684697963635664
1215,train-load-0.7-scenario-735,0.7,0.7958267499999999,0.56666546875,0.7958267499999999,18.37629132564035,1.1321283978003578,0.5601792945073347,0.9230769230769231,0.07692307692307693,0.8571428571428571,0.14285714285714285,12,1,12,2,14,8,13,12,0.250169575214386,0.05,,,,,,,,,,,0.3657480294217115,0.6684697963635664
1216,train-load-1.0-scenario-416,1.0,0.9797006250000001,0.9797006250000001,0.84583175,2.249313762914362,-0.42633267450006773,0.7120469602143534,0.5714285714285714,0.42857142857142855,0.4,0.6,4,3,4,6,10,4,7,4,0.43463242053985596,0.05,,,,,,,,,,,0.3657480294217115,0.6684697963635664
1217,train-load-0.9-scenario-374,0.9,0.7994288749999999,0.74279609375,0.7994288749999999,17.13084036513996,0.42321619186386406,0.6878949192472471,0.7777777777777778,0.2222222222222222,0.7777777777777778,0.2222222222222222,14,4,14,4,18,8,18,14,0.24303361773490906,0.05,,,,,,,,,,,0.3657480294217115,0.6684697963635664
1218,train-load-0.8-scenario-186,0.8,0.88,0.22,0.88,21.910970048109128,0.5730087936635504,0.6997184790637224,0.8181818181818182,0.18181818181818182,0.8181818181818182,0.18181818181818182,18,4,18,4,22,5,22,18,0.36483943462371826,0.05,,,,,,,,,,,0.3657480294217115,0.6684697963635664
1219,train-load-0.5-scenario-563-retry-1,0.5,0.6111111111111112,0.6111111111111112,0.5333333333333333,15.595569428255775,1.5860577515329826,0.4139422484670175,1.0,0.0,1.0,0.0,8,0,8,0,8,6,8,8,0.48276960849761963,0.05,,,,,,,,,,,0.3657480294217115,0.6684697963635664
1220,train-load-0.8-scenario-189,0.8,0.7589661999999999,0.6487041666666666,0.7589661999999999,15.335181231575891,1.4030230276356657,0.5969769723643343,1.0,0.0,1.0,0.0,9,0,10,0,10,5,9,9,0.2850373685359955,0.05,,,,,,,,,,,0.3657480294217115,0.6684697963635664
1221,train-load-0.9-scenario-330,0.9,0.7858891666666666,0.6393627083333333,0.7858891666666666,9.325212985046244,0.4051735087649929,0.7948264912350071,0.8,0.2,0.7272727272727273,0.2727272727272727,8,2,8,3,11,6,10,8,0.1980067789554596,0.05,,,,,,,,,,,0.3657480294217115,0.6684697963635664
1222,train-load-0.5-scenario-558,0.5,0.4557066,0.245549,0.4557066,6.83728054362002,1.2025676716918061,0.7974323283081939,1.0,0.0,1.0,0.0,3,0,4,0,4,5,3,3,0.47419899702072144,0.05,,,,,,,,,,,0.3657480294217115,0.6684697963635664
1223,train-load-0.9-scenario-522,0.9,0.8132317142857143,0.5036595238095238,0.8132317142857143,10.811056265623666,0.8730740103042192,0.6269259896957807,0.875,0.125,0.8181818181818182,0.18181818181818182,7,1,9,2,11,7,8,7,0.38078343868255615,0.05,,,,,,,,,,,0.3657480294217115,0.6684697963635664
1224,train-load-1.0-scenario-709,1.0,0.9633533333333333,0.7817774305555556,0.9633533333333333,13.24572931517869,0.5731463873759933,0.5037766895470837,0.7692307692307693,0.23076923076923078,0.6666666666666666,0.3333333333333333,10,3,10,5,15,6,13,10,0.30820173025131226,0.05,,,,,,,,,,,0.3657480294217115,0.6684697963635664
1225,train-load-0.5-scenario-639-retry-6,0.5,0.40625,0.08125,0.40625,21.003404960656418,1.4331257518061733,0.5668742481938268,1.0,0.0,1.0,0.0,13,0,13,0,13,8,13,13,0.2913755178451538,0.05,,,,,,,,,,,0.3657480294217115,0.6684697963635664
1226,train-load-1.0-scenario-297-retry-2,1.0,0.892483125,0.892483125,0.7189945,9.57360655588652,0.5646678145573385,0.5464432965537727,0.7777777777777778,0.2222222222222222,0.7777777777777778,0.2222222222222222,7,2,7,2,9,4,9,7,0.24152076244354248,0.05,,,,,,,,,,,0.3657480294217115,0.6684697963635664
1227,train-load-1.0-scenario-238,1.0,0.9675528000000001,0.70389225,0.9675528000000001,13.176465815514444,0.8211352720379127,0.45159200068936,0.8181818181818182,0.18181818181818182,0.8181818181818182,0.18181818181818182,9,2,9,2,11,5,11,9,0.2874606251716614,0.05,,,,,,,,,,,0.3657480294217115,0.6684697963635664
1228,train-load-0.7-scenario-58,0.7,0.597314,0.4869583333333333,0.597314,10.890844118113458,1.2459807285535036,0.7540192714464965,1.0,0.0,1.0,0.0,6,0,7,0,7,5,6,6,0.30778056383132935,0.05,,,,,,,,,,,0.3657480294217115,0.6684697963635664
1229,train-load-0.7-scenario-81-retry-2,0.7,0.5857142857142857,0.5464285714285714,0.5857142857142857,28.613975497836,1.332901132897821,0.46709886710217874,0.95,0.05,0.95,0.05,19,1,19,1,20,7,20,19,0.3800370991230011,0.05,,,,,,,,,,,0.3657480294217115,0.6684697963635664
1230,train-load-0.7-scenario-56,0.7,0.6193801999999999,0.4231608333333333,0.6193801999999999,11.63255409410824,1.3849110790570593,0.6150889209429407,1.0,0.0,1.0,0.0,6,0,7,0,7,5,6,6,0.4194110035896301,0.05,,,,,,,,,,,0.3657480294217115,0.6684697963635664
1231,train-load-0.6-scenario-692,0.6,0.5618746666666666,0.3660158333333333,0.5618746666666666,10.843690562844301,1.2407046604197514,0.7592953395802485,1.0,0.0,1.0,0.0,6,0,7,0,7,6,6,6,0.5432877540588379,0.05,,,,,,,,,,,0.3657480294217115,0.6684697963635664
1232,train-load-1.0-scenario-435,1.0,0.8962111428571429,0.6566198214285714,0.8962111428571429,17.35139629651249,1.0014550587273705,0.6908526335803218,0.9230769230769231,0.07692307692307693,0.875,0.125,12,1,14,2,16,7,13,12,0.26021745800971985,0.05,,,,,,,,,,,0.3657480294217115,0.6684697963635664
1233,train-load-0.7-scenario-59,0.7,0.6412283333333334,0.3871673611111111,0.6412283333333334,13.398581841046273,1.3043945278053246,0.6956054721946754,1.0,0.0,1.0,0.0,8,0,8,0,8,6,8,8,0.5670017004013062,0.05,,,,,,,,,,,0.3657480294217115,0.6684697963635664
1234,train-load-0.8-scenario-294-retry-2,0.8,0.8333333333333334,0.8333333333333334,0.8333333333333334,7.401585698352693,0.19704330504781908,0.20295669495218083,0.6,0.4,0.6,0.4,6,4,6,4,10,6,10,6,0.3996172547340393,0.05,,,,,,,,,,,0.3657480294217115,0.6684697963635664
1235,train-load-0.5-scenario-273-retry-1,0.5,0.4,0.16666666666666666,0.4,25.134152892837644,1.4052610027608465,0.5947389972391535,1.0,0.0,1.0,0.0,16,0,16,0,16,8,16,16,0.6169969439506531,0.05,,,,,,,,,,,0.3657480294217115,0.6684697963635664
1236,train-load-0.7-scenario-109-retry-1,0.7,0.6,0.125,0.6,2.602022135327349,-0.4808450189594927,0.4808450189594927,0.5,0.5,0.5,0.5,4,4,4,4,8,8,8,4,0.26602041721343994,0.05,,,,,,,,,,,0.3657480294217115,0.6684697963635664
1237,train-load-0.8-scenario-404,0.8,0.8916666666666667,0.8833333333333333,0.8916666666666667,10.541224838661073,-0.0016274896581822684,0.5016274896581823,0.625,0.375,0.625,0.375,10,6,10,6,16,6,16,10,0.37523412704467773,0.05,,,,,,,,,,,0.3657480294217115,0.6684697963635664
1238,train-load-0.7-scenario-256,0.7,0.6417945,0.30496541666666666,0.6417945,7.52500461954295,0.8213218253434252,0.3786781746565749,0.8,0.2,0.7142857142857143,0.2857142857142857,4,1,5,2,7,6,5,4,0.26519283652305603,0.05,,,,,,,,,,,0.3657480294217115,0.6684697963635664
1239,train-load-0.5-scenario-489-retry-3,0.5,0.5625,0.5625,0.40625,21.736547363893518,1.5503920979375811,0.44960790206241874,1.0,0.0,1.0,0.0,13,0,13,0,13,8,13,13,0.3532828986644745,0.05,,,,,,,,,,,0.3657480294217115,0.6684697963635664
1240,train-load-0.9-scenario-659,0.9,0.8,0.5333333333333333,0.8,21.11481640643905,1.1697532541766638,0.33024674582333624,0.875,0.125,0.875,0.125,14,2,14,2,16,5,16,14,0.40471401810646057,0.05,,,,,,,,,,,0.3657480294217115,0.6684697963635664
1241,train-load-0.9-scenario-216,0.9,0.7972467142857143,0.4796269642857143,0.7972467142857143,14.337228095178746,0.9296351998987931,0.7067284364648431,0.9090909090909091,0.09090909090909091,0.9090909090909091,0.09090909090909091,10,1,10,1,11,7,11,10,0.376720130443573,0.05,,,,,,,,,,,0.3657480294217115,0.6684697963635664
1242,train-load-0.9-scenario-501,0.9,1.0,0.06666666666666667,1.0,1.0351514579119612,-0.6549302980979914,0.6549302980979914,0.5,0.5,0.5,0.5,4,4,4,4,8,6,8,4,0.28731149435043335,0.05,,,,,,,,,,,0.3657480294217115,0.6684697963635664
1243,train-load-0.7-scenario-544,0.7,0.633349,0.441663125,0.633349,11.35365958452694,1.3416020373491422,0.6583979626508578,1.0,0.0,1.0,0.0,6,0,6,0,6,4,6,6,0.5396761894226074,0.05,,,,,,,,,,,0.3657480294217115,0.6684697963635664
1244,train-load-0.5-scenario-92-retry-1,0.5,0.5357142857142857,0.5357142857142857,0.44285714285714284,14.663926193367747,1.4642721740087528,0.5357278259912472,1.0,0.0,1.0,0.0,8,0,11,0,11,7,8,8,0.3207177221775055,0.05,,,,,,,,,,,0.3657480294217115,0.6684697963635664
1245,train-load-0.7-scenario-108,0.7,0.7777777777777778,0.7777777777777778,0.7666666666666667,17.83814582748937,1.2969522036886199,0.3697144629780467,0.9166666666666666,0.08333333333333333,0.9166666666666666,0.08333333333333333,11,1,11,1,12,6,12,11,0.23584799468517303,0.05,,,,,,,,,,,0.3657480294217115,0.6684697963635664
1246,train-load-0.7-scenario-346,0.7,0.65,0.5,0.65,16.000402912593263,1.4709717845296033,0.5290282154703967,1.0,0.0,1.0,0.0,9,0,9,0,9,6,9,9,0.30279040336608887,0.05,,,,,,,,,,,0.3657480294217115,0.6684697963635664
1247,train-load-0.8-scenario-134,0.8,0.8785714285714286,0.8095238095238095,0.8785714285714286,6.861201501193143,-0.02787765975125145,0.5733322052057969,0.6363636363636364,0.36363636363636365,0.6363636363636364,0.36363636363636365,7,4,7,4,11,7,11,7,0.7665945887565613,0.05,,,,,,,,,,,0.3657480294217115,0.6684697963635664
1248,train-load-0.8-scenario-643-retry-2,0.8,0.9142857142857143,0.22857142857142856,0.9142857142857143,11.240732801844267,0.059863481944938624,0.6901365180550614,0.6875,0.3125,0.6875,0.3125,11,5,11,5,16,7,16,11,0.4579935073852539,0.05,,,,,,,,,,,0.3657480294217115,0.6684697963635664
1249,train-load-1.0-scenario-598-retry-2,1.0,0.9717841666666668,0.7207607638888889,0.9717841666666668,5.912991890516317,0.0031507579366926164,0.663515908729974,0.6666666666666666,0.3333333333333333,0.6153846153846154,0.38461538461538464,6,3,8,5,13,6,9,6,0.29298752546310425,0.05,,,,,,,,,,,0.3657480294217115,0.6684697963635664
1250,train-load-0.9-scenario-674,0.9,0.83769625,0.6754953125000001,0.83769625,7.747148238693418,0.769903451586399,0.5634298817469345,0.8333333333333334,0.16666666666666666,0.75,0.25,5,1,6,2,8,4,6,5,0.5629442930221558,0.05,,,,,,,,,,,0.3657480294217115,0.6684697963635664
1251,train-load-0.9-scenario-672-retry-1,0.9,0.99,0.8,0.99,6.770955095630183,-0.06614652890234352,0.6116010743568889,0.6363636363636364,0.36363636363636365,0.6363636363636364,0.36363636363636365,7,4,7,4,11,5,11,7,0.31905269622802734,0.05,,,,,,,,,,,0.3657480294217115,0.6684697963635664
1252,train-load-0.6-scenario-291,0.6,0.6187096875,0.6187096875,0.5159815,13.6039173671862,1.492608806816146,0.507391193183854,1.0,0.0,1.0,0.0,7,0,7,0,7,4,7,7,0.1395893692970276,0.05,,,,,,,,,,,0.3657480294217115,0.6684697963635664
1253,train-load-0.5-scenario-272-retry-4,0.5,0.5,0.25,0.5,18.2759350039397,1.5325412974615213,0.4674587025384787,1.0,0.0,1.0,0.0,10,0,10,0,10,4,10,10,0.4102373421192169,0.05,,,,,,,,,,,0.3657480294217115,0.6684697963635664
1254,train-load-0.7-scenario-297-retry-4,0.7,0.6,0.4583333333333333,0.6,19.03428333995099,1.4848989405693023,0.5151010594306976,1.0,0.0,1.0,0.0,11,0,15,0,15,8,11,11,0.3051554560661316,0.05,,,,,,,,,,,0.3657480294217115,0.6684697963635664
1255,train-load-0.9-scenario-420-retry-5,0.9,1.0,0.6666666666666666,1.0,7.439233883755417,-0.3019223137924154,0.3019223137924154,0.5,0.5,0.5,0.5,8,8,8,8,16,8,16,8,0.42309117317199707,0.05,,,,,,,,,,,0.3657480294217115,0.6684697963635664
1256,train-load-0.5-scenario-539,0.5,0.4272553571428571,0.4272553571428571,0.34109957142857145,12.242570043670874,1.473998645833922,0.526001354166078,1.0,0.0,1.0,0.0,6,0,7,0,7,7,6,6,0.3821486234664917,0.05,,,,,,,,,,,0.3657480294217115,0.6684697963635664
1257,train-load-0.9-scenario-431-retry-3,0.9,1.0,1.0,0.4,3.684820124803324,-0.5787760351831152,0.5787760351831152,0.5,0.5,0.5,0.5,6,6,6,6,12,6,12,6,0.1669767200946808,0.05,,,,,,,,,,,0.3657480294217115,0.6684697963635664
1258,train-load-0.5-scenario-265-retry-1,0.5,0.5,0.10416666666666667,0.5,22.638275681666286,1.2986101471278304,0.7013898528721697,1.0,0.0,1.0,0.0,15,0,15,0,15,6,15,15,0.21613585948944092,0.05,,,,,,,,,,,0.3657480294217115,0.6684697963635664
1259,train-load-0.9-scenario-219-retry-5,0.9,0.88,0.6666666666666666,0.88,7.7551237558206365,0.4031699007725238,0.5968300992274762,0.75,0.25,0.6,0.4,6,2,6,4,10,5,8,6,0.37412676215171814,0.05,,,,,,,,,,,0.3657480294217115,0.6684697963635664
1260,train-load-0.6-scenario-279,0.6,0.5442235714285715,0.2775998214285714,0.5442235714285715,10.335246143532993,1.1912816346171269,0.808718365382873,1.0,0.0,1.0,0.0,6,0,7,0,7,7,6,6,0.22890089452266693,0.05,,,,,,,,,,,0.3657480294217115,0.6684697963635664
1261,train-load-0.6-scenario-560,0.6,0.7142857142857143,0.5714285714285714,0.7142857142857143,9.995381895398282,0.5566024637029353,0.24339753629706468,0.7,0.3,0.7,0.3,7,3,7,3,10,7,10,7,0.45391061902046204,0.05,,,,,,,,,,,0.3657480294217115,0.6684697963635664
1262,train-load-0.8-scenario-685,0.8,0.9166666666666666,0.5166666666666667,0.9166666666666666,11.43333924536124,0.4326694605409802,0.5673305394590198,0.75,0.25,0.75,0.25,9,3,9,3,12,6,12,9,0.3462960422039032,0.05,,,,,,,,,,,0.3657480294217115,0.6684697963635664
1263,train-load-0.8-scenario-589,0.8,0.682646125,0.46467015624999997,0.682646125,16.55341831030754,1.1747495060238755,0.8252504939761244,1.0,0.0,1.0,0.0,11,0,12,0,12,8,11,11,0.5095374584197998,0.05,,,,,,,,,,,0.3657480294217115,0.6684697963635664
1264,train-load-0.9-scenario-734,0.9,1.0,0.4714285714285714,1.0,5.024874568621205,-0.03037689942613342,0.5303768994261334,0.625,0.375,0.6363636363636364,0.36363636363636365,5,3,7,4,11,7,8,5,0.41224735975265503,0.05,,,,,,,,,,,0.3657480294217115,0.6684697963635664
1265,train-load-0.7-scenario-660,0.7,0.60458796875,0.60458796875,0.540320625,19.782613578932242,1.2542965694906667,0.7457034305093333,1.0,0.0,1.0,0.0,13,0,13,0,13,8,13,13,0.5143793821334839,0.05,,,,,,,,,,,0.3657480294217115,0.6684697963635664
1266,train-load-0.6-scenario-611-retry-1,0.6,0.4857142857142857,0.24285714285714285,0.4857142857142857,27.061823255259064,1.4935897973875192,0.5064102026124808,1.0,0.0,1.0,0.0,17,0,17,0,17,7,17,17,0.38713812828063965,0.05,,,,,,,,,,,0.3657480294217115,0.6684697963635664
1267,train-load-0.7-scenario-386-retry-3,0.7,0.8,0.4666666666666667,0.8,5.889636717978993,0.1626766783131588,0.33732332168684115,0.625,0.375,0.625,0.375,5,3,5,3,8,5,8,5,0.32607436180114746,0.05,,,,,,,,,,,0.3657480294217115,0.6684697963635664
1268,train-load-0.7-scenario-48,0.7,0.603708,0.36796755952380955,0.603708,14.211068126354785,1.416084616108106,0.583915383891894,1.0,0.0,1.0,0.0,8,0,9,0,9,7,8,8,0.44250205159187317,0.05,,,,,,,,,,,0.3657480294217115,0.6684697963635664
1269,train-load-0.7-scenario-601,0.7,0.6072428,0.21887725,0.6072428,7.58479339715874,1.138524798397445,0.8614752016025552,1.0,0.0,1.0,0.0,4,0,5,0,5,5,4,4,0.459460973739624,0.05,,,,,,,,,,,0.3657480294217115,0.6684697963635664
1270,train-load-1.0-scenario-522,1.0,0.945913,0.7426665,0.945913,9.218023233546175,0.5371013059582563,0.5740098051528548,0.7777777777777778,0.2222222222222222,0.7,0.3,7,2,7,3,10,5,9,7,0.4799236059188843,0.05,,,,,,,,,,,0.3657480294217115,0.6684697963635664
1271,train-load-0.8-scenario-491-retry-4,0.8,0.7083333333333334,0.7083333333333334,0.5,20.33604034707871,1.3153697028255653,0.3989160114601491,0.9285714285714286,0.07142857142857142,0.9285714285714286,0.07142857142857142,13,1,13,1,14,4,14,13,0.33311372995376587,0.05,,,,,,,,,,,0.3657480294217115,0.6684697963635664
1272,train-load-0.7-scenario-474,0.7,0.6221616,0.38987674999999994,0.6221616,6.808491776329492,0.5818501418923365,0.751483191440997,0.8333333333333334,0.16666666666666666,0.7142857142857143,0.2857142857142857,5,1,5,2,7,5,6,5,0.3885337710380554,0.05,,,,,,,,,,,0.3657480294217115,0.6684697963635664
1273,train-load-0.8-scenario-66,0.8,0.6875,0.4583333333333333,0.6875,11.795906158050812,0.7217004725625453,0.1873904365283639,0.7272727272727273,0.2727272727272727,0.7272727272727273,0.2727272727272727,8,3,8,3,11,8,11,8,0.47319138050079346,0.05,,,,,,,,,,,0.3657480294217115,0.6684697963635664
1274,train-load-0.6-scenario-438,0.6,0.7,0.5833333333333334,0.7,24.181736839639306,1.7154243759056595,0.28457562409434056,1.0,0.0,1.0,0.0,14,0,14,0,14,4,14,14,0.4563196897506714,0.05,,,,,,,,,,,0.3657480294217115,0.6684697963635664
1275,train-load-0.8-scenario-318,0.8,0.85,0.7083333333333334,0.85,17.786141265617697,0.7277203182745785,0.3311032111371862,0.7647058823529411,0.23529411764705882,0.7647058823529411,0.23529411764705882,13,4,13,4,17,4,17,13,0.37094518542289734,0.05,,,,,,,,,,,0.3657480294217115,0.6684697963635664
1276,train-load-1.0-scenario-397,1.0,0.9061668749999999,0.9061668749999999,0.89789025,6.140585404444117,-0.060642392638433185,0.46064239263843315,0.6,0.4,0.6,0.4,6,4,6,4,10,4,10,6,0.3614199459552765,0.05,,,,,,,,,,,0.3657480294217115,0.6684697963635664
1277,train-load-0.5-scenario-1,0.5,0.56,0.56,0.46,19.000478175168297,1.5428689262446875,0.4571310737553125,1.0,0.0,1.0,0.0,11,0,11,0,11,5,11,11,0.44941166043281555,0.05,,,,,,,,,,,0.3657480294217115,0.6684697963635664
1278,train-load-0.8-scenario-493,0.8,0.8928571428571429,0.3,0.8928571428571429,11.756322445862004,0.42069486775684906,0.6562282091662279,0.7692307692307693,0.23076923076923078,0.7692307692307693,0.23076923076923078,10,3,10,3,13,7,13,10,0.450795978307724,0.05,,,,,,,,,,,0.3657480294217115,0.6684697963635664
1279,train-load-0.5-scenario-652,0.5,0.4723614583333333,0.4723614583333333,0.329768875,14.222345288137884,1.1483738612883678,0.8516261387116322,1.0,0.0,1.0,0.0,9,0,9,0,9,8,9,9,0.37113088369369507,0.05,,,,,,,,,,,0.3657480294217115,0.6684697963635664
1280,train-load-0.9-scenario-482,0.9,0.7846158000000001,0.52113175,0.7846158000000001,11.580677063950784,0.8381617244207126,0.7173938311348429,0.8888888888888888,0.1111111111111111,0.9,0.1,8,1,9,1,10,5,9,8,0.4188043773174286,0.05,,,,,,,,,,,0.3657480294217115,0.6684697963635664
1281,train-load-0.9-scenario-472,0.9,0.7805811666666667,0.5687291666666667,0.7805811666666667,9.988344265814407,0.9367833798936912,0.4917880486777374,0.8571428571428571,0.14285714285714285,0.8,0.2,6,1,8,2,10,6,7,6,0.42790502309799194,0.05,,,,,,,,,,,0.3657480294217115,0.6684697963635664
1282,train-load-1.0-scenario-143-retry-12,1.0,1.0476190476190477,1.0476190476190477,0.15714285714285714,5.250176481258209,-0.2683770209283102,0.8138315663828556,0.6363636363636364,0.36363636363636365,0.6363636363636364,0.36363636363636365,7,4,7,4,11,7,11,7,0.37678563594818115,0.05,,,,,,,,,,,0.3657480294217115,0.6684697963635664
1283,train-load-0.6-scenario-602,0.6,0.56,0.23333333333333334,0.56,21.92687829680855,1.3837729881580467,0.6162270118419533,1.0,0.0,1.0,0.0,14,0,14,0,14,5,14,14,0.3416058421134949,0.05,,,,,,,,,,,0.3657480294217115,0.6684697963635664
1284,train-load-0.6-scenario-15-retry-4,0.6,0.6666666666666666,0.5555555555555556,0.6666666666666666,18.03683031887835,1.5498833422087703,0.4501166577912297,1.0,0.0,1.0,0.0,10,0,10,0,10,6,10,10,0.4570584297180176,0.05,,,,,,,,,,,0.3657480294217115,0.6684697963635664
1285,train-load-0.9-scenario-534-retry-1,0.9,0.8125,0.15625,0.8125,13.221491988215403,0.1902868420155328,0.6332425697491731,0.7058823529411765,0.29411764705882354,0.7058823529411765,0.29411764705882354,12,5,12,5,17,8,17,12,0.38752979040145874,0.05,,,,,,,,,,,0.3657480294217115,0.6684697963635664
1286,train-load-0.7-scenario-98,0.7,0.6970219999999999,0.5035705357142858,0.6970219999999999,15.898134771692243,1.2646989779354754,0.7353010220645246,1.0,0.0,1.0,0.0,10,0,11,0,11,7,10,10,0.3847005069255829,0.05,,,,,,,,,,,0.3657480294217115,0.6684697963635664
1287,train-load-0.5-scenario-176-retry-3,0.5,0.42857142857142855,0.17857142857142858,0.42857142857142855,23.41899552249111,1.390219668240059,0.6097803317599411,1.0,0.0,1.0,0.0,15,0,15,0,15,7,15,15,0.3326900899410248,0.05,,,,,,,,,,,0.3657480294217115,0.6684697963635664
1288,train-load-0.9-scenario-581-retry-1,0.9,0.9,0.9,0.5583333333333333,11.622927600113538,0.6155963011834203,0.6571309715438525,0.8181818181818182,0.18181818181818182,0.8181818181818182,0.18181818181818182,9,2,9,2,11,6,11,9,0.2517086863517761,0.05,,,,,,,,,,,0.3657480294217115,0.6684697963635664
1289,train-load-1.0-scenario-366-retry-1,1.0,0.950198,0.557810625,0.950198,13.97852605562885,1.0379743739896548,0.5620256260103453,0.9,0.1,0.8461538461538461,0.15384615384615385,9,1,11,2,13,6,10,9,0.4208434820175171,0.05,,,,,,,,,,,0.3657480294217115,0.6684697963635664
1290,train-load-0.9-scenario-395-retry-3,0.9,1.0,0.5555555555555556,1.0,5.611268660246011,-0.12139049074831365,0.5213904907483136,0.6,0.4,0.6,0.4,6,4,6,4,10,6,10,6,0.294900506734848,0.05,,,,,,,,,,,0.3657480294217115,0.6684697963635664
1291,train-load-0.8-scenario-39-retry-3,0.8,0.6875,0.11458333333333333,0.6875,8.949228131724107,0.24528622235636455,0.6638046867345446,0.7272727272727273,0.2727272727272727,0.7272727272727273,0.2727272727272727,8,3,8,3,11,8,11,8,0.33136436343193054,0.05,,,,,,,,,,,0.3657480294217115,0.6684697963635664
1292,train-load-0.5-scenario-64-retry-2,0.5,0.5714285714285714,0.09523809523809523,0.5714285714285714,10.809034400910196,0.9261977649860369,0.573802235013963,0.875,0.125,0.875,0.125,7,1,7,1,8,7,8,7,0.24840205907821655,0.05,,,,,,,,,,,0.3657480294217115,0.6684697963635664
1293,train-load-0.7-scenario-424,0.7,0.61554475,0.415534375,0.61554475,11.159898089335353,1.3203508372460278,0.6796491627539722,1.0,0.0,1.0,0.0,6,0,6,0,6,4,6,6,0.2264585793018341,0.05,,,,,,,,,,,0.3657480294217115,0.6684697963635664
1294,train-load-0.6-scenario-204-retry-2,0.6,0.675,0.4861111111111111,0.675,12.010339828372796,0.9168393199464125,0.6387162356091429,0.8888888888888888,0.1111111111111111,0.8888888888888888,0.1111111111111111,8,1,8,1,9,6,9,8,0.44626355171203613,0.05,,,,,,,,,,,0.3657480294217115,0.6684697963635664
1295,train-load-0.9-scenario-328-retry-9,0.9,1.0,0.9333333333333333,1.0,3.5273727947846227,-0.36472884435733866,0.586951066579561,0.5555555555555556,0.4444444444444444,0.5555555555555556,0.4444444444444444,5,4,5,4,9,5,9,5,0.4497842490673065,0.05,,,,,,,,,,,0.3657480294217115,0.6684697963635664
1296,train-load-0.5-scenario-730,0.5,0.5247061666666666,0.3143697916666667,0.5247061666666666,10.169583648365023,1.144771033581888,0.8552289664181122,1.0,0.0,1.0,0.0,6,0,6,0,6,6,6,6,0.35154223442077637,0.05,,,,,,,,,,,0.3657480294217115,0.6684697963635664
1297,train-load-0.9-scenario-587,0.9,0.9971343333333332,0.7259864583333333,0.9971343333333332,11.37525953997422,0.6833167571001925,0.5166832428998076,0.8,0.2,0.7142857142857143,0.2857142857142857,8,2,10,4,14,6,10,8,0.36772868037223816,0.05,,,,,,,,,,,0.3657480294217115,0.6684697963635664
1298,train-load-1.0-scenario-257,1.0,0.959136125,0.5408177083333333,0.959136125,15.417973166568352,0.8608316409476131,0.5237837436677715,0.8461538461538461,0.15384615384615385,0.8,0.2,11,2,12,3,15,8,13,11,0.4333277642726898,0.05,,,,,,,,,,,0.3657480294217115,0.6684697963635664
1299,train-load-0.8-scenario-720,0.8,0.8622421666666665,0.4346861111111111,0.8622421666666665,8.476814277855926,0.6725191824206124,0.7560522461508161,0.8571428571428571,0.14285714285714285,0.8,0.2,6,1,8,2,10,6,7,6,0.28869664669036865,0.05,,,,,,,,,,,0.3657480294217115,0.6684697963635664
1300,train-load-0.6-scenario-176,0.6,0.6567125,0.35728333333333334,0.6567125,10.52964194347314,1.4285825228717544,0.5714174771282456,1.0,0.0,1.0,0.0,5,0,5,0,5,4,5,5,0.30375880002975464,0.05,0.3622617576572095,0.530211011727711,0.7231181923462301,0.2768818076537699,0.7089862846774125,0.29101371532258746,0.6639684449407677,0.7182425981598086,0.2694537760934493,0.700623315271527,0.3657480294217115,0.6684697963635664
1301,train-load-0.8-scenario-195,0.8,0.7667738000000001,0.490455,0.7667738000000001,6.677950539033997,0.5602726446169219,0.7730606887164115,0.8333333333333334,0.16666666666666666,0.75,0.25,5,1,6,2,8,5,6,5,0.3019280433654785,0.05,,,,,,,,,,,0.3657480294217115,0.6684697963635664
1302,train-load-0.9-scenario-724,0.9,0.862008,0.5901822916666667,0.862008,6.886491013016322,0.4322878250293083,0.424855032113549,0.7142857142857143,0.2857142857142857,0.5555555555555556,0.4444444444444444,5,2,5,4,9,4,7,5,0.21631769835948944,0.05,,,,,,,,,,,0.3657480294217115,0.6684697963635664
1303,train-load-0.8-scenario-712-retry-3,0.8,0.9,0.45,0.9,20.019884662635903,0.8281141233307026,0.5052192100026308,0.8333333333333334,0.16666666666666666,0.8333333333333334,0.16666666666666666,15,3,15,3,18,4,18,15,0.22653433680534363,0.05,,,,,,,,,,,0.3657480294217115,0.6684697963635664
1304,train-load-0.5-scenario-167,0.5,0.45584525,0.38312343749999994,0.45584525,13.85125584442731,1.3031770680021082,0.6968229319978918,1.0,0.0,1.0,0.0,8,0,9,0,9,8,8,8,0.28237980604171753,0.05,,,,,,,,,,,0.3657480294217115,0.6684697963635664
1305,train-load-0.8-scenario-205,0.8,0.690344,0.5326395833333334,0.690344,14.64491590872598,1.2896448148303412,0.7103551851696588,1.0,0.0,1.0,0.0,9,0,11,0,11,7,9,9,0.25048160552978516,0.05,,,,,,,,,,,0.3657480294217115,0.6684697963635664
1306,train-load-0.8-scenario-237,0.8,0.7736620000000001,0.4426141666666667,0.7736620000000001,6.950498804649558,0.6006313161771026,0.7327020171562308,0.8333333333333334,0.16666666666666666,0.75,0.25,5,1,6,2,8,5,6,5,0.3758507966995239,0.05,,,,,,,,,,,0.3657480294217115,0.6684697963635664
1307,train-load-0.7-scenario-426,0.7,0.63815475,0.49137281250000003,0.63815475,18.18924494911166,1.3876825131007084,0.6123174868992916,1.0,0.0,1.0,0.0,11,0,12,0,12,8,11,11,0.4531560242176056,0.05,,,,,,,,,,,0.3657480294217115,0.6684697963635664
1308,train-load-0.7-scenario-698,0.7,0.6284395,0.6284395,0.5226742000000001,10.53814576498904,0.8280673692312843,0.6719326307687157,0.875,0.125,0.875,0.125,7,1,7,1,8,5,8,7,0.662725567817688,0.05,,,,,,,,,,,0.3657480294217115,0.6684697963635664
1309,train-load-0.6-scenario-603-retry-1,0.6,0.7,0.575,0.7,11.188707526742846,0.5721340337483927,0.3369568753425166,0.7272727272727273,0.2727272727272727,0.7272727272727273,0.2727272727272727,8,3,8,3,11,8,11,8,0.200507253408432,0.05,,,,,,,,,,,0.3657480294217115,0.6684697963635664
1310,train-load-1.0-scenario-362-retry-5,1.0,1.075,1.075,0.9625,8.798246791097139,0.0471959268984431,0.41434253464001847,0.6153846153846154,0.38461538461538464,0.6153846153846154,0.38461538461538464,8,5,8,5,13,4,13,8,0.2764013111591339,0.05,,,,,,,,,,,0.3657480294217115,0.6684697963635664
1311,train-load-0.7-scenario-739,0.7,0.6758273749999999,0.5602240625,0.6758273749999999,19.094905109575965,1.0964755976120875,0.617810116673627,0.9285714285714286,0.07142857142857142,0.9285714285714286,0.07142857142857142,13,1,13,1,14,8,14,13,0.1786041259765625,0.05,,,,,,,,,,,0.3657480294217115,0.6684697963635664
1312,train-load-0.7-scenario-409,0.7,0.6,0.3,0.6,23.859438069109654,1.4819575094991737,0.5180424905008263,1.0,0.0,1.0,0.0,15,0,15,0,15,5,15,15,0.4330849051475525,0.05,,,,,,,,,,,0.3657480294217115,0.6684697963635664
1313,train-load-0.7-scenario-121,0.7,0.8,0.8,0.5,11.832336084945183,1.0564274192615686,0.4435725807384314,0.875,0.125,0.875,0.125,7,1,14,2,16,8,8,7,0.44494205713272095,0.05,,,,,,,,,,,0.3657480294217115,0.6684697963635664
1314,train-load-1.0-scenario-239,1.0,1.1,1.1,0.6875,7.516922889314599,0.03818859319193901,0.5072659522626064,0.6363636363636364,0.36363636363636365,0.6363636363636364,0.36363636363636365,7,4,7,4,11,4,11,7,0.3896774649620056,0.05,,,,,,,,,,,0.3657480294217115,0.6684697963635664
1315,train-load-0.5-scenario-260-retry-4,0.5,0.6,0.1,0.6,13.463862328292034,1.2873220973001627,0.7126779026998373,1.0,0.0,1.0,0.0,8,0,8,0,8,8,8,8,0.3978174328804016,0.05,,,,,,,,,,,0.3657480294217115,0.6684697963635664
1316,train-load-0.5-scenario-742-retry-1,0.5,0.45,0.45,0.3,20.721105942270775,1.5355729146755668,0.4644270853244333,1.0,0.0,1.0,0.0,12,0,12,0,12,4,12,12,0.1573631763458252,0.05,,,,,,,,,,,0.3657480294217115,0.6684697963635664
1317,train-load-0.6-scenario-16-retry-1,0.6,0.7,0.7,0.35,19.22926244523201,1.1393244335456758,0.5749612807400386,0.9285714285714286,0.07142857142857142,0.9285714285714286,0.07142857142857142,13,1,13,1,14,4,14,13,0.4048044681549072,0.05,,,,,,,,,,,0.3657480294217115,0.6684697963635664
1318,train-load-0.9-scenario-440-retry-1,0.9,1.0,0.8333333333333334,1.0,8.998567779235984,0.3893993314352401,0.4106006685647599,0.7,0.3,0.7,0.3,7,3,7,3,10,4,10,7,0.2440294623374939,0.05,,,,,,,,,,,0.3657480294217115,0.6684697963635664
1319,train-load-0.6-scenario-562,0.6,0.511491,0.35605175,0.511491,10.08266437535038,1.3368348043332492,0.6631651956667508,1.0,0.0,1.0,0.0,5,0,6,0,6,5,5,5,0.2548525631427765,0.05,,,,,,,,,,,0.3657480294217115,0.6684697963635664
1320,train-load-0.9-scenario-727-retry-2,0.9,1.02,1.02,0.57,17.043706371745323,0.49089651692663905,0.6202145941844721,0.7777777777777778,0.2222222222222222,0.7777777777777778,0.2222222222222222,14,4,14,4,18,5,18,14,0.3128991723060608,0.05,,,,,,,,,,,0.3657480294217115,0.6684697963635664
1321,train-load-0.6-scenario-428-retry-1,0.6,0.625,0.625,0.55,16.565463219315845,1.5645223017640035,0.4354776982359964,1.0,0.0,1.0,0.0,9,0,11,0,11,8,9,9,0.32667261362075806,0.05,,,,,,,,,,,0.3657480294217115,0.6684697963635664
1322,train-load-0.5-scenario-724,0.5,0.43502937500000005,0.43502937500000005,0.4306655,8.95662563402799,1.1809711086172243,0.8190288913827757,1.0,0.0,1.0,0.0,5,0,5,0,5,4,5,5,0.34225744009017944,0.05,,,,,,,,,,,0.3657480294217115,0.6684697963635664
1323,train-load-0.8-scenario-91,0.8,0.9166666666666666,0.9166666666666666,0.375,13.381205346653921,0.3753339932696057,0.5579993400637275,0.7333333333333333,0.26666666666666666,0.7333333333333333,0.26666666666666666,11,4,11,4,15,8,15,11,0.3751278519630432,0.05,,,,,,,,,,,0.3657480294217115,0.6684697963635664
1324,train-load-0.5-scenario-723-retry-4,0.5,0.6,0.25,0.6,19.903118205333627,1.463544413773245,0.536455586226755,1.0,0.0,1.0,0.0,12,0,12,0,12,4,12,12,0.42556390166282654,0.05,,,,,,,,,,,0.3657480294217115,0.6684697963635664
1325,train-load-0.8-scenario-50,0.8,0.7003415,0.45934114583333335,0.7003415,19.458177227083983,1.4337345964308912,0.5662654035691089,1.0,0.0,1.0,0.0,12,0,12,0,12,8,12,12,0.48607853055000305,0.05,,,,,,,,,,,0.3657480294217115,0.6684697963635664
1326,train-load-0.8-scenario-486-retry-2,0.8,0.9,0.5,0.9,7.304639512376172,0.12385963250328391,0.676140367496716,0.7,0.3,0.5714285714285714,0.42857142857142855,7,3,8,6,14,8,10,7,0.2798631489276886,0.05,,,,,,,,,,,0.3657480294217115,0.6684697963635664
1327,train-load-0.5-scenario-650,0.5,0.46232999999999996,0.46232999999999996,0.4288292,11.366908788411678,1.3169681920509824,0.6830318079490176,1.0,0.0,1.0,0.0,6,0,6,0,6,5,6,6,0.3705165982246399,0.05,,,,,,,,,,,0.3657480294217115,0.6684697963635664
1328,train-load-0.6-scenario-367-retry-1,0.6,0.7,0.6666666666666666,0.7,18.010322517217173,1.295329699699168,0.3713369669674987,0.9166666666666666,0.08333333333333333,0.9166666666666666,0.08333333333333333,11,1,11,1,12,8,12,11,0.14809753000736237,0.05,,,,,,,,,,,0.3657480294217115,0.6684697963635664
1329,train-load-0.8-scenario-298,0.8,0.7135042500000001,0.7135042500000001,0.7008928,12.949544876462081,1.0121091687306922,0.5434463868248633,0.8888888888888888,0.1111111111111111,0.9,0.1,8,1,9,1,10,5,9,8,0.473408579826355,0.05,,,,,,,,,,,0.3657480294217115,0.6684697963635664
1330,train-load-0.8-scenario-119-retry-4,0.8,0.8285714285714286,0.5952380952380952,0.8285714285714286,10.878407582501222,0.26527262040200794,0.5039581488287612,0.6923076923076923,0.3076923076923077,0.6923076923076923,0.3076923076923077,9,4,9,4,13,7,13,9,0.26894092559814453,0.05,,,,,,,,,,,0.3657480294217115,0.6684697963635664
1331,train-load-0.8-scenario-240,0.8,0.7570346,0.5422533333333334,0.7570346,14.90747744283459,1.5672954568944766,0.4327045431055235,1.0,0.0,1.0,0.0,8,0,9,0,9,5,8,8,0.43704140186309814,0.05,,,,,,,,,,,0.3657480294217115,0.6684697963635664
1332,train-load-0.8-scenario-498-retry-1,0.8,0.7714285714285715,0.4142857142857143,0.7714285714285715,3.3188480741177173,-0.37893056400182934,0.15670834177960702,0.4444444444444444,0.5555555555555556,0.4444444444444444,0.5555555555555556,4,5,4,5,9,7,9,4,0.2639872431755066,0.05,,,,,,,,,,,0.3657480294217115,0.6684697963635664
1333,train-load-1.0-scenario-196,1.0,0.9,0.4875,0.9,-1.8851023680416714,-1.3399311538734815,0.6732644872068148,0.3333333333333333,0.6666666666666666,0.3333333333333333,0.6666666666666666,3,6,3,6,9,8,9,3,0.29549628496170044,0.05,,,,,,,,,,,0.3657480294217115,0.6684697963635664
1334,train-load-0.6-scenario-387-retry-2,0.6,0.55,0.4125,0.55,18.597890795925288,1.4506120613939055,0.5493879386060944,1.0,0.0,1.0,0.0,11,0,11,0,11,8,11,11,0.13114970922470093,0.05,,,,,,,,,,,0.3657480294217115,0.6684697963635664
1335,train-load-0.5-scenario-391,0.5,0.478635625,0.2696630208333333,0.478635625,13.045165695370162,1.199719596289819,0.8002804037101809,1.0,0.0,1.0,0.0,8,0,8,0,8,8,8,8,0.278417706489563,0.05,,,,,,,,,,,0.3657480294217115,0.6684697963635664
1336,train-load-0.8-scenario-60-retry-4,0.8,0.9142857142857143,0.8857142857142857,0.9142857142857143,3.205236026549607,-0.4393082137031177,0.66153043592534,0.5555555555555556,0.4444444444444444,0.42857142857142855,0.5714285714285714,5,4,6,8,14,7,9,5,0.307443231344223,0.05,,,,,,,,,,,0.3657480294217115,0.6684697963635664
1337,train-load-0.9-scenario-243,0.9,0.884828125,0.884828125,0.72547275,8.170355087874253,0.49011609063586314,0.5098839093641369,0.75,0.25,0.6666666666666666,0.3333333333333333,6,2,6,3,9,4,8,6,0.4032316207885742,0.05,,,,,,,,,,,0.3657480294217115,0.6684697963635664
1338,train-load-0.7-scenario-364,0.7,0.6516532738095238,0.6516532738095238,0.591357,13.529881047946981,0.9722492926429089,0.6277507073570913,0.9,0.1,0.9166666666666666,0.08333333333333333,9,1,11,1,12,7,10,9,0.2481234073638916,0.05,,,,,,,,,,,0.3657480294217115,0.6684697963635664
1339,train-load-1.0-scenario-699-retry-1,1.0,1.0146247142857143,0.5856651785714286,1.0146247142857143,6.677352025665896,-0.22466161339403523,0.8913282800607019,0.6666666666666666,0.3333333333333333,0.6,0.4,8,4,9,6,15,7,12,8,0.35082364082336426,0.05,,,,,,,,,,,0.3657480294217115,0.6684697963635664
1340,train-load-1.0-scenario-194,1.0,1.05,0.6,1.05,7.787478624654304,0.3989066843776756,0.6010933156223244,0.75,0.25,0.6666666666666666,0.3333333333333333,6,2,8,4,12,4,8,6,0.17287874221801758,0.05,,,,,,,,,,,0.3657480294217115,0.6684697963635664
1341,train-load-1.0-scenario-492-retry-5,1.0,1.0833333333333333,0.375,1.0833333333333333,10.43602759092133,0.5510440181957518,0.6489559818042483,0.8,0.2,0.7333333333333333,0.26666666666666666,8,2,11,4,15,6,10,8,0.2666369378566742,0.05,,,,,,,,,,,0.3657480294217115,0.6684697963635664
1342,train-load-0.7-scenario-643,0.7,0.6468907500000001,0.3099528125,0.6468907500000001,13.785863488895416,1.3436239559871175,0.6563760440128825,1.0,0.0,1.0,0.0,8,0,9,0,9,8,8,8,0.2780393362045288,0.05,,,,,,,,,,,0.3657480294217115,0.6684697963635664
1343,train-load-0.5-scenario-253-retry-8,0.5,0.4666666666666667,0.4666666666666667,0.4666666666666667,23.216973429552482,1.5251629292171942,0.4748370707828058,1.0,0.0,1.0,0.0,14,0,14,0,14,6,14,14,0.1873864382505417,0.05,,,,,,,,,,,0.3657480294217115,0.6684697963635664
1344,train-load-0.8-scenario-454,0.8,0.7175096354166667,0.7175096354166667,0.6460680000000001,17.393946754479675,1.0180944651937804,0.6742132271139122,0.9230769230769231,0.07692307692307693,0.8666666666666667,0.13333333333333333,12,1,13,2,15,8,13,12,0.2984205484390259,0.05,,,,,,,,,,,0.3657480294217115,0.6684697963635664
1345,train-load-0.5-scenario-268,0.5,0.4603915,0.2564771875,0.4603915,7.90824499617118,1.18245070513816,0.8175492948618398,1.0,0.0,1.0,0.0,4,0,4,0,4,4,4,4,0.28413212299346924,0.05,,,,,,,,,,,0.3657480294217115,0.6684697963635664
1346,train-load-0.9-scenario-357,0.9,0.9583333333333334,0.3055555555555556,0.9583333333333334,7.481774786553699,0.38358643916876933,0.6164135608312307,0.75,0.25,0.6363636363636364,0.36363636363636365,6,2,7,4,11,6,8,6,0.3109300136566162,0.05,,,,,,,,,,,0.3657480294217115,0.6684697963635664
1347,train-load-0.8-scenario-46,0.8,0.7070831249999999,0.3544755208333334,0.7070831249999999,9.5449891537207,0.6856587103916116,0.8143412896083884,0.875,0.125,0.8,0.2,7,1,8,2,10,8,8,7,0.46225765347480774,0.05,,,,,,,,,,,0.3657480294217115,0.6684697963635664
1348,train-load-0.9-scenario-68-retry-5,0.9,0.95,0.95,0.6833333333333333,8.880605742976035,0.07416253111219506,0.3873759304262665,0.6153846153846154,0.38461538461538464,0.6153846153846154,0.38461538461538464,8,5,8,5,13,6,13,8,0.4034571051597595,0.05,,,,,,,,,,,0.3657480294217115,0.6684697963635664
1349,train-load-0.7-scenario-389-retry-3,0.7,0.78125,0.4625,0.78125,15.880306309365125,0.9761331627588057,0.408482221856579,0.8461538461538461,0.15384615384615385,0.8461538461538461,0.15384615384615385,11,2,11,2,13,8,13,11,0.4541085362434387,0.05,,,,,,,,,,,0.3657480294217115,0.6684697963635664
1350,train-load-0.8-scenario-413,0.8,0.721735625,0.721735625,0.6921685,12.911754828078031,1.2399670054925394,0.26003299450746076,0.875,0.125,0.875,0.125,7,1,7,1,8,4,8,7,0.46281763911247253,0.05,,,,,,,,,,,0.3657480294217115,0.6684697963635664
1351,train-load-0.9-scenario-21-retry-1,0.9,0.94,0.69,0.94,10.438649386175555,0.25825390698426576,0.5109768622465034,0.6923076923076923,0.3076923076923077,0.6923076923076923,0.3076923076923077,9,4,9,4,13,5,13,9,0.22754913568496704,0.05,,,,,,,,,,,0.3657480294217115,0.6684697963635664
1352,train-load-0.8-scenario-4,0.8,0.6846890000000001,0.48245812499999996,0.6846890000000001,12.490102841642722,0.8148138889619143,0.7851861110380858,0.9,0.1,0.8333333333333334,0.16666666666666666,9,1,10,2,12,8,10,9,0.17489662766456604,0.05,,,,,,,,,,,0.3657480294217115,0.6684697963635664
1353,train-load-0.8-scenario-573,0.8,0.736916375,0.552275,0.736916375,21.737421731676314,1.5554514902550072,0.4445485097449928,1.0,0.0,1.0,0.0,13,0,14,0,14,8,13,13,0.5240556001663208,0.05,,,,,,,,,,,0.3657480294217115,0.6684697963635664
1354,train-load-0.6-scenario-478-retry-3,0.6,0.6666666666666666,0.3333333333333333,0.6666666666666666,17.76257713400284,1.546908524861649,0.4530914751383511,1.0,0.0,1.0,0.0,10,0,10,0,10,6,10,10,0.5563194751739502,0.05,,,,,,,,,,,0.3657480294217115,0.6684697963635664
1355,train-load-0.5-scenario-37,0.5,0.4,0.1,0.4,24.62933309592556,1.404025498076783,0.595974501923217,1.0,0.0,1.0,0.0,16,0,16,0,16,8,16,16,0.46989724040031433,0.05,,,,,,,,,,,0.3657480294217115,0.6684697963635664
1356,train-load-0.6-scenario-283,0.6,0.5,0.2,0.5,25.188710090816333,1.4405878313333726,0.5594121686666274,1.0,0.0,1.0,0.0,16,0,16,0,16,8,16,16,0.5732184648513794,0.05,,,,,,,,,,,0.3657480294217115,0.6684697963635664
1357,train-load-1.0-scenario-156-retry-2,1.0,0.99,0.99,0.93,25.947915775356357,0.9869271324311135,0.17973953423555294,0.7916666666666666,0.20833333333333334,0.7916666666666666,0.20833333333333334,19,5,19,5,24,5,24,19,0.5358016490936279,0.05,,,,,,,,,,,0.3657480294217115,0.6684697963635664
1358,train-load-0.8-scenario-436-retry-1,0.8,0.875,0.875,0.5357142857142857,7.232521896837577,0.20832225305988605,0.4583444136067806,0.6666666666666666,0.3333333333333333,0.6,0.4,6,3,9,6,15,7,9,6,0.8266326189041138,0.05,,,,,,,,,,,0.3657480294217115,0.6684697963635664
1359,train-load-0.7-scenario-110-retry-2,0.7,0.7142857142857143,0.7142857142857143,0.7142857142857143,18.04557809605332,0.8863801497335058,0.580286516933161,0.8666666666666667,0.13333333333333333,0.8666666666666667,0.13333333333333333,13,2,13,2,15,7,15,13,0.36622917652130127,0.05,,,,,,,,,,,0.3657480294217115,0.6684697963635664
1360,train-load-0.7-scenario-147,0.7,0.7333333333333333,0.7333333333333333,0.72,17.359470806571917,0.9053668963551779,0.2946331036448223,0.8,0.2,0.8,0.2,12,3,12,3,15,5,15,12,0.41332972049713135,0.05,,,,,,,,,,,0.3657480294217115,0.6684697963635664
1361,train-load-0.5-scenario-529,0.5,0.40625,0.078125,0.40625,23.450731207550977,1.3952666788905286,0.6047333211094714,1.0,0.0,1.0,0.0,15,0,15,0,15,8,15,15,0.3228066563606262,0.05,,,,,,,,,,,0.3657480294217115,0.6684697963635664
1362,train-load-0.9-scenario-735-retry-2,0.9,0.8497447916666667,0.8497447916666667,0.7877190000000001,2.8931992957906707,-0.23182951659407436,0.5175438023083601,0.5714285714285714,0.42857142857142855,0.5,0.5,4,3,4,4,8,4,7,4,0.20195569097995758,0.05,,,,,,,,,,,0.3657480294217115,0.6684697963635664
1363,train-load-1.0-scenario-423,1.0,0.8857142857142857,0.38095238095238093,0.8857142857142857,6.931102515639376,-0.006927416418951338,0.18874559823713305,0.5454545454545454,0.45454545454545453,0.5454545454545454,0.45454545454545453,6,5,6,5,11,7,11,6,0.2829005718231201,0.05,,,,,,,,,,,0.3657480294217115,0.6684697963635664
1364,train-load-0.6-scenario-624-retry-1,0.6,0.48,0.4,0.48,36.488540100661794,1.5356566262415,0.4643433737585,1.0,0.0,1.0,0.0,24,0,24,0,24,5,24,24,0.2702600061893463,0.05,,,,,,,,,,,0.3657480294217115,0.6684697963635664
1365,train-load-0.9-scenario-359-retry-1,0.9,0.9833333333333333,0.85,0.9833333333333333,14.57143620917233,0.7677832907918479,0.30913978613122906,0.7692307692307693,0.23076923076923078,0.7,0.3,10,3,14,6,20,6,13,10,0.3991338908672333,0.05,,,,,,,,,,,0.3657480294217115,0.6684697963635664
1366,train-load-0.5-scenario-394,0.5,0.473155,0.33069166666666666,0.473155,8.868664320885044,1.3830002789163987,0.6169997210836013,1.0,0.0,1.0,0.0,4,0,4,0,4,4,4,4,0.43178391456604004,0.05,,,,,,,,,,,0.3657480294217115,0.6684697963635664
1367,train-load-0.5-scenario-130,0.5,0.49797232142857145,0.49797232142857145,0.3947578571428571,14.613862128297749,1.4289285512675838,0.5710714487324162,1.0,0.0,1.0,0.0,8,0,9,0,9,7,8,8,0.18227696418762207,0.05,,,,,,,,,,,0.3657480294217115,0.6684697963635664
1368,train-load-0.9-scenario-373,0.9,0.782224625,0.6236153124999999,0.782224625,11.166392475015213,0.033998225638751434,0.8993351076945818,0.7333333333333333,0.26666666666666666,0.6875,0.3125,11,4,11,5,16,8,15,11,0.35717591643333435,0.05,,,,,,,,,,,0.3657480294217115,0.6684697963635664
1369,train-load-0.5-scenario-642-retry-2,0.5,0.6,0.3,0.6,20.583129502970234,1.5589428500094544,0.4410571499905457,1.0,0.0,1.0,0.0,12,0,12,0,12,4,12,12,0.1366329938173294,0.05,,,,,,,,,,,0.3657480294217115,0.6684697963635664
1370,train-load-0.5-scenario-311,0.5,0.48091616666666664,0.344140625,0.48091616666666664,10.510755363128467,1.3896712269838116,0.6103287730161883,1.0,0.0,1.0,0.0,5,0,7,0,7,6,5,5,0.2626136839389801,0.05,,,,,,,,,,,0.3657480294217115,0.6684697963635664
1371,train-load-0.7-scenario-207-retry-4,0.7,0.6857142857142857,0.2857142857142857,0.6857142857142857,10.865307543296593,0.9343130981247156,0.5656869018752844,0.875,0.125,0.875,0.125,7,1,7,1,8,7,8,7,0.3462499976158142,0.05,,,,,,,,,,,0.3657480294217115,0.6684697963635664
1372,train-load-0.7-scenario-529,0.7,0.6225305,0.364715,0.6225305,10.872152778783224,1.505663725927469,0.4943362740725311,1.0,0.0,1.0,0.0,5,0,5,0,5,4,5,5,0.307672917842865,0.05,,,,,,,,,,,0.3657480294217115,0.6684697963635664
1373,train-load-1.0-scenario-488-retry-3,1.0,1.0857142857142856,0.5714285714285714,1.0857142857142856,-0.0974522487406777,-1.0743476910528695,0.6743476910528696,0.4,0.6,0.4,0.6,4,6,4,6,10,7,10,4,0.30847811698913574,0.05,,,,,,,,,,,0.3657480294217115,0.6684697963635664
1374,train-load-0.7-scenario-472-retry-1,0.7,0.8,0.6666666666666666,0.8,8.780199294042205,0.5729863994208526,0.4270136005791475,0.75,0.25,0.75,0.25,6,2,6,2,8,6,8,6,0.3436487913131714,0.05,,,,,,,,,,,0.3657480294217115,0.6684697963635664
1375,train-load-0.7-scenario-136,0.7,0.5833333333333334,0.3888888888888889,0.5833333333333334,22.825158487030677,1.4823362446971127,0.5176637553028873,1.0,0.0,1.0,0.0,14,0,14,0,14,6,14,14,0.22317683696746826,0.05,,,,,,,,,,,0.3657480294217115,0.6684697963635664
1376,train-load-0.9-scenario-144,0.9,0.8667348749999999,0.51397296875,0.8667348749999999,10.764615852454064,0.4944801320644302,0.7782471406628426,0.8181818181818182,0.18181818181818182,0.6923076923076923,0.3076923076923077,9,2,9,4,13,8,11,9,0.5116839408874512,0.05,,,,,,,,,,,0.3657480294217115,0.6684697963635664
1377,train-load-0.8-scenario-654-retry-1,0.8,0.8095238095238095,0.8095238095238095,0.6285714285714286,19.004470242901903,0.7838014396888582,0.7161985603111417,0.875,0.125,0.875,0.125,14,2,14,2,16,7,16,14,0.32089507579803467,0.05,,,,,,,,,,,0.3657480294217115,0.6684697963635664
1378,train-load-0.7-scenario-644,0.7,0.75942625,0.478331875,0.75942625,4.265801563175974,0.29953386863563136,0.9004661313643687,0.8,0.2,0.6666666666666666,0.3333333333333333,4,1,4,2,6,4,5,4,0.30357345938682556,0.05,,,,,,,,,,,0.3657480294217115,0.6684697963635664
1379,train-load-0.6-scenario-457-retry-1,0.6,0.5,0.16666666666666666,0.5,21.505280444795563,1.2962991331439166,0.7037008668560835,1.0,0.0,1.0,0.0,14,0,14,0,14,7,14,14,0.19796036183834076,0.05,,,,,,,,,,,0.3657480294217115,0.6684697963635664
1380,train-load-0.7-scenario-111,0.7,0.8,0.8,0.65,23.79249396759596,1.4341082981510722,0.31589170184892784,0.9375,0.0625,0.9375,0.0625,15,1,15,1,16,8,16,15,0.20108777284622192,0.05,,,,,,,,,,,0.3657480294217115,0.6684697963635664
1381,train-load-0.8-scenario-65-retry-1,0.8,0.8333333333333334,0.3333333333333333,0.8333333333333334,5.581055470405966,-0.14393898191541044,0.5439389819154103,0.6,0.4,0.6,0.4,6,4,6,4,10,6,10,6,0.23388242721557617,0.05,,,,,,,,,,,0.3657480294217115,0.6684697963635664
1382,train-load-1.0-scenario-10-retry-9,1.0,1.0,0.625,1.0,3.0639262850089146,-0.5537289866095438,0.5537289866095438,0.5,0.5,0.5,0.5,5,5,10,10,20,8,10,5,0.3650200366973877,0.05,,,,,,,,,,,0.3657480294217115,0.6684697963635664
1383,train-load-0.5-scenario-556,0.5,0.6,0.16666666666666666,0.6,14.458032733045396,1.4467689110522832,0.5532310889477168,1.0,0.0,1.0,0.0,8,0,8,0,8,8,8,8,0.21856757998466492,0.05,,,,,,,,,,,0.3657480294217115,0.6684697963635664
1384,train-load-0.8-scenario-509,0.8,0.6945872000000001,0.3438805,0.6945872000000001,2.7887068530437293,0.14116179645344307,0.8588382035465569,0.75,0.25,0.6666666666666666,0.3333333333333333,3,1,4,2,6,5,4,3,0.4211011528968811,0.05,,,,,,,,,,,0.3657480294217115,0.6684697963635664
1385,train-load-0.6-scenario-484-retry-3,0.6,0.65,0.65,0.36666666666666664,22.281324304377357,1.2652289029854766,0.7347710970145235,1.0,0.0,1.0,0.0,15,0,15,0,15,6,15,15,0.27824491262435913,0.05,,,,,,,,,,,0.3657480294217115,0.6684697963635664
1386,train-load-0.6-scenario-62-retry-1,0.6,0.72,0.54,0.72,17.160987567639076,1.6485424822562327,0.3514575177437672,1.0,0.0,1.0,0.0,9,0,9,0,9,5,9,9,0.3931402862071991,0.05,,,,,,,,,,,0.3657480294217115,0.6684697963635664
1387,train-load-1.0-scenario-6,1.0,0.88153075,0.59415625,0.88153075,14.909502786201369,0.5615257257560333,0.6384742742439667,0.8,0.2,0.8,0.2,12,3,12,3,15,8,15,12,0.3199552595615387,0.05,,,,,,,,,,,0.3657480294217115,0.6684697963635664
1388,train-load-0.7-scenario-337,0.7,0.7128848000000001,0.611246,0.7128848000000001,18.772674766855978,1.7006623363295912,0.2993376636704089,1.0,0.0,1.0,0.0,10,0,10,0,10,5,10,10,0.32631903886795044,0.05,,,,,,,,,,,0.3657480294217115,0.6684697963635664
1389,train-load-0.5-scenario-577,0.5,0.4256372857142857,0.20733321428571427,0.4256372857142857,7.518154536245019,1.3169459124310525,0.6830540875689476,1.0,0.0,1.0,0.0,3,0,5,0,5,7,3,3,0.29426148533821106,0.05,,,,,,,,,,,0.3657480294217115,0.6684697963635664
1390,train-load-1.0-scenario-74-retry-1,1.0,0.9721881666666667,0.694825,0.9721881666666667,6.134845756349695,-0.21494682393415254,0.5482801572674859,0.5833333333333334,0.4166666666666667,0.5384615384615384,0.46153846153846156,7,5,7,6,13,6,12,7,0.3019091486930847,0.05,,,,,,,,,,,0.3657480294217115,0.6684697963635664
1391,train-load-0.6-scenario-474-retry-1,0.6,0.72,0.56,0.72,21.01859833397036,1.6868360412211287,0.31316395877887115,1.0,0.0,1.0,0.0,12,0,12,0,12,5,12,12,0.3574810326099396,0.05,,,,,,,,,,,0.3657480294217115,0.6684697963635664
1392,train-hard-4gpu-12pod-small,0.375,0.375,0.25,0.375,22.316746824526945,1.875,0.125,1.0,0.0,1.0,0.0,12,0,12,0,12,4,12,12,0.15253371000289917,0.05,,,,,,,,,,,0.3657480294217115,0.6684697963635664
1393,train-load-0.6-scenario-737,0.6,0.5506224285714285,0.41824047619047616,0.5506224285714285,16.366433786112964,1.3293585798978098,0.6706414201021901,1.0,0.0,1.0,0.0,10,0,10,0,10,7,10,10,0.2882578670978546,0.05,,,,,,,,,,,0.3657480294217115,0.6684697963635664
1394,train-load-0.5-scenario-45-retry-1,0.5,0.5714285714285714,0.19047619047619047,0.5714285714285714,11.05342639472272,0.9633895980533418,0.5366104019466581,0.875,0.125,0.875,0.125,7,1,7,1,8,7,8,7,0.27476364374160767,0.05,,,,,,,,,,,0.3657480294217115,0.6684697963635664
1395,train-load-0.5-scenario-31,0.5,0.5,0.25,0.5,17.912761509800397,1.5598344196449216,0.44016558035507836,1.0,0.0,1.0,0.0,10,0,10,0,10,4,10,10,0.20588132739067078,0.05,,,,,,,,,,,0.3657480294217115,0.6684697963635664
1396,train-hard-8gpu-16pod-1vgpu,0.5,0.5,0.3333333333333333,0.5,25.2290445588882,1.4724894150898171,0.5275105849101828,1.0,0.0,1.0,0.0,16,0,16,0,16,8,16,16,0.2670273780822754,0.05,,,,,,,,,,,0.3657480294217115,0.6684697963635664
1397,train-load-0.9-scenario-485-retry-1,0.9,0.9444444444444444,0.9444444444444444,0.4666666666666667,13.663616573512236,0.2373668320230864,0.7626331679769136,0.75,0.25,0.75,0.25,12,4,12,4,16,6,16,12,0.3530452847480774,0.05,,,,,,,,,,,0.3657480294217115,0.6684697963635664
1398,train-load-0.7-scenario-156,0.7,0.6290560000000001,0.4639095833333334,0.6290560000000001,10.174557438901301,0.7732394063361934,0.7267605936638066,0.875,0.125,0.8888888888888888,0.1111111111111111,7,1,8,1,9,6,8,7,0.5615942478179932,0.05,,,,,,,,,,,0.3657480294217115,0.6684697963635664
1399,train-load-1.0-scenario-370-retry-6,1.0,1.075,0.8229166666666666,1.075,7.095118831329021,-0.6147682665903935,0.7200314244851304,0.5263157894736842,0.47368421052631576,0.5263157894736842,0.47368421052631576,10,9,10,9,19,8,19,10,0.509458601474762,0.05,,,,,,,,,,,0.3657480294217115,0.6684697963635664
1400,train-load-0.8-scenario-565,0.8,0.9,0.9,0.375,7.948579678017536,0.024372622299890567,0.6422940443667761,0.6666666666666666,0.3333333333333333,0.6666666666666666,0.3333333333333333,8,4,8,4,12,8,12,8,0.4091048836708069,0.05,0.3515608036345612,0.5366560901351959,0.7220542234424392,0.27794577655756075,0.7082494590333042,0.29175054096669584,0.650446148951015,0.7166567222975349,0.27588034882363466,0.6953219919596018,0.3657480294217115,0.6684697963635664
1401,train-load-0.7-scenario-68,0.7,0.6833190972222223,0.6833190972222223,0.5299211666666667,13.65492416917528,0.9427668819895829,0.6572331180104172,0.9,0.1,0.8181818181818182,0.18181818181818182,9,1,9,2,11,6,10,9,0.21435034275054932,0.05,,,,,,,,,,,0.3657480294217115,0.6684697963635664
1402,train-load-0.9-scenario-23,0.9,0.829962375,0.4835084375,0.829962375,9.511738919148492,0.1974709423515063,0.8025290576484937,0.75,0.25,0.7692307692307693,0.23076923076923078,9,3,10,3,13,8,12,9,0.3097900152206421,0.05,,,,,,,,,,,0.3657480294217115,0.6684697963635664
1403,train-load-1.0-scenario-732,1.0,0.9088324285714285,0.5201844642857143,0.9088324285714285,8.915823204613329,0.0785656697796463,0.9214343302203537,0.75,0.25,0.6923076923076923,0.3076923076923077,9,3,9,4,13,7,12,9,0.2658080458641052,0.05,,,,,,,,,,,0.3657480294217115,0.6684697963635664
1404,train-load-0.5-scenario-701-retry-6,0.5,0.6,0.6,0.6,20.79383544801287,1.5789882090522154,0.42101179094778457,1.0,0.0,1.0,0.0,12,0,12,0,12,8,12,12,0.274783730506897,0.05,,,,,,,,,,,0.3657480294217115,0.6684697963635664
1405,train-load-0.6-scenario-585,0.6,0.4857142857142857,0.10119047619047619,0.4857142857142857,25.86252994815093,1.3685467900816628,0.6314532099183372,1.0,0.0,1.0,0.0,17,0,17,0,17,7,17,17,0.2348347306251526,0.05,,,,,,,,,,,0.3657480294217115,0.6684697963635664
1406,train-load-1.0-scenario-16,1.0,1.0714285714285714,1.0714285714285714,0.21428571428571427,4.632360433721382,-0.6320964893376192,0.4987631560042859,0.4666666666666667,0.5333333333333333,0.4666666666666667,0.5333333333333333,7,8,7,8,15,7,15,7,0.25320735573768616,0.05,,,,,,,,,,,0.3657480294217115,0.6684697963635664
1407,train-load-1.0-scenario-389-retry-1,1.0,0.9338295,0.6186520833333333,0.9338295,16.710514778530175,0.6585503519774392,0.5914496480225607,0.8125,0.1875,0.7647058823529411,0.23529411764705882,13,3,13,4,17,8,16,13,0.29174965620040894,0.05,,,,,,,,,,,0.3657480294217115,0.6684697963635664
1408,train-load-0.9-scenario-190-retry-1,0.9,0.9523809523809523,0.9523809523809523,0.8,8.06697656583278,-0.09328330375034055,0.37899758946462625,0.5714285714285714,0.42857142857142855,0.5714285714285714,0.42857142857142855,8,6,8,6,14,7,14,8,0.2142995297908783,0.05,,,,,,,,,,,0.3657480294217115,0.6684697963635664
1409,train-load-0.8-scenario-695,0.8,0.6905256249999999,0.6620125,0.6905256249999999,23.50913340388137,1.6011410992356943,0.39885890076430575,1.0,0.0,1.0,0.0,14,0,15,0,15,8,14,14,0.21337401866912842,0.05,,,,,,,,,,,0.3657480294217115,0.6684697963635664
1410,train-load-1.0-scenario-168,1.0,0.9862434999999999,0.8582614583333333,0.9862434999999999,7.621499679267483,0.18859717605557413,0.6114028239444258,0.7,0.3,0.7,0.3,7,3,7,3,10,4,10,7,0.7939842939376831,0.05,,,,,,,,,,,0.3657480294217115,0.6684697963635664
1411,train-hard-4gpu-4pod-2vgpu,0.25,0.25,0.16666666666666666,0.25,11.616666666666667,1.9166666666666665,0.08333333333333337,1.0,0.0,1.0,0.0,4,0,8,0,8,4,4,4,0.32899612188339233,0.05,,,,,,,,,,,0.3657480294217115,0.6684697963635664
1412,train-load-0.9-scenario-113,0.9,0.8037865000000001,0.8037865000000001,0.79875,6.319026611621269,0.044072472817007435,0.6225941938496592,0.6666666666666666,0.3333333333333333,0.6363636363636364,0.36363636363636365,6,3,7,4,11,5,9,6,0.4363955855369568,0.05,,,,,,,,,,,0.3657480294217115,0.6684697963635664
1413,train-hard-8gpu-16pod-1vgpu,0.5,0.5,0.3333333333333333,0.5,27.21738182198293,1.8333333333333335,0.16666666666666663,1.0,0.0,1.0,0.0,16,0,16,0,16,8,16,16,0.1354338824748993,0.05,,,,,,,,,,,0.3657480294217115,0.6684697963635664
1414,train-load-0.5-scenario-172,0.5,0.4693465,0.4693465,0.459824,9.57857595998948,1.2687692478825365,0.7312307521174634,1.0,0.0,1.0,0.0,5,0,6,0,6,5,5,5,0.4283711314201355,0.05,,,,,,,,,,,0.3657480294217115,0.6684697963635664
1415,train-load-0.6-scenario-250,0.6,0.5623688571428572,0.3863755952380953,0.5623688571428572,13.837920242033078,1.3367562040197392,0.6632437959802607,1.0,0.0,1.0,0.0,8,0,9,0,9,7,8,8,0.6496504545211792,0.05,,,,,,,,,,,0.3657480294217115,0.6684697963635664
1416,train-load-1.0-scenario-247-retry-1,1.0,0.892114,0.740394642857143,0.892114,9.42691409920544,0.31931767414452783,0.5897732349463813,0.7272727272727273,0.2727272727272727,0.7142857142857143,0.2857142857142857,8,3,10,4,14,7,11,8,0.3809714913368225,0.05,,,,,,,,,,,0.3657480294217115,0.6684697963635664
1417,train-load-0.9-scenario-348,0.9,0.8679851666666667,0.7912298611111112,0.8679851666666667,15.393955175511124,0.9841810096303805,0.34915232370295307,0.8333333333333334,0.16666666666666666,0.7333333333333333,0.26666666666666666,10,2,11,4,15,6,12,10,0.24056679010391235,0.05,,,,,,,,,,,0.3657480294217115,0.6684697963635664
1418,train-load-0.6-scenario-160-retry-1,0.6,0.52,0.21666666666666667,0.52,21.471132364166465,1.4714096942650008,0.5285903057349992,1.0,0.0,1.0,0.0,13,0,13,0,13,5,13,13,0.5157787203788757,0.05,,,,,,,,,,,0.3657480294217115,0.6684697963635664
1419,train-hard-8gpu-16pod-1vgpu,0.5,0.5,0.3333333333333333,0.5,27.21738182198293,1.8333333333333335,0.16666666666666663,1.0,0.0,1.0,0.0,16,0,16,0,16,8,16,16,0.1633729636669159,0.05,,,,,,,,,,,0.3657480294217115,0.6684697963635664
1420,train-load-0.8-scenario-176,0.8,0.717377,0.34730520833333334,0.717377,13.599688021330783,1.3079475353769001,0.6920524646230999,1.0,0.0,1.0,0.0,8,0,8,0,8,6,8,8,0.40660035610198975,0.05,,,,,,,,,,,0.3657480294217115,0.6684697963635664
1421,train-load-0.6-scenario-332-retry-2,0.6,0.6666666666666666,0.6666666666666666,0.25,13.79276210578649,1.3768047777243353,0.6231952222756647,1.0,0.0,1.0,0.0,8,0,8,0,8,8,8,8,0.322125643491745,0.05,,,,,,,,,,,0.3657480294217115,0.6684697963635664
1422,train-load-1.0-scenario-48,1.0,0.9084051428571429,0.8249372023809524,0.9084051428571429,13.829862387135307,0.2798921984059546,0.7201078015940454,0.75,0.25,0.7058823529411765,0.29411764705882354,12,4,12,5,17,7,16,12,0.2755970358848572,0.05,,,,,,,,,,,0.3657480294217115,0.6684697963635664
1423,train-load-0.5-scenario-521-retry-4,0.5,0.5714285714285714,0.5714285714285714,0.2857142857142857,11.407869408870175,1.0276850943940754,0.47231490560592465,0.875,0.125,0.875,0.125,7,1,7,1,8,7,8,7,0.21654008328914642,0.05,,,,,,,,,,,0.3657480294217115,0.6684697963635664
1424,train-load-0.6-scenario-375,0.6,0.5485928571428571,0.45135875,0.5485928571428571,15.086723764851168,1.3197320531681445,0.6802679468318555,1.0,0.0,1.0,0.0,9,0,9,0,9,7,9,9,0.2677721381187439,0.05,,,,,,,,,,,0.3657480294217115,0.6684697963635664
1425,train-load-0.8-scenario-662,0.8,0.75,0.2,0.75,14.001405532679318,0.32759580933205923,0.6724041906679408,0.75,0.25,0.75,0.25,12,4,12,4,16,8,16,12,0.3161535859107971,0.05,,,,,,,,,,,0.3657480294217115,0.6684697963635664
1426,train-load-0.9-scenario-530,0.9,0.87382375,0.661984375,0.87382375,11.991062545653783,1.0826961261154007,0.41730387388459944,0.875,0.125,0.875,0.125,7,1,7,1,8,4,8,7,0.41381993889808655,0.05,,,,,,,,,,,0.3657480294217115,0.6684697963635664
1427,train-load-0.7-scenario-469-retry-3,0.7,0.8,0.6,0.8,12.060644460216716,0.5483241425768248,0.4516758574231752,0.75,0.25,0.75,0.25,9,3,9,3,12,6,12,9,0.5825607180595398,0.05,,,,,,,,,,,0.3657480294217115,0.6684697963635664
1428,train-load-0.6-scenario-466,0.6,0.5168568452380953,0.5168568452380953,0.4474275714285714,13.359304853921815,1.264120849941899,0.735879150058101,1.0,0.0,1.0,0.0,8,0,9,0,9,7,8,8,0.40125784277915955,0.05,,,,,,,,,,,0.3657480294217115,0.6684697963635664
1429,train-load-0.6-scenario-17,0.6,0.55,0.25,0.55,15.466745852675267,1.4036356642531207,0.5963643357468793,1.0,0.0,1.0,0.0,9,0,9,0,9,6,9,9,0.3528958857059479,0.05,,,,,,,,,,,0.3657480294217115,0.6684697963635664
1430,train-load-0.9-scenario-107-retry-9,0.9,0.9125,0.8625,0.9125,11.693338546844952,0.7659464155401557,0.4340535844598443,0.8,0.2,0.8,0.2,8,2,8,2,10,4,10,8,0.37937623262405396,0.05,,,,,,,,,,,0.3657480294217115,0.6684697963635664
1431,train-load-0.9-scenario-164,0.9,1.0,0.6,1.0,2.647691807676204,-0.4076527489881342,0.4076527489881342,0.5,0.5,0.5,0.5,4,4,8,8,16,8,8,4,0.37113478779792786,0.05,,,,,,,,,,,0.3657480294217115,0.6684697963635664
1432,train-load-0.6-scenario-340,0.6,0.539448125,0.34081812499999997,0.539448125,12.035583655960028,1.2568816829574856,0.7431183170425144,1.0,0.0,1.0,0.0,7,0,9,0,9,8,7,7,0.33943110704421997,0.05,,,,,,,,,,,0.3657480294217115,0.6684697963635664
1433,train-load-0.9-scenario-250-retry-7,0.9,1.02,0.84,1.02,15.013450131535334,0.9799760901567538,0.3533572431765797,0.8333333333333334,0.16666666666666666,0.8333333333333334,0.16666666666666666,10,2,10,2,12,5,12,10,0.37079280614852905,0.05,,,,,,,,,,,0.3657480294217115,0.6684697963635664
1434,train-load-0.5-scenario-514,0.5,0.6,0.08333333333333333,0.6,13.367563750021134,1.2943704930730022,0.7056295069269978,1.0,0.0,1.0,0.0,8,0,8,0,8,8,8,8,0.4201282262802124,0.05,,,,,,,,,,,0.3657480294217115,0.6684697963635664
1435,train-load-0.7-scenario-603,0.7,0.665458,0.3062654166666666,0.665458,10.282944595367333,1.382693178934377,0.617306821065623,1.0,0.0,1.0,0.0,5,0,6,0,6,5,5,5,0.11241726577281952,0.05,,,,,,,,,,,0.3657480294217115,0.6684697963635664
1436,train-load-0.8-scenario-130,0.8,0.71512875,0.71512875,0.6926281666666667,13.620700862317733,1.0192672820717104,0.5807327179282897,0.9,0.1,0.8181818181818182,0.18181818181818182,9,1,9,2,11,6,10,9,0.08722376823425293,0.05,,,,,,,,,,,0.3657480294217115,0.6684697963635664
1437,train-load-0.8-scenario-532,0.8,0.7002512500000001,0.7002512500000001,0.6971646666666668,14.119837893661689,0.9096678076451137,0.7266958287185226,0.9090909090909091,0.09090909090909091,0.8333333333333334,0.16666666666666666,10,1,10,2,12,6,11,10,0.4151526093482971,0.05,,,,,,,,,,,0.3657480294217115,0.6684697963635664
1438,train-load-0.9-scenario-725-retry-2,0.9,1.0166666666666666,0.8333333333333334,1.0166666666666666,5.585761147364696,-0.21222521051332566,0.3940433923315074,0.5454545454545454,0.45454545454545453,0.5454545454545454,0.45454545454545453,6,5,6,5,11,6,11,6,0.3631438612937927,0.05,,,,,,,,,,,0.3657480294217115,0.6684697963635664
1439,train-load-0.9-scenario-97,0.9,0.85302175,0.5617821875,0.85302175,13.383300064389193,0.46591846398011666,0.6769386788770262,0.7857142857142857,0.21428571428571427,0.8,0.2,11,3,12,3,15,8,14,11,0.3684282898902893,0.05,,,,,,,,,,,0.3657480294217115,0.6684697963635664
1440,train-load-1.0-scenario-341-retry-1,1.0,0.881425,0.5877783854166666,0.881425,16.350034304660195,0.8191532165727761,0.6094182119986524,0.8571428571428571,0.14285714285714285,0.8,0.2,12,2,12,3,15,8,14,12,0.20990537106990814,0.05,,,,,,,,,,,0.3657480294217115,0.6684697963635664
1441,train-load-0.6-scenario-650,0.6,0.5479001666666666,0.3420434027777778,0.5479001666666666,9.489490908995409,1.223896546318986,0.7761034536810141,1.0,0.0,1.0,0.0,5,0,7,0,7,6,5,5,0.3960949778556824,0.05,,,,,,,,,,,0.3657480294217115,0.6684697963635664
1442,train-load-0.6-scenario-197-retry-2,0.6,0.7166666666666667,0.45,0.7166666666666667,11.715573215352803,0.8567609709926728,0.6987945845628827,0.8888888888888888,0.1111111111111111,0.8888888888888888,0.1111111111111111,8,1,8,1,9,6,9,8,0.45645415782928467,0.05,,,,,,,,,,,0.3657480294217115,0.6684697963635664
1443,train-load-1.0-scenario-128,1.0,0.9432136000000001,0.5540008333333334,0.9432136000000001,4.610651131377864,0.13093860070024277,0.5357280659664239,0.6666666666666666,0.3333333333333333,0.6,0.4,4,2,6,4,10,5,6,4,0.28104111552238464,0.05,,,,,,,,,,,0.3657480294217115,0.6684697963635664
1444,train-load-1.0-scenario-395-retry-3,1.0,1.1111111111111112,1.1111111111111112,1.1,3.935408238111724,-0.5983898084692078,0.444543654623054,0.46153846153846156,0.5384615384615384,0.46153846153846156,0.5384615384615384,6,7,6,7,13,6,13,6,0.42858263850212097,0.05,,,,,,,,,,,0.3657480294217115,0.6684697963635664
1445,train-load-0.7-scenario-339-retry-1,0.7,0.58125,0.3,0.58125,14.98821722484174,1.3320499331969577,0.6679500668030423,1.0,0.0,1.0,0.0,9,0,9,0,9,8,9,9,0.3499529957771301,0.05,,,,,,,,,,,0.3657480294217115,0.6684697963635664
1446,train-load-0.9-scenario-531-retry-2,0.9,1.0,0.26666666666666666,1.0,0.35309644548020525,-0.8469833587366435,0.8469833587366435,0.5,0.5,0.5,0.5,4,4,4,4,8,6,8,4,0.3118276596069336,0.05,,,,,,,,,,,0.3657480294217115,0.6684697963635664
1447,train-load-0.9-scenario-130,0.9,1.0,0.5555555555555556,1.0,3.4248585634248765,-0.5878772305399987,0.7696954123581805,0.5454545454545454,0.45454545454545453,0.5454545454545454,0.45454545454545453,6,5,6,5,11,6,11,6,0.40991467237472534,0.05,,,,,,,,,,,0.3657480294217115,0.6684697963635664
1448,train-load-1.0-scenario-77-retry-16,1.0,1.07,0.36666666666666664,1.07,3.061140351813507,-0.4305545056080964,0.6527767278303187,0.5555555555555556,0.4444444444444444,0.5555555555555556,0.4444444444444444,5,4,5,4,9,5,9,5,0.3681045472621918,0.05,,,,,,,,,,,0.3657480294217115,0.6684697963635664
1449,train-load-0.6-scenario-215,0.6,0.52580225,0.24769010416666667,0.52580225,9.899889979470855,1.3312764350212924,0.6687235649787076,1.0,0.0,1.0,0.0,5,0,7,0,7,8,5,5,0.3707337975502014,0.05,,,,,,,,,,,0.3657480294217115,0.6684697963635664
1450,train-load-1.0-scenario-724,1.0,1.0285714285714285,0.17142857142857143,1.0285714285714285,4.652055450456418,-0.45086846185039764,0.784201795183731,0.5833333333333334,0.4166666666666667,0.5833333333333334,0.4166666666666667,7,5,7,5,12,7,12,7,0.37752479314804077,0.05,,,,,,,,,,,0.3657480294217115,0.6684697963635664
1451,train-load-0.9-scenario-728-retry-1,0.9,0.9714285714285714,0.9714285714285714,0.4857142857142857,1.374071172804072,-0.8643199423251295,0.6825017605069478,0.45454545454545453,0.5454545454545454,0.45454545454545453,0.5454545454545454,5,6,5,6,11,7,11,5,0.19400008022785187,0.05,,,,,,,,,,,0.3657480294217115,0.6684697963635664
1452,train-load-0.6-scenario-465-retry-2,0.6,0.625,0.625,0.125,10.561553207391283,0.53586427907887,0.66413572092113,0.8,0.2,0.8,0.2,8,2,8,2,10,8,10,8,0.41699135303497314,0.05,,,,,,,,,,,0.3657480294217115,0.6684697963635664
1453,train-load-0.8-scenario-6-retry-2,0.8,0.9,0.9,0.72,5.1758982358764865,-0.08950265971184945,0.3117248819340718,0.5555555555555556,0.4444444444444444,0.5555555555555556,0.4444444444444444,5,4,5,4,9,5,9,5,0.2676243484020233,0.05,,,,,,,,,,,0.3657480294217115,0.6684697963635664
1454,train-load-0.6-scenario-397-retry-3,0.6,0.6428571428571429,0.10714285714285714,0.6428571428571429,8.708777743126914,0.4352985794266132,0.675812531684498,0.7777777777777778,0.2222222222222222,0.7777777777777778,0.2222222222222222,7,2,7,2,9,7,9,7,0.34008675813674927,0.05,,,,,,,,,,,0.3657480294217115,0.6684697963635664
1455,train-load-0.9-scenario-542-retry-1,0.9,0.8833422857142857,0.6231672619047619,0.8833422857142857,15.758275415340442,0.8486478651424483,0.5359675194729363,0.8461538461538461,0.15384615384615385,0.7857142857142857,0.21428571428571427,11,2,11,3,14,7,13,11,0.09048260748386383,0.05,,,,,,,,,,,0.3657480294217115,0.6684697963635664
1456,train-load-0.6-scenario-448,0.6,0.51772925,0.2784890625,0.51772925,10.167861180735617,0.7363087027345594,0.7636912972654406,0.875,0.125,0.875,0.125,7,1,7,1,8,8,8,7,0.1677878499031067,0.05,,,,,,,,,,,0.3657480294217115,0.6684697963635664
1457,train-load-0.5-scenario-435,0.5,0.4915535714285714,0.4915535714285714,0.32873814285714287,12.780676772542197,1.3400074705710587,0.6599925294289413,1.0,0.0,1.0,0.0,7,0,8,0,8,7,7,7,0.4062812030315399,0.05,,,,,,,,,,,0.3657480294217115,0.6684697963635664
1458,train-load-0.7-scenario-515-retry-2,0.7,0.7833333333333333,0.75,0.7833333333333333,19.254084335098497,1.5157321693962673,0.15093449727039912,0.9166666666666666,0.08333333333333333,0.9166666666666666,0.08333333333333333,11,1,11,1,12,6,12,11,0.2716427445411682,0.05,,,,,,,,,,,0.3657480294217115,0.6684697963635664
1459,train-load-0.8-scenario-131-retry-2,0.8,0.8125,0.8125,0.75,19.000692011247487,1.0928718305399625,0.3737948361267043,0.8666666666666667,0.13333333333333333,0.8666666666666667,0.13333333333333333,13,2,13,2,15,8,15,13,0.41410332918167114,0.05,,,,,,,,,,,0.3657480294217115,0.6684697963635664
1460,train-load-0.8-scenario-602,0.8,0.75,0.3,0.75,23.85814868252795,1.4798765583496387,0.5201234416503613,1.0,0.0,1.0,0.0,15,0,15,0,15,5,15,15,0.28128302097320557,0.05,,,,,,,,,,,0.3657480294217115,0.6684697963635664
1461,train-load-0.5-scenario-528,0.5,0.4311465,0.325559375,0.4311465,12.381378896283469,1.2753947250220954,0.7246052749779046,1.0,0.0,1.0,0.0,7,0,8,0,8,8,7,7,0.23050928115844727,0.05,,,,,,,,,,,0.3657480294217115,0.6684697963635664
1462,train-load-0.8-scenario-325,0.8,0.6862685714285714,0.6862685714285714,0.6354387142857143,21.45416212357029,1.5318174970928922,0.4681825029071079,1.0,0.0,1.0,0.0,13,0,14,0,14,7,13,13,0.2038039118051529,0.05,,,,,,,,,,,0.3657480294217115,0.6684697963635664
1463,train-load-0.6-scenario-284,0.6,0.62867,0.38476250000000006,0.62867,4.756142842419761,0.4264694574718265,0.7735305425281735,0.8,0.2,0.8,0.2,4,1,4,1,5,4,5,4,0.34779393672943115,0.05,,,,,,,,,,,0.3657480294217115,0.6684697963635664
1464,train-load-0.5-scenario-670-retry-1,0.5,0.6,0.6,0.6,0.7361797053632773,-0.7495830464539954,0.7495830464539954,0.5,0.5,0.5,0.5,4,4,4,4,8,8,8,4,0.3746608793735504,0.05,,,,,,,,,,,0.3657480294217115,0.6684697963635664
1465,train-load-0.8-scenario-116-retry-3,0.8,0.875,0.2,0.875,-3.2151308669827316,-1.490236436719532,0.490236436719532,0.25,0.75,0.25,0.75,2,6,2,6,8,8,8,2,0.30870160460472107,0.05,,,,,,,,,,,0.3657480294217115,0.6684697963635664
1466,train-load-0.6-scenario-741,0.6,0.5368892857142857,0.5368892857142857,0.477895,16.53563117447873,1.3702926326106657,0.6297073673893342,1.0,0.0,1.0,0.0,10,0,10,0,10,7,10,10,0.24521537125110626,0.05,,,,,,,,,,,0.3657480294217115,0.6684697963635664
1467,train-load-0.9-scenario-197-retry-5,0.9,1.0,1.0,0.625,18.870149087286094,0.559668619579087,0.44033138042091313,0.75,0.25,0.75,0.25,15,5,15,5,20,8,20,15,0.18244808912277222,0.05,,,,,,,,,,,0.3657480294217115,0.6684697963635664
1468,train-load-0.9-scenario-256,0.9,0.912078875,0.4720598958333333,0.912078875,15.28019542368693,0.8244308830888183,0.5601845015265663,0.8461538461538461,0.15384615384615385,0.7857142857142857,0.21428571428571427,11,2,11,3,14,8,13,11,0.40822166204452515,0.05,,,,,,,,,,,0.3657480294217115,0.6684697963635664
1469,train-load-1.0-scenario-266-retry-9,1.0,1.0285714285714285,0.08571428571428572,1.0285714285714285,5.204212233630365,-0.3600820558683566,0.69341538920169,0.5833333333333334,0.4166666666666667,0.5833333333333334,0.4166666666666667,7,5,7,5,12,7,12,7,0.34970369935035706,0.05,,,,,,,,,,,0.3657480294217115,0.6684697963635664
1470,train-load-0.6-scenario-88,0.6,0.5256352,0.3867533333333333,0.5256352,9.835949657569522,1.0863044784066433,0.9136955215933565,1.0,0.0,1.0,0.0,6,0,6,0,6,5,6,6,0.38343024253845215,0.05,,,,,,,,,,,0.3657480294217115,0.6684697963635664
1471,train-load-0.8-scenario-239-retry-1,0.8,0.9166666666666666,0.09166666666666666,0.9166666666666666,3.922887702295971,-0.4434821460735765,0.6253003278917583,0.5454545454545454,0.45454545454545453,0.5454545454545454,0.45454545454545453,6,5,6,5,11,6,11,6,0.40611761808395386,0.05,,,,,,,,,,,0.3657480294217115,0.6684697963635664
1472,train-load-0.5-scenario-17-retry-1,0.5,0.5,0.2916666666666667,0.5,15.379633737159715,1.601245628581167,0.3987543714188331,1.0,0.0,1.0,0.0,8,0,8,0,8,4,8,8,0.37559425830841064,0.05,,,,,,,,,,,0.3657480294217115,0.6684697963635664
1473,train-load-1.0-scenario-272,1.0,0.9056598,0.6852608333333333,0.9056598,7.814326024881858,0.07357424764849574,0.8355166614424134,0.7272727272727273,0.2727272727272727,0.7272727272727273,0.2727272727272727,8,3,8,3,11,5,11,8,0.2940838038921356,0.05,,,,,,,,,,,0.3657480294217115,0.6684697963635664
1474,train-load-0.7-scenario-679,0.7,0.75,0.7333333333333333,0.75,4.171404982648156,-0.27403933724367713,0.4962615594658995,0.5555555555555556,0.4444444444444444,0.5555555555555556,0.4444444444444444,5,4,5,4,9,5,9,5,0.425761342048645,0.05,,,,,,,,,,,0.3657480294217115,0.6684697963635664
1475,train-load-0.8-scenario-89-retry-1,0.8,0.6857142857142857,0.2857142857142857,0.6857142857142857,16.314179859686693,1.0359689363062732,0.6306977303603933,0.9166666666666666,0.08333333333333333,0.9166666666666666,0.08333333333333333,11,1,11,1,12,7,12,11,0.40502846240997314,0.05,,,,,,,,,,,0.3657480294217115,0.6684697963635664
1476,train-load-0.5-scenario-441,0.5,0.51875,0.4,0.51875,15.161301554707704,1.5619237691999013,0.4380762308000986,1.0,0.0,1.0,0.0,8,0,8,0,8,8,8,8,0.20653407275676727,0.05,,,,,,,,,,,0.3657480294217115,0.6684697963635664
1477,train-load-1.0-scenario-298-retry-2,1.0,1.0857142857142856,0.2976190476190476,1.0857142857142856,-1.5952036709293997,-1.3125846948515565,0.5125846948515567,0.3,0.7,0.3,0.7,3,7,3,7,10,7,10,3,0.2327176034450531,0.05,,,,,,,,,,,0.3657480294217115,0.6684697963635664
1478,train-load-0.9-scenario-439-retry-1,0.9,0.9583333333333334,0.65,0.9583333333333334,5.6964169888140574,-0.13632949228671154,0.5363294922867115,0.6,0.4,0.6,0.4,6,4,6,4,10,6,10,6,0.19274574518203735,0.05,,,,,,,,,,,0.3657480294217115,0.6684697963635664
1479,train-load-0.8-scenario-496-retry-2,0.8,0.7875,0.4375,0.7875,-1.0572497149744948,-1.1458629572067567,0.4791962905400901,0.3333333333333333,0.6666666666666666,0.3333333333333333,0.6666666666666666,3,6,3,6,9,8,9,3,0.20330031216144562,0.05,,,,,,,,,,,0.3657480294217115,0.6684697963635664
1480,train-load-0.5-scenario-453-retry-3,0.5,0.4,0.2,0.4,23.08149048114616,1.5214109163498564,0.47858908365014363,1.0,0.0,1.0,0.0,14,0,14,0,14,7,14,14,0.1904253363609314,0.05,,,,,,,,,,,0.3657480294217115,0.6684697963635664
1481,train-load-0.5-scenario-36-retry-3,0.5,0.6,0.20714285714285716,0.6,17.252210585045706,1.279805149042461,0.7201948509575391,1.0,0.0,1.0,0.0,11,0,11,0,11,7,11,11,0.3361435532569885,0.05,,,,,,,,,,,0.3657480294217115,0.6684697963635664
1482,train-load-0.9-scenario-379-retry-10,0.9,1.0,1.0,0.6,7.216205584626514,0.2552095801281611,0.41145708653850555,0.6666666666666666,0.3333333333333333,0.6666666666666666,0.3333333333333333,6,3,6,3,9,6,9,6,0.21390827000141144,0.05,,,,,,,,,,,0.3657480294217115,0.6684697963635664
1483,train-load-0.8-scenario-715,0.8,0.6848382857142857,0.42956571428571433,0.6848382857142857,13.725611012317426,0.9916261265839375,0.6083738734160625,0.9,0.1,0.9,0.1,9,1,9,1,10,7,10,9,0.1397961974143982,0.05,,,,,,,,,,,0.3657480294217115,0.6684697963635664
1484,train-load-0.8-scenario-55,0.8,0.685733,0.501765,0.685733,15.28479399944872,1.0284005682012434,0.6079630681623929,0.9090909090909091,0.09090909090909091,0.8461538461538461,0.15384615384615385,10,1,11,2,13,8,11,10,0.28601956367492676,0.05,,,,,,,,,,,0.3657480294217115,0.6684697963635664
1485,train-load-0.6-scenario-598,0.6,0.5446045,0.4334220833333333,0.5446045,13.16125653231665,1.183975066423546,0.8160249335764541,1.0,0.0,1.0,0.0,8,0,8,0,8,6,8,8,0.42011457681655884,0.05,,,,,,,,,,,0.3657480294217115,0.6684697963635664
1486,train-load-0.5-scenario-579-retry-7,0.5,0.5714285714285714,0.09523809523809523,0.5714285714285714,10.839652388014663,0.9219636140820127,0.5780363859179872,0.875,0.125,0.875,0.125,7,1,7,1,8,7,8,7,0.365694522857666,0.05,,,,,,,,,,,0.3657480294217115,0.6684697963635664
1487,train-load-0.7-scenario-55-retry-2,0.7,0.72,0.31666666666666665,0.72,10.293276735700893,0.8199115116014568,0.6800884883985432,0.875,0.125,0.875,0.125,7,1,7,1,8,5,8,7,0.34369105100631714,0.05,,,,,,,,,,,0.3657480294217115,0.6684697963635664
1488,train-load-1.0-scenario-270-retry-3,1.0,1.0,0.6,1.0,17.975060307251663,1.2728760334945473,0.39379063317211926,0.9166666666666666,0.08333333333333333,0.8461538461538461,0.15384615384615385,11,1,11,2,13,5,12,11,0.31156882643699646,0.05,,,,,,,,,,,0.3657480294217115,0.6684697963635664
1489,train-load-0.6-scenario-285,0.6,0.6042716666666667,0.50624875,0.6042716666666667,12.720608584167922,1.3895038192109093,0.6104961807890907,1.0,0.0,1.0,0.0,7,0,9,0,9,6,7,7,0.3584759831428528,0.05,,,,,,,,,,,0.3657480294217115,0.6684697963635664
1490,train-load-0.9-scenario-487,0.9,0.7846808571428572,0.4254488095238096,0.7846808571428572,13.07972342844635,1.0984759756243605,0.45707957993119486,0.8888888888888888,0.1111111111111111,0.8181818181818182,0.18181818181818182,8,1,9,2,11,7,9,8,0.23236486315727234,0.05,,,,,,,,,,,0.3657480294217115,0.6684697963635664
1491,train-load-0.7-scenario-385,0.7,0.5990712857142857,0.43359642857142855,0.5990712857142857,10.284172793982306,0.8060278330834976,0.6939721669165024,0.875,0.125,0.8888888888888888,0.1111111111111111,7,1,8,1,9,7,8,7,0.3770919442176819,0.05,,,,,,,,,,,0.3657480294217115,0.6684697963635664
1492,train-load-0.5-scenario-491-retry-1,0.5,0.5144468000000001,0.41328,0.5144468000000001,9.60665166959168,1.257148268278854,0.742851731721146,1.0,0.0,1.0,0.0,5,0,6,0,6,5,5,5,0.40125054121017456,0.05,,,,,,,,,,,0.3657480294217115,0.6684697963635664
1493,train-load-0.9-scenario-152,0.9,0.8023355714285715,0.6272419642857143,0.8023355714285715,13.500067974072564,0.6698630462114332,0.6634702871219003,0.8333333333333334,0.16666666666666666,0.7142857142857143,0.2857142857142857,10,2,10,4,14,7,12,10,0.22153648734092712,0.05,,,,,,,,,,,0.3657480294217115,0.6684697963635664
1494,train-load-0.9-scenario-150-retry-2,0.9,1.0,0.2777777777777778,1.0,5.383699440611238,-0.1132713423210221,0.513271342321022,0.6,0.4,0.6,0.4,6,4,6,4,10,6,10,6,0.11637093871831894,0.05,,,,,,,,,,,0.3657480294217115,0.6684697963635664
1495,train-load-0.9-scenario-615,0.9,1.0,1.0,1.0,4.8036241397598705,-0.41341240464847806,0.41341240464847806,0.5,0.5,0.5,0.5,6,6,6,6,12,6,12,6,0.37243038415908813,0.05,,,,,,,,,,,0.3657480294217115,0.6684697963635664
1496,train-load-0.8-scenario-92,0.8,0.7095629999999999,0.376984,0.7095629999999999,11.465264618097823,1.4003354870555724,0.5996645129444277,1.0,0.0,1.0,0.0,6,0,7,0,7,5,6,6,0.29393553733825684,0.05,,,,,,,,,,,0.3657480294217115,0.6684697963635664
1497,train-load-0.9-scenario-537,0.9,0.9714285714285714,0.9714285714285714,0.6785714285714286,-5.013455611764854,-1.8218290422107066,0.8218290422107066,0.25,0.75,0.45454545454545453,0.5454545454545454,2,6,5,6,11,7,8,2,0.3975871801376343,0.05,,,,,,,,,,,0.3657480294217115,0.6684697963635664
1498,train-load-0.8-scenario-25,0.8,0.698236,0.6758824404761905,0.698236,14.612355086004541,0.8036570166880851,0.8630096499785815,0.9166666666666666,0.08333333333333333,0.8461538461538461,0.15384615384615385,11,1,11,2,13,7,12,11,0.33603963255882263,0.05,,,,,,,,,,,0.3657480294217115,0.6684697963635664
1499,train-load-0.8-scenario-74-retry-2,0.8,0.8125,0.2708333333333333,0.8125,12.451696589746112,0.472899041901394,0.604024035021683,0.7692307692307693,0.23076923076923078,0.7692307692307693,0.23076923076923078,10,3,10,3,13,4,13,10,0.19280683994293213,0.05,,,,,,,,,,,0.3657480294217115,0.6684697963635664
1500,train-load-0.7-scenario-345-retry-1,0.7,0.6,0.6,0.4,22.826727665398845,1.4761381703885612,0.5238618296114389,1.0,0.0,1.0,0.0,14,0,14,0,14,7,14,14,0.3994113802909851,0.05,0.3661743464007094,0.5319229067736939,0.724524313293601,0.27547568670639916,0.7107939835335382,0.2892060164664618,0.6552597631090721,0.6786669330730128,0.2799208061203406,0.7073474900526348,0.3657480294217115,0.6684697963635664
1501,train-load-0.6-scenario-177,0.6,0.5241908571428572,0.26169035714285716,0.5241908571428572,10.570396589053235,1.1820208838199615,0.8179791161800385,1.0,0.0,1.0,0.0,6,0,7,0,7,7,6,6,0.38936859369277954,0.05,,,,,,,,,,,0.3657480294217115,0.6684697963635664
1502,train-load-0.7-scenario-332,0.7,0.747114142857143,0.3798247023809524,0.747114142857143,10.860998774422198,0.7258600065132642,0.8296955490422913,0.8888888888888888,0.1111111111111111,0.8,0.2,8,1,8,2,10,7,9,8,0.4396308362483978,0.05,,,,,,,,,,,0.3657480294217115,0.6684697963635664
1503,train-load-1.0-scenario-312-retry-1,1.0,0.95,0.95,0.475,16.172206523093262,0.3500319747401873,0.5973364463124442,0.7368421052631579,0.2631578947368421,0.7368421052631579,0.2631578947368421,14,5,14,5,19,8,19,14,0.18083809316158295,0.05,,,,,,,,,,,0.3657480294217115,0.6684697963635664
1504,train-load-0.9-scenario-630-retry-1,0.9,1.0,0.19047619047619047,1.0,6.90892175805687,0.29327989091642337,0.20672010908357652,0.625,0.375,0.45454545454545453,0.5454545454545454,5,3,5,6,11,7,8,5,0.30186253786087036,0.05,,,,,,,,,,,0.3657480294217115,0.6684697963635664
1505,train-load-1.0-scenario-675-retry-10,1.0,1.0,1.0,1.0,14.384223601320949,0.5011326396916318,0.2488673603083682,0.6875,0.3125,0.6875,0.3125,11,5,11,5,16,4,16,11,0.5698444843292236,0.05,,,,,,,,,,,0.3657480294217115,0.6684697963635664
1506,train-load-0.5-scenario-296-retry-2,0.5,0.5666666666666667,0.5666666666666667,0.36666666666666664,18.6408742374117,1.4493495557686897,0.5506504442313103,1.0,0.0,1.0,0.0,11,0,11,0,11,6,11,11,0.29999059438705444,0.05,,,,,,,,,,,0.3657480294217115,0.6684697963635664
1507,train-load-0.7-scenario-471,0.7,0.61263875,0.542121875,0.61263875,13.158061274959064,1.6231269219267377,0.37687307807326237,1.0,0.0,1.0,0.0,6,0,7,0,7,4,6,6,0.2898229658603668,0.05,,,,,,,,,,,0.3657480294217115,0.6684697963635664
1508,train-load-0.7-scenario-695-retry-2,0.7,0.7666666666666667,0.7666666666666667,0.6333333333333333,20.317511525191613,1.2720020704853257,0.4422836438003887,0.9285714285714286,0.07142857142857142,0.9285714285714286,0.07142857142857142,13,1,13,1,14,6,14,13,0.525467038154602,0.05,,,,,,,,,,,0.3657480294217115,0.6684697963635664
1509,train-load-0.6-scenario-123-retry-2,0.6,0.5,0.43333333333333335,0.5,18.100882832739316,1.544212469229379,0.4557875307706209,1.0,0.0,1.0,0.0,10,0,10,0,10,5,10,10,0.39696669578552246,0.05,,,,,,,,,,,0.3657480294217115,0.6684697963635664
1510,train-load-0.8-scenario-439,0.8,0.7209975,0.28483421875000003,0.7209975,10.407524067197528,0.6581646474902638,0.8973909080652916,0.8888888888888888,0.1111111111111111,0.8,0.2,8,1,8,2,10,8,9,8,0.33873915672302246,0.05,,,,,,,,,,,0.3657480294217115,0.6684697963635664
1511,train-load-0.7-scenario-604-retry-3,0.7,0.6785714285714286,0.42857142857142855,0.6785714285714286,13.912269024777677,1.002387534241313,0.597612465758687,0.9,0.1,0.9,0.1,9,1,9,1,10,7,10,9,0.3033016324043274,0.05,,,,,,,,,,,0.3657480294217115,0.6684697963635664
1512,train-load-0.8-scenario-112,0.8,0.751725,0.4395839285714286,0.751725,13.405780667560848,0.9514332878729459,0.6485667121270543,0.9,0.1,0.8181818181818182,0.18181818181818182,9,1,9,2,11,7,10,9,0.44528186321258545,0.05,,,,,,,,,,,0.3657480294217115,0.6684697963635664
1513,train-load-0.5-scenario-158,0.5,0.47484362499999994,0.40467578125,0.47484362499999994,16.175984611889447,1.2845332904713738,0.7154667095286262,1.0,0.0,1.0,0.0,10,0,10,0,10,8,10,10,0.4530971646308899,0.05,,,,,,,,,,,0.3657480294217115,0.6684697963635664
1514,train-hard-4gpu-12pod-small,0.375,0.375,0.25,0.375,22.316746824526945,1.875,0.125,1.0,0.0,1.0,0.0,12,0,12,0,12,4,12,12,0.29417282342910767,0.05,,,,,,,,,,,0.3657480294217115,0.6684697963635664
1515,train-load-0.5-scenario-584,0.5,0.4396105,0.26085546875,0.4396105,12.616579849728588,1.5352237743940451,0.4647762256059549,1.0,0.0,1.0,0.0,6,0,7,0,7,8,6,6,0.30125880241394043,0.05,,,,,,,,,,,0.3657480294217115,0.6684697963635664
1516,train-load-1.0-scenario-216,1.0,0.9804473333333334,0.5048958333333334,0.9804473333333334,12.335860553242062,0.9837699717153136,0.5717855838402419,0.8888888888888888,0.1111111111111111,0.8181818181818182,0.18181818181818182,8,1,9,2,11,6,9,8,0.4555031955242157,0.05,,,,,,,,,,,0.3657480294217115,0.6684697963635664
1517,train-load-0.5-scenario-578,0.5,0.47843657142857143,0.26243809523809525,0.47843657142857143,12.205112078226788,1.4682489959228846,0.5317510040771154,1.0,0.0,1.0,0.0,6,0,7,0,7,7,6,6,0.38045454025268555,0.05,,,,,,,,,,,0.3657480294217115,0.6684697963635664
1518,train-load-0.5-scenario-657,0.5,0.48444680000000007,0.20369049999999997,0.48444680000000007,7.59710910424916,1.2002006238045544,0.7997993761954455,1.0,0.0,1.0,0.0,4,0,4,0,4,5,4,4,0.604992151260376,0.05,,,,,,,,,,,0.3657480294217115,0.6684697963635664
1519,train-load-0.9-scenario-364-retry-6,0.9,0.9428571428571428,0.2857142857142857,0.9428571428571428,5.801897604443154,0.005338166839524039,0.6613284998271426,0.6666666666666666,0.3333333333333333,0.5833333333333334,0.4166666666666667,6,3,7,5,12,7,9,6,0.2835892140865326,0.05,,,,,,,,,,,0.3657480294217115,0.6684697963635664
1520,train-load-0.8-scenario-305-retry-1,0.8,0.85,0.45,0.85,9.083113067583657,0.5212943163793071,0.589816794731804,0.7777777777777778,0.2222222222222222,0.7777777777777778,0.2222222222222222,7,2,7,2,9,5,9,7,0.442094087600708,0.05,,,,,,,,,,,0.3657480294217115,0.6684697963635664
1521,train-load-0.6-scenario-249,0.6,0.5176737142857143,0.3532664285714286,0.5176737142857143,12.945493326396267,1.186613731798569,0.813386268201431,1.0,0.0,1.0,0.0,8,0,8,0,8,7,8,8,0.2675819396972656,0.05,,,,,,,,,,,0.3657480294217115,0.6684697963635664
1522,train-load-0.9-scenario-360,0.9,0.7958098958333334,0.7958098958333334,0.75819025,4.591687603803309,0.02621810710915551,0.8309247500337017,0.7142857142857143,0.2857142857142857,0.6666666666666666,0.3333333333333333,5,2,6,3,9,4,7,5,0.40468138456344604,0.05,,,,,,,,,,,0.3657480294217115,0.6684697963635664
1523,train-load-1.0-scenario-277-retry-8,1.0,1.0,0.37142857142857144,1.0,7.837072221043915,0.18069784224267504,0.6193021577573249,0.7,0.3,0.625,0.375,7,3,10,6,16,7,10,7,0.3293303847312927,0.05,,,,,,,,,,,0.3657480294217115,0.6684697963635664
1524,train-load-0.5-scenario-280-retry-3,0.5,0.6,0.5,0.6,15.99009721873768,1.710705317703697,0.28929468229630284,1.0,0.0,1.0,0.0,8,0,8,0,8,8,8,8,0.2608182430267334,0.05,,,,,,,,,,,0.3657480294217115,0.6684697963635664
1525,train-load-0.7-scenario-285,0.7,0.8125,0.4875,0.8125,9.98154919326874,0.6403065653359004,0.4708045457752108,0.7777777777777778,0.2222222222222222,0.7777777777777778,0.2222222222222222,7,2,7,2,9,4,9,7,0.3124297559261322,0.05,,,,,,,,,,,0.3657480294217115,0.6684697963635664
1526,train-load-0.9-scenario-59,0.9,0.8188211428571429,0.6281666666666667,0.8188211428571429,17.928212005113735,1.1155640581960133,0.5767436341116792,0.9230769230769231,0.07692307692307693,0.8666666666666667,0.13333333333333333,12,1,13,2,15,7,13,12,0.26114362478256226,0.05,,,,,,,,,,,0.3657480294217115,0.6684697963635664
1527,train-load-0.5-scenario-523,0.5,0.4625,0.16666666666666666,0.4625,18.36128412017447,1.4624744335178306,0.5375255664821694,1.0,0.0,1.0,0.0,11,0,11,0,11,8,11,11,0.5006690621376038,0.05,,,,,,,,,,,0.3657480294217115,0.6684697963635664
1528,train-load-1.0-scenario-651,1.0,0.91256675,0.4907796875,0.91256675,5.526676148253718,0.48651733423452936,0.7134826657654707,0.8,0.2,0.7142857142857143,0.2857142857142857,4,1,5,2,7,4,5,4,0.5501776933670044,0.05,,,,,,,,,,,0.3657480294217115,0.6684697963635664
1529,train-load-0.6-scenario-421,0.6,0.6666666666666666,0.6666666666666666,0.5,15.302774980232217,1.5952018702899649,0.40479812971003504,1.0,0.0,1.0,0.0,8,0,8,0,8,4,8,8,0.4906643033027649,0.05,,,,,,,,,,,0.3657480294217115,0.6684697963635664
1530,train-load-1.0-scenario-57-retry-2,1.0,1.05,1.05,1.05,14.086053467497452,0.10738119122953171,0.3688092849609446,0.6190476190476191,0.38095238095238093,0.6190476190476191,0.38095238095238093,13,8,13,8,21,8,21,13,0.5479304790496826,0.05,,,,,,,,,,,0.3657480294217115,0.6684697963635664
1531,train-hard-4gpu-12pod-small,0.375,0.375,0.25,0.375,22.316746824526945,1.875,0.125,1.0,0.0,1.0,0.0,12,0,12,0,12,4,12,12,0.5169974565505981,0.05,,,,,,,,,,,0.3657480294217115,0.6684697963635664
1532,train-load-0.5-scenario-165,0.5,0.439753375,0.18379322916666666,0.439753375,8.290173639593394,1.2722225288889362,0.7277774711110638,1.0,0.0,1.0,0.0,4,0,6,0,6,8,4,4,0.4535408616065979,0.05,,,,,,,,,,,0.3657480294217115,0.6684697963635664
1533,train-load-0.6-scenario-704,0.6,0.5655593750000001,0.5655593750000001,0.53811,12.802736537608137,1.6017005083185558,0.3982994916814442,1.0,0.0,1.0,0.0,6,0,6,0,6,4,6,6,0.49537602066993713,0.05,,,,,,,,,,,0.3657480294217115,0.6684697963635664
1534,train-load-0.6-scenario-119-retry-1,0.6,0.5333333333333333,0.5,0.5333333333333333,16.281946213284364,1.509729931869952,0.49027006813004803,1.0,0.0,1.0,0.0,9,0,9,0,9,6,9,9,0.3608067035675049,0.05,,,,,,,,,,,0.3657480294217115,0.6684697963635664
1535,train-load-0.5-scenario-659,0.5,0.5014615,0.37707604166666664,0.5014615,12.868369499150527,1.3895220385191382,0.6104779614808618,1.0,0.0,1.0,0.0,7,0,7,0,7,6,7,7,0.5566548109054565,0.05,,,,,,,,,,,0.3657480294217115,0.6684697963635664
1536,train-load-0.5-scenario-635,0.5,0.5371865,0.46224010416666667,0.5371865,8.506904341301288,1.3097899540238922,0.6902100459761078,1.0,0.0,1.0,0.0,4,0,5,0,5,4,4,4,0.3371959924697876,0.05,,,,,,,,,,,0.3657480294217115,0.6684697963635664
1537,train-load-1.0-scenario-521-retry-1,1.0,0.9080541666666666,0.7773758333333334,0.9080541666666666,15.26882107367206,1.0442516272182483,0.2890817061150851,0.8333333333333334,0.16666666666666666,0.7857142857142857,0.21428571428571427,10,2,11,3,14,6,12,10,0.3989781439304352,0.05,,,,,,,,,,,0.3657480294217115,0.6684697963635664
1538,train-load-0.5-scenario-443-retry-2,0.5,0.5416666666666666,0.5416666666666666,0.5416666666666666,23.092261829472235,1.7499460833408693,0.2500539166591306,1.0,0.0,1.0,0.0,13,0,13,0,13,6,13,13,0.6537352800369263,0.05,,,,,,,,,,,0.3657480294217115,0.6684697963635664
1539,train-load-0.6-scenario-306,0.6,0.612063,0.3522848214285714,0.612063,11.475660488133915,1.3789973482759683,0.6210026517240317,1.0,0.0,1.0,0.0,6,0,8,0,8,7,6,6,0.3003336489200592,0.05,,,,,,,,,,,0.3657480294217115,0.6684697963635664
1540,train-load-1.0-scenario-697-retry-16,1.0,1.0,0.16666666666666666,1.0,5.716108577781613,-0.5565413773648159,0.5565413773648159,0.5,0.5,0.5,0.5,8,8,8,8,16,8,16,8,0.42774224281311035,0.05,,,,,,,,,,,0.3657480294217115,0.6684697963635664
1541,train-load-0.6-scenario-469,0.6,0.56,0.42,0.56,23.142506907679298,1.5686380760919623,0.43136192390803774,1.0,0.0,1.0,0.0,14,0,14,0,14,5,14,14,0.4101187288761139,0.05,,,,,,,,,,,0.3657480294217115,0.6684697963635664
1542,train-load-0.5-scenario-747,0.5,0.475,0.20833333333333334,0.475,13.089162140622241,1.2177550136931896,0.7822449863068104,1.0,0.0,1.0,0.0,8,0,8,0,8,8,8,8,0.3553941249847412,0.05,,,,,,,,,,,0.3657480294217115,0.6684697963635664
1543,train-load-0.6-scenario-320-retry-2,0.6,0.56,0.4666666666666667,0.56,23.230858988637134,1.5774736619870509,0.42252633801294903,1.0,0.0,1.0,0.0,14,0,14,0,14,5,14,14,0.22821572422981262,0.05,,,,,,,,,,,0.3657480294217115,0.6684697963635664
1544,train-load-0.7-scenario-358-retry-1,0.7,0.75,0.25,0.75,6.551650156318848,0.23364500594689552,0.7663549940531045,0.75,0.25,0.75,0.25,6,2,6,2,8,8,8,6,0.6493562459945679,0.05,,,,,,,,,,,0.3657480294217115,0.6684697963635664
1545,train-load-1.0-scenario-356-retry-2,1.0,1.0,1.0,0.5,3.668078773649361,-0.405188303532519,0.40518830353251895,0.5,0.5,0.5,0.5,5,5,5,5,10,5,10,5,0.28878334164619446,0.05,,,,,,,,,,,0.3657480294217115,0.6684697963635664
1546,train-load-0.7-scenario-743-retry-7,0.7,0.6428571428571429,0.5714285714285714,0.6428571428571429,11.157867031370259,0.7637245653981254,0.7918309901574301,0.8888888888888888,0.1111111111111111,0.9090909090909091,0.09090909090909091,8,1,10,1,11,7,9,8,0.3742205500602722,0.05,,,,,,,,,,,0.3657480294217115,0.6684697963635664
1547,train-load-0.7-scenario-236,0.7,0.705284,0.5016753571428572,0.705284,14.492693445483765,1.123443988108569,0.47655601189143104,0.9,0.1,0.9090909090909091,0.09090909090909091,9,1,10,1,11,7,10,9,0.4326466917991638,0.05,,,,,,,,,,,0.3657480294217115,0.6684697963635664
1548,train-load-0.9-scenario-142-retry-1,0.9,0.7887719999999999,0.43027875,0.7887719999999999,11.258945344764744,1.0173595935005304,0.4826404064994697,0.875,0.125,0.875,0.125,7,1,7,1,8,5,8,7,0.2809251546859741,0.05,,,,,,,,,,,0.3657480294217115,0.6684697963635664
1549,train-load-0.8-scenario-401,0.8,0.8,0.8,0.75,16.634699513106177,1.288564777055939,0.3477988593076974,0.9090909090909091,0.09090909090909091,0.9090909090909091,0.09090909090909091,10,1,10,1,11,6,11,10,0.37297189235687256,0.05,,,,,,,,,,,0.3657480294217115,0.6684697963635664
1550,train-load-0.9-scenario-712-retry-1,0.9,0.824690375,0.7144052083333333,0.824690375,15.190339180071511,0.35250470177092286,0.7063188276408418,0.7647058823529411,0.23529411764705882,0.7222222222222222,0.2777777777777778,13,4,13,5,18,8,17,13,0.40519979596138,0.05,,,,,,,,,,,0.3657480294217115,0.6684697963635664
1551,train-hard-4gpu-12pod-small,0.375,0.375,0.25,0.375,22.316746824526945,1.875,0.125,1.0,0.0,1.0,0.0,12,0,12,0,12,4,12,12,0.4727974832057953,0.05,,,,,,,,,,,0.3657480294217115,0.6684697963635664
1552,train-load-0.9-scenario-550,0.9,0.83930425,0.6303425,0.83930425,3.9382649459013184,-0.018941704853207675,0.8760845619960649,0.7142857142857143,0.2857142857142857,0.7142857142857143,0.2857142857142857,5,2,5,2,7,4,7,5,0.2798157334327698,0.05,,,,,,,,,,,0.3657480294217115,0.6684697963635664
1553,train-load-0.9-scenario-355-retry-1,0.9,0.7801144285714285,0.41166714285714284,0.7801144285714285,10.53648711924512,0.7016793889985756,0.8538761665569798,0.8888888888888888,0.1111111111111111,0.8181818181818182,0.18181818181818182,8,1,9,2,11,7,9,8,0.24930721521377563,0.05,,,,,,,,,,,0.3657480294217115,0.6684697963635664
1554,train-load-0.9-scenario-186,0.9,0.791210625,0.661285625,0.791210625,17.617883254810323,0.6784303710136115,0.8215696289863885,0.875,0.125,0.8235294117647058,0.17647058823529413,14,2,14,3,17,8,16,14,0.14148584008216858,0.05,,,,,,,,,,,0.3657480294217115,0.6684697963635664
1555,train-load-0.7-scenario-724,0.7,0.6717716,0.6332632499999999,0.6717716,13.57308900544912,1.6884065013569707,0.3115934986430292,1.0,0.0,1.0,0.0,6,0,9,0,9,5,6,6,0.5827104449272156,0.05,,,,,,,,,,,0.3657480294217115,0.6684697963635664
1556,train-load-0.8-scenario-511,0.8,0.75144875,0.32173125,0.75144875,2.9223837812496045,0.13332001312079156,0.8666799868792084,0.75,0.25,0.6666666666666666,0.3333333333333333,3,1,4,2,6,4,4,3,0.42478686571121216,0.05,,,,,,,,,,,0.3657480294217115,0.6684697963635664
1557,train-load-0.9-scenario-298,0.9,0.849287857142857,0.5738053571428571,0.849287857142857,18.497317718735577,1.226191088060594,0.46611660424709855,0.9230769230769231,0.07692307692307693,0.9230769230769231,0.07692307692307693,12,1,12,1,13,7,13,12,0.4057859778404236,0.05,,,,,,,,,,,0.3657480294217115,0.6684697963635664
1558,train-load-0.9-scenario-449,0.9,0.919760857142857,0.6477628571428572,0.919760857142857,12.861851159404797,0.643517642929978,0.6898156904033554,0.8333333333333334,0.16666666666666666,0.7142857142857143,0.2857142857142857,10,2,10,4,14,7,12,10,0.20776228606700897,0.05,,,,,,,,,,,0.3657480294217115,0.6684697963635664
1559,train-load-1.0-scenario-103,1.0,1.1071428571428572,0.42857142857142855,1.1071428571428572,12.07083099964142,0.6517456101601656,0.6209816625671071,0.8181818181818182,0.18181818181818182,0.7333333333333333,0.26666666666666666,9,2,11,4,15,7,11,9,0.6819551587104797,0.05,,,,,,,,,,,0.3657480294217115,0.6684697963635664
1560,train-load-0.5-scenario-103,0.5,0.48493725,0.334830625,0.48493725,15.540145097684265,1.3715336359159476,0.6284663640840524,1.0,0.0,1.0,0.0,9,0,9,0,9,8,9,9,0.3373851478099823,0.05,,,,,,,,,,,0.3657480294217115,0.6684697963635664
1561,train-load-0.5-scenario-304,0.5,0.5185639999999999,0.3289683333333333,0.5185639999999999,10.051727286420123,1.561061259399914,0.43893874060008603,1.0,0.0,1.0,0.0,4,0,5,0,5,5,4,4,0.5044676065444946,0.05,,,,,,,,,,,0.3657480294217115,0.6684697963635664
1562,train-load-1.0-scenario-80,1.0,0.8870254166666667,0.8870254166666667,0.68872,12.17205070561657,0.4104562773535355,0.6664667995695415,0.7692307692307693,0.23076923076923078,0.7692307692307693,0.23076923076923078,10,3,10,3,13,6,13,10,0.6102275848388672,0.05,,,,,,,,,,,0.3657480294217115,0.6684697963635664
1563,train-load-0.8-scenario-179,0.8,0.9142857142857143,0.9142857142857143,0.11428571428571428,-4.115217755225119,-1.628591698402725,0.628591698402725,0.25,0.75,0.25,0.75,2,6,2,6,8,7,8,2,0.31263741850852966,0.05,,,,,,,,,,,0.3657480294217115,0.6684697963635664
1564,train-load-0.5-scenario-373-retry-1,0.5,0.6,0.5625,0.6,24.129725564806858,1.506874036485863,0.49312596351413684,1.0,0.0,1.0,0.0,15,0,15,0,15,8,15,15,0.2997363209724426,0.05,,,,,,,,,,,0.3657480294217115,0.6684697963635664
1565,train-load-0.6-scenario-634-retry-1,0.6,0.7083333333333334,0.5555555555555556,0.7083333333333334,13.146533476886248,0.8999929446201114,0.7000070553798887,0.9,0.1,0.9,0.1,9,1,9,1,10,6,10,9,0.5184198617935181,0.05,,,,,,,,,,,0.3657480294217115,0.6684697963635664
1566,train-hard-8gpu-16pod-1vgpu,0.5,0.5,0.3333333333333333,0.5,27.153318486438675,1.8333333333333335,0.16666666666666663,1.0,0.0,1.0,0.0,16,0,16,0,16,8,16,16,0.43812763690948486,0.05,,,,,,,,,,,0.3657480294217115,0.6684697963635664
1567,train-load-1.0-scenario-470,1.0,1.0666666666666667,0.3333333333333333,1.0666666666666667,22.106940741188147,0.4079843776670025,0.7586822889996641,0.7916666666666666,0.20833333333333334,0.7916666666666666,0.20833333333333334,19,5,19,5,24,6,24,19,0.5910099744796753,0.05,,,,,,,,,,,0.3657480294217115,0.6684697963635664
1568,train-load-0.8-scenario-334,0.8,0.69393125,0.5557010416666667,0.69393125,4.395148274093241,0.32793775663901337,0.8720622433609867,0.8,0.2,0.8333333333333334,0.16666666666666666,4,1,5,1,6,4,5,4,0.3810184895992279,0.05,,,,,,,,,,,0.3657480294217115,0.6684697963635664
1569,train-load-0.6-scenario-225-retry-5,0.6,0.5,0.2,0.5,23.4514346559751,1.5678518850949517,0.43214811490504823,1.0,0.0,1.0,0.0,14,0,14,0,14,7,14,14,0.38482338190078735,0.05,,,,,,,,,,,0.3657480294217115,0.6684697963635664
1570,train-load-0.9-scenario-200,0.9,0.8044456,0.6075379166666667,0.8044456,10.8185007757202,0.5688190783646674,0.6311809216353327,0.8,0.2,0.8,0.2,8,2,8,2,10,5,10,8,0.41059333086013794,0.05,,,,,,,,,,,0.3657480294217115,0.6684697963635664
1571,train-load-0.6-scenario-1,0.6,0.586704,0.29392541666666666,0.586704,11.719166341840138,1.4308268224887888,0.5691731775112112,1.0,0.0,1.0,0.0,6,0,7,0,7,6,6,6,0.41305965185165405,0.05,,,,,,,,,,,0.3657480294217115,0.6684697963635664
1572,train-load-1.0-scenario-188,1.0,0.9278105714285714,0.7142507142857143,0.9278105714285714,12.252649198751381,0.4643776163567651,0.6125454605663119,0.7692307692307693,0.23076923076923078,0.8,0.2,10,3,12,3,15,7,13,10,0.2664760947227478,0.05,,,,,,,,,,,0.3657480294217115,0.6684697963635664
1573,train-load-0.5-scenario-405,0.5,0.55,0.0875,0.55,15.806496570576824,1.2569903154403754,0.7430096845596246,1.0,0.0,1.0,0.0,10,0,10,0,10,8,10,10,0.3325003981590271,0.05,,,,,,,,,,,0.3657480294217115,0.6684697963635664
1574,train-load-1.0-scenario-595-retry-1,1.0,0.9683811666666666,0.8566833333333332,0.9683811666666666,9.021484533187316,0.09261163323866817,0.3689268282997934,0.6153846153846154,0.38461538461538464,0.5714285714285714,0.42857142857142855,8,5,8,6,14,6,13,8,0.5120322108268738,0.05,,,,,,,,,,,0.3657480294217115,0.6684697963635664
1575,train-hard-4gpu-12pod-small,0.375,0.375,0.25,0.375,21.53420849925416,1.7276860872528026,0.2723139127471974,1.0,0.0,1.0,0.0,12,0,12,0,12,4,12,12,0.27141398191452026,0.05,,,,,,,,,,,0.3657480294217115,0.6684697963635664
1576,train-load-1.0-scenario-130-retry-1,1.0,0.9285714285714286,0.9285714285714286,0.7142857142857143,20.603685741631995,0.6238040414206566,0.5761959585793435,0.8,0.2,0.8,0.2,16,4,16,4,20,7,20,16,0.29145628213882446,0.05,,,,,,,,,,,0.3657480294217115,0.6684697963635664
1577,train-load-1.0-scenario-342-retry-11,1.0,1.1,0.36666666666666664,1.1,14.35350071355723,-0.010546403634455137,0.5560009490890006,0.6363636363636364,0.36363636363636365,0.6363636363636364,0.36363636363636365,14,8,14,8,22,5,22,14,0.3456474542617798,0.05,,,,,,,,,,,0.3657480294217115,0.6684697963635664
1578,train-load-0.7-scenario-257,0.7,0.8125,0.8125,0.2,7.602508990675873,0.36828536055609473,0.6317146394439053,0.75,0.25,0.6363636363636364,0.36363636363636365,6,2,7,4,11,8,8,6,0.2999427020549774,0.05,,,,,,,,,,,0.3657480294217115,0.6684697963635664
1579,train-load-0.8-scenario-64,0.8,0.7319714999999999,0.6466270833333333,0.7319714999999999,19.920904640417373,1.2291904974937133,0.48509521679200107,0.9285714285714286,0.07142857142857142,0.9285714285714286,0.07142857142857142,13,1,13,1,14,8,14,13,0.4598952531814575,0.05,,,,,,,,,,,0.3657480294217115,0.6684697963635664
1580,train-load-0.6-scenario-434-retry-3,0.6,0.5,0.375,0.5,30.58304341118339,1.4443502120946985,0.5556497879053015,1.0,0.0,1.0,0.0,20,0,20,0,20,8,20,20,0.40549910068511963,0.05,,,,,,,,,,,0.3657480294217115,0.6684697963635664
1581,train-load-0.5-scenario-533,0.5,0.4542151666666666,0.4117076388888889,0.4542151666666666,10.547212580725386,1.2316430235158795,0.7683569764841205,1.0,0.0,1.0,0.0,6,0,7,0,7,6,6,6,0.38657575845718384,0.05,,,,,,,,,,,0.3657480294217115,0.6684697963635664
1582,train-load-1.0-scenario-302-retry-6,1.0,0.9666666666666667,0.36666666666666664,0.9666666666666667,9.128869450913813,0.6306489321990538,0.3693510678009462,0.75,0.25,0.6,0.4,6,2,6,4,10,6,8,6,0.3524211347103119,0.05,,,,,,,,,,,0.3657480294217115,0.6684697963635664
1583,train-load-1.0-scenario-396-retry-1,1.0,1.0857142857142856,0.5952380952380952,1.0857142857142856,3.286886305946997,-0.6746317234468925,0.5207855696007387,0.46153846153846156,0.5384615384615384,0.46153846153846156,0.5384615384615384,6,7,6,7,13,7,13,6,0.4393244981765747,0.05,,,,,,,,,,,0.3657480294217115,0.6684697963635664
1584,train-load-0.8-scenario-278,0.8,0.7081053333333334,0.5585935416666667,0.7081053333333334,11.435914962168003,0.5470355075771097,0.7256917651501631,0.8181818181818182,0.18181818181818182,0.8181818181818182,0.18181818181818182,9,2,9,2,11,6,11,9,0.31911319494247437,0.05,,,,,,,,,,,0.3657480294217115,0.6684697963635664
1585,train-load-0.9-scenario-241,0.9,0.7884786666666667,0.7361727083333334,0.7884786666666667,12.83917824405319,1.0712810268231339,0.48427452873242155,0.8888888888888888,0.1111111111111111,0.8333333333333334,0.16666666666666666,8,1,10,2,12,6,9,8,0.3347720503807068,0.05,,,,,,,,,,,0.3657480294217115,0.6684697963635664
1586,train-load-0.6-scenario-697,0.6,0.7,0.5833333333333334,0.7,23.331914903615875,1.5932132583747554,0.40678674162524453,1.0,0.0,1.0,0.0,14,0,14,0,14,8,14,14,0.17080658674240112,0.05,,,,,,,,,,,0.3657480294217115,0.6684697963635664
1587,train-load-0.5-scenario-692,0.5,0.40625,0.1625,0.40625,21.500452316796945,1.4865308363550254,0.5134691636449746,1.0,0.0,1.0,0.0,13,0,13,0,13,8,13,13,0.3099823594093323,0.05,,,,,,,,,,,0.3657480294217115,0.6684697963635664
1588,train-load-0.9-scenario-626,0.9,0.798099,0.5051035714285714,0.798099,13.967229316999937,0.8285659569328414,0.8077976794307948,0.9090909090909091,0.09090909090909091,0.9166666666666666,0.08333333333333333,10,1,11,1,12,7,11,10,0.2993355989456177,0.05,,,,,,,,,,,0.3657480294217115,0.6684697963635664
1589,train-load-0.6-scenario-412-retry-1,0.6,0.4875,0.4,0.4875,16.717825237708922,1.3367086543646474,0.6632913456353526,1.0,0.0,1.0,0.0,10,0,10,0,10,8,10,10,0.3797670602798462,0.05,,,,,,,,,,,0.3657480294217115,0.6684697963635664
1590,train-load-0.6-scenario-153,0.6,0.567557,0.34650964285714286,0.567557,14.386222680824218,1.4253949462323314,0.5746050537676686,1.0,0.0,1.0,0.0,8,0,8,0,8,7,8,8,0.3033440411090851,0.05,,,,,,,,,,,0.3657480294217115,0.6684697963635664
1591,train-load-1.0-scenario-14-retry-5,1.0,0.9896632857142857,0.7443824404761905,0.9896632857142857,14.337191752158125,0.45622961922646854,0.7437703807735315,0.8,0.2,0.75,0.25,12,3,12,4,16,7,15,12,0.2507038712501526,0.05,,,,,,,,,,,0.3657480294217115,0.6684697963635664
1592,train-load-0.8-scenario-163,0.8,0.7023426,0.6635080000000001,0.7023426,15.958374726012217,1.4664158960928324,0.5335841039071676,1.0,0.0,1.0,0.0,9,0,10,0,10,5,9,9,0.34529951214790344,0.05,,,,,,,,,,,0.3657480294217115,0.6684697963635664
1593,train-load-0.5-scenario-620,0.5,0.4528032857142857,0.23724178571428572,0.4528032857142857,8.695800877730523,1.1577636433665224,0.8422363566334776,1.0,0.0,1.0,0.0,5,0,6,0,6,7,5,5,0.30968916416168213,0.05,,,,,,,,,,,0.3657480294217115,0.6684697963635664
1594,train-load-0.6-scenario-350-retry-1,0.6,0.5,0.05,0.5,21.00077153405515,1.2358538952857523,0.7641461047142477,1.0,0.0,1.0,0.0,14,0,14,0,14,7,14,14,0.45084959268569946,0.05,,,,,,,,,,,0.3657480294217115,0.6684697963635664
1595,train-hard-4gpu-12pod-small,0.375,0.375,0.25,0.375,22.316746824526945,1.875,0.125,1.0,0.0,1.0,0.0,12,0,12,0,12,4,12,12,0.38524287939071655,0.05,,,,,,,,,,,0.3657480294217115,0.6684697963635664
1596,train-load-1.0-scenario-466-retry-1,1.0,0.9770150000000001,0.6558328125,0.9770150000000001,4.72298951845211,-0.02831231320075589,0.5283123132007559,0.625,0.375,0.5555555555555556,0.4444444444444444,5,3,5,4,9,4,8,5,0.36076074838638306,0.05,,,,,,,,,,,0.3657480294217115,0.6684697963635664
1597,train-load-1.0-scenario-671-retry-1,1.0,0.908413,0.8033858333333334,0.908413,9.499231851583094,0.30248163870259726,0.6066092703883119,0.7272727272727273,0.2727272727272727,0.6666666666666666,0.3333333333333333,8,3,8,4,12,5,11,8,0.30649644136428833,0.05,,,,,,,,,,,0.3657480294217115,0.6684697963635664
1598,train-load-0.7-scenario-330-retry-3,0.7,0.6,0.6,0.3,19.61157303451638,1.4670412836084146,0.5329587163915855,1.0,0.0,1.0,0.0,12,0,12,0,12,8,12,12,0.31087368726730347,0.05,,,,,,,,,,,0.3657480294217115,0.6684697963635664
1599,train-load-0.5-scenario-97,0.5,0.444653125,0.34375093749999996,0.444653125,12.873767446368781,1.38163828521742,0.61836171478258,1.0,0.0,1.0,0.0,7,0,8,0,8,8,7,7,0.3245254158973694,0.05,,,,,,,,,,,0.3657480294217115,0.6684697963635664
1600,train-load-0.5-scenario-632,0.5,0.43944228571428573,0.3034423214285714,0.43944228571428573,11.917853135351518,1.419465801989142,0.580534198010858,1.0,0.0,1.0,0.0,6,0,7,0,7,7,6,6,0.17968598008155823,0.05,0.3671027311954344,0.5317898241489638,0.7247231388360997,0.2752768611639005,0.7110346252217871,0.2889653747782129,0.6771401544518755,0.7373258841741721,0.2662847618658071,0.7104830518867545,0.3671027311954344,0.6771401544518755
1601,train-load-0.5-scenario-575,0.5,0.47318466666666664,0.2753152777777778,0.47318466666666664,10.828098614553037,1.4860683331628914,0.5139316668371086,1.0,0.0,1.0,0.0,5,0,6,0,6,6,5,5,0.34628456830978394,0.05,,,,,,,,,,,0.3671027311954344,0.6771401544518755
1602,train-load-0.5-scenario-503,0.5,0.5714285714285714,0.11428571428571428,0.5714285714285714,10.693668536682225,0.8864012592396626,0.6135987407603374,0.875,0.125,0.875,0.125,7,1,7,1,8,7,8,7,0.3657345175743103,0.05,,,,,,,,,,,0.3671027311954344,0.6771401544518755
1603,train-load-0.9-scenario-386-retry-4,0.9,1.0,0.06666666666666667,1.0,0.08138174488594485,-0.8371118703815169,0.8371118703815169,0.5,0.5,0.5,0.5,4,4,4,4,8,6,8,4,0.3710356652736664,0.05,,,,,,,,,,,0.3671027311954344,0.6771401544518755
1604,train-load-0.9-scenario-579-retry-2,0.9,0.8362815,0.32561875,0.8362815,13.883294072214388,0.8799194484130801,0.7564441879505561,0.9090909090909091,0.09090909090909091,0.8333333333333334,0.16666666666666666,10,1,10,2,12,8,11,10,0.3280892074108124,0.05,,,,,,,,,,,0.3671027311954344,0.6771401544518755
1605,train-load-1.0-scenario-309,1.0,0.9066188,0.4787395,0.9066188,4.7850997318553095,0.11605525817212325,0.741087598970734,0.7142857142857143,0.2857142857142857,0.75,0.25,5,2,6,2,8,5,7,5,0.33837640285491943,0.05,,,,,,,,,,,0.3671027311954344,0.6771401544518755
1606,train-load-0.7-scenario-506,0.7,0.6271718000000001,0.541423,0.6271718000000001,4.911119381491694,0.07908992525156022,0.778052931891297,0.7142857142857143,0.2857142857142857,0.75,0.25,5,2,6,2,8,5,7,5,0.372372567653656,0.05,,,,,,,,,,,0.3671027311954344,0.6771401544518755
1607,train-load-0.8-scenario-556,0.8,0.7885601428571429,0.6574223214285714,0.7885601428571429,13.592348255407165,0.6253306743267252,0.4515924025963519,0.7692307692307693,0.23076923076923078,0.7857142857142857,0.21428571428571427,10,3,11,3,14,7,13,10,0.27584582567214966,0.05,,,,,,,,,,,0.3671027311954344,0.6771401544518755
1608,train-load-0.9-scenario-412-retry-1,0.9,0.8125,0.5833333333333334,0.8125,10.339667218509996,0.49402487882156687,0.4150660302693423,0.7272727272727273,0.2727272727272727,0.7272727272727273,0.2727272727272727,8,3,8,3,11,8,11,8,0.3270460367202759,0.05,,,,,,,,,,,0.3671027311954344,0.6771401544518755
1609,train-load-0.8-scenario-28,0.8,0.793201,0.3369305,0.793201,8.64614660805303,0.7420396459136994,0.6865317826577292,0.8571428571428571,0.14285714285714285,0.8571428571428571,0.14285714285714285,6,1,6,1,7,5,7,6,0.3989800810813904,0.05,,,,,,,,,,,0.3671027311954344,0.6771401544518755
1610,train-load-0.7-scenario-47,0.7,0.8,0.44,0.8,11.2451646468501,0.9592027917312416,0.5407972082687584,0.875,0.125,0.875,0.125,7,1,7,1,8,5,8,7,0.38884276151657104,0.05,,,,,,,,,,,0.3671027311954344,0.6771401544518755
1611,train-load-0.9-scenario-363-retry-1,0.9,0.84104675,0.771753125,0.84104675,9.237367564455786,0.664141805266858,0.33585819473314216,0.75,0.25,0.7777777777777778,0.2222222222222222,6,2,7,2,9,4,8,6,0.2518389821052551,0.05,,,,,,,,,,,0.3671027311954344,0.6771401544518755
1612,train-load-0.9-scenario-410,0.9,0.8626966,0.45528875,0.8626966,3.4311662876443565,-0.23802843195491163,0.7380284319549116,0.625,0.375,0.625,0.375,5,3,5,3,8,5,8,5,0.37214428186416626,0.05,,,,,,,,,,,0.3671027311954344,0.6771401544518755
1613,train-load-0.7-scenario-395,0.7,0.6642297142857143,0.49942142857142857,0.6642297142857143,11.249386436011783,0.8032805417499739,0.7522750138055816,0.8888888888888888,0.1111111111111111,0.8181818181818182,0.18181818181818182,8,1,9,2,11,7,9,8,0.5011535882949829,0.05,,,,,,,,,,,0.3671027311954344,0.6771401544518755
1614,train-load-0.5-scenario-402,0.5,0.4,0.3,0.4,19.937361761418064,1.4160106962158054,0.5839893037841947,1.0,0.0,1.0,0.0,12,0,12,0,12,6,12,12,0.23111189901828766,0.05,,,,,,,,,,,0.3671027311954344,0.6771401544518755
1615,train-load-0.7-scenario-394-retry-1,0.7,0.6,0.6,0.5,20.840999232030196,1.5865268198546068,0.4134731801453933,1.0,0.0,1.0,0.0,12,0,12,0,12,6,12,12,0.32088953256607056,0.05,,,,,,,,,,,0.3671027311954344,0.6771401544518755
1616,train-load-0.9-scenario-538,0.9,0.8109675999999999,0.6013016666666666,0.8109675999999999,6.623682587428162,0.2592494405399173,0.7407505594600827,0.75,0.25,0.6666666666666666,0.3333333333333333,6,2,6,3,9,5,8,6,0.5583485960960388,0.05,,,,,,,,,,,0.3671027311954344,0.6771401544518755
1617,train-load-0.8-scenario-40,0.8,0.9166666666666666,0.9166666666666666,0.5333333333333333,5.913062785421412,-0.14839361865536616,0.3302118004735479,0.5454545454545454,0.45454545454545453,0.5454545454545454,0.45454545454545453,6,5,6,5,11,6,11,6,0.3470607399940491,0.05,,,,,,,,,,,0.3671027311954344,0.6771401544518755
1618,train-load-0.6-scenario-325,0.6,0.5562588,0.38327399999999995,0.5562588,11.432671659750373,1.3524209246552463,0.6475790753447537,1.0,0.0,1.0,0.0,6,0,6,0,6,5,6,6,0.3819057047367096,0.05,,,,,,,,,,,0.3671027311954344,0.6771401544518755
1619,train-load-1.0-scenario-365-retry-2,1.0,1.1,1.1,0.18333333333333332,3.7998478749042115,-0.48963977189977537,0.6714579537179571,0.5454545454545454,0.45454545454545453,0.5454545454545454,0.45454545454545453,6,5,6,5,11,6,11,6,0.12830930948257446,0.05,,,,,,,,,,,0.3671027311954344,0.6771401544518755
1620,train-load-0.7-scenario-112-retry-2,0.7,0.75,0.39285714285714285,0.75,5.517082551671889,-0.041334341875865266,0.2635565640980876,0.5555555555555556,0.4444444444444444,0.5555555555555556,0.4444444444444444,5,4,5,4,9,7,9,5,0.4113842248916626,0.05,,,,,,,,,,,0.3671027311954344,0.6771401544518755
1621,train-load-1.0-scenario-89,1.0,0.97283675,0.755015,0.97283675,11.74276044360273,1.0355899713159586,0.46441002868404135,0.875,0.125,0.8,0.2,7,1,8,2,10,4,8,7,0.8648799657821655,0.05,,,,,,,,,,,0.3671027311954344,0.6771401544518755
1622,train-load-0.7-scenario-393,0.7,0.6121052083333334,0.6121052083333334,0.578301125,15.398354386594182,0.8643249022009708,0.8023417644656958,0.9166666666666666,0.08333333333333333,0.8571428571428571,0.14285714285714285,11,1,12,2,14,8,12,11,0.2905832529067993,0.05,,,,,,,,,,,0.3671027311954344,0.6771401544518755
1623,train-load-0.7-scenario-710,0.7,0.6312112857142856,0.3674339285714286,0.6312112857142856,10.447216313553632,0.8344251776361846,0.6655748223638154,0.875,0.125,0.7777777777777778,0.2222222222222222,7,1,7,2,9,7,8,7,0.22992144525051117,0.05,,,,,,,,,,,0.3671027311954344,0.6771401544518755
1624,train-load-0.5-scenario-354,0.5,0.459243,0.3155945,0.459243,9.461505696845206,1.2908454400871574,0.7091545599128425,1.0,0.0,1.0,0.0,5,0,6,0,6,5,5,5,0.48820364475250244,0.05,,,,,,,,,,,0.3671027311954344,0.6771401544518755
1625,train-load-0.5-scenario-413,0.5,0.48069656250000004,0.48069656250000004,0.4341465,9.301674745852754,1.232230160527596,0.7677698394724041,1.0,0.0,1.0,0.0,5,0,5,0,5,4,5,5,0.467980295419693,0.05,,,,,,,,,,,0.3671027311954344,0.6771401544518755
1626,train-load-0.8-scenario-688,0.8,0.8017186000000001,0.55684,0.8017186000000001,8.547285510958531,0.4292776126201604,0.6818334984909508,0.7777777777777778,0.2222222222222222,0.7777777777777778,0.2222222222222222,7,2,7,2,9,5,9,7,0.5448576807975769,0.05,,,,,,,,,,,0.3671027311954344,0.6771401544518755
1627,train-load-0.7-scenario-159-retry-2,0.7,0.75,0.4375,0.75,4.842871958231717,-0.14246737024842293,0.36468959247064525,0.5555555555555556,0.4444444444444444,0.5555555555555556,0.4444444444444444,5,4,5,4,9,8,9,5,0.6315338015556335,0.05,,,,,,,,,,,0.3671027311954344,0.6771401544518755
1628,train-load-0.7-scenario-396,0.7,0.8,0.8,0.64,6.592031613804541,0.30426617910299836,0.1957338208970017,0.625,0.375,0.625,0.375,5,3,5,3,8,5,8,5,0.2737540006637573,0.05,,,,,,,,,,,0.3671027311954344,0.6771401544518755
1629,train-load-0.9-scenario-425,0.9,0.95,0.5208333333333334,0.95,11.525796813787018,0.7171517729813076,0.48284822701869234,0.8,0.2,0.75,0.25,8,2,12,4,16,8,10,8,0.08823274075984955,0.05,,,,,,,,,,,0.3671027311954344,0.6771401544518755
1630,train-hard-4gpu-4pod-1vgpu,0.25,0.25,0.16666666666666666,0.25,11.544497883017963,1.9166666666666665,0.08333333333333337,1.0,0.0,1.0,0.0,4,0,4,0,4,4,4,4,0.522293210029602,0.05,,,,,,,,,,,0.3671027311954344,0.6771401544518755
1631,train-load-0.7-scenario-182,0.7,0.6819932,0.51192675,0.6819932,12.814052790397383,1.0361237590559234,0.519431796499632,0.8888888888888888,0.1111111111111111,0.8888888888888888,0.1111111111111111,8,1,8,1,9,5,9,8,0.21028250455856323,0.05,,,,,,,,,,,0.3671027311954344,0.6771401544518755
1632,train-load-0.9-scenario-73,0.9,0.80164725,0.5538041666666667,0.80164725,6.478812658480495,0.48119046383914316,0.8521428694941903,0.8333333333333334,0.16666666666666666,0.7142857142857143,0.2857142857142857,5,1,5,2,7,4,6,5,0.21137061715126038,0.05,,,,,,,,,,,0.3671027311954344,0.6771401544518755
1633,train-load-0.8-scenario-462,0.8,0.7026766666666666,0.4443447916666666,0.7026766666666666,15.089433364608029,1.336800897802008,0.6631991021979919,1.0,0.0,1.0,0.0,9,0,9,0,9,6,9,9,0.33301255106925964,0.05,,,,,,,,,,,0.3671027311954344,0.6771401544518755
1634,train-load-0.5-scenario-135,0.5,0.43057187499999994,0.43057187499999994,0.4135185,10.038158504565093,1.3133882808975703,0.6866117191024297,1.0,0.0,1.0,0.0,5,0,5,0,5,4,5,5,0.2966066300868988,0.05,,,,,,,,,,,0.3671027311954344,0.6771401544518755
1635,train-load-0.8-scenario-244,0.8,0.731587,0.3445375,0.731587,8.018969263437636,0.7430617656481613,0.5902715676851722,0.8333333333333334,0.16666666666666666,0.7142857142857143,0.2857142857142857,5,1,5,2,7,5,6,5,0.6892372369766235,0.05,,,,,,,,,,,0.3671027311954344,0.6771401544518755
1636,train-load-0.5-scenario-203,0.5,0.4512291666666667,0.23339374999999998,0.4512291666666667,10.068815754005833,1.3572405133490704,0.6427594866509297,1.0,0.0,1.0,0.0,5,0,5,0,5,6,5,5,0.4463137090206146,0.05,,,,,,,,,,,0.3671027311954344,0.6771401544518755
1637,train-load-0.9-scenario-456,0.9,0.8397986,0.780309,0.8397986,6.620061310939105,-0.09981015054496412,0.6452646959995095,0.6363636363636364,0.36363636363636365,0.6666666666666666,0.3333333333333333,7,4,8,4,12,5,11,7,0.9884065985679626,0.05,,,,,,,,,,,0.3671027311954344,0.6771401544518755
1638,train-load-0.8-scenario-264,0.8,0.6973718,0.3994683333333333,0.6973718,12.506499094713257,1.3814811813619077,0.6185188186380923,1.0,0.0,1.0,0.0,7,0,7,0,7,5,7,7,0.4037928879261017,0.05,,,,,,,,,,,0.3671027311954344,0.6771401544518755
1639,train-load-0.6-scenario-315,0.6,0.554471130952381,0.554471130952381,0.4424922857142857,13.111574472502639,1.2270514228147724,0.7729485771852276,1.0,0.0,1.0,0.0,8,0,9,0,9,7,8,8,0.16507664322853088,0.05,,,,,,,,,,,0.3671027311954344,0.6771401544518755
1640,train-load-0.6-scenario-200-retry-5,0.6,0.6666666666666666,0.6666666666666666,0.26666666666666666,7.881332109626379,0.44741263514456264,0.5525873648554374,0.75,0.25,0.75,0.25,6,2,6,2,8,6,8,6,0.5017943382263184,0.05,,,,,,,,,,,0.3671027311954344,0.6771401544518755
1641,train-load-1.0-scenario-529-retry-1,1.0,0.920017,0.6995394642857142,0.920017,15.976373390485351,0.5011139849591755,0.5577095444525891,0.7647058823529411,0.23529411764705882,0.7647058823529411,0.23529411764705882,13,4,13,4,17,7,17,13,0.21239136159420013,0.05,,,,,,,,,,,0.3671027311954344,0.6771401544518755
1642,train-load-0.5-scenario-623,0.5,0.49949114285714286,0.196875,0.49949114285714286,9.246293695732172,1.1998079161895887,0.8001920838104113,1.0,0.0,1.0,0.0,5,0,6,0,6,7,5,5,0.409107506275177,0.05,,,,,,,,,,,0.3671027311954344,0.6771401544518755
1643,train-load-0.6-scenario-385-retry-4,0.6,0.5,0.5,0.5,30.460876374048674,1.468683568519836,0.5313164314801639,1.0,0.0,1.0,0.0,20,0,20,0,20,8,20,20,0.37857887148857117,0.05,,,,,,,,,,,0.3671027311954344,0.6771401544518755
1644,train-load-0.7-scenario-585-retry-1,0.7,0.8,0.8,0.4,7.480481555134104,0.3533310239988785,0.6466689760011215,0.75,0.25,0.75,0.25,6,2,12,4,16,8,8,6,0.3341354727745056,0.05,,,,,,,,,,,0.3671027311954344,0.6771401544518755
1645,train-load-0.5-scenario-267,0.5,0.5197902857142858,0.2993917857142857,0.5197902857142858,10.718402871481683,1.2737001824054417,0.7262998175945583,1.0,0.0,1.0,0.0,6,0,7,0,7,7,6,6,0.45370060205459595,0.05,,,,,,,,,,,0.3671027311954344,0.6771401544518755
1646,train-load-0.5-scenario-191,0.5,0.43709528571428574,0.21843589285714285,0.43709528571428574,10.980119943076115,1.2927703638481736,0.7072296361518264,1.0,0.0,1.0,0.0,6,0,6,0,6,7,6,6,0.3360714316368103,0.05,,,,,,,,,,,0.3671027311954344,0.6771401544518755
1647,train-load-0.5-scenario-462-retry-1,0.5,0.6,0.45,0.6,16.24055365743718,1.5091259108683297,0.49087408913167035,1.0,0.0,1.0,0.0,9,0,9,0,9,5,9,9,0.28545820713043213,0.05,,,,,,,,,,,0.3671027311954344,0.6771401544518755
1648,train-load-0.5-scenario-718-retry-1,0.5,0.5333333333333333,0.5333333333333333,0.3333333333333333,15.188886879358433,1.5483758112308177,0.45162418876918237,1.0,0.0,1.0,0.0,8,0,8,0,8,6,8,8,0.5822299718856812,0.05,,,,,,,,,,,0.3671027311954344,0.6771401544518755
1649,train-load-0.7-scenario-240-retry-1,0.7,0.8,0.7375,0.8,10.980216362312898,0.6255229340133649,0.5744770659866352,0.8,0.2,0.8,0.2,8,2,8,2,10,4,10,8,0.18897965550422668,0.05,,,,,,,,,,,0.3671027311954344,0.6771401544518755
1650,train-load-1.0-scenario-721-retry-8,1.0,1.02,0.18,1.02,6.701105066050729,-0.1128969049392825,0.7795635716059491,0.6666666666666666,0.3333333333333333,0.6666666666666666,0.3333333333333333,8,4,8,4,12,5,12,8,0.14247283339500427,0.05,,,,,,,,,,,0.3671027311954344,0.6771401544518755
1651,train-load-0.5-scenario-173,0.5,0.46385000000000004,0.2996655,0.46385000000000004,8.064315133079164,1.2421581529533032,0.7578418470466968,1.0,0.0,1.0,0.0,4,0,5,0,5,5,4,4,0.323958158493042,0.05,,,,,,,,,,,0.3671027311954344,0.6771401544518755
1652,train-load-0.8-scenario-123,0.8,0.7003945,0.28629270833333337,0.7003945,9.772230510621327,1.3061436094310648,0.6938563905689353,1.0,0.0,1.0,0.0,5,0,5,0,5,4,5,5,0.4145916700363159,0.05,,,,,,,,,,,0.3671027311954344,0.6771401544518755
1653,train-load-1.0-scenario-667,1.0,1.0,0.625,1.0,16.274097594630195,0.31917455768967573,0.4808254423103242,0.7,0.3,0.7,0.3,14,6,14,6,20,8,20,14,0.3695214092731476,0.05,,,,,,,,,,,0.3671027311954344,0.6771401544518755
1654,train-load-1.0-scenario-331,1.0,0.8814136,0.35999775,0.8814136,9.487821156836294,0.7240397408448466,0.7759602591551534,0.875,0.125,0.7777777777777778,0.2222222222222222,7,1,7,2,9,5,8,7,0.3558347821235657,0.05,,,,,,,,,,,0.3671027311954344,0.6771401544518755
1655,train-load-0.5-scenario-681,0.5,0.4,0.16666666666666666,0.4,31.26592582069884,1.5477186091041089,0.45228139089589114,1.0,0.0,1.0,0.0,20,0,20,0,20,5,20,20,0.5052008628845215,0.05,,,,,,,,,,,0.3671027311954344,0.6771401544518755
1656,train-load-0.9-scenario-443,0.9,0.8207178333333334,0.699384375,0.8207178333333334,10.254561892686556,0.5215950613518748,0.6784049386481252,0.8,0.2,0.8333333333333334,0.16666666666666666,8,2,10,2,12,6,10,8,0.25505557656288147,0.05,,,,,,,,,,,0.3671027311954344,0.6771401544518755
1657,train-load-1.0-scenario-437-retry-3,1.0,1.1,0.875,1.1,9.103652972663234,0.1148263918195428,0.34671206971891877,0.6153846153846154,0.38461538461538464,0.6153846153846154,0.38461538461538464,8,5,8,5,13,4,13,8,0.2952447831630707,0.05,,,,,,,,,,,0.3671027311954344,0.6771401544518755
1658,train-hard-4gpu-4pod-2vgpu,0.25,0.25,0.16666666666666666,0.25,11.616666666666667,1.9166666666666665,0.08333333333333337,1.0,0.0,1.0,0.0,4,0,8,0,8,4,4,4,0.37620559334754944,0.05,,,,,,,,,,,0.3671027311954344,0.6771401544518755
1659,train-hard-4gpu-4pod-2vgpu,0.25,0.25,0.16666666666666666,0.25,11.616666666666667,1.9166666666666665,0.08333333333333337,1.0,0.0,1.0,0.0,4,0,8,0,8,4,4,4,0.22795182466506958,0.05,,,,,,,,,,,0.3671027311954344,0.6771401544518755
1660,train-load-0.9-scenario-429,0.9,1.0,1.0,0.95,10.013980716306982,0.3134222585296872,0.35324440813697944,0.6666666666666666,0.3333333333333333,0.6666666666666666,0.3333333333333333,8,4,8,4,12,5,12,8,0.31255286931991577,0.05,,,,,,,,,,,0.3671027311954344,0.6771401544518755
1661,train-load-0.5-scenario-356,0.5,0.46387942857142855,0.3833067857142857,0.46387942857142855,15.025252550766712,1.5159767017720278,0.48402329822797213,1.0,0.0,1.0,0.0,8,0,9,0,9,7,8,8,0.4114076793193817,0.05,,,,,,,,,,,0.3671027311954344,0.6771401544518755
1662,train-load-0.6-scenario-31-retry-2,0.6,0.625,0.625,0.35,11.54568786686368,0.3454104163902816,0.4238203528404875,0.6923076923076923,0.3076923076923077,0.6923076923076923,0.3076923076923077,9,4,9,4,13,8,13,9,0.5050358772277832,0.05,,,,,,,,,,,0.3671027311954344,0.6771401544518755
1663,train-load-0.5-scenario-498,0.5,0.60625,0.6041666666666666,0.60625,10.636737562613142,0.7891868801049866,0.7108131198950134,0.875,0.125,0.8181818181818182,0.18181818181818182,7,1,9,2,11,8,8,7,0.4491725564002991,0.05,,,,,,,,,,,0.3671027311954344,0.6771401544518755
1664,train-load-1.0-scenario-132,1.0,0.885835625,0.885835625,0.638286625,22.714623658997283,1.4576768489007257,0.2756564844326077,0.9333333333333333,0.06666666666666667,0.8888888888888888,0.1111111111111111,14,1,16,2,18,8,15,14,0.4120088815689087,0.05,,,,,,,,,,,0.3671027311954344,0.6771401544518755
1665,train-load-0.9-scenario-16-retry-1,0.9,0.9,0.7333333333333333,0.9,16.45058498231358,0.5708207764590967,0.6791792235409033,0.8125,0.1875,0.8125,0.1875,13,3,13,3,16,6,16,13,0.3915784955024719,0.05,,,,,,,,,,,0.3671027311954344,0.6771401544518755
1666,train-load-0.8-scenario-17-retry-4,0.8,0.6875,0.22916666666666666,0.6875,10.07825110703558,0.44623289892232787,0.46285801016858125,0.7272727272727273,0.2727272727272727,0.7272727272727273,0.2727272727272727,8,3,8,3,11,8,11,8,0.6093438267707825,0.05,,,,,,,,,,,0.3671027311954344,0.6771401544518755
1667,train-load-0.5-scenario-228-retry-2,0.5,0.5571428571428572,0.35714285714285715,0.5571428571428572,13.453723058475322,1.3009855257372316,0.6990144742627684,1.0,0.0,1.0,0.0,8,0,8,0,8,7,8,8,0.3143916726112366,0.05,,,,,,,,,,,0.3671027311954344,0.6771401544518755
1668,train-load-0.8-scenario-159,0.8,0.688513875,0.40506770833333333,0.688513875,17.72174148463112,1.3387538433444246,0.6612461566555754,1.0,0.0,1.0,0.0,11,0,12,0,12,8,11,11,0.9996207356452942,0.05,,,,,,,,,,,0.3671027311954344,0.6771401544518755
1669,train-load-0.5-scenario-153,0.5,0.5169005999999999,0.2400995,0.5169005999999999,8.583485125885918,1.0686255534419904,0.9313744465580095,1.0,0.0,1.0,0.0,5,0,5,0,5,5,5,5,0.37516045570373535,0.05,,,,,,,,,,,0.3671027311954344,0.6771401544518755
1670,train-load-0.7-scenario-476,0.7,0.7666666666666667,0.7666666666666667,0.72,19.878024820516018,1.3469829441170384,0.3453247481906542,0.9230769230769231,0.07692307692307693,0.9230769230769231,0.07692307692307693,12,1,12,1,13,5,13,12,0.3562332093715668,0.05,,,,,,,,,,,0.3671027311954344,0.6771401544518755
1671,train-load-0.8-scenario-242,0.8,0.7217694,0.4499241666666667,0.7217694,11.44378531652962,1.4186595189695526,0.5813404810304473,1.0,0.0,1.0,0.0,6,0,8,0,8,5,6,6,0.41137248277664185,0.05,,,,,,,,,,,0.3671027311954344,0.6771401544518755
1672,train-load-0.7-scenario-564,0.7,0.5989583333333334,0.5989583333333334,0.2,22.59083853333461,1.22855347492266,0.5214465250773398,0.9375,0.0625,0.9375,0.0625,15,1,15,1,16,8,16,15,0.33115488290786743,0.05,,,,,,,,,,,0.3671027311954344,0.6771401544518755
1673,train-load-0.9-scenario-624,0.9,0.7991214999999999,0.4860416666666667,0.7991214999999999,6.40143274282321,0.5395385448817465,0.793794788451587,0.8333333333333334,0.16666666666666666,0.8333333333333334,0.16666666666666666,5,1,5,1,6,4,6,5,0.388314813375473,0.05,,,,,,,,,,,0.3671027311954344,0.6771401544518755
1674,train-load-0.7-scenario-567-retry-3,0.7,0.8,0.2222222222222222,0.8,8.148818571597399,0.47682247664446076,0.5231775233555392,0.75,0.25,0.75,0.25,6,2,6,2,8,6,8,6,0.590423583984375,0.05,,,,,,,,,,,0.3671027311954344,0.6771401544518755
1675,train-load-0.8-scenario-582,0.8,0.6992817499999999,0.6463384375,0.6992817499999999,10.098706326025955,0.7997823278146932,0.7002176721853068,0.875,0.125,0.875,0.125,7,1,7,1,8,4,8,7,0.35014230012893677,0.05,,,,,,,,,,,0.3671027311954344,0.6771401544518755
1676,train-load-0.5-scenario-640,0.5,0.5759666666666666,0.34920902777777774,0.5759666666666666,9.967387765890116,1.2995540616423662,0.7004459383576338,1.0,0.0,1.0,0.0,5,0,7,0,7,6,5,5,0.37849855422973633,0.05,,,,,,,,,,,0.3671027311954344,0.6771401544518755
1677,train-load-0.9-scenario-394-retry-2,0.9,0.9666666666666667,0.9666666666666667,0.58,13.075785292402585,0.8128604821056445,0.45986679062162833,0.8181818181818182,0.18181818181818182,0.8181818181818182,0.18181818181818182,9,2,9,2,11,5,11,9,0.3320157527923584,0.05,,,,,,,,,,,0.3671027311954344,0.6771401544518755
1678,train-load-1.0-scenario-44,1.0,0.943413375,0.7465421874999999,0.943413375,14.177243396371031,0.3666343220558078,0.6333656779441922,0.75,0.25,0.7222222222222222,0.2777777777777778,12,4,13,5,18,8,16,12,0.5394618511199951,0.05,,,,,,,,,,,0.3671027311954344,0.6771401544518755
1679,train-load-0.8-scenario-76-retry-3,0.8,0.7071428571428572,0.6071428571428571,0.7071428571428572,8.403113195340174,0.13676232292765667,0.7723285861632525,0.7272727272727273,0.2727272727272727,0.7272727272727273,0.2727272727272727,8,3,8,3,11,7,11,8,0.7493696212768555,0.05,,,,,,,,,,,0.3671027311954344,0.6771401544518755
1680,train-load-0.9-scenario-90-retry-1,0.9,0.96875,0.2,0.96875,0.3360174902630526,-0.8967216240659523,0.67449940184373,0.4444444444444444,0.5555555555555556,0.4444444444444444,0.5555555555555556,4,5,4,5,9,8,9,4,0.37937062978744507,0.05,,,,,,,,,,,0.3671027311954344,0.6771401544518755
1681,train-load-0.9-scenario-454-retry-3,0.9,0.96,0.96,0.76,6.095511140376916,0.0071512314326893645,0.6595154352339773,0.6666666666666666,0.3333333333333333,0.6666666666666666,0.3333333333333333,6,3,6,3,9,5,9,6,0.175863116979599,0.05,,,,,,,,,,,0.3671027311954344,0.6771401544518755
1682,train-load-0.8-scenario-680,0.8,0.7093181428571428,0.5564869047619048,0.7093181428571428,18.520603736608262,1.4886786533972933,0.5113213466027067,1.0,0.0,1.0,0.0,11,0,12,0,12,7,11,11,0.2934294641017914,0.05,,,,,,,,,,,0.3671027311954344,0.6771401544518755
1683,train-load-0.7-scenario-269,0.7,0.7875,0.25,0.7875,0.08072208426111738,-0.9854879535084147,0.3188212868417481,0.3333333333333333,0.6666666666666666,0.3333333333333333,0.6666666666666666,3,6,3,6,9,8,9,3,0.8076931238174438,0.05,,,,,,,,,,,0.3671027311954344,0.6771401544518755
1684,train-load-0.7-scenario-416,0.7,0.6944444444444444,0.6944444444444444,0.48333333333333334,21.616274518027126,1.5334759354208884,0.46652406457911144,1.0,0.0,1.0,0.0,13,0,13,0,13,6,13,13,0.7162796258926392,0.05,,,,,,,,,,,0.3671027311954344,0.6771401544518755
1685,train-load-0.5-scenario-195,0.5,0.5833333333333334,0.4666666666666667,0.5833333333333334,23.580554865520913,1.5986984995802542,0.4013015004197459,1.0,0.0,1.0,0.0,14,0,14,0,14,6,14,14,1.0842357873916626,0.05,,,,,,,,,,,0.3671027311954344,0.6771401544518755
1686,train-load-0.7-scenario-543,0.7,0.6751012000000001,0.27290475,0.6751012000000001,9.093200921904582,1.2455683537103948,0.7544316462896051,1.0,0.0,1.0,0.0,5,0,6,0,6,5,5,5,0.5643593072891235,0.05,,,,,,,,,,,0.3671027311954344,0.6771401544518755
1687,train-load-0.7-scenario-51,0.7,0.73,0.51,0.73,17.43432145323335,1.5321674981358,0.46783250186420006,1.0,0.0,1.0,0.0,10,0,10,0,10,5,10,10,0.32969820499420166,0.05,,,,,,,,,,,0.3671027311954344,0.6771401544518755
1688,train-load-1.0-scenario-62,1.0,0.9410761999999999,0.482916,0.9410761999999999,3.848812799997244,-0.18086930705307624,0.6808693070530762,0.625,0.375,0.5555555555555556,0.4444444444444444,5,3,5,4,9,5,8,5,0.38088569045066833,0.05,,,,,,,,,,,0.3671027311954344,0.6771401544518755
1689,train-load-0.5-scenario-312-retry-2,0.5,0.58,0.32,0.58,12.254782556680581,1.077306056661782,0.9226939433382179,1.0,0.0,1.0,0.0,8,0,8,0,8,5,8,8,0.5364888906478882,0.05,,,,,,,,,,,0.3671027311954344,0.6771401544518755
1690,train-load-1.0-scenario-186,1.0,0.9032062,0.45898625,0.9032062,5.931987355083269,0.01336138584771518,0.6533052808189515,0.6666666666666666,0.3333333333333333,0.6666666666666666,0.3333333333333333,6,3,6,3,9,5,9,6,0.7394203543663025,0.05,,,,,,,,,,,0.3671027311954344,0.6771401544518755
1691,train-load-0.8-scenario-104,0.8,0.7577174999999999,0.5334447916666667,0.7577174999999999,12.72138266291384,1.5711084994877493,0.42889150051225067,1.0,0.0,1.0,0.0,6,0,7,0,7,4,6,6,0.49385371804237366,0.05,,,,,,,,,,,0.3671027311954344,0.6771401544518755
1692,train-load-0.8-scenario-122-retry-5,0.8,0.8571428571428571,0.8571428571428571,0.6857142857142857,7.4750896290602995,-0.034876910161196206,0.3682102434945296,0.5833333333333334,0.4166666666666667,0.5833333333333334,0.4166666666666667,7,5,7,5,12,7,12,7,0.44396984577178955,0.05,,,,,,,,,,,0.3671027311954344,0.6771401544518755
1693,train-load-1.0-scenario-504,1.0,0.9785504999999999,0.8551390625,0.9785504999999999,11.914511830926665,0.8222862010619315,0.37771379893806845,0.8,0.2,0.8,0.2,8,2,8,2,10,4,10,8,0.45324742794036865,0.05,,,,,,,,,,,0.3671027311954344,0.6771401544518755
1694,train-load-0.9-scenario-469-retry-2,0.9,1.0,1.0,0.21666666666666667,13.511217926103802,0.6252743021889122,0.7593410824264724,0.8461538461538461,0.15384615384615385,0.8461538461538461,0.15384615384615385,11,2,11,2,13,6,13,11,0.3999446630477905,0.05,,,,,,,,,,,0.3671027311954344,0.6771401544518755
1695,train-load-0.8-scenario-416,0.8,0.7,0.4861111111111111,0.7,17.860071573149543,1.3323795192378123,0.6676204807621877,1.0,0.0,1.0,0.0,11,0,11,0,11,6,11,11,0.5860697627067566,0.05,,,,,,,,,,,0.3671027311954344,0.6771401544518755
1696,train-load-0.5-scenario-619-retry-6,0.5,0.45,0.4375,0.45,16.048912110816268,1.2358142854345144,0.7641857145654856,1.0,0.0,1.0,0.0,10,0,10,0,10,8,10,10,0.5782042145729065,0.05,,,,,,,,,,,0.3671027311954344,0.6771401544518755
1697,train-load-0.5-scenario-39,0.5,0.54,0.25,0.54,14.711710355591423,1.258329685116169,0.7416703148838311,1.0,0.0,1.0,0.0,9,0,9,0,9,5,9,9,0.2373189628124237,0.05,,,,,,,,,,,0.3671027311954344,0.6771401544518755
1698,train-load-1.0-scenario-513-retry-4,1.0,0.9047619047619048,0.9047619047619048,0.8214285714285714,6.235289807273277,-0.41674577899118115,0.7024600647054668,0.5714285714285714,0.42857142857142855,0.5714285714285714,0.42857142857142855,8,6,8,6,14,7,14,8,0.25728923082351685,0.05,,,,,,,,,,,0.3671027311954344,0.6771401544518755
1699,train-load-1.0-scenario-377,1.0,0.9415207142857144,0.5897535714285714,0.9415207142857144,10.67767452889704,0.36724993567873687,0.6327500643212631,0.75,0.25,0.7142857142857143,0.2857142857142857,9,3,10,4,14,7,12,9,0.18204370141029358,0.05,,,,,,,,,,,0.3671027311954344,0.6771401544518755
1700,train-load-0.7-scenario-324,0.7,0.8,0.7333333333333333,0.8,5.265898122004391,-0.13281517247968777,0.5328151724796877,0.6,0.4,0.6,0.4,6,4,6,4,10,6,10,6,0.32492610812187195,0.05,0.3634516413814218,0.5288225585290434,0.7230685499776164,0.2769314500223837,0.7086722517916281,0.29132774820837204,0.6634209206888373,0.714002322807268,0.279811256009999,0.7086541683361747,0.3671027311954344,0.6771401544518755
1701,train-load-0.9-scenario-41-retry-4,0.9,1.0,1.0,0.16666666666666666,4.695580029008113,-0.25063274895877385,0.6506327489587738,0.6,0.4,0.6,0.4,6,4,6,4,10,6,10,6,0.36848127841949463,0.05,,,,,,,,,,,0.3671027311954344,0.6771401544518755
1702,train-load-0.7-scenario-262,0.7,0.6395804999999999,0.471293125,0.6395804999999999,8.41462283205163,0.8387120662074705,0.4946212671258631,0.8333333333333334,0.16666666666666666,0.8333333333333334,0.16666666666666666,5,1,5,1,6,4,6,5,0.06605557352304459,0.05,,,,,,,,,,,0.3671027311954344,0.6771401544518755
1703,train-load-0.5-scenario-142-retry-6,0.5,0.5357142857142857,0.35714285714285715,0.5357142857142857,24.794556859120974,1.6461370774065207,0.3538629225934794,1.0,0.0,1.0,0.0,15,0,15,0,15,7,15,15,0.24384236335754395,0.05,,,,,,,,,,,0.3671027311954344,0.6771401544518755
1704,train-load-0.6-scenario-223,0.6,0.4857142857142857,0.4166666666666667,0.4857142857142857,19.853077840883014,1.241737264161015,0.758262735838985,1.0,0.0,1.0,0.0,13,0,13,0,13,7,13,13,0.5662474036216736,0.05,,,,,,,,,,,0.3671027311954344,0.6771401544518755
1705,train-load-1.0-scenario-144-retry-1,1.0,1.0625,0.5833333333333334,1.0625,2.3669213881687927,-0.4522219017077128,0.4522219017077128,0.5,0.5,0.5,0.5,4,4,4,4,8,4,8,4,0.4816291034221649,0.05,,,,,,,,,,,0.3671027311954344,0.6771401544518755
1706,train-load-1.0-scenario-281-retry-1,1.0,0.9443973958333333,0.9443973958333333,0.8678539999999999,8.041584994888135,0.3589918906801477,0.7521192204309635,0.7777777777777778,0.2222222222222222,0.7,0.3,7,2,7,3,10,4,9,7,0.29625189304351807,0.05,,,,,,,,,,,0.3671027311954344,0.6771401544518755
1707,train-load-0.7-scenario-174,0.7,0.6714295,0.2827190972222222,0.6714295,12.563960932331575,1.3593972868529791,0.6406027131470209,1.0,0.0,1.0,0.0,7,0,7,0,7,6,7,7,0.2636217176914215,0.05,,,,,,,,,,,0.3671027311954344,0.6771401544518755
1708,train-load-0.5-scenario-509,0.5,0.45821843749999996,0.45821843749999996,0.42996975,14.512093838196671,1.0411495928055754,0.9588504071944246,1.0,0.0,1.0,0.0,10,0,10,0,10,8,10,10,0.2145940363407135,0.05,,,,,,,,,,,0.3671027311954344,0.6771401544518755
1709,train-load-0.5-scenario-168,0.5,0.49106571428571427,0.40238095238095234,0.49106571428571427,11.465531400841478,1.3754707852188144,0.6245292147811855,1.0,0.0,1.0,0.0,6,0,9,0,9,7,6,6,0.37906718254089355,0.05,,,,,,,,,,,0.3671027311954344,0.6771401544518755
1710,train-load-0.5-scenario-15,0.5,0.4492542857142857,0.4492542857142857,0.3574835714285714,11.604646503476378,1.1597375298738715,0.8402624701261285,1.0,0.0,1.0,0.0,7,0,8,0,8,7,7,7,0.3380546569824219,0.05,,,,,,,,,,,0.3671027311954344,0.6771401544518755
1711,train-load-0.8-scenario-420-retry-2,0.8,0.8571428571428571,0.45714285714285713,0.8571428571428571,4.00754341309746,-0.22793360113822825,0.7279336011382282,0.625,0.375,0.625,0.375,5,3,5,3,8,7,8,5,0.4653867781162262,0.05,,,,,,,,,,,0.3671027311954344,0.6771401544518755
1712,train-load-0.9-scenario-237,0.9,0.7862058749999999,0.5633296875,0.7862058749999999,19.5513428175567,1.179642721658267,0.5346429926274474,0.9285714285714286,0.07142857142857142,0.8666666666666667,0.13333333333333333,13,1,13,2,15,8,14,13,0.48377615213394165,0.05,,,,,,,,,,,0.3671027311954344,0.6771401544518755
1713,train-load-0.8-scenario-343-retry-1,0.8,0.9142857142857143,0.5714285714285714,0.9142857142857143,8.47537061162432,0.5313947543523712,0.46860524564762884,0.75,0.25,0.75,0.25,6,2,12,4,16,7,8,6,0.3309907913208008,0.05,,,,,,,,,,,0.3671027311954344,0.6771401544518755
1714,train-load-0.7-scenario-620,0.7,0.6134541666666666,0.6134541666666666,0.612417,9.31616347840429,0.812608434940523,0.6159629936309055,0.8571428571428571,0.14285714285714285,0.7777777777777778,0.2222222222222222,6,1,7,2,9,6,7,6,0.41856563091278076,0.05,,,,,,,,,,,0.3671027311954344,0.6771401544518755
1715,train-load-0.6-scenario-25,0.6,0.5298247142857143,0.22678690476190477,0.5298247142857143,9.588992787540153,1.2775310222633687,0.7224689777366312,1.0,0.0,1.0,0.0,5,0,7,0,7,7,5,5,0.5475258827209473,0.05,,,,,,,,,,,0.3671027311954344,0.6771401544518755
1716,train-load-0.7-scenario-390,0.7,0.6745686666666667,0.5261827083333334,0.6745686666666667,13.165954436594898,1.0724400885112644,0.483115467044291,0.8888888888888888,0.1111111111111111,0.9090909090909091,0.09090909090909091,8,1,10,1,11,6,9,8,0.1937800794839859,0.05,,,,,,,,,,,0.3671027311954344,0.6771401544518755
1717,train-load-1.0-scenario-213-retry-4,1.0,1.0,1.0,0.75,9.848676249107697,-0.01593828709713274,0.4159382870971327,0.6,0.4,0.6,0.4,9,6,9,6,15,5,15,9,0.262800931930542,0.05,,,,,,,,,,,0.3671027311954344,0.6771401544518755
1718,train-load-0.7-scenario-39,0.7,0.8,0.8,0.64,6.2118274011587165,0.16940867619402789,0.3305913238059721,0.625,0.375,0.625,0.375,5,3,5,3,8,5,8,5,0.20779575407505035,0.05,,,,,,,,,,,0.3671027311954344,0.6771401544518755
1719,train-load-1.0-scenario-491-retry-2,1.0,0.8974981666666667,0.7498499999999999,0.8974981666666667,11.746617377444931,0.557920512676902,0.4420794873230979,0.75,0.25,0.6923076923076923,0.3076923076923077,9,3,9,4,13,6,12,9,0.43477731943130493,0.05,,,,,,,,,,,0.3671027311954344,0.6771401544518755
1720,train-load-0.6-scenario-254,0.6,0.5220400000000001,0.35895364583333333,0.5220400000000001,13.398703192805034,1.2709549991922755,0.7290450008077245,1.0,0.0,1.0,0.0,8,0,9,0,9,8,8,8,0.20551158487796783,0.05,,,,,,,,,,,0.3671027311954344,0.6771401544518755
1721,train-load-0.9-scenario-158-retry-1,0.9,1.0,1.0,0.62,3.7905901706804856,-0.45098016570644117,0.45098016570644117,0.5,0.5,0.5,0.5,5,5,5,5,10,5,10,5,0.3759755790233612,0.05,,,,,,,,,,,0.3671027311954344,0.6771401544518755
1722,train-load-0.6-scenario-452,0.6,0.514709625,0.20259010416666667,0.514709625,12.879472468666304,1.37810190314098,0.62189809685902,1.0,0.0,1.0,0.0,7,0,7,0,7,8,7,7,0.39099961519241333,0.05,,,,,,,,,,,0.3671027311954344,0.6771401544518755
1723,train-load-0.6-scenario-579-retry-3,0.6,0.5857142857142857,0.5714285714285714,0.5857142857142857,18.49165646201654,1.6561552904672077,0.3438447095327923,1.0,0.0,1.0,0.0,10,0,10,0,10,7,10,10,0.3760238289833069,0.05,,,,,,,,,,,0.3671027311954344,0.6771401544518755
1724,train-load-0.8-scenario-183-retry-8,0.8,0.9,0.5,0.9,6.864007242598535,0.16560966626204343,0.5010570004046232,0.6666666666666666,0.3333333333333333,0.6666666666666666,0.3333333333333333,6,3,6,3,9,6,9,6,0.1217508614063263,0.05,,,,,,,,,,,0.3671027311954344,0.6771401544518755
1725,train-load-1.0-scenario-202-retry-5,1.0,1.1,0.9333333333333333,1.1,5.430418826564469,-0.20744202145183066,0.6074420214518306,0.6,0.4,0.6,0.4,6,4,6,4,10,5,10,6,0.30155694484710693,0.05,,,,,,,,,,,0.3671027311954344,0.6771401544518755
1726,train-load-0.8-scenario-503,0.8,0.85,0.85,0.575,15.14257335370679,1.0529200175551319,0.5834436188085044,0.9090909090909091,0.09090909090909091,0.9090909090909091,0.09090909090909091,10,1,10,1,11,4,11,10,0.43685322999954224,0.05,,,,,,,,,,,0.3671027311954344,0.6771401544518755
1727,train-load-0.8-scenario-215,0.8,0.7994086,0.31146124999999997,0.7994086,8.089427278288962,0.6605051743467026,0.7680662542247259,0.8571428571428571,0.14285714285714285,0.8571428571428571,0.14285714285714285,6,1,6,1,7,5,7,6,0.36149725317955017,0.05,,,,,,,,,,,0.3671027311954344,0.6771401544518755
1728,train-load-0.5-scenario-50,0.5,0.472023,0.28281666666666666,0.472023,8.45850217409768,1.274863224888977,0.725136775111023,1.0,0.0,1.0,0.0,4,0,4,0,4,4,4,4,0.5863965749740601,0.05,,,,,,,,,,,0.3671027311954344,0.6771401544518755
1729,train-load-0.7-scenario-481,0.7,0.6283650000000001,0.42243624999999996,0.6283650000000001,14.936690776758647,1.5158917459219454,0.4841082540780546,1.0,0.0,1.0,0.0,8,0,8,0,8,6,8,8,0.2944245934486389,0.05,,,,,,,,,,,0.3671027311954344,0.6771401544518755
1730,train-load-0.9-scenario-125,0.9,0.8135491666666667,0.4613923611111111,0.8135491666666667,10.361792478157245,0.834669880040394,0.665330119959606,0.875,0.125,0.8,0.2,7,1,8,2,10,6,8,7,0.3345572054386139,0.05,,,,,,,,,,,0.3671027311954344,0.6771401544518755
1731,train-load-1.0-scenario-628,1.0,0.9462443333333335,0.7462284722222221,0.9462443333333335,9.919260550729405,0.21133419756919625,0.5578965716615729,0.6923076923076923,0.3076923076923077,0.6428571428571429,0.35714285714285715,9,4,9,5,14,6,13,9,0.28735652565956116,0.05,,,,,,,,,,,0.3671027311954344,0.6771401544518755
1732,train-load-0.7-scenario-8,0.7,0.6066914285714287,0.3614339285714286,0.6066914285714287,11.938862829005869,1.4518695870344935,0.5481304129655065,1.0,0.0,1.0,0.0,6,0,8,0,8,7,6,6,0.29629403352737427,0.05,,,,,,,,,,,0.3671027311954344,0.6771401544518755
1733,train-load-1.0-scenario-317-retry-5,1.0,1.1111111111111112,1.1111111111111112,0.5666666666666667,5.211001610871313,-0.21610035722192567,0.6161003572219256,0.6,0.4,0.5,0.5,6,4,8,8,16,6,10,6,0.3724939823150635,0.05,,,,,,,,,,,0.3671027311954344,0.6771401544518755
1734,train-load-1.0-scenario-343,1.0,0.8809523809523809,0.8809523809523809,0.8142857142857143,20.2053335738886,0.9443489287735085,0.34976871828531486,0.8235294117647058,0.17647058823529413,0.8235294117647058,0.17647058823529413,14,3,14,3,17,7,17,14,0.3069758415222168,0.05,,,,,,,,,,,0.3671027311954344,0.6771401544518755
1735,train-load-0.8-scenario-494,0.8,0.9,0.9,0.36,4.135495698390367,-0.2693583677988216,0.49158059002104393,0.5555555555555556,0.4444444444444444,0.5555555555555556,0.4444444444444444,5,4,5,4,9,5,9,5,0.3389854431152344,0.05,,,,,,,,,,,0.3671027311954344,0.6771401544518755
1736,train-load-1.0-scenario-173-retry-3,1.0,0.9465701666666666,0.6755141666666666,0.9465701666666666,15.323679662779732,0.8092411929984167,0.5753741916169678,0.8461538461538461,0.15384615384615385,0.7857142857142857,0.21428571428571427,11,2,11,3,14,6,13,11,0.2771786153316498,0.05,,,,,,,,,,,0.3671027311954344,0.6771401544518755
1737,train-load-1.0-scenario-33-retry-1,1.0,1.0,0.28125,1.0,3.984707069929244,-0.43298071204404054,0.8329807120440404,0.6,0.4,0.6,0.4,6,4,9,6,15,8,10,6,0.16416820883750916,0.05,,,,,,,,,,,0.3671027311954344,0.6771401544518755
1738,train-load-1.0-scenario-109-retry-2,1.0,0.8808958571428572,0.6147910714285714,0.8808958571428572,7.210581376577172,-0.07308489345083369,0.7397515601175003,0.6666666666666666,0.3333333333333333,0.6428571428571429,0.35714285714285715,8,4,9,5,14,7,12,8,0.3195995092391968,0.05,,,,,,,,,,,0.3671027311954344,0.6771401544518755
1739,train-load-0.6-scenario-14-retry-1,0.6,0.6625,0.175,0.6625,10.097929036214019,0.7858554062931469,0.7141445937068531,0.875,0.125,0.875,0.125,7,1,7,1,8,8,8,7,0.3706165552139282,0.05,,,,,,,,,,,0.3671027311954344,0.6771401544518755
1740,train-load-0.7-scenario-537,0.7,0.8,0.8,0.375,16.65288641634181,1.2401439240541592,0.7598560759458409,1.0,0.0,1.0,0.0,11,0,11,0,11,4,11,11,0.3947029113769531,0.05,,,,,,,,,,,0.3671027311954344,0.6771401544518755
1741,train-load-1.0-scenario-440,1.0,0.9386928333333333,0.4462503472222223,0.9386928333333333,13.278906132558944,0.9765851541477717,0.6234148458522283,0.9,0.1,0.8181818181818182,0.18181818181818182,9,1,9,2,11,6,10,9,0.1582496017217636,0.05,,,,,,,,,,,0.3671027311954344,0.6771401544518755
1742,train-load-0.9-scenario-234-retry-3,0.9,0.8375,0.6458333333333334,0.8375,16.3630928311007,0.522863323476191,0.5359602059355736,0.7647058823529411,0.23529411764705882,0.7647058823529411,0.23529411764705882,13,4,13,4,17,8,17,13,0.2665085792541504,0.05,,,,,,,,,,,0.3671027311954344,0.6771401544518755
1743,train-load-0.6-scenario-683,0.6,0.6916085,0.3597659375,0.6916085,9.886131961922176,1.3202847083772893,0.6797152916227108,1.0,0.0,1.0,0.0,5,0,5,0,5,4,5,5,0.34017157554626465,0.05,,,,,,,,,,,0.3671027311954344,0.6771401544518755
1744,train-load-0.7-scenario-211,0.7,0.6526118571428572,0.3881047619047619,0.6526118571428572,14.347885636167746,1.45846543504459,0.54153456495541,1.0,0.0,1.0,0.0,8,0,9,0,9,7,8,8,0.3171013593673706,0.05,,,,,,,,,,,0.3671027311954344,0.6771401544518755
1745,train-load-0.8-scenario-194-retry-1,0.8,0.7142857142857143,0.2714285714285714,0.7142857142857143,10.492434481457508,0.8551883872629384,0.6448116127370616,0.875,0.125,0.8571428571428571,0.14285714285714285,7,1,12,2,14,7,8,7,0.3061819076538086,0.05,,,,,,,,,,,0.3671027311954344,0.6771401544518755
1746,train-load-0.9-scenario-290,0.9,0.8506872857142856,0.40551125,0.8506872857142856,11.982492129346507,0.7713498135508583,0.8286501864491418,0.9,0.1,0.8333333333333334,0.16666666666666666,9,1,10,2,12,7,10,9,0.3254367709159851,0.05,,,,,,,,,,,0.3671027311954344,0.6771401544518755
1747,train-load-0.5-scenario-214,0.5,0.57624325,0.350575,0.57624325,8.45689876491649,1.3346105680815235,0.6653894319184765,1.0,0.0,1.0,0.0,4,0,5,0,5,4,4,4,0.2336888611316681,0.05,,,,,,,,,,,0.3671027311954344,0.6771401544518755
1748,train-load-0.9-scenario-133-retry-7,0.9,1.0,0.2777777777777778,1.0,4.987766098499827,-0.19929351750967017,0.5992935175096701,0.6,0.4,0.6,0.4,6,4,6,4,10,6,10,6,0.2876527011394501,0.05,,,,,,,,,,,0.3671027311954344,0.6771401544518755
1749,train-load-0.6-scenario-91-retry-2,0.6,0.7,0.23333333333333334,0.7,22.05807610614085,1.4353978275721797,0.5646021724278204,1.0,0.0,1.0,0.0,14,0,14,0,14,5,14,14,0.2578665316104889,0.05,,,,,,,,,,,0.3671027311954344,0.6771401544518755
1750,train-load-0.6-scenario-21,0.6,0.5445716666666667,0.3809029166666667,0.5445716666666667,13.388567476009856,1.2774422993346308,0.7225577006653692,1.0,0.0,1.0,0.0,8,0,8,0,8,6,8,8,0.19909921288490295,0.05,,,,,,,,,,,0.3671027311954344,0.6771401544518755
1751,train-load-0.5-scenario-9,0.5,0.45991875,0.3376348958333333,0.45991875,9.442236571290634,1.4269248982784204,0.5730751017215796,1.0,0.0,1.0,0.0,4,0,4,0,4,4,4,4,0.32836633920669556,0.05,,,,,,,,,,,0.3671027311954344,0.6771401544518755
1752,train-load-0.9-scenario-739,0.9,1.02,1.02,0.68,12.54504836985941,0.17419903856499253,0.41403625555265455,0.6470588235294118,0.35294117647058826,0.6470588235294118,0.35294117647058826,11,6,11,6,17,5,17,11,0.3437376022338867,0.05,,,,,,,,,,,0.3671027311954344,0.6771401544518755
1753,train-load-0.9-scenario-325,0.9,0.95,0.9166666666666666,0.95,9.148876039024895,0.48329733101885886,0.6278137800922523,0.7777777777777778,0.2222222222222222,0.7777777777777778,0.2222222222222222,7,2,7,2,9,4,9,7,0.20026135444641113,0.05,,,,,,,,,,,0.3671027311954344,0.6771401544518755
1754,train-load-0.8-scenario-505-retry-4,0.8,0.8666666666666667,0.8666666666666667,0.8666666666666667,13.387076532549214,0.4567222568640433,0.6861348859930996,0.7857142857142857,0.21428571428571427,0.7857142857142857,0.21428571428571427,11,3,11,3,14,6,14,11,0.23223285377025604,0.05,,,,,,,,,,,0.3671027311954344,0.6771401544518755
1755,train-hard-4gpu-4pod-1vgpu,0.25,0.25,0.16666666666666666,0.25,11.544497883017963,1.9166666666666665,0.08333333333333337,1.0,0.0,1.0,0.0,4,0,4,0,4,4,4,4,0.30637019872665405,0.05,,,,,,,,,,,0.3671027311954344,0.6771401544518755
1756,train-load-0.6-scenario-131-retry-1,0.6,0.6571428571428571,0.6571428571428571,0.5714285714285714,12.082001065719542,1.0687966589713986,0.43120334102860136,0.875,0.125,0.8333333333333334,0.16666666666666666,7,1,10,2,12,7,8,7,0.13811583817005157,0.05,,,,,,,,,,,0.3671027311954344,0.6771401544518755
1757,train-load-0.6-scenario-18,0.6,0.512939,0.47843390625,0.512939,16.008023801394742,1.2674817914541137,0.7325182085458863,1.0,0.0,1.0,0.0,10,0,11,0,11,8,10,10,0.4249224066734314,0.05,,,,,,,,,,,0.3671027311954344,0.6771401544518755
1758,train-load-1.0-scenario-514-retry-21,1.0,1.1,0.44,1.1,2.5236401486390148,-0.6191953868051093,0.43737720498692756,0.45454545454545453,0.5454545454545454,0.45454545454545453,0.5454545454545454,5,6,5,6,11,5,11,5,0.4035921096801758,0.05,,,,,,,,,,,0.3671027311954344,0.6771401544518755
1759,train-load-0.6-scenario-504,0.6,0.5532735,0.42462135416666663,0.5532735,9.811580322516008,1.519838520471053,0.48016147952894705,1.0,0.0,1.0,0.0,4,0,5,0,5,4,4,4,0.2793780267238617,0.05,,,,,,,,,,,0.3671027311954344,0.6771401544518755
1760,train-load-0.9-scenario-459-retry-1,0.9,0.7942870000000001,0.5249285,0.7942870000000001,11.680927939067331,0.9992354509619255,0.5007645490380745,0.875,0.125,0.7777777777777778,0.2222222222222222,7,1,7,2,9,5,8,7,0.2876291573047638,0.05,,,,,,,,,,,0.3671027311954344,0.6771401544518755
1761,train-load-0.6-scenario-314,0.6,0.5116838,0.3966833333333334,0.5116838,11.680981126961857,1.418347580326039,0.581652419673961,1.0,0.0,1.0,0.0,6,0,6,0,6,5,6,6,0.5007823705673218,0.05,,,,,,,,,,,0.3671027311954344,0.6771401544518755
1762,train-load-0.8-scenario-344,0.8,0.6895722500000001,0.51660625,0.6895722500000001,7.325032677222065,0.679884093459509,0.6534492398738245,0.8333333333333334,0.16666666666666666,0.8333333333333334,0.16666666666666666,5,1,5,1,6,4,6,5,0.2564302384853363,0.05,,,,,,,,,,,0.3671027311954344,0.6771401544518755
1763,train-load-1.0-scenario-206,1.0,0.9457788333333333,0.6526908333333333,0.9457788333333333,11.901376387133888,0.553049526497702,0.446950473502298,0.75,0.25,0.7692307692307693,0.23076923076923078,9,3,10,3,13,6,12,9,0.34473705291748047,0.05,,,,,,,,,,,0.3671027311954344,0.6771401544518755
1764,train-load-0.5-scenario-86,0.5,0.519193,0.2588121875,0.519193,10.922130259376067,1.2719729757018077,0.7280270242981922,1.0,0.0,1.0,0.0,6,0,8,0,8,8,6,6,0.1930246651172638,0.05,,,,,,,,,,,0.3671027311954344,0.6771401544518755
1765,train-load-0.9-scenario-310-retry-4,0.9,1.0,0.13333333333333333,1.0,2.328871056553004,-0.39961686051178713,0.8996168605117871,0.625,0.375,0.625,0.375,5,3,5,3,8,6,8,5,0.41656333208084106,0.05,,,,,,,,,,,0.3671027311954344,0.6771401544518755
1766,train-load-0.9-scenario-180-retry-2,0.9,0.95,0.475,0.95,16.719661821370785,0.4304702245892108,0.5168981964634207,0.7368421052631579,0.2631578947368421,0.7368421052631579,0.2631578947368421,14,5,14,5,19,4,19,14,0.28944870829582214,0.05,,,,,,,,,,,0.3671027311954344,0.6771401544518755
1767,train-load-0.7-scenario-730,0.7,0.75,0.75,0.3,9.824379924756496,0.27659190955354196,0.39007475711312467,0.6666666666666666,0.3333333333333333,0.6666666666666666,0.3333333333333333,8,4,8,4,12,8,12,8,0.2146567404270172,0.05,,,,,,,,,,,0.3671027311954344,0.6771401544518755
1768,train-load-0.9-scenario-498,0.9,0.9595138333333334,0.59938375,0.9595138333333334,14.961535874487609,1.1904282997976625,0.4095717002023376,0.9,0.1,0.8333333333333334,0.16666666666666666,9,1,10,2,12,6,10,9,0.3993494212627411,0.05,,,,,,,,,,,0.3671027311954344,0.6771401544518755
1769,train-load-0.5-scenario-281,0.5,0.547402375,0.31697291666666666,0.547402375,13.848665083417448,1.341889642596275,0.6581103574037251,1.0,0.0,1.0,0.0,8,0,9,0,9,8,8,8,0.16171614825725555,0.05,,,,,,,,,,,0.3671027311954344,0.6771401544518755
1770,train-load-0.5-scenario-150,0.5,0.46747475,0.2543520833333333,0.46747475,7.691993786944558,1.3093707362166822,0.6906292637833178,1.0,0.0,1.0,0.0,3,0,4,0,4,4,3,3,0.5736233592033386,0.05,,,,,,,,,,,0.3671027311954344,0.6771401544518755
1771,train-load-0.5-scenario-597-retry-1,0.5,0.5714285714285714,0.2857142857142857,0.5714285714285714,11.328547652248048,0.9529895432630489,0.5470104567369511,0.875,0.125,0.875,0.125,7,1,7,1,8,7,8,7,0.2108815312385559,0.05,,,,,,,,,,,0.3671027311954344,0.6771401544518755
1772,train-load-0.7-scenario-113,0.7,0.7857142857142857,0.7857142857142857,0.15714285714285714,6.9114206025578815,-0.007433996621716621,0.552888542076262,0.6363636363636364,0.36363636363636365,0.6363636363636364,0.36363636363636365,7,4,7,4,11,7,11,7,0.472885400056839,0.05,,,,,,,,,,,0.3671027311954344,0.6771401544518755
1773,train-load-0.9-scenario-139,0.9,1.0,1.0,0.7,3.8044946789050478,-0.5444894903196038,0.5444894903196038,0.5,0.5,0.5,0.5,6,6,6,6,12,6,12,6,0.41719454526901245,0.05,,,,,,,,,,,0.3671027311954344,0.6771401544518755
1774,train-load-0.5-scenario-591-retry-2,0.5,0.6,0.5,0.6,17.703188591174552,1.4916085849462781,0.5083914150537219,1.0,0.0,1.0,0.0,10,0,10,0,10,5,10,10,0.3087925314903259,0.05,,,,,,,,,,,0.3671027311954344,0.6771401544518755
1775,train-load-0.7-scenario-284-retry-3,0.7,0.8,0.8,0.75625,6.6750864658449665,-0.09611567875350147,0.6415702242080469,0.6363636363636364,0.36363636363636365,0.6363636363636364,0.36363636363636365,7,4,7,4,11,8,11,7,0.45833033323287964,0.05,,,,,,,,,,,0.3671027311954344,0.6771401544518755
1776,train-hard-4gpu-8pod-1vgpu,0.5,0.5,0.3333333333333333,0.5,16.42232909936926,1.8333333333333335,0.16666666666666663,1.0,0.0,1.0,0.0,8,0,8,0,8,4,8,8,0.3401315212249756,0.05,,,,,,,,,,,0.3671027311954344,0.6771401544518755
1777,train-load-0.9-scenario-287-retry-3,0.9,0.8142857142857143,0.8142857142857143,0.42857142857142855,8.416805546743834,0.1134071668614226,0.553259499805244,0.6666666666666666,0.3333333333333333,0.6666666666666666,0.3333333333333333,8,4,8,4,12,7,12,8,0.2630234658718109,0.05,,,,,,,,,,,0.3671027311954344,0.6771401544518755
1778,train-load-0.9-scenario-257,0.9,0.95,0.95,0.475,16.595122296435903,0.4078047712671372,0.5395636497854943,0.7368421052631579,0.2631578947368421,0.7368421052631579,0.2631578947368421,14,5,14,5,19,8,19,14,0.25408831238746643,0.05,,,,,,,,,,,0.3671027311954344,0.6771401544518755
1779,train-load-0.8-scenario-635,0.8,0.68,0.5333333333333333,0.68,18.898446892656644,1.4938523524855831,0.5061476475144169,1.0,0.0,1.0,0.0,11,0,11,0,11,5,11,11,0.3972131311893463,0.05,,,,,,,,,,,0.3671027311954344,0.6771401544518755
1780,train-load-0.7-scenario-596,0.7,0.7097522,0.36461875,0.7097522,9.05098755407732,0.8175551443134447,0.6110162842579839,0.8571428571428571,0.14285714285714285,0.8571428571428571,0.14285714285714285,6,1,6,1,7,5,7,6,0.22567787766456604,0.05,,,,,,,,,,,0.3671027311954344,0.6771401544518755
1781,train-load-0.9-scenario-657-retry-8,0.9,1.0125,0.675,1.0125,2.7338282254620454,-0.3875322667182286,0.8875322667182286,0.625,0.375,0.625,0.375,5,3,5,3,8,4,8,5,0.31925055384635925,0.05,,,,,,,,,,,0.3671027311954344,0.6771401544518755
1782,train-load-0.6-scenario-265,0.6,0.4857142857142857,0.40476190476190477,0.4857142857142857,27.865685850941812,1.625445431573048,0.37455456842695206,1.0,0.0,1.0,0.0,17,0,17,0,17,7,17,17,0.4462846517562866,0.05,,,,,,,,,,,0.3671027311954344,0.6771401544518755
1783,train-load-1.0-scenario-371-retry-5,1.0,0.95,0.8,0.95,16.246271106604798,0.9858617860409646,0.39875359857441994,0.8461538461538461,0.15384615384615385,0.8461538461538461,0.15384615384615385,11,2,11,2,13,6,13,11,0.39264440536499023,0.05,,,,,,,,,,,0.3671027311954344,0.6771401544518755
1784,train-load-0.9-scenario-453,0.9,0.81597025,0.6980658854166667,0.81597025,16.48401037342543,0.6020052494364364,0.6479947505635636,0.8125,0.1875,0.8125,0.1875,13,3,13,3,16,8,16,13,0.431898295879364,0.05,,,,,,,,,,,0.3671027311954344,0.6771401544518755
1785,train-load-0.9-scenario-641-retry-3,0.9,0.9,0.6714285714285714,0.9,7.154923048807647,-0.053238702701556395,0.9623296117924656,0.7272727272727273,0.2727272727272727,0.6428571428571429,0.35714285714285715,8,3,9,5,14,7,11,8,0.6226083636283875,0.05,,,,,,,,,,,0.3671027311954344,0.6771401544518755
1786,train-load-1.0-scenario-219-retry-1,1.0,0.8887154,0.6769195,0.8887154,14.84519644310685,1.2166849650207026,0.38331503497929764,0.9,0.1,0.8333333333333334,0.16666666666666666,9,1,10,2,12,5,10,9,0.36096397042274475,0.05,,,,,,,,,,,0.3671027311954344,0.6771401544518755
1787,train-load-0.7-scenario-276,0.7,0.607036,0.3981820833333333,0.607036,13.246921705836634,1.4499919949569176,0.5500080050430823,1.0,0.0,1.0,0.0,7,0,8,0,8,6,7,7,0.6955023407936096,0.05,,,,,,,,,,,0.3671027311954344,0.6771401544518755
1788,train-load-0.5-scenario-332,0.5,0.42633266666666664,0.20087430555555555,0.42633266666666664,9.26645268730113,1.1953341340456203,0.8046658659543797,1.0,0.0,1.0,0.0,5,0,5,0,5,6,5,5,0.44894111156463623,0.05,,,,,,,,,,,0.3671027311954344,0.6771401544518755
1789,train-load-1.0-scenario-729-retry-7,1.0,1.1,1.0,1.1,3.6680121009804725,-0.221455118217453,0.22145511821745298,0.5,0.5,0.5,0.5,4,4,4,4,8,4,8,4,0.5015958547592163,0.05,,,,,,,,,,,0.3671027311954344,0.6771401544518755
1790,train-load-0.9-scenario-339-retry-5,0.9,1.0,0.6666666666666666,1.0,3.0810633772212226,-0.3386565617645363,0.3386565617645363,0.5,0.5,0.5,0.5,4,4,4,4,8,4,8,4,0.7125909328460693,0.05,,,,,,,,,,,0.3671027311954344,0.6771401544518755
1791,train-load-0.7-scenario-522,0.7,0.5833333333333334,0.3888888888888889,0.5833333333333334,23.494726319076776,1.5851009662034752,0.4148990337965248,1.0,0.0,1.0,0.0,14,0,14,0,14,6,14,14,0.3993886411190033,0.05,,,,,,,,,,,0.3671027311954344,0.6771401544518755
1792,train-load-0.6-scenario-706-retry-1,0.6,0.5120074285714286,0.2853517857142857,0.5120074285714286,11.293583983333555,1.1378861437880303,0.8621138562119697,1.0,0.0,1.0,0.0,7,0,7,0,7,7,7,7,0.7693708539009094,0.05,,,,,,,,,,,0.3671027311954344,0.6771401544518755
1793,train-load-0.9-scenario-148-retry-7,0.9,1.0,0.4,1.0,6.156806151164859,-0.5027091803549997,0.5027091803549997,0.5,0.5,0.5,0.5,8,8,8,8,16,8,16,8,0.45734405517578125,0.05,,,,,,,,,,,0.3671027311954344,0.6771401544518755
1794,train-load-0.7-scenario-505,0.7,0.613401625,0.5676425,0.613401625,14.679440030838606,0.9264373987997765,0.7099262375638596,0.9090909090909091,0.09090909090909091,0.8333333333333334,0.16666666666666666,10,1,10,2,12,8,11,10,0.45134401321411133,0.05,,,,,,,,,,,0.3671027311954344,0.6771401544518755
1795,train-load-0.6-scenario-179,0.6,0.7,0.6111111111111112,0.7,14.508231313776328,1.122628016505499,0.47737198349450116,0.9,0.1,0.9,0.1,9,1,9,1,10,6,10,9,0.3226050138473511,0.05,,,,,,,,,,,0.3671027311954344,0.6771401544518755
1796,train-load-0.5-scenario-473-retry-4,0.5,0.5625,0.45,0.5625,13.6453142874589,1.1752296928434927,0.38032586271206287,0.8888888888888888,0.1111111111111111,0.8888888888888888,0.1111111111111111,8,1,8,1,9,8,9,8,0.4212150573730469,0.05,,,,,,,,,,,0.3671027311954344,0.6771401544518755
1797,train-load-0.5-scenario-198-retry-4,0.5,0.5,0.4,0.5,16.31321267078815,1.7045037859411294,0.2954962140588707,1.0,0.0,1.0,0.0,8,0,16,0,16,8,8,8,0.3272172212600708,0.05,,,,,,,,,,,0.3671027311954344,0.6771401544518755
1798,train-load-0.5-scenario-608,0.5,0.5,0.4444444444444444,0.5,16.90420390341418,1.5846614750169028,0.4153385249830973,1.0,0.0,1.0,0.0,9,0,9,0,9,6,9,9,0.33690789341926575,0.05,,,,,,,,,,,0.3671027311954344,0.6771401544518755
1799,train-load-1.0-scenario-182,1.0,0.96,0.96,0.96,10.369082738987533,0.3988152992906592,0.2678513673760074,0.6666666666666666,0.3333333333333333,0.6666666666666666,0.3333333333333333,8,4,8,4,12,5,12,8,0.10951553285121918,0.05,,,,,,,,,,,0.3671027311954344,0.6771401544518755
1800,train-load-0.6-scenario-698,0.6,0.5278768571428571,0.41153946428571425,0.5278768571428571,14.702259899649459,1.46640425648866,0.5335957435113401,1.0,0.0,1.0,0.0,8,0,9,0,9,7,8,8,0.7703948616981506,0.05,0.3675986806051555,0.5277927023056084,0.723847845727691,0.27615215427230905,0.7107204402801703,0.28927955971982966,0.6629847219158658,0.7016212060907545,0.27834745785648707,0.702845855273907,0.3671027311954344,0.6771401544518755
1801,train-load-0.5-scenario-532,0.5,0.49011985714285716,0.1993025,0.49011985714285716,9.96442330168379,1.3228394891446487,0.6771605108553513,1.0,0.0,1.0,0.0,5,0,6,0,6,7,5,5,0.3256831467151642,0.05,,,,,,,,,,,0.3671027311954344,0.6771401544518755
1802,train-load-0.8-scenario-480,0.8,0.7962605,0.42220593749999996,0.7962605,7.5759608053414,0.6685404746842001,0.6647928586491334,0.8333333333333334,0.16666666666666666,0.8333333333333334,0.16666666666666666,5,1,5,1,6,4,6,5,0.5757942795753479,0.05,,,,,,,,,,,0.3671027311954344,0.6771401544518755
1803,train-load-1.0-scenario-111-retry-1,1.0,0.9124942500000001,0.618420625,0.9124942500000001,4.959738976791318,0.139808646436135,0.7173342107067222,0.7142857142857143,0.2857142857142857,0.625,0.375,5,2,5,3,8,4,7,5,0.679085373878479,0.05,,,,,,,,,,,0.3671027311954344,0.6771401544518755
1804,train-load-0.6-scenario-38,0.6,0.7,0.2916666666666667,0.7,22.07170791455422,1.44112356570397,0.5588764342960298,1.0,0.0,1.0,0.0,14,0,14,0,14,4,14,14,0.6164782047271729,0.05,,,,,,,,,,,0.3671027311954344,0.6771401544518755
1805,train-load-1.0-scenario-539,1.0,0.9140686666666666,0.7707764583333333,0.9140686666666666,14.987094432257766,0.988691384770001,0.34464194856333247,0.8333333333333334,0.16666666666666666,0.7857142857142857,0.21428571428571427,10,2,11,3,14,6,12,10,0.36775732040405273,0.05,,,,,,,,,,,0.3671027311954344,0.6771401544518755
1806,train-load-0.8-scenario-120-retry-1,0.8,0.91,0.68,0.91,9.79496673634165,0.6116510994456557,0.4994600116654554,0.7777777777777778,0.2222222222222222,0.7777777777777778,0.2222222222222222,7,2,7,2,9,5,9,7,0.4367401599884033,0.05,,,,,,,,,,,0.3671027311954344,0.6771401544518755
1807,train-load-0.7-scenario-301,0.7,0.623601875,0.48031276041666665,0.623601875,14.536053007304886,0.9420590945819589,0.6943045417816774,0.9090909090909091,0.09090909090909091,0.9166666666666666,0.08333333333333333,10,1,11,1,12,8,11,10,0.8888763189315796,0.05,,,,,,,,,,,0.3671027311954344,0.6771401544518755
1808,train-load-0.7-scenario-732,0.7,0.6252006666666667,0.5575506944444445,0.6252006666666667,10.158556755107675,0.766037457909216,0.733962542090784,0.875,0.125,0.7777777777777778,0.2222222222222222,7,1,7,2,9,6,8,7,0.5244171023368835,0.05,,,,,,,,,,,0.3671027311954344,0.6771401544518755
1809,train-load-0.7-scenario-22-retry-5,0.7,0.8055555555555556,0.8055555555555556,0.6833333333333333,16.613538065379167,1.29740223926179,0.33896139710184603,0.9090909090909091,0.09090909090909091,0.9090909090909091,0.09090909090909091,10,1,10,1,11,6,11,10,0.3631463646888733,0.05,,,,,,,,,,,0.3671027311954344,0.6771401544518755
1810,train-load-0.9-scenario-473,0.9,0.8297599999999999,0.5424583333333334,0.8297599999999999,7.8526393296199455,0.7732597453993477,0.5600735879339858,0.8333333333333334,0.16666666666666666,0.75,0.25,5,1,6,2,8,4,6,5,0.5511620044708252,0.05,,,,,,,,,,,0.3671027311954344,0.6771401544518755
1811,train-load-0.6-scenario-488,0.6,0.53125,0.53125,0.35,28.32571491670682,1.6124968584958976,0.38750314150410226,1.0,0.0,1.0,0.0,18,0,18,0,18,8,18,18,0.45213091373443604,0.05,,,,,,,,,,,0.3671027311954344,0.6771401544518755
1812,train-load-1.0-scenario-494,1.0,0.8890664285714286,0.8890664285714286,0.8873781428571429,16.532222450347554,0.7325518068869012,0.26744819311309875,0.75,0.25,0.7222222222222222,0.2777777777777778,12,4,13,5,18,7,16,12,0.288576602935791,0.05,,,,,,,,,,,0.3671027311954344,0.6771401544518755
1813,train-load-0.6-scenario-707,0.6,0.59388375,0.30080052083333336,0.59388375,14.417567823384525,1.2400522147147501,0.7599477852852499,1.0,0.0,1.0,0.0,9,0,9,0,9,8,9,9,0.0999302864074707,0.05,,,,,,,,,,,0.3671027311954344,0.6771401544518755
1814,train-load-1.0-scenario-204-retry-1,1.0,1.1111111111111112,1.1111111111111112,0.16666666666666666,1.4182658929408638,-0.7791288085207109,0.7791288085207109,0.5,0.5,0.5,0.5,5,5,5,5,10,6,10,5,0.3786892890930176,0.05,,,,,,,,,,,0.3671027311954344,0.6771401544518755
1815,train-load-0.5-scenario-621,0.5,0.47829425000000003,0.3718151041666667,0.47829425000000003,10.086884797941654,1.3546134467264606,0.6453865532735394,1.0,0.0,1.0,0.0,5,0,5,0,5,4,5,5,0.3223115801811218,0.05,,,,,,,,,,,0.3671027311954344,0.6771401544518755
1816,train-load-0.8-scenario-204-retry-4,0.8,0.85,0.7,0.85,18.6536877460602,0.5456041204237747,0.4543958795762253,0.75,0.25,0.75,0.25,15,5,15,5,20,8,20,15,0.4112216532230377,0.05,,,,,,,,,,,0.3671027311954344,0.6771401544518755
1817,train-load-0.6-scenario-29-retry-2,0.6,0.7,0.7,0.5,12.16633334973775,0.9697359190446265,0.5858196365109289,0.8888888888888888,0.1111111111111111,0.8888888888888888,0.1111111111111111,8,1,8,1,9,6,9,8,0.3948749005794525,0.05,,,,,,,,,,,0.3671027311954344,0.6771401544518755
1818,train-load-0.6-scenario-342,0.6,0.6666666666666666,0.5555555555555556,0.6666666666666666,15.032694137055945,1.1858632394362685,0.4141367605637316,0.9,0.1,0.9,0.1,9,1,9,1,10,6,10,9,0.5539817214012146,0.05,,,,,,,,,,,0.3671027311954344,0.6771401544518755
1819,train-load-0.8-scenario-522-retry-2,0.8,0.8833333333333333,0.4444444444444444,0.8833333333333333,10.632490386445417,0.5989388200626679,0.6010611799373322,0.8,0.2,0.8,0.2,8,2,8,2,10,6,10,8,0.2874664068222046,0.05,,,,,,,,,,,0.3671027311954344,0.6771401544518755
1820,train-load-0.9-scenario-635,0.9,0.9231127499999999,0.4629046875,0.9231127499999999,5.297026835486829,0.17149407657884908,0.6856487805640081,0.7142857142857143,0.2857142857142857,0.7142857142857143,0.2857142857142857,5,2,5,2,7,4,7,5,0.2962579131126404,0.05,,,,,,,,,,,0.3671027311954344,0.6771401544518755
1821,train-load-0.6-scenario-401,0.6,0.7142857142857143,0.2857142857142857,0.7142857142857143,8.426806687881308,0.29204262540084125,0.5079573745991587,0.7,0.3,0.7,0.3,7,3,7,3,10,7,10,7,0.3296215534210205,0.05,,,,,,,,,,,0.3671027311954344,0.6771401544518755
1822,train-load-0.8-scenario-345,0.8,0.6950034285714286,0.5583264285714286,0.6950034285714286,12.950446185842292,0.85411710102188,0.7458828989781202,0.9,0.1,0.8181818181818182,0.18181818181818182,9,1,9,2,11,7,10,9,0.3367636799812317,0.05,,,,,,,,,,,0.3671027311954344,0.6771401544518755
1823,train-load-0.6-scenario-148,0.6,0.5,0.3333333333333333,0.5,23.454724760817353,1.5650527638286198,0.43494723617138015,1.0,0.0,1.0,0.0,14,0,14,0,14,7,14,14,0.3339002728462219,0.05,,,,,,,,,,,0.3671027311954344,0.6771401544518755
1824,train-load-0.8-scenario-594,0.8,0.72501875,0.72501875,0.647019875,17.83379442706645,1.0835382569017806,0.608769435405912,0.9230769230769231,0.07692307692307693,0.8666666666666667,0.13333333333333333,12,1,13,2,15,8,13,12,0.24509567022323608,0.05,,,,,,,,,,,0.3671027311954344,0.6771401544518755
1825,train-load-0.6-scenario-65,0.6,0.6869296666666667,0.24921125,0.6869296666666667,11.353030840470828,1.3473383276222484,0.6526616723777516,1.0,0.0,1.0,0.0,6,0,8,0,8,6,6,6,0.2802349328994751,0.05,,,,,,,,,,,0.3671027311954344,0.6771401544518755
1826,train-load-0.9-scenario-267,0.9,1.0166666666666666,0.5694444444444444,1.0166666666666666,4.0181040950042375,-0.20256497626891612,0.7025649762689161,0.625,0.375,0.45454545454545453,0.5454545454545454,5,3,5,6,11,6,8,5,0.3020198345184326,0.05,,,,,,,,,,,0.3671027311954344,0.6771401544518755
1827,train-load-0.6-scenario-461-retry-2,0.6,0.6875,0.1625,0.6875,8.698669508974167,0.5233461562633952,0.4766538437366047,0.75,0.25,0.6363636363636364,0.36363636363636365,6,2,7,4,11,8,8,6,0.5207438468933105,0.05,,,,,,,,,,,0.3671027311954344,0.6771401544518755
1828,train-load-0.7-scenario-566-retry-2,0.7,0.6642857142857143,0.5,0.6642857142857143,8.914595698436372,0.4598380855134838,0.6512730255976273,0.7777777777777778,0.2222222222222222,0.7777777777777778,0.2222222222222222,7,2,7,2,9,7,9,7,0.3997228741645813,0.05,,,,,,,,,,,0.3671027311954344,0.6771401544518755
1829,train-load-0.6-scenario-695,0.6,0.5553411458333334,0.5553411458333334,0.39832887499999997,17.3120977666294,1.471252493829743,0.5287475061702569,1.0,0.0,1.0,0.0,10,0,11,0,11,8,10,10,0.5399892330169678,0.05,,,,,,,,,,,0.3671027311954344,0.6771401544518755
1830,train-load-0.7-scenario-11,0.7,0.7291775,0.443705,0.7291775,4.854813700458157,0.39712584673400675,0.8028741532659933,0.8,0.2,0.8333333333333334,0.16666666666666666,4,1,5,1,6,4,5,4,0.3695419430732727,0.05,,,,,,,,,,,0.3671027311954344,0.6771401544518755
1831,train-load-0.8-scenario-135,0.8,0.7027925,0.5710402777777778,0.7027925,12.528570644383002,0.8793529843578272,0.7206470156421729,0.9,0.1,0.9,0.1,9,1,9,1,10,6,10,9,0.5589457154273987,0.05,,,,,,,,,,,0.3671027311954344,0.6771401544518755
1832,train-load-1.0-scenario-135-retry-2,1.0,1.0164042,0.5723325,1.0164042,8.124721875056485,0.492498871113643,0.507501128886357,0.75,0.25,0.6,0.4,6,2,6,4,10,5,8,6,0.39992088079452515,0.05,,,,,,,,,,,0.3671027311954344,0.6771401544518755
1833,train-load-0.7-scenario-590-retry-1,0.7,0.8,0.8,0.4,5.392395028900369,0.0640830425536717,0.4359169574463283,0.625,0.375,0.625,0.375,5,3,5,3,8,5,8,5,0.3138296604156494,0.05,,,,,,,,,,,0.3671027311954344,0.6771401544518755
1834,train-load-0.5-scenario-353,0.5,0.5392462499999999,0.5392462499999999,0.362158375,16.032910021717438,1.2602998226077724,0.7397001773922277,1.0,0.0,1.0,0.0,10,0,11,0,11,8,10,10,0.45587822794914246,0.05,,,,,,,,,,,0.3671027311954344,0.6771401544518755
1835,train-load-0.5-scenario-493-retry-1,0.5,0.6,0.6,0.41,15.599910978155503,1.422476299687687,0.577523700312313,1.0,0.0,1.0,0.0,9,0,9,0,9,5,9,9,0.4688984751701355,0.05,,,,,,,,,,,0.3671027311954344,0.6771401544518755
1836,train-load-0.8-scenario-9,0.8,0.8538225,0.4378572916666667,0.8538225,5.253001698600033,0.26052597787972565,0.40614068878694093,0.6666666666666666,0.3333333333333333,0.6666666666666666,0.3333333333333333,4,2,4,2,6,4,6,4,0.4438222646713257,0.05,,,,,,,,,,,0.3671027311954344,0.6771401544518755
1837,train-load-0.9-scenario-697,0.9,0.8715470000000001,0.4916158333333333,0.8715470000000001,6.329833807373827,0.07194326680790109,0.5947233998587655,0.6666666666666666,0.3333333333333333,0.6,0.4,6,3,6,4,10,6,9,6,0.4629516899585724,0.05,,,,,,,,,,,0.3671027311954344,0.6771401544518755
1838,train-load-0.8-scenario-622-retry-2,0.8,0.84375,0.45,0.84375,-2.0752779456595856,-1.3342082388594065,0.6675415721927399,0.3333333333333333,0.6666666666666666,0.3333333333333333,0.6666666666666666,3,6,3,6,9,8,9,3,0.0822259858250618,0.05,,,,,,,,,,,0.3671027311954344,0.6771401544518755
1839,train-load-0.6-scenario-534,0.6,0.675,0.6458333333333334,0.675,0.2507339238708026,-0.9490232443723432,0.7268010221501209,0.4444444444444444,0.5555555555555556,0.4444444444444444,0.5555555555555556,4,5,4,5,9,8,9,4,0.2630259394645691,0.05,,,,,,,,,,,0.3671027311954344,0.6771401544518755
1840,train-load-0.6-scenario-652,0.6,0.5865927142857142,0.5268782738095238,0.5865927142857142,15.726758362833372,1.4010699994066556,0.5989300005933444,1.0,0.0,1.0,0.0,9,0,10,0,10,7,9,9,0.4294986128807068,0.05,,,,,,,,,,,0.3671027311954344,0.6771401544518755
1841,train-load-0.6-scenario-690,0.6,0.6904761904761905,0.6904761904761905,0.39285714285714285,14.99402669793439,1.0017614386578368,0.6346021977057994,0.9090909090909091,0.09090909090909091,0.9090909090909091,0.09090909090909091,10,1,10,1,11,7,11,10,0.3408700227737427,0.05,,,,,,,,,,,0.3671027311954344,0.6771401544518755
1842,train-load-0.5-scenario-313,0.5,0.5833333333333334,0.5833333333333334,0.5,9.3091192799615,0.4751679467407346,0.6359431643703766,0.7777777777777778,0.2222222222222222,0.7777777777777778,0.2222222222222222,7,2,7,2,9,6,9,7,0.33108657598495483,0.05,,,,,,,,,,,0.3671027311954344,0.6771401544518755
1843,train-hard-4gpu-12pod-small,0.375,0.375,0.25,0.375,22.316746824526945,1.875,0.125,1.0,0.0,1.0,0.0,12,0,12,0,12,4,12,12,0.3650280833244324,0.05,,,,,,,,,,,0.3671027311954344,0.6771401544518755
1844,train-load-0.8-scenario-451,0.8,0.6870059999999999,0.31500500000000003,0.6870059999999999,9.90156207057435,1.3337544519479991,0.6662455480520009,1.0,0.0,1.0,0.0,5,0,5,0,5,4,5,5,0.4938187003135681,0.05,,,,,,,,,,,0.3671027311954344,0.6771401544518755
1845,train-load-0.8-scenario-673-retry-1,0.8,0.7291666666666666,0.7291666666666666,0.475,29.676946124275723,1.6141083295093377,0.3858916704906623,1.0,0.0,1.0,0.0,19,0,19,0,19,8,19,19,0.35251784324645996,0.05,,,,,,,,,,,0.3671027311954344,0.6771401544518755
1846,train-load-1.0-scenario-493-retry-5,1.0,0.9285714285714286,0.18571428571428572,0.9285714285714286,4.859402772191482,-0.45453802555176437,0.6083841793979181,0.5384615384615384,0.46153846153846156,0.5384615384615384,0.46153846153846156,7,6,7,6,13,7,13,7,0.18411672115325928,0.05,,,,,,,,,,,0.3671027311954344,0.6771401544518755
1847,train-load-0.8-scenario-514-retry-3,0.8,0.9,0.9,0.825,4.908662980497411,-0.19257778512491142,0.41480000734713374,0.5555555555555556,0.4444444444444444,0.5555555555555556,0.4444444444444444,5,4,5,4,9,4,9,5,0.3450855016708374,0.05,,,,,,,,,,,0.3671027311954344,0.6771401544518755
1848,train-load-0.9-scenario-201-retry-2,0.9,1.0,1.0,0.94,12.270928511660573,0.6563973597137971,0.3436026402862028,0.75,0.25,0.75,0.25,9,3,9,3,12,5,12,9,0.22072890400886536,0.05,,,,,,,,,,,0.3671027311954344,0.6771401544518755
1849,train-load-0.8-scenario-145,0.8,0.7875,0.15625,0.7875,22.029871826602484,1.2722294297849794,0.7277705702150206,1.0,0.0,1.0,0.0,15,0,15,0,15,4,15,15,0.14461137354373932,0.05,,,,,,,,,,,0.3671027311954344,0.6771401544518755
1850,train-load-0.6-scenario-199,0.6,0.5121544,0.3856191666666667,0.5121544,10.43907165350231,1.2015495366184024,0.7984504633815976,1.0,0.0,1.0,0.0,6,0,6,0,6,5,6,6,0.25793197751045227,0.05,,,,,,,,,,,0.3671027311954344,0.6771401544518755
1851,train-load-1.0-scenario-333-retry-2,1.0,0.9400301666666667,0.7445138888888889,0.9400301666666667,10.204060972581185,0.42042342326889626,0.4886674858220129,0.7272727272727273,0.2727272727272727,0.7142857142857143,0.2857142857142857,8,3,10,4,14,6,11,8,0.49147263169288635,0.05,,,,,,,,,,,0.3671027311954344,0.6771401544518755
1852,train-load-0.6-scenario-439,0.6,0.7142857142857143,0.21428571428571427,0.7142857142857143,12.298559598632986,0.8142473315351575,0.7857526684648426,0.9,0.1,0.9,0.1,9,1,9,1,10,7,10,9,0.4541650414466858,0.05,,,,,,,,,,,0.3671027311954344,0.6771401544518755
1853,train-load-0.8-scenario-149-retry-4,0.8,0.88,0.32,0.88,8.390547401291684,0.29068135311844523,0.5093186468815547,0.7,0.3,0.7,0.3,7,3,7,3,10,5,10,7,0.4244117736816406,0.05,,,,,,,,,,,0.3671027311954344,0.6771401544518755
1854,train-load-0.6-scenario-310,0.6,0.5406945000000001,0.43960437500000005,0.5406945000000001,11.125133276425963,1.489389585135798,0.5106104148642019,1.0,0.0,1.0,0.0,5,0,5,0,5,4,5,5,0.3008521497249603,0.05,,,,,,,,,,,0.3671027311954344,0.6771401544518755
1855,train-load-0.5-scenario-452-retry-2,0.5,0.525,0.2916666666666667,0.525,19.50277857998544,1.4236043491623496,0.5763956508376504,1.0,0.0,1.0,0.0,12,0,12,0,12,6,12,12,0.426655650138855,0.05,,,,,,,,,,,0.3671027311954344,0.6771401544518755
1856,train-load-0.8-scenario-342,0.8,0.6964827499999999,0.33656125000000003,0.6964827499999999,11.065212311768263,0.796108873685491,0.7594466818700644,0.8888888888888888,0.1111111111111111,0.9090909090909091,0.09090909090909091,8,1,10,1,11,8,9,8,0.30279895663261414,0.05,,,,,,,,,,,0.3671027311954344,0.6771401544518755
1857,train-load-0.5-scenario-505,0.5,0.5087610714285714,0.5087610714285714,0.4121417142857142,11.12839153371166,1.3244658879785565,0.6755341120214435,1.0,0.0,1.0,0.0,6,0,9,0,9,7,6,6,0.42283767461776733,0.05,,,,,,,,,,,0.3671027311954344,0.6771401544518755
1858,train-load-0.6-scenario-647,0.6,0.6400037999999999,0.4135455,0.6400037999999999,8.665470636167388,1.340837823897305,0.6591621761026949,1.0,0.0,1.0,0.0,4,0,7,0,7,5,4,4,0.20518511533737183,0.05,,,,,,,,,,,0.3671027311954344,0.6771401544518755
1859,train-load-0.8-scenario-263-retry-6,0.8,0.8833333333333333,0.7333333333333333,0.8833333333333333,6.567204174487127,0.10875096009103025,0.29124903990896966,0.6,0.4,0.6,0.4,6,4,6,4,10,6,10,6,0.28395748138427734,0.05,,,,,,,,,,,0.3671027311954344,0.6771401544518755
1860,train-load-0.7-scenario-41-retry-1,0.7,0.6,0.48,0.6,20.686387804526657,1.5850254904969017,0.41497450950309833,1.0,0.0,1.0,0.0,12,0,12,0,12,5,12,12,0.16917988657951355,0.05,,,,,,,,,,,0.3671027311954344,0.6771401544518755
1861,train-load-0.7-scenario-392,0.7,0.75,0.75,0.75,10.183683630732205,0.3340266282796026,0.3326400383870641,0.6666666666666666,0.3333333333333333,0.6666666666666666,0.3333333333333333,8,4,8,4,12,8,12,8,0.1605602651834488,0.05,,,,,,,,,,,0.3671027311954344,0.6771401544518755
1862,train-load-0.7-scenario-666,0.7,0.6494506250000001,0.43613156250000007,0.6494506250000001,13.459274856961809,0.9545283207812088,0.6454716792187912,0.9,0.1,0.8181818181818182,0.18181818181818182,9,1,9,2,11,8,10,9,0.371796190738678,0.05,,,,,,,,,,,0.3671027311954344,0.6771401544518755
1863,train-load-0.9-scenario-45-retry-3,0.9,0.85,0.2125,0.85,16.29225141819436,0.5894866461868294,0.4693368832249351,0.7647058823529411,0.23529411764705882,0.7647058823529411,0.23529411764705882,13,4,13,4,17,4,17,13,0.24640338122844696,0.05,,,,,,,,,,,0.3671027311954344,0.6771401544518755
1864,train-load-0.7-scenario-289-retry-5,0.7,0.8,0.8,0.5,8.818126473637758,0.5933855586237078,0.40661444137629227,0.75,0.25,0.75,0.25,6,2,12,4,16,8,8,6,0.34774959087371826,0.05,,,,,,,,,,,0.3671027311954344,0.6771401544518755
1865,train-load-0.6-scenario-508-retry-1,0.6,0.65,0.65,0.3375,19.408907175687183,1.412855450031758,0.587144549968242,1.0,0.0,1.0,0.0,12,0,15,0,15,8,12,12,0.2500152289867401,0.05,,,,,,,,,,,0.3671027311954344,0.6771401544518755
1866,train-load-1.0-scenario-597-retry-6,1.0,1.0857142857142856,0.6428571428571429,1.0857142857142856,-2.174637173770262,-1.3694855628894251,0.5694855628894252,0.3,0.7,0.42857142857142855,0.5714285714285714,3,7,6,8,14,7,10,3,0.21189875900745392,0.05,,,,,,,,,,,0.3671027311954344,0.6771401544518755
1867,train-load-0.9-scenario-605,0.9,0.8131562,0.7797777499999999,0.8131562,12.045069786092075,0.6513096745344745,0.6214175981927984,0.8181818181818182,0.18181818181818182,0.8181818181818182,0.18181818181818182,9,2,9,2,11,5,11,9,0.3472483158111572,0.05,,,,,,,,,,,0.3671027311954344,0.6771401544518755
1868,train-load-0.8-scenario-585,0.8,0.7,0.7,0.7,22.551032622448066,1.199215979864284,0.550784020135716,0.9375,0.0625,0.9375,0.0625,15,1,15,1,16,8,16,15,0.3189396262168884,0.05,,,,,,,,,,,0.3671027311954344,0.6771401544518755
1869,train-load-0.5-scenario-184,0.5,0.4784528571428572,0.3394457142857143,0.4784528571428572,11.14214611942411,1.3117935591396563,0.6882064408603437,1.0,0.0,1.0,0.0,6,0,7,0,7,7,6,6,0.4136860966682434,0.05,,,,,,,,,,,0.3671027311954344,0.6771401544518755
1870,train-load-0.6-scenario-292,0.6,0.567256,0.35037135416666665,0.567256,9.911315437181322,1.3487732447165572,0.6512267552834426,1.0,0.0,1.0,0.0,5,0,5,0,5,4,5,5,0.2756856381893158,0.05,,,,,,,,,,,0.3671027311954344,0.6771401544518755
1871,train-load-0.6-scenario-625,0.6,0.72,0.36,0.72,12.573744473757873,0.9969081824010427,0.5586473731545127,0.8888888888888888,0.1111111111111111,0.8888888888888888,0.1111111111111111,8,1,8,1,9,5,9,8,0.3790619373321533,0.05,,,,,,,,,,,0.3671027311954344,0.6771401544518755
1872,train-load-0.8-scenario-653,0.8,0.6905208333333333,0.6905208333333333,0.6714341428571429,17.133546170403392,1.168106539657719,0.49856012700894736,0.9166666666666666,0.08333333333333333,0.9230769230769231,0.07692307692307693,11,1,12,1,13,7,12,11,0.18617014586925507,0.05,,,,,,,,,,,0.3671027311954344,0.6771401544518755
1873,train-load-1.0-scenario-672-retry-4,1.0,1.0,0.05,1.0,3.043872691440036,-0.6402064894574916,0.6402064894574916,0.5,0.5,0.5,0.5,6,6,6,6,12,6,12,6,0.35973459482192993,0.05,,,,,,,,,,,0.3671027311954344,0.6771401544518755
1874,train-load-0.6-scenario-447-retry-1,0.6,0.6666666666666666,0.6666666666666666,0.5,16.21068574573188,1.708317692902664,0.29168230709733595,1.0,0.0,1.0,0.0,8,0,16,0,16,8,8,8,0.2189544141292572,0.05,,,,,,,,,,,0.3671027311954344,0.6771401544518755
1875,train-load-0.8-scenario-394-retry-4,0.8,0.9166666666666666,0.7333333333333333,0.9166666666666666,6.019975877644937,-0.16039371677917647,0.34221189859735823,0.5454545454545454,0.45454545454545453,0.5454545454545454,0.45454545454545453,6,5,6,5,11,6,11,6,0.2668052017688751,0.05,,,,,,,,,,,0.3671027311954344,0.6771401544518755
1876,train-load-0.9-scenario-743-retry-1,0.9,1.0,1.0,0.8,4.117388590515292,-0.3589000610620763,0.3589000610620763,0.5,0.5,0.5,0.5,5,5,5,5,10,5,10,5,0.4170413315296173,0.05,,,,,,,,,,,0.3671027311954344,0.6771401544518755
1877,train-hard-4gpu-4pod-1vgpu,0.25,0.25,0.16666666666666666,0.25,11.544497883017963,1.9166666666666665,0.08333333333333337,1.0,0.0,1.0,0.0,4,0,4,0,4,4,4,4,0.3062477707862854,0.05,,,,,,,,,,,0.3671027311954344,0.6771401544518755
1878,train-load-0.9-scenario-627-retry-3,0.9,1.0,1.0,0.42,6.820157196099678,0.19536655360936694,0.4713001130572997,0.6666666666666666,0.3333333333333333,0.6666666666666666,0.3333333333333333,6,3,6,3,9,5,9,6,0.2420368492603302,0.05,,,,,,,,,,,0.3671027311954344,0.6771401544518755
1879,train-load-1.0-scenario-325-retry-8,1.0,1.0,0.6666666666666666,1.0,15.862798389099167,-8.24900099862802e-05,0.5000824900099863,0.625,0.375,0.625,0.375,15,9,15,9,24,6,24,15,0.21216487884521484,0.05,,,,,,,,,,,0.3671027311954344,0.6771401544518755
1880,train-load-0.9-scenario-351-retry-1,0.9,0.8666666666666667,0.8666666666666667,0.21666666666666667,17.203556181460527,1.0766781268716503,0.6156295654360423,0.9230769230769231,0.07692307692307693,0.9230769230769231,0.07692307692307693,12,1,12,1,13,6,13,12,0.16093504428863525,0.05,,,,,,,,,,,0.3671027311954344,0.6771401544518755
1881,train-load-1.0-scenario-711-retry-1,1.0,1.0833333333333333,1.0333333333333334,1.0833333333333333,-1.3828131514202946,-1.2106706296541065,0.5440039629874398,0.3333333333333333,0.6666666666666666,0.42857142857142855,0.5714285714285714,3,6,6,8,14,6,9,3,0.26483672857284546,0.05,,,,,,,,,,,0.3671027311954344,0.6771401544518755
1882,train-load-0.7-scenario-632,0.7,0.6421453333333333,0.45828541666666667,0.6421453333333333,14.89646950851244,1.5096736611911332,0.4903263388088669,1.0,0.0,1.0,0.0,8,0,9,0,9,6,8,8,0.393530011177063,0.05,,,,,,,,,,,0.3671027311954344,0.6771401544518755
1883,train-hard-4gpu-8pod-1vgpu,0.5,0.5,0.3333333333333333,0.5,16.42232909936926,1.8333333333333335,0.16666666666666663,1.0,0.0,1.0,0.0,8,0,8,0,8,4,8,8,0.30604544281959534,0.05,,,,,,,,,,,0.3671027311954344,0.6771401544518755
1884,train-load-0.9-scenario-368-retry-1,0.9,0.9911385,0.525284375,0.9911385,1.0302112574980273,-0.3978767934844144,0.7978767934844143,0.6,0.4,0.5,0.5,3,2,4,4,8,4,5,3,0.21299099922180176,0.05,,,,,,,,,,,0.3671027311954344,0.6771401544518755
1885,train-load-0.8-scenario-499,0.8,0.8695512857142856,0.6126916666666666,0.8695512857142856,14.3892299449818,0.9375901086016385,0.6987735277619977,0.9090909090909091,0.09090909090909091,0.8333333333333334,0.16666666666666666,10,1,10,2,12,7,11,10,0.44478172063827515,0.05,,,,,,,,,,,0.3671027311954344,0.6771401544518755
1886,train-load-0.7-scenario-511,0.7,0.7074517142857143,0.33590059523809523,0.7074517142857143,10.830360108827072,0.8935443549764219,0.6064556450235782,0.875,0.125,0.7777777777777778,0.2222222222222222,7,1,7,2,9,7,8,7,0.2826557755470276,0.05,,,,,,,,,,,0.3671027311954344,0.6771401544518755
1887,train-load-0.5-scenario-656-retry-2,0.5,0.575,0.575,0.5,15.622364956545654,1.5988722500238355,0.4011277499761644,1.0,0.0,1.0,0.0,8,0,8,0,8,4,8,8,0.426711767911911,0.05,,,,,,,,,,,0.3671027311954344,0.6771401544518755
1888,train-load-0.5-scenario-138-retry-4,0.5,0.5833333333333334,0.5833333333333334,0.4375,23.245063090976807,1.5292053998120634,0.4707946001879366,1.0,0.0,1.0,0.0,14,0,14,0,14,8,14,14,0.2906467914581299,0.05,,,,,,,,,,,0.3671027311954344,0.6771401544518755
1889,train-load-0.9-scenario-213,0.9,0.85,0.85,0.6625,8.885319898508094,0.5998646891891601,0.40013531081083986,0.75,0.25,0.7777777777777778,0.2222222222222222,6,2,7,2,9,4,8,6,0.29073357582092285,0.05,,,,,,,,,,,0.3671027311954344,0.6771401544518755
1890,train-load-0.6-scenario-580,0.6,0.6,0.5277777777777778,0.6,15.701065565180176,1.4070924589077651,0.5929075410922349,1.0,0.0,1.0,0.0,9,0,9,0,9,6,9,9,0.3708544373512268,0.05,,,,,,,,,,,0.3671027311954344,0.6771401544518755
1891,train-load-0.5-scenario-418-retry-5,0.5,0.5833333333333334,0.25,0.5833333333333334,17.680321844510022,1.5168120648810857,0.4831879351189143,1.0,0.0,1.0,0.0,10,0,10,0,10,6,10,10,0.22662615776062012,0.05,,,,,,,,,,,0.3671027311954344,0.6771401544518755
1892,train-load-0.9-scenario-212-retry-1,0.9,0.8487858333333334,0.53254375,0.8487858333333334,10.206100713796996,0.5439606129879287,0.6560393870120713,0.8,0.2,0.8181818181818182,0.18181818181818182,8,2,9,2,11,6,10,8,0.29169410467147827,0.05,,,,,,,,,,,0.3671027311954344,0.6771401544518755
1893,train-load-0.6-scenario-370-retry-1,0.6,0.5,0.5,0.5,30.65863470977834,1.5041663889804475,0.4958336110195525,1.0,0.0,1.0,0.0,20,0,20,0,20,8,20,20,0.2787904441356659,0.05,,,,,,,,,,,0.3671027311954344,0.6771401544518755
1894,train-load-1.0-scenario-710-retry-1,1.0,0.8819298,0.609025,0.8819298,10.757142529042962,0.8976773363867652,0.6023226636132348,0.875,0.125,0.8,0.2,7,1,8,2,10,5,8,7,0.38648396730422974,0.05,,,,,,,,,,,0.3671027311954344,0.6771401544518755
1895,train-load-0.8-scenario-71,0.8,0.7177745,0.6118281250000001,0.7177745,9.0565037859899,0.9391173705871123,0.39421596274622117,0.8333333333333334,0.16666666666666666,0.8571428571428571,0.14285714285714285,5,1,6,1,7,4,6,5,0.3532381057739258,0.05,,,,,,,,,,,0.3671027311954344,0.6771401544518755
1896,train-load-0.8-scenario-57-retry-10,0.8,0.9166666666666666,0.9166666666666666,0.4583333333333333,5.230454234599313,-0.22228845997302826,0.40410664179121,0.5454545454545454,0.45454545454545453,0.5454545454545454,0.45454545454545453,6,5,6,5,11,6,11,6,0.38690638542175293,0.05,,,,,,,,,,,0.3671027311954344,0.6771401544518755
1897,train-load-0.5-scenario-515,0.5,0.4857142857142857,0.47619047619047616,0.4857142857142857,11.7896334911153,0.992521974136864,0.507478025863136,0.875,0.125,0.875,0.125,7,1,7,1,8,7,8,7,0.33922550082206726,0.05,,,,,,,,,,,0.3671027311954344,0.6771401544518755
1898,train-load-0.5-scenario-102,0.5,0.592827,0.29249097222222226,0.592827,9.453961741656034,1.256971756030099,0.743028243969901,1.0,0.0,1.0,0.0,5,0,7,0,7,6,5,5,0.46957632899284363,0.05,,,,,,,,,,,0.3671027311954344,0.6771401544518755
1899,train-load-0.6-scenario-37,0.6,0.5689685,0.33988541666666666,0.5689685,15.346550382422947,1.3469465779154612,0.6530534220845388,1.0,0.0,1.0,0.0,9,0,10,0,10,8,9,9,0.1386519968509674,0.05,,,,,,,,,,,0.3671027311954344,0.6771401544518755
1900,train-load-0.7-scenario-336,0.7,0.6,0.6,0.48,22.39089900011674,1.4922612453666568,0.5077387546333432,1.0,0.0,1.0,0.0,14,0,14,0,14,5,14,14,0.4574856758117676,0.05,0.35896804374824093,0.5320443043643849,0.7227530870281565,0.2772469129718435,0.708588877604529,0.29141112239547096,0.6421511671244959,0.6630086543168822,0.28239881055292765,0.703801445958879,0.3671027311954344,0.6771401544518755
1901,train-load-0.6-scenario-713,0.6,0.66717775,0.2650421875,0.66717775,7.7927117130143095,1.1935800133344538,0.8064199866655463,1.0,0.0,1.0,0.0,4,0,5,0,5,4,4,4,0.12133023142814636,0.05,,,,,,,,,,,0.3671027311954344,0.6771401544518755
1902,train-load-0.6-scenario-112,0.6,0.550979125,0.5414846875,0.550979125,19.339843916572175,1.585722782975435,0.414277217024565,1.0,0.0,1.0,0.0,11,0,12,0,12,8,11,11,0.19348934292793274,0.05,,,,,,,,,,,0.3671027311954344,0.6771401544518755
1903,train-load-0.7-scenario-184,0.7,0.8,0.3333333333333333,0.8,7.8576380205519225,0.4934776682411939,0.5065223317588061,0.75,0.25,0.75,0.25,6,2,6,2,8,6,8,6,0.3487890362739563,0.05,,,,,,,,,,,0.3671027311954344,0.6771401544518755
1904,train-load-0.8-scenario-208,0.8,0.7208695,0.7208695,0.6775327999999999,12.724079210267881,1.0457626505412363,0.5097929050143193,0.8888888888888888,0.1111111111111111,0.9,0.1,8,1,9,1,10,5,9,8,0.3379526138305664,0.05,,,,,,,,,,,0.3671027311954344,0.6771401544518755
1905,train-load-0.5-scenario-13-retry-1,0.5,0.5833333333333334,0.43333333333333335,0.5833333333333334,17.06644148065336,1.4498019805395366,0.5501980194604635,1.0,0.0,1.0,0.0,10,0,10,0,10,6,10,10,0.41138026118278503,0.05,,,,,,,,,,,0.3671027311954344,0.6771401544518755
1906,train-load-0.8-scenario-460,0.8,0.691190625,0.6692515625,0.691190625,16.261102197619564,0.6003151041740942,0.8663515624925726,0.8666666666666667,0.13333333333333333,0.8666666666666667,0.13333333333333333,13,2,13,2,15,8,15,13,0.3177342414855957,0.05,,,,,,,,,,,0.3671027311954344,0.6771401544518755
1907,train-hard-4gpu-12pod-small,0.375,0.375,0.25,0.375,22.316746824526945,1.875,0.125,1.0,0.0,1.0,0.0,12,0,12,0,12,4,12,12,0.15724343061447144,0.05,,,,,,,,,,,0.3671027311954344,0.6771401544518755
1908,train-load-0.7-scenario-516,0.7,0.5857142857142857,0.38095238095238093,0.5857142857142857,29.331294285227703,1.494990529359884,0.5050094706401161,1.0,0.0,1.0,0.0,19,0,19,0,19,7,19,19,0.400558739900589,0.05,,,,,,,,,,,0.3671027311954344,0.6771401544518755
1909,train-load-1.0-scenario-543-retry-1,1.0,0.89445325,0.5843489583333333,0.89445325,14.186357299280049,0.635426893700429,0.7491884909149555,0.8461538461538461,0.15384615384615385,0.8125,0.1875,11,2,13,3,16,8,13,11,0.22122929990291595,0.05,,,,,,,,,,,0.3671027311954344,0.6771401544518755
1910,train-load-0.8-scenario-353-retry-4,0.8,0.9166666666666666,0.9166666666666666,0.55,10.652348643697783,0.5404069559884672,0.36868395310244195,0.7272727272727273,0.2727272727272727,0.7272727272727273,0.2727272727272727,8,3,8,3,11,8,11,8,0.30352526903152466,0.05,,,,,,,,,,,0.3671027311954344,0.6771401544518755
1911,train-load-0.5-scenario-576-retry-3,0.5,0.45714285714285713,0.45714285714285713,0.11428571428571428,12.994513910052145,1.205361383928902,0.7946386160710981,1.0,0.0,1.0,0.0,8,0,8,0,8,7,8,8,0.4572694003582001,0.05,,,,,,,,,,,0.3671027311954344,0.6771401544518755
1912,train-load-0.8-scenario-313,0.8,0.8960181666666667,0.5325354166666666,0.8960181666666667,11.346363923781468,0.8197078741766924,0.735847681378863,0.8888888888888888,0.1111111111111111,0.8181818181818182,0.18181818181818182,8,1,9,2,11,6,9,8,0.42717671394348145,0.05,,,,,,,,,,,0.3671027311954344,0.6771401544518755
1913,train-load-0.5-scenario-55-retry-1,0.5,0.5714285714285714,0.5714285714285714,0.2857142857142857,12.062007491009886,1.118425180390639,0.381574819609361,0.875,0.125,0.875,0.125,7,1,7,1,8,7,8,7,0.35665151476860046,0.05,,,,,,,,,,,0.3671027311954344,0.6771401544518755
1914,train-load-1.0-scenario-217-retry-2,1.0,0.95,0.475,0.95,4.489518183058659,-0.5659382215386584,0.41209206769250456,0.46153846153846156,0.5384615384615384,0.46153846153846156,0.5384615384615384,6,7,6,7,13,8,13,6,0.32926177978515625,0.05,,,,,,,,,,,0.3671027311954344,0.6771401544518755
1915,train-load-0.5-scenario-530,0.5,0.43794675,0.350445,0.43794675,9.814250522075906,1.346969667756336,0.6530303322436638,1.0,0.0,1.0,0.0,5,0,5,0,5,4,5,5,0.2611299753189087,0.05,,,,,,,,,,,0.3671027311954344,0.6771401544518755
1916,train-load-0.5-scenario-367-retry-4,0.5,0.42857142857142855,0.08928571428571429,0.42857142857142855,22.829868425963628,1.3019763360675103,0.6980236639324897,1.0,0.0,1.0,0.0,15,0,15,0,15,7,15,15,0.26137349009513855,0.05,,,,,,,,,,,0.3671027311954344,0.6771401544518755
1917,train-load-1.0-scenario-306-retry-1,1.0,1.05,1.05,0.6,22.315264720181986,0.76515560351355,0.4729396345816881,0.8095238095238095,0.19047619047619047,0.7333333333333333,0.26666666666666666,17,4,22,8,30,8,21,17,0.11273126304149628,0.05,,,,,,,,,,,0.3671027311954344,0.6771401544518755
1918,train-load-0.5-scenario-72,0.5,0.44732976190476187,0.44732976190476187,0.43013942857142856,11.802132955733779,1.2146935755526616,0.7853064244473384,1.0,0.0,1.0,0.0,7,0,8,0,8,7,7,7,0.3249843120574951,0.05,,,,,,,,,,,0.3671027311954344,0.6771401544518755
1919,train-load-0.7-scenario-500,0.7,0.6201926666666666,0.5352495833333334,0.6201926666666666,6.964551721274917,0.4119182331423211,1.0166531954291074,0.8571428571428571,0.14285714285714285,0.7777777777777778,0.2222222222222222,6,1,7,2,9,6,7,6,0.28698989748954773,0.05,,,,,,,,,,,0.3671027311954344,0.6771401544518755
1920,train-load-0.5-scenario-734,0.5,0.452058,0.31479833333333335,0.452058,10.85178780030974,1.427353928480356,0.572646071519644,1.0,0.0,1.0,0.0,5,0,5,0,5,5,5,5,0.39301973581314087,0.05,,,,,,,,,,,0.3671027311954344,0.6771401544518755
1921,train-load-0.8-scenario-689-retry-3,0.8,0.875,0.875,0.6125,10.913034641866192,0.18123646157259998,0.6759063955702572,0.7142857142857143,0.2857142857142857,0.7142857142857143,0.2857142857142857,10,4,10,4,14,8,14,10,0.27762821316719055,0.05,,,,,,,,,,,0.3671027311954344,0.6771401544518755
1922,train-load-0.8-scenario-300-retry-2,0.8,0.8,0.8,0.5,20.1623822601424,1.0402003299295604,0.4597996700704397,0.875,0.125,0.875,0.125,14,2,14,2,16,8,16,14,0.4507027268409729,0.05,,,,,,,,,,,0.3671027311954344,0.6771401544518755
1923,train-load-0.6-scenario-422,0.6,0.5611717857142857,0.5611717857142857,0.5319962857142857,13.763544854282555,1.3235489083136989,0.6764510916863011,1.0,0.0,1.0,0.0,8,0,10,0,10,7,8,8,0.21461667120456696,0.05,,,,,,,,,,,0.3671027311954344,0.6771401544518755
1924,train-load-0.9-scenario-222,0.9,1.0,0.05,1.0,-6.837113663152667,-2.2790378877175557,0.2790378877175555,0.0,1.0,0.0,1.0,0,8,0,8,8,8,8,0,0.18444578349590302,0.05,,,,,,,,,,,0.3671027311954344,0.6771401544518755
1925,train-load-0.9-scenario-286,0.9,0.8003378,0.5749141666666666,0.8003378,9.549048347397845,0.41259831271135206,0.787401687288648,0.8,0.2,0.8,0.2,8,2,8,2,10,5,10,8,0.3342200517654419,0.05,,,,,,,,,,,0.3671027311954344,0.6771401544518755
1926,train-load-0.9-scenario-95,0.9,1.0139346666666667,0.5429065972222222,1.0139346666666667,11.702942932493858,0.5407740855406883,0.7319531871865845,0.8181818181818182,0.18181818181818182,0.6923076923076923,0.3076923076923077,9,2,9,4,13,6,11,9,0.44232112169265747,0.05,,,,,,,,,,,0.3671027311954344,0.6771401544518755
1927,train-load-0.7-scenario-139-retry-1,0.7,0.5833333333333334,0.3888888888888889,0.5833333333333334,23.402338282470232,1.575325354553097,0.42467464544690314,1.0,0.0,1.0,0.0,14,0,14,0,14,6,14,14,0.3168483078479767,0.05,,,,,,,,,,,0.3671027311954344,0.6771401544518755
1928,train-load-0.5-scenario-222-retry-3,0.5,0.4,0.3333333333333333,0.4,23.113008050328908,1.4886823174380128,0.5113176825619872,1.0,0.0,1.0,0.0,14,0,14,0,14,7,14,14,0.2474186271429062,0.05,,,,,,,,,,,0.3671027311954344,0.6771401544518755
1929,train-load-0.7-scenario-356,0.7,0.75,0.25,0.75,22.74072216060278,1.354931997773822,0.645068002226178,1.0,0.0,1.0,0.0,15,0,15,0,15,5,15,15,0.21502640843391418,0.05,,,,,,,,,,,0.3671027311954344,0.6771401544518755
1930,train-load-0.7-scenario-205,0.7,0.6015771428571428,0.2371025,0.6015771428571428,10.269388426720594,1.1742003085959551,0.8257996914040449,1.0,0.0,1.0,0.0,6,0,7,0,7,7,6,6,0.335041344165802,0.05,,,,,,,,,,,0.3671027311954344,0.6771401544518755
1931,train-load-0.7-scenario-448,0.7,0.740136,0.6388389999999999,0.740136,12.657553214005564,0.9755205203045328,0.5800350352510226,0.8888888888888888,0.1111111111111111,0.8,0.2,8,1,8,2,10,5,9,8,0.34187865257263184,0.05,,,,,,,,,,,0.3671027311954344,0.6771401544518755
1932,train-load-0.9-scenario-166-retry-3,0.9,1.0,0.25,1.0,-6.682372845967441,-2.2274576153224803,0.22745761532248032,0.0,1.0,0.0,1.0,0,8,0,8,8,8,8,0,0.30719807744026184,0.05,,,,,,,,,,,0.3671027311954344,0.6771401544518755
1933,train-load-0.6-scenario-190,0.6,0.6008150000000001,0.28488125,0.6008150000000001,11.247097069514059,1.4057488900559647,0.5942511099440353,1.0,0.0,1.0,0.0,6,0,6,0,6,5,6,6,0.302725613117218,0.05,,,,,,,,,,,0.3671027311954344,0.6771401544518755
1934,train-load-0.8-scenario-633,0.8,0.7095452380952382,0.7095452380952382,0.6209634285714286,12.838618671017473,0.767249534825802,0.5054777379014707,0.8181818181818182,0.18181818181818182,0.75,0.25,9,2,9,3,12,7,11,9,0.30473262071609497,0.05,,,,,,,,,,,0.3671027311954344,0.6771401544518755
1935,train-load-0.7-scenario-373-retry-1,0.7,0.65,0.65,0.4,10.557339839252608,0.5545908479681781,0.6454091520318219,0.8,0.2,0.8,0.2,8,2,8,2,10,8,10,8,0.2689855098724365,0.05,,,,,,,,,,,0.3671027311954344,0.6771401544518755
1936,train-load-0.6-scenario-212,0.6,0.6623542,0.28326549999999995,0.6623542,10.990594125269254,1.294043838548437,0.705956161451563,1.0,0.0,1.0,0.0,6,0,6,0,6,5,6,6,0.4289838671684265,0.05,,,,,,,,,,,0.3671027311954344,0.6771401544518755
1937,train-load-0.5-scenario-680,0.5,0.4522458333333333,0.21160166666666666,0.4522458333333333,9.177618950361152,1.1798302577331143,0.8201697422668857,1.0,0.0,1.0,0.0,5,0,5,0,5,6,5,5,0.19862957298755646,0.05,,,,,,,,,,,0.3671027311954344,0.6771401544518755
1938,train-load-0.7-scenario-359-retry-5,0.7,0.75,0.5625,0.75,22.897104932639255,1.4241052330191175,0.3092281003142159,0.9333333333333333,0.06666666666666667,0.9,0.1,14,1,18,2,20,8,15,14,0.3022071123123169,0.05,,,,,,,,,,,0.3671027311954344,0.6771401544518755
1939,train-load-0.7-scenario-175,0.7,0.6400231666666667,0.43209583333333335,0.6400231666666667,10.094638702630228,1.1883695151458462,0.8116304848541538,1.0,0.0,1.0,0.0,6,0,8,0,8,6,6,6,0.353520005941391,0.05,,,,,,,,,,,0.3671027311954344,0.6771401544518755
1940,train-load-0.6-scenario-493,0.6,0.548765,0.3344375,0.548765,10.571002674945003,1.2413571159096646,0.7586428840903354,1.0,0.0,1.0,0.0,6,0,6,0,6,5,6,6,0.14693287014961243,0.05,,,,,,,,,,,0.3671027311954344,0.6771401544518755
1941,train-load-0.7-scenario-177,0.7,0.8,0.4666666666666667,0.8,2.768405356818016,-0.4704740465448902,0.4704740465448902,0.5,0.5,0.5,0.5,4,4,4,4,8,6,8,4,0.4206920266151428,0.05,,,,,,,,,,,0.3671027311954344,0.6771401544518755
1942,train-load-0.5-scenario-662,0.5,0.5528143999999999,0.2585441666666667,0.5528143999999999,5.549122461830642,0.5222836769606182,0.6777163230393819,0.8,0.2,0.8,0.2,4,1,4,1,5,5,5,4,0.3520151972770691,0.05,,,,,,,,,,,0.3671027311954344,0.6771401544518755
1943,train-load-0.5-scenario-485-retry-4,0.5,0.5833333333333334,0.5833333333333334,0.375,17.73901306643291,1.5476888135135276,0.4523111864864724,1.0,0.0,1.0,0.0,10,0,10,0,10,6,10,10,0.24010536074638367,0.05,,,,,,,,,,,0.3671027311954344,0.6771401544518755
1944,train-hard-4gpu-8pod-1vgpu,0.5,0.5,0.3333333333333333,0.5,16.42232909936926,1.8333333333333335,0.16666666666666663,1.0,0.0,1.0,0.0,8,0,8,0,8,4,8,8,0.39049816131591797,0.05,,,,,,,,,,,0.3671027311954344,0.6771401544518755
1945,train-load-0.7-scenario-160,0.7,0.6298945,0.6298945,0.6131576,12.25283596587179,0.931925323632936,0.6236302319226195,0.8888888888888888,0.1111111111111111,0.8888888888888888,0.1111111111111111,8,1,8,1,9,5,9,8,0.20277217030525208,0.05,,,,,,,,,,,0.3671027311954344,0.6771401544518755
1946,train-load-1.0-scenario-655-retry-1,1.0,0.9347875000000001,0.9347875000000001,0.8275166,6.5160010763757565,-0.13197656252768075,0.6774311079822262,0.6363636363636364,0.36363636363636365,0.5833333333333334,0.4166666666666667,7,4,7,5,12,5,11,7,0.1926499307155609,0.05,,,,,,,,,,,0.3671027311954344,0.6771401544518755
1947,train-load-0.8-scenario-470,0.8,0.68999,0.68999,0.5674547999999999,16.75060538680448,1.6400925217215852,0.35990747827841496,1.0,0.0,1.0,0.0,9,0,9,0,9,5,9,9,0.31636327505111694,0.05,,,,,,,,,,,0.3671027311954344,0.6771401544518755
1948,train-load-0.8-scenario-366-retry-1,0.8,0.9,0.9,0.72,4.759970215345418,-0.1571412910229848,0.3793635132452071,0.5555555555555556,0.4444444444444444,0.5555555555555556,0.4444444444444444,5,4,5,4,9,5,9,5,0.31814324855804443,0.05,,,,,,,,,,,0.3671027311954344,0.6771401544518755
1949,train-load-0.5-scenario-156,0.5,0.45343266666666665,0.3171485416666667,0.45343266666666665,9.36828795914677,1.2121513467244471,0.7878486532755529,1.0,0.0,1.0,0.0,5,0,5,0,5,6,5,5,0.33626416325569153,0.05,,,,,,,,,,,0.3671027311954344,0.6771401544518755
1950,train-load-1.0-scenario-63,1.0,0.9998157999999999,0.8267722499999999,0.9998157999999999,5.902475793275693,-0.25148624311274115,0.7969407885672866,0.6363636363636364,0.36363636363636365,0.5384615384615384,0.46153846153846156,7,4,7,6,13,5,11,7,0.2587753236293793,0.05,,,,,,,,,,,0.3671027311954344,0.6771401544518755
1951,train-load-0.5-scenario-337-retry-2,0.5,0.5625,0.5625,0.28125,13.334905098000002,1.1046193483685385,0.45093620718701694,0.8888888888888888,0.1111111111111111,0.8888888888888888,0.1111111111111111,8,1,8,1,9,8,9,8,0.30672475695610046,0.05,,,,,,,,,,,0.3671027311954344,0.6771401544518755
1952,train-load-0.8-scenario-534,0.8,0.8214285714285714,0.32857142857142857,0.8214285714285714,24.54628379942818,0.7694873405147684,0.534860485572188,0.8260869565217391,0.17391304347826086,0.8260869565217391,0.17391304347826086,19,4,19,4,23,7,23,19,0.3688880503177643,0.05,,,,,,,,,,,0.3671027311954344,0.6771401544518755
1953,train-load-0.7-scenario-275-retry-1,0.7,0.6236715277777778,0.6236715277777778,0.5524536666666666,17.852592862039188,1.5416219137194105,0.45837808628058957,1.0,0.0,1.0,0.0,10,0,10,0,10,6,10,10,0.19317719340324402,0.05,,,,,,,,,,,0.3671027311954344,0.6771401544518755
1954,train-load-1.0-scenario-233,1.0,0.8989162499999999,0.63517,0.8989162499999999,4.763217506618239,0.06993993416230415,0.787202922980553,0.7142857142857143,0.2857142857142857,0.625,0.375,5,2,5,3,8,4,7,5,0.13410723209381104,0.05,,,,,,,,,,,0.3671027311954344,0.6771401544518755
1955,train-load-0.6-scenario-364,0.6,0.54646425,0.3930666666666667,0.54646425,8.135069426809173,1.2636858696838449,0.7363141303161551,1.0,0.0,1.0,0.0,4,0,5,0,5,4,4,4,0.3674677610397339,0.05,,,,,,,,,,,0.3671027311954344,0.6771401544518755
1956,train-load-0.8-scenario-598-retry-2,0.8,0.9,0.075,0.9,2.3471452502539605,-0.5434476297067596,0.765669851928982,0.5555555555555556,0.4444444444444444,0.5555555555555556,0.4444444444444444,5,4,5,4,9,5,9,5,0.31089895963668823,0.05,,,,,,,,,,,0.3671027311954344,0.6771401544518755
1957,train-load-0.7-scenario-204-retry-3,0.7,0.78125,0.5625,0.78125,4.149654105999525,-0.3703314420936956,0.3703314420936957,0.5,0.5,0.5,0.5,5,5,5,5,10,8,10,5,0.15990889072418213,0.05,,,,,,,,,,,0.3671027311954344,0.6771401544518755
1958,train-load-1.0-scenario-542-retry-6,1.0,0.9166666666666666,0.5,0.9166666666666666,6.661161813032012,-0.008684975241679327,0.40868497524167924,0.6,0.4,0.6,0.4,6,4,6,4,10,6,10,6,0.24420644342899323,0.05,,,,,,,,,,,0.3671027311954344,0.6771401544518755
1959,train-load-0.6-scenario-40,0.6,0.6666666666666666,0.6666666666666666,0.2,10.021438056534404,0.797443848784823,0.702556151215177,0.875,0.125,0.875,0.125,7,1,7,1,8,8,8,7,0.257355660200119,0.05,,,,,,,,,,,0.3671027311954344,0.6771401544518755
1960,train-load-0.7-scenario-597,0.7,0.6174121428571429,0.3689071428571428,0.6174121428571429,16.101040730287956,1.4948513964350345,0.5051486035649655,1.0,0.0,1.0,0.0,9,0,9,0,9,7,9,9,0.3317463994026184,0.05,,,,,,,,,,,0.3671027311954344,0.6771401544518755
1961,train-load-1.0-scenario-643-retry-2,1.0,1.0,0.3,1.0,1.7829243096137182,-0.5046587031893299,0.5046587031893299,0.5,0.5,0.5,0.5,4,4,8,8,16,8,8,4,0.24998492002487183,0.05,,,,,,,,,,,0.3671027311954344,0.6771401544518755
1962,train-load-0.6-scenario-86,0.6,0.6,0.125,0.6,22.343914500730733,1.273690039520023,0.7263099604799771,1.0,0.0,1.0,0.0,15,0,15,0,15,5,15,15,0.27902787923812866,0.05,,,,,,,,,,,0.3671027311954344,0.6771401544518755
1963,train-load-1.0-scenario-37-retry-25,1.0,1.0833333333333333,0.2777777777777778,1.0833333333333333,5.493820085646954,-0.12239269600875202,0.5223926960087519,0.6,0.4,0.6,0.4,6,4,6,4,10,6,10,6,0.2993573546409607,0.05,,,,,,,,,,,0.3671027311954344,0.6771401544518755
1964,train-load-0.8-scenario-696-retry-6,0.8,0.9083333333333333,0.6180555555555556,0.9083333333333333,14.459372127331601,0.8223455007771672,0.5109878325561663,0.8333333333333334,0.16666666666666666,0.8333333333333334,0.16666666666666666,10,2,10,2,12,6,12,10,0.38375645875930786,0.05,,,,,,,,,,,0.3671027311954344,0.6771401544518755
1965,train-load-0.7-scenario-322,0.7,0.6674979166666667,0.6674979166666667,0.45445050000000003,12.24352191772692,1.5003176314979223,0.4996823685020778,1.0,0.0,1.0,0.0,6,0,6,0,6,4,6,6,0.5068666338920593,0.05,,,,,,,,,,,0.3671027311954344,0.6771401544518755
1966,train-load-0.9-scenario-108,0.9,0.828631,0.3761775,0.828631,9.328267998941676,0.8125543358689155,0.616017092702513,0.8571428571428571,0.14285714285714285,0.75,0.25,6,1,6,2,8,5,7,6,0.43923112750053406,0.05,,,,,,,,,,,0.3671027311954344,0.6771401544518755
1967,train-load-0.7-scenario-138,0.7,0.75,0.2,0.75,3.4795905055319407,-0.30514613377532696,0.805146133775327,0.625,0.375,0.625,0.375,5,3,5,3,8,8,8,5,0.6018223762512207,0.05,,,,,,,,,,,0.3671027311954344,0.6771401544518755
1968,train-load-0.8-scenario-70-retry-5,0.8,0.76,0.19,0.76,27.216488111017654,1.2647733239822754,0.7352266760177246,1.0,0.0,1.0,0.0,19,0,19,0,19,5,19,19,0.4642718434333801,0.05,,,,,,,,,,,0.3671027311954344,0.6771401544518755
1969,train-load-0.5-scenario-256-retry-1,0.5,0.5333333333333333,0.5333333333333333,0.4,16.191354073419134,1.6865127945779455,0.3134872054220546,1.0,0.0,1.0,0.0,8,0,8,0,8,5,8,8,0.3338765799999237,0.05,,,,,,,,,,,0.3671027311954344,0.6771401544518755
1970,train-load-0.7-scenario-579,0.7,0.6875,0.4583333333333333,0.6875,16.239187503472735,1.2220071117760003,0.414356524587636,0.9090909090909091,0.09090909090909091,0.9090909090909091,0.09090909090909091,10,1,10,1,11,4,11,10,0.2086091935634613,0.05,,,,,,,,,,,0.3671027311954344,0.6771401544518755
1971,train-load-0.9-scenario-505-retry-1,0.9,1.0,0.2,1.0,3.233202362516355,-0.6370598102394911,0.6370598102394911,0.5,0.5,0.5,0.5,6,6,6,6,12,6,12,6,0.4861491024494171,0.05,,,,,,,,,,,0.3671027311954344,0.6771401544518755
1972,train-load-0.6-scenario-330-retry-1,0.6,0.48,0.4,0.48,37.2936114728404,1.6537166673736587,0.34628333262634114,1.0,0.0,1.0,0.0,24,0,24,0,24,5,24,24,0.13171079754829407,0.05,,,,,,,,,,,0.3671027311954344,0.6771401544518755
1973,train-load-0.8-scenario-441,0.8,0.6817221428571429,0.6817221428571429,0.6276041428571428,13.25877602166803,0.9047083201184207,0.6952916798815795,0.9,0.1,0.8461538461538461,0.15384615384615385,9,1,11,2,13,7,10,9,0.37398815155029297,0.05,,,,,,,,,,,0.3671027311954344,0.6771401544518755
1974,train-load-0.9-scenario-375-retry-5,0.9,0.96,0.96,0.76,2.058182759473514,-0.54260159826164,0.54260159826164,0.5,0.5,0.5,0.5,4,4,5,5,10,5,8,4,0.29813647270202637,0.05,,,,,,,,,,,0.3671027311954344,0.6771401544518755
1975,train-load-0.8-scenario-252,0.8,0.9,0.72,0.9,5.288696884584413,-0.02326345463722912,0.24548567685945144,0.5555555555555556,0.4444444444444444,0.5555555555555556,0.4444444444444444,5,4,5,4,9,5,9,5,0.5181475281715393,0.05,,,,,,,,,,,0.3671027311954344,0.6771401544518755
1976,train-load-0.6-scenario-604-retry-2,0.6,0.6857142857142857,0.05714285714285714,0.6857142857142857,10.2031593843551,0.8527126170848809,0.6472873829151192,0.875,0.125,0.875,0.125,7,1,7,1,8,7,8,7,0.18790355324745178,0.05,,,,,,,,,,,0.3671027311954344,0.6771401544518755
1977,train-load-0.5-scenario-463-retry-2,0.5,0.6,0.5,0.6,13.778183843381322,1.1766251955999452,0.3789303599556105,0.8888888888888888,0.1111111111111111,0.8888888888888888,0.1111111111111111,8,1,8,1,9,7,9,8,0.34150049090385437,0.05,,,,,,,,,,,0.3671027311954344,0.6771401544518755
1978,train-load-0.5-scenario-328,0.5,0.4555362,0.18899833333333332,0.4555362,8.986749022204403,1.3852503061090946,0.6147496938909054,1.0,0.0,1.0,0.0,4,0,4,0,4,5,4,4,0.3534964323043823,0.05,,,,,,,,,,,0.3671027311954344,0.6771401544518755
1979,train-load-0.7-scenario-328-retry-3,0.7,0.8125,0.5625,0.8125,11.816348096191156,1.11523245859644,0.38476754140356006,0.875,0.125,0.875,0.125,7,1,7,1,8,4,8,7,0.49913689494132996,0.05,,,,,,,,,,,0.3671027311954344,0.6771401544518755
1980,train-load-0.6-scenario-489,0.6,0.72,0.54,0.72,7.13442733238156,0.21753745036371497,0.44912921630295166,0.6666666666666666,0.3333333333333333,0.6666666666666666,0.3333333333333333,6,3,6,3,9,5,9,6,0.5126562118530273,0.05,,,,,,,,,,,0.3671027311954344,0.6771401544518755
1981,train-load-0.7-scenario-16,0.7,0.7142857142857143,0.7142857142857143,0.5714285714285714,9.726820660225176,0.4937864128054851,0.30621358719451486,0.7,0.3,0.7,0.3,7,3,7,3,10,7,10,7,0.18113292753696442,0.05,,,,,,,,,,,0.3671027311954344,0.6771401544518755
1982,train-load-0.6-scenario-531,0.6,0.6666666666666666,0.26666666666666666,0.6666666666666666,7.890551005173174,0.45254653411893564,0.5474534658810644,0.75,0.25,0.75,0.25,6,2,6,2,8,6,8,6,0.338611900806427,0.05,,,,,,,,,,,0.3671027311954344,0.6771401544518755
1983,train-load-0.9-scenario-662-retry-6,0.9,0.9,0.6666666666666666,0.9,10.626965480543456,0.6025206245880833,0.5974793754119168,0.8,0.2,0.8,0.2,8,2,8,2,10,5,10,8,0.25681376457214355,0.05,,,,,,,,,,,0.3671027311954344,0.6771401544518755
1984,train-load-1.0-scenario-745-retry-3,1.0,1.1,0.9166666666666666,1.1,13.5257797428631,-0.05454780968480444,0.4181841733211681,0.5909090909090909,0.4090909090909091,0.5909090909090909,0.4090909090909091,13,9,13,9,22,8,22,13,0.2705726623535156,0.05,,,,,,,,,,,0.3671027311954344,0.6771401544518755
1985,train-load-1.0-scenario-661,1.0,0.8953500000000001,0.6533041666666667,0.8953500000000001,10.005153764878283,0.38942006111053884,0.5196708479803703,0.7272727272727273,0.2727272727272727,0.7142857142857143,0.2857142857142857,8,3,10,4,14,6,11,8,0.17812615633010864,0.05,,,,,,,,,,,0.3671027311954344,0.6771401544518755
1986,train-hard-8gpu-16pod-1vgpu,0.5,0.5,0.3333333333333333,0.5,27.21738182198293,1.8333333333333335,0.16666666666666663,1.0,0.0,1.0,0.0,16,0,16,0,16,8,16,16,0.5305825471878052,0.05,,,,,,,,,,,0.3671027311954344,0.6771401544518755
1987,train-load-0.8-scenario-564,0.8,0.6964189999999999,0.55560078125,0.6964189999999999,21.01656965345308,1.4888711874980185,0.5111288125019815,1.0,0.0,1.0,0.0,13,0,14,0,14,8,13,13,0.20876137912273407,0.05,,,,,,,,,,,0.3671027311954344,0.6771401544518755
1988,train-load-0.8-scenario-600-retry-9,0.8,0.68,0.5666666666666667,0.68,27.59744414471601,1.614942477492042,0.3850575225079579,1.0,0.0,1.0,0.0,17,0,17,0,17,5,17,17,0.2817198932170868,0.05,,,,,,,,,,,0.3671027311954344,0.6771401544518755
1989,train-load-0.9-scenario-388-retry-3,0.9,0.8,0.475,0.8,5.98714184367897,-0.09559862538403885,0.49559862538403876,0.6,0.4,0.6,0.4,6,4,6,4,10,8,10,6,0.2124914526939392,0.05,,,,,,,,,,,0.3671027311954344,0.6771401544518755
1990,train-load-0.5-scenario-511-retry-2,0.5,0.5714285714285714,0.38095238095238093,0.5714285714285714,12.562593708529917,1.1613063859124053,0.3386936140875946,0.875,0.125,0.875,0.125,7,1,7,1,8,7,8,7,0.270138144493103,0.05,,,,,,,,,,,0.3671027311954344,0.6771401544518755
1991,train-hard-4gpu-4pod-1vgpu,0.25,0.25,0.16666666666666666,0.25,11.544497883017963,1.9166666666666665,0.08333333333333337,1.0,0.0,1.0,0.0,4,0,4,0,4,4,4,4,0.26695990562438965,0.05,,,,,,,,,,,0.3671027311954344,0.6771401544518755
1992,train-load-0.5-scenario-183,0.5,0.4538858571428571,0.21769940476190475,0.4538858571428571,9.470007834727795,1.2087617969226363,0.7912382030773637,1.0,0.0,1.0,0.0,5,0,6,0,6,7,5,5,0.30040961503982544,0.05,,,,,,,,,,,0.3671027311954344,0.6771401544518755
1993,train-load-0.5-scenario-603,0.5,0.6,0.6,0.5,15.647617516297323,1.582536128611983,0.417463871388017,1.0,0.0,1.0,0.0,8,0,8,0,8,4,8,8,0.2938230037689209,0.05,,,,,,,,,,,0.3671027311954344,0.6771401544518755
1994,train-load-0.7-scenario-606,0.7,0.76875,0.2125,0.76875,12.012662855614987,0.9302581795147306,0.6252973760408249,0.8888888888888888,0.1111111111111111,0.8888888888888888,0.1111111111111111,8,1,8,1,9,8,9,8,0.42010459303855896,0.05,,,,,,,,,,,0.3671027311954344,0.6771401544518755
1995,train-load-0.7-scenario-418-retry-1,0.7,0.8083333333333333,0.5333333333333333,0.8083333333333333,11.333313512200402,0.9302850591893501,0.5697149408106499,0.875,0.125,0.8181818181818182,0.18181818181818182,7,1,9,2,11,6,8,7,0.2500830292701721,0.05,,,,,,,,,,,0.3671027311954344,0.6771401544518755
1996,train-load-0.6-scenario-121,0.6,0.645588,0.32735875000000003,0.645588,6.362909903263951,0.6410335825030681,0.5589664174969319,0.8,0.2,0.8,0.2,4,1,4,1,5,4,5,4,0.23913700878620148,0.05,,,,,,,,,,,0.3671027311954344,0.6771401544518755
1997,train-load-1.0-scenario-565-retry-7,1.0,1.1,0.4666666666666667,1.1,9.653234666644577,0.3905823475394864,0.8094176524605137,0.8,0.2,0.7142857142857143,0.2857142857142857,8,2,10,4,14,6,10,8,0.3100195825099945,0.05,,,,,,,,,,,0.3671027311954344,0.6771401544518755
1998,train-load-0.6-scenario-391-retry-3,0.6,0.71875,0.4375,0.71875,0.6678772285507846,-0.8048956149280537,0.30489561492805367,0.375,0.625,0.375,0.625,3,5,3,5,8,8,8,3,0.2967228293418884,0.05,,,,,,,,,,,0.3671027311954344,0.6771401544518755
1999,train-load-0.5-scenario-433,0.5,0.5714285714285714,0.2857142857142857,0.5714285714285714,14.77121112519803,1.5267390916948766,0.4732609083051234,1.0,0.0,1.0,0.0,8,0,8,0,8,7,8,8,0.43973541259765625,0.05,,,,,,,,,,,0.3671027311954344,0.6771401544518755
2000,train-load-0.8-scenario-444,0.8,0.6951836000000001,0.5016008333333334,0.6951836000000001,13.622187347465383,1.3047453827686006,0.6952546172313994,1.0,0.0,1.0,0.0,8,0,8,0,8,5,8,8,0.2101612687110901,0.05,0.3833286404472245,0.5220851087113335,0.7263534372896394,0.2736465627103605,0.712637783632861,0.2873622163671391,0.688570788131875,0.7202043695447402,0.27200054428829407,0.717904728394436,0.3833286404472245,0.688570788131875
2001,train-load-0.5-scenario-647,0.5,0.445982125,0.2335421875,0.445982125,11.535100662845126,1.3706991908750907,0.6293008091249093,1.0,0.0,1.0,0.0,6,0,7,0,7,8,6,6,0.3758152723312378,0.05,,,,,,,,,,,0.3833286404472245,0.688570788131875
2002,train-load-0.8-scenario-164,0.8,0.6940145,0.59372734375,0.6940145,17.490689587285313,1.0588184387300172,0.6334892535776753,0.9230769230769231,0.07692307692307693,0.8571428571428571,0.14285714285714285,12,1,12,2,14,8,13,12,0.2565576434135437,0.05,,,,,,,,,,,0.3833286404472245,0.688570788131875
2003,train-load-1.0-scenario-305-retry-2,1.0,1.0006115,0.459691875,1.0006115,4.878440389634962,0.16290349213852695,0.5037631745281397,0.6666666666666666,0.3333333333333333,0.5714285714285714,0.42857142857142855,4,2,4,3,7,4,6,4,0.16836795210838318,0.05,,,,,,,,,,,0.3833286404472245,0.688570788131875
2004,train-load-0.6-scenario-386,0.6,0.585329,0.51200171875,0.585329,16.307357503795515,1.3060558297221228,0.6939441702778772,1.0,0.0,1.0,0.0,10,0,12,0,12,8,10,10,0.34472018480300903,0.05,,,,,,,,,,,0.3833286404472245,0.688570788131875
2005,train-load-0.9-scenario-681,0.9,1.0,0.5,1.0,7.976805758800813,0.20625746352972396,0.593742536470276,0.7,0.3,0.7,0.3,7,3,7,3,10,4,10,7,0.38144612312316895,0.05,,,,,,,,,,,0.3833286404472245,0.688570788131875
2006,train-load-0.9-scenario-81-retry-2,0.9,1.0,0.16666666666666666,1.0,1.8035824740357747,-0.5812606834988782,0.5812606834988782,0.5,0.5,0.5,0.5,4,4,4,4,8,4,8,4,0.3684414029121399,0.05,,,,,,,,,,,0.3833286404472245,0.688570788131875
2007,train-load-0.8-scenario-510,0.8,0.9,0.45,0.9,1.7791639005668962,-0.650685701945305,0.4284634797230827,0.4444444444444444,0.5555555555555556,0.4444444444444444,0.5555555555555556,4,5,4,5,9,4,9,4,0.38944122195243835,0.05,,,,,,,,,,,0.3833286404472245,0.688570788131875
2008,train-load-1.0-scenario-621-retry-5,1.0,1.1071428571428572,0.23214285714285715,1.1071428571428572,1.327648717427199,-0.7645822496986339,0.7645822496986339,0.5,0.5,0.4666666666666667,0.5333333333333333,5,5,7,8,15,7,10,5,0.355354905128479,0.05,,,,,,,,,,,0.3833286404472245,0.688570788131875
2009,train-load-0.5-scenario-221,0.5,0.4466630952380952,0.4466630952380952,0.4175417142857143,14.265352989189148,1.419999258198274,0.5800007418017259,1.0,0.0,1.0,0.0,8,0,8,0,8,7,8,8,0.38845473527908325,0.05,,,,,,,,,,,0.3833286404472245,0.688570788131875
2010,train-load-0.9-scenario-670-retry-4,0.9,0.8095238095238095,0.8095238095238095,0.5714285714285714,19.2778739538954,1.3516653455602503,0.3406423467474422,0.9230769230769231,0.07692307692307693,0.9230769230769231,0.07692307692307693,12,1,12,1,13,7,13,12,0.340149462223053,0.05,,,,,,,,,,,0.3833286404472245,0.688570788131875
2011,train-load-0.7-scenario-539,0.7,0.6792814285714286,0.3885221428571428,0.6792814285714286,15.416909369482573,1.3935227529130494,0.6064772470869506,1.0,0.0,1.0,0.0,9,0,10,0,10,7,9,9,0.2791522145271301,0.05,,,,,,,,,,,0.3833286404472245,0.688570788131875
2012,train-load-0.7-scenario-102,0.7,0.8,0.5166666666666667,0.8,11.737682085002309,1.0697457084917592,0.4302542915082409,0.875,0.125,0.8,0.2,7,1,8,2,10,5,8,7,0.16661673784255981,0.05,,,,,,,,,,,0.3833286404472245,0.688570788131875
2013,train-load-0.7-scenario-614,0.7,0.675,0.3125,0.675,19.606006237060424,1.4134955395978908,0.5865044604021092,1.0,0.0,1.0,0.0,12,0,12,0,12,8,12,12,0.41720741987228394,0.05,,,,,,,,,,,0.3833286404472245,0.688570788131875
2014,train-load-0.5-scenario-225,0.5,0.42544620000000005,0.3186475,0.42544620000000005,10.247303696746162,1.3649002541956063,0.6350997458043937,1.0,0.0,1.0,0.0,5,0,5,0,5,5,5,5,0.18859457969665527,0.05,,,,,,,,,,,0.3833286404472245,0.688570788131875
2015,train-load-1.0-scenario-381-retry-4,1.0,1.1,0.3,1.1,3.0333022751615024,-0.48150293237695185,0.48150293237695185,0.5,0.5,0.5,0.5,5,5,5,5,10,5,10,5,0.38233089447021484,0.05,,,,,,,,,,,0.3833286404472245,0.688570788131875
2016,train-load-0.5-scenario-53,0.5,0.4660362857142857,0.3146408928571428,0.4660362857142857,10.383806011252018,1.1467637215548643,0.8532362784451357,1.0,0.0,1.0,0.0,6,0,7,0,7,7,6,6,0.2554801106452942,0.05,,,,,,,,,,,0.3833286404472245,0.688570788131875
2017,train-load-0.6-scenario-521,0.6,0.5142857142857142,0.5142857142857142,0.39285714285714285,19.9988949454686,1.6609841561936756,0.33901584380632444,1.0,0.0,1.0,0.0,11,0,11,0,11,7,11,11,0.2693401575088501,0.05,,,,,,,,,,,0.3833286404472245,0.688570788131875
2018,train-load-0.9-scenario-312,0.9,0.7959404999999999,0.5946041666666667,0.7959404999999999,7.065898323330664,0.6096252985327006,0.7237080348006327,0.8333333333333334,0.16666666666666666,0.7142857142857143,0.2857142857142857,5,1,5,2,7,4,6,5,0.48311999440193176,0.05,,,,,,,,,,,0.3833286404472245,0.688570788131875
2019,train-load-0.5-scenario-326,0.5,0.6,0.20238095238095238,0.6,16.360472536005126,1.3532578619457505,0.6467421380542496,1.0,0.0,1.0,0.0,10,0,10,0,10,7,10,10,0.2826661169528961,0.05,,,,,,,,,,,0.3833286404472245,0.688570788131875
2020,train-load-0.9-scenario-176,0.9,0.7942625,0.7942625,0.760111,12.302960361611586,1.1851489346025845,0.3148510653974155,0.875,0.125,0.8888888888888888,0.1111111111111111,7,1,8,1,9,4,8,7,0.18613925576210022,0.05,,,,,,,,,,,0.3833286404472245,0.688570788131875
2021,train-load-0.8-scenario-181,0.8,0.7448126666666667,0.39474479166666665,0.7448126666666667,10.640175763119206,0.8495521746680412,0.6504478253319588,0.875,0.125,0.7777777777777778,0.2222222222222222,7,1,7,2,9,6,8,7,0.3087141215801239,0.05,,,,,,,,,,,0.3833286404472245,0.688570788131875
2022,train-load-0.5-scenario-141-retry-3,0.5,0.5071428571428571,0.34285714285714286,0.5071428571428571,24.74361914730325,1.4181957026784726,0.5818042973215274,1.0,0.0,1.0,0.0,16,0,16,0,16,7,16,16,0.38429930806159973,0.05,,,,,,,,,,,0.3833286404472245,0.688570788131875
2023,train-load-0.7-scenario-302,0.7,0.612477,0.3916291666666667,0.612477,17.54492809531711,1.3324364081263234,0.6675635918736768,1.0,0.0,1.0,0.0,11,0,11,0,11,8,11,11,0.2108057141304016,0.05,,,,,,,,,,,0.3833286404472245,0.688570788131875
2024,train-load-0.8-scenario-721,0.8,0.7132510000000001,0.4726791666666667,0.7132510000000001,11.177711369970238,1.2978640144350762,0.7021359855649238,1.0,0.0,1.0,0.0,6,0,6,0,6,4,6,6,0.3118835687637329,0.05,,,,,,,,,,,0.3833286404472245,0.688570788131875
2025,train-hard-4gpu-4pod-2vgpu,0.25,0.25,0.16666666666666666,0.25,11.616666666666667,1.9166666666666665,0.08333333333333337,1.0,0.0,1.0,0.0,4,0,8,0,8,4,4,4,0.3208754360675812,0.05,,,,,,,,,,,0.3833286404472245,0.688570788131875
2026,train-load-0.8-scenario-367-retry-2,0.8,0.75,0.5520833333333334,0.75,2.043184214563376,-0.7183415448676713,0.7183415448676713,0.5,0.5,0.5,0.5,5,5,5,5,10,8,10,5,0.46064549684524536,0.05,,,,,,,,,,,0.3833286404472245,0.688570788131875
2027,train-load-0.5-scenario-615,0.5,0.4,0.4,0.4,21.424408740052293,1.655347278026042,0.344652721973958,1.0,0.0,1.0,0.0,12,0,12,0,12,6,12,12,0.15649953484535217,0.05,,,,,,,,,,,0.3833286404472245,0.688570788131875
2028,train-load-0.9-scenario-352,0.9,0.8,0.5142857142857142,0.8,9.206754097690553,0.16333612162412237,0.5033305450425443,0.6666666666666666,0.3333333333333333,0.6666666666666666,0.3333333333333333,8,4,8,4,12,7,12,8,0.1896887719631195,0.05,,,,,,,,,,,0.3833286404472245,0.688570788131875
2029,train-load-0.5-scenario-472,0.5,0.471676,0.3375790625,0.471676,14.819158307958876,1.4822230420606808,0.5177769579393192,1.0,0.0,1.0,0.0,8,0,9,0,9,8,8,8,0.5337197184562683,0.05,,,,,,,,,,,0.3833286404472245,0.688570788131875
2030,train-load-0.7-scenario-279-retry-9,0.7,0.8125,0.3958333333333333,0.8125,9.0352016329421,0.2548934614742795,0.6541974476166297,0.7272727272727273,0.2727272727272727,0.7272727272727273,0.2727272727272727,8,3,8,3,11,8,11,8,0.30019840598106384,0.05,,,,,,,,,,,0.3833286404472245,0.688570788131875
2031,train-load-0.7-scenario-310,0.7,0.6,0.125,0.6,18.393328667265724,1.2647516682602793,0.7352483317397207,1.0,0.0,1.0,0.0,12,0,12,0,12,4,12,12,0.2490563690662384,0.05,,,,,,,,,,,0.3833286404472245,0.688570788131875
2032,train-load-1.0-scenario-154-retry-1,1.0,0.8833988571428572,0.44424821428571426,0.8833988571428572,6.187054852277467,-0.2353620843740334,0.9020287510407,0.6666666666666666,0.3333333333333333,0.6666666666666666,0.3333333333333333,8,4,8,4,12,7,12,8,0.4988045394420624,0.05,,,,,,,,,,,0.3833286404472245,0.688570788131875
2033,train-load-0.6-scenario-626,0.6,0.5,0.5,0.375,20.689720608388004,1.5599584288758992,0.44004157112410075,1.0,0.0,1.0,0.0,12,0,12,0,12,8,12,12,0.49252378940582275,0.05,,,,,,,,,,,0.3833286404472245,0.688570788131875
2034,train-load-0.7-scenario-316-retry-3,0.7,0.6071428571428571,0.35714285714285715,0.6071428571428571,16.53797658558939,1.3612444561991812,0.6387555438008188,1.0,0.0,1.0,0.0,10,0,10,0,10,7,10,10,0.4369274973869324,0.05,,,,,,,,,,,0.3833286404472245,0.688570788131875
2035,train-load-0.9-scenario-53-retry-2,0.9,0.9437559999999999,0.7564646875000001,0.9437559999999999,11.87704287955094,0.8348114478181549,0.36518855218184526,0.8,0.2,0.8,0.2,8,2,8,2,10,4,10,8,0.3492577075958252,0.05,,,,,,,,,,,0.3833286404472245,0.688570788131875
2036,train-load-0.8-scenario-372-retry-3,0.8,0.9,0.9,0.375,6.181643884148166,0.09914566279443626,0.5675210038722304,0.6666666666666666,0.3333333333333333,0.6666666666666666,0.3333333333333333,6,3,6,3,9,6,9,6,0.2769244313240051,0.05,,,,,,,,,,,0.3833286404472245,0.688570788131875
2037,train-load-0.9-scenario-574-retry-3,0.9,0.9714285714285714,0.8,0.9714285714285714,15.5230079608076,0.7565824193229427,0.3862747235342,0.7857142857142857,0.21428571428571427,0.7,0.3,11,3,14,6,20,7,14,11,0.23309749364852905,0.05,,,,,,,,,,,0.3833286404472245,0.688570788131875
2038,train-load-0.7-scenario-640,0.7,0.6087008571428572,0.5372567857142858,0.6087008571428572,18.507426178833157,1.458784363917446,0.5412156360825541,1.0,0.0,1.0,0.0,11,0,11,0,11,7,11,11,0.5767297148704529,0.05,,,,,,,,,,,0.3833286404472245,0.688570788131875
2039,train-load-0.5-scenario-461,0.5,0.6,0.45,0.6,17.08215400165047,1.4154319698704168,0.5845680301295834,1.0,0.0,1.0,0.0,10,0,10,0,10,8,10,10,0.3266434073448181,0.05,,,,,,,,,,,0.3833286404472245,0.688570788131875
2040,train-load-0.8-scenario-707,0.8,0.6998176666666667,0.49817875,0.6998176666666667,7.849212529016871,0.5663272415020447,0.8622441870693838,0.8571428571428571,0.14285714285714285,0.7777777777777778,0.2222222222222222,6,1,7,2,9,6,7,6,0.28408873081207275,0.05,,,,,,,,,,,0.3833286404472245,0.688570788131875
2041,train-load-0.5-scenario-290,0.5,0.5714285714285714,0.5714285714285714,0.4,15.688099131546425,1.6350061322624956,0.3649938677375044,1.0,0.0,1.0,0.0,8,0,12,0,12,7,8,8,0.3873983919620514,0.05,,,,,,,,,,,0.3833286404472245,0.688570788131875
2042,train-load-0.5-scenario-314-retry-2,0.5,0.5625,0.28125,0.5625,13.03518290763524,1.045668140219974,0.5098874153355815,0.8888888888888888,0.1111111111111111,0.8888888888888888,0.1111111111111111,8,1,8,1,9,8,9,8,0.30566632747650146,0.05,,,,,,,,,,,0.3833286404472245,0.688570788131875
2043,train-load-0.6-scenario-600,0.6,0.5135682,0.28905000000000003,0.5135682,10.362642423163644,1.3879334421728964,0.6120665578271036,1.0,0.0,1.0,0.0,5,0,5,0,5,5,5,5,0.4272596836090088,0.05,,,,,,,,,,,0.3833286404472245,0.688570788131875
2044,train-load-0.9-scenario-402-retry-2,0.9,1.0,0.1,1.0,9.701826125349037,0.05548261463778981,0.8016602425050674,0.7142857142857143,0.2857142857142857,0.7142857142857143,0.2857142857142857,10,4,10,4,14,7,14,10,0.2858118414878845,0.05,,,,,,,,,,,0.3833286404472245,0.688570788131875
2045,train-load-0.6-scenario-245,0.6,0.72,0.36,0.72,9.294559523387672,0.5525442520134711,0.55856685909764,0.7777777777777778,0.2222222222222222,0.7777777777777778,0.2222222222222222,7,2,7,2,9,5,9,7,0.16759973764419556,0.05,,,,,,,,,,,0.3833286404472245,0.688570788131875
2046,train-load-0.8-scenario-165,0.8,0.7875,0.39375,0.7875,12.929384735943913,0.9166173787481577,0.6833826212518423,0.9,0.1,0.8333333333333334,0.16666666666666666,9,1,10,2,12,8,10,9,0.21120598912239075,0.05,,,,,,,,,,,0.3833286404472245,0.688570788131875
2047,train-load-0.5-scenario-148-retry-10,0.5,0.59375,0.3625,0.59375,18.20313185397211,1.355076722045351,0.644923277954649,1.0,0.0,1.0,0.0,11,0,11,0,11,8,11,11,0.24631546437740326,0.05,,,,,,,,,,,0.3833286404472245,0.688570788131875
2048,train-load-0.9-scenario-676-retry-2,0.9,0.82773825,0.5409606250000001,0.82773825,4.569869574554383,0.08287205174777212,0.7742708053950851,0.7142857142857143,0.2857142857142857,0.7142857142857143,0.2857142857142857,5,2,5,2,7,4,7,5,0.3709367513656616,0.05,,,,,,,,,,,0.3833286404472245,0.688570788131875
2049,train-load-0.8-scenario-530-retry-8,0.8,0.8333333333333334,0.15833333333333333,0.8333333333333334,10.511227900036097,0.43439058598950586,0.47470032310140325,0.7272727272727273,0.2727272727272727,0.7272727272727273,0.2727272727272727,8,3,8,3,11,6,11,8,0.2753293514251709,0.05,,,,,,,,,,,0.3833286404472245,0.688570788131875
2050,train-load-1.0-scenario-96-retry-4,1.0,1.1166666666666667,0.9861111111111112,1.1166666666666667,8.165185765396783,-0.24594289633769972,0.6459428963376996,0.6,0.4,0.6,0.4,9,6,9,6,15,6,15,9,0.23469717800617218,0.05,,,,,,,,,,,0.3833286404472245,0.688570788131875
2051,train-load-0.7-scenario-321,0.7,0.6142857142857143,0.2261904761904762,0.6142857142857143,21.089353196567792,1.4957597207040083,0.5042402792959917,1.0,0.0,1.0,0.0,13,0,13,0,13,7,13,13,0.39768439531326294,0.05,,,,,,,,,,,0.3833286404472245,0.688570788131875
2052,train-load-1.0-scenario-119,1.0,0.9459685,0.654063125,0.9459685,4.9520862553714515,-0.003328320645847649,0.5033283206458476,0.625,0.375,0.6666666666666666,0.3333333333333333,5,3,6,3,9,4,8,5,0.3035084009170532,0.05,,,,,,,,,,,0.3833286404472245,0.688570788131875
2053,train-load-0.6-scenario-57,0.6,0.609171,0.47111631944444443,0.609171,7.908713161850634,0.3043462741204044,0.8067648369907068,0.7777777777777778,0.2222222222222222,0.7777777777777778,0.2222222222222222,7,2,7,2,9,6,9,7,0.3458426594734192,0.05,,,,,,,,,,,0.3833286404472245,0.688570788131875
2054,train-load-0.7-scenario-648,0.7,0.66060275,0.3776140625,0.66060275,8.858493691862732,1.1600495174248233,0.8399504825751767,1.0,0.0,1.0,0.0,5,0,5,0,5,4,5,5,0.30483174324035645,0.05,,,,,,,,,,,0.3833286404472245,0.688570788131875
2055,train-load-1.0-scenario-728-retry-6,1.0,1.1111111111111112,1.1111111111111112,0.38333333333333336,3.4766249251340953,-0.5312061230666726,0.7130243048848544,0.5454545454545454,0.45454545454545453,0.5454545454545454,0.45454545454545453,6,5,6,5,11,6,11,6,0.42652106285095215,0.05,,,,,,,,,,,0.3833286404472245,0.688570788131875
2056,train-load-0.5-scenario-361,0.5,0.4596163333333334,0.1990111111111111,0.4596163333333334,9.540626451428247,1.2957895095065068,0.7042104904934933,1.0,0.0,1.0,0.0,5,0,5,0,5,6,5,5,0.2695920467376709,0.05,,,,,,,,,,,0.3833286404472245,0.688570788131875
2057,train-load-0.5-scenario-188,0.5,0.575,0.575,0.4375,13.972653979126797,1.3191180910624216,0.6808819089375785,1.0,0.0,1.0,0.0,8,0,8,0,8,4,8,8,0.2669297754764557,0.05,,,,,,,,,,,0.3833286404472245,0.688570788131875
2058,train-load-0.8-scenario-271-retry-1,0.8,0.8214285714285714,0.5285714285714286,0.8214285714285714,10.750942009789968,0.8016104918848344,0.3095006192262768,0.7777777777777778,0.2222222222222222,0.7777777777777778,0.2222222222222222,7,2,7,2,9,7,9,7,0.4048052430152893,0.05,,,,,,,,,,,0.3833286404472245,0.688570788131875
2059,train-load-0.6-scenario-159-retry-1,0.6,0.6666666666666666,0.06666666666666667,0.6666666666666666,7.144975999981425,0.36531429967562257,0.6346857003243774,0.75,0.25,0.75,0.25,6,2,6,2,8,6,8,6,0.2621075212955475,0.05,,,,,,,,,,,0.3833286404472245,0.688570788131875
2060,train-load-0.7-scenario-199,0.7,0.6695019999999999,0.3957628125,0.6695019999999999,9.072467332116236,1.372370418281141,0.6276295817188592,1.0,0.0,1.0,0.0,4,0,5,0,5,4,4,4,0.3827096223831177,0.05,,,,,,,,,,,0.3833286404472245,0.688570788131875
2061,train-load-0.7-scenario-64,0.7,0.6146522,0.39004583333333337,0.6146522,6.095278575631436,0.4785099131831764,0.854823420150157,0.8333333333333334,0.16666666666666666,0.8333333333333334,0.16666666666666666,5,1,5,1,6,5,6,5,0.2825932204723358,0.05,,,,,,,,,,,0.3833286404472245,0.688570788131875
2062,train-load-0.6-scenario-98-retry-1,0.6,0.72,0.6666666666666666,0.72,4.126342938817482,-0.16763221689649865,0.6676322168964987,0.625,0.375,0.625,0.375,5,3,5,3,8,5,8,5,0.2273518443107605,0.05,,,,,,,,,,,0.3833286404472245,0.688570788131875
2063,train-load-0.6-scenario-576,0.6,0.6111111111111112,0.6111111111111112,0.3333333333333333,10.631484771280977,0.8251243604538239,0.674875639546176,0.875,0.125,0.875,0.125,7,1,7,1,8,6,8,7,0.32118096947669983,0.05,,,,,,,,,,,0.3833286404472245,0.688570788131875
2064,train-load-0.8-scenario-272-retry-1,0.8,0.8333333333333334,0.8333333333333334,0.4166666666666667,6.137414365038781,-0.03935201685457357,0.43935201685457353,0.6,0.4,0.6,0.4,6,4,6,4,10,6,10,6,0.32214316725730896,0.05,,,,,,,,,,,0.3833286404472245,0.688570788131875
2065,train-load-1.0-scenario-268-retry-1,1.0,1.1,0.6125,1.1,11.88381475093175,-0.02016711175685959,0.8436965235215655,0.7058823529411765,0.29411764705882354,0.7058823529411765,0.29411764705882354,12,5,12,5,17,8,17,12,0.2026228904724121,0.05,,,,,,,,,,,0.3833286404472245,0.688570788131875
2066,train-hard-4gpu-8pod-1vgpu,0.5,0.5,0.3333333333333333,0.5,16.42232909936926,1.8333333333333335,0.16666666666666663,1.0,0.0,1.0,0.0,8,0,8,0,8,4,8,8,0.2713419198989868,0.05,,,,,,,,,,,0.3833286404472245,0.688570788131875
2067,train-load-0.7-scenario-561-retry-1,0.7,0.65,0.225,0.65,6.762873443257394,0.0313794509168398,0.3686205490831601,0.6,0.4,0.6,0.4,6,4,6,4,10,8,10,6,0.5871033072471619,0.05,,,,,,,,,,,0.3833286404472245,0.688570788131875
2068,train-load-1.0-scenario-663-retry-2,1.0,1.05,0.5,1.05,4.7879388377976,-0.17697113008687904,0.576971130086879,0.6,0.4,0.6,0.4,6,4,6,4,10,4,10,6,0.2884930968284607,0.05,,,,,,,,,,,0.3833286404472245,0.688570788131875
2069,train-load-0.9-scenario-502-retry-5,0.9,0.99,0.36666666666666664,0.99,3.521033546262834,-0.2279186873841248,0.7279186873841248,0.625,0.375,0.625,0.375,5,3,5,3,8,5,8,5,0.20787620544433594,0.05,,,,,,,,,,,0.3833286404472245,0.688570788131875
2070,train-load-0.5-scenario-352,0.5,0.4377415625,0.4377415625,0.36395262500000003,15.344887415835009,1.328337955327501,0.671662044672499,1.0,0.0,1.0,0.0,9,0,9,0,9,8,9,9,0.20981554687023163,0.05,,,,,,,,,,,0.3833286404472245,0.688570788131875
2071,train-load-0.5-scenario-693,0.5,0.5893932500000001,0.343153125,0.5893932500000001,8.062235056602294,1.2672037440639103,0.7327962559360897,1.0,0.0,1.0,0.0,4,0,5,0,5,4,4,4,0.17095068097114563,0.05,,,,,,,,,,,0.3833286404472245,0.688570788131875
2072,train-load-0.7-scenario-607,0.7,0.6209746666666667,0.4291564583333333,0.6209746666666667,13.349261181154446,1.2590850073289794,0.7409149926710206,1.0,0.0,1.0,0.0,8,0,9,0,9,6,8,8,0.31434106826782227,0.05,,,,,,,,,,,0.3833286404472245,0.688570788131875
2073,train-load-0.8-scenario-199-retry-1,0.8,0.9,0.7291666666666666,0.9,10.32471923027253,0.5584484337435313,0.6415515662564688,0.8,0.2,0.8,0.2,8,2,8,2,10,4,10,8,0.3741101622581482,0.05,,,,,,,,,,,0.3833286404472245,0.688570788131875
2074,train-load-1.0-scenario-422-retry-1,1.0,0.9642857142857143,0.12857142857142856,0.9642857142857143,4.8463687715358885,-0.14708799497050384,0.8137546616371705,0.6666666666666666,0.3333333333333333,0.6666666666666666,0.3333333333333333,6,3,6,3,9,7,9,6,0.32815635204315186,0.05,,,,,,,,,,,0.3833286404472245,0.688570788131875
2075,train-load-0.6-scenario-172,0.6,0.6071428571428571,0.6071428571428571,0.5785714285714286,9.519468177053191,0.2738327289674314,0.6352581801234778,0.7272727272727273,0.2727272727272727,0.7272727272727273,0.2727272727272727,8,3,8,3,11,7,11,8,0.372162401676178,0.05,,,,,,,,,,,0.3833286404472245,0.688570788131875
2076,train-load-0.8-scenario-630,0.8,0.7259303333333333,0.7049034722222223,0.7259303333333333,11.799245106448812,0.9164338122605372,0.6391217432950184,0.8888888888888888,0.1111111111111111,0.9090909090909091,0.09090909090909091,8,1,10,1,11,6,9,8,0.24451392889022827,0.05,,,,,,,,,,,0.3833286404472245,0.688570788131875
2077,train-load-0.8-scenario-592-retry-1,0.8,0.9,0.9,0.9,4.658035097064797,-0.20032397104091593,0.4225461932631382,0.5555555555555556,0.4444444444444444,0.5555555555555556,0.4444444444444444,5,4,10,8,18,8,9,5,0.225510835647583,0.05,,,,,,,,,,,0.3833286404472245,0.688570788131875
2078,train-load-0.8-scenario-227-retry-6,0.8,0.7714285714285715,0.4142857142857143,0.7714285714285715,8.708975194148504,0.20042324105160692,0.3450313044029385,0.6363636363636364,0.36363636363636365,0.6363636363636364,0.36363636363636365,7,4,7,4,11,7,11,7,0.23452608287334442,0.05,,,,,,,,,,,0.3833286404472245,0.688570788131875
2079,train-load-0.5-scenario-308-retry-3,0.5,0.5714285714285714,0.34285714285714286,0.5714285714285714,11.607994894378727,1.0276480285167113,0.4723519714832888,0.875,0.125,0.875,0.125,7,1,7,1,8,7,8,7,0.25771695375442505,0.05,,,,,,,,,,,0.3833286404472245,0.688570788131875
2080,train-load-0.5-scenario-200,0.5,0.527467,0.28304434523809524,0.527467,11.247887376215699,1.3388305111849055,0.6611694888150945,1.0,0.0,1.0,0.0,6,0,7,0,7,7,6,6,0.1914491057395935,0.05,,,,,,,,,,,0.3833286404472245,0.688570788131875
2081,train-load-0.8-scenario-714,0.8,0.7066726666666667,0.68313375,0.7066726666666667,14.107346438763606,1.0737996727183983,0.5262003272816019,0.9,0.1,0.9090909090909091,0.09090909090909091,9,1,10,1,11,6,10,9,0.48392435908317566,0.05,,,,,,,,,,,0.3833286404472245,0.688570788131875
2082,train-load-0.6-scenario-570,0.6,0.71875,0.3541666666666667,0.71875,10.98043892604334,0.8914537702002208,0.6085462297997792,0.875,0.125,0.8181818181818182,0.18181818181818182,7,1,9,2,11,8,8,7,0.46848881244659424,0.05,,,,,,,,,,,0.3833286404472245,0.688570788131875
2083,train-load-0.8-scenario-407-retry-4,0.8,0.8333333333333334,0.8333333333333334,0.8,14.81465193434407,0.17802993233436837,0.4219700676656317,0.65,0.35,0.65,0.35,13,7,13,7,20,8,20,13,0.31085729598999023,0.05,,,,,,,,,,,0.3833286404472245,0.688570788131875
2084,train-load-0.9-scenario-643-retry-1,0.9,0.9285714285714286,0.9285714285714286,0.7714285714285715,11.969641738534829,0.27946093171536734,0.3872057349512993,0.6666666666666666,0.3333333333333333,0.6666666666666666,0.3333333333333333,10,5,10,5,15,7,15,10,0.17729824781417847,0.05,,,,,,,,,,,0.3833286404472245,0.688570788131875
2085,train-load-0.6-scenario-675,0.6,0.58,0.3,0.58,15.98343516139667,1.4573172646744423,0.5426827353255577,1.0,0.0,1.0,0.0,9,0,9,0,9,5,9,9,0.41125497221946716,0.05,,,,,,,,,,,0.3833286404472245,0.688570788131875
2086,train-load-0.6-scenario-211,0.6,0.55785875,0.40881666666666666,0.55785875,9.664560301324148,1.4911205403042787,0.5088794596957213,1.0,0.0,1.0,0.0,4,0,6,0,6,4,4,4,0.3413376212120056,0.05,,,,,,,,,,,0.3833286404472245,0.688570788131875
2087,train-load-0.8-scenario-363,0.8,0.8123179999999999,0.739030625,0.8123179999999999,8.21435143723367,0.7962462002096597,0.5370871331236737,0.8333333333333334,0.16666666666666666,0.75,0.25,5,1,6,2,8,4,6,5,0.23181836307048798,0.05,,,,,,,,,,,0.3833286404472245,0.688570788131875
2088,train-load-0.6-scenario-335-retry-2,0.6,0.625,0.25,0.625,11.330034275050242,0.674564884626924,0.5254351153730761,0.8,0.2,0.8,0.2,8,2,8,2,10,8,10,8,0.5256615877151489,0.05,,,,,,,,,,,0.3833286404472245,0.688570788131875
2089,train-load-0.9-scenario-332,0.9,0.8070238571428572,0.6326382142857143,0.8070238571428572,16.58477359244019,1.1002341704802066,0.5664324961864599,0.9166666666666666,0.08333333333333333,0.8571428571428571,0.14285714285714285,11,1,12,2,14,7,12,11,0.10604219138622284,0.05,,,,,,,,,,,0.3833286404472245,0.688570788131875
2090,train-load-0.7-scenario-293-retry-2,0.7,0.8,0.32,0.8,5.806064191279008,0.12380560396386431,0.3761943960361357,0.625,0.375,0.625,0.375,5,3,5,3,8,5,8,5,0.3980382978916168,0.05,,,,,,,,,,,0.3833286404472245,0.688570788131875
2091,train-load-0.6-scenario-286,0.6,0.5915956666666666,0.53179375,0.5915956666666666,12.867030865161137,1.2153348735864833,0.7846651264135167,1.0,0.0,1.0,0.0,8,0,9,0,9,6,8,8,0.45833179354667664,0.05,,,,,,,,,,,0.3833286404472245,0.688570788131875
2092,train-hard-8gpu-16pod-1vgpu,0.5,0.5,0.3333333333333333,0.5,27.153318486438675,1.8333333333333335,0.16666666666666663,1.0,0.0,1.0,0.0,16,0,16,0,16,8,16,16,0.309714674949646,0.05,,,,,,,,,,,0.3833286404472245,0.688570788131875
2093,train-load-1.0-scenario-241-retry-10,1.0,1.0,0.5125,1.0,17.196309076590364,0.3456347448749437,0.6543652551250563,0.75,0.25,0.75,0.25,15,5,15,5,20,8,20,15,0.4674868583679199,0.05,,,,,,,,,,,0.3833286404472245,0.688570788131875
2094,train-load-0.9-scenario-699-retry-4,0.9,1.0,1.0,0.15,4.973775773762329,-0.4064885128067167,0.7398218461400501,0.5833333333333334,0.4166666666666667,0.5833333333333334,0.4166666666666667,7,5,7,5,12,8,12,7,0.5465297698974609,0.05,,,,,,,,,,,0.3833286404472245,0.688570788131875
2095,train-load-0.8-scenario-35,0.8,0.7071652500000001,0.45008125000000004,0.7071652500000001,16.07546558866904,1.0355111753697974,0.6311554912968691,0.9166666666666666,0.08333333333333333,0.9230769230769231,0.07692307692307693,11,1,12,1,13,8,12,11,0.2086954563856125,0.05,,,,,,,,,,,0.3833286404472245,0.688570788131875
2096,train-load-0.7-scenario-141,0.7,0.6621214999999999,0.624861875,0.6621214999999999,7.314493038327938,0.5778250351669694,0.7555082981663641,0.8333333333333334,0.16666666666666666,0.7142857142857143,0.2857142857142857,5,1,5,2,7,4,6,5,0.27425235509872437,0.05,,,,,,,,,,,0.3833286404472245,0.688570788131875
2097,train-load-1.0-scenario-434-retry-18,1.0,1.0714285714285714,0.4642857142857143,1.0714285714285714,7.272845229920317,0.21074300595400397,0.45592366071266266,0.6666666666666666,0.3333333333333333,0.5,0.5,6,3,6,6,12,7,9,6,0.3365746736526489,0.05,,,,,,,,,,,0.3833286404472245,0.688570788131875
2098,train-hard-4gpu-12pod-small,0.375,0.375,0.25,0.375,22.287284041977507,1.875,0.125,1.0,0.0,1.0,0.0,12,0,12,0,12,4,12,12,0.2763984799385071,0.05,,,,,,,,,,,0.3833286404472245,0.688570788131875
2099,train-load-0.9-scenario-609-retry-7,0.9,1.0,1.0,0.4,4.581640909566946,-0.4586878089135731,0.45868780891357314,0.5,0.5,0.5,0.5,6,6,6,6,12,6,12,6,0.20402686297893524,0.05,,,,,,,,,,,0.3833286404472245,0.688570788131875
2100,train-load-0.6-scenario-538,0.6,0.59375,0.38125,0.59375,15.857214944935594,1.4176524670982302,0.5823475329017697,1.0,0.0,1.0,0.0,9,0,11,0,11,8,9,9,0.2128734290599823,0.05,0.36662453643421433,0.5285145972213938,0.7237847834139022,0.27621521658609793,0.7096097686443773,0.29039023135562264,0.6352707848238945,0.6241623719323242,0.29109798366092127,0.6980856677108361,0.3833286404472245,0.688570788131875
2101,train-load-0.8-scenario-308,0.8,0.7646063333333334,0.7044951388888889,0.7646063333333334,11.900827744203564,0.7393865705543025,0.46061342944569755,0.8,0.2,0.8333333333333334,0.16666666666666666,8,2,10,2,12,6,10,8,0.22300049662590027,0.05,,,,,,,,,,,0.3833286404472245,0.688570788131875
2102,train-load-1.0-scenario-600,1.0,0.922298375,0.4874861979166667,0.922298375,12.702595634523867,0.3980241360960984,0.7448330067610445,0.7857142857142857,0.21428571428571427,0.7333333333333333,0.26666666666666666,11,3,11,4,15,8,14,11,0.5595266819000244,0.05,,,,,,,,,,,0.3833286404472245,0.688570788131875
2103,train-load-0.9-scenario-44,0.9,0.9,0.44166666666666665,0.9,9.399743556024077,0.5092465130153665,0.6018645980957447,0.7777777777777778,0.2222222222222222,0.6923076923076923,0.3076923076923077,7,2,9,4,13,5,9,7,0.19863155484199524,0.05,,,,,,,,,,,0.3833286404472245,0.688570788131875
2104,train-load-0.8-scenario-192-retry-2,0.8,0.8333333333333334,0.8333333333333334,0.625,6.433862780823487,0.00039578199092193955,0.399604218009078,0.6,0.4,0.6,0.4,6,4,6,4,10,4,10,6,0.2637025713920593,0.05,,,,,,,,,,,0.3833286404472245,0.688570788131875
2105,train-load-0.5-scenario-242-retry-5,0.5,0.5714285714285714,0.5714285714285714,0.14285714285714285,15.452125724788992,1.2057787798739028,0.7942212201260972,1.0,0.0,1.0,0.0,10,0,10,0,10,7,10,10,0.4006319046020508,0.05,,,,,,,,,,,0.3833286404472245,0.688570788131875
2106,train-load-0.7-scenario-498,0.7,0.8125,0.4583333333333333,0.8125,4.057144959297482,-0.26632568329887385,0.4885479055210961,0.5555555555555556,0.4444444444444444,0.5555555555555556,0.4444444444444444,5,4,5,4,9,8,9,5,0.5413912534713745,0.05,,,,,,,,,,,0.3833286404472245,0.688570788131875
2107,train-load-0.5-scenario-49,0.5,0.43013321428571427,0.43013321428571427,0.39164642857142856,13.404120015131355,1.466121763395169,0.5338782366048309,1.0,0.0,1.0,0.0,7,0,8,0,8,7,7,7,0.46732833981513977,0.05,,,,,,,,,,,0.3833286404472245,0.688570788131875
2108,train-load-0.9-scenario-42,0.9,0.8194052857142857,0.5821671428571429,0.8194052857142857,12.703141966438322,0.6195730861873132,0.7137602471460202,0.8333333333333334,0.16666666666666666,0.8461538461538461,0.15384615384615385,10,2,11,2,13,7,12,10,0.2386952042579651,0.05,,,,,,,,,,,0.3833286404472245,0.688570788131875
2109,train-load-1.0-scenario-303-retry-1,1.0,1.0875,0.9375,1.0875,4.9931874789047495,-0.12066447909992539,0.3428867013221477,0.5555555555555556,0.4444444444444444,0.5555555555555556,0.4444444444444444,5,4,5,4,9,4,9,5,0.22953751683235168,0.05,,,,,,,,,,,0.3833286404472245,0.688570788131875
2110,train-load-0.8-scenario-377-retry-4,0.8,0.9,0.9,0.85,15.685226633077779,1.3226710000979747,0.2773289999020254,0.9,0.1,0.9,0.1,9,1,9,1,10,5,10,9,0.21894043684005737,0.05,,,,,,,,,,,0.3833286404472245,0.688570788131875
2111,train-load-0.7-scenario-467,0.7,0.64730275,0.49932708333333337,0.64730275,11.337794006145767,1.3546012310374769,0.6453987689625231,1.0,0.0,1.0,0.0,6,0,6,0,6,4,6,6,0.6177283525466919,0.05,,,,,,,,,,,0.3833286404472245,0.688570788131875
2112,train-load-1.0-scenario-360,1.0,1.00245925,0.53506,1.00245925,10.020078446672802,0.6688222211943347,0.4422888899167765,0.7777777777777778,0.2222222222222222,0.7777777777777778,0.2222222222222222,7,2,7,2,9,4,9,7,0.4271523058414459,0.05,,,,,,,,,,,0.3833286404472245,0.688570788131875
2113,train-load-0.8-scenario-224-retry-2,0.8,0.9,0.9,0.75,10.389754319323224,0.4280010728542968,0.23866559381236996,0.6666666666666666,0.3333333333333333,0.6666666666666666,0.3333333333333333,8,4,8,4,12,8,12,8,0.3116607367992401,0.05,,,,,,,,,,,0.3833286404472245,0.688570788131875
2114,train-load-0.6-scenario-319,0.6,0.55128275,0.3699134375,0.55128275,14.342709717574412,1.2524769618412508,0.7475230381587491,1.0,0.0,1.0,0.0,9,0,10,0,10,8,9,9,0.13312312960624695,0.05,,,,,,,,,,,0.3833286404472245,0.688570788131875
2115,train-load-0.7-scenario-76-retry-2,0.7,0.5857142857142857,0.25,0.5857142857142857,19.71541197577657,1.22363514557098,0.77636485442902,1.0,0.0,1.0,0.0,13,0,13,0,13,7,13,13,0.23318900167942047,0.05,,,,,,,,,,,0.3833286404472245,0.688570788131875
2116,train-load-1.0-scenario-607-retry-11,1.0,1.08,1.08,0.85,3.630333581141631,-0.49188765938242807,0.3100694775642463,0.45454545454545453,0.5454545454545454,0.45454545454545453,0.5454545454545454,5,6,5,6,11,5,11,5,0.6218244433403015,0.05,,,,,,,,,,,0.3833286404472245,0.688570788131875
2117,train-load-0.5-scenario-707,0.5,0.5,0.4166666666666667,0.5,18.721483115703222,1.6518965556307919,0.34810344436920804,1.0,0.0,1.0,0.0,10,0,10,0,10,8,10,10,0.41011160612106323,0.05,,,,,,,,,,,0.3833286404472245,0.688570788131875
2118,train-load-0.6-scenario-305,0.6,0.6666666666666666,0.6666666666666666,0.5333333333333333,14.811535966527579,1.1711466490458222,0.42885335095417787,0.9,0.1,0.9,0.1,9,1,9,1,10,6,10,9,0.23627427220344543,0.05,,,,,,,,,,,0.3833286404472245,0.688570788131875
2119,train-load-0.5-scenario-540-retry-1,0.5,0.467062,0.2554798611111111,0.467062,9.462956746671713,1.2256019984637965,0.7743980015362035,1.0,0.0,1.0,0.0,5,0,6,0,6,6,5,5,0.5754855275154114,0.05,,,,,,,,,,,0.3833286404472245,0.688570788131875
2120,train-load-0.5-scenario-513,0.5,0.45160775000000003,0.3037520833333333,0.45160775000000003,8.660714672981758,1.2775780070079805,0.7224219929920195,1.0,0.0,1.0,0.0,4,0,4,0,4,4,4,4,0.23447132110595703,0.05,,,,,,,,,,,0.3833286404472245,0.688570788131875
2121,train-load-0.6-scenario-711,0.6,0.6639987142857142,0.35788125,0.6639987142857142,13.191880807635915,1.4645418766862963,0.5354581233137037,1.0,0.0,1.0,0.0,7,0,9,0,9,7,7,7,0.5289502143859863,0.05,,,,,,,,,,,0.3833286404472245,0.688570788131875
2122,train-load-0.9-scenario-592-retry-6,0.9,0.8333333333333334,0.8333333333333334,0.3333333333333333,5.9325511173545475,-0.03448459373871349,0.43448459373871345,0.6,0.4,0.6,0.4,6,4,6,4,10,6,10,6,0.2879296839237213,0.05,,,,,,,,,,,0.3833286404472245,0.688570788131875
2123,train-load-0.7-scenario-748,0.7,0.655501,0.5638375,0.655501,17.340448153056997,1.3055455160847236,0.6944544839152764,1.0,0.0,1.0,0.0,11,0,13,0,13,8,11,11,0.25621461868286133,0.05,,,,,,,,,,,0.3833286404472245,0.688570788131875
2124,train-load-1.0-scenario-695-retry-4,1.0,1.03125,0.6125,1.03125,8.589206188261949,-0.09582639401792292,0.6672549654464944,0.6428571428571429,0.35714285714285715,0.6428571428571429,0.35714285714285715,9,5,9,5,14,8,14,9,0.2623606324195862,0.05,,,,,,,,,,,0.3833286404472245,0.688570788131875
2125,train-load-1.0-scenario-118,1.0,0.9375,0.16666666666666666,0.9375,-2.403999405511603,-1.387309654161955,0.2761985430508438,0.2222222222222222,0.7777777777777778,0.2222222222222222,0.7777777777777778,2,7,2,7,9,8,9,2,0.21619156002998352,0.05,,,,,,,,,,,0.3833286404472245,0.688570788131875
2126,train-load-0.5-scenario-79,0.5,0.4642857142857143,0.15476190476190477,0.4642857142857143,16.649954325877268,1.4045491556654957,0.5954508443345043,1.0,0.0,1.0,0.0,10,0,10,0,10,7,10,10,0.0969851091504097,0.05,,,,,,,,,,,0.3833286404472245,0.688570788131875
2127,train-load-0.7-scenario-602-retry-6,0.7,0.81875,0.25,0.81875,7.496842456489787,-0.02088817376986296,0.6875548404365296,0.6666666666666666,0.3333333333333333,0.6666666666666666,0.3333333333333333,8,4,8,4,12,8,12,8,0.3327226936817169,0.05,,,,,,,,,,,0.3833286404472245,0.688570788131875
2128,train-load-0.8-scenario-746-retry-2,0.8,0.9166666666666666,0.9166666666666666,0.2,15.854688228122278,1.0123339851863482,0.6543326814803183,0.9166666666666666,0.08333333333333333,0.9166666666666666,0.08333333333333333,11,1,11,1,12,6,12,11,0.3382893204689026,0.05,,,,,,,,,,,0.3833286404472245,0.688570788131875
2129,train-load-0.5-scenario-484-retry-1,0.5,0.54,0.21,0.54,15.16604495183088,1.3270690686309552,0.6729309313690448,1.0,0.0,1.0,0.0,9,0,9,0,9,5,9,9,0.4664788544178009,0.05,,,,,,,,,,,0.3833286404472245,0.688570788131875
2130,train-load-0.6-scenario-259-retry-2,0.6,0.5,0.25,0.5,29.690595400241797,1.381129937312731,0.618870062687269,1.0,0.0,1.0,0.0,20,0,20,0,20,4,20,20,0.35912656784057617,0.05,,,,,,,,,,,0.3833286404472245,0.688570788131875
2131,train-load-1.0-scenario-591-retry-5,1.0,1.1,0.35,1.1,10.564081538803933,0.3565855970333316,0.6434144029666684,0.75,0.25,0.625,0.375,9,3,10,6,16,8,12,9,0.3713504672050476,0.05,,,,,,,,,,,0.3833286404472245,0.688570788131875
2132,train-load-0.6-scenario-329,0.6,0.58358175,0.36738437500000004,0.58358175,9.694551849168928,1.493906948615902,0.506093051384098,1.0,0.0,1.0,0.0,4,0,5,0,5,4,4,4,0.18887574970722198,0.05,,,,,,,,,,,0.3833286404472245,0.688570788131875
2133,train-load-1.0-scenario-335,1.0,0.9433549999999999,0.46797109374999996,0.9433549999999999,12.254586434476213,0.5560632078349208,0.7772701254984126,0.8333333333333334,0.16666666666666666,0.7333333333333333,0.26666666666666666,10,2,11,4,15,8,12,10,0.2329263985157013,0.05,,,,,,,,,,,0.3833286404472245,0.688570788131875
2134,train-load-0.6-scenario-205,0.6,0.5433979166666667,0.5433979166666667,0.49545216666666664,15.41881263333833,1.4009799878773588,0.5990200121226412,1.0,0.0,1.0,0.0,9,0,9,0,9,6,9,9,0.41707703471183777,0.05,,,,,,,,,,,0.3833286404472245,0.688570788131875
2135,train-hard-4gpu-8pod-1vgpu,0.5,0.5,0.3333333333333333,0.5,16.42232909936926,1.8333333333333335,0.16666666666666663,1.0,0.0,1.0,0.0,8,0,8,0,8,4,8,8,0.3345066010951996,0.05,,,,,,,,,,,0.3833286404472245,0.688570788131875
2136,train-load-1.0-scenario-554,1.0,0.9371289999999999,0.8178379166666667,0.9371289999999999,8.63672037911277,-0.054931056826012625,0.8241618260567818,0.6923076923076923,0.3076923076923077,0.6428571428571429,0.35714285714285715,9,4,9,5,14,6,13,9,0.4636794924736023,0.05,,,,,,,,,,,0.3833286404472245,0.688570788131875
2137,train-load-0.8-scenario-228,0.8,0.709213875,0.465296875,0.709213875,9.115711580708878,0.3338641259664735,0.8661358740335265,0.8,0.2,0.75,0.25,8,2,9,3,12,8,10,8,0.1694958209991455,0.05,,,,,,,,,,,0.3833286404472245,0.688570788131875
2138,train-load-0.6-scenario-41-retry-1,0.6,0.6666666666666666,0.26666666666666666,0.6666666666666666,8.326019392427494,0.539865600576426,0.4601343994235741,0.75,0.25,0.75,0.25,6,2,6,2,8,6,8,6,0.3575466275215149,0.05,,,,,,,,,,,0.3833286404472245,0.688570788131875
2139,train-load-0.6-scenario-45,0.6,0.65,0.65,0.40625,11.496681959631257,0.839692003280392,0.7158635522751635,0.8888888888888888,0.1111111111111111,0.8888888888888888,0.1111111111111111,8,1,8,1,9,8,9,8,0.299640953540802,0.05,,,,,,,,,,,0.3833286404472245,0.688570788131875
2140,train-load-0.6-scenario-389,0.6,0.5394838750000001,0.35859125000000003,0.5394838750000001,14.822413280055823,1.3096877752123781,0.6903122247876219,1.0,0.0,1.0,0.0,9,0,9,0,9,8,9,9,0.34275585412979126,0.05,,,,,,,,,,,0.3833286404472245,0.688570788131875
2141,train-load-0.6-scenario-569-retry-1,0.6,0.72,0.52,0.72,15.760814442860863,1.627525602570773,0.37247439742922706,1.0,0.0,1.0,0.0,8,0,10,0,10,5,8,8,0.3140518069267273,0.05,,,,,,,,,,,0.3833286404472245,0.688570788131875
2142,train-load-0.6-scenario-419-retry-2,0.6,0.5,0.5,0.3,35.427308770439026,1.4334258657439873,0.5665741342560127,1.0,0.0,1.0,0.0,24,0,24,0,24,8,24,24,0.3929211497306824,0.05,,,,,,,,,,,0.3833286404472245,0.688570788131875
2143,train-load-0.5-scenario-309,0.5,0.4907895,0.40308093749999996,0.4907895,15.706884059974733,1.452756436581368,0.5472435634186319,1.0,0.0,1.0,0.0,9,0,10,0,10,8,9,9,0.462441623210907,0.05,,,,,,,,,,,0.3833286404472245,0.688570788131875
2144,train-load-0.7-scenario-616,0.7,0.627338125,0.4431419270833333,0.627338125,16.974601436142944,1.4298591311918036,0.5701408688081964,1.0,0.0,1.0,0.0,10,0,12,0,12,8,10,10,0.39461058378219604,0.05,,,,,,,,,,,0.3833286404472245,0.688570788131875
2145,train-load-0.9-scenario-236,0.9,0.8080048750000001,0.4204234375,0.8080048750000001,14.650528581727045,0.9986508339065536,0.6377128024570826,0.9090909090909091,0.09090909090909091,0.8333333333333334,0.16666666666666666,10,1,10,2,12,8,11,10,0.3523518145084381,0.05,,,,,,,,,,,0.3833286404472245,0.688570788131875
2146,train-load-1.0-scenario-670-retry-1,1.0,0.8890131250000001,0.5697083333333334,0.8890131250000001,14.24241171778562,0.4661208398133022,0.7338791601866979,0.8,0.2,0.8,0.2,12,3,12,3,15,8,15,12,0.26209622621536255,0.05,,,,,,,,,,,0.3833286404472245,0.688570788131875
2147,train-load-1.0-scenario-703,1.0,1.025,0.8125,1.025,4.3430094986338155,-0.7938293002210423,0.7938293002210423,0.5,0.5,0.5,0.5,8,8,8,8,16,8,16,8,0.3781173825263977,0.05,,,,,,,,,,,0.3833286404472245,0.688570788131875
2148,train-load-0.9-scenario-134-retry-1,0.9,0.9,0.9,0.225,12.087500580902915,0.003591702487761861,0.6630749641789048,0.6666666666666666,0.3333333333333333,0.6666666666666666,0.3333333333333333,12,6,12,6,18,8,18,12,0.1950404793024063,0.05,,,,,,,,,,,0.3833286404472245,0.688570788131875
2149,train-load-0.8-scenario-648-retry-1,0.8,0.75,0.25,0.75,32.08101941160406,1.2676226044030126,0.5657107289303209,0.9583333333333334,0.041666666666666664,0.9583333333333334,0.041666666666666664,23,1,23,1,24,8,24,23,0.21694782376289368,0.05,,,,,,,,,,,0.3833286404472245,0.688570788131875
2150,train-load-1.0-scenario-719,1.0,0.9023313333333334,0.8118391666666667,0.9023313333333334,15.723706062099298,0.909667781775567,0.47494760283981763,0.8461538461538461,0.15384615384615385,0.8571428571428571,0.14285714285714285,11,2,12,2,14,6,13,11,0.2875487804412842,0.05,,,,,,,,,,,0.3833286404472245,0.688570788131875
2151,train-load-0.7-scenario-680,0.7,0.602981,0.602981,0.4170468,12.99048745400037,1.3846673893570258,0.6153326106429742,1.0,0.0,1.0,0.0,7,0,7,0,7,5,7,7,0.30964040756225586,0.05,,,,,,,,,,,0.3833286404472245,0.688570788131875
2152,train-load-0.8-scenario-362,0.8,0.7068845,0.4136739583333333,0.7068845,4.608933318577902,0.3625292132362754,0.8374707867637247,0.8,0.2,0.8333333333333334,0.16666666666666666,4,1,5,1,6,4,5,4,0.34048449993133545,0.05,,,,,,,,,,,0.3833286404472245,0.688570788131875
2153,train-load-0.9-scenario-272-retry-4,0.9,0.9,0.54,0.9,4.8518367560630935,-0.14576573071946763,0.36798795294168996,0.5555555555555556,0.4444444444444444,0.5555555555555556,0.4444444444444444,5,4,5,4,9,5,9,5,0.257607638835907,0.05,,,,,,,,,,,0.3833286404472245,0.688570788131875
2154,train-load-1.0-scenario-604-retry-3,1.0,1.1,1.03125,1.1,8.128478532155158,0.1565202993338689,0.3889342461206765,0.6363636363636364,0.36363636363636365,0.6363636363636364,0.36363636363636365,7,4,7,4,11,4,11,7,0.30510377883911133,0.05,,,,,,,,,,,0.3833286404472245,0.688570788131875
2155,train-load-0.7-scenario-46,0.7,0.6875,0.625,0.6875,19.7885627315577,1.1671361521360784,0.29953051453058843,0.8666666666666667,0.13333333333333333,0.8666666666666667,0.13333333333333333,13,2,13,2,15,8,15,13,0.2814779281616211,0.05,,,,,,,,,,,0.3833286404472245,0.688570788131875
2156,train-load-0.6-scenario-95-retry-1,0.6,0.48,0.4,0.48,20.568685881894197,1.5362870268491773,0.4637129731508226,1.0,0.0,1.0,0.0,12,0,12,0,12,5,12,12,0.26798897981643677,0.05,,,,,,,,,,,0.3833286404472245,0.688570788131875
2157,train-load-0.5-scenario-377,0.5,0.4348432,0.32011775,0.4348432,12.287358123547666,1.4912233386521474,0.5087766613478526,1.0,0.0,1.0,0.0,6,0,6,0,6,5,6,6,0.3166840076446533,0.05,,,,,,,,,,,0.3833286404472245,0.688570788131875
2158,train-load-0.9-scenario-75,0.9,0.7998102,0.6088312499999999,0.7998102,9.609883111928735,0.7324251039670029,0.7675748960329971,0.875,0.125,0.7777777777777778,0.2222222222222222,7,1,7,2,9,5,8,7,0.3645053803920746,0.05,,,,,,,,,,,0.3833286404472245,0.688570788131875
2159,train-load-0.7-scenario-62,0.7,0.6885331666666668,0.35427291666666666,0.6885331666666668,9.818103673798536,1.1111882963671895,0.8888117036328105,1.0,0.0,1.0,0.0,6,0,7,0,7,6,6,6,0.3841019570827484,0.05,,,,,,,,,,,0.3833286404472245,0.688570788131875
2160,train-load-0.6-scenario-297-retry-2,0.6,0.65,0.65,0.65,13.652278046975464,0.5976183598837524,0.47930471703932465,0.7692307692307693,0.23076923076923078,0.7692307692307693,0.23076923076923078,10,3,10,3,13,8,13,10,0.312855988740921,0.05,,,,,,,,,,,0.3833286404472245,0.688570788131875
2161,train-load-0.8-scenario-49-retry-2,0.8,0.8857142857142857,0.23809523809523808,0.8857142857142857,6.2225851317506935,0.21812524819699286,0.7818747518030071,0.75,0.25,0.6666666666666666,0.3333333333333333,6,2,8,4,12,7,8,6,0.45965176820755005,0.05,,,,,,,,,,,0.3833286404472245,0.688570788131875
2162,train-load-0.9-scenario-603,0.9,1.0,0.8333333333333334,1.0,7.034685575953011,-0.1454257900555853,0.2992719439017391,0.5384615384615384,0.46153846153846156,0.5384615384615384,0.46153846153846156,7,6,7,6,13,7,13,7,0.29151928424835205,0.05,,,,,,,,,,,0.3833286404472245,0.688570788131875
2163,train-load-1.0-scenario-455,1.0,0.9250597142857142,0.7357707142857143,0.9250597142857142,9.531392474986225,-0.021464767370375837,0.878607624513233,0.7142857142857143,0.2857142857142857,0.6875,0.3125,10,4,11,5,16,7,14,10,0.33742570877075195,0.05,,,,,,,,,,,0.3833286404472245,0.688570788131875
2164,train-load-1.0-scenario-361,1.0,1.0278475714285713,0.709439880952381,1.0278475714285713,17.00478394514994,0.9058558331439704,0.522715595427458,0.8571428571428571,0.14285714285714285,0.75,0.25,12,2,12,4,16,7,14,12,0.24757607281208038,0.05,,,,,,,,,,,0.3833286404472245,0.688570788131875
2165,train-load-0.5-scenario-562,0.5,0.45,0.375,0.45,16.60579033238251,1.5444457828745795,0.45555421712542055,1.0,0.0,1.0,0.0,9,0,9,0,9,4,9,9,0.47323012351989746,0.05,,,,,,,,,,,0.3833286404472245,0.688570788131875
2166,train-load-1.0-scenario-38,1.0,0.9040801666666666,0.6659493055555555,0.9040801666666666,6.500838689629983,-0.11360339202663838,0.6590579374811838,0.6363636363636364,0.36363636363636365,0.5833333333333334,0.4166666666666667,7,4,7,5,12,6,11,7,0.3601251244544983,0.05,,,,,,,,,,,0.3833286404472245,0.688570788131875
2167,train-load-0.6-scenario-327,0.6,0.5359026041666667,0.5359026041666667,0.479666,13.126317939642917,1.621628131861501,0.3783718681384991,1.0,0.0,1.0,0.0,6,0,6,0,6,4,6,6,0.4258711040019989,0.05,,,,,,,,,,,0.3833286404472245,0.688570788131875
2168,train-hard-4gpu-12pod-small,0.375,0.375,0.25,0.375,22.316746824526945,1.875,0.125,1.0,0.0,1.0,0.0,12,0,12,0,12,4,12,12,0.3036189079284668,0.05,,,,,,,,,,,0.3833286404472245,0.688570788131875
2169,train-load-0.5-scenario-643-retry-3,0.5,0.4,0.2,0.4,30.96389675230509,1.5503106750356275,0.4496893249643725,1.0,0.0,1.0,0.0,20,0,20,0,20,5,20,20,0.3234260380268097,0.05,,,,,,,,,,,0.3833286404472245,0.688570788131875
2170,train-load-0.6-scenario-252,0.6,0.5969720000000001,0.3509690476190476,0.5969720000000001,10.656905007166802,1.0535490000185286,0.9464509999814715,1.0,0.0,1.0,0.0,7,0,8,0,8,7,7,7,0.4234497547149658,0.05,,,,,,,,,,,0.3833286404472245,0.688570788131875
2171,train-load-0.9-scenario-159,0.9,1.0,0.6,1.0,2.389871768218481,-0.4509436799151779,0.4509436799151779,0.5,0.5,0.5,0.5,4,4,4,4,8,4,8,4,0.21266931295394897,0.05,,,,,,,,,,,0.3833286404472245,0.688570788131875
2172,train-load-1.0-scenario-254-retry-8,1.0,1.0625,1.0625,0.75,9.946331385656517,0.6586078048137314,0.4525033062973799,0.7777777777777778,0.2222222222222222,0.7777777777777778,0.2222222222222222,7,2,7,2,9,4,9,7,0.28465771675109863,0.05,,,,,,,,,,,0.3833286404472245,0.688570788131875
2173,train-load-0.6-scenario-185,0.6,0.5238095238095238,0.5238095238095238,0.39285714285714285,19.1858957058219,1.5057066105567058,0.49429338944329415,1.0,0.0,1.0,0.0,11,0,11,0,11,7,11,11,0.417632520198822,0.05,,,,,,,,,,,0.3833286404472245,0.688570788131875
2174,train-load-1.0-scenario-234,1.0,0.9053006666666666,0.5955625,0.9053006666666666,11.549438868857518,0.5847188525422343,0.6880084201850385,0.8181818181818182,0.18181818181818182,0.8333333333333334,0.16666666666666666,9,2,10,2,12,6,11,9,0.44889307022094727,0.05,,,,,,,,,,,0.3833286404472245,0.688570788131875
2175,train-load-0.6-scenario-429,0.6,0.5,0.375,0.5,21.56748416603068,1.5314717213345332,0.46852827866546665,1.0,0.0,1.0,0.0,13,0,13,0,13,8,13,13,0.4985051155090332,0.05,,,,,,,,,,,0.3833286404472245,0.688570788131875
2176,train-load-0.6-scenario-705,0.6,0.6333333333333333,0.5555555555555556,0.6333333333333333,7.767041885844041,0.40811284691018423,0.5918871530898158,0.75,0.25,0.75,0.25,6,2,6,2,8,6,8,6,0.3415195941925049,0.05,,,,,,,,,,,0.3833286404472245,0.688570788131875
2177,train-load-0.8-scenario-649-retry-5,0.8,0.80625,0.5125,0.80625,11.217008910245703,0.7209599825250571,0.47904001747494296,0.8,0.2,0.8,0.2,8,2,8,2,10,8,10,8,0.5349389314651489,0.05,,,,,,,,,,,0.3833286404472245,0.688570788131875
2178,train-load-0.7-scenario-69-retry-1,0.7,0.6875,0.6875,0.4625,19.990857449118213,0.9615902957826143,0.5384097042173857,0.875,0.125,0.875,0.125,14,2,14,2,16,8,16,14,0.23696880042552948,0.05,,,,,,,,,,,0.3833286404472245,0.688570788131875
2179,train-load-0.6-scenario-203,0.6,0.539401875,0.539401875,0.441021875,18.00596059766204,1.5652984255494864,0.4347015744505136,1.0,0.0,1.0,0.0,10,0,11,0,11,8,10,10,0.29422348737716675,0.05,,,,,,,,,,,0.3833286404472245,0.688570788131875
2180,train-load-0.7-scenario-580,0.7,0.595365,0.5612729166666667,0.595365,11.066044743384907,1.1300782492753625,0.8699217507246375,1.0,0.0,1.0,0.0,7,0,8,0,8,5,7,7,0.25962767004966736,0.05,,,,,,,,,,,0.3833286404472245,0.688570788131875
2181,train-load-0.6-scenario-710-retry-1,0.6,0.7125,0.5,0.7125,17.326827413231193,1.209656118510644,0.4570105481560226,0.9166666666666666,0.08333333333333333,0.9166666666666666,0.08333333333333333,11,1,11,1,12,8,12,11,0.34886813163757324,0.05,,,,,,,,,,,0.3833286404472245,0.688570788131875
2182,train-load-0.6-scenario-208,0.6,0.5347222222222222,0.5347222222222222,0.38333333333333336,22.239209173476198,1.4240085580966815,0.5759914419033184,1.0,0.0,1.0,0.0,14,0,14,0,14,6,14,14,0.262332022190094,0.05,,,,,,,,,,,0.3833286404472245,0.688570788131875
2183,train-load-0.9-scenario-76-retry-1,0.9,0.8314498571428571,0.5815808928571429,0.8314498571428571,13.06280579009987,0.7048152943377866,0.6285180389955469,0.8333333333333334,0.16666666666666666,0.7692307692307693,0.23076923076923078,10,2,10,3,13,7,12,10,0.4124191701412201,0.05,,,,,,,,,,,0.3833286404472245,0.688570788131875
2184,train-load-0.9-scenario-745-retry-1,0.9,0.9166666666666666,0.4,0.9166666666666666,7.0367355455379865,0.0653073647923822,0.3346926352076177,0.6,0.4,0.6,0.4,6,4,6,4,10,6,10,6,0.2940126657485962,0.05,,,,,,,,,,,0.3833286404472245,0.688570788131875
2185,train-load-0.6-scenario-676,0.6,0.6159856666666667,0.40071805555555556,0.6159856666666667,13.854936566823152,1.3954645293513832,0.6045354706486168,1.0,0.0,1.0,0.0,8,0,8,0,8,6,8,8,0.3616710305213928,0.05,,,,,,,,,,,0.3833286404472245,0.688570788131875
2186,train-load-0.7-scenario-258,0.7,0.6577992857142857,0.415447619047619,0.6577992857142857,11.904433743639563,0.9055681297320738,0.6499874258234817,0.8888888888888888,0.1111111111111111,0.8,0.2,8,1,8,2,10,7,9,8,0.29607170820236206,0.05,,,,,,,,,,,0.3833286404472245,0.688570788131875
2187,train-load-0.9-scenario-26,0.9,1.0,0.39285714285714285,1.0,11.06409548406785,0.019036161275525654,0.7309638387244743,0.6875,0.3125,0.6875,0.3125,11,5,11,5,16,7,16,11,0.3122105002403259,0.05,,,,,,,,,,,0.3833286404472245,0.688570788131875
2188,train-load-0.7-scenario-9-retry-6,0.7,0.8,0.4444444444444444,0.8,3.1449983075344807,-0.3297972912348145,0.3297972912348145,0.5,0.5,0.5,0.5,4,4,4,4,8,6,8,4,0.3458936810493469,0.05,,,,,,,,,,,0.3833286404472245,0.688570788131875
2189,train-load-0.8-scenario-203,0.8,0.9,0.6,0.9,5.160366723727748,-0.11965326668405984,0.34187548890628217,0.5555555555555556,0.4444444444444444,0.5555555555555556,0.4444444444444444,5,4,5,4,9,5,9,5,0.31746673583984375,0.05,,,,,,,,,,,0.3833286404472245,0.688570788131875
2190,train-load-0.8-scenario-566,0.8,0.6890491428571428,0.5093464285714285,0.6890491428571428,13.63247125614896,1.0193111886571595,0.5806888113428407,0.9,0.1,0.8181818181818182,0.18181818181818182,9,1,9,2,11,7,10,9,0.46357446908950806,0.05,,,,,,,,,,,0.3833286404472245,0.688570788131875
2191,train-load-0.9-scenario-240,0.9,1.0,0.625,1.0,8.443410003429905,0.2566229551646496,0.5433770448353503,0.7,0.3,0.7,0.3,7,3,7,3,10,4,10,7,0.42083561420440674,0.05,,,,,,,,,,,0.3833286404472245,0.688570788131875
2192,train-load-0.9-scenario-607-retry-1,0.9,1.0,0.7,1.0,5.142284344372289,-0.2552852716224199,0.43710345344060164,0.5454545454545454,0.45454545454545453,0.5454545454545454,0.45454545454545453,6,5,6,5,11,6,11,6,0.28628847002983093,0.05,,,,,,,,,,,0.3833286404472245,0.688570788131875
2193,train-load-0.8-scenario-646,0.8,0.911322,0.5661753125,0.911322,9.938687399934384,0.9185503117771455,0.510021116794283,0.8571428571428571,0.14285714285714285,0.75,0.25,6,1,6,2,8,4,7,6,0.1214853823184967,0.05,,,,,,,,,,,0.3833286404472245,0.688570788131875
2194,train-load-0.7-scenario-233-retry-1,0.7,0.8,0.2152777777777778,0.8,17.267250969240138,1.046896513225796,0.6454111790818967,0.9230769230769231,0.07692307692307693,0.9230769230769231,0.07692307692307693,12,1,12,1,13,6,13,12,0.36858832836151123,0.05,,,,,,,,,,,0.3833286404472245,0.688570788131875
2195,train-load-0.7-scenario-123-retry-5,0.7,0.5833333333333334,0.5833333333333334,0.5571428571428572,22.687939351924552,1.4754499104549215,0.5245500895450784,1.0,0.0,1.0,0.0,14,0,14,0,14,7,14,14,0.8300279378890991,0.05,,,,,,,,,,,0.3833286404472245,0.688570788131875
2196,train-load-0.9-scenario-527,0.9,0.959115,0.7807005208333333,0.959115,12.596322458789231,1.0903245671109802,0.465230988444575,0.8888888888888888,0.1111111111111111,0.8,0.2,8,1,8,2,10,4,9,8,0.33568906784057617,0.05,,,,,,,,,,,0.3833286404472245,0.688570788131875
2197,train-load-1.0-scenario-698-retry-5,1.0,1.1,0.45,1.1,9.099728190754755,0.14376410564549025,0.5229025610211764,0.6666666666666666,0.3333333333333333,0.6666666666666666,0.3333333333333333,8,4,8,4,12,4,12,8,0.575179934501648,0.05,,,,,,,,,,,0.3833286404472245,0.688570788131875
2198,train-load-0.8-scenario-506,0.8,0.7905465625,0.7905465625,0.7273497499999999,8.942230203296807,0.7277487659086866,0.7008226626627418,0.8571428571428571,0.14285714285714285,0.75,0.25,6,1,6,2,8,4,7,6,0.30683237314224243,0.05,,,,,,,,,,,0.3833286404472245,0.688570788131875
2199,train-load-0.9-scenario-356-retry-1,0.9,0.9285714285714286,0.9285714285714286,0.18571428571428572,4.730412067515876,-0.49329253137271745,0.6471386852188712,0.5384615384615384,0.46153846153846156,0.5384615384615384,0.46153846153846156,7,6,7,6,13,7,13,7,0.7114677429199219,0.05,,,,,,,,,,,0.3833286404472245,0.688570788131875
2200,train-load-0.5-scenario-32-retry-1,0.5,0.425,0.3020833333333333,0.425,14.907689635338635,1.5140261310098835,0.48597386899011646,1.0,0.0,1.0,0.0,8,0,8,0,8,8,8,8,0.4863339066505432,0.05,0.37591861289543194,0.5273483615264758,0.725816743605477,0.27418325639452307,0.7118344560809388,0.28816554391906113,0.6736390189950754,0.7038594893062656,0.28196329710721724,0.7147760936460359,0.3833286404472245,0.688570788131875
2201,train-load-0.8-scenario-94,0.8,0.7434571666666666,0.6332008333333333,0.7434571666666666,11.593692681275314,0.8553255938356997,0.7002299617198557,0.8888888888888888,0.1111111111111111,0.8181818181818182,0.18181818181818182,8,1,9,2,11,6,9,8,0.3711087107658386,0.05,,,,,,,,,,,0.3833286404472245,0.688570788131875
2202,train-load-0.6-scenario-745,0.6,0.5693108,0.3158479166666667,0.5693108,9.681873252230178,1.293264368306158,0.706735631693842,1.0,0.0,1.0,0.0,5,0,6,0,6,5,5,5,0.2902366816997528,0.05,,,,,,,,,,,0.3833286404472245,0.688570788131875
2203,train-load-0.8-scenario-672-retry-2,0.8,0.825,0.22916666666666666,0.825,8.974444343857304,0.2737822340112137,0.6353086750796955,0.7272727272727273,0.2727272727272727,0.7272727272727273,0.2727272727272727,8,3,8,3,11,8,11,8,0.2969481945037842,0.05,,,,,,,,,,,0.3833286404472245,0.688570788131875
2204,train-hard-4gpu-4pod-2vgpu,0.25,0.25,0.16666666666666666,0.25,11.616666666666667,1.9166666666666665,0.08333333333333337,1.0,0.0,1.0,0.0,4,0,8,0,8,4,4,4,0.34612804651260376,0.05,,,,,,,,,,,0.3833286404472245,0.688570788131875
2205,train-load-0.9-scenario-218-retry-2,0.9,1.0,1.0,0.4375,2.3065551573382352,-0.483802353063287,0.483802353063287,0.5,0.5,0.5,0.5,4,4,4,4,8,4,8,4,0.28932440280914307,0.05,,,,,,,,,,,0.3833286404472245,0.688570788131875
2206,train-load-0.8-scenario-108-retry-1,0.8,0.875,0.7,0.875,13.352013284537488,0.7114722317825013,0.28852776821749876,0.75,0.25,0.75,0.25,9,3,9,3,12,6,12,9,0.2826142907142639,0.05,,,,,,,,,,,0.3833286404472245,0.688570788131875
2207,train-load-1.0-scenario-358,1.0,0.9035402857142857,0.7456953571428572,0.9035402857142857,12.717477406506301,0.36638266986390394,0.7764744729932389,0.7857142857142857,0.21428571428571427,0.6875,0.3125,11,3,11,5,16,7,14,11,0.3245256543159485,0.05,,,,,,,,,,,0.3833286404472245,0.688570788131875
2208,train-load-1.0-scenario-5-retry-9,1.0,1.00625,0.98125,1.00625,6.542836447725625,-0.8218210509022172,0.8218210509022172,0.5,0.5,0.5,0.5,11,11,11,11,22,8,22,11,0.3692944645881653,0.05,,,,,,,,,,,0.3833286404472245,0.688570788131875
2209,train-load-0.9-scenario-258-retry-1,0.9,0.7926638333333333,0.72383625,0.7926638333333333,15.599649743476956,0.8618825654228532,0.5227328191925312,0.8461538461538461,0.15384615384615385,0.8461538461538461,0.15384615384615385,11,2,11,2,13,6,13,11,0.47452402114868164,0.05,,,,,,,,,,,0.3833286404472245,0.688570788131875
2210,train-load-0.5-scenario-237,0.5,0.44186566666666666,0.2920934027777778,0.44186566666666666,11.639879569968961,1.4102493261419689,0.589750673858031,1.0,0.0,1.0,0.0,6,0,6,0,6,6,6,6,0.32014814019203186,0.05,,,,,,,,,,,0.3833286404472245,0.688570788131875
2211,train-load-0.7-scenario-158,0.7,0.68,0.68,0.22,10.226334349219247,0.7885072496369459,0.7114927503630541,0.875,0.125,0.875,0.125,7,1,7,1,8,5,8,7,0.2741106152534485,0.05,,,,,,,,,,,0.3833286404472245,0.688570788131875
2212,train-load-0.7-scenario-255,0.7,0.8,0.225,0.8,8.859197335227979,0.6174840669169606,0.38251593308303944,0.75,0.25,0.75,0.25,6,2,6,2,8,4,8,6,0.45519912242889404,0.05,,,,,,,,,,,0.3833286404472245,0.688570788131875
2213,train-load-0.9-scenario-251,0.9,0.7907833333333333,0.7907833333333333,0.6519437499999999,14.597580015911683,1.452484067452373,0.5475159325476271,1.0,0.0,1.0,0.0,8,0,9,0,9,4,8,8,0.4780573546886444,0.05,,,,,,,,,,,0.3833286404472245,0.688570788131875
2214,train-load-0.9-scenario-296,0.9,0.7853997142857143,0.5317871428571428,0.7853997142857143,13.75816909186176,0.8471033265184473,0.7892603098451889,0.9090909090909091,0.09090909090909091,0.8333333333333334,0.16666666666666666,10,1,10,2,12,7,11,10,0.6431223154067993,0.05,,,,,,,,,,,0.3833286404472245,0.688570788131875
2215,train-load-0.7-scenario-42-retry-1,0.7,0.6041666666666666,0.6041666666666666,0.1875,22.995519053974242,1.3706023884080647,0.6293976115919353,1.0,0.0,1.0,0.0,15,0,15,0,15,8,15,15,0.45439857244491577,0.05,,,,,,,,,,,0.3833286404472245,0.688570788131875
2216,train-load-0.8-scenario-693,0.8,0.8857142857142857,0.6,0.8857142857142857,10.389853604756956,0.7441896574168589,0.36692145369425233,0.7777777777777778,0.2222222222222222,0.7777777777777778,0.2222222222222222,7,2,7,2,9,7,9,7,0.2461300939321518,0.05,,,,,,,,,,,0.3833286404472245,0.688570788131875
2217,train-load-0.6-scenario-681,0.6,0.65,0.65,0.6,17.342365644113116,1.6869683731613119,0.31303162683868824,1.0,0.0,1.0,0.0,9,0,9,0,9,4,9,9,0.4283396899700165,0.05,,,,,,,,,,,0.3833286404472245,0.688570788131875
2218,train-load-1.0-scenario-638-retry-2,1.0,0.9333333333333333,0.9333333333333333,0.59,10.73836012988377,0.3575491601522707,0.6424508398477293,0.75,0.25,0.75,0.25,9,3,9,3,12,5,12,9,0.13273197412490845,0.05,,,,,,,,,,,0.3833286404472245,0.688570788131875
2219,train-load-0.6-scenario-420,0.6,0.5510942,0.3211735,0.5510942,11.312917891520136,1.3145098190752635,0.6854901809247365,1.0,0.0,1.0,0.0,6,0,6,0,6,5,6,6,0.33299940824508667,0.05,,,,,,,,,,,0.3833286404472245,0.688570788131875
2220,train-load-1.0-scenario-23,1.0,0.8835137999999999,0.6779575,0.8835137999999999,11.878609171780784,1.1028623739570262,0.39713762604297387,0.875,0.125,0.8,0.2,7,1,8,2,10,5,8,7,0.29177340865135193,0.05,,,,,,,,,,,0.3833286404472245,0.688570788131875
2221,train-load-0.8-scenario-3-retry-7,0.8,0.88,0.88,0.88,25.726260327278176,1.0506798499076098,0.22204742281966283,0.8181818181818182,0.18181818181818182,0.8181818181818182,0.18181818181818182,18,4,18,4,22,5,22,18,0.35190263390541077,0.05,,,,,,,,,,,0.3833286404472245,0.688570788131875
2222,train-load-0.6-scenario-187,0.6,0.56695175,0.4208728125,0.56695175,5.374859827195883,0.49073604486326616,0.7092639551367339,0.8,0.2,0.8,0.2,4,1,4,1,5,4,5,4,0.3506399393081665,0.05,,,,,,,,,,,0.3833286404472245,0.688570788131875
2223,train-load-0.5-scenario-46,0.5,0.6,0.2,0.6,13.85953533196044,1.397874358894556,0.6021256411054441,1.0,0.0,1.0,0.0,8,0,8,0,8,8,8,8,0.21340928971767426,0.05,,,,,,,,,,,0.3833286404472245,0.688570788131875
2224,train-hard-4gpu-12pod-small,0.375,0.375,0.25,0.375,22.316746824526945,1.875,0.125,1.0,0.0,1.0,0.0,12,0,12,0,12,4,12,12,0.2415139079093933,0.05,,,,,,,,,,,0.3833286404472245,0.688570788131875
2225,train-load-0.9-scenario-300-retry-10,0.9,1.0,1.0,1.0,3.949851235488344,-0.15917013172997585,0.15917013172997585,0.5,0.5,0.5,0.5,4,4,4,4,8,4,8,4,0.3970043659210205,0.05,,,,,,,,,,,0.3833286404472245,0.688570788131875
2226,train-load-0.8-scenario-562,0.8,0.7067021250000001,0.35164453125,0.7067021250000001,8.903514885449031,0.6021193660722006,0.8978806339277994,0.875,0.125,0.8,0.2,7,1,8,2,10,8,8,7,0.4255138039588928,0.05,,,,,,,,,,,0.3833286404472245,0.688570788131875
2227,train-load-0.7-scenario-451-retry-4,0.7,0.7361111111111112,0.7361111111111112,0.5166666666666667,25.73519275976532,1.6137419819121104,0.3862580180878897,1.0,0.0,1.0,0.0,16,0,16,0,16,6,16,16,0.4694432020187378,0.05,,,,,,,,,,,0.3833286404472245,0.688570788131875
2228,train-load-1.0-scenario-687-retry-4,1.0,1.0,0.6666666666666666,1.0,3.492560703102848,-0.4326795803121031,0.432679580312103,0.5,0.5,0.5,0.5,5,5,5,5,10,5,10,5,0.29074519872665405,0.05,,,,,,,,,,,0.3833286404472245,0.688570788131875
2229,train-load-0.8-scenario-42,0.8,0.8714285714285714,0.8285714285714286,0.8714285714285714,7.622386192593278,0.37139561115765896,0.628604388842341,0.75,0.25,0.6363636363636364,0.36363636363636365,6,2,7,4,11,7,8,6,0.2782455086708069,0.05,,,,,,,,,,,0.3833286404472245,0.688570788131875
2230,train-load-0.8-scenario-489,0.8,0.7471157142857142,0.7471157142857142,0.6593194285714286,16.36283482852577,0.8080252743484183,0.6205461542230102,0.8571428571428571,0.14285714285714285,0.8571428571428571,0.14285714285714285,12,2,12,2,14,7,14,12,0.3377283811569214,0.05,,,,,,,,,,,0.3833286404472245,0.688570788131875
2231,train-load-0.9-scenario-539-retry-3,0.9,1.0083333333333333,0.7333333333333333,1.0083333333333333,9.444641235022065,0.6658977612126411,0.33410223878735884,0.75,0.25,0.5294117647058824,0.47058823529411764,6,2,9,8,17,6,8,6,0.27416858077049255,0.05,,,,,,,,,,,0.3833286404472245,0.688570788131875
2232,train-load-0.8-scenario-569-retry-1,0.8,0.7129131999999999,0.705569,0.7129131999999999,10.171596176841561,0.632232679730877,0.47887843138023406,0.7777777777777778,0.2222222222222222,0.7777777777777778,0.2222222222222222,7,2,7,2,9,5,9,7,0.3781624138355255,0.05,,,,,,,,,,,0.3833286404472245,0.688570788131875
2233,train-load-1.0-scenario-702,1.0,1.1103342,0.7726864999999999,1.1103342,8.954053846698958,0.43697691852434206,0.6741341925867691,0.7777777777777778,0.2222222222222222,0.6666666666666666,0.3333333333333333,7,2,8,4,12,5,9,7,0.45033520460128784,0.05,,,,,,,,,,,0.3833286404472245,0.688570788131875
2234,train-load-0.7-scenario-440,0.7,0.75,0.75,0.75,17.061889066063912,0.8106359827998054,0.3893640172001947,0.8,0.2,0.8,0.2,12,3,12,3,15,8,15,12,0.198500856757164,0.05,,,,,,,,,,,0.3833286404472245,0.688570788131875
2235,train-load-0.8-scenario-95,0.8,0.9,0.5333333333333333,0.9,2.0568010456508996,-0.5493232258688817,0.5493232258688817,0.5,0.5,0.5555555555555556,0.4444444444444444,4,4,5,4,9,6,8,4,0.2886764407157898,0.05,,,,,,,,,,,0.3833286404472245,0.688570788131875
2236,train-load-0.5-scenario-733,0.5,0.493117,0.3583203125,0.493117,11.508484097347697,1.3811375591801351,0.6188624408198649,1.0,0.0,1.0,0.0,6,0,9,0,9,8,6,6,0.38600894808769226,0.05,,,,,,,,,,,0.3833286404472245,0.688570788131875
2237,train-load-1.0-scenario-614,1.0,1.0,1.0,0.475,7.604742869170176,-0.11623010082295815,0.5777685623614197,0.6153846153846154,0.38461538461538464,0.6153846153846154,0.38461538461538464,8,5,8,5,13,4,13,8,0.31477949023246765,0.05,,,,,,,,,,,0.3833286404472245,0.688570788131875
2238,train-load-0.8-scenario-579,0.8,0.7551297499999999,0.34547291666666663,0.7551297499999999,10.333979731556445,0.5742067163688745,0.6257932836311255,0.8,0.2,0.8,0.2,8,2,8,2,10,8,10,8,0.1467658281326294,0.05,,,,,,,,,,,0.3833286404472245,0.688570788131875
2239,train-load-1.0-scenario-208,1.0,0.96994025,0.706479375,0.96994025,9.56147908700136,0.6076494948040763,0.5034616163070349,0.7777777777777778,0.2222222222222222,0.7777777777777778,0.2222222222222222,7,2,7,2,9,4,9,7,0.4845999479293823,0.05,,,,,,,,,,,0.3833286404472245,0.688570788131875
2240,train-load-0.8-scenario-85,0.8,0.7418956666666667,0.5140654166666667,0.7418956666666667,11.470879948612177,0.814964502942059,0.7405910526134966,0.8888888888888888,0.1111111111111111,0.8181818181818182,0.18181818181818182,8,1,9,2,11,6,9,8,0.1909075826406479,0.05,,,,,,,,,,,0.3833286404472245,0.688570788131875
2241,train-load-0.6-scenario-738,0.6,0.6157392500000001,0.5252171875,0.6157392500000001,8.988662048438426,1.3955940464490428,0.6044059535509572,1.0,0.0,1.0,0.0,4,0,6,0,6,4,4,4,0.13938704133033752,0.05,,,,,,,,,,,0.3833286404472245,0.688570788131875
2242,train-load-0.5-scenario-144-retry-1,0.5,0.5875,0.2625,0.5875,7.821431635750519,0.38842404733707525,0.6115759526629247,0.75,0.25,0.75,0.25,6,2,6,2,8,8,8,6,0.2664826214313507,0.05,,,,,,,,,,,0.3833286404472245,0.688570788131875
2243,train-load-0.6-scenario-76,0.6,0.565496,0.3996495833333333,0.565496,13.994964890943985,1.339792182895728,0.6602078171042721,1.0,0.0,1.0,0.0,8,0,8,0,8,6,8,8,0.19159871339797974,0.05,,,,,,,,,,,0.3833286404472245,0.688570788131875
2244,train-load-0.9-scenario-96,0.9,0.7994509999999999,0.54300875,0.7994509999999999,7.684223378073771,0.6124013219254861,0.8161701066459424,0.8571428571428571,0.14285714285714285,0.8571428571428571,0.14285714285714285,6,1,6,1,7,4,7,6,0.1585819125175476,0.05,,,,,,,,,,,0.3833286404472245,0.688570788131875
2245,train-load-1.0-scenario-24-retry-2,1.0,0.9085693333333335,0.6925090277777778,0.9085693333333335,12.104066662782143,0.4418418104755354,0.6350812664475416,0.7692307692307693,0.23076923076923078,0.7692307692307693,0.23076923076923078,10,3,10,3,13,6,13,10,0.23795868456363678,0.05,,,,,,,,,,,0.3833286404472245,0.688570788131875
2246,train-hard-4gpu-12pod-small,0.375,0.375,0.25,0.375,22.316746824526945,1.875,0.125,1.0,0.0,1.0,0.0,12,0,12,0,12,4,12,12,0.3643852472305298,0.05,,,,,,,,,,,0.3833286404472245,0.688570788131875
2247,train-load-0.7-scenario-450,0.7,0.61093025,0.40472374999999994,0.61093025,15.146446514694109,1.3646098894665517,0.6353901105334482,1.0,0.0,1.0,0.0,9,0,10,0,10,8,9,9,0.410237580537796,0.05,,,,,,,,,,,0.3833286404472245,0.688570788131875
2248,train-load-0.7-scenario-625-retry-5,0.7,0.75,0.25,0.75,6.110521898568103,0.042523046782514284,0.6241436198841523,0.6666666666666666,0.3333333333333333,0.6666666666666666,0.3333333333333333,6,3,6,3,9,6,9,6,0.31631672382354736,0.05,,,,,,,,,,,0.3833286404472245,0.688570788131875
2249,train-load-0.6-scenario-522,0.6,0.5339139285714286,0.5339139285714286,0.5007134285714285,16.05948415391462,1.270648333178798,0.7293516668212019,1.0,0.0,1.0,0.0,10,0,10,0,10,7,10,10,0.30992960929870605,0.05,,,,,,,,,,,0.3833286404472245,0.688570788131875
2250,train-load-1.0-scenario-650-retry-2,1.0,0.9714285714285714,0.6428571428571429,0.9714285714285714,5.562294464596707,-0.04990394491641548,0.7165706115830821,0.6666666666666666,0.3333333333333333,0.5384615384615384,0.46153846153846156,6,3,7,6,13,7,9,6,0.32616421580314636,0.05,,,,,,,,,,,0.3833286404472245,0.688570788131875
2251,train-load-0.7-scenario-383,0.7,0.7339325,0.4806641666666667,0.7339325,15.85936813040664,1.4706221145786058,0.5293778854213942,1.0,0.0,1.0,0.0,9,0,10,0,10,6,9,9,0.2581614851951599,0.05,,,,,,,,,,,0.3833286404472245,0.688570788131875
2252,train-load-0.8-scenario-531-retry-1,0.8,0.8958333333333334,0.8958333333333334,0.775,7.082219741491682,-0.007237599076594714,0.5526921445311401,0.6363636363636364,0.36363636363636365,0.6,0.4,7,4,9,6,15,8,11,7,0.3964490592479706,0.05,,,,,,,,,,,0.3833286404472245,0.688570788131875
2253,train-load-1.0-scenario-121,1.0,1.00952125,0.5868709375,1.00952125,16.1470806182153,0.8051327131182245,0.623438715453204,0.8571428571428571,0.14285714285714285,0.75,0.25,12,2,12,4,16,8,14,12,0.23906075954437256,0.05,,,,,,,,,,,0.3833286404472245,0.688570788131875
2254,train-load-1.0-scenario-3-retry-6,1.0,1.03125,0.34375,1.03125,6.164212916200406,-0.15496388652465543,0.7004184319792008,0.6363636363636364,0.36363636363636365,0.6363636363636364,0.36363636363636365,7,4,7,4,11,8,11,7,0.20420025289058685,0.05,,,,,,,,,,,0.3833286404472245,0.688570788131875
2255,train-load-0.5-scenario-182,0.5,0.47289250000000005,0.47289250000000005,0.3517012,10.197055620648054,1.373641771577457,0.6263582284225431,1.0,0.0,1.0,0.0,5,0,6,0,6,5,5,5,0.39738619327545166,0.05,,,,,,,,,,,0.3833286404472245,0.688570788131875
2256,train-load-0.7-scenario-502,0.7,0.7885628333333333,0.49214479166666664,0.7885628333333333,11.25434071492866,0.8165067097201412,0.7390488458354143,0.8888888888888888,0.1111111111111111,0.8,0.2,8,1,8,2,10,6,9,8,0.21273173391819,0.05,,,,,,,,,,,0.3833286404472245,0.688570788131875
2257,train-hard-4gpu-8pod-1vgpu,0.5,0.5,0.3333333333333333,0.5,16.42232909936926,1.8333333333333335,0.16666666666666663,1.0,0.0,1.0,0.0,8,0,8,0,8,4,8,8,0.29640284180641174,0.05,,,,,,,,,,,0.3833286404472245,0.688570788131875
2258,train-load-0.7-scenario-300-retry-1,0.7,0.7928571428571428,0.4642857142857143,0.7928571428571428,16.542651732614456,1.3958628441520093,0.6041371558479907,1.0,0.0,1.0,0.0,10,0,10,0,10,7,10,10,0.22041039168834686,0.05,,,,,,,,,,,0.3833286404472245,0.688570788131875
2259,train-load-1.0-scenario-526,1.0,0.8897011666666667,0.5726375,0.8897011666666667,12.086921943428788,0.6257034789111622,0.6470237938161106,0.8181818181818182,0.18181818181818182,0.75,0.25,9,2,9,3,12,6,11,9,0.4922451972961426,0.05,,,,,,,,,,,0.3833286404472245,0.688570788131875
2260,train-load-0.5-scenario-5,0.5,0.5714285714285714,0.38095238095238093,0.5714285714285714,12.472971340884925,1.1347039256262739,0.36529607437372624,0.875,0.125,0.875,0.125,7,1,7,1,8,7,8,7,0.3648313283920288,0.05,,,,,,,,,,,0.3833286404472245,0.688570788131875
2261,train-load-0.5-scenario-414,0.5,0.5417103333333334,0.383559375,0.5417103333333334,6.028451215599727,0.5784487783884569,0.6215512216115432,0.8,0.2,0.75,0.25,4,1,6,2,8,6,5,4,0.29517245292663574,0.05,,,,,,,,,,,0.3833286404472245,0.688570788131875
2262,train-load-0.7-scenario-617-retry-1,0.7,0.65,0.65,0.58,17.864762588750853,1.5769237431348582,0.4230762568651419,1.0,0.0,1.0,0.0,10,0,10,0,10,5,10,10,0.356960266828537,0.05,,,,,,,,,,,0.3833286404472245,0.688570788131875
2263,train-load-0.9-scenario-324-retry-4,0.9,0.8,0.8,0.4,24.975896368546927,1.0463832058877414,0.5536167941122587,0.9,0.1,0.9,0.1,18,2,18,2,20,5,20,18,0.17925328016281128,0.05,,,,,,,,,,,0.3833286404472245,0.688570788131875
2264,train-load-0.9-scenario-651-retry-1,0.9,0.92,0.6666666666666666,0.92,11.247187845296027,0.7150116757682242,0.48498832423177585,0.8,0.2,0.8,0.2,8,2,8,2,10,5,10,8,0.19332578778266907,0.05,,,,,,,,,,,0.3833286404472245,0.688570788131875
2265,train-load-0.6-scenario-436,0.6,0.520867,0.41051770833333334,0.520867,14.959114486249284,1.3163550304160918,0.6836449695839082,1.0,0.0,1.0,0.0,9,0,10,0,10,8,9,9,0.1655140519142151,0.05,,,,,,,,,,,0.3833286404472245,0.688570788131875
2266,train-load-0.5-scenario-486,0.5,0.5714285714285714,0.5714285714285714,0.45714285714285713,12.672570000455575,1.1658952413134047,0.3341047586865954,0.875,0.125,0.875,0.125,7,1,7,1,8,7,8,7,0.4011642336845398,0.05,,,,,,,,,,,0.3833286404472245,0.688570788131875
2267,train-load-0.9-scenario-470-retry-7,0.9,1.0,1.0,0.5,5.699683361646352,-0.2765657432942288,0.27656574329422884,0.5,0.5,0.5,0.5,6,6,6,6,12,6,12,6,0.33719098567962646,0.05,,,,,,,,,,,0.3833286404472245,0.688570788131875
2268,train-load-0.8-scenario-188-retry-1,0.8,0.6833333333333333,0.6833333333333333,0.65,18.6036271198629,1.5276973795350597,0.4723026204649403,1.0,0.0,1.0,0.0,11,0,18,0,18,6,11,11,0.23385241627693176,0.05,,,,,,,,,,,0.3833286404472245,0.688570788131875
2269,train-load-1.0-scenario-511-retry-11,1.0,1.0,1.0,0.88125,10.104939443939058,-0.0007249214036534335,0.6673915880703201,0.6666666666666666,0.3333333333333333,0.6666666666666666,0.3333333333333333,10,5,10,5,15,8,15,10,0.3414069414138794,0.05,,,,,,,,,,,0.3833286404472245,0.688570788131875
2270,train-load-0.8-scenario-431,0.8,0.71956,0.634268125,0.71956,13.736083940279777,1.5462078926605725,0.45379210733942765,1.0,0.0,1.0,0.0,7,0,7,0,7,4,7,7,0.43274828791618347,0.05,,,,,,,,,,,0.3833286404472245,0.688570788131875
2271,train-load-0.5-scenario-2,0.5,0.5512440000000001,0.22677,0.5512440000000001,9.176627205916187,1.4268445794289462,0.5731554205710538,1.0,0.0,1.0,0.0,4,0,4,0,4,4,4,4,0.24010273814201355,0.05,,,,,,,,,,,0.3833286404472245,0.688570788131875
2272,train-load-0.8-scenario-341-retry-3,0.8,0.9125,0.7083333333333334,0.9125,8.539689871586537,-0.012478758471853646,0.47401722001031515,0.6153846153846154,0.38461538461538464,0.6153846153846154,0.38461538461538464,8,5,8,5,13,8,13,8,0.2339460253715515,0.05,,,,,,,,,,,0.3833286404472245,0.688570788131875
2273,train-load-1.0-scenario-142-retry-5,1.0,1.075,0.5,1.075,1.5091468495598728,-0.5797854030459919,0.5797854030459919,0.5,0.5,0.5,0.5,4,4,4,4,8,4,8,4,0.3979814648628235,0.05,,,,,,,,,,,0.3833286404472245,0.688570788131875
2274,train-load-0.8-scenario-591,0.8,0.75625,0.675,0.75625,29.66600420926352,1.5388705014759523,0.26112949852404754,0.95,0.05,0.95,0.05,19,1,19,1,20,8,20,19,0.16761058568954468,0.05,,,,,,,,,,,0.3833286404472245,0.688570788131875
2275,train-load-0.6-scenario-79,0.6,0.6422127500000001,0.5633526041666667,0.6422127500000001,11.674055119165716,1.4242690179063822,0.5757309820936178,1.0,0.0,1.0,0.0,6,0,7,0,7,4,6,6,0.2372046858072281,0.05,,,,,,,,,,,0.3833286404472245,0.688570788131875
2276,train-load-0.8-scenario-370,0.8,0.9,0.435,0.9,3.9247106655612143,-0.18640747243948086,0.6864074724394809,0.625,0.375,0.625,0.375,5,3,5,3,8,5,8,5,0.27105778455734253,0.05,,,,,,,,,,,0.3833286404472245,0.688570788131875
2277,train-load-0.7-scenario-120,0.7,0.62211575,0.42361302083333335,0.62211575,15.530277598464636,1.3583369164605639,0.6416630835394362,1.0,0.0,1.0,0.0,9,0,11,0,11,8,9,9,0.2619500160217285,0.05,,,,,,,,,,,0.3833286404472245,0.688570788131875
2278,train-load-1.0-scenario-718,1.0,0.972503875,0.6812510416666666,0.972503875,13.373885571039853,0.456368579456742,0.6864885634004009,0.7857142857142857,0.21428571428571427,0.7222222222222222,0.2777777777777778,11,3,13,5,18,8,14,11,0.37560775876045227,0.05,,,,,,,,,,,0.3833286404472245,0.688570788131875
2279,train-load-0.9-scenario-315,0.9,0.8121508749999999,0.5236334375,0.8121508749999999,15.086133132118317,1.039401578765744,0.5969620575978922,0.9090909090909091,0.09090909090909091,0.8571428571428571,0.14285714285714285,10,1,12,2,14,8,11,10,0.1888670027256012,0.05,,,,,,,,,,,0.3833286404472245,0.688570788131875
2280,train-load-0.5-scenario-298,0.5,0.4294004,0.182237,0.4294004,8.232273851404827,1.268370658777467,0.731629341222533,1.0,0.0,1.0,0.0,4,0,4,0,4,5,4,4,0.352241188287735,0.05,,,,,,,,,,,0.3833286404472245,0.688570788131875
2281,train-load-0.5-scenario-357,0.5,0.5933401428571429,0.27750625,0.5933401428571429,10.940548841392479,1.2921241189769708,0.7078758810230292,1.0,0.0,1.0,0.0,6,0,7,0,7,7,6,6,0.4848475158214569,0.05,,,,,,,,,,,0.3833286404472245,0.688570788131875
2282,train-load-0.8-scenario-297,0.8,0.714329,0.5999433333333334,0.714329,10.515047861690341,0.8508530754279717,0.6491469245720283,0.875,0.125,0.7777777777777778,0.2222222222222222,7,1,7,2,9,5,8,7,0.21852046251296997,0.05,,,,,,,,,,,0.3833286404472245,0.688570788131875
2283,train-load-0.8-scenario-86,0.8,0.8832905,0.839565625,0.8832905,4.601842869038649,0.02248226594477365,0.8346605911980836,0.7142857142857143,0.2857142857142857,0.5555555555555556,0.4444444444444444,5,2,5,4,9,4,7,5,0.11719710379838943,0.05,,,,,,,,,,,0.3833286404472245,0.688570788131875
2284,train-load-1.0-scenario-20-retry-3,1.0,1.0416666666666667,1.0416666666666667,0.75,11.204290382677431,0.6195796315113167,0.2895112775795925,0.7272727272727273,0.2727272727272727,0.7272727272727273,0.2727272727272727,8,3,8,3,11,4,11,8,0.20231562852859497,0.05,,,,,,,,,,,0.3833286404472245,0.688570788131875
2285,train-load-0.7-scenario-642,0.7,0.647916,0.35807625,0.647916,3.8583571546340285,0.3111545142723148,0.8888454857276853,0.8,0.2,0.8,0.2,4,1,4,1,5,4,5,4,0.39326897263526917,0.05,,,,,,,,,,,0.3833286404472245,0.688570788131875
2286,train-load-0.7-scenario-691,0.7,0.6149239999999999,0.5381817708333333,0.6149239999999999,7.5556981534382395,0.6977420999034873,0.6355912334298461,0.8333333333333334,0.16666666666666666,0.8333333333333334,0.16666666666666666,5,1,5,1,6,4,6,5,0.2953018546104431,0.05,,,,,,,,,,,0.3833286404472245,0.688570788131875
2287,train-load-0.9-scenario-399,0.9,1.0,1.0,0.88,5.82894121240172,0.23781398650917396,0.2621860134908261,0.625,0.375,0.625,0.375,5,3,5,3,8,5,8,5,0.2698010206222534,0.05,,,,,,,,,,,0.3833286404472245,0.688570788131875
2288,train-load-0.6-scenario-281,0.6,0.5227566,0.40928749999999997,0.5227566,9.873172196131517,1.3275897206807152,0.6724102793192847,1.0,0.0,1.0,0.0,5,0,6,0,6,5,5,5,0.22665618360042572,0.05,,,,,,,,,,,0.3833286404472245,0.688570788131875
2289,train-load-0.7-scenario-669,0.7,0.634871,0.4987809375,0.634871,17.77570822726467,1.3865875051884404,0.6134124948115596,1.0,0.0,1.0,0.0,11,0,12,0,12,8,11,11,0.30310872197151184,0.05,,,,,,,,,,,0.3833286404472245,0.688570788131875
2290,train-load-0.7-scenario-376-retry-2,0.7,0.6875,0.4583333333333333,0.6875,19.270739191076064,1.6146080900723,0.3853919099276999,1.0,0.0,1.0,0.0,11,0,11,0,11,4,11,11,0.19593092799186707,0.05,,,,,,,,,,,0.3833286404472245,0.688570788131875
2291,train-hard-4gpu-12pod-small,0.375,0.375,0.25,0.375,22.316746824526945,1.875,0.125,1.0,0.0,1.0,0.0,12,0,12,0,12,4,12,12,0.21118220686912537,0.05,,,,,,,,,,,0.3833286404472245,0.688570788131875
2292,train-load-0.7-scenario-305-retry-5,0.7,0.8,0.8,0.4,5.210200810242097,0.01654168928708344,0.48345831071291656,0.625,0.375,0.625,0.375,5,3,5,3,8,5,8,5,0.23836156725883484,0.05,,,,,,,,,,,0.3833286404472245,0.688570788131875
2293,train-hard-8gpu-16pod-1vgpu,0.5,0.5,0.3333333333333333,0.5,27.21738182198293,1.8333333333333335,0.16666666666666663,1.0,0.0,1.0,0.0,16,0,16,0,16,8,16,16,0.09865391999483109,0.05,,,,,,,,,,,0.3833286404472245,0.688570788131875
2294,train-load-0.9-scenario-520-retry-3,0.9,1.0,0.9166666666666666,1.0,4.585601049530106,-0.15385559182886543,0.37607781405108776,0.5555555555555556,0.4444444444444444,0.5555555555555556,0.4444444444444444,5,4,5,4,9,4,9,5,0.2710500955581665,0.05,,,,,,,,,,,0.3833286404472245,0.688570788131875
2295,train-load-0.6-scenario-687,0.6,0.5,0.2,0.5,22.50881349671494,1.455007272019508,0.544992727980492,1.0,0.0,1.0,0.0,14,0,14,0,14,7,14,14,0.29217636585235596,0.05,,,,,,,,,,,0.3833286404472245,0.688570788131875
2296,train-load-0.5-scenario-411-retry-2,0.5,0.5142857142857142,0.5142857142857142,0.5142857142857142,17.096722111604667,1.5964371520618794,0.4035628479381205,1.0,0.0,1.0,0.0,9,0,9,0,9,7,9,9,0.3796984851360321,0.05,,,,,,,,,,,0.3833286404472245,0.688570788131875
2297,train-load-1.0-scenario-419-retry-1,1.0,1.0833333333333333,1.0833333333333333,0.9,9.542827852627056,0.660307303966664,0.3396926960333359,0.75,0.25,0.6666666666666666,0.3333333333333333,6,2,8,4,12,4,8,6,0.10012951493263245,0.05,,,,,,,,,,,0.3833286404472245,0.688570788131875
2298,train-load-0.7-scenario-263-retry-1,0.7,0.5928571428571429,0.44285714285714284,0.5928571428571429,19.03743302524393,1.5499760260856585,0.45002397391434157,1.0,0.0,1.0,0.0,11,0,11,0,11,7,11,11,0.20138686895370483,0.05,,,,,,,,,,,0.3833286404472245,0.688570788131875
2299,train-load-1.0-scenario-475,1.0,0.9062472,0.4248545833333333,0.9062472,7.2438838775288446,0.6573089558183418,0.6760243775149916,0.8333333333333334,0.16666666666666666,0.75,0.25,5,1,6,2,8,5,6,5,0.15371277928352356,0.05,,,,,,,,,,,0.3833286404472245,0.688570788131875
2300,train-load-0.7-scenario-157,0.7,0.7063687142857142,0.3794826785714286,0.7063687142857142,11.17598904873752,1.3428834275167827,0.6571165724832173,1.0,0.0,1.0,0.0,6,0,9,0,9,7,6,6,0.2919881343841553,0.05,0.3719124473087811,0.5231955868641788,0.7237770085432399,0.27622299145676,0.709932767270161,0.29006723272983914,0.6634406460642269,0.6864274479779218,0.28827878582407057,0.7162786076344165,0.3833286404472245,0.688570788131875
2301,train-load-0.8-scenario-500,0.8,0.7048496666666667,0.47070972222222224,0.7048496666666667,14.392968344373315,1.4229878927236719,0.577012107276328,1.0,0.0,1.0,0.0,8,0,9,0,9,6,8,8,0.2238229215145111,0.05,,,,,,,,,,,0.3833286404472245,0.688570788131875
2302,train-load-0.8-scenario-233,0.8,0.68,0.68,0.68,27.93114390075624,1.6777431232122237,0.32225687678777626,1.0,0.0,1.0,0.0,17,0,17,0,17,5,17,17,0.3471266031265259,0.05,,,,,,,,,,,0.3833286404472245,0.688570788131875
2303,train-load-0.7-scenario-83,0.7,0.6053443749999999,0.29535416666666664,0.6053443749999999,14.63940895061003,1.286205841969569,0.713794158030431,1.0,0.0,1.0,0.0,9,0,9,0,9,8,9,9,0.24477176368236542,0.05,,,,,,,,,,,0.3833286404472245,0.688570788131875
2304,train-load-1.0-scenario-120-retry-1,1.0,1.0357142857142858,0.4642857142857143,1.0357142857142858,8.896413364356395,0.48748920984490685,0.6236219012662043,0.7777777777777778,0.2222222222222222,0.6923076923076923,0.3076923076923077,7,2,9,4,13,7,9,7,0.4404163360595703,0.05,,,,,,,,,,,0.3833286404472245,0.688570788131875
2305,train-load-1.0-scenario-476,1.0,0.88616775,0.3945208333333334,0.88616775,12.835374804026888,0.6211344711083271,0.7121988622250064,0.8333333333333334,0.16666666666666666,0.7692307692307693,0.23076923076923078,10,2,10,3,13,8,12,10,0.2556203603744507,0.05,,,,,,,,,,,0.3833286404472245,0.688570788131875
2306,train-load-0.9-scenario-595,0.9,0.9722222222222222,0.9722222222222222,0.9,8.920599779295479,-0.11469148573954069,0.6861200571681122,0.6428571428571429,0.35714285714285715,0.6428571428571429,0.35714285714285715,9,5,9,5,14,6,14,9,0.2638694643974304,0.05,,,,,,,,,,,0.3833286404472245,0.688570788131875
2307,train-load-0.6-scenario-462,0.6,0.5475375714285714,0.2747047619047619,0.5475375714285714,10.747235732349413,1.2709523298135978,0.7290476701864022,1.0,0.0,1.0,0.0,6,0,7,0,7,7,6,6,0.4173882305622101,0.05,,,,,,,,,,,0.3833286404472245,0.688570788131875
2308,train-load-1.0-scenario-175-retry-2,1.0,1.08,1.08,1.08,4.827068230463485,-0.17551092797127232,0.3977331501934946,0.5555555555555556,0.4444444444444444,0.4166666666666667,0.5833333333333334,5,4,5,7,12,5,9,5,0.28731030225753784,0.05,,,,,,,,,,,0.3833286404472245,0.688570788131875
2309,train-load-0.9-scenario-620,0.9,0.79013925,0.6791603125,0.79013925,12.484604623734885,0.33080672649242354,0.8120504163647193,0.7857142857142857,0.21428571428571427,0.7647058823529411,0.23529411764705882,11,3,13,4,17,8,14,11,0.29544708132743835,0.05,,,,,,,,,,,0.3833286404472245,0.688570788131875
2310,train-load-0.6-scenario-627-retry-1,0.6,0.48,0.48,0.48,21.442550178185968,1.6668463128660314,0.33315368713396876,1.0,0.0,1.0,0.0,12,0,12,0,12,5,12,12,0.2332022339105606,0.05,,,,,,,,,,,0.3833286404472245,0.688570788131875
2311,train-load-0.9-scenario-709,0.9,0.8664984,0.567875,0.8664984,7.1398757882792,0.1845440722460039,0.9265670388651073,0.7777777777777778,0.2222222222222222,0.7,0.3,7,2,7,3,10,5,9,7,0.43871116638183594,0.05,,,,,,,,,,,0.3833286404472245,0.688570788131875
2312,train-load-0.6-scenario-552,0.6,0.5191795,0.23796770833333333,0.5191795,7.987921116502911,1.2398624535074292,0.7601375464925708,1.0,0.0,1.0,0.0,4,0,4,0,4,4,4,4,0.2561984062194824,0.05,,,,,,,,,,,0.3833286404472245,0.688570788131875
2313,train-load-1.0-scenario-717-retry-1,1.0,0.9048796,0.5221675,0.9048796,13.843256408896536,1.2215866825015897,0.3339688730539655,0.8888888888888888,0.1111111111111111,0.8,0.2,8,1,8,2,10,5,9,8,0.2923036217689514,0.05,,,,,,,,,,,0.3833286404472245,0.688570788131875
2314,train-load-0.7-scenario-631-retry-3,0.7,0.6,0.6,0.51,25.549787600751973,1.7315654651141341,0.2684345348858658,1.0,0.0,1.0,0.0,15,0,15,0,15,5,15,15,0.4284098744392395,0.05,,,,,,,,,,,0.3833286404472245,0.688570788131875
2315,train-load-0.6-scenario-238,0.6,0.5149998571428571,0.3349310714285714,0.5149998571428571,11.478921202598087,1.170006423214367,0.829993576785633,1.0,0.0,1.0,0.0,7,0,8,0,8,7,7,7,0.2698654234409332,0.05,,,,,,,,,,,0.3833286404472245,0.688570788131875
2316,train-hard-4gpu-8pod-1vgpu,0.5,0.5,0.3333333333333333,0.5,16.42232909936926,1.8333333333333335,0.16666666666666663,1.0,0.0,1.0,0.0,8,0,8,0,8,4,8,8,0.2721341848373413,0.05,,,,,,,,,,,0.3833286404472245,0.688570788131875
2317,train-load-0.7-scenario-294,0.7,0.7857142857142857,0.7857142857142857,0.6285714285714286,8.790475735951755,0.2618999706708577,0.28355457478368773,0.6363636363636364,0.36363636363636365,0.6363636363636364,0.36363636363636365,7,4,7,4,11,7,11,7,0.15131637454032898,0.05,,,,,,,,,,,0.3833286404472245,0.688570788131875
2318,train-load-1.0-scenario-42-retry-6,1.0,0.9333333333333333,0.9333333333333333,0.7,9.857379582253909,0.11910407481755947,0.45232449661101204,0.6428571428571429,0.35714285714285715,0.6428571428571429,0.35714285714285715,9,5,9,5,14,5,14,9,0.30457139015197754,0.05,,,,,,,,,,,0.3833286404472245,0.688570788131875
2319,train-load-0.8-scenario-146,0.8,0.70909475,0.57568125,0.70909475,12.190540006056507,1.4864154719444131,0.5135845280555869,1.0,0.0,1.0,0.0,6,0,7,0,7,4,6,6,0.35192105174064636,0.05,,,,,,,,,,,0.3833286404472245,0.688570788131875
2320,train-load-0.5-scenario-675,0.5,0.50522275,0.203601875,0.50522275,10.794278679819062,1.2779726679341334,0.7220273320658667,1.0,0.0,1.0,0.0,6,0,7,0,7,8,6,6,0.34687331318855286,0.05,,,,,,,,,,,0.3833286404472245,0.688570788131875
2321,train-load-0.6-scenario-209-retry-1,0.6,0.5625,0.5625,0.45,13.895859384473527,1.1859851844699856,0.36957037108556967,0.8888888888888888,0.1111111111111111,0.8888888888888888,0.1111111111111111,8,1,8,1,9,8,9,8,0.28083357214927673,0.05,,,,,,,,,,,0.3833286404472245,0.688570788131875
2322,train-load-1.0-scenario-285,1.0,1.0357142857142858,0.7619047619047619,1.0357142857142858,16.018145807274628,0.4499853919046155,0.28685671335854235,0.6842105263157895,0.3157894736842105,0.6842105263157895,0.3157894736842105,13,6,13,6,19,7,19,13,0.271084725856781,0.05,,,,,,,,,,,0.3833286404472245,0.688570788131875
2323,train-load-0.6-scenario-402,0.6,0.5238095238095238,0.5238095238095238,0.2857142857142857,14.701034995452197,1.469257087387947,0.530742912612053,1.0,0.0,1.0,0.0,8,0,8,0,8,7,8,8,0.306673139333725,0.05,,,,,,,,,,,0.3833286404472245,0.688570788131875
2324,train-load-1.0-scenario-385,1.0,0.9956495,0.4529515625,0.9956495,6.246685850754968,0.5075465427901271,0.8257867905432064,0.8333333333333334,0.16666666666666666,0.7142857142857143,0.2857142857142857,5,1,5,2,7,4,6,5,0.3550034761428833,0.05,,,,,,,,,,,0.3833286404472245,0.688570788131875
2325,train-load-0.5-scenario-559,0.5,0.45059333333333335,0.2886366666666667,0.45059333333333335,10.497752377016756,1.2157338415965984,0.7842661584034016,1.0,0.0,1.0,0.0,6,0,6,0,6,6,6,6,0.43544310331344604,0.05,,,,,,,,,,,0.3833286404472245,0.688570788131875
2326,train-hard-4gpu-12pod-small,0.375,0.375,0.25,0.375,22.316746824526945,1.875,0.125,1.0,0.0,1.0,0.0,12,0,12,0,12,4,12,12,0.38571444153785706,0.05,,,,,,,,,,,0.3833286404472245,0.688570788131875
2327,train-load-0.8-scenario-659,0.8,0.748587,0.44372468749999994,0.748587,13.634583058561859,0.9844651440219476,0.6155348559780526,0.9,0.1,0.8333333333333334,0.16666666666666666,9,1,10,2,12,8,10,9,0.25064635276794434,0.05,,,,,,,,,,,0.3833286404472245,0.688570788131875
2328,train-load-0.8-scenario-418,0.8,0.7073770833333334,0.7073770833333334,0.6891805000000001,13.143303288245836,1.055487244445093,0.5000683111104623,0.8888888888888888,0.1111111111111111,0.8181818181818182,0.18181818181818182,8,1,9,2,11,6,9,8,0.18780583143234253,0.05,,,,,,,,,,,0.3833286404472245,0.688570788131875
2329,train-load-0.8-scenario-421-retry-5,0.8,0.7142857142857143,0.2857142857142857,0.7142857142857143,29.988734179527377,1.4567553913342115,0.5432446086657885,1.0,0.0,1.0,0.0,20,0,20,0,20,7,20,20,0.1886322796344757,0.05,,,,,,,,,,,0.3833286404472245,0.688570788131875
2330,train-load-0.8-scenario-586,0.8,0.809277,0.3905489583333333,0.809277,6.9524396477709045,0.6277136628483357,0.7056196704849977,0.8333333333333334,0.16666666666666666,0.7142857142857143,0.2857142857142857,5,1,5,2,7,4,6,5,0.20631155371665955,0.05,,,,,,,,,,,0.3833286404472245,0.688570788131875
2331,train-load-0.6-scenario-678,0.6,0.6187504,0.27400708333333335,0.6187504,9.364675037997698,1.2724055506954797,0.7275944493045203,1.0,0.0,1.0,0.0,5,0,6,0,6,5,5,5,0.2957180142402649,0.05,,,,,,,,,,,0.3833286404472245,0.688570788131875
2332,train-load-0.5-scenario-525-retry-6,0.5,0.55,0.4375,0.55,15.99006867169644,1.6898586284078405,0.31014137159215943,1.0,0.0,1.0,0.0,8,0,8,0,8,8,8,8,0.463395893573761,0.05,,,,,,,,,,,0.3833286404472245,0.688570788131875
2333,train-load-0.7-scenario-281-retry-1,0.7,0.8,0.06666666666666667,0.8,6.411591966720853,0.2785477280327394,0.7214522719672606,0.75,0.25,0.75,0.25,6,2,6,2,8,6,8,6,0.42658260464668274,0.05,,,,,,,,,,,0.3833286404472245,0.688570788131875
2334,train-load-0.6-scenario-138,0.6,0.5428571428571428,0.12857142857142856,0.5428571428571428,12.2277782629597,1.1072732987953673,0.8927267012046326,1.0,0.0,1.0,0.0,8,0,8,0,8,7,8,8,0.2902640402317047,0.05,,,,,,,,,,,0.3833286404472245,0.688570788131875
2335,train-load-0.5-scenario-62,0.5,0.4744238,0.27171649999999997,0.4744238,8.66991962050631,1.3400484396032064,0.6599515603967936,1.0,0.0,1.0,0.0,4,0,5,0,5,5,4,4,0.24865685403347015,0.05,,,,,,,,,,,0.3833286404472245,0.688570788131875
2336,train-load-1.0-scenario-112-retry-19,1.0,0.9,0.7333333333333333,0.9,12.62859193013919,0.7116692248324071,0.5610580478948657,0.8181818181818182,0.18181818181818182,0.7333333333333333,0.26666666666666666,9,2,11,4,15,6,11,9,0.3084639012813568,0.05,,,,,,,,,,,0.3833286404472245,0.688570788131875
2337,train-load-1.0-scenario-525,1.0,0.9509855,0.5002635416666666,0.9509855,10.001940409997584,0.9238813314108162,0.5046900971606122,0.8571428571428571,0.14285714285714285,0.75,0.25,6,1,6,2,8,4,7,6,0.5274243354797363,0.05,,,,,,,,,,,0.3833286404472245,0.688570788131875
2338,train-load-0.9-scenario-718-retry-1,0.9,0.7834711999999999,0.62442,0.7834711999999999,5.5884090203172985,-0.04474840792410861,0.7114150745907752,0.6666666666666666,0.3333333333333333,0.6666666666666666,0.3333333333333333,6,3,6,3,9,5,9,6,0.3519517481327057,0.05,,,,,,,,,,,0.3833286404472245,0.688570788131875
2339,train-load-0.6-scenario-567-retry-1,0.6,0.5,0.5,0.5,31.875550109286067,1.643247288306709,0.3567527116932909,1.0,0.0,1.0,0.0,20,0,20,0,20,8,20,20,0.39083677530288696,0.05,,,,,,,,,,,0.3833286404472245,0.688570788131875
2340,train-load-0.8-scenario-743-retry-7,0.8,0.6857142857142857,0.42857142857142855,0.6857142857142857,20.26106151214718,1.5068654739215739,0.4931345260784261,1.0,0.0,1.0,0.0,12,0,12,0,12,7,12,12,0.29133370518684387,0.05,,,,,,,,,,,0.3833286404472245,0.688570788131875
2341,train-load-1.0-scenario-392,1.0,0.9025232857142858,0.7295535714285715,0.9025232857142858,12.032352422780008,0.22093600282155246,0.7123973305117808,0.7333333333333333,0.26666666666666666,0.7333333333333333,0.26666666666666666,11,4,11,4,15,7,15,11,0.2951805293560028,0.05,,,,,,,,,,,0.3833286404472245,0.688570788131875
2342,train-hard-4gpu-8pod-1vgpu,0.5,0.5,0.3333333333333333,0.5,16.42232909936926,1.8333333333333335,0.16666666666666663,1.0,0.0,1.0,0.0,8,0,8,0,8,4,8,8,0.20070990920066833,0.05,,,,,,,,,,,0.3833286404472245,0.688570788131875
2343,train-load-0.8-scenario-247-retry-4,0.8,0.8,0.8,0.65,9.299908721682918,0.691405358850028,0.30859464114997204,0.75,0.25,0.75,0.25,6,2,6,2,8,4,8,6,0.3301236629486084,0.05,,,,,,,,,,,0.3833286404472245,0.688570788131875
2344,train-load-1.0-scenario-340-retry-11,1.0,1.1,1.1,0.65,4.0722280634467785,-0.2972831225770649,0.9639497892437315,0.6666666666666666,0.3333333333333333,0.5714285714285714,0.42857142857142855,6,3,8,6,14,4,9,6,0.2190059870481491,0.05,,,,,,,,,,,0.3833286404472245,0.688570788131875
2345,train-load-0.9-scenario-229,0.9,0.8791092,0.7676929166666666,0.8791092,12.781421620406405,0.7375963133113871,0.5351309594158857,0.8181818181818182,0.18181818181818182,0.75,0.25,9,2,9,3,12,5,11,9,0.3602919578552246,0.05,,,,,,,,,,,0.3833286404472245,0.688570788131875
2346,train-load-0.9-scenario-17,0.9,0.8828646,0.698252,0.8828646,9.097592122528498,0.3751699049679197,0.42483009503208025,0.7,0.3,0.6363636363636364,0.36363636363636365,7,3,7,4,11,5,10,7,0.2846156358718872,0.05,,,,,,,,,,,0.3833286404472245,0.688570788131875
2347,train-load-0.7-scenario-303,0.7,0.8,0.4,0.8,14.096272251957261,0.6026795533483844,0.5401775895087584,0.7857142857142857,0.21428571428571427,0.7857142857142857,0.21428571428571427,11,3,11,3,14,7,14,11,0.2653384208679199,0.05,,,,,,,,,,,0.3833286404472245,0.688570788131875
2348,train-load-0.5-scenario-202,0.5,0.46441857142857146,0.3540692857142857,0.46441857142857146,14.136334131273276,1.3632746621982585,0.6367253378017416,1.0,0.0,1.0,0.0,8,0,8,0,8,7,8,8,0.3320055305957794,0.05,,,,,,,,,,,0.3833286404472245,0.688570788131875
2349,train-load-0.6-scenario-113,0.6,0.5,0.5,0.42,21.346612784693917,1.6658200679233115,0.3341799320766886,1.0,0.0,1.0,0.0,12,0,12,0,12,5,12,12,0.31524816155433655,0.05,,,,,,,,,,,0.3833286404472245,0.688570788131875
2350,train-load-0.5-scenario-117-retry-6,0.5,0.5833333333333334,0.5833333333333334,0.35,23.669744553034036,1.6532905745118547,0.3467094254881452,1.0,0.0,1.0,0.0,14,0,14,0,14,4,14,14,0.28028056025505066,0.05,,,,,,,,,,,0.3833286404472245,0.688570788131875
2351,train-load-1.0-scenario-191-retry-4,1.0,0.975,0.975,0.6,20.07150324176937,0.816002077245767,0.5173312560875666,0.8333333333333334,0.16666666666666666,0.8333333333333334,0.16666666666666666,15,3,15,3,18,6,18,15,0.34959208965301514,0.05,,,,,,,,,,,0.3833286404472245,0.688570788131875
2352,train-load-0.5-scenario-340,0.5,0.43581866666666663,0.4186256944444444,0.43581866666666663,13.060403409397022,1.398724637880793,0.6012753621192071,1.0,0.0,1.0,0.0,7,0,7,0,7,6,7,7,0.20690768957138062,0.05,,,,,,,,,,,0.3833286404472245,0.688570788131875
2353,train-load-0.6-scenario-399,0.6,0.5608995,0.4216815625,0.5608995,16.243064413508264,1.316913979629817,0.683086020370183,1.0,0.0,1.0,0.0,10,0,11,0,11,8,10,10,0.3590775728225708,0.05,,,,,,,,,,,0.3833286404472245,0.688570788131875
2354,train-load-0.9-scenario-490,0.9,0.7954685714285714,0.6622619642857144,0.7954685714285714,15.901786556204403,0.9372384222578385,0.4473769623575462,0.8461538461538461,0.15384615384615385,0.8571428571428571,0.14285714285714285,11,2,12,2,14,7,13,11,0.30179309844970703,0.05,,,,,,,,,,,0.3833286404472245,0.688570788131875
2355,train-load-0.8-scenario-621,0.8,0.724668125,0.6739468750000001,0.724668125,19.186727969726746,1.1047739780862826,0.6095117361994318,0.9285714285714286,0.07142857142857142,0.8666666666666667,0.13333333333333333,13,1,13,2,15,8,14,13,0.6900227665901184,0.05,,,,,,,,,,,0.3833286404472245,0.688570788131875
2356,train-load-1.0-scenario-246-retry-7,1.0,1.07,0.21666666666666667,1.07,2.274193480325523,-0.4999698583852853,0.7221920806075076,0.5555555555555556,0.4444444444444444,0.5555555555555556,0.4444444444444444,5,4,5,4,9,5,9,5,0.3038605749607086,0.05,,,,,,,,,,,0.3833286404472245,0.688570788131875
2357,train-load-0.5-scenario-372-retry-2,0.5,0.5,0.42857142857142855,0.5,5.032695035934977,-0.011850330593603298,0.5118503305936033,0.625,0.375,0.625,0.375,5,3,5,3,8,7,8,5,0.14622096717357635,0.05,,,,,,,,,,,0.3833286404472245,0.688570788131875
2358,train-load-0.9-scenario-731,0.9,0.7803275714285713,0.6427330357142857,0.7803275714285713,10.83103612654671,0.5910847882124505,0.6089152117875496,0.8,0.2,0.6666666666666666,0.3333333333333333,8,2,8,4,12,7,10,8,0.5610942244529724,0.05,,,,,,,,,,,0.3833286404472245,0.688570788131875
2359,train-load-0.5-scenario-330-retry-1,0.5,0.5714285714285714,0.11428571428571428,0.5714285714285714,10.324136267579291,0.8487643389155355,0.6512356610844645,0.875,0.125,0.875,0.125,7,1,7,1,8,7,8,7,0.8986139297485352,0.05,,,,,,,,,,,0.3833286404472245,0.688570788131875
2360,train-load-0.7-scenario-746-retry-2,0.7,0.7666666666666667,0.6111111111111112,0.7666666666666667,15.18451812281214,1.2658759603632568,0.33412403963674325,0.9,0.1,0.9,0.1,9,1,9,1,10,6,10,9,0.2502410113811493,0.05,,,,,,,,,,,0.3833286404472245,0.688570788131875
2361,train-load-0.7-scenario-278-retry-1,0.7,0.8,0.5,0.8,14.490087007037921,1.1275957364324654,0.4724042635675348,0.9,0.1,0.9,0.1,9,1,9,1,10,5,10,9,0.2979227602481842,0.05,,,,,,,,,,,0.3833286404472245,0.688570788131875
2362,train-load-0.9-scenario-495,0.9,0.82962925,0.7485175,0.82962925,9.863931033792879,0.9230445270500954,0.505526901521333,0.8571428571428571,0.14285714285714285,0.75,0.25,6,1,6,2,8,4,7,6,0.2216476947069168,0.05,,,,,,,,,,,0.3833286404472245,0.688570788131875
2363,train-load-0.5-scenario-35,0.5,0.425,0.17708333333333334,0.425,19.577591346013804,1.3964201111331827,0.6035798888668172,1.0,0.0,1.0,0.0,12,0,12,0,12,8,12,12,0.2229277491569519,0.05,,,,,,,,,,,0.3833286404472245,0.688570788131875
2364,train-load-0.7-scenario-485,0.7,0.7233885,0.39386875,0.7233885,10.745079053557212,0.6056460604192443,0.5943539395807559,0.8,0.2,0.8333333333333334,0.16666666666666666,8,2,10,2,12,8,10,8,0.3836853504180908,0.05,,,,,,,,,,,0.3833286404472245,0.688570788131875
2365,train-load-0.6-scenario-677,0.6,0.6625,0.35,0.6625,23.15985493498605,1.2530222909230586,0.7469777090769414,1.0,0.0,1.0,0.0,16,0,16,0,16,8,16,16,0.24788275361061096,0.05,,,,,,,,,,,0.3833286404472245,0.688570788131875
2366,train-load-1.0-scenario-464-retry-3,1.0,1.0277777777777777,1.0277777777777777,0.6833333333333333,9.23716411990506,0.4959248012557913,0.6151863098553199,0.7777777777777778,0.2222222222222222,0.6923076923076923,0.3076923076923077,7,2,9,4,13,6,9,7,0.10486916452646255,0.05,,,,,,,,,,,0.3833286404472245,0.688570788131875
2367,train-load-0.7-scenario-556,0.7,0.6196634,0.3607829166666667,0.6196634,10.969525552814641,1.5339553671478026,0.4660446328521973,1.0,0.0,1.0,0.0,5,0,7,0,7,5,5,5,0.3170313835144043,0.05,,,,,,,,,,,0.3833286404472245,0.688570788131875
2368,train-load-1.0-scenario-249-retry-2,1.0,1.1,0.6666666666666666,1.1,17.72691296597408,0.8039064333102721,0.4460935666897279,0.8125,0.1875,0.8125,0.1875,13,3,13,3,16,4,16,13,0.3482434153556824,0.05,,,,,,,,,,,0.3833286404472245,0.688570788131875
2369,train-load-0.8-scenario-567,0.8,0.9,0.5142857142857142,0.9,14.350032854045082,1.0694985263984595,0.5305014736015407,0.9,0.1,0.8571428571428571,0.14285714285714285,9,1,12,2,14,7,10,9,0.339102178812027,0.05,,,,,,,,,,,0.3833286404472245,0.688570788131875
2370,train-load-0.7-scenario-52,0.7,0.6415463541666667,0.6415463541666667,0.5446027499999999,9.739123993907139,1.3627809590122735,0.6372190409877266,1.0,0.0,1.0,0.0,5,0,6,0,6,4,5,5,0.16714905202388763,0.05,,,,,,,,,,,0.3833286404472245,0.688570788131875
2371,train-load-1.0-scenario-653-retry-7,1.0,1.0,0.4791666666666667,1.0,5.680542630672091,0.11623263492012115,0.38376736507987885,0.625,0.375,0.625,0.375,5,3,5,3,8,4,8,5,0.5009669065475464,0.05,,,,,,,,,,,0.3833286404472245,0.688570788131875
2372,train-load-0.5-scenario-60,0.5,0.427790375,0.28702656249999997,0.427790375,11.836233094042836,1.418524291855534,0.5814757081444659,1.0,0.0,1.0,0.0,6,0,8,0,8,8,6,6,0.28918465971946716,0.05,,,,,,,,,,,0.3833286404472245,0.688570788131875
2373,train-load-1.0-scenario-125-retry-9,1.0,1.1166666666666667,0.9861111111111112,1.1166666666666667,12.62811701036893,0.27378891989780973,0.6595444134355235,0.7333333333333333,0.26666666666666666,0.7333333333333333,0.26666666666666666,11,4,11,4,15,6,15,11,0.30309969186782837,0.05,,,,,,,,,,,0.3833286404472245,0.688570788131875
2374,train-load-1.0-scenario-179-retry-15,1.0,1.1,0.43333333333333335,1.1,12.417701813608094,0.355325838597153,0.7875313042599899,0.7857142857142857,0.21428571428571427,0.7857142857142857,0.21428571428571427,11,3,11,3,14,6,14,11,0.38424310088157654,0.05,,,,,,,,,,,0.3833286404472245,0.688570788131875
2375,train-load-0.5-scenario-18,0.5,0.42584652777777776,0.42584652777777776,0.40759900000000004,11.737331586653706,1.3875045038952036,0.6124954961047963,1.0,0.0,1.0,0.0,6,0,7,0,7,6,6,6,0.27844950556755066,0.05,,,,,,,,,,,0.3833286404472245,0.688570788131875
2376,train-load-0.7-scenario-714-retry-1,0.7,0.8,0.32,0.8,4.653615795082421,-0.02769833176951053,0.5276983317695105,0.625,0.375,0.625,0.375,5,3,5,3,8,5,8,5,0.1209694892168045,0.05,,,,,,,,,,,0.3833286404472245,0.688570788131875
2377,train-load-0.6-scenario-735,0.6,0.5125,0.13541666666666666,0.5125,16.628425534893697,1.4004202917535125,0.5995797082464877,1.0,0.0,1.0,0.0,10,0,10,0,10,8,10,10,0.26171383261680603,0.05,,,,,,,,,,,0.3833286404472245,0.688570788131875
2378,train-load-0.5-scenario-320,0.5,0.5,0.3333333333333333,0.5,21.023517642922258,1.5994683062122248,0.4005316937877753,1.0,0.0,1.0,0.0,12,0,12,0,12,6,12,12,0.22984722256660461,0.05,,,,,,,,,,,0.3833286404472245,0.688570788131875
2379,train-load-0.9-scenario-147,0.9,0.8593121666666668,0.602057986111111,0.8593121666666668,12.971378198112685,0.9253000989307403,0.6746999010692598,0.9,0.1,0.8461538461538461,0.15384615384615385,9,1,11,2,13,6,10,9,0.2164398729801178,0.05,,,,,,,,,,,0.3833286404472245,0.688570788131875
2380,train-load-1.0-scenario-589-retry-4,1.0,1.06,0.68,1.06,13.968342204056649,0.5408233734283618,0.602033769428781,0.7857142857142857,0.21428571428571427,0.7857142857142857,0.21428571428571427,11,3,11,3,14,5,14,11,0.32237952947616577,0.05,,,,,,,,,,,0.3833286404472245,0.688570788131875
2381,train-load-0.5-scenario-717-retry-1,0.5,0.5428571428571428,0.30952380952380953,0.5428571428571428,15.78671045160281,1.4544289799965358,0.5455710200034642,1.0,0.0,1.0,0.0,9,0,9,0,9,7,9,9,0.2964072823524475,0.05,,,,,,,,,,,0.3833286404472245,0.688570788131875
2382,train-load-0.5-scenario-710,0.5,0.47113625,0.20732083333333332,0.47113625,10.258709454328349,1.5808485904304073,0.4191514095695928,1.0,0.0,1.0,0.0,4,0,4,0,4,4,4,4,0.39418449997901917,0.05,,,,,,,,,,,0.3833286404472245,0.688570788131875
2383,train-load-0.8-scenario-458,0.8,0.7064050000000001,0.3180341666666667,0.7064050000000001,6.703247755018071,0.5654578734477496,0.7678754598855838,0.8333333333333334,0.16666666666666666,0.7142857142857143,0.2857142857142857,5,1,5,2,7,6,6,5,0.3745494782924652,0.05,,,,,,,,,,,0.3833286404472245,0.688570788131875
2384,train-load-1.0-scenario-311-retry-1,1.0,0.92919375,0.92919375,0.85668375,11.806859828989907,0.7538585524761717,0.44614144752382834,0.8,0.2,0.7272727272727273,0.2727272727272727,8,2,8,3,11,4,10,8,0.31828784942626953,0.05,,,,,,,,,,,0.3833286404472245,0.688570788131875
2385,train-load-0.6-scenario-207-retry-8,0.6,0.6714285714285714,0.6714285714285714,0.37142857142857144,18.48747701388168,1.4427024132613355,0.5572975867386644,1.0,0.0,1.0,0.0,11,0,11,0,11,7,11,11,0.30891692638397217,0.05,,,,,,,,,,,0.3833286404472245,0.688570788131875
2386,train-load-0.8-scenario-588,0.8,0.787769,0.32875225,0.787769,8.665344607342181,0.6951705624776124,0.733400866093816,0.8571428571428571,0.14285714285714285,0.8571428571428571,0.14285714285714285,6,1,6,1,7,5,7,6,0.4210677444934845,0.05,,,,,,,,,,,0.3833286404472245,0.688570788131875
2387,train-load-0.8-scenario-392,0.8,0.7,0.7,0.4375,16.94616999441313,1.168104118100642,0.49856254856602444,0.9166666666666666,0.08333333333333333,0.9285714285714286,0.07142857142857142,11,1,13,1,14,8,12,11,0.365023136138916,0.05,,,,,,,,,,,0.3833286404472245,0.688570788131875
2388,train-load-1.0-scenario-749-retry-1,1.0,1.0625,0.875,1.0625,16.204354031565494,0.6730936859216697,0.5269063140783302,0.8,0.2,0.75,0.25,12,3,15,5,20,8,15,12,0.380580872297287,0.05,,,,,,,,,,,0.3833286404472245,0.688570788131875
2389,train-load-0.8-scenario-391,0.8,0.7752102857142857,0.5858619047619048,0.7752102857142857,16.526938191923907,1.1017355575505894,0.5649311091160771,0.9166666666666666,0.08333333333333333,0.8461538461538461,0.15384615384615385,11,1,11,2,13,7,12,11,0.33507460355758667,0.05,,,,,,,,,,,0.3833286404472245,0.688570788131875
2390,train-load-0.5-scenario-42,0.5,0.44464750000000003,0.44464750000000003,0.42002825,8.696162389945819,1.1211227941744148,0.8788772058255852,1.0,0.0,1.0,0.0,5,0,5,0,5,4,5,5,0.1909274458885193,0.05,,,,,,,,,,,0.3833286404472245,0.688570788131875
2391,train-load-0.7-scenario-349,0.7,0.6691621999999999,0.508665,0.6691621999999999,10.697465473762124,1.444130417745277,0.555869582254723,1.0,0.0,1.0,0.0,5,0,7,0,7,5,5,5,0.578055739402771,0.05,,,,,,,,,,,0.3833286404472245,0.688570788131875
2392,train-load-0.8-scenario-477-retry-2,0.8,0.9,0.825,0.9,3.1026630664071684,-0.3440226589701747,0.34402265897017464,0.5,0.5,0.5,0.5,4,4,4,4,8,4,8,4,0.25579625368118286,0.05,,,,,,,,,,,0.3833286404472245,0.688570788131875
2393,train-load-0.7-scenario-530,0.7,0.6391725714285715,0.31101249999999997,0.6391725714285715,12.832388955097317,1.2016540017122648,0.7983459982877352,1.0,0.0,1.0,0.0,8,0,8,0,8,7,8,8,0.1523868888616562,0.05,,,,,,,,,,,0.3833286404472245,0.688570788131875
2394,train-load-0.8-scenario-61,0.8,0.7803056666666667,0.40711875,0.7803056666666667,13.982369454344546,1.4137787781913944,0.5862212218086056,1.0,0.0,1.0,0.0,8,0,9,0,9,6,8,8,0.1389162838459015,0.05,,,,,,,,,,,0.3833286404472245,0.688570788131875
2395,train-load-0.7-scenario-462,0.7,0.7857142857142857,0.06547619047619048,0.7857142857142857,6.229028175451694,-0.11391595611880234,0.6593705015733478,0.6363636363636364,0.36363636363636365,0.6363636363636364,0.36363636363636365,7,4,7,4,11,7,11,7,0.28342169523239136,0.05,,,,,,,,,,,0.3833286404472245,0.688570788131875
2396,train-load-0.6-scenario-601,0.6,0.6069159999999999,0.27050124999999997,0.6069159999999999,11.414682027484151,1.334955735688022,0.6650442643119779,1.0,0.0,1.0,0.0,6,0,6,0,6,5,6,6,0.3113008737564087,0.05,,,,,,,,,,,0.3833286404472245,0.688570788131875
2397,train-load-0.7-scenario-731-retry-2,0.7,0.6,0.5,0.6,21.147468257642828,1.6154043771626174,0.3845956228373825,1.0,0.0,1.0,0.0,12,0,12,0,12,8,12,12,0.2244667410850525,0.05,,,,,,,,,,,0.3833286404472245,0.688570788131875
2398,train-load-0.8-scenario-656,0.8,0.6928133333333333,0.2679965277777778,0.6928133333333333,7.100498704201803,0.4978013082053302,0.9307701203660983,0.8571428571428571,0.14285714285714285,0.8571428571428571,0.14285714285714285,6,1,6,1,7,6,7,6,0.2664751410484314,0.05,,,,,,,,,,,0.3833286404472245,0.688570788131875
2399,train-load-0.6-scenario-749,0.6,0.72,0.54,0.72,16.657825190027857,1.594733268194498,0.405266731805502,1.0,0.0,1.0,0.0,9,0,9,0,9,5,9,9,0.3509242832660675,0.05,,,,,,,,,,,0.3833286404472245,0.688570788131875
2400,train-load-0.8-scenario-483,0.8,0.7803452,0.7263084999999999,0.7803452,5.383276039111713,0.1450289369034763,0.7121139202393809,0.7142857142857143,0.2857142857142857,0.6,0.4,5,2,6,4,10,5,7,5,0.36414408683776855,0.05,0.36372833333518095,0.5269768433711275,0.7226762941765771,0.27732370582342286,0.7088006993868124,0.29119930061318744,0.6493329634378596,0.6741121345930661,0.2877973374414239,0.7046522860652185,0.3833286404472245,0.688570788131875
2401,train-load-0.8-scenario-346,0.8,0.6967528333333333,0.49743,0.6967528333333333,9.65245406467379,0.7056037451130986,0.7943962548869014,0.875,0.125,0.8,0.2,7,1,8,2,10,6,8,7,0.30779337882995605,0.05,,,,,,,,,,,0.3833286404472245,0.688570788131875
2402,train-load-0.7-scenario-37,0.7,0.6,0.15,0.6,17.48385996499899,1.1502842748427566,0.8497157251572435,1.0,0.0,1.0,0.0,12,0,12,0,12,4,12,12,0.4074045419692993,0.05,,,,,,,,,,,0.3833286404472245,0.688570788131875
2403,train-load-0.7-scenario-387-retry-1,0.7,0.8,0.8,0.8,12.57740206350398,0.6150380496661834,0.3849619503338165,0.75,0.25,0.75,0.25,9,3,9,3,12,6,12,9,0.26525771617889404,0.05,,,,,,,,,,,0.3833286404472245,0.688570788131875
2404,train-load-0.6-scenario-60-retry-1,0.6,0.6875,0.275,0.6875,17.938737092098076,1.424006351115492,0.5759936488845081,1.0,0.0,1.0,0.0,11,0,11,0,11,4,11,11,0.34314802289009094,0.05,,,,,,,,,,,0.3833286404472245,0.688570788131875
2405,train-load-0.7-scenario-612,0.7,0.7356416666666666,0.7356416666666666,0.593892,8.02557201433951,0.6373506860525707,0.7912207425188578,0.8571428571428571,0.14285714285714285,0.75,0.25,6,1,6,2,8,4,7,6,0.20884022116661072,0.05,,,,,,,,,,,0.3833286404472245,0.688570788131875
2406,train-load-0.9-scenario-342,0.9,0.98,0.32,0.98,12.672700277716354,0.9323479134393005,0.6676520865606996,0.9,0.1,0.9,0.1,9,1,9,1,10,5,10,9,0.35853421688079834,0.05,,,,,,,,,,,0.3833286404472245,0.688570788131875
2407,train-load-1.0-scenario-489-retry-1,1.0,0.8809208571428573,0.8730646428571429,0.8809208571428573,13.428292109553766,0.6450360300439982,0.43188704687907864,0.7692307692307693,0.23076923076923078,0.7058823529411765,0.29411764705882354,10,3,12,5,17,7,13,10,0.3615977168083191,0.05,,,,,,,,,,,0.3833286404472245,0.688570788131875
2408,train-load-0.7-scenario-463,0.7,0.6009371666666666,0.4493770833333333,0.6009371666666666,14.285993508684166,1.4213058622065047,0.5786941377934954,1.0,0.0,1.0,0.0,8,0,9,0,9,6,8,8,0.37421715259552,0.05,,,,,,,,,,,0.3833286404472245,0.688570788131875
2409,train-load-0.7-scenario-13,0.7,0.74656425,0.3476671875,0.74656425,7.459788927590737,0.7854774120125577,0.41452258798744235,0.8,0.2,0.6666666666666666,0.3333333333333333,4,1,4,2,6,4,5,4,0.3876652717590332,0.05,,,,,,,,,,,0.3833286404472245,0.688570788131875
2410,train-load-1.0-scenario-150,1.0,1.02516,0.7642116666666666,1.02516,13.837327598116499,0.792921458796388,0.5404118745369455,0.8333333333333334,0.16666666666666666,0.7142857142857143,0.2857142857142857,10,2,10,4,14,6,12,10,0.23811638355255127,0.05,,,,,,,,,,,0.3833286404472245,0.688570788131875
2411,train-hard-4gpu-4pod-1vgpu,0.25,0.25,0.16666666666666666,0.25,11.544497883017963,1.9166666666666665,0.08333333333333337,1.0,0.0,1.0,0.0,4,0,4,0,4,4,4,4,0.26668715476989746,0.05,,,,,,,,,,,0.3833286404472245,0.688570788131875
2412,train-load-0.5-scenario-3-retry-1,0.5,0.5333333333333333,0.13333333333333333,0.5333333333333333,23.25720280258817,1.2097130650999395,0.7902869349000605,1.0,0.0,1.0,0.0,16,0,16,0,16,6,16,16,0.33173805475234985,0.05,,,,,,,,,,,0.3833286404472245,0.688570788131875
2413,train-load-0.9-scenario-380-retry-1,0.9,0.95,0.9444444444444444,0.95,13.98052171452203,0.7004761857143492,0.37644689120872776,0.7692307692307693,0.23076923076923078,0.7692307692307693,0.23076923076923078,10,3,10,3,13,6,13,10,0.1714705526828766,0.05,,,,,,,,,,,0.3833286404472245,0.688570788131875
2414,train-load-0.8-scenario-739-retry-3,0.8,0.9,0.14,0.9,3.977076992847321,-0.25884211628986176,0.481064338512084,0.5555555555555556,0.4444444444444444,0.5555555555555556,0.4444444444444444,5,4,5,4,9,5,9,5,0.40744900703430176,0.05,,,,,,,,,,,0.3833286404472245,0.688570788131875
2415,train-load-0.7-scenario-292,0.7,0.624932,0.3312626785714286,0.624932,12.469280404519978,1.1074963287603203,0.8925036712396797,1.0,0.0,1.0,0.0,8,0,8,0,8,7,8,8,0.445345401763916,0.05,,,,,,,,,,,0.3833286404472245,0.688570788131875
2416,train-load-0.8-scenario-718-retry-1,0.8,0.6875,0.6875,0.34375,11.068481408946447,0.5796007757135067,0.3294901333774025,0.7272727272727273,0.2727272727272727,0.7272727272727273,0.2727272727272727,8,3,8,3,11,8,11,8,0.2569112479686737,0.05,,,,,,,,,,,0.3833286404472245,0.688570788131875
2417,train-load-0.7-scenario-492-retry-1,0.7,0.75625,0.625,0.75625,11.662843990972842,0.5782479444946903,0.6944793282325825,0.8181818181818182,0.18181818181818182,0.8181818181818182,0.18181818181818182,9,2,9,2,11,8,11,9,0.184251070022583,0.05,,,,,,,,,,,0.3833286404472245,0.688570788131875
2418,train-load-0.5-scenario-82-retry-2,0.5,0.5428571428571428,0.2857142857142857,0.5428571428571428,17.58781016885776,1.1899576934584613,0.8100423065415387,1.0,0.0,1.0,0.0,12,0,12,0,12,7,12,12,0.29013946652412415,0.05,,,,,,,,,,,0.3833286404472245,0.688570788131875
2419,train-load-1.0-scenario-181,1.0,0.9215028,0.382598,0.9215028,2.3773013831422096,-0.4328645340057885,0.9328645340057885,0.625,0.375,0.5555555555555556,0.4444444444444444,5,3,5,4,9,5,8,5,0.16013464331626892,0.05,,,,,,,,,,,0.3833286404472245,0.688570788131875
2420,train-load-0.8-scenario-27,0.8,0.7044007499999999,0.4696515625,0.7044007499999999,15.269890709533719,1.0556215369584359,0.5807420994052004,0.9090909090909091,0.09090909090909091,0.9230769230769231,0.07692307692307693,10,1,12,1,13,8,11,10,0.4472324252128601,0.05,,,,,,,,,,,0.3833286404472245,0.688570788131875
2421,train-load-1.0-scenario-113,1.0,0.9193765,0.693125625,0.9193765,5.759993830976485,0.09433018083654943,0.4056698191634506,0.625,0.375,0.625,0.375,5,3,5,3,8,4,8,5,0.2558724582195282,0.05,,,,,,,,,,,0.3833286404472245,0.688570788131875
2422,train-load-0.9-scenario-645-retry-5,0.9,0.95,0.8333333333333334,0.95,4.455643380501767,-0.061539765197948015,0.561539765197948,0.625,0.375,0.625,0.375,5,3,5,3,8,4,8,5,0.27351605892181396,0.05,,,,,,,,,,,0.3833286404472245,0.688570788131875
2423,train-load-1.0-scenario-276,1.0,1.0375,0.2916666666666667,1.0375,16.176544961890663,0.3693877758253601,0.7417233352857511,0.7777777777777778,0.2222222222222222,0.7777777777777778,0.2222222222222222,14,4,14,4,18,8,18,14,0.19060517847537994,0.05,,,,,,,,,,,0.3833286404472245,0.688570788131875
2424,train-load-0.7-scenario-725,0.7,0.75267975,0.34479791666666665,0.75267975,8.950106221999288,1.3596173877052251,0.6403826122947749,1.0,0.0,1.0,0.0,4,0,5,0,5,4,4,4,0.24989601969718933,0.05,,,,,,,,,,,0.3833286404472245,0.688570788131875
2425,train-load-0.9-scenario-448-retry-2,0.9,1.0,1.0,0.5,2.167554877968504,-0.5154148116407045,0.5154148116407045,0.5,0.5,0.5,0.5,4,4,4,4,8,4,8,4,0.15219782292842865,0.05,,,,,,,,,,,0.3833286404472245,0.688570788131875
2426,train-load-0.5-scenario-466-retry-3,0.5,0.52,0.21666666666666667,0.52,21.10180193044193,1.449416232521042,0.550583767478958,1.0,0.0,1.0,0.0,13,0,13,0,13,5,13,13,0.21091510355472565,0.05,,,,,,,,,,,0.3833286404472245,0.688570788131875
2427,train-load-0.5-scenario-194-retry-1,0.5,0.5714285714285714,0.5714285714285714,0.5714285714285714,11.073631258483939,0.9353998026236532,0.5646001973763467,0.875,0.125,0.8,0.2,7,1,8,2,10,7,8,7,0.15474477410316467,0.05,,,,,,,,,,,0.3833286404472245,0.688570788131875
2428,train-load-0.6-scenario-593-retry-2,0.6,0.7,0.5,0.7,14.45219852518964,1.440703589529847,0.559296410470153,1.0,0.0,1.0,0.0,8,0,8,0,8,4,8,8,0.3094533681869507,0.05,,,,,,,,,,,0.3833286404472245,0.688570788131875
2429,train-load-0.9-scenario-5,0.9,0.8536764285714286,0.49917517857142857,0.8536764285714286,12.945295485498722,0.8454247215446931,0.7545752784553071,0.9,0.1,0.8333333333333334,0.16666666666666666,9,1,10,2,12,7,10,9,0.0698646605014801,0.05,,,,,,,,,,,0.3833286404472245,0.688570788131875
2430,train-load-0.5-scenario-694-retry-1,0.5,0.6,0.2,0.6,19.983446161731102,1.5005697563399958,0.4994302436600042,1.0,0.0,1.0,0.0,12,0,12,0,12,5,12,12,0.21365532279014587,0.05,,,,,,,,,,,0.3833286404472245,0.688570788131875
2431,train-load-0.9-scenario-489-retry-1,0.9,0.89573075,0.7931859375,0.89573075,10.36280547260839,1.0418211642525614,0.38675026431886717,0.8571428571428571,0.14285714285714285,0.8,0.2,6,1,8,2,10,4,7,6,0.1241951510310173,0.05,,,,,,,,,,,0.3833286404472245,0.688570788131875
2432,train-load-1.0-scenario-59,1.0,0.9055724,0.8237332500000001,0.9055724,9.714889590445068,0.33971432018541337,0.5693765889054958,0.7272727272727273,0.2727272727272727,0.6666666666666666,0.3333333333333333,8,3,8,4,12,5,11,8,0.30089277029037476,0.05,,,,,,,,,,,0.3833286404472245,0.688570788131875
2433,train-load-0.5-scenario-709-retry-5,0.5,0.5,0.3,0.5,17.29437483669016,1.4273166530308612,0.5726833469691388,1.0,0.0,1.0,0.0,10,0,10,0,10,5,10,10,0.20453280210494995,0.05,,,,,,,,,,,0.3833286404472245,0.688570788131875
2434,train-load-0.9-scenario-105-retry-2,0.9,0.7960444,0.38711225,0.7960444,4.308463219094674,0.013555570033418007,0.8435872871094392,0.7142857142857143,0.2857142857142857,0.7142857142857143,0.2857142857142857,5,2,5,2,7,5,7,5,0.29958632588386536,0.05,,,,,,,,,,,0.3833286404472245,0.688570788131875
2435,train-load-0.8-scenario-412,0.8,0.8209095000000001,0.5084740625,0.8209095000000001,4.334821320129709,-0.04612668996578928,0.9032695471086465,0.7142857142857143,0.2857142857142857,0.7142857142857143,0.2857142857142857,5,2,5,2,7,4,7,5,0.4420328736305237,0.05,,,,,,,,,,,0.3833286404472245,0.688570788131875
2436,train-load-0.8-scenario-107,0.8,0.7654005208333333,0.7654005208333333,0.58697175,9.836053726997136,0.8307544122316622,0.5978170163397661,0.8571428571428571,0.14285714285714285,0.75,0.25,6,1,6,2,8,4,7,6,0.21241335570812225,0.05,,,,,,,,,,,0.3833286404472245,0.688570788131875
2437,train-load-0.5-scenario-508,0.5,0.575,0.4,0.575,16.86907554812418,1.2111771430703788,0.7888228569296212,1.0,0.0,1.0,0.0,11,0,11,0,11,8,11,11,0.33840078115463257,0.05,,,,,,,,,,,0.3833286404472245,0.688570788131875
2438,train-load-0.9-scenario-668,0.9,0.80425125,0.39982406249999997,0.80425125,5.039074590206868,0.21419103504273262,0.45247563162393406,0.6666666666666666,0.3333333333333333,0.6666666666666666,0.3333333333333333,4,2,4,2,6,4,6,4,0.21214187145233154,0.05,,,,,,,,,,,0.3833286404472245,0.688570788131875
2439,train-hard-4gpu-8pod-1vgpu,0.5,0.5,0.3333333333333333,0.5,16.42232909936926,1.8333333333333335,0.16666666666666663,1.0,0.0,1.0,0.0,8,0,8,0,8,4,8,8,0.3493693768978119,0.05,,,,,,,,,,,0.3833286404472245,0.688570788131875
2440,train-load-0.8-scenario-180,0.8,0.681199625,0.38767916666666663,0.681199625,16.222181297883736,1.339600088970907,0.6603999110290931,1.0,0.0,1.0,0.0,10,0,11,0,11,8,10,10,0.37147387862205505,0.05,,,,,,,,,,,0.3833286404472245,0.688570788131875
2441,train-load-1.0-scenario-86,1.0,0.9149876666666668,0.657428125,0.9149876666666668,13.270797696592215,0.9207163157627518,0.6792836842372484,0.9,0.1,0.8333333333333334,0.16666666666666666,9,1,10,2,12,6,10,9,0.4032718241214752,0.05,,,,,,,,,,,0.3833286404472245,0.688570788131875
2442,train-load-0.7-scenario-132-retry-4,0.7,0.8125,0.5416666666666666,0.8125,16.216373449030105,0.9926179127391257,0.3919974718762589,0.8461538461538461,0.15384615384615385,0.8461538461538461,0.15384615384615385,11,2,11,2,13,4,13,11,0.38006162643432617,0.05,,,,,,,,,,,0.3833286404472245,0.688570788131875
2443,train-load-0.8-scenario-359,0.8,0.73516225,0.429611875,0.73516225,15.311568686542248,1.0542426209540068,0.5821210154096295,0.9090909090909091,0.09090909090909091,0.8333333333333334,0.16666666666666666,10,1,10,2,12,8,11,10,0.245019793510437,0.05,,,,,,,,,,,0.3833286404472245,0.688570788131875
2444,train-load-0.8-scenario-668,0.8,0.6982851250000001,0.354703125,0.6982851250000001,16.35782353083162,1.3830153627701218,0.6169846372298782,1.0,0.0,1.0,0.0,10,0,11,0,11,8,10,10,0.3752307891845703,0.05,,,,,,,,,,,0.3833286404472245,0.688570788131875
2445,train-load-1.0-scenario-334-retry-1,1.0,0.9428571428571428,0.2785714285714286,0.9428571428571428,8.419574647235756,0.40035798841713477,0.26630867824953197,0.6666666666666666,0.3333333333333333,0.5,0.5,6,3,6,6,12,7,9,6,0.3210519552230835,0.05,,,,,,,,,,,0.3833286404472245,0.688570788131875
2446,train-load-0.6-scenario-680,0.6,0.4857142857142857,0.45714285714285713,0.4857142857142857,7.779071707863065,0.3947686605034697,0.6052313394965303,0.75,0.25,0.75,0.25,6,2,6,2,8,7,8,6,0.3954949378967285,0.05,,,,,,,,,,,0.3833286404472245,0.688570788131875
2447,train-load-0.6-scenario-524-retry-5,0.6,0.5,0.5,0.3,35.14365886739602,1.411694412151899,0.5883055878481009,1.0,0.0,1.0,0.0,24,0,24,0,24,8,24,24,0.28063637018203735,0.05,,,,,,,,,,,0.3833286404472245,0.688570788131875
2448,train-load-0.9-scenario-560-retry-3,0.9,1.0,0.7166666666666667,1.0,5.347985348218691,-0.2218281645778013,0.6218281645778012,0.6,0.4,0.6363636363636364,0.36363636363636365,6,4,7,4,11,5,10,6,0.2643667459487915,0.05,,,,,,,,,,,0.3833286404472245,0.688570788131875
2449,train-load-0.7-scenario-347,0.7,0.65,0.52,0.65,22.28331121242917,1.6334615417482223,0.3665384582517776,1.0,0.0,1.0,0.0,13,0,13,0,13,5,13,13,0.2695074677467346,0.05,,,,,,,,,,,0.3833286404472245,0.688570788131875
2450,train-load-0.9-scenario-292-retry-2,0.9,0.78,0.445,0.78,14.276169836446083,0.6716655670258589,0.7129498175895257,0.8461538461538461,0.15384615384615385,0.8461538461538461,0.15384615384615385,11,2,11,2,13,5,13,11,0.3895297348499298,0.05,,,,,,,,,,,0.3833286404472245,0.688570788131875
2451,train-load-0.8-scenario-306,0.8,0.92,0.7666666666666667,0.92,13.49313032322119,0.843148922564697,0.42957835016257584,0.8181818181818182,0.18181818181818182,0.8181818181818182,0.18181818181818182,9,2,9,2,11,5,11,9,0.24047020077705383,0.05,,,,,,,,,,,0.3833286404472245,0.688570788131875
2452,train-load-0.6-scenario-430,0.6,0.6394518,0.4408341666666667,0.6394518,11.413900795218257,1.3778562921746258,0.6221437078253742,1.0,0.0,1.0,0.0,6,0,7,0,7,5,6,6,0.19250793755054474,0.05,,,,,,,,,,,0.3833286404472245,0.688570788131875
2453,train-load-0.8-scenario-118-retry-5,0.8,0.8833333333333333,0.5555555555555556,0.8833333333333333,7.654323309348072,0.19109843655029146,0.6089015634497085,0.7,0.3,0.7,0.3,7,3,7,3,10,6,10,7,0.3313519358634949,0.05,,,,,,,,,,,0.3833286404472245,0.688570788131875
2454,train-load-0.6-scenario-337,0.6,0.5,0.3,0.5,20.225305066412368,1.5156294327251696,0.4843705672748305,1.0,0.0,1.0,0.0,12,0,12,0,12,6,12,12,0.3189585208892822,0.05,,,,,,,,,,,0.3833286404472245,0.688570788131875
2455,train-load-0.7-scenario-118-retry-1,0.7,0.603607,0.36998107142857145,0.603607,12.289222233595755,1.3147627052202107,0.6852372947797895,1.0,0.0,1.0,0.0,7,0,9,0,9,7,7,7,0.28934866189956665,0.05,,,,,,,,,,,0.3833286404472245,0.688570788131875
2456,train-load-0.7-scenario-684,0.7,0.6,0.6,0.5142857142857142,13.24206955627535,0.9144320840801103,0.6855679159198897,0.9,0.1,0.9,0.1,9,1,9,1,10,7,10,9,0.3832330107688904,0.05,,,,,,,,,,,0.3833286404472245,0.688570788131875
2457,train-load-1.0-scenario-727,1.0,0.90541875,0.6253385416666667,0.90541875,15.140522383017409,0.5442293381591267,0.6557706618408734,0.8,0.2,0.75,0.25,12,3,12,4,16,8,15,12,0.2118275761604309,0.05,,,,,,,,,,,0.3833286404472245,0.688570788131875
2458,train-load-0.6-scenario-278,0.6,0.7083333333333334,0.5555555555555556,0.7083333333333334,19.290436054940873,1.6046741384266776,0.39532586157332233,1.0,0.0,1.0,0.0,11,0,11,0,11,6,11,11,0.296143114566803,0.05,,,,,,,,,,,0.3833286404472245,0.688570788131875
2459,train-load-0.7-scenario-249-retry-3,0.7,0.7619047619047619,0.7619047619047619,0.11428571428571428,6.602867287051181,0.2514814484871988,0.7485185515128012,0.75,0.25,0.75,0.25,6,2,6,2,8,7,8,6,0.2842128872871399,0.05,,,,,,,,,,,0.3833286404472245,0.688570788131875
2460,train-load-0.8-scenario-445,0.8,0.723532625,0.46166432291666665,0.723532625,12.176628444853387,0.7294764409362084,0.8705235590637916,0.9,0.1,0.8333333333333334,0.16666666666666666,9,1,10,2,12,8,10,9,0.37004324793815613,0.05,,,,,,,,,,,0.3833286404472245,0.688570788131875
2461,train-load-0.5-scenario-477,0.5,0.44748514285714286,0.3575916666666667,0.44748514285714286,13.781914031352098,1.5151586090994242,0.48484139090057565,1.0,0.0,1.0,0.0,7,0,8,0,8,7,7,7,0.22398218512535095,0.05,,,,,,,,,,,0.3833286404472245,0.688570788131875
2462,train-hard-4gpu-4pod-1vgpu,0.25,0.25,0.16666666666666666,0.25,11.544497883017963,1.9166666666666665,0.08333333333333337,1.0,0.0,1.0,0.0,4,0,4,0,4,4,4,4,0.24922704696655273,0.05,,,,,,,,,,,0.3833286404472245,0.688570788131875
2463,train-load-0.8-scenario-287,0.8,0.7066122,0.35723791666666666,0.7066122,5.471348994336843,0.3563361716042634,0.97699716172907,0.8333333333333334,0.16666666666666666,0.8571428571428571,0.14285714285714285,5,1,6,1,7,5,6,5,0.30366480350494385,0.05,,,,,,,,,,,0.3833286404472245,0.688570788131875
2464,train-load-1.0-scenario-368-retry-1,1.0,1.04,0.5,1.04,8.558902685512937,0.5248342494928844,0.4751657505071157,0.75,0.25,0.6,0.4,6,2,6,4,10,5,8,6,0.1879047155380249,0.05,,,,,,,,,,,0.3833286404472245,0.688570788131875
2465,train-load-1.0-scenario-502-retry-5,1.0,0.9583333333333334,0.3194444444444444,0.9583333333333334,13.314550885396734,0.3090107645315443,0.6909892354684557,0.75,0.25,0.75,0.25,12,4,12,4,16,6,16,12,0.24053150415420532,0.05,,,,,,,,,,,0.3833286404472245,0.688570788131875
2466,train-load-0.5-scenario-634,0.5,0.441212625,0.15981625,0.441212625,10.168475991004096,1.1763224984670744,0.8236775015329256,1.0,0.0,1.0,0.0,6,0,6,0,6,8,6,6,0.31061995029449463,0.05,,,,,,,,,,,0.3833286404472245,0.688570788131875
2467,train-load-0.6-scenario-440-retry-1,0.6,0.6666666666666666,0.6666666666666666,0.5,15.533227496258313,1.2793755210836546,0.32062447891634543,0.9,0.1,0.9,0.1,9,1,9,1,10,5,10,9,0.3212217092514038,0.05,,,,,,,,,,,0.3833286404472245,0.688570788131875
2468,train-load-0.9-scenario-111-retry-2,0.9,0.8,0.8,0.56,12.379282074283275,1.1305418345201628,0.3694581654798371,0.875,0.125,0.8333333333333334,0.16666666666666666,7,1,10,2,12,5,8,7,0.283528208732605,0.05,,,,,,,,,,,0.3833286404472245,0.688570788131875
2469,train-load-1.0-scenario-1,1.0,0.8821434285714286,0.7003766071428572,0.8821434285714286,8.70607044863166,-0.02096059150102403,0.7901913607317932,0.6923076923076923,0.3076923076923077,0.6,0.4,9,4,9,6,15,7,13,9,0.1354074776172638,0.05,,,,,,,,,,,0.3833286404472245,0.688570788131875
2470,train-load-0.6-scenario-275,0.6,0.5198166,0.25226525,0.5198166,10.683051360682015,1.4355572330883506,0.5644427669116493,1.0,0.0,1.0,0.0,5,0,5,0,5,5,5,5,0.21023887395858765,0.05,,,,,,,,,,,0.3833286404472245,0.688570788131875
2471,train-load-0.5-scenario-289,0.5,0.5928571428571429,0.5238095238095238,0.5928571428571429,9.796802169180715,0.5769683912872257,0.5341427198238855,0.7777777777777778,0.2222222222222222,0.7777777777777778,0.2222222222222222,7,2,7,2,9,7,9,7,0.23566284775733948,0.05,,,,,,,,,,,0.3833286404472245,0.688570788131875
2472,train-load-0.8-scenario-548-retry-1,0.8,0.9083333333333333,0.8916666666666667,0.9083333333333333,3.4584994073091186,-0.41500976584647353,0.8150097658464734,0.6,0.4,0.46153846153846156,0.5384615384615384,6,4,6,7,13,6,10,6,0.24288448691368103,0.05,,,,,,,,,,,0.3833286404472245,0.688570788131875
2473,train-load-0.6-scenario-388,0.6,0.54353475,0.381528125,0.54353475,2.3052232727405584,0.11997371901089304,0.5466929476557736,0.6666666666666666,0.3333333333333333,0.6,0.4,2,1,3,2,5,4,3,2,0.4584205448627472,0.05,,,,,,,,,,,0.3833286404472245,0.688570788131875
2474,train-load-0.5-scenario-595,0.5,0.6,0.6,0.3375,19.630405240576867,1.4243782392842392,0.5756217607157608,1.0,0.0,1.0,0.0,12,0,12,0,12,8,12,12,0.3432830572128296,0.05,,,,,,,,,,,0.3833286404472245,0.688570788131875
2475,train-load-1.0-scenario-691,1.0,0.900565,0.565902,0.900565,5.113487080518102,-0.14041745305078435,0.807084119717451,0.6666666666666666,0.3333333333333333,0.6666666666666666,0.3333333333333333,6,3,6,3,9,5,9,6,0.36869487166404724,0.05,,,,,,,,,,,0.3833286404472245,0.688570788131875
2476,train-load-0.6-scenario-471-retry-1,0.6,0.63,0.45,0.63,12.86691567068642,1.0635022470805486,0.492053308475007,0.8888888888888888,0.1111111111111111,0.8888888888888888,0.1111111111111111,8,1,8,1,9,5,9,8,0.42741113901138306,0.05,,,,,,,,,,,0.3833286404472245,0.688570788131875
2477,train-load-1.0-scenario-116,1.0,0.884441125,0.8542639062499999,0.884441125,12.606880882225557,0.23373183702135547,0.5162681629786445,0.6875,0.3125,0.631578947368421,0.3684210526315789,11,5,12,7,19,8,16,11,0.3131979703903198,0.05,,,,,,,,,,,0.3833286404472245,0.688570788131875
2478,train-load-0.8-scenario-540,0.8,0.77823725,0.40948229166666666,0.77823725,8.305788587084123,1.3120512604145158,0.6879487395854842,1.0,0.0,1.0,0.0,4,0,5,0,5,4,4,4,0.19039827585220337,0.05,,,,,,,,,,,0.3833286404472245,0.688570788131875
2479,train-load-1.0-scenario-517-retry-4,1.0,0.9055414999999999,0.5961784722222222,0.9055414999999999,8.895113164911336,0.46631315816105356,0.6447979529500576,0.7777777777777778,0.2222222222222222,0.6666666666666666,0.3333333333333333,7,2,8,4,12,6,9,7,0.36286038160324097,0.05,,,,,,,,,,,0.3833286404472245,0.688570788131875
2480,train-load-0.8-scenario-44,0.8,0.6988266,0.6552344999999999,0.6988266,15.115035709839185,1.3786122698084338,0.6213877301915662,1.0,0.0,1.0,0.0,9,0,9,0,9,5,9,9,0.2383117377758026,0.05,,,,,,,,,,,0.3833286404472245,0.688570788131875
2481,train-load-1.0-scenario-722,1.0,0.9073070833333333,0.9073070833333333,0.7951126000000001,10.090782608886695,0.4848143535338548,0.7151856464661452,0.8,0.2,0.6666666666666666,0.3333333333333333,8,2,8,4,12,5,10,8,0.21909713745117188,0.05,,,,,,,,,,,0.3833286404472245,0.688570788131875
2482,train-load-1.0-scenario-715,1.0,0.9178713333333334,0.5457006944444445,0.9178713333333334,6.491124970003213,0.019883343871137327,0.7801166561288626,0.7,0.3,0.5833333333333334,0.4166666666666667,7,3,7,5,12,6,10,7,0.12651079893112183,0.05,,,,,,,,,,,0.3833286404472245,0.688570788131875
2483,train-load-0.6-scenario-134,0.6,0.712773,0.40167500000000006,0.712773,6.569593970438518,0.5090517250687945,0.824281608264539,0.8333333333333334,0.16666666666666666,0.7142857142857143,0.2857142857142857,5,1,5,2,7,5,6,5,0.35385972261428833,0.05,,,,,,,,,,,0.3833286404472245,0.688570788131875
2484,train-hard-4gpu-8pod-1vgpu,0.5,0.5,0.3333333333333333,0.5,16.42232909936926,1.8333333333333335,0.16666666666666663,1.0,0.0,1.0,0.0,8,0,8,0,8,4,8,8,0.20756471157073975,0.05,,,,,,,,,,,0.3833286404472245,0.688570788131875
2485,train-load-1.0-scenario-259-retry-7,1.0,0.9333333333333333,0.9333333333333333,0.5833333333333334,5.270223085514138,-0.5045106947773215,0.5045106947773215,0.5,0.5,0.5,0.5,7,7,7,7,14,6,14,7,0.5094815492630005,0.05,,,,,,,,,,,0.3833286404472245,0.688570788131875
2486,train-load-0.6-scenario-614,0.6,0.576369,0.4145703125,0.576369,17.509012949791412,1.3119307007078005,0.6880692992921996,1.0,0.0,1.0,0.0,11,0,11,0,11,8,11,11,0.34595370292663574,0.05,,,,,,,,,,,0.3833286404472245,0.688570788131875
2487,train-load-1.0-scenario-65-retry-7,1.0,0.88,0.36666666666666664,0.88,8.781021591747649,0.191855918954988,0.7172349901359212,0.7272727272727273,0.2727272727272727,0.7272727272727273,0.2727272727272727,8,3,8,3,11,5,11,8,0.23400790989398956,0.05,,,,,,,,,,,0.3833286404472245,0.688570788131875
2488,train-load-1.0-scenario-91-retry-15,1.0,0.9714285714285714,0.5928571428571429,0.9714285714285714,25.793020496043198,0.7982559419432769,0.5350773913900566,0.8333333333333334,0.16666666666666666,0.8333333333333334,0.16666666666666666,20,4,20,4,24,7,24,20,0.311894953250885,0.05,,,,,,,,,,,0.3833286404472245,0.688570788131875
2489,train-load-0.8-scenario-571-retry-1,0.8,0.75,0.325,0.75,2.387754268485952,-0.5583690270279242,0.3361468048057019,0.4444444444444444,0.5555555555555556,0.4444444444444444,0.5555555555555556,4,5,4,5,9,8,9,4,0.33242130279541016,0.05,,,,,,,,,,,0.3833286404472245,0.688570788131875
2490,train-load-0.6-scenario-157-retry-1,0.6,0.6928571428571428,0.3142857142857143,0.6928571428571428,14.309380721125233,1.4299123370970248,0.5700876629029751,1.0,0.0,1.0,0.0,8,0,8,0,8,7,8,8,0.20903876423835754,0.05,,,,,,,,,,,0.3833286404472245,0.688570788131875
2491,train-load-1.0-scenario-61,1.0,0.9277916666666666,0.8452569444444444,0.9277916666666666,11.53401787861339,0.22701724073770668,0.6301256164051505,0.7142857142857143,0.2857142857142857,0.6666666666666666,0.3333333333333333,10,4,10,5,15,6,14,10,0.3317174017429352,0.05,,,,,,,,,,,0.3833286404472245,0.688570788131875
2492,train-load-0.9-scenario-183,0.9,0.8072819999999999,0.44180583333333334,0.8072819999999999,9.346216531827094,0.6396636346573483,0.8603363653426517,0.875,0.125,0.8,0.2,7,1,8,2,10,6,8,7,0.3530307710170746,0.05,,,,,,,,,,,0.3833286404472245,0.688570788131875
2493,train-load-0.6-scenario-96,0.6,0.6169544,0.3266295,0.6169544,10.418344882927435,1.2008766242322788,0.7991233757677212,1.0,0.0,1.0,0.0,6,0,6,0,6,5,6,6,0.3657781481742859,0.05,,,,,,,,,,,0.3833286404472245,0.688570788131875
2494,train-load-0.8-scenario-360,0.8,0.68,0.68,0.34,25.86014033461189,1.4163961791849737,0.5836038208150263,1.0,0.0,1.0,0.0,17,0,17,0,17,5,17,17,0.11016324162483215,0.05,,,,,,,,,,,0.3833286404472245,0.688570788131875
2495,train-load-0.6-scenario-64,0.6,0.675,0.6375,0.675,15.800238452998144,1.4753938268696265,0.5246061731303735,1.0,0.0,1.0,0.0,9,0,9,0,9,4,9,9,0.2319113314151764,0.05,,,,,,,,,,,0.3833286404472245,0.688570788131875
2496,train-load-0.9-scenario-406,0.9,0.99,0.7666666666666667,0.99,9.797669286872111,0.791866242670136,0.20813375732986406,0.75,0.25,0.75,0.25,6,2,6,2,8,5,8,6,0.5295851826667786,0.05,,,,,,,,,,,0.3833286404472245,0.688570788131875
2497,train-hard-8gpu-16pod-1vgpu,0.5,0.5,0.3333333333333333,0.5,27.21738182198293,1.8333333333333335,0.16666666666666663,1.0,0.0,1.0,0.0,16,0,16,0,16,8,16,16,0.08234836161136627,0.05,,,,,,,,,,,0.3833286404472245,0.688570788131875
2498,train-load-0.9-scenario-496-retry-1,0.9,0.9714285714285714,0.8571428571428571,0.9714285714285714,4.8042491200793815,-0.04704118453810824,0.5470411845381082,0.625,0.375,0.5833333333333334,0.4166666666666667,5,3,7,5,12,7,8,5,0.4023362398147583,0.05,,,,,,,,,,,0.3833286404472245,0.688570788131875
2499,train-load-0.8-scenario-681,0.8,0.7074476,0.68976375,0.7074476,11.732358529998539,0.7254930153397493,0.47450698466025076,0.8,0.2,0.8,0.2,8,2,8,2,10,5,10,8,0.31233617663383484,0.05,,,,,,,,,,,0.3833286404472245,0.688570788131875
2500,train-load-0.8-scenario-12-retry-6,0.8,0.6875,0.11458333333333333,0.6875,17.46995180873864,1.3669114614940021,0.633088538505998,1.0,0.0,1.0,0.0,11,0,11,0,11,4,11,11,0.33397960662841797,0.05,0.3896293123383304,0.5278933075845679,0.7293806549807246,0.2706193450192755,0.7159980595672499,0.28400194043275,0.6931020292102674,0.7104991030530003,0.26403690516387274,0.715651834944057,0.3896293123383304,0.6931020292102674
2501,train-load-1.0-scenario-94,1.0,0.88027675,0.550549375,0.88027675,19.784924281931893,1.071114486684936,0.6622188466483974,0.9333333333333333,0.06666666666666667,0.875,0.125,14,1,14,2,16,8,15,14,0.4529232978820801,0.05,,,,,,,,,,,0.3896293123383304,0.6931020292102674
2502,train-load-0.6-scenario-654,0.6,0.7142857142857143,0.7142857142857143,0.35714285714285715,9.149902789913098,0.3948481692755016,0.40515183072449834,0.7,0.3,0.7,0.3,7,3,7,3,10,7,10,7,0.296220064163208,0.05,,,,,,,,,,,0.3896293123383304,0.6931020292102674
2503,train-load-0.8-scenario-169-retry-1,0.8,0.8571428571428571,0.8571428571428571,0.5571428571428572,7.961410565515369,0.052322708593229184,0.2810106247401042,0.5833333333333334,0.4166666666666667,0.5833333333333334,0.4166666666666667,7,5,7,5,12,7,12,7,0.28768301010131836,0.05,,,,,,,,,,,0.3896293123383304,0.6931020292102674
2504,train-load-0.9-scenario-640-retry-2,0.9,1.0,0.6571428571428571,1.0,4.140923706906775,-0.45423375640062824,0.2724155745824465,0.45454545454545453,0.5454545454545454,0.45454545454545453,0.5454545454545454,5,6,5,6,11,7,11,5,0.4537679851055145,0.05,,,,,,,,,,,0.3896293123383304,0.6931020292102674
2505,train-load-0.9-scenario-305,0.9,0.9090312500000001,0.4976921875,0.9090312500000001,4.602954625630743,0.34513593993159974,0.8548640600684003,0.8,0.2,0.7142857142857143,0.2857142857142857,4,1,5,2,7,4,5,4,0.2786254286766052,0.05,,,,,,,,,,,0.3896293123383304,0.6931020292102674
2506,train-load-0.6-scenario-290,0.6,0.4857142857142857,0.12142857142857143,0.4857142857142857,25.03533965968976,1.2474311153023723,0.7525688846976277,1.0,0.0,1.0,0.0,17,0,17,0,17,7,17,17,0.27088478207588196,0.05,,,,,,,,,,,0.3896293123383304,0.6931020292102674
2507,train-load-0.8-scenario-351-retry-1,0.8,0.9,0.75,0.9,21.482053177336457,1.0222141254902735,0.31111920784306,0.8333333333333334,0.16666666666666666,0.8333333333333334,0.16666666666666666,15,3,15,3,18,4,18,15,0.3422011137008667,0.05,,,,,,,,,,,0.3896293123383304,0.6931020292102674
2508,train-load-1.0-scenario-623-retry-2,1.0,1.0285714285714285,0.8571428571428571,1.0285714285714285,4.600219277416595,-0.17518662611597002,0.3974088483381924,0.5555555555555556,0.4444444444444444,0.5555555555555556,0.4444444444444444,5,4,10,8,18,7,9,5,0.3289409279823303,0.05,,,,,,,,,,,0.3896293123383304,0.6931020292102674
2509,train-load-0.7-scenario-314-retry-1,0.7,0.8,0.8,0.64,5.934974477826234,0.14513279917142885,0.35486720082857115,0.625,0.375,0.625,0.375,5,3,5,3,8,5,8,5,0.19056296348571777,0.05,,,,,,,,,,,0.3896293123383304,0.6931020292102674
2510,train-load-0.8-scenario-608,0.8,0.8812404,0.55156,0.8812404,11.676619436715786,0.8767714137450177,0.6787841418105378,0.8888888888888888,0.1111111111111111,0.8,0.2,8,1,8,2,10,5,9,8,0.30130600929260254,0.05,,,,,,,,,,,0.3896293123383304,0.6931020292102674
2511,train-load-0.7-scenario-538-retry-1,0.7,0.78,0.78,0.65,17.847799374251263,1.175666671527589,0.2089487130877955,0.8461538461538461,0.15384615384615385,0.8461538461538461,0.15384615384615385,11,2,11,2,13,5,13,11,0.29789966344833374,0.05,,,,,,,,,,,0.3896293123383304,0.6931020292102674
2512,train-load-0.9-scenario-275-retry-1,0.9,0.8220367500000001,0.49390625,0.8220367500000001,7.135949681996768,0.6533792129415499,0.6799541203917835,0.8333333333333334,0.16666666666666666,0.7142857142857143,0.2857142857142857,5,1,5,2,7,4,6,5,0.40432024002075195,0.05,,,,,,,,,,,0.3896293123383304,0.6931020292102674
2513,train-load-0.8-scenario-734,0.8,0.7536400000000001,0.7536400000000001,0.6637850000000001,8.493519917271147,0.8420772560962104,0.49125607723712306,0.8333333333333334,0.16666666666666666,0.75,0.25,5,1,6,2,8,4,6,5,0.27770695090293884,0.05,,,,,,,,,,,0.3896293123383304,0.6931020292102674
2514,train-load-0.5-scenario-645-retry-4,0.5,0.5625,0.5625,0.5,17.886703223514026,1.5598772255047963,0.4401227744952037,1.0,0.0,1.0,0.0,10,0,10,0,10,8,10,10,0.251494824886322,0.05,,,,,,,,,,,0.3896293123383304,0.6931020292102674
2515,train-load-0.9-scenario-331-retry-5,0.9,0.8229166666666666,0.8229166666666666,0.7,8.310415266526531,0.04713455385113752,0.6195321128155291,0.6666666666666666,0.3333333333333333,0.7058823529411765,0.29411764705882354,8,4,12,5,17,8,12,8,0.44734472036361694,0.05,,,,,,,,,,,0.3896293123383304,0.6931020292102674
2516,train-load-0.9-scenario-154,0.9,0.8377254000000001,0.7042654166666666,0.8377254000000001,15.54186290874166,1.3067570511096729,0.2932429488903271,0.9,0.1,0.8181818181818182,0.18181818181818182,9,1,9,2,11,5,10,9,0.3151310086250305,0.05,,,,,,,,,,,0.3896293123383304,0.6931020292102674
2517,train-hard-4gpu-4pod-1vgpu,0.25,0.25,0.16666666666666666,0.25,11.544497883017963,1.9166666666666665,0.08333333333333337,1.0,0.0,1.0,0.0,4,0,4,0,4,4,4,4,0.36429184675216675,0.05,,,,,,,,,,,0.3896293123383304,0.6931020292102674
2518,train-load-0.5-scenario-526,0.5,0.44,0.44,0.44,19.83096122489694,1.6132409113035964,0.3867590886964035,1.0,0.0,1.0,0.0,11,0,11,0,11,5,11,11,0.2691017687320709,0.05,,,,,,,,,,,0.3896293123383304,0.6931020292102674
2519,train-load-0.7-scenario-749,0.7,0.8,0.8,0.4,14.13901894776937,1.0926689112666501,0.50733108873335,0.9,0.1,0.9,0.1,9,1,9,1,10,5,10,9,0.37483859062194824,0.05,,,,,,,,,,,0.3896293123383304,0.6931020292102674
2520,train-load-1.0-scenario-516-retry-1,1.0,1.1,1.1,0.22,1.6988220107300247,-0.8119485483621747,0.6301303665439929,0.45454545454545453,0.5454545454545454,0.45454545454545453,0.5454545454545454,5,6,5,6,11,5,11,5,0.3772975206375122,0.05,,,,,,,,,,,0.3896293123383304,0.6931020292102674
2521,train-load-0.6-scenario-128,0.6,0.6488263999999999,0.3165383333333333,0.6488263999999999,8.775592773951386,1.338806508144853,0.661193491855147,1.0,0.0,1.0,0.0,4,0,6,0,6,5,4,4,0.24979735910892487,0.05,,,,,,,,,,,0.3896293123383304,0.6931020292102674
2522,train-load-0.8-scenario-185,0.8,0.7168191666666667,0.7168191666666667,0.6658172,3.5259077541249715,-0.3303989614142425,0.9970656280809091,0.6666666666666666,0.3333333333333333,0.6666666666666666,0.3333333333333333,6,3,6,3,9,5,9,6,0.44745934009552,0.05,,,,,,,,,,,0.3896293123383304,0.6931020292102674
2523,train-load-0.9-scenario-169,0.9,1.0,0.7380952380952381,1.0,9.211005264854071,0.11458950849026972,0.34694895304819184,0.6153846153846154,0.38461538461538464,0.6153846153846154,0.38461538461538464,8,5,8,5,13,7,13,8,0.28730377554893494,0.05,,,,,,,,,,,0.3896293123383304,0.6931020292102674
2524,train-load-0.5-scenario-499,0.5,0.508227,0.291325625,0.508227,8.290561410000098,1.2621734627516557,0.7378265372483443,1.0,0.0,1.0,0.0,4,0,4,0,4,4,4,4,0.2324681431055069,0.05,,,,,,,,,,,0.3896293123383304,0.6931020292102674
2525,train-load-0.5-scenario-474,0.5,0.45283199999999996,0.32184053571428567,0.45283199999999996,13.816194077345642,1.3316147903381734,0.6683852096618266,1.0,0.0,1.0,0.0,8,0,8,0,8,7,8,8,0.2500731348991394,0.05,,,,,,,,,,,0.3896293123383304,0.6931020292102674
2526,train-load-0.7-scenario-600,0.7,0.5960578571428571,0.39791803571428574,0.5960578571428571,15.060882003238081,1.3440641915367415,0.6559358084632586,1.0,0.0,1.0,0.0,9,0,9,0,9,7,9,9,0.24116091430187225,0.05,,,,,,,,,,,0.3896293123383304,0.6931020292102674
2527,train-load-0.9-scenario-60,0.9,1.0,0.6666666666666666,1.0,4.06777552712828,-0.14740956899747226,0.6474095689974723,0.625,0.375,0.625,0.375,5,3,5,3,8,6,8,5,0.28935134410858154,0.05,,,,,,,,,,,0.3896293123383304,0.6931020292102674
2528,train-load-0.5-scenario-564-retry-1,0.5,0.5357142857142857,0.12857142857142856,0.5357142857142857,14.543415140348854,1.2845616890149276,0.7154383109850724,1.0,0.0,1.0,0.0,9,0,9,0,9,7,9,9,0.3371642529964447,0.05,,,,,,,,,,,0.3896293123383304,0.6931020292102674
2529,train-load-0.5-scenario-398,0.5,0.4411035,0.32469583333333335,0.4411035,13.681010471095991,1.2901451775885378,0.7098548224114622,1.0,0.0,1.0,0.0,8,0,8,0,8,8,8,8,0.1524600386619568,0.05,,,,,,,,,,,0.3896293123383304,0.6931020292102674
2530,train-load-0.8-scenario-69,0.8,0.734137625,0.4016734375,0.734137625,12.031662374916923,0.7441982071199702,0.8558017928800299,0.9,0.1,0.8181818181818182,0.18181818181818182,9,1,9,2,11,8,10,9,0.3729656934738159,0.05,,,,,,,,,,,0.3896293123383304,0.6931020292102674
2531,train-load-0.6-scenario-46,0.6,0.5116925714285714,0.31981309523809526,0.5116925714285714,11.416932154333784,1.364477584686906,0.6355224153130942,1.0,0.0,1.0,0.0,6,0,7,0,7,7,6,6,0.44771817326545715,0.05,,,,,,,,,,,0.3896293123383304,0.6931020292102674
2532,train-load-0.5-scenario-89,0.5,0.5229486666666667,0.3892076388888889,0.5229486666666667,12.225961289277652,1.2833549593621087,0.7166450406378913,1.0,0.0,1.0,0.0,7,0,7,0,7,6,7,7,0.21854399144649506,0.05,,,,,,,,,,,0.3896293123383304,0.6931020292102674
2533,train-load-0.5-scenario-661,0.5,0.6,0.3333333333333333,0.6,10.94702876880801,0.931925534639906,0.568074465360094,0.875,0.125,0.875,0.125,7,1,7,1,8,6,8,7,0.38584157824516296,0.05,,,,,,,,,,,0.3896293123383304,0.6931020292102674
2534,train-load-0.8-scenario-43-retry-1,0.8,0.9142857142857143,0.8095238095238095,0.9142857142857143,8.734064772182176,0.04850127049917441,0.6181653961674922,0.6666666666666666,0.3333333333333333,0.5,0.5,8,4,8,8,16,7,12,8,0.28020578622817993,0.05,,,,,,,,,,,0.3896293123383304,0.6931020292102674
2535,train-load-0.9-scenario-361,0.9,0.818672,0.818672,0.7644584,13.437939571756692,0.8651106161700205,0.4076166565572523,0.8181818181818182,0.18181818181818182,0.8181818181818182,0.18181818181818182,9,2,9,2,11,5,11,9,0.1898871660232544,0.05,,,,,,,,,,,0.3896293123383304,0.6931020292102674
2536,train-load-0.7-scenario-117,0.7,0.6349138888888889,0.6349138888888889,0.5846453333333334,15.111459754057826,1.5448357962225563,0.4551642037774438,1.0,0.0,1.0,0.0,8,0,10,0,10,6,8,8,0.4137621223926544,0.05,,,,,,,,,,,0.3896293123383304,0.6931020292102674
2537,train-load-0.7-scenario-442,0.7,0.66565375,0.3464671875,0.66565375,8.805937986059948,0.4518941194246997,0.6592169916864115,0.7777777777777778,0.2222222222222222,0.8,0.2,7,2,8,2,10,8,9,7,0.22942858934402466,0.05,,,,,,,,,,,0.3896293123383304,0.6931020292102674
2538,train-load-0.9-scenario-726-retry-6,0.9,0.9857142857142858,0.9285714285714286,0.9857142857142858,7.8403695835631275,-0.18656110824887684,0.31989444158221014,0.5333333333333333,0.4666666666666667,0.5333333333333333,0.4666666666666667,8,7,8,7,15,7,15,8,0.6806329488754272,0.05,,,,,,,,,,,0.3896293123383304,0.6931020292102674
2539,train-load-0.8-scenario-259,0.8,0.6920106666666667,0.3022489583333333,0.6920106666666667,10.333600481944966,1.225622673244216,0.7743773267557841,1.0,0.0,1.0,0.0,6,0,7,0,7,6,6,6,0.46407273411750793,0.05,,,,,,,,,,,0.3896293123383304,0.6931020292102674
2540,train-load-0.9-scenario-32,0.9,0.868028,0.5853604166666667,0.868028,11.066680863457877,1.093620170498259,0.3349512580731696,0.8571428571428571,0.14285714285714285,0.75,0.25,6,1,6,2,8,4,7,6,0.436606228351593,0.05,,,,,,,,,,,0.3896293123383304,0.6931020292102674
2541,train-load-0.8-scenario-37-retry-2,0.8,0.7,0.6125,0.7,29.084760550935524,1.2020949381022779,0.6074288714215317,0.9523809523809523,0.047619047619047616,0.9523809523809523,0.047619047619047616,20,1,20,1,21,8,21,20,0.20652742683887482,0.05,,,,,,,,,,,0.3896293123383304,0.6931020292102674
2542,train-load-1.0-scenario-149,1.0,0.914625875,0.74345640625,0.914625875,16.614970052946923,0.5866516170952635,0.4721719123165012,0.7647058823529411,0.23529411764705882,0.7368421052631579,0.2631578947368421,13,4,14,5,19,8,17,13,0.20813655853271484,0.05,,,,,,,,,,,0.3896293123383304,0.6931020292102674
2543,train-load-0.7-scenario-559-retry-3,0.7,0.7666666666666667,0.2833333333333333,0.7666666666666667,12.40122866779313,0.704881882973481,0.5678453897537917,0.8181818181818182,0.18181818181818182,0.8181818181818182,0.18181818181818182,9,2,9,2,11,6,11,9,0.2648638188838959,0.05,,,,,,,,,,,0.3896293123383304,0.6931020292102674
2544,train-load-0.7-scenario-50,0.7,0.6046288571428572,0.4873846428571429,0.6046288571428572,15.218653999359956,1.3581772124564284,0.6418227875435716,1.0,0.0,1.0,0.0,9,0,10,0,10,7,9,9,0.2678333520889282,0.05,,,,,,,,,,,0.3896293123383304,0.6931020292102674
2545,train-load-1.0-scenario-677-retry-2,1.0,0.8979604285714287,0.6675362499999999,0.8979604285714287,8.97610012577887,0.04405212825587934,0.7251786409748898,0.6923076923076923,0.3076923076923077,0.6,0.4,9,4,9,6,15,7,13,9,0.40997710824012756,0.05,,,,,,,,,,,0.3896293123383304,0.6931020292102674
2546,train-load-0.9-scenario-320-retry-3,0.9,1.00625,0.78125,1.00625,9.731423443927968,-0.047702262564808584,0.7143689292314752,0.6666666666666666,0.3333333333333333,0.6666666666666666,0.3333333333333333,10,5,10,5,15,8,15,10,0.27027153968811035,0.05,,,,,,,,,,,0.3896293123383304,0.6931020292102674
2547,train-load-0.7-scenario-142,0.7,0.8,0.26666666666666666,0.8,5.510741353960327,0.09142598330106444,0.40857401669893556,0.625,0.375,0.625,0.375,5,3,5,3,8,5,8,5,0.2039307802915573,0.05,,,,,,,,,,,0.3896293123383304,0.6931020292102674
2548,train-load-1.0-scenario-4-retry-1,1.0,1.05,0.21071428571428572,1.05,10.619809141379001,0.18779359828579478,0.6693492588570624,0.7142857142857143,0.2857142857142857,0.7142857142857143,0.2857142857142857,10,4,10,4,14,7,14,10,0.38878118991851807,0.05,,,,,,,,,,,0.3896293123383304,0.6931020292102674
2549,train-load-0.9-scenario-314,0.9,0.793240375,0.45551734374999997,0.793240375,12.052181792765351,0.7496299273923146,0.8503700726076855,0.9,0.1,0.8333333333333334,0.16666666666666666,9,1,10,2,12,8,10,9,0.3777889609336853,0.05,,,,,,,,,,,0.3896293123383304,0.6931020292102674
2550,train-load-0.7-scenario-192,0.7,0.64981725,0.570935625,0.64981725,7.183995052971457,0.5765762491410171,0.7567570841923164,0.8333333333333334,0.16666666666666666,0.7142857142857143,0.2857142857142857,5,1,5,2,7,4,6,5,0.2061801701784134,0.05,,,,,,,,,,,0.3896293123383304,0.6931020292102674
2551,train-load-0.5-scenario-126-retry-1,0.5,0.4,0.3333333333333333,0.4,26.86253435460074,1.6950834529219598,0.3049165470780401,1.0,0.0,1.0,0.0,16,0,16,0,16,8,16,16,0.16544708609580994,0.05,,,,,,,,,,,0.3896293123383304,0.6931020292102674
2552,train-load-0.9-scenario-680,0.9,0.8687325,0.6829359375,0.8687325,10.624298361412299,1.0248995259008624,0.4036719026705661,0.8571428571428571,0.14285714285714285,0.875,0.125,6,1,7,1,8,4,7,6,0.24042975902557373,0.05,,,,,,,,,,,0.3896293123383304,0.6931020292102674
2553,train-load-1.0-scenario-199,1.0,1.1,1.1,0.425,1.737910679112606,-0.5820433811503217,0.5820433811503217,0.5,0.5,0.5,0.5,4,4,8,8,16,8,8,4,0.23848316073417664,0.05,,,,,,,,,,,0.3896293123383304,0.6931020292102674
2554,train-load-0.6-scenario-184,0.6,0.5,0.3333333333333333,0.5,26.655410263648854,1.6592589687895631,0.340741031210437,1.0,0.0,1.0,0.0,16,0,16,0,16,8,16,16,0.189860537648201,0.05,,,,,,,,,,,0.3896293123383304,0.6931020292102674
2555,train-load-1.0-scenario-460-retry-7,1.0,0.8857142857142857,0.47619047619047616,0.8857142857142857,17.2305085117112,0.5119712788584049,0.5991398322527063,0.7777777777777778,0.2222222222222222,0.7777777777777778,0.2222222222222222,14,4,14,4,18,7,18,14,0.230503112077713,0.05,,,,,,,,,,,0.3896293123383304,0.6931020292102674
2556,train-load-0.6-scenario-149,0.6,0.6733166250000001,0.374570625,0.6733166250000001,12.932024165201057,1.394180023686436,0.6058199763135641,1.0,0.0,1.0,0.0,7,0,11,0,11,8,7,7,0.2130396068096161,0.05,,,,,,,,,,,0.3896293123383304,0.6931020292102674
2557,train-load-0.8-scenario-414-retry-2,0.8,0.9166666666666666,0.36666666666666664,0.9166666666666666,5.203298300346388,-0.285645127216406,0.46746330903458777,0.5454545454545454,0.45454545454545453,0.5454545454545454,0.45454545454545453,6,5,6,5,11,6,11,6,0.46816208958625793,0.05,,,,,,,,,,,0.3896293123383304,0.6931020292102674
2558,train-hard-4gpu-4pod-1vgpu,0.25,0.25,0.16666666666666666,0.25,11.544497883017963,1.9166666666666665,0.08333333333333337,1.0,0.0,1.0,0.0,4,0,4,0,4,4,4,4,0.198896124958992,0.05,,,,,,,,,,,0.3896293123383304,0.6931020292102674
2559,train-load-0.8-scenario-375,0.8,0.92,0.7666666666666667,0.92,8.234266362241929,0.18708580644028105,0.35836873901426436,0.6363636363636364,0.36363636363636365,0.6363636363636364,0.36363636363636365,7,4,7,4,11,5,11,7,0.370769739151001,0.05,,,,,,,,,,,0.3896293123383304,0.6931020292102674
2560,train-load-0.6-scenario-739,0.6,0.70110375,0.468634375,0.70110375,4.331371075297229,0.0738027165245716,0.592863950142095,0.6666666666666666,0.3333333333333333,0.6666666666666666,0.3333333333333333,4,2,4,2,6,4,6,4,0.5395090579986572,0.05,,,,,,,,,,,0.3896293123383304,0.6931020292102674
2561,train-load-1.0-scenario-665-retry-3,1.0,1.075,0.3541666666666667,1.075,3.2325503732650573,-0.26328527997930773,0.7632852799793077,0.625,0.375,0.6923076923076923,0.3076923076923077,5,3,9,4,13,8,8,5,0.418296217918396,0.05,,,,,,,,,,,0.3896293123383304,0.6931020292102674
2562,train-load-1.0-scenario-139-retry-4,1.0,1.0,1.0,1.0,6.969967955726493,0.0632082196323619,0.336791780367638,0.6,0.4,0.6,0.4,6,4,6,4,10,4,10,6,0.39274054765701294,0.05,,,,,,,,,,,0.3896293123383304,0.6931020292102674
2563,train-load-0.5-scenario-163,0.5,0.4468972222222222,0.4468972222222222,0.37090466666666666,12.742904021293992,1.3566609750181584,0.6433390249818416,1.0,0.0,1.0,0.0,7,0,7,0,7,6,7,7,0.19074976444244385,0.05,,,,,,,,,,,0.3896293123383304,0.6931020292102674
2564,train-load-0.9-scenario-711-retry-4,0.9,0.9375,0.1875,0.9375,12.225318438774025,0.23870308019489062,0.6946302531384426,0.7333333333333333,0.26666666666666666,0.7333333333333333,0.26666666666666666,11,4,11,4,15,4,15,11,0.28091204166412354,0.05,,,,,,,,,,,0.3896293123383304,0.6931020292102674
2565,train-load-0.7-scenario-44-retry-2,0.7,0.6285714285714286,0.6285714285714286,0.5142857142857142,10.156689319261522,0.8140737374558964,0.6859262625441035,0.875,0.125,0.875,0.125,7,1,7,1,8,7,8,7,0.36028313636779785,0.05,,,,,,,,,,,0.3896293123383304,0.6931020292102674
2566,train-load-0.8-scenario-747,0.8,0.8888888888888888,0.8888888888888888,0.3333333333333333,1.3434470713128919,-0.6795873820643217,0.6795873820643217,0.5,0.5,0.5,0.5,4,4,4,4,8,6,8,4,0.43341895937919617,0.05,,,,,,,,,,,0.3896293123383304,0.6931020292102674
2567,train-load-0.8-scenario-113,0.8,0.7072854,0.44103583333333335,0.7072854,13.577960030704636,1.2921047153639609,0.7078952846360391,1.0,0.0,1.0,0.0,8,0,8,0,8,5,8,8,0.2748405933380127,0.05,,,,,,,,,,,0.3896293123383304,0.6931020292102674
2568,train-load-0.8-scenario-740-retry-1,0.8,0.9142857142857143,0.8,0.9142857142857143,14.12745501693917,0.7142445501042815,0.36267852681879553,0.7692307692307693,0.23076923076923078,0.7058823529411765,0.29411764705882354,10,3,12,5,17,7,13,10,0.2572140693664551,0.05,,,,,,,,,,,0.3896293123383304,0.6931020292102674
2569,train-load-0.7-scenario-226-retry-11,0.7,0.8,0.64,0.8,6.437616702885389,0.19313341632195313,0.3068665836780469,0.625,0.375,0.625,0.375,5,3,5,3,8,5,8,5,0.3361351490020752,0.05,,,,,,,,,,,0.3896293123383304,0.6931020292102674
2570,train-load-0.8-scenario-542-retry-9,0.8,0.8571428571428571,0.05714285714285714,0.8571428571428571,-1.48766966597023,-1.1636297923032455,0.6636297923032454,0.375,0.625,0.375,0.625,3,5,3,5,8,7,8,3,0.21041026711463928,0.05,,,,,,,,,,,0.3896293123383304,0.6931020292102674
2571,train-load-1.0-scenario-615,1.0,0.9750914285714285,0.45668535714285713,0.9750914285714285,10.21180487366368,0.5622425933321505,0.6377574066678495,0.8,0.2,0.6666666666666666,0.3333333333333333,8,2,8,4,12,7,10,8,0.2161726951599121,0.05,,,,,,,,,,,0.3896293123383304,0.6931020292102674
2572,train-load-0.7-scenario-352,0.7,0.624647875,0.4106330729166667,0.624647875,17.422342359742053,1.3249454937150331,0.6750545062849669,1.0,0.0,1.0,0.0,11,0,11,0,11,8,11,11,0.3310626745223999,0.05,,,,,,,,,,,0.3896293123383304,0.6931020292102674
2573,train-load-0.9-scenario-38-retry-1,0.9,0.83582125,0.6360989583333333,0.83582125,8.036963654092162,0.4890010006563521,0.5109989993436479,0.75,0.25,0.75,0.25,6,2,6,2,8,4,8,6,0.3071156442165375,0.05,,,,,,,,,,,0.3896293123383304,0.6931020292102674
2574,train-load-0.5-scenario-731,0.5,0.612293,0.26490125,0.612293,8.187134200657276,1.2990342691944163,0.7009657308055838,1.0,0.0,1.0,0.0,4,0,4,0,4,4,4,4,0.2540794610977173,0.05,,,,,,,,,,,0.3896293123383304,0.6931020292102674
2575,train-load-0.5-scenario-401,0.5,0.47936419999999996,0.33563200000000004,0.47936419999999996,8.082146907802702,1.034576427692349,0.9654235723076511,1.0,0.0,1.0,0.0,5,0,5,0,5,5,5,5,0.1821243315935135,0.05,,,,,,,,,,,0.3896293123383304,0.6931020292102674
2576,train-load-0.6-scenario-557,0.6,0.5153782,0.43216625000000003,0.5153782,10.09921428016743,1.3573571195510046,0.6426428804489953,1.0,0.0,1.0,0.0,5,0,7,0,7,5,5,5,0.27494293451309204,0.05,,,,,,,,,,,0.3896293123383304,0.6931020292102674
2577,train-load-0.8-scenario-647,0.8,0.7015255,0.49312083333333334,0.7015255,9.336477723374786,0.8381682794850863,0.5904031490863422,0.8571428571428571,0.14285714285714285,0.8,0.2,6,1,8,2,10,6,7,6,0.24474842846393585,0.05,,,,,,,,,,,0.3896293123383304,0.6931020292102674
2578,train-load-0.7-scenario-78-retry-3,0.7,0.8,0.8,0.34,5.4903486028414745,0.09999715839902867,0.4000028416009714,0.625,0.375,0.625,0.375,5,3,5,3,8,5,8,5,0.16506442427635193,0.05,,,,,,,,,,,0.3896293123383304,0.6931020292102674
2579,train-load-1.0-scenario-561,1.0,0.9247661666666667,0.4066289583333333,0.9247661666666667,6.245609608565419,0.071548138987656,0.5951185276790106,0.6666666666666666,0.3333333333333333,0.6363636363636364,0.36363636363636365,6,3,7,4,11,6,9,6,0.10606764256954193,0.05,,,,,,,,,,,0.3896293123383304,0.6931020292102674
2580,train-load-0.7-scenario-146,0.7,0.6238668571428572,0.3429623214285714,0.6238668571428572,8.76697307248216,0.7248629643983594,0.7037084641730691,0.8571428571428571,0.14285714285714285,0.7777777777777778,0.2222222222222222,6,1,7,2,9,7,7,6,0.272026002407074,0.05,,,,,,,,,,,0.3896293123383304,0.6931020292102674
2581,train-load-0.8-scenario-733-retry-3,0.8,0.8285714285714286,0.5952380952380952,0.8285714285714286,14.768188603124209,1.0464665309747798,0.22626074175249278,0.8181818181818182,0.18181818181818182,0.6923076923076923,0.3076923076923077,9,2,9,4,13,7,11,9,0.45565128326416016,0.05,,,,,,,,,,,0.3896293123383304,0.6931020292102674
2582,train-load-0.9-scenario-347,0.9,0.84272375,0.382815,0.84272375,5.727763870226541,0.5577353418064658,0.6422646581935343,0.8,0.2,0.6666666666666666,0.3333333333333333,4,1,4,2,6,4,5,4,0.344373881816864,0.05,,,,,,,,,,,0.3896293123383304,0.6931020292102674
2583,train-load-0.9-scenario-40-retry-2,0.9,1.0,0.3333333333333333,1.0,9.192533523974674,0.34179269402086465,0.5672982150700445,0.7272727272727273,0.2727272727272727,0.7272727272727273,0.2727272727272727,8,3,8,3,11,4,11,8,0.32852622866630554,0.05,,,,,,,,,,,0.3896293123383304,0.6931020292102674
2584,train-load-0.6-scenario-231,0.6,0.5439810714285714,0.5439810714285714,0.5386918571428572,15.00519487163617,1.5551849563775735,0.4448150436224265,1.0,0.0,1.0,0.0,8,0,11,0,11,7,8,8,0.36978524923324585,0.05,,,,,,,,,,,0.3896293123383304,0.6931020292102674
2585,train-load-0.5-scenario-239-retry-1,0.5,0.4686766,0.2659665,0.4686766,10.051801457729674,1.3599644302576581,0.6400355697423418,1.0,0.0,1.0,0.0,5,0,5,0,5,5,5,5,0.25170207023620605,0.05,,,,,,,,,,,0.3896293123383304,0.6931020292102674
2586,train-load-0.8-scenario-207-retry-1,0.8,0.7333333333333333,0.1527777777777778,0.7333333333333333,30.296656884033904,1.1968136409032437,0.8031863590967563,1.0,0.0,1.0,0.0,22,0,22,0,22,6,22,22,0.4426729083061218,0.05,,,,,,,,,,,0.3896293123383304,0.6931020292102674
2587,train-load-1.0-scenario-167,1.0,1.1,0.8333333333333334,1.1,4.4328723879847685,-0.14916879779879666,0.6491687977987967,0.625,0.375,0.625,0.375,5,3,5,3,8,4,8,5,0.44513580203056335,0.05,,,,,,,,,,,0.3896293123383304,0.6931020292102674
2588,train-load-0.8-scenario-527,0.8,0.7520723333333333,0.5245879166666667,0.7520723333333333,12.493475525545723,0.9928703642563635,0.5626851912991919,0.8888888888888888,0.1111111111111111,0.9,0.1,8,1,9,1,10,6,9,8,0.26576489210128784,0.05,,,,,,,,,,,0.3896293123383304,0.6931020292102674
2589,train-load-1.0-scenario-137,1.0,0.8802965714285713,0.813729761904762,0.8802965714285713,16.34237343033388,0.6695394006395761,0.33046059936042405,0.75,0.25,0.75,0.25,12,4,12,4,16,7,16,12,0.19400490820407867,0.05,,,,,,,,,,,0.3896293123383304,0.6931020292102674
2590,train-load-0.7-scenario-223,0.7,0.6751004285714285,0.41146142857142853,0.6751004285714285,15.833243165057276,1.2858992774386957,0.7141007225613043,1.0,0.0,1.0,0.0,10,0,10,0,10,7,10,10,0.43478620052337646,0.05,,,,,,,,,,,0.3896293123383304,0.6931020292102674
2591,train-load-1.0-scenario-393,1.0,0.8948748333333333,0.8704902777777778,0.8948748333333333,16.446911640858048,0.7881019078907033,0.4118980921092967,0.8,0.2,0.8,0.2,12,3,12,3,15,6,15,12,0.33836090564727783,0.05,,,,,,,,,,,0.3896293123383304,0.6931020292102674
2592,train-load-0.9-scenario-536,0.9,1.0,0.3333333333333333,1.0,4.8210136055657,-0.21076170651687642,0.6107617065168763,0.6,0.4,0.6,0.4,6,4,6,4,10,6,10,6,0.19777970016002655,0.05,,,,,,,,,,,0.3896293123383304,0.6931020292102674
2593,train-load-0.5-scenario-399,0.5,0.5209988000000001,0.4371725,0.5209988000000001,12.540224629424099,1.521975780384388,0.478024219615612,1.0,0.0,1.0,0.0,6,0,7,0,7,5,6,6,0.3157082498073578,0.05,,,,,,,,,,,0.3896293123383304,0.6931020292102674
2594,train-load-0.6-scenario-714,0.6,0.6045318,0.5288991666666667,0.6045318,8.333318309292048,0.5068005651279378,0.9931994348720622,0.875,0.125,0.875,0.125,7,1,7,1,8,5,8,7,0.5534631609916687,0.05,,,,,,,,,,,0.3896293123383304,0.6931020292102674
2595,train-load-0.9-scenario-606-retry-1,0.9,0.925,0.4791666666666667,0.925,7.245349096712792,-0.020498493480625157,0.5659530389351706,0.6363636363636364,0.36363636363636365,0.6363636363636364,0.36363636363636365,7,4,7,4,11,8,11,7,0.20871376991271973,0.05,,,,,,,,,,,0.3896293123383304,0.6931020292102674
2596,train-load-1.0-scenario-256-retry-2,1.0,1.1111111111111112,1.1111111111111112,0.3333333333333333,4.234921667256265,-0.29387480542429234,0.6938748054242923,0.6,0.4,0.6,0.4,6,4,6,4,10,6,10,6,0.3674871027469635,0.05,,,,,,,,,,,0.3896293123383304,0.6931020292102674
2597,train-load-1.0-scenario-278-retry-14,1.0,1.0666666666666667,1.0666666666666667,0.26666666666666666,0.06054091586466592,-0.8238693043416272,0.8238693043416272,0.5,0.5,0.5,0.5,4,4,4,4,8,6,8,4,0.4124240279197693,0.05,,,,,,,,,,,0.3896293123383304,0.6931020292102674
2598,train-load-0.6-scenario-307,0.6,0.6153772000000001,0.5454866666666667,0.6153772000000001,6.895611903775663,0.6110712441502897,0.7222620891830438,0.8333333333333334,0.16666666666666666,0.7142857142857143,0.2857142857142857,5,1,5,2,7,5,6,5,0.2844473719596863,0.05,,,,,,,,,,,0.3896293123383304,0.6931020292102674
2599,train-load-0.7-scenario-470-retry-1,0.7,0.6150806249999999,0.6150806249999999,0.5276265,11.691257137241486,1.3619528644170105,0.6380471355829895,1.0,0.0,1.0,0.0,6,0,7,0,7,4,6,6,0.5179734230041504,0.05,,,,,,,,,,,0.3896293123383304,0.6931020292102674
2600,train-load-0.6-scenario-501,0.6,0.6666666666666666,0.6666666666666666,0.25,14.368464935649897,1.4508715689532046,0.5491284310467954,1.0,0.0,1.0,0.0,8,0,8,0,8,8,8,8,0.33104264736175537,0.05,0.36522790081818257,0.534871616705618,0.7250248793809502,0.27497512061904983,0.7103504789563723,0.2896495210436276,0.6411197676285051,0.6432894787300919,0.292944950995104,0.7074700669515787,0.3896293123383304,0.6931020292102674
2601,train-load-0.6-scenario-572-retry-1,0.6,0.7142857142857143,0.42857142857142855,0.7142857142857143,8.987606239211603,0.34108170707235264,0.4589182929276473,0.7,0.3,0.7,0.3,7,3,7,3,10,7,10,7,0.40681979060173035,0.05,,,,,,,,,,,0.3896293123383304,0.6931020292102674
2602,train-load-0.5-scenario-118-retry-1,0.5,0.59375,0.2708333333333333,0.59375,14.034581045593393,1.4096582292874769,0.5903417707125233,1.0,0.0,1.0,0.0,8,0,8,0,8,8,8,8,0.19614358246326447,0.05,,,,,,,,,,,0.3896293123383304,0.6931020292102674
2603,train-load-0.8-scenario-214-retry-5,0.8,0.7142857142857143,0.5285714285714286,0.7142857142857143,21.046975403405934,1.2255311768791364,0.5078021564541969,0.9333333333333333,0.06666666666666667,0.9333333333333333,0.06666666666666667,14,1,14,1,15,7,15,14,0.3177945017814636,0.05,,,,,,,,,,,0.3896293123383304,0.6931020292102674
2604,train-load-0.6-scenario-656-retry-3,0.6,0.6190476190476191,0.6190476190476191,0.5,9.791208829537602,0.6062024225702363,0.5049086885408749,0.7777777777777778,0.2222222222222222,0.7777777777777778,0.2222222222222222,7,2,7,2,9,7,9,7,0.32361987233161926,0.05,,,,,,,,,,,0.3896293123383304,0.6931020292102674
2605,train-load-0.9-scenario-313-retry-1,0.9,0.849257,0.6129982142857143,0.849257,15.409303145103294,0.8556470047935054,0.5289683798218792,0.8461538461538461,0.15384615384615385,0.7857142857142857,0.21428571428571427,11,2,11,3,14,7,13,11,0.39896366000175476,0.05,,,,,,,,,,,0.3896293123383304,0.6931020292102674
2606,train-load-0.8-scenario-748,0.8,0.6809388571428572,0.47026232142857144,0.6809388571428572,12.74629284548933,0.8714159777351023,0.7285840222648978,0.9,0.1,0.8181818181818182,0.18181818181818182,9,1,9,2,11,7,10,9,0.1747247576713562,0.05,,,,,,,,,,,0.3896293123383304,0.6931020292102674
2607,train-load-0.7-scenario-101,0.7,0.5986694285714286,0.49193107142857145,0.5986694285714286,17.136842128273077,1.4649667482398787,0.5350332517601213,1.0,0.0,1.0,0.0,10,0,11,0,11,7,10,10,0.33920231461524963,0.05,,,,,,,,,,,0.3896293123383304,0.6931020292102674
2608,train-load-0.9-scenario-181-retry-4,0.9,1.0,0.7083333333333334,1.0,2.4113415983972355,-0.5557846164925324,0.5557846164925324,0.5,0.5,0.5,0.5,4,4,4,4,8,4,8,4,0.3832434415817261,0.05,,,,,,,,,,,0.3896293123383304,0.6931020292102674
2609,train-load-0.6-scenario-612,0.6,0.5621784285714285,0.3374714285714286,0.5621784285714285,13.23700227794049,1.2598081993866772,0.7401918006133228,1.0,0.0,1.0,0.0,8,0,8,0,8,7,8,8,0.5771248936653137,0.05,,,,,,,,,,,0.3896293123383304,0.6931020292102674
2610,train-load-0.7-scenario-227,0.7,0.8,0.5,0.8,8.108369480543965,0.4454925547991866,0.5545074452008134,0.75,0.25,0.75,0.25,6,2,12,4,16,8,8,6,0.38510680198669434,0.05,,,,,,,,,,,0.3896293123383304,0.6931020292102674
2611,train-load-0.9-scenario-732,0.9,0.9642857142857143,0.4142857142857143,0.9642857142857143,6.382438939680565,-0.2861428773527267,0.7476813388911883,0.6153846153846154,0.38461538461538464,0.6153846153846154,0.38461538461538464,8,5,8,5,13,7,13,8,0.4470531940460205,0.05,,,,,,,,,,,0.3896293123383304,0.6931020292102674
2612,train-load-1.0-scenario-546-retry-7,1.0,0.8916666666666667,0.6833333333333333,0.8916666666666667,20.811662559752925,1.1905691759554997,0.3094308240445003,0.875,0.125,0.875,0.125,14,2,14,2,16,6,16,14,0.30876263976097107,0.05,,,,,,,,,,,0.3896293123383304,0.6931020292102674
2613,train-load-0.6-scenario-733,0.6,0.7142857142857143,0.11904761904761904,0.7142857142857143,7.873923613914716,0.21033805534016758,0.5896619446598323,0.7,0.3,0.7,0.3,7,3,7,3,10,7,10,7,0.2307167947292328,0.05,,,,,,,,,,,0.3896293123383304,0.6931020292102674
2614,train-load-1.0-scenario-271,1.0,0.887251,0.5405803571428572,0.887251,11.480631571751852,0.2359501137997162,0.621192743343141,0.7142857142857143,0.2857142857142857,0.7142857142857143,0.2857142857142857,10,4,10,4,14,7,14,10,0.37504440546035767,0.05,,,,,,,,,,,0.3896293123383304,0.6931020292102674
2615,train-load-0.7-scenario-531,0.7,0.6,0.1,0.6,18.387076784476854,1.2875752560218905,0.7124247439781095,1.0,0.0,1.0,0.0,12,0,12,0,12,5,12,12,0.25809404253959656,0.05,,,,,,,,,,,0.3896293123383304,0.6931020292102674
2616,train-load-0.5-scenario-25,0.5,0.43507433333333334,0.27584583333333335,0.43507433333333334,10.895350243451988,1.2837104601705454,0.7162895398294546,1.0,0.0,1.0,0.0,6,0,6,0,6,6,6,6,0.3575301170349121,0.05,,,,,,,,,,,0.3896293123383304,0.6931020292102674
2617,train-load-0.7-scenario-593,0.7,0.8,0.6666666666666666,0.8,8.502125524345516,0.5400724494276719,0.45992755057232804,0.75,0.25,0.75,0.25,6,2,6,2,8,4,8,6,0.2757890224456787,0.05,,,,,,,,,,,0.3896293123383304,0.6931020292102674
2618,train-load-0.7-scenario-598,0.7,0.629144375,0.629144375,0.490753625,12.809986208794214,0.7070422842999964,0.9293213520636399,0.9090909090909091,0.09090909090909091,0.8333333333333334,0.16666666666666666,10,1,10,2,12,8,11,10,0.1848553568124771,0.05,,,,,,,,,,,0.3896293123383304,0.6931020292102674
2619,train-load-0.6-scenario-482,0.6,0.5,0.3,0.5,29.760396673374725,1.40133145908033,0.5986685409196699,1.0,0.0,1.0,0.0,20,0,20,0,20,8,20,20,0.31205058097839355,0.05,,,,,,,,,,,0.3896293123383304,0.6931020292102674
2620,train-load-0.5-scenario-338,0.5,0.52481975,0.371403125,0.52481975,11.437235278687103,1.5436753518303306,0.45632464816966944,1.0,0.0,1.0,0.0,5,0,5,0,5,4,5,5,0.2281942069530487,0.05,,,,,,,,,,,0.3896293123383304,0.6931020292102674
2621,train-load-0.5-scenario-673-retry-6,0.5,0.40625,0.08125,0.40625,20.37377425627865,1.345028564498002,0.654971435501998,1.0,0.0,1.0,0.0,13,0,13,0,13,8,13,13,0.32990896701812744,0.05,,,,,,,,,,,0.3896293123383304,0.6931020292102674
2622,train-load-0.8-scenario-332-retry-2,0.8,0.9166666666666666,0.6111111111111112,0.9166666666666666,5.5506719160413835,-0.24514064767933996,0.42695882949752173,0.5454545454545454,0.45454545454545453,0.5454545454545454,0.45454545454545453,6,5,6,5,11,6,11,6,0.32211771607398987,0.05,,,,,,,,,,,0.3896293123383304,0.6931020292102674
2623,train-load-0.5-scenario-568,0.5,0.520145,0.4111083333333333,0.520145,14.237460122930226,1.6058990208539416,0.3941009791460584,1.0,0.0,1.0,0.0,7,0,7,0,7,5,7,7,0.2255026400089264,0.05,,,,,,,,,,,0.3896293123383304,0.6931020292102674
2624,train-load-1.0-scenario-482-retry-3,1.0,0.8936403749999999,0.5804371875000001,0.8936403749999999,16.387841477729317,0.8753602561155119,0.5532111724559166,0.8571428571428571,0.14285714285714285,0.8,0.2,12,2,12,3,15,8,14,12,0.39319494366645813,0.05,,,,,,,,,,,0.3896293123383304,0.6931020292102674
2625,train-load-1.0-scenario-183-retry-7,1.0,1.0625,1.0625,0.425,5.654069021142263,-0.6018881031357664,0.48424104431223686,0.47058823529411764,0.5294117647058824,0.47058823529411764,0.5294117647058824,8,9,8,9,17,8,17,8,0.2851482629776001,0.05,,,,,,,,,,,0.3896293123383304,0.6931020292102674
2626,train-load-1.0-scenario-280-retry-14,1.0,0.9333333333333333,0.6666666666666666,0.9333333333333333,14.842809028453667,0.4830761802767529,0.5169238197232471,0.75,0.25,0.75,0.25,12,4,12,4,16,6,16,12,0.4047590494155884,0.05,,,,,,,,,,,0.3896293123383304,0.6931020292102674
2627,train-load-0.8-scenario-525,0.8,0.75,0.75,0.6,7.682313836284872,0.3167239305913053,0.34994273607536125,0.6666666666666666,0.3333333333333333,0.6666666666666666,0.3333333333333333,6,3,6,3,9,6,9,6,0.35596153140068054,0.05,,,,,,,,,,,0.3896293123383304,0.6931020292102674
2628,train-load-0.8-scenario-574,0.8,0.837505875,0.2935989583333333,0.837505875,11.594602017689404,0.8799769843633781,0.6755785711921772,0.8888888888888888,0.1111111111111111,0.8181818181818182,0.18181818181818182,8,1,9,2,11,8,9,8,0.3474985957145691,0.05,,,,,,,,,,,0.3896293123383304,0.6931020292102674
2629,train-load-0.6-scenario-222-retry-3,0.6,0.4857142857142857,0.4857142857142857,0.24285714285714285,26.219312780403897,1.4285076832509582,0.5714923167490417,1.0,0.0,1.0,0.0,17,0,17,0,17,7,17,17,0.24846044182777405,0.05,,,,,,,,,,,0.3896293123383304,0.6931020292102674
2630,train-load-0.6-scenario-34,0.6,0.5,0.3333333333333333,0.5,22.52244336285991,1.4799246960287542,0.5200753039712459,1.0,0.0,1.0,0.0,14,0,14,0,14,7,14,14,0.3043602705001831,0.05,,,,,,,,,,,0.3896293123383304,0.6931020292102674
2631,train-load-0.5-scenario-465-retry-1,0.5,0.6,0.4666666666666667,0.6,16.242022866591384,1.2013591095925953,0.43500452677104084,0.9090909090909091,0.09090909090909091,0.9090909090909091,0.09090909090909091,10,1,10,1,11,6,11,10,0.5124956369400024,0.05,,,,,,,,,,,0.3896293123383304,0.6931020292102674
2632,train-load-0.5-scenario-179,0.5,0.4266628333333333,0.40528194444444443,0.4266628333333333,11.63251537851503,1.1694062949067097,0.8305937050932903,1.0,0.0,1.0,0.0,7,0,7,0,7,6,7,7,0.27511322498321533,0.05,,,,,,,,,,,0.3896293123383304,0.6931020292102674
2633,train-load-0.7-scenario-162-retry-1,0.7,0.8,0.52,0.8,7.576723397206397,0.3905993701198236,0.6094006298801764,0.75,0.25,0.75,0.25,6,2,6,2,8,5,8,6,0.3119361996650696,0.05,,,,,,,,,,,0.3896293123383304,0.6931020292102674
2634,train-load-0.9-scenario-509,0.9,0.7893395,0.615800625,0.7893395,12.300628431764892,0.5533231962782101,0.7800101370551233,0.8333333333333334,0.16666666666666666,0.8333333333333334,0.16666666666666666,10,2,10,2,12,6,12,10,0.25243130326271057,0.05,,,,,,,,,,,0.3896293123383304,0.6931020292102674
2635,train-load-0.8-scenario-56,0.8,0.7500127500000001,0.491615625,0.7500127500000001,20.22230576889357,1.3304979696785288,0.6695020303214712,1.0,0.0,1.0,0.0,13,0,14,0,14,8,13,13,0.2975628077983856,0.05,,,,,,,,,,,0.3896293123383304,0.6931020292102674
2636,train-load-0.8-scenario-312-retry-4,0.8,0.85,0.5625,0.85,7.0115903677446765,-0.039152649554041186,0.5846071950085866,0.6363636363636364,0.36363636363636365,0.6363636363636364,0.36363636363636365,7,4,7,4,11,8,11,7,0.4192888140678406,0.05,,,,,,,,,,,0.3896293123383304,0.6931020292102674
2637,train-load-0.6-scenario-515,0.6,0.5858155,0.5858155,0.5614085999999999,12.433855046130187,1.2763267468617177,0.7236732531382823,1.0,0.0,1.0,0.0,7,0,8,0,8,5,7,7,0.3587588667869568,0.05,,,,,,,,,,,0.3896293123383304,0.6931020292102674
2638,train-load-0.5-scenario-543,0.5,0.5,0.5,0.375,20.699947874454587,1.554918889504132,0.44508111049586807,1.0,0.0,1.0,0.0,12,0,12,0,12,8,12,12,0.5482811331748962,0.05,,,,,,,,,,,0.3896293123383304,0.6931020292102674
2639,train-load-0.6-scenario-499,0.6,0.6,0.5555555555555556,0.6,16.890724567855884,1.5917286340924786,0.4082713659075214,1.0,0.0,1.0,0.0,9,0,9,0,9,6,9,9,0.30661869049072266,0.05,,,,,,,,,,,0.3896293123383304,0.6931020292102674
2640,train-load-0.6-scenario-480,0.6,0.6797604166666668,0.6797604166666668,0.49096775000000004,6.207965191445167,0.6178686090657751,0.5821313909342251,0.8,0.2,0.6666666666666666,0.3333333333333333,4,1,4,2,6,4,5,4,0.1934986710548401,0.05,,,,,,,,,,,0.3896293123383304,0.6931020292102674
2641,train-load-0.7-scenario-512,0.7,0.80625,0.80625,0.7875,7.650342245232988,0.30951768528205126,0.35714898138461537,0.6666666666666666,0.3333333333333333,0.6666666666666666,0.3333333333333333,6,3,10,5,15,8,9,6,0.2745731770992279,0.05,,,,,,,,,,,0.3896293123383304,0.6931020292102674
2642,train-load-0.7-scenario-435-retry-2,0.7,0.6875,0.6875,0.6875,11.420787602475848,0.6047296033583285,0.3043613057325806,0.7272727272727273,0.2727272727272727,0.7272727272727273,0.2727272727272727,8,3,8,3,11,8,11,8,0.26465708017349243,0.05,,,,,,,,,,,0.3896293123383304,0.6931020292102674
2643,train-load-1.0-scenario-127-retry-2,1.0,1.1,0.88,1.1,4.528770342775143,-0.1789211651503959,0.4011433873726183,0.5555555555555556,0.4444444444444444,0.5555555555555556,0.4444444444444444,5,4,5,4,9,5,9,5,0.3660528361797333,0.05,,,,,,,,,,,0.3896293123383304,0.6931020292102674
2644,train-load-0.6-scenario-463,0.6,0.5613635,0.41251041666666666,0.5613635,10.212748262733395,0.752420592995922,0.747579407004078,0.875,0.125,0.875,0.125,7,1,7,1,8,6,8,7,0.21845711767673492,0.05,,,,,,,,,,,0.3896293123383304,0.6931020292102674
2645,train-load-0.6-scenario-660,0.6,0.521473,0.5059357142857144,0.521473,16.565814034012178,1.3414547297680897,0.6585452702319105,1.0,0.0,1.0,0.0,10,0,10,0,10,7,10,10,0.44457173347473145,0.05,,,,,,,,,,,0.3896293123383304,0.6931020292102674
2646,train-load-0.5-scenario-196,0.5,0.486344,0.27415729166666664,0.486344,8.45154810578245,1.2472148746633585,0.7527851253366415,1.0,0.0,1.0,0.0,4,0,4,0,4,4,4,4,0.5520997047424316,0.05,,,,,,,,,,,0.3896293123383304,0.6931020292102674
2647,train-load-0.9-scenario-548,0.9,0.8049395833333333,0.8049395833333333,0.5549492500000001,11.20144372303682,0.9580798583431707,0.5419201416568293,0.875,0.125,0.875,0.125,7,1,7,1,8,4,8,7,0.5078464150428772,0.05,,,,,,,,,,,0.3896293123383304,0.6931020292102674
2648,train-load-0.7-scenario-466-retry-6,0.7,0.5833333333333334,0.3888888888888889,0.5833333333333334,23.11230265692584,1.5530481977534023,0.44695180224659775,1.0,0.0,1.0,0.0,14,0,14,0,14,6,14,14,0.11121006309986115,0.05,,,,,,,,,,,0.3896293123383304,0.6931020292102674
2649,train-load-0.7-scenario-581,0.7,0.72,0.72,0.72,10.837244805994118,0.7325235814435394,0.3785875296675717,0.7777777777777778,0.2222222222222222,0.7777777777777778,0.2222222222222222,7,2,7,2,9,5,9,7,0.7661700248718262,0.05,,,,,,,,,,,0.3896293123383304,0.6931020292102674
2650,train-load-0.5-scenario-238,0.5,0.42,0.42,0.28,23.623993088321622,1.5922983677957534,0.4077016322042467,1.0,0.0,1.0,0.0,14,0,14,0,14,5,14,14,0.5022009015083313,0.05,,,,,,,,,,,0.3896293123383304,0.6931020292102674
2651,train-load-1.0-scenario-355-retry-1,1.0,1.06,0.8666666666666667,1.06,13.686920481628743,0.47942664827546727,0.6634304945816756,0.7857142857142857,0.21428571428571427,0.7857142857142857,0.21428571428571427,11,3,11,3,14,5,14,11,0.17646752297878265,0.05,,,,,,,,,,,0.3896293123383304,0.6931020292102674
2652,train-load-0.8-scenario-295-retry-4,0.8,0.9,0.28,0.9,3.98314904533645,-0.3165618832532594,0.5387841054754817,0.5555555555555556,0.4444444444444444,0.5555555555555556,0.4444444444444444,5,4,5,4,9,5,9,5,0.30747175216674805,0.05,,,,,,,,,,,0.3896293123383304,0.6931020292102674
2653,train-load-0.7-scenario-439,0.7,0.7857142857142857,0.18928571428571428,0.7857142857142857,7.099505547551972,0.35023597458914,0.64976402541086,0.75,0.25,0.6363636363636364,0.36363636363636365,6,2,7,4,11,7,8,6,0.4242243766784668,0.05,,,,,,,,,,,0.3896293123383304,0.6931020292102674
2654,train-load-1.0-scenario-68,1.0,1.0666666666666667,1.0666666666666667,1.0666666666666667,6.090325715285596,0.13169135852665526,0.3683086414733447,0.625,0.375,0.625,0.375,5,3,10,6,16,6,8,5,0.7217474579811096,0.05,,,,,,,,,,,0.3896293123383304,0.6931020292102674
2655,train-load-0.8-scenario-478,0.8,0.7037395,0.6035486111111111,0.7037395,17.256517061999,1.49853956310522,0.5014604368947799,1.0,0.0,1.0,0.0,10,0,11,0,11,6,10,10,0.47250527143478394,0.05,,,,,,,,,,,0.3896293123383304,0.6931020292102674
2656,train-load-0.5-scenario-83,0.5,0.5280633333333333,0.3376941666666667,0.5280633333333333,12.11449181825541,1.4648314042962995,0.5351685957037005,1.0,0.0,1.0,0.0,6,0,7,0,7,6,6,6,0.23629334568977356,0.05,,,,,,,,,,,0.3896293123383304,0.6931020292102674
2657,train-load-0.7-scenario-196,0.7,0.6626822,0.57032325,0.6626822,9.81190830846734,0.7097550204593721,0.7902449795406279,0.875,0.125,0.875,0.125,7,1,7,1,8,5,8,7,0.27935338020324707,0.05,,,,,,,,,,,0.3896293123383304,0.6931020292102674
2658,train-load-0.6-scenario-264,0.6,0.5700784999999999,0.38455062500000003,0.5700784999999999,6.422375847021354,0.6518391217728675,0.5481608782271326,0.8,0.2,0.8,0.2,4,1,4,1,5,4,5,4,0.19594168663024902,0.05,,,,,,,,,,,0.3896293123383304,0.6931020292102674
2659,train-load-0.9-scenario-262,0.9,0.7857142857142857,0.42857142857142855,0.7857142857142857,7.588732227933331,0.16094442299436174,0.23905557700563823,0.6,0.4,0.6,0.4,6,4,6,4,10,7,10,6,0.33884963393211365,0.05,,,,,,,,,,,0.3896293123383304,0.6931020292102674
2660,train-load-0.5-scenario-279,0.5,0.48885400000000007,0.2732822916666667,0.48885400000000007,8.121987752738079,1.2494072749854102,0.7505927250145898,1.0,0.0,1.0,0.0,4,0,4,0,4,4,4,4,0.27139097452163696,0.05,,,,,,,,,,,0.3896293123383304,0.6931020292102674
2661,train-load-0.7-scenario-545,0.7,0.7427214999999999,0.4299975,0.7427214999999999,2.776490775284749,-0.1093657488451597,0.5093657488451596,0.6,0.4,0.6666666666666666,0.3333333333333333,3,2,4,2,6,4,5,3,0.17996765673160553,0.05,,,,,,,,,,,0.3896293123383304,0.6931020292102674
2662,train-load-0.5-scenario-299-retry-1,0.5,0.6,0.6,0.6,17.13783024059734,1.6645964645926878,0.33540353540731205,1.0,0.0,1.0,0.0,9,0,9,0,9,5,9,9,0.4602176547050476,0.05,,,,,,,,,,,0.3896293123383304,0.6931020292102674
2663,train-load-1.0-scenario-552,1.0,0.9800906666666667,0.804340625,0.9800906666666667,6.962311087227182,-0.29780981413301555,0.5835240998473012,0.5714285714285714,0.42857142857142855,0.5714285714285714,0.42857142857142855,8,6,8,6,14,6,14,8,0.6181460022926331,0.05,,,,,,,,,,,0.3896293123383304,0.6931020292102674
2664,train-load-0.8-scenario-728-retry-13,0.8,0.9,0.9,0.3,8.48175681326206,0.060478567320089716,0.6061880993465769,0.6666666666666666,0.3333333333333333,0.6666666666666666,0.3333333333333333,8,4,8,4,12,8,12,8,0.3045618236064911,0.05,,,,,,,,,,,0.3896293123383304,0.6931020292102674
2665,train-load-0.9-scenario-589,0.9,0.9449238333333333,0.5891069444444444,0.9449238333333333,5.856316023845559,-0.1990317401713484,0.7444862856258938,0.6363636363636364,0.36363636363636365,0.5833333333333334,0.4166666666666667,7,4,7,5,12,6,11,7,0.2928227186203003,0.05,,,,,,,,,,,0.3896293123383304,0.6931020292102674
2666,train-load-0.7-scenario-0-retry-9,0.7,0.8125,0.052083333333333336,0.8125,7.197185420034493,0.08734019516190938,0.7126598048380905,0.7,0.3,0.7,0.3,7,3,7,3,10,8,10,7,0.29870760440826416,0.05,,,,,,,,,,,0.3896293123383304,0.6931020292102674
2667,train-load-0.9-scenario-79,0.9,0.9283995,0.54401875,0.9283995,2.8705714071278825,-0.12345264909217846,0.5234526490921784,0.6,0.4,0.5714285714285714,0.42857142857142855,3,2,4,3,7,4,5,3,0.5445375442504883,0.05,,,,,,,,,,,0.3896293123383304,0.6931020292102674
2668,train-load-1.0-scenario-67-retry-1,1.0,0.9690401428571428,0.5921964285714286,0.9690401428571428,14.887845698535337,0.7586162269873045,0.6259991576280801,0.8461538461538461,0.15384615384615385,0.7857142857142857,0.21428571428571427,11,2,11,3,14,7,13,11,0.4538240432739258,0.05,,,,,,,,,,,0.3896293123383304,0.6931020292102674
2669,train-load-0.7-scenario-637-retry-2,0.7,0.59375,0.3020833333333333,0.59375,19.24853077846691,1.3589013388551374,0.6410986611448626,1.0,0.0,1.0,0.0,12,0,12,0,12,8,12,12,0.44981563091278076,0.05,,,,,,,,,,,0.3896293123383304,0.6931020292102674
2670,train-load-0.8-scenario-433-retry-2,0.8,0.9166666666666666,0.9166666666666666,0.7333333333333333,6.055893875577661,-0.10124942398072012,0.28306760579890183,0.5454545454545454,0.45454545454545453,0.5454545454545454,0.45454545454545453,6,5,6,5,11,6,11,6,0.53254634141922,0.05,,,,,,,,,,,0.3896293123383304,0.6931020292102674
2671,train-load-0.5-scenario-516-retry-4,0.5,0.5714285714285714,0.5714285714285714,0.2857142857142857,17.390353093839575,1.5376294324332003,0.46237056756679973,1.0,0.0,1.0,0.0,10,0,10,0,10,7,10,10,0.32002416253089905,0.05,,,,,,,,,,,0.3896293123383304,0.6931020292102674
2672,train-load-0.9-scenario-632-retry-1,0.9,1.0,0.3,1.0,-6.8537501851976135,-2.284583395065871,0.2845833950658714,0.0,1.0,0.0,1.0,0,8,0,8,8,8,8,0,0.4437411427497864,0.05,,,,,,,,,,,0.3896293123383304,0.6931020292102674
2673,train-load-0.7-scenario-296,0.7,0.6001213333333333,0.4050722222222222,0.6001213333333333,15.558843483119489,1.4129609222722275,0.5870390777277724,1.0,0.0,1.0,0.0,9,0,9,0,9,6,9,9,0.27474841475486755,0.05,,,,,,,,,,,0.3896293123383304,0.6931020292102674
2674,train-load-0.5-scenario-606-retry-1,0.5,0.4,0.32,0.4,15.73839646955227,1.5944176754122665,0.40558232458773347,1.0,0.0,1.0,0.0,8,0,8,0,8,5,8,8,0.34681713581085205,0.05,,,,,,,,,,,0.3896293123383304,0.6931020292102674
2675,train-load-0.9-scenario-649-retry-2,0.9,0.822262375,0.5833822916666667,0.822262375,17.522171304181384,1.0359206070137215,0.6563870852939708,0.9230769230769231,0.07692307692307693,0.875,0.125,12,1,14,2,16,8,13,12,0.489214152097702,0.05,,,,,,,,,,,0.3896293123383304,0.6931020292102674
2676,train-load-0.9-scenario-47-retry-2,0.9,0.95,0.775,0.95,12.172756353955574,0.69593330451619,0.2131576045747193,0.7272727272727273,0.2727272727272727,0.7272727272727273,0.2727272727272727,8,3,8,3,11,4,11,8,0.15390580892562866,0.05,,,,,,,,,,,0.3896293123383304,0.6931020292102674
2677,train-load-0.6-scenario-413,0.6,0.5,0.25,0.5,24.030331779927703,1.4623288467504416,0.5376711532495583,1.0,0.0,1.0,0.0,15,0,15,0,15,6,15,15,0.21221211552619934,0.05,,,,,,,,,,,0.3896293123383304,0.6931020292102674
2678,train-hard-4gpu-4pod-1vgpu,0.25,0.25,0.16666666666666666,0.25,11.544497883017963,1.9166666666666665,0.08333333333333337,1.0,0.0,1.0,0.0,4,0,4,0,4,4,4,4,0.3639821708202362,0.05,,,,,,,,,,,0.3896293123383304,0.6931020292102674
2679,train-load-0.7-scenario-672,0.7,0.6180595714285715,0.4422458928571429,0.6180595714285715,13.684683682969997,0.9652304246279335,0.6347695753720666,0.9,0.1,0.9,0.1,9,1,9,1,10,7,10,9,0.3064064681529999,0.05,,,,,,,,,,,0.3896293123383304,0.6931020292102674
2680,train-load-0.7-scenario-548-retry-9,0.7,0.6111111111111112,0.6111111111111112,0.4166666666666667,18.22720997795877,1.5701263890062975,0.4298736109937024,1.0,0.0,1.0,0.0,10,0,10,0,10,6,10,10,0.11040914803743362,0.05,,,,,,,,,,,0.3896293123383304,0.6931020292102674
2681,train-load-0.7-scenario-351,0.7,0.6635909999999999,0.6012890625,0.6635909999999999,22.431655543447604,1.462052030343398,0.537947969656602,1.0,0.0,1.0,0.0,14,0,15,0,15,8,14,14,0.38049980998039246,0.05,,,,,,,,,,,0.3896293123383304,0.6931020292102674
2682,train-load-0.9-scenario-274-retry-2,0.9,1.0166666666666666,0.7416666666666667,1.0166666666666666,5.558393310147298,0.09795900853611528,0.4020409914638848,0.625,0.375,0.5,0.5,5,3,6,6,12,6,8,5,0.44481468200683594,0.05,,,,,,,,,,,0.3896293123383304,0.6931020292102674
2683,train-hard-4gpu-8pod-1vgpu,0.5,0.5,0.3333333333333333,0.5,16.42232909936926,1.8333333333333335,0.16666666666666663,1.0,0.0,1.0,0.0,8,0,8,0,8,4,8,8,0.16735810041427612,0.05,,,,,,,,,,,0.3896293123383304,0.6931020292102674
2684,train-load-0.6-scenario-513,0.6,0.6916666666666667,0.6,0.6916666666666667,11.627456041679249,1.035563939356661,0.46443606064333914,0.875,0.125,0.875,0.125,7,1,7,1,8,6,8,7,0.2541831135749817,0.05,,,,,,,,,,,0.3896293123383304,0.6931020292102674
2685,train-load-0.9-scenario-244,0.9,0.95,0.475,0.95,12.672200173078322,-0.0031022066166146445,0.5294179960902988,0.631578947368421,0.3684210526315789,0.631578947368421,0.3684210526315789,12,7,12,7,19,8,19,12,0.5034264922142029,0.05,,,,,,,,,,,0.3896293123383304,0.6931020292102674
2686,train-load-0.7-scenario-247,0.7,0.71875,0.40625,0.71875,-0.8819992959600125,-1.092523407748298,0.5925234077482979,0.375,0.625,0.375,0.625,3,5,3,5,8,8,8,3,0.18084841966629028,0.05,,,,,,,,,,,0.3896293123383304,0.6931020292102674
2687,train-load-0.8-scenario-151-retry-1,0.8,0.7071428571428572,0.35714285714285715,0.7071428571428572,11.39477505759548,1.0156116011909369,0.48438839880906315,0.875,0.125,0.875,0.125,7,1,7,1,8,7,8,7,0.29129600524902344,0.05,,,,,,,,,,,0.3896293123383304,0.6931020292102674
2688,train-load-0.7-scenario-636-retry-1,0.7,0.78,0.78,0.65,22.825198595486576,1.7108593663151987,0.2891406336848012,1.0,0.0,1.0,0.0,13,0,13,0,13,5,13,13,0.36859437823295593,0.05,,,,,,,,,,,0.3896293123383304,0.6931020292102674
2689,train-load-1.0-scenario-36-retry-6,1.0,1.0,1.0,0.9,8.219050353263373,-0.6635029777561936,0.758741072994289,0.5238095238095238,0.47619047619047616,0.5238095238095238,0.47619047619047616,11,10,11,10,21,8,21,11,0.44666990637779236,0.05,,,,,,,,,,,0.3896293123383304,0.6931020292102674
2690,train-load-0.7-scenario-61,0.7,0.64,0.48,0.64,12.41366014923658,1.161373943291635,0.33862605670836504,0.875,0.125,0.875,0.125,7,1,7,1,8,5,8,7,0.39882805943489075,0.05,,,,,,,,,,,0.3896293123383304,0.6931020292102674
2691,train-load-0.8-scenario-213,0.8,0.7398354166666666,0.7398354166666666,0.5498517142857143,10.65624128855722,0.4362737189859923,0.8364535537412805,0.8181818181818182,0.18181818181818182,0.8461538461538461,0.15384615384615385,9,2,11,2,13,7,11,9,0.4666464030742645,0.05,,,,,,,,,,,0.3896293123383304,0.6931020292102674
2692,train-hard-4gpu-8pod-1vgpu,0.5,0.5,0.3333333333333333,0.5,16.42232909936926,1.8333333333333335,0.16666666666666663,1.0,0.0,1.0,0.0,8,0,8,0,8,4,8,8,0.3063194751739502,0.05,,,,,,,,,,,0.3896293123383304,0.6931020292102674
2693,train-load-0.6-scenario-336-retry-2,0.6,0.6857142857142857,0.6857142857142857,0.34285714285714286,9.167965407384717,0.19197851208476124,0.4746881545819054,0.6666666666666666,0.3333333333333333,0.6666666666666666,0.3333333333333333,8,4,8,4,12,7,12,8,0.44351357221603394,0.05,,,,,,,,,,,0.3896293123383304,0.6931020292102674
2694,train-load-0.7-scenario-591,0.7,0.7161142,0.6402265,0.7161142,10.830550764569177,0.939705027571438,0.5602949724285619,0.875,0.125,0.8888888888888888,0.1111111111111111,7,1,8,1,9,5,8,7,0.389742374420166,0.05,,,,,,,,,,,0.3896293123383304,0.6931020292102674
2695,train-load-0.9-scenario-266,0.9,1.0,0.3333333333333333,1.0,3.67475302272011,-0.5698546447923107,0.5698546447923107,0.5,0.5,0.5,0.5,6,6,6,6,12,6,12,6,0.25725170969963074,0.05,,,,,,,,,,,0.3896293123383304,0.6931020292102674
2696,train-load-0.7-scenario-360,0.7,0.775,0.425,0.775,16.717973912330166,0.8465077200340062,0.5820637085374223,0.8571428571428571,0.14285714285714285,0.8571428571428571,0.14285714285714285,12,2,12,2,14,8,14,12,0.4495706558227539,0.05,,,,,,,,,,,0.3896293123383304,0.6931020292102674
2697,train-load-0.6-scenario-54,0.6,0.55,0.55,0.1375,17.1031077441398,1.2624997953159993,0.7375002046840007,1.0,0.0,1.0,0.0,11,0,11,0,11,8,11,11,0.28036874532699585,0.05,,,,,,,,,,,0.3896293123383304,0.6931020292102674
2698,train-load-0.6-scenario-164-retry-4,0.6,0.5,0.3333333333333333,0.5,30.891690724601965,1.5532302621115397,0.4467697378884603,1.0,0.0,1.0,0.0,20,0,20,0,20,8,20,20,0.40755343437194824,0.05,,,,,,,,,,,0.3896293123383304,0.6931020292102674
2699,train-load-0.8-scenario-691-retry-1,0.8,0.85,0.7083333333333334,0.85,12.702720945977958,0.14793683568170068,0.4402984584359464,0.6470588235294118,0.35294117647058826,0.6470588235294118,0.35294117647058826,11,6,11,6,17,8,17,11,0.10336092859506607,0.05,,,,,,,,,,,0.3896293123383304,0.6931020292102674
2700,train-load-0.8-scenario-160,0.8,0.9166666666666666,0.18333333333333332,0.9166666666666666,4.040865711776103,-0.4452538425661512,0.627072024384333,0.5454545454545454,0.45454545454545453,0.5454545454545454,0.45454545454545453,6,5,6,5,11,6,11,6,0.2156878262758255,0.05,0.37977515060924316,0.5230246920885719,0.7256999606744537,0.2743000393255462,0.7108393625185659,0.289160637481434,0.6905157698495497,0.7359993503571962,0.27176216190043245,0.7214662325661708,0.3896293123383304,0.6931020292102674
2701,train-load-0.9-scenario-468-retry-1,0.9,0.8631496,0.7788933333333333,0.8631496,9.674447465222162,0.5821073521227695,0.5290037589883415,0.7777777777777778,0.2222222222222222,0.7272727272727273,0.2727272727272727,7,2,8,3,11,5,9,7,0.46339064836502075,0.05,,,,,,,,,,,0.3896293123383304,0.6931020292102674
2702,train-load-0.8-scenario-698-retry-1,0.8,0.694504,0.6299033333333334,0.694504,12.047081298969587,1.1004104878369005,0.3995895121630995,0.875,0.125,0.8888888888888888,0.1111111111111111,7,1,8,1,9,5,8,7,0.10618864744901657,0.05,,,,,,,,,,,0.3896293123383304,0.6931020292102674
2703,train-load-0.5-scenario-101-retry-3,0.5,0.4,0.2,0.4,24.65406376923512,1.3917360103189864,0.6082639896810136,1.0,0.0,1.0,0.0,16,0,16,0,16,8,16,16,0.3673274517059326,0.05,,,,,,,,,,,0.3896293123383304,0.6931020292102674
2704,train-load-0.5-scenario-395,0.5,0.466213125,0.2554895833333333,0.466213125,11.889410454728058,1.215502148605572,0.7844978513944281,1.0,0.0,1.0,0.0,7,0,8,0,8,8,7,7,0.2695162892341614,0.05,,,,,,,,,,,0.3896293123383304,0.6931020292102674
2705,train-load-0.6-scenario-437,0.6,0.5621744,0.3545785,0.5621744,10.923620659306884,1.2629932902488663,0.7370067097511337,1.0,0.0,1.0,0.0,6,0,6,0,6,5,6,6,0.16273462772369385,0.05,,,,,,,,,,,0.3896293123383304,0.6931020292102674
2706,train-load-0.6-scenario-248-retry-2,0.6,0.6857142857142857,0.09523809523809523,0.6857142857142857,9.973215186446428,0.7939536211229554,0.7060463788770445,0.875,0.125,0.875,0.125,7,1,7,1,8,7,8,7,0.3036201000213623,0.05,,,,,,,,,,,0.3896293123383304,0.6931020292102674
2707,train-load-0.8-scenario-197,0.8,0.7030302083333333,0.7030302083333333,0.679151,5.5643061918527446,0.20714118007724502,0.6500016770656122,0.7142857142857143,0.2857142857142857,0.7142857142857143,0.2857142857142857,5,2,5,2,7,4,7,5,0.1936534345149994,0.05,,,,,,,,,,,0.3896293123383304,0.6931020292102674
2708,train-load-0.7-scenario-734-retry-2,0.7,0.7,0.35,0.7,22.328987189945433,1.4373168922599404,0.5626831077400596,1.0,0.0,1.0,0.0,14,0,14,0,14,4,14,14,0.47255682945251465,0.05,,,,,,,,,,,0.3896293123383304,0.6931020292102674
2709,train-load-0.9-scenario-273,0.9,0.8451905,0.4568729166666667,0.8451905,3.6620857174659225,-0.021773390092108325,0.688440056758775,0.6666666666666666,0.3333333333333333,0.5714285714285714,0.42857142857142855,4,2,4,3,7,4,6,4,0.29768627882003784,0.05,,,,,,,,,,,0.3896293123383304,0.6931020292102674
2710,train-load-0.8-scenario-96,0.8,0.7234139999999999,0.5128334375,0.7234139999999999,7.333198959597632,0.6860965732132371,0.6472367601200963,0.8333333333333334,0.16666666666666666,0.8333333333333334,0.16666666666666666,5,1,5,1,6,4,6,5,0.2612720727920532,0.05,,,,,,,,,,,0.3896293123383304,0.6931020292102674
2711,train-load-1.0-scenario-290,1.0,0.884559,0.6157390625,0.884559,5.10175718610612,0.1494793916749252,0.707663465467932,0.7142857142857143,0.2857142857142857,0.625,0.375,5,2,5,3,8,4,7,5,0.34238702058792114,0.05,,,,,,,,,,,0.3896293123383304,0.6931020292102674
2712,train-load-0.7-scenario-119-retry-2,0.7,0.6071428571428571,0.39285714285714285,0.6071428571428571,17.139475738808976,1.4654865733393523,0.5345134266606477,1.0,0.0,1.0,0.0,10,0,10,0,10,7,10,10,0.22398072481155396,0.05,,,,,,,,,,,0.3896293123383304,0.6931020292102674
2713,train-load-0.9-scenario-638-retry-10,0.9,0.95,0.7976190476190477,0.95,7.111589170088887,0.04764407486563893,0.752355925134361,0.7,0.3,0.5833333333333334,0.4166666666666667,7,3,7,5,12,7,10,7,0.24018841981887817,0.05,,,,,,,,,,,0.3896293123383304,0.6931020292102674
2714,train-load-0.7-scenario-106-retry-1,0.7,0.7714285714285715,0.6428571428571429,0.7714285714285715,10.762184262328917,0.7802645336571816,0.3308465774539295,0.7777777777777778,0.2222222222222222,0.7777777777777778,0.2222222222222222,7,2,7,2,9,7,9,7,0.24964694678783417,0.05,,,,,,,,,,,0.3896293123383304,0.6931020292102674
2715,train-load-0.7-scenario-203,0.7,0.6333051666666667,0.3054118055555556,0.6333051666666667,5.828755493635557,0.4185831395925575,0.9147501937407759,0.8333333333333334,0.16666666666666666,0.7142857142857143,0.2857142857142857,5,1,5,2,7,6,6,5,0.346200555562973,0.05,,,,,,,,,,,0.3896293123383304,0.6931020292102674
2716,train-load-0.9-scenario-270,0.9,0.7904760000000001,0.4433782142857143,0.7904760000000001,13.977905445683328,0.782113068949202,0.5512202643841316,0.8333333333333334,0.16666666666666666,0.8333333333333334,0.16666666666666666,10,2,10,2,12,7,12,10,0.4123207926750183,0.05,,,,,,,,,,,0.3896293123383304,0.6931020292102674
2717,train-load-0.9-scenario-398-retry-1,0.9,1.0166666666666666,0.225,1.0166666666666666,9.705880172705772,0.012706243235700132,0.8444366139071571,0.7142857142857143,0.2857142857142857,0.7142857142857143,0.2857142857142857,10,4,10,4,14,6,14,10,0.3916545510292053,0.05,,,,,,,,,,,0.3896293123383304,0.6931020292102674
2718,train-load-1.0-scenario-354,1.0,0.9583333333333334,0.9583333333333334,0.4625,6.367164901196502,0.21248607480658976,0.7875139251934102,0.75,0.25,0.6363636363636364,0.36363636363636365,6,2,7,4,11,4,8,6,0.41296932101249695,0.05,,,,,,,,,,,0.3896293123383304,0.6931020292102674
2719,train-load-0.9-scenario-308-retry-2,0.9,0.825,0.825,0.825,14.105049964578141,1.2934675944780794,0.26208796107747595,0.8888888888888888,0.1111111111111111,0.8888888888888888,0.1111111111111111,8,1,8,1,9,4,9,8,0.3348797559738159,0.05,,,,,,,,,,,0.3896293123383304,0.6931020292102674
2720,train-load-0.5-scenario-23,0.5,0.4,0.3333333333333333,0.4,26.64298681937497,1.7040466353932036,0.29595336460679644,1.0,0.0,1.0,0.0,16,0,16,0,16,4,16,16,0.3843930959701538,0.05,,,,,,,,,,,0.3896293123383304,0.6931020292102674
2721,train-load-0.9-scenario-9,0.9,0.806882738095238,0.806882738095238,0.7450504285714286,17.264408477513914,0.7658670215244148,0.7007996451422521,0.8666666666666667,0.13333333333333333,0.8666666666666667,0.13333333333333333,13,2,13,2,15,7,15,13,0.41857755184173584,0.05,,,,,,,,,,,0.3896293123383304,0.6931020292102674
2722,train-load-0.9-scenario-466,0.9,0.7928395,0.706538125,0.7928395,14.147781342094838,1.2060278754445415,0.3495276801110139,0.8888888888888888,0.1111111111111111,0.8888888888888888,0.1111111111111111,8,1,8,1,9,4,9,8,0.21631121635437012,0.05,,,,,,,,,,,0.3896293123383304,0.6931020292102674
2723,train-load-0.8-scenario-559,0.8,0.7596291666666667,0.48195416666666663,0.7596291666666667,12.131394301244326,0.9639624258698735,0.591593129685682,0.8888888888888888,0.1111111111111111,0.9,0.1,8,1,9,1,10,6,9,8,0.38826724886894226,0.05,,,,,,,,,,,0.3896293123383304,0.6931020292102674
2724,train-load-0.6-scenario-169,0.6,0.5157738571428572,0.49598392857142853,0.5157738571428572,10.08589061523273,0.5963578740490653,0.9591976815064902,0.8888888888888888,0.1111111111111111,0.8,0.2,8,1,8,2,10,7,9,8,0.3734644055366516,0.05,,,,,,,,,,,0.3896293123383304,0.6931020292102674
2725,train-load-0.8-scenario-319,0.8,0.85514325,0.6046552083333333,0.85514325,3.7782996186164004,-0.08997955838824989,0.9471224155311071,0.7142857142857143,0.2857142857142857,0.625,0.375,5,2,5,3,8,4,7,5,0.3300103545188904,0.05,,,,,,,,,,,0.3896293123383304,0.6931020292102674
2726,train-load-0.6-scenario-587-retry-1,0.6,0.7083333333333334,0.7083333333333334,0.55,14.17506674374447,1.1888593286536353,0.36669622690192033,0.8888888888888888,0.1111111111111111,0.8666666666666667,0.13333333333333333,8,1,13,2,15,6,9,8,0.2994990348815918,0.05,,,,,,,,,,,0.3896293123383304,0.6931020292102674
2727,train-load-1.0-scenario-748,1.0,0.9474654,0.7513216666666668,0.9474654,13.445697832628547,0.8878938397719095,0.38483343295536343,0.8181818181818182,0.18181818181818182,0.8181818181818182,0.18181818181818182,9,2,9,2,11,5,11,9,0.2849452495574951,0.05,,,,,,,,,,,0.3896293123383304,0.6931020292102674
2728,train-load-0.7-scenario-693,0.7,0.8,0.8,0.5,14.744566580744316,1.2116502884747367,0.38834971152526343,0.9,0.1,0.9,0.1,9,1,9,1,10,5,10,9,0.7085669040679932,0.05,,,,,,,,,,,0.3896293123383304,0.6931020292102674
2729,train-load-1.0-scenario-17-retry-2,1.0,0.9846726,0.6370566666666666,0.9846726,9.185267100855295,0.47800067659097156,0.6331104345201396,0.7777777777777778,0.2222222222222222,0.6363636363636364,0.36363636363636365,7,2,7,4,11,5,9,7,0.17851966619491577,0.05,,,,,,,,,,,0.3896293123383304,0.6931020292102674
2730,train-load-0.7-scenario-91,0.7,0.65,0.65,0.27,13.210498683943033,1.1160039378001523,0.4395516177554031,0.8888888888888888,0.1111111111111111,0.8888888888888888,0.1111111111111111,8,1,8,1,9,5,9,8,0.12207938730716705,0.05,,,,,,,,,,,0.3896293123383304,0.6931020292102674
2731,train-load-0.8-scenario-539-retry-1,0.8,0.8571428571428571,0.5714285714285714,0.8571428571428571,11.912828133870928,1.1059151765799058,0.3940848234200943,0.875,0.125,0.875,0.125,7,1,7,1,8,7,8,7,0.3855847716331482,0.05,,,,,,,,,,,0.3896293123383304,0.6931020292102674
2732,train-hard-4gpu-4pod-2vgpu,0.25,0.25,0.16666666666666666,0.25,11.616666666666667,1.9166666666666665,0.08333333333333337,1.0,0.0,1.0,0.0,4,0,8,0,8,4,4,4,0.2711193561553955,0.05,,,,,,,,,,,0.3896293123383304,0.6931020292102674
2733,train-load-0.9-scenario-475,0.9,0.8213558,0.62751725,0.8213558,13.591173683431517,1.2016241280335977,0.35393142752195783,0.8888888888888888,0.1111111111111111,0.8,0.2,8,1,8,2,10,5,9,8,0.3368162512779236,0.05,,,,,,,,,,,0.3896293123383304,0.6931020292102674
2734,train-load-0.6-scenario-731,0.6,0.5300234,0.44233916666666667,0.5300234,9.158909277413034,0.7497597278436977,0.6788117007277309,0.8571428571428571,0.14285714285714285,0.8571428571428571,0.14285714285714285,6,1,6,1,7,5,7,6,0.2900107502937317,0.05,,,,,,,,,,,0.3896293123383304,0.6931020292102674
2735,train-load-0.6-scenario-592,0.6,0.5,0.4166666666666667,0.5,30.464491181678213,1.4662458099934865,0.5337541900065135,1.0,0.0,1.0,0.0,20,0,20,0,20,8,20,20,0.21662083268165588,0.05,,,,,,,,,,,0.3896293123383304,0.6931020292102674
2736,train-load-0.7-scenario-622-retry-1,0.7,0.6857142857142857,0.6857142857142857,0.34285714285714286,19.34244376329289,1.4128424933523889,0.5871575066476111,1.0,0.0,1.0,0.0,12,0,12,0,12,7,12,12,0.3153194189071655,0.05,,,,,,,,,,,0.3896293123383304,0.6931020292102674
2737,train-load-0.6-scenario-628,0.6,0.7,0.5333333333333333,0.7,6.9706597038107105,0.27069707552272326,0.7293029244772767,0.75,0.25,0.75,0.25,6,2,6,2,8,5,8,6,0.4824312627315521,0.05,,,,,,,,,,,0.3896293123383304,0.6931020292102674
2738,train-load-0.5-scenario-133,0.5,0.47230512500000005,0.40094583333333333,0.47230512500000005,14.601958524129998,1.4245748798885574,0.5754251201114428,1.0,0.0,1.0,0.0,8,0,10,0,10,8,8,8,0.5954824686050415,0.05,,,,,,,,,,,0.3896293123383304,0.6931020292102674
2739,train-load-0.5-scenario-27,0.5,0.5161291666666666,0.5161291666666666,0.47060860000000004,8.759359643391097,1.3312043353532954,0.6687956646467047,1.0,0.0,1.0,0.0,4,0,6,0,6,5,4,4,0.3907387852668762,0.05,,,,,,,,,,,0.3896293123383304,0.6931020292102674
2740,train-load-0.9-scenario-483,0.9,0.9569106666666666,0.5562225000000001,0.9569106666666666,8.898654109085586,0.4638922463557661,0.6472188647553451,0.7777777777777778,0.2222222222222222,0.6666666666666666,0.3333333333333333,7,2,8,4,12,6,9,7,0.26056432723999023,0.05,,,,,,,,,,,0.3896293123383304,0.6931020292102674
2741,train-load-0.7-scenario-201,0.7,0.8,0.8,0.8,9.857175199216185,0.23636218170358037,0.43030448496308626,0.6666666666666666,0.3333333333333333,0.6666666666666666,0.3333333333333333,8,4,8,4,12,6,12,8,0.27047285437583923,0.05,,,,,,,,,,,0.3896293123383304,0.6931020292102674
2742,train-load-0.6-scenario-403,0.6,0.7083333333333334,0.2833333333333333,0.7083333333333334,16.481958961793577,1.1129957091794855,0.553670957487181,0.9166666666666666,0.08333333333333333,0.9166666666666666,0.08333333333333333,11,1,11,1,12,6,12,11,0.3590654134750366,0.05,,,,,,,,,,,0.3896293123383304,0.6931020292102674
2743,train-load-0.5-scenario-286,0.5,0.5817091428571428,0.2286404761904762,0.5817091428571428,9.657935403680902,1.2500944840742367,0.7499055159257633,1.0,0.0,1.0,0.0,5,0,7,0,7,7,5,5,0.28931593894958496,0.05,,,,,,,,,,,0.3896293123383304,0.6931020292102674
2744,train-load-0.5-scenario-8-retry-1,0.5,0.575,0.4583333333333333,0.575,11.134792224673767,0.9477447231305136,0.5522552768694864,0.875,0.125,0.8888888888888888,0.1111111111111111,7,1,8,1,9,8,8,7,0.32364147901535034,0.05,,,,,,,,,,,0.3896293123383304,0.6931020292102674
2745,train-load-0.9-scenario-353-retry-5,0.9,0.9428571428571428,0.9428571428571428,0.8571428571428571,16.11514570615696,1.12246330620201,0.21087002713132358,0.8333333333333334,0.16666666666666666,0.7777777777777778,0.2222222222222222,10,2,14,4,18,7,12,10,0.3379477262496948,0.05,,,,,,,,,,,0.3896293123383304,0.6931020292102674
2746,train-load-0.9-scenario-0-retry-6,0.9,0.95,0.76,0.95,11.823473494123064,0.45029366623939193,0.3189371029913773,0.6923076923076923,0.3076923076923077,0.6923076923076923,0.3076923076923077,9,4,9,4,13,5,13,9,0.4235093295574188,0.05,,,,,,,,,,,0.3896293123383304,0.6931020292102674
2747,train-load-1.0-scenario-220-retry-3,1.0,1.0875,1.0875,0.575,15.936950887924919,0.2618200846005837,0.6855483364520478,0.7368421052631579,0.2631578947368421,0.6428571428571429,0.35714285714285715,14,5,18,10,28,8,19,14,0.5017721652984619,0.05,,,,,,,,,,,0.3896293123383304,0.6931020292102674
2748,train-load-0.8-scenario-253,0.8,0.6860642857142857,0.6860642857142857,0.6430497142857143,14.01699509637967,1.027067385917383,0.5729326140826171,0.9,0.1,0.8333333333333334,0.16666666666666666,9,1,10,2,12,7,10,9,0.5337575674057007,0.05,,,,,,,,,,,0.3896293123383304,0.6931020292102674
2749,train-load-0.8-scenario-466-retry-3,0.8,0.8571428571428571,0.8571428571428571,0.32142857142857145,7.464125041999377,0.1492772032487778,0.6507227967512221,0.7,0.3,0.7,0.3,7,3,7,3,10,7,10,7,0.3165369927883148,0.05,,,,,,,,,,,0.3896293123383304,0.6931020292102674
2750,train-load-1.0-scenario-88,1.0,0.8989434,0.7603300000000001,0.8989434,15.8279016603348,1.1984823915201852,0.4378812448434509,0.9090909090909091,0.09090909090909091,0.8333333333333334,0.16666666666666666,10,1,10,2,12,5,11,10,0.4793701767921448,0.05,,,,,,,,,,,0.3896293123383304,0.6931020292102674
2751,train-load-0.7-scenario-366-retry-1,0.7,0.7857142857142857,0.06547619047619048,0.7857142857142857,7.08717063187988,0.0065303631837939635,0.5389241822707515,0.6363636363636364,0.36363636363636365,0.6363636363636364,0.36363636363636365,7,4,7,4,11,7,11,7,0.15155860781669617,0.05,,,,,,,,,,,0.3896293123383304,0.6931020292102674
2752,train-load-0.7-scenario-100,0.7,0.597954,0.5778465625,0.597954,6.373035342740836,0.529603623485448,0.8037297098478855,0.8333333333333334,0.16666666666666666,0.7142857142857143,0.2857142857142857,5,1,5,2,7,4,6,5,0.23240096867084503,0.05,,,,,,,,,,,0.3896293123383304,0.6931020292102674
2753,train-load-0.9-scenario-679,0.9,0.8484096,0.6555833333333333,0.8484096,5.778561626069931,0.12919495812116577,0.8708050418788342,0.75,0.25,0.6666666666666666,0.3333333333333333,6,2,6,3,9,5,8,6,0.31082698702812195,0.05,,,,,,,,,,,0.3896293123383304,0.6931020292102674
2754,train-load-0.9-scenario-568,0.9,0.7977738333333334,0.5597475,0.7977738333333334,8.521164983781372,0.41450841690317564,0.6966026942079355,0.7777777777777778,0.2222222222222222,0.8,0.2,7,2,8,2,10,6,9,7,0.41106653213500977,0.05,,,,,,,,,,,0.3896293123383304,0.6931020292102674
2755,train-load-0.5-scenario-339-retry-2,0.5,0.5625,0.5625,0.45,13.993224157582555,1.209829344987205,0.34572621056835057,0.8888888888888888,0.1111111111111111,0.8888888888888888,0.1111111111111111,8,1,8,1,9,8,9,8,0.3345099091529846,0.05,,,,,,,,,,,0.3896293123383304,0.6931020292102674
2756,train-load-0.5-scenario-29,0.5,0.44609974999999996,0.27731875,0.44609974999999996,8.386311481352312,1.2703789247571076,0.7296210752428924,1.0,0.0,1.0,0.0,4,0,4,0,4,4,4,4,0.23675712943077087,0.05,,,,,,,,,,,0.3896293123383304,0.6931020292102674
2757,train-load-0.5-scenario-390-retry-1,0.5,0.4666666666666667,0.1388888888888889,0.4666666666666667,18.16126089291535,1.2162561050913212,0.7837438949086788,1.0,0.0,1.0,0.0,12,0,12,0,12,6,12,12,0.24388331174850464,0.05,,,,,,,,,,,0.3896293123383304,0.6931020292102674
2758,train-load-0.5-scenario-565,0.5,0.4406134,0.3434825,0.4406134,8.898094907950806,1.1089442424143157,0.8910557575856843,1.0,0.0,1.0,0.0,5,0,5,0,5,5,5,5,0.3836469054222107,0.05,,,,,,,,,,,0.3896293123383304,0.6931020292102674
2759,train-hard-4gpu-8pod-1vgpu,0.5,0.5,0.3333333333333333,0.5,16.42232909936926,1.8333333333333335,0.16666666666666663,1.0,0.0,1.0,0.0,8,0,8,0,8,4,8,8,0.48845380544662476,0.05,,,,,,,,,,,0.3896293123383304,0.6931020292102674
2760,train-load-1.0-scenario-411,1.0,0.9585484,0.5731883333333333,0.9585484,6.316937689273956,0.04353537138842711,0.6231312952782395,0.6666666666666666,0.3333333333333333,0.6,0.4,6,3,6,4,10,5,9,6,0.333742618560791,0.05,,,,,,,,,,,0.3896293123383304,0.6931020292102674
2761,train-load-1.0-scenario-606,1.0,0.975,0.4125,0.975,7.441848928649993,-0.07895782792567518,0.4122911612590086,0.5833333333333334,0.4166666666666667,0.5833333333333334,0.4166666666666667,7,5,7,5,12,8,12,7,0.20872050523757935,0.05,,,,,,,,,,,0.3896293123383304,0.6931020292102674
2762,train-load-1.0-scenario-636,1.0,0.9776323333333333,0.38556125,0.9776323333333333,6.830323165680296,0.26912775835142355,0.7308722416485764,0.75,0.25,0.6,0.4,6,2,6,4,10,6,8,6,0.3287365734577179,0.05,,,,,,,,,,,0.3896293123383304,0.6931020292102674
2763,train-load-0.6-scenario-311,0.6,0.6785714285714286,0.44285714285714284,0.6785714285714286,9.28652582632047,0.5240505027394541,0.5870606083716571,0.7777777777777778,0.2222222222222222,0.7777777777777778,0.2222222222222222,7,2,7,2,9,7,9,7,0.47375285625457764,0.05,,,,,,,,,,,0.3896293123383304,0.6931020292102674
2764,train-load-0.9-scenario-594-retry-1,0.9,0.8237673999999999,0.37836833333333336,0.8237673999999999,7.61177275382476,0.5352732794180365,0.893298149153392,0.8571428571428571,0.14285714285714285,0.75,0.25,6,1,6,2,8,5,7,6,0.3664964437484741,0.05,,,,,,,,,,,0.3896293123383304,0.6931020292102674
2765,train-load-0.8-scenario-223-retry-5,0.8,0.9,0.15,0.9,5.690280247120431,0.007964263422385542,0.6587024032442811,0.6666666666666666,0.3333333333333333,0.6666666666666666,0.3333333333333333,6,3,6,3,9,6,9,6,0.40851065516471863,0.05,,,,,,,,,,,0.3896293123383304,0.6931020292102674
2766,train-load-0.9-scenario-434-retry-1,0.9,1.0,1.0,0.8,3.404344350221553,-0.29172576753660373,0.29172576753660373,0.5,0.5,0.5,0.5,4,4,4,4,8,4,8,4,0.3218143582344055,0.05,,,,,,,,,,,0.3896293123383304,0.6931020292102674
2767,train-load-0.6-scenario-629,0.6,0.5228782738095238,0.5228782738095238,0.5208058571428571,15.615533406942086,1.4190829899119266,0.5809170100880733,1.0,0.0,1.0,0.0,9,0,10,0,10,7,9,9,0.378059446811676,0.05,,,,,,,,,,,0.3896293123383304,0.6931020292102674
2768,train-load-0.9-scenario-479-retry-2,0.9,1.0,0.06666666666666667,1.0,4.456131067580885,-0.2858815937896738,0.6858815937896737,0.6,0.4,0.6,0.4,6,4,6,4,10,6,10,6,0.25394976139068604,0.05,,,,,,,,,,,0.3896293123383304,0.6931020292102674
2769,train-load-0.9-scenario-702-retry-1,0.9,0.975,0.5875,0.975,6.417420632206035,-0.21005811804690555,0.5433914513802389,0.5833333333333334,0.4166666666666667,0.5833333333333334,0.4166666666666667,7,5,7,5,12,8,12,7,0.1964297890663147,0.05,,,,,,,,,,,0.3896293123383304,0.6931020292102674
2770,train-load-0.5-scenario-612-retry-1,0.5,0.4523809523809524,0.4523809523809524,0.42857142857142855,15.907860726295588,1.4769245527727504,0.5230754472272496,1.0,0.0,1.0,0.0,9,0,9,0,9,7,9,9,0.22940124571323395,0.05,,,,,,,,,,,0.3896293123383304,0.6931020292102674
2771,train-load-0.6-scenario-432,0.6,0.5942946874999999,0.5942946874999999,0.58472825,17.73177212282062,1.5479103029134467,0.45208969708655344,1.0,0.0,1.0,0.0,10,0,13,0,13,8,10,10,0.43680062890052795,0.05,,,,,,,,,,,0.3896293123383304,0.6931020292102674
2772,train-load-0.7-scenario-252-retry-4,0.7,0.7,0.4375,0.7,14.7999738772628,0.6392878721252719,0.5035692707318709,0.7857142857142857,0.21428571428571427,0.7857142857142857,0.21428571428571427,11,3,11,3,14,8,14,11,0.29856404662132263,0.05,,,,,,,,,,,0.3896293123383304,0.6931020292102674
2773,train-load-0.9-scenario-691-retry-5,0.9,0.9,0.7,0.9,13.19835619121185,0.9662323407986457,0.6337676592013544,0.9,0.1,0.9,0.1,9,1,9,1,10,5,10,9,0.32029998302459717,0.05,,,,,,,,,,,0.3896293123383304,0.6931020292102674
2774,train-load-1.0-scenario-592-retry-3,1.0,1.1,0.9166666666666666,1.1,5.668523875132603,-0.20498127678806377,0.38679945860624554,0.5454545454545454,0.45454545454545453,0.5454545454545454,0.45454545454545453,6,5,6,5,11,4,11,6,0.24257692694664001,0.05,,,,,,,,,,,0.3896293123383304,0.6931020292102674
2775,train-load-0.6-scenario-140,0.6,0.4857142857142857,0.40476190476190477,0.4857142857142857,35.445844196289144,1.517056708331559,0.48294329166844097,1.0,0.0,1.0,0.0,24,0,24,0,24,7,24,24,0.36320924758911133,0.05,,,,,,,,,,,0.3896293123383304,0.6931020292102674
2776,train-load-0.5-scenario-649-retry-1,0.5,0.45714285714285713,0.44285714285714284,0.45714285714285713,12.360610064654018,0.9329804568561305,0.6225750986994248,0.8888888888888888,0.1111111111111111,0.8888888888888888,0.1111111111111111,8,1,8,1,9,7,9,8,0.49245572090148926,0.05,,,,,,,,,,,0.3896293123383304,0.6931020292102674
2777,train-load-0.5-scenario-483,0.5,0.40625,0.06770833333333333,0.40625,20.880895516131137,1.4300915995539243,0.5699084004460757,1.0,0.0,1.0,0.0,13,0,13,0,13,8,13,13,0.34481412172317505,0.05,,,,,,,,,,,0.3896293123383304,0.6931020292102674
2778,train-load-0.6-scenario-80-retry-2,0.6,0.6875,0.4583333333333333,0.6875,11.177339800059691,0.5703534813180291,0.3387374277728801,0.7272727272727273,0.2727272727272727,0.7272727272727273,0.2727272727272727,8,3,8,3,11,8,11,8,0.293232262134552,0.05,,,,,,,,,,,0.3896293123383304,0.6931020292102674
2779,train-load-0.6-scenario-716,0.6,0.6833333333333333,0.5166666666666667,0.6833333333333333,15.333472948340006,1.6016145011477319,0.39838549885226815,1.0,0.0,1.0,0.0,8,0,8,0,8,6,8,8,0.3214348256587982,0.05,,,,,,,,,,,0.3896293123383304,0.6931020292102674
2780,train-load-0.9-scenario-246-retry-1,0.9,1.0,0.675,1.0,6.122789371588931,0.04733716453773551,0.6193295021289311,0.6666666666666666,0.3333333333333333,0.6666666666666666,0.3333333333333333,6,3,6,3,9,4,9,6,0.21049928665161133,0.05,,,,,,,,,,,0.3896293123383304,0.6931020292102674
2781,train-load-0.8-scenario-610,0.8,0.7643317500000001,0.368309375,0.7643317500000001,2.6655104650035084,0.12781486339513037,0.8721851366048696,0.75,0.25,0.6666666666666666,0.3333333333333333,3,1,4,2,6,4,4,3,0.3388935923576355,0.05,,,,,,,,,,,0.3896293123383304,0.6931020292102674
2782,train-load-0.8-scenario-323-retry-1,0.8,0.9,0.9,0.72,5.325018694805838,-0.03487291396311121,0.2570951361853335,0.5555555555555556,0.4444444444444444,0.5555555555555556,0.4444444444444444,5,4,5,4,9,5,9,5,0.29528945684432983,0.05,,,,,,,,,,,0.3896293123383304,0.6931020292102674
2783,train-load-0.5-scenario-178,0.5,0.4415594,0.29489625,0.4415594,9.019442230045142,1.1382815738796879,0.8617184261203122,1.0,0.0,1.0,0.0,5,0,5,0,5,5,5,5,0.35023361444473267,0.05,,,,,,,,,,,0.3896293123383304,0.6931020292102674
2784,train-load-1.0-scenario-376,1.0,0.9381161666666666,0.7605133333333334,0.9381161666666666,9.829697849804088,0.3436132752809933,0.5654776338099159,0.7272727272727273,0.2727272727272727,0.6923076923076923,0.3076923076923077,8,3,9,4,13,6,11,8,0.17986911535263062,0.05,,,,,,,,,,,0.3896293123383304,0.6931020292102674
2785,train-load-0.8-scenario-560-retry-12,0.8,0.9125,0.6666666666666666,0.9125,7.276536728827,0.15172893972593726,0.24827106027406268,0.6,0.4,0.6,0.4,6,4,6,4,10,4,10,6,0.14654913544654846,0.05,,,,,,,,,,,0.3896293123383304,0.6931020292102674
2786,train-load-0.9-scenario-428,0.9,0.9,0.9,0.9,7.3730969291105595,0.2579457147177564,0.4087209519489102,0.6666666666666666,0.3333333333333333,0.6666666666666666,0.3333333333333333,6,3,6,3,9,4,9,6,0.45364195108413696,0.05,,,,,,,,,,,0.3896293123383304,0.6931020292102674
2787,train-load-0.9-scenario-625-retry-10,0.9,1.0,1.0,0.5,7.27872623771733,0.1601272666678245,0.6398727333321754,0.7,0.3,0.7,0.3,7,3,7,3,10,4,10,7,0.24120275676250458,0.05,,,,,,,,,,,0.3896293123383304,0.6931020292102674
2788,train-load-1.0-scenario-540-retry-10,1.0,1.05,1.05,0.35,6.649088612911964,-0.29801064863252813,0.5837249343468138,0.5714285714285714,0.42857142857142855,0.5714285714285714,0.42857142857142855,8,6,8,6,14,8,14,8,0.20043958723545074,0.05,,,,,,,,,,,0.3896293123383304,0.6931020292102674
2789,train-load-0.9-scenario-333-retry-1,0.9,0.8553594999999999,0.5613025,0.8553594999999999,14.339462695392164,1.0110400945324247,0.6253235418312115,0.9090909090909091,0.09090909090909091,0.8333333333333334,0.16666666666666666,10,1,10,2,12,6,11,10,0.13887986540794373,0.05,,,,,,,,,,,0.3896293123383304,0.6931020292102674
2790,train-hard-8gpu-16pod-1vgpu,0.5,0.5,0.3333333333333333,0.5,27.21738182198293,1.8333333333333335,0.16666666666666663,1.0,0.0,1.0,0.0,16,0,16,0,16,8,16,16,0.2912660837173462,0.05,,,,,,,,,,,0.3896293123383304,0.6931020292102674
2791,train-load-1.0-scenario-40,1.0,0.9946278,0.852984,0.9946278,9.286560684434384,0.3235526956481607,0.5855382134427485,0.7272727272727273,0.2727272727272727,0.6666666666666666,0.3333333333333333,8,3,8,4,12,5,11,8,0.2832559049129486,0.05,,,,,,,,,,,0.3896293123383304,0.6931020292102674
2792,train-load-1.0-scenario-293,1.0,0.9265678,0.812525,0.9265678,13.441829051811794,0.8933595158827808,0.3793677568444921,0.8181818181818182,0.18181818181818182,0.75,0.25,9,2,9,3,12,5,11,9,0.11913402378559113,0.05,,,,,,,,,,,0.3896293123383304,0.6931020292102674
2793,train-load-0.9-scenario-382-retry-4,0.9,0.875,0.875,0.7,23.785442914053235,0.9865813130821015,0.2515139250131367,0.8095238095238095,0.19047619047619047,0.8095238095238095,0.19047619047619047,17,4,17,4,21,6,21,17,0.21439293026924133,0.05,,,,,,,,,,,0.3896293123383304,0.6931020292102674
2794,train-load-0.5-scenario-696-retry-1,0.5,0.5300636,0.39200675,0.5300636,5.821295092273666,0.3959154862269451,0.9374178471063883,0.8333333333333334,0.16666666666666666,0.7142857142857143,0.2857142857142857,5,1,5,2,7,5,6,5,0.22192814946174622,0.05,,,,,,,,,,,0.3896293123383304,0.6931020292102674
2795,train-load-0.5-scenario-128,0.5,0.44400421875000007,0.44400421875000007,0.40046262499999996,16.691679283411105,1.3646275325333057,0.6353724674666943,1.0,0.0,1.0,0.0,10,0,10,0,10,8,10,10,0.20347335934638977,0.05,,,,,,,,,,,0.3896293123383304,0.6931020292102674
2796,train-load-0.5-scenario-190,0.5,0.5333333333333333,0.5333333333333333,0.5333333333333333,16.024845399613614,1.65701474960951,0.34298525039049,1.0,0.0,1.0,0.0,8,0,8,0,8,6,8,8,0.21865838766098022,0.05,,,,,,,,,,,0.3896293123383304,0.6931020292102674
2797,train-load-1.0-scenario-72,1.0,0.8828951428571429,0.5030910714285715,0.8828951428571429,6.759026180734827,0.12179169700771375,0.9893194141033974,0.7777777777777778,0.2222222222222222,0.6666666666666666,0.3333333333333333,7,2,8,4,12,7,9,7,0.42547446489334106,0.05,,,,,,,,,,,0.3896293123383304,0.6931020292102674
2798,train-load-0.7-scenario-89-retry-1,0.7,0.7,0.675,0.7,12.092966940063274,1.09652856578562,0.4034714342143799,0.875,0.125,0.875,0.125,7,1,7,1,8,4,8,7,0.3962683081626892,0.05,,,,,,,,,,,0.3896293123383304,0.6931020292102674
2799,train-load-0.9-scenario-452,0.9,0.8464028125,0.8464028125,0.75065325,8.05123461535267,0.4964140381177131,0.5035859618822869,0.75,0.25,0.6666666666666666,0.3333333333333333,6,2,6,3,9,4,8,6,0.19834567606449127,0.05,,,,,,,,,,,0.3896293123383304,0.6931020292102674
2800,train-load-0.6-scenario-365,0.6,0.53125,0.4427083333333333,0.53125,17.092577085927488,1.4479784720532165,0.5520215279467835,1.0,0.0,1.0,0.0,10,0,10,0,10,8,10,10,0.2946595251560211,0.05,0.378550841028814,0.5239582109908646,0.7256272630049196,0.27437273699508036,0.7117702271935811,0.2882297728064189,0.6672413332771516,0.669514929180101,0.2808423234724523,0.7200223909439892,0.3896293123383304,0.6931020292102674
2801,train-load-0.7-scenario-728-retry-1,0.7,0.6833333333333333,0.6833333333333333,0.68,9.073222278992763,0.5004227323086822,0.610688378802429,0.7777777777777778,0.2222222222222222,0.7777777777777778,0.2222222222222222,7,2,7,2,9,5,9,7,0.12030187249183655,0.05,,,,,,,,,,,0.3896293123383304,0.6931020292102674
2802,train-load-0.8-scenario-645-retry-2,0.8,0.825,0.46875,0.825,16.438803674463045,1.1043106068158997,0.5623560598507669,0.9166666666666666,0.08333333333333333,0.9333333333333333,0.06666666666666667,11,1,14,1,15,8,12,11,0.19244758784770966,0.05,,,,,,,,,,,0.3896293123383304,0.6931020292102674
2803,train-load-0.6-scenario-304,0.6,0.6333333333333333,0.3888888888888889,0.6333333333333333,14.981714131066738,1.537113125814726,0.46288687418527397,1.0,0.0,1.0,0.0,8,0,8,0,8,6,8,8,0.4301162362098694,0.05,,,,,,,,,,,0.3896293123383304,0.6931020292102674
2804,train-load-0.7-scenario-261,0.7,0.78,0.45,0.78,16.417375046004437,1.5606506042455455,0.43934939575445464,1.0,0.0,1.0,0.0,9,0,9,0,9,5,9,9,0.2627902626991272,0.05,,,,,,,,,,,0.3896293123383304,0.6931020292102674
2805,train-load-0.7-scenario-251,0.7,0.7,0.175,0.7,18.51551548522499,1.0288543027472177,0.6854314115384967,0.9285714285714286,0.07142857142857142,0.9285714285714286,0.07142857142857142,13,1,13,1,14,8,14,13,0.19877734780311584,0.05,,,,,,,,,,,0.3896293123383304,0.6931020292102674
2806,train-load-1.0-scenario-692,1.0,0.901716,0.634219,0.901716,6.15015764120092,0.07705535282676956,0.5896113138398971,0.6666666666666666,0.3333333333333333,0.7,0.3,6,3,7,3,10,5,9,6,0.27230504155158997,0.05,,,,,,,,,,,0.3896293123383304,0.6931020292102674
2807,train-load-0.8-scenario-67-retry-2,0.8,0.85,0.7083333333333334,0.85,19.7984788776175,0.9384383632508222,0.3556792838080012,0.8235294117647058,0.17647058823529413,0.8235294117647058,0.17647058823529413,14,3,14,3,17,4,17,14,0.24645289778709412,0.05,,,,,,,,,,,0.3896293123383304,0.6931020292102674
2808,train-load-0.7-scenario-565-retry-1,0.7,0.7666666666666667,0.575,0.7666666666666667,22.491386275682892,1.6939297431066533,0.30607025689334655,1.0,0.0,1.0,0.0,13,0,13,0,13,6,13,13,0.32117852568626404,0.05,,,,,,,,,,,0.3896293123383304,0.6931020292102674
2809,train-load-0.7-scenario-253-retry-3,0.7,0.74,0.48333333333333334,0.74,6.88685060937524,0.2963489227214493,0.7036510772785507,0.75,0.25,0.75,0.25,6,2,6,2,8,5,8,6,0.2684078812599182,0.05,,,,,,,,,,,0.3896293123383304,0.6931020292102674
2810,train-load-0.7-scenario-306,0.7,0.6381792000000001,0.312679,0.6381792000000001,10.455531071416683,1.246409002540114,0.753590997459886,1.0,0.0,1.0,0.0,6,0,6,0,6,5,6,6,0.22597944736480713,0.05,,,,,,,,,,,0.3896293123383304,0.6931020292102674
2811,train-load-0.9-scenario-172-retry-1,0.9,0.7897277142857143,0.6537738095238096,0.7897277142857143,9.649173838838701,0.1860389222682568,0.8139610777317432,0.75,0.25,0.7692307692307693,0.23076923076923078,9,3,10,3,13,7,12,9,0.34434974193573,0.05,,,,,,,,,,,0.3896293123383304,0.6931020292102674
2812,train-load-0.9-scenario-48-retry-9,0.9,0.85,0.525,0.85,10.944286157443218,0.773301739300542,0.7822538162550134,0.8888888888888888,0.1111111111111111,0.8333333333333334,0.16666666666666666,8,1,10,2,12,6,9,8,0.282248854637146,0.05,,,,,,,,,,,0.3896293123383304,0.6931020292102674
2813,train-load-0.9-scenario-69,0.9,0.8254670000000001,0.6351424999999999,0.8254670000000001,11.598069537610673,0.5780272298109811,0.6947000429162917,0.8181818181818182,0.18181818181818182,0.7142857142857143,0.2857142857142857,9,2,10,4,14,8,11,9,0.27117666602134705,0.05,,,,,,,,,,,0.3896293123383304,0.6931020292102674
2814,train-load-1.0-scenario-85,1.0,0.880212875,0.6076526041666667,0.880212875,19.374310233446877,1.181514249041808,0.5327714652439064,0.9285714285714286,0.07142857142857142,0.875,0.125,13,1,14,2,16,8,14,13,0.26538002490997314,0.05,,,,,,,,,,,0.3896293123383304,0.6931020292102674
2815,train-load-0.7-scenario-510,0.7,0.6,0.6,0.6,15.315789964017686,0.9508830401753066,0.38245029315802687,0.8333333333333334,0.16666666666666666,0.8333333333333334,0.16666666666666666,10,2,10,2,12,8,12,10,0.22566893696784973,0.05,,,,,,,,,,,0.3896293123383304,0.6931020292102674
2816,train-load-0.8-scenario-482,0.8,0.71288925,0.3768990625,0.71288925,7.5599711135613346,0.846562083261244,0.353437916738756,0.8,0.2,0.6666666666666666,0.3333333333333333,4,1,4,2,6,4,5,4,0.2990242540836334,0.05,,,,,,,,,,,0.3896293123383304,0.6931020292102674
2817,train-load-1.0-scenario-287-retry-18,1.0,1.05,0.63,1.05,12.113440256259002,-0.13015646994982943,0.41587075566411513,0.5714285714285714,0.42857142857142855,0.5714285714285714,0.42857142857142855,12,9,12,9,21,5,21,12,0.11371544003486633,0.05,,,,,,,,,,,0.3896293123383304,0.6931020292102674
2818,train-load-0.9-scenario-665,0.9,0.9215257142857143,0.7156360714285714,0.9215257142857143,12.295298573444807,0.4378075934960365,0.6391154834270405,0.7692307692307693,0.23076923076923078,0.6666666666666666,0.3333333333333333,10,3,10,5,15,7,13,10,0.19257114827632904,0.05,,,,,,,,,,,0.3896293123383304,0.6931020292102674
2819,train-load-0.5-scenario-581,0.5,0.5833333333333334,0.5833333333333334,0.475,21.36966977362056,1.6686991252080665,0.33130087479193343,1.0,0.0,1.0,0.0,12,0,12,0,12,8,12,12,0.22899660468101501,0.05,,,,,,,,,,,0.3896293123383304,0.6931020292102674
2820,train-load-0.6-scenario-588,0.6,0.6003094999999999,0.5224288194444444,0.6003094999999999,16.19786946520494,1.4839791851038069,0.5160208148961931,1.0,0.0,1.0,0.0,9,0,9,0,9,6,9,9,0.37011218070983887,0.05,,,,,,,,,,,0.3896293123383304,0.6931020292102674
2821,train-load-0.8-scenario-694-retry-4,0.8,0.9,0.375,0.9,6.99669953207642,0.18203131773084769,0.48463534893581894,0.6666666666666666,0.3333333333333333,0.6666666666666666,0.3333333333333333,6,3,6,3,9,4,9,6,0.31353986263275146,0.05,,,,,,,,,,,0.3896293123383304,0.6931020292102674
2822,train-load-0.6-scenario-617,0.6,0.6173865,0.29915138888888887,0.6173865,12.858831070173341,1.394712787673305,0.6052872123266949,1.0,0.0,1.0,0.0,7,0,7,0,7,6,7,7,0.1570560485124588,0.05,,,,,,,,,,,0.3896293123383304,0.6931020292102674
2823,train-load-0.8-scenario-713,0.8,0.73,0.62,0.73,13.593797650470886,1.0197405401696074,0.5802594598303927,0.9,0.1,0.9,0.1,9,1,9,1,10,5,10,9,0.31719619035720825,0.05,,,,,,,,,,,0.3896293123383304,0.6931020292102674
2824,train-load-1.0-scenario-382-retry-8,1.0,0.88,0.66,0.88,22.57925654312401,0.808387166845866,0.2825219240632249,0.7727272727272727,0.22727272727272727,0.7727272727272727,0.22727272727272727,17,5,17,5,22,5,22,17,0.4143543243408203,0.05,,,,,,,,,,,0.3896293123383304,0.6931020292102674
2825,train-load-0.5-scenario-341,0.5,0.4900942,0.4133233333333333,0.4900942,12.439825245613347,1.5169113019379488,0.48308869806205135,1.0,0.0,1.0,0.0,6,0,6,0,6,5,6,6,0.32445478439331055,0.05,,,,,,,,,,,0.3896293123383304,0.6931020292102674
2826,train-load-0.5-scenario-554,0.5,0.42857142857142855,0.21428571428571427,0.42857142857142855,23.489884822119812,1.4123465687127519,0.5876534312872481,1.0,0.0,1.0,0.0,15,0,15,0,15,7,15,15,0.23981353640556335,0.05,,,,,,,,,,,0.3896293123383304,0.6931020292102674
2827,train-load-0.5-scenario-403,0.5,0.5101135714285714,0.2209875,0.5101135714285714,12.690125656324222,1.347774396271692,0.6522256037283081,1.0,0.0,1.0,0.0,7,0,7,0,7,7,7,7,0.15951186418533325,0.05,,,,,,,,,,,0.3896293123383304,0.6931020292102674
2828,train-load-0.9-scenario-340,0.9,1.0106428333333335,0.678355625,1.0106428333333335,13.842342287506085,0.7241219692595982,0.6092113640737353,0.8333333333333334,0.16666666666666666,0.7692307692307693,0.23076923076923078,10,2,10,3,13,6,12,10,0.31200921535491943,0.05,,,,,,,,,,,0.3896293123383304,0.6931020292102674
2829,train-load-0.6-scenario-655,0.6,0.54831325,0.2891215625,0.54831325,14.159051105804807,1.401645115022304,0.5983548849776962,1.0,0.0,1.0,0.0,8,0,8,0,8,8,8,8,0.24323180317878723,0.05,,,,,,,,,,,0.3896293123383304,0.6931020292102674
2830,train-load-0.6-scenario-673-retry-1,0.6,0.69,0.15,0.69,13.628999251437108,1.2337006779177215,0.7662993220822785,1.0,0.0,1.0,0.0,9,0,9,0,9,5,9,9,0.30438995361328125,0.05,,,,,,,,,,,0.3896293123383304,0.6931020292102674
2831,train-load-0.6-scenario-308-retry-14,0.6,0.5333333333333333,0.13333333333333333,0.5333333333333333,23.17804097092811,1.2057322274851967,0.7942677725148034,1.0,0.0,1.0,0.0,16,0,16,0,16,6,16,16,0.3928358554840088,0.05,,,,,,,,,,,0.3896293123383304,0.6931020292102674
2832,train-load-0.9-scenario-14,0.9,0.9166666666666666,0.9166666666666666,0.5333333333333333,17.08476051881445,1.1971761941603913,0.46949047250627507,0.9166666666666666,0.08333333333333333,0.9166666666666666,0.08333333333333333,11,1,11,1,12,6,12,11,0.47032907605171204,0.05,,,,,,,,,,,0.3896293123383304,0.6931020292102674
2833,train-load-0.6-scenario-163,0.6,0.56325225,0.45168463541666665,0.56325225,16.94482941509909,1.4266750146413283,0.5733249853586717,1.0,0.0,1.0,0.0,10,0,12,0,12,8,10,10,0.47493818402290344,0.05,,,,,,,,,,,0.3896293123383304,0.6931020292102674
2834,train-load-0.8-scenario-481,0.8,0.7125878,0.25491375,0.7125878,11.156545814937864,1.3292099196910558,0.6707900803089442,1.0,0.0,1.0,0.0,6,0,6,0,6,5,6,6,0.19387102127075195,0.05,,,,,,,,,,,0.3896293123383304,0.6931020292102674
2835,train-load-0.6-scenario-67,0.6,0.6078688,0.46913449999999995,0.6078688,14.355788218690599,1.4577521884610003,0.5422478115389996,1.0,0.0,1.0,0.0,8,0,8,0,8,5,8,8,0.3750317394733429,0.05,,,,,,,,,,,0.3896293123383304,0.6931020292102674
2836,train-load-0.7-scenario-592-retry-1,0.7,0.75,0.5375,0.75,17.54347570587399,1.0121245089774265,0.41644691959400193,0.8571428571428571,0.14285714285714285,0.8571428571428571,0.14285714285714285,12,2,12,2,14,8,14,12,0.7388557195663452,0.05,,,,,,,,,,,0.3896293123383304,0.6931020292102674
2837,train-load-0.8-scenario-90,0.8,0.75,0.125,0.75,15.76640506788905,1.0264882286646977,0.6401784380019688,0.9166666666666666,0.08333333333333333,0.9166666666666666,0.08333333333333333,11,1,11,1,12,4,12,11,0.10712812095880508,0.05,,,,,,,,,,,0.3896293123383304,0.6931020292102674
2838,train-load-0.6-scenario-334,0.6,0.6875,0.22916666666666666,0.6875,10.346492605626793,0.44919105352671673,0.45989985556419244,0.7272727272727273,0.2727272727272727,0.7272727272727273,0.2727272727272727,8,3,8,3,11,8,11,8,0.2610076069831848,0.05,,,,,,,,,,,0.3896293123383304,0.6931020292102674
2839,train-load-0.6-scenario-12,0.6,0.5614195999999999,0.291999,0.5614195999999999,9.746470260741463,1.0838014108769365,0.9161985891230635,1.0,0.0,1.0,0.0,6,0,6,0,6,5,6,6,0.2957553267478943,0.05,,,,,,,,,,,0.3896293123383304,0.6931020292102674
2840,train-load-0.8-scenario-541-retry-7,0.8,0.9,0.9,0.6,11.732372757102471,0.5249162168070529,0.47508378319294703,0.75,0.25,0.75,0.25,9,3,9,3,12,4,12,9,0.25073760747909546,0.05,,,,,,,,,,,0.3896293123383304,0.6931020292102674
2841,train-load-0.7-scenario-12,0.7,0.6015752,0.5944404999999999,0.6015752,11.782973264891094,1.2145419459652393,0.7854580540347607,1.0,0.0,1.0,0.0,7,0,8,0,8,5,7,7,0.291425496339798,0.05,,,,,,,,,,,0.3896293123383304,0.6931020292102674
2842,train-load-0.6-scenario-324,0.6,0.5149076,0.26748,0.5149076,8.949245269581743,1.1995344253220466,0.8004655746779534,1.0,0.0,1.0,0.0,5,0,5,0,5,5,5,5,0.4304540157318115,0.05,,,,,,,,,,,0.3896293123383304,0.6931020292102674
2843,train-load-0.5-scenario-604-retry-3,0.5,0.5333333333333333,0.4444444444444444,0.5333333333333333,26.37408583146955,1.660260730792051,0.339739269207949,1.0,0.0,1.0,0.0,16,0,16,0,16,6,16,16,0.4693880081176758,0.05,,,,,,,,,,,0.3896293123383304,0.6931020292102674
2844,train-hard-4gpu-4pod-2vgpu,0.25,0.25,0.16666666666666666,0.25,11.616666666666667,1.9166666666666665,0.08333333333333337,1.0,0.0,1.0,0.0,4,0,8,0,8,4,4,4,0.2952049970626831,0.05,,,,,,,,,,,0.3896293123383304,0.6931020292102674
2845,train-load-0.7-scenario-21,0.7,0.6448563750000001,0.5348334374999999,0.6448563750000001,19.65664162269116,1.4747551874396154,0.5252448125603847,1.0,0.0,1.0,0.0,12,0,13,0,13,8,12,12,0.16365432739257812,0.05,,,,,,,,,,,0.3896293123383304,0.6931020292102674
2846,train-load-1.0-scenario-555-retry-12,1.0,0.9375,0.3125,0.9375,15.248114433605455,0.5941431585707998,0.6058568414292003,0.8,0.2,0.8,0.2,12,3,12,3,15,4,15,12,0.3464551568031311,0.05,,,,,,,,,,,0.3896293123383304,0.6931020292102674
2847,train-load-1.0-scenario-223-retry-3,1.0,0.8874024305555556,0.8874024305555556,0.7941236666666667,5.753053277984572,-0.41072887710928485,0.8722673386477464,0.6153846153846154,0.38461538461538464,0.6428571428571429,0.35714285714285715,8,5,9,5,14,6,13,8,0.45262807607650757,0.05,,,,,,,,,,,0.3896293123383304,0.6931020292102674
2848,train-load-0.6-scenario-117,0.6,0.5663535714285715,0.5364207142857143,0.5663535714285715,17.94141453051659,1.54582248145224,0.4541775185477599,1.0,0.0,1.0,0.0,10,0,11,0,11,7,10,10,0.6557983160018921,0.05,,,,,,,,,,,0.3896293123383304,0.6931020292102674
2849,train-load-0.8-scenario-612-retry-3,0.8,0.8571428571428571,0.09523809523809523,0.8571428571428571,2.923813761441502,-0.3308887764194699,0.8308887764194699,0.625,0.375,0.625,0.375,5,3,5,3,8,7,8,5,0.34459248185157776,0.05,,,,,,,,,,,0.3896293123383304,0.6931020292102674
2850,train-hard-4gpu-12pod-small,0.375,0.375,0.25,0.375,20.73842013268166,1.6198448184600855,0.38015518153991434,1.0,0.0,1.0,0.0,12,0,12,0,12,4,12,12,0.18963822722434998,0.05,,,,,,,,,,,0.3896293123383304,0.6931020292102674
2851,train-load-0.6-scenario-193,0.6,0.6461184000000001,0.385955,0.6461184000000001,12.64799612404731,1.3781542230659292,0.6218457769340707,1.0,0.0,1.0,0.0,7,0,7,0,7,5,7,7,0.40329885482788086,0.05,,,,,,,,,,,0.3896293123383304,0.6931020292102674
2852,train-load-0.6-scenario-537,0.6,0.6927083333333334,0.6927083333333334,0.6625,12.203657409100849,0.4094486342461011,0.6674744426769759,0.7692307692307693,0.23076923076923078,0.7692307692307693,0.23076923076923078,10,3,10,3,13,8,13,10,0.3244107663631439,0.05,,,,,,,,,,,0.3896293123383304,0.6931020292102674
2853,train-load-0.8-scenario-552-retry-1,0.8,0.875,0.4791666666666667,0.875,12.221714297254149,0.19564431768277113,0.5543556823172289,0.6875,0.3125,0.6875,0.3125,11,5,11,5,16,8,16,11,0.390636682510376,0.05,,,,,,,,,,,0.3896293123383304,0.6931020292102674
2854,train-load-0.6-scenario-381,0.6,0.7142857142857143,0.5714285714285714,0.7142857142857143,16.85146803592503,1.6354190748480062,0.3645809251519939,1.0,0.0,1.0,0.0,9,0,9,0,9,7,9,9,0.2755122482776642,0.05,,,,,,,,,,,0.3896293123383304,0.6931020292102674
2855,train-load-0.7-scenario-464,0.7,0.7026695999999999,0.45906075,0.7026695999999999,14.697149793532075,1.4474801236974555,0.5525198763025445,1.0,0.0,1.0,0.0,8,0,8,0,8,5,8,8,0.28833088278770447,0.05,,,,,,,,,,,0.3896293123383304,0.6931020292102674
2856,train-load-0.9-scenario-491-retry-2,0.9,1.0,0.3333333333333333,1.0,4.248897065007432,-0.3349984063296668,0.3349984063296668,0.5,0.5,0.5,0.5,5,5,5,5,10,5,10,5,0.31489044427871704,0.05,,,,,,,,,,,0.3896293123383304,0.6931020292102674
2857,train-load-1.0-scenario-613-retry-1,1.0,0.9022235000000001,0.5987902777777778,0.9022235000000001,12.824485037055371,0.7866553895777416,0.48607188314953126,0.8181818181818182,0.18181818181818182,0.75,0.25,9,2,9,3,12,6,11,9,0.2384529858827591,0.05,,,,,,,,,,,0.3896293123383304,0.6931020292102674
2858,train-load-0.7-scenario-127-retry-2,0.7,0.7857142857142857,0.7857142857142857,0.6285714285714286,8.973791505986123,0.29394813033291456,0.2515064151216309,0.6363636363636364,0.36363636363636365,0.6363636363636364,0.36363636363636365,7,4,7,4,11,7,11,7,0.3143729567527771,0.05,,,,,,,,,,,0.3896293123383304,0.6931020292102674
2859,train-load-0.6-scenario-542,0.6,0.5714285714285714,0.5714285714285714,0.5142857142857142,20.506538294618956,1.5853975647884238,0.41460243521157625,1.0,0.0,1.0,0.0,12,0,12,0,12,7,12,12,0.18682894110679626,0.05,,,,,,,,,,,0.3896293123383304,0.6931020292102674
2860,train-load-1.0-scenario-9,1.0,1.013048,0.45063125000000004,1.013048,4.018888469104411,0.06071961631105427,0.6059470503556124,0.6666666666666666,0.3333333333333333,0.5714285714285714,0.42857142857142855,4,2,4,3,7,4,6,4,0.42929479479789734,0.05,,,,,,,,,,,0.3896293123383304,0.6931020292102674
2861,train-load-0.8-scenario-30,0.8,0.7009810000000001,0.6528809523809523,0.7009810000000001,17.397877290032106,1.07448481270321,0.6178228796044825,0.9230769230769231,0.07692307692307693,0.9230769230769231,0.07692307692307693,12,1,12,1,13,7,13,12,0.23000778257846832,0.05,,,,,,,,,,,0.3896293123383304,0.6931020292102674
2862,train-load-0.7-scenario-85-retry-2,0.7,0.7857142857142857,0.7857142857142857,0.3142857142857143,7.621186657200068,0.10531484225272592,0.4401397032018195,0.6363636363636364,0.36363636363636365,0.6363636363636364,0.36363636363636365,7,4,7,4,11,7,11,7,0.24057501554489136,0.05,,,,,,,,,,,0.3896293123383304,0.6931020292102674
2863,train-load-0.9-scenario-126-retry-1,0.9,0.8662306,0.5637429166666668,0.8662306,9.878330465269435,0.7668033744126559,0.7331966255873442,0.875,0.125,0.7777777777777778,0.2222222222222222,7,1,7,2,9,5,8,7,0.2886028587818146,0.05,,,,,,,,,,,0.3896293123383304,0.6931020292102674
2864,train-load-1.0-scenario-275-retry-2,1.0,1.0714285714285714,0.32142857142857145,1.0714285714285714,4.329743119119094,-0.663913794448352,0.5305804611150187,0.4666666666666667,0.5333333333333333,0.4666666666666667,0.5333333333333333,7,8,7,8,15,7,15,7,0.30217576026916504,0.05,,,,,,,,,,,0.3896293123383304,0.6931020292102674
2865,train-load-0.8-scenario-11,0.8,0.6937190000000001,0.34016874999999996,0.6937190000000001,8.339839030400135,1.275713256891117,0.7242867431088831,1.0,0.0,1.0,0.0,4,0,5,0,5,4,4,4,0.37017208337783813,0.05,,,,,,,,,,,0.3896293123383304,0.6931020292102674
2866,train-load-0.5-scenario-412-retry-3,0.5,0.5833333333333334,0.3194444444444444,0.5833333333333334,6.29215426049395,0.15198267617657057,0.3480173238234294,0.625,0.375,0.625,0.375,5,3,5,3,8,6,8,5,0.2923891246318817,0.05,,,,,,,,,,,0.3896293123383304,0.6931020292102674
2867,train-load-0.5-scenario-488,0.5,0.5118782857142857,0.39106321428571433,0.5118782857142857,11.050713775920455,1.0865842932145209,0.9134157067854792,1.0,0.0,1.0,0.0,7,0,8,0,8,7,7,7,0.14590001106262207,0.05,,,,,,,,,,,0.3896293123383304,0.6931020292102674
2868,train-load-0.5-scenario-684,0.5,0.5714285714285714,0.19047619047619047,0.5714285714285714,11.336285882662558,0.99027473142861,0.50972526857139,0.875,0.125,0.875,0.125,7,1,7,1,8,7,8,7,0.2832794785499573,0.05,,,,,,,,,,,0.3896293123383304,0.6931020292102674
2869,train-load-0.9-scenario-585-retry-1,0.9,1.0,0.2,1.0,2.3623159314328053,-0.638444407451005,0.638444407451005,0.5,0.5,0.5,0.5,5,5,5,5,10,5,10,5,0.5167627334594727,0.05,,,,,,,,,,,0.3896293123383304,0.6931020292102674
2870,train-hard-4gpu-8pod-1vgpu,0.5,0.5,0.3333333333333333,0.5,16.42232909936926,1.8333333333333335,0.16666666666666663,1.0,0.0,1.0,0.0,8,0,8,0,8,4,8,8,0.19641584157943726,0.05,,,,,,,,,,,0.3896293123383304,0.6931020292102674
2871,train-load-0.5-scenario-679-retry-3,0.5,0.5416666666666666,0.4583333333333333,0.5416666666666666,15.097347344142504,1.551992479964244,0.44800752003575606,1.0,0.0,1.0,0.0,8,0,8,0,8,6,8,8,0.19931954145431519,0.05,,,,,,,,,,,0.3896293123383304,0.6931020292102674
2872,train-load-0.6-scenario-75,0.6,0.5509685,0.36499722222222225,0.5509685,12.19289783827639,1.2856617419048146,0.7143382580951854,1.0,0.0,1.0,0.0,7,0,7,0,7,6,7,7,0.33512651920318604,0.05,,,,,,,,,,,0.3896293123383304,0.6931020292102674
2873,train-load-0.7-scenario-475-retry-1,0.7,0.5928571428571429,0.2619047619047619,0.5928571428571429,17.72542513972842,1.3855583957064317,0.6144416042935683,1.0,0.0,1.0,0.0,11,0,11,0,11,7,11,11,0.41109713912010193,0.05,,,,,,,,,,,0.3896293123383304,0.6931020292102674
2874,train-load-0.8-scenario-234-retry-3,0.8,0.7083333333333334,0.6388888888888888,0.7083333333333334,11.824443647517999,0.6086728837043088,0.664054389022964,0.8181818181818182,0.18181818181818182,0.8181818181818182,0.18181818181818182,9,2,9,2,11,6,11,9,0.3711182475090027,0.05,,,,,,,,,,,0.3896293123383304,0.6931020292102674
2875,train-load-0.5-scenario-224,0.5,0.4518,0.3905594642857143,0.4518,13.882623564526789,1.3244533448267939,0.6755466551732061,1.0,0.0,1.0,0.0,8,0,8,0,8,7,8,8,0.3746883273124695,0.05,,,,,,,,,,,0.3896293123383304,0.6931020292102674
2876,train-load-0.5-scenario-437,0.5,0.5377834,0.26697666666666664,0.5377834,9.406272376300391,1.2319396516157837,0.7680603483842162,1.0,0.0,1.0,0.0,5,0,5,0,5,5,5,5,0.25092148780822754,0.05,,,,,,,,,,,0.3896293123383304,0.6931020292102674
2877,train-load-0.6-scenario-747,0.6,0.5942130952380952,0.5942130952380952,0.43933771428571433,14.88272934178507,1.3264912523422148,0.6735087476577852,1.0,0.0,1.0,0.0,9,0,11,0,11,7,9,9,0.15239958465099335,0.05,,,,,,,,,,,0.3896293123383304,0.6931020292102674
2878,train-load-0.8-scenario-110,0.8,0.8318840000000001,0.5731806547619047,0.8318840000000001,13.25164168298639,1.1034921748109725,0.4520633807445829,0.8888888888888888,0.1111111111111111,0.8461538461538461,0.15384615384615385,8,1,11,2,13,7,9,8,0.39691388607025146,0.05,,,,,,,,,,,0.3896293123383304,0.6931020292102674
2879,train-load-0.8-scenario-14,0.8,0.7519601428571427,0.42379446428571427,0.7519601428571427,12.795242867473167,0.8719267616919248,0.7280732383080752,0.9,0.1,0.9,0.1,9,1,9,1,10,7,10,9,0.28398728370666504,0.05,,,,,,,,,,,0.3896293123383304,0.6931020292102674
2880,train-load-0.7-scenario-172-retry-1,0.7,0.6875,0.4583333333333333,0.6875,19.519677432812216,1.632578118815693,0.3674218811843071,1.0,0.0,1.0,0.0,11,0,11,0,11,4,11,11,0.274958997964859,0.05,,,,,,,,,,,0.3896293123383304,0.6931020292102674
2881,train-load-0.6-scenario-53,0.6,0.6666666666666666,0.55,0.6666666666666666,15.975033273655011,1.4723751673161427,0.5276248326838574,1.0,0.0,1.0,0.0,9,0,9,0,9,6,9,9,0.18244361877441406,0.05,,,,,,,,,,,0.3896293123383304,0.6931020292102674
2882,train-load-1.0-scenario-505-retry-7,1.0,1.0875,0.625,1.0875,9.473520429798343,0.5247873943315449,0.5863237167795663,0.7777777777777778,0.2222222222222222,0.5555555555555556,0.4444444444444444,7,2,10,8,18,8,9,7,0.2573430836200714,0.05,,,,,,,,,,,0.3896293123383304,0.6931020292102674
2883,train-load-1.0-scenario-644,1.0,0.92183775,0.776460625,0.92183775,9.224344619640913,0.6704524018108724,0.3295475981891276,0.75,0.25,0.6666666666666666,0.3333333333333333,6,2,6,3,9,4,8,6,0.313517689704895,0.05,,,,,,,,,,,0.3896293123383304,0.6931020292102674
2884,train-load-1.0-scenario-731,1.0,0.9368615,0.5931182291666667,0.9368615,4.047261816888891,-0.05676300266190182,0.913905859804759,0.7142857142857143,0.2857142857142857,0.625,0.375,5,2,5,3,8,4,7,5,0.2177950143814087,0.05,,,,,,,,,,,0.3896293123383304,0.6931020292102674
2885,train-load-0.5-scenario-706,0.5,0.42962085714285714,0.32032857142857146,0.42962085714285714,12.575216435880403,1.3366901511172997,0.6633098488827003,1.0,0.0,1.0,0.0,7,0,7,0,7,7,7,7,0.16449925303459167,0.05,,,,,,,,,,,0.3896293123383304,0.6931020292102674
2886,train-load-0.7-scenario-490,0.7,0.6166666666666667,0.3194444444444444,0.6166666666666667,24.48993047786129,1.4308199973322924,0.5691800026677075,1.0,0.0,1.0,0.0,16,0,16,0,16,6,16,16,0.24468880891799927,0.05,,,,,,,,,,,0.3896293123383304,0.6931020292102674
2887,train-load-0.6-scenario-559,0.6,0.5769965714285714,0.38426428571428567,0.5769965714285714,15.141559957643073,1.3564467749511258,0.6435532250488742,1.0,0.0,1.0,0.0,9,0,9,0,9,7,9,9,0.21464958786964417,0.05,,,,,,,,,,,0.3896293123383304,0.6931020292102674
2888,train-load-0.5-scenario-663,0.5,0.4721895,0.31028625,0.4721895,7.52823373498456,1.33631498225322,0.6636850177467799,1.0,0.0,1.0,0.0,3,0,4,0,4,4,3,3,0.256702184677124,0.05,,,,,,,,,,,0.3896293123383304,0.6931020292102674
2889,train-load-0.8-scenario-18,0.8,0.85,0.83,0.85,-0.4357203138612067,-0.9324801215324191,0.9324801215324191,0.5,0.5,0.5,0.5,4,4,4,4,8,5,8,4,0.3624105155467987,0.05,,,,,,,,,,,0.3896293123383304,0.6931020292102674
2890,train-load-0.6-scenario-577-retry-2,0.6,0.6785714285714286,0.5595238095238095,0.6785714285714286,16.30911198310869,1.0513940766567396,0.615272590009927,0.9166666666666666,0.08333333333333333,0.9166666666666666,0.08333333333333333,11,1,11,1,12,7,12,11,0.41502028703689575,0.05,,,,,,,,,,,0.3896293123383304,0.6931020292102674
2891,train-load-0.5-scenario-448,0.5,0.469014880952381,0.469014880952381,0.40142228571428573,14.674429569612194,1.4433150919230608,0.5566849080769392,1.0,0.0,1.0,0.0,8,0,8,0,8,7,8,8,0.17992530763149261,0.05,,,,,,,,,,,0.3896293123383304,0.6931020292102674
2892,train-load-0.7-scenario-79,0.7,0.627264375,0.48091046875,0.627264375,17.98527445854026,1.4018599926675028,0.5981400073324971,1.0,0.0,1.0,0.0,11,0,12,0,12,8,11,11,0.4960753917694092,0.05,,,,,,,,,,,0.3896293123383304,0.6931020292102674
2893,train-load-0.8-scenario-54-retry-2,0.8,0.8,0.8,0.4,5.3837495676796765,0.10534865756698975,0.3946513424330102,0.625,0.375,0.625,0.375,5,3,5,3,8,5,8,5,0.27499374747276306,0.05,,,,,,,,,,,0.3896293123383304,0.6931020292102674
2894,train-load-1.0-scenario-145-retry-3,1.0,0.9549115,0.7322759375000001,0.9549115,6.899388013499111,0.3041128523356652,0.6958871476643348,0.75,0.25,0.6666666666666666,0.3333333333333333,6,2,6,3,9,4,8,6,0.32900935411453247,0.05,,,,,,,,,,,0.3896293123383304,0.6931020292102674
2895,train-load-0.8-scenario-607,0.8,0.75,0.5,0.75,9.633523769832212,0.2846740460110241,0.38199262065564255,0.6666666666666666,0.3333333333333333,0.6666666666666666,0.3333333333333333,8,4,8,4,12,8,12,8,0.4919881820678711,0.05,,,,,,,,,,,0.3896293123383304,0.6931020292102674
2896,train-load-0.6-scenario-459,0.6,0.7,0.7,0.6125,6.99499634283905,0.03704533929088638,0.7629546607091136,0.7,0.3,0.7,0.3,7,3,7,3,10,8,10,7,0.25626927614212036,0.05,,,,,,,,,,,0.3896293123383304,0.6931020292102674
2897,train-load-0.9-scenario-677-retry-3,0.9,0.7875,0.7875,0.375,12.94231284253295,0.6722158988618829,0.6611174344714504,0.8333333333333334,0.16666666666666666,0.8333333333333334,0.16666666666666666,10,2,10,2,12,8,12,10,0.4436858892440796,0.05,,,,,,,,,,,0.3896293123383304,0.6931020292102674
2898,train-load-0.5-scenario-743,0.5,0.5,0.3333333333333333,0.5,20.556250872022957,1.5697604761188781,0.43023952388112185,1.0,0.0,1.0,0.0,12,0,12,0,12,6,12,12,0.42824649810791016,0.05,,,,,,,,,,,0.3896293123383304,0.6931020292102674
2899,train-load-0.8-scenario-73-retry-9,0.8,0.8928571428571429,0.6547619047619048,0.8928571428571429,12.633046955736429,0.47015830526595626,0.6067647716571207,0.7692307692307693,0.23076923076923078,0.7692307692307693,0.23076923076923078,10,3,10,3,13,7,13,10,0.33792370557785034,0.05,,,,,,,,,,,0.3896293123383304,0.6931020292102674
2900,train-load-1.0-scenario-41-retry-13,1.0,1.0,1.0,1.0,7.708316575225576,-0.21901838271800678,0.35235171605134,0.5333333333333333,0.4666666666666667,0.5333333333333333,0.4666666666666667,8,7,8,7,15,5,15,8,0.3651997148990631,0.05,0.3723562542207285,0.5270814890966806,0.7248594358293522,0.2751405641706477,0.7108357785104054,0.2891642214895947,0.6601728136801507,0.667394119309265,0.27896490099453836,0.7169565193277522,0.3896293123383304,0.6931020292102674
2901,train-load-1.0-scenario-658,1.0,0.9606239583333332,0.9606239583333332,0.765423,9.606937283250055,0.4602861071501422,0.33971389284985765,0.7,0.3,0.7,0.3,7,3,7,3,10,4,10,7,0.3318980634212494,0.05,,,,,,,,,,,0.3896293123383304,0.6931020292102674
2902,train-load-0.7-scenario-231-retry-1,0.7,0.8,0.4166666666666667,0.8,5.911370652845878,-0.0009234694227183704,0.667590136089385,0.6666666666666666,0.3333333333333333,0.6666666666666666,0.3333333333333333,6,3,6,3,9,6,9,6,0.36869552731513977,0.05,,,,,,,,,,,0.3896293123383304,0.6931020292102674
2903,train-load-0.6-scenario-686,0.6,0.5167707142857143,0.4531556547619048,0.5167707142857143,14.356566757066947,1.2395544623167274,0.7604455376832726,1.0,0.0,1.0,0.0,9,0,9,0,9,7,9,9,0.3256268799304962,0.05,,,,,,,,,,,0.3896293123383304,0.6931020292102674
2904,train-load-0.8-scenario-38,0.8,0.7137334,0.307658,0.7137334,7.40490441811865,0.6492966973897298,0.6840366359436036,0.8333333333333334,0.16666666666666666,0.8333333333333334,0.16666666666666666,5,1,5,1,6,5,6,5,0.41753706336021423,0.05,,,,,,,,,,,0.3896293123383304,0.6931020292102674
2905,train-load-0.8-scenario-529,0.8,0.7038737500000001,0.43967875,0.7038737500000001,17.831895536340415,1.1901954331559996,0.8098045668440005,1.0,0.0,1.0,0.0,12,0,12,0,12,8,12,12,0.3590155839920044,0.05,,,,,,,,,,,0.3896293123383304,0.6931020292102674
2906,train-load-0.9-scenario-684,0.9,0.833542,0.6420471875,0.833542,19.74425094484326,1.2403118873460004,0.473973826939714,0.9285714285714286,0.07142857142857142,0.9375,0.0625,13,1,15,1,16,8,14,13,0.3947184681892395,0.05,,,,,,,,,,,0.3896293123383304,0.6931020292102674
2907,train-load-0.5-scenario-44,0.5,0.58047,0.2926328125,0.58047,8.762674898822288,1.3417680556328473,0.6582319443671527,1.0,0.0,1.0,0.0,4,0,4,0,4,4,4,4,0.4105414152145386,0.05,,,,,,,,,,,0.3896293123383304,0.6931020292102674
2908,train-load-0.6-scenario-443-retry-2,0.6,0.6875,0.1375,0.6875,9.410670960742548,0.29699155064061644,0.6120993584502927,0.7272727272727273,0.2727272727272727,0.7272727272727273,0.2727272727272727,8,3,8,3,11,8,11,8,0.15589430928230286,0.05,,,,,,,,,,,0.3896293123383304,0.6931020292102674
2909,train-load-1.0-scenario-587,1.0,1.0416666666666667,0.5,1.0416666666666667,4.631363888127154,-0.08562478503811954,0.5856247850381195,0.625,0.375,0.45454545454545453,0.5454545454545454,5,3,5,6,11,6,8,5,0.458077073097229,0.05,,,,,,,,,,,0.3896293123383304,0.6931020292102674
2910,train-load-0.7-scenario-180,0.7,0.6272881944444444,0.6272881944444444,0.5093593333333333,12.324004914781142,1.3094080175132927,0.6905919824867073,1.0,0.0,1.0,0.0,7,0,9,0,9,6,7,7,0.28168433904647827,0.05,,,,,,,,,,,0.3896293123383304,0.6931020292102674
2911,train-load-0.9-scenario-165,0.9,0.82,0.3,0.82,17.843068445157847,1.119985802818571,0.5723218894891213,0.9230769230769231,0.07692307692307693,0.9230769230769231,0.07692307692307693,12,1,12,1,13,5,13,12,0.3424813747406006,0.05,,,,,,,,,,,0.3896293123383304,0.6931020292102674
2912,train-load-0.7-scenario-717,0.7,0.7055142499999999,0.32729453125,0.7055142499999999,12.717791557898224,0.8488725043334104,0.7511274956665897,0.9,0.1,0.9090909090909091,0.09090909090909091,9,1,10,1,11,8,10,9,0.3849462866783142,0.05,,,,,,,,,,,0.3896293123383304,0.6931020292102674
2913,train-load-0.9-scenario-584,0.9,0.7933694285714286,0.6082818452380953,0.7933694285714286,13.173903232015814,0.682625096738352,0.6507082365949814,0.8333333333333334,0.16666666666666666,0.8461538461538461,0.15384615384615385,10,2,11,2,13,7,12,10,0.2942764163017273,0.05,,,,,,,,,,,0.3896293123383304,0.6931020292102674
2914,train-hard-8gpu-16pod-1vgpu,0.5,0.5,0.3333333333333333,0.5,27.21738182198293,1.8333333333333335,0.16666666666666663,1.0,0.0,1.0,0.0,16,0,16,0,16,8,16,16,0.27156713604927063,0.05,,,,,,,,,,,0.3896293123383304,0.6931020292102674
2915,train-load-0.9-scenario-261-retry-1,0.9,1.0,1.0,0.4,2.127005929022808,-0.45969508505347845,0.4596950850534785,0.5,0.5,0.5,0.5,4,4,4,4,8,4,8,4,0.3447035253047943,0.05,,,,,,,,,,,0.3896293123383304,0.6931020292102674
2916,train-load-0.6-scenario-490,0.6,0.597465,0.597465,0.3971608,11.567357084958413,1.388343824815575,0.6116561751844249,1.0,0.0,1.0,0.0,6,0,7,0,7,5,6,6,0.17224684357643127,0.05,,,,,,,,,,,0.3896293123383304,0.6931020292102674
2917,train-load-0.8-scenario-178,0.8,0.734406,0.38326666666666664,0.734406,11.129750571274672,1.3581073961479109,0.6418926038520891,1.0,0.0,1.0,0.0,6,0,6,0,6,4,6,6,0.29611936211586,0.05,,,,,,,,,,,0.3896293123383304,0.6931020292102674
2918,train-load-0.9-scenario-128-retry-7,0.9,0.9583333333333334,0.9583333333333334,0.925,9.62497388980026,0.30624823739771856,0.6028426716931906,0.7272727272727273,0.2727272727272727,0.5384615384615384,0.46153846153846156,8,3,14,12,26,8,11,8,0.1514379382133484,0.05,,,,,,,,,,,0.3896293123383304,0.6931020292102674
2919,train-load-0.8-scenario-625,0.8,0.78296,0.5458791666666667,0.78296,13.969872937924325,0.8668354725637331,0.7695281637999032,0.9090909090909091,0.09090909090909091,0.8333333333333334,0.16666666666666666,10,1,10,2,12,7,11,10,0.223822683095932,0.05,,,,,,,,,,,0.3896293123383304,0.6931020292102674
2920,train-load-1.0-scenario-163-retry-1,1.0,0.9259142857142857,0.7660922619047619,0.9259142857142857,11.454830617912288,0.2548642880216033,0.6022785691212539,0.7142857142857143,0.2857142857142857,0.6666666666666666,0.3333333333333333,10,4,10,5,15,7,14,10,0.16850198805332184,0.05,,,,,,,,,,,0.3896293123383304,0.6931020292102674
2921,train-load-0.8-scenario-303,0.8,0.8285714285714286,0.22857142857142856,0.8285714285714286,12.38694038373423,0.6070489913505954,0.7262843419827381,0.8333333333333334,0.16666666666666666,0.8333333333333334,0.16666666666666666,10,2,10,2,12,7,12,10,0.4613882899284363,0.05,,,,,,,,,,,0.3896293123383304,0.6931020292102674
2922,train-load-0.6-scenario-81-retry-1,0.6,0.7142857142857143,0.7142857142857143,0.2857142857142857,8.331875596552873,0.32868068961114216,0.4713193103888578,0.7,0.3,0.7,0.3,7,3,7,3,10,7,10,7,0.1539658010005951,0.05,,,,,,,,,,,0.3896293123383304,0.6931020292102674
2923,train-load-0.8-scenario-349-retry-2,0.8,0.8,0.625,0.8,20.65694981088233,1.3367375989979093,0.377548115287805,0.9285714285714286,0.07142857142857142,0.9285714285714286,0.07142857142857142,13,1,13,1,14,4,14,13,0.388171911239624,0.05,,,,,,,,,,,0.3896293123383304,0.6931020292102674
2924,train-load-0.6-scenario-672,0.6,0.6048562,0.30529833333333334,0.6048562,9.958410582189565,1.3150667695910663,0.6849332304089336,1.0,0.0,1.0,0.0,5,0,6,0,6,5,5,5,0.35711345076560974,0.05,,,,,,,,,,,0.3896293123383304,0.6931020292102674
2925,train-load-0.9-scenario-80-retry-2,0.9,1.0,0.3333333333333333,1.0,1.520195735865467,-0.6154194375571245,0.6154194375571245,0.5,0.5,0.5,0.5,4,4,8,8,16,8,8,4,0.3936498165130615,0.05,,,,,,,,,,,0.3896293123383304,0.6931020292102674
2926,train-load-0.5-scenario-171-retry-1,0.5,0.4,0.1375,0.4,15.26169064564957,1.5613176474121975,0.4386823525878024,1.0,0.0,1.0,0.0,8,0,8,0,8,4,8,8,0.16896963119506836,0.05,,,,,,,,,,,0.3896293123383304,0.6931020292102674
2927,train-load-0.7-scenario-518-retry-1,0.7,0.6,0.6,0.5,22.168241919353342,1.6129268347007972,0.38707316529920266,1.0,0.0,1.0,0.0,13,0,13,0,13,6,13,13,0.38676774501800537,0.05,,,,,,,,,,,0.3896293123383304,0.6931020292102674
2928,train-load-1.0-scenario-744-retry-3,1.0,1.0625,0.5833333333333334,1.0625,6.1777161705081856,0.15738906729874502,0.342610932701255,0.625,0.375,0.625,0.375,5,3,5,3,8,4,8,5,0.273373007774353,0.05,,,,,,,,,,,0.3896293123383304,0.6931020292102674
2929,train-load-0.7-scenario-329,0.7,0.6727102,0.6615416666666666,0.6727102,8.802878947452966,0.7072510794574375,0.721320349113991,0.8571428571428571,0.14285714285714285,0.7777777777777778,0.2222222222222222,6,1,7,2,9,5,7,6,0.28940656781196594,0.05,,,,,,,,,,,0.3896293123383304,0.6931020292102674
2930,train-load-0.9-scenario-345-retry-9,0.9,0.96,0.92,0.96,-3.5046815676332157,-1.5378613343438343,0.5378613343438343,0.25,0.75,0.3333333333333333,0.6666666666666666,2,6,4,8,12,5,8,2,0.229272723197937,0.05,,,,,,,,,,,0.3896293123383304,0.6931020292102674
2931,train-load-0.8-scenario-724-retry-1,0.8,0.775,0.3020833333333333,0.775,11.292141970413088,0.31375677237631805,0.7631663045467589,0.7692307692307693,0.23076923076923078,0.7692307692307693,0.23076923076923078,10,3,10,3,13,8,13,10,0.26787787675857544,0.05,,,,,,,,,,,0.3896293123383304,0.6931020292102674
2932,train-load-1.0-scenario-627-retry-1,1.0,0.9219963541666667,0.9219963541666667,0.69631175,16.50118845186015,0.6474144605713001,0.6025855394286999,0.8125,0.1875,0.7777777777777778,0.2222222222222222,13,3,14,4,18,8,16,13,0.1265321522951126,0.05,,,,,,,,,,,0.3896293123383304,0.6931020292102674
2933,train-load-0.9-scenario-215,0.9,0.8,0.7,0.8,11.73568081723683,0.44555570717494386,0.5544442928250561,0.75,0.25,0.75,0.25,9,3,9,3,12,4,12,9,0.2825208902359009,0.05,,,,,,,,,,,0.3896293123383304,0.6931020292102674
2934,train-load-0.9-scenario-104-retry-2,0.9,0.9571428571428572,0.5119047619047619,0.9571428571428572,6.822254881111479,-0.2219090021717406,0.37575515601789433,0.5384615384615384,0.46153846153846156,0.5384615384615384,0.46153846153846156,7,6,7,6,13,7,13,7,0.1152048408985138,0.05,,,,,,,,,,,0.3896293123383304,0.6931020292102674
2935,train-load-0.5-scenario-600-retry-2,0.5,0.6,0.45,0.6,19.12310960036897,1.7954262284076896,0.2045737715923105,1.0,0.0,1.0,0.0,10,0,10,0,10,5,10,10,0.24748194217681885,0.05,,,,,,,,,,,0.3896293123383304,0.6931020292102674
2936,train-hard-4gpu-4pod-1vgpu,0.25,0.25,0.16666666666666666,0.25,11.544497883017963,1.9166666666666665,0.08333333333333337,1.0,0.0,1.0,0.0,4,0,4,0,4,4,4,4,0.22763189673423767,0.05,,,,,,,,,,,0.3896293123383304,0.6931020292102674
2937,train-load-0.6-scenario-679-retry-2,0.6,0.4857142857142857,0.24285714285714285,0.4857142857142857,26.671280991403837,1.4974667358333429,0.502533264166657,1.0,0.0,1.0,0.0,17,0,17,0,17,7,17,17,0.16644223034381866,0.05,,,,,,,,,,,0.3896293123383304,0.6931020292102674
2938,train-load-0.5-scenario-440,0.5,0.5874349999999999,0.21810104166666666,0.5874349999999999,7.900608645850962,1.2908814763318273,0.7091185236681727,1.0,0.0,1.0,0.0,4,0,4,0,4,4,4,4,0.3914794325828552,0.05,,,,,,,,,,,0.3896293123383304,0.6931020292102674
2939,train-load-0.6-scenario-566,0.6,0.5784812500000001,0.33787421875,0.5784812500000001,8.593993713225979,0.6996983928460839,0.7288730357253446,0.8571428571428571,0.14285714285714285,0.7777777777777778,0.2222222222222222,6,1,7,2,9,8,7,6,0.37717771530151367,0.05,,,,,,,,,,,0.3896293123383304,0.6931020292102674
2940,train-load-0.8-scenario-139,0.8,0.7286718333333333,0.56464375,0.7286718333333333,14.509243038456326,1.4816746306692559,0.5183253693307441,1.0,0.0,1.0,0.0,8,0,11,0,11,6,8,8,0.2671569585800171,0.05,,,,,,,,,,,0.3896293123383304,0.6931020292102674
2941,train-load-0.9-scenario-369,0.9,1.0,0.75,1.0,18.191336380037768,0.917199503654774,0.5494671630118928,0.8666666666666667,0.13333333333333333,0.8666666666666667,0.13333333333333333,13,2,13,2,15,4,15,13,0.09152933955192566,0.05,,,,,,,,,,,0.3896293123383304,0.6931020292102674
2942,train-load-0.6-scenario-638-retry-1,0.6,0.6875,0.425,0.6875,15.854368540553402,1.6744351891652751,0.3255648108347249,1.0,0.0,1.0,0.0,8,0,8,0,8,4,8,8,0.24444812536239624,0.05,,,,,,,,,,,0.3896293123383304,0.6931020292102674
2943,train-load-0.7-scenario-216,0.7,0.6081129999999999,0.3364675,0.6081129999999999,5.735683145276267,0.5153522624084172,0.6846477375915828,0.8,0.2,0.6666666666666666,0.3333333333333333,4,1,4,2,6,5,5,4,0.26973384618759155,0.05,,,,,,,,,,,0.3896293123383304,0.6931020292102674
2944,train-load-0.8-scenario-686-retry-1,0.8,0.75,0.25,0.75,29.816654287139976,1.0761410220440788,0.5905256446225877,0.9166666666666666,0.08333333333333333,0.9166666666666666,0.08333333333333333,22,2,22,2,24,8,24,22,0.3342634439468384,0.05,,,,,,,,,,,0.3896293123383304,0.6931020292102674
2945,train-load-0.5-scenario-470-retry-3,0.5,0.425,0.05,0.425,12.562273872077434,1.1736830374214549,0.8263169625785451,1.0,0.0,1.0,0.0,8,0,8,0,8,8,8,8,0.21644681692123413,0.05,,,,,,,,,,,0.3896293123383304,0.6931020292102674
2946,train-load-0.5-scenario-732,0.5,0.451813,0.31026354166666664,0.451813,13.911690482152327,1.3168054576340715,0.6831945423659285,1.0,0.0,1.0,0.0,8,0,8,0,8,8,8,8,0.30488157272338867,0.05,,,,,,,,,,,0.3896293123383304,0.6931020292102674
2947,train-load-0.8-scenario-737-retry-1,0.8,0.9047619047619048,0.9047619047619048,0.4785714285714286,13.8764245025547,0.10355280351836726,0.4964471964816328,0.65,0.35,0.65,0.35,13,7,13,7,20,7,20,13,0.41842401027679443,0.05,,,,,,,,,,,0.3896293123383304,0.6931020292102674
2948,train-load-0.8-scenario-285,0.8,0.7675562857142857,0.4244425,0.7675562857142857,16.638838374328053,1.4397535968678792,0.5602464031321208,1.0,0.0,1.0,0.0,10,0,11,0,11,7,10,10,0.2310057431459427,0.05,,,,,,,,,,,0.3896293123383304,0.6931020292102674
2949,train-load-0.7-scenario-163-retry-1,0.7,0.7714285714285715,0.38571428571428573,0.7714285714285715,9.821969865001314,0.6581183551405141,0.4529927559705972,0.7777777777777778,0.2222222222222222,0.7777777777777778,0.2222222222222222,7,2,7,2,9,7,9,7,0.20144718885421753,0.05,,,,,,,,,,,0.3896293123383304,0.6931020292102674
2950,train-load-0.9-scenario-693-retry-3,0.9,0.9,0.9,0.4,9.371175041483841,0.28516946131087084,0.6239214477800383,0.7272727272727273,0.2727272727272727,0.7272727272727273,0.2727272727272727,8,3,8,3,11,5,11,8,0.2820863127708435,0.05,,,,,,,,,,,0.3896293123383304,0.6931020292102674
2951,train-load-0.7-scenario-487-retry-3,0.7,0.8142857142857143,0.6190476190476191,0.8142857142857143,5.63814814995316,-0.29705399250895137,0.6303873258422847,0.5833333333333334,0.4166666666666667,0.5833333333333334,0.4166666666666667,7,5,7,5,12,7,12,7,0.08949340134859085,0.05,,,,,,,,,,,0.3896293123383304,0.6931020292102674
2952,train-load-0.7-scenario-550-retry-2,0.7,0.6666666666666666,0.6111111111111112,0.6666666666666666,23.953457112152858,1.7003116293923324,0.29968837060766756,1.0,0.0,1.0,0.0,14,0,14,0,14,6,14,14,0.34154534339904785,0.05,,,,,,,,,,,0.3896293123383304,0.6931020292102674
2953,train-load-1.0-scenario-195,1.0,1.1,0.425,1.1,6.304635692782335,0.08874540544883136,0.5779212612178353,0.6666666666666666,0.3333333333333333,0.625,0.375,6,3,10,6,16,8,9,6,0.3180924654006958,0.05,,,,,,,,,,,0.3896293123383304,0.6931020292102674
2954,train-load-0.6-scenario-158,0.6,0.5543732857142858,0.2632330357142857,0.5543732857142858,12.144796523994113,1.2938785543926539,0.7061214456073461,1.0,0.0,1.0,0.0,7,0,7,0,7,7,7,7,0.2636224627494812,0.05,,,,,,,,,,,0.3896293123383304,0.6931020292102674
2955,train-load-0.9-scenario-167-retry-4,0.9,1.0,1.0,0.5,8.907997594708117,-0.07217603293755792,0.47217603293755783,0.6,0.4,0.6,0.4,9,6,9,6,15,6,15,9,0.4289194345474243,0.05,,,,,,,,,,,0.3896293123383304,0.6931020292102674
2956,train-load-0.8-scenario-558,0.8,0.6908569999999999,0.6504928571428572,0.6908569999999999,20.523529889943077,1.596944444070502,0.40305555592949793,1.0,0.0,1.0,0.0,12,0,13,0,13,7,12,12,0.18398278951644897,0.05,,,,,,,,,,,0.3896293123383304,0.6931020292102674
2957,train-load-1.0-scenario-8-retry-1,1.0,0.8915005,0.6700325,0.8915005,14.63058264000213,0.49696879362616453,0.7030312063738355,0.8,0.2,0.7647058823529411,0.23529411764705882,12,3,13,4,17,8,15,12,0.348644495010376,0.05,,,,,,,,,,,0.3896293123383304,0.6931020292102674
2958,train-load-1.0-scenario-50,1.0,1.0238095238095237,1.0238095238095237,0.6785714285714286,8.087248434760152,0.4795767232421828,0.5204232767578172,0.75,0.25,0.6923076923076923,0.3076923076923077,6,2,9,4,13,7,8,6,0.4658108055591583,0.05,,,,,,,,,,,0.3896293123383304,0.6931020292102674
2959,train-load-0.6-scenario-349,0.6,0.606819,0.36074513888888887,0.606819,10.554469612306214,1.2212958820480382,0.7787041179519617,1.0,0.0,1.0,0.0,6,0,7,0,7,6,6,6,0.48383402824401855,0.05,,,,,,,,,,,0.3896293123383304,0.6931020292102674
2960,train-load-0.5-scenario-722,0.5,0.590890125,0.32226062499999997,0.590890125,13.227545299201278,1.4302433390674998,0.5697566609325002,1.0,0.0,1.0,0.0,7,0,10,0,10,8,7,7,0.31527310609817505,0.05,,,,,,,,,,,0.3896293123383304,0.6931020292102674
2961,train-load-0.8-scenario-121,0.8,0.75057125,0.4872940625,0.75057125,14.51281754769191,0.9643937261433673,0.6719699102202689,0.9090909090909091,0.09090909090909091,0.8461538461538461,0.15384615384615385,10,1,11,2,13,8,11,10,0.1844770312309265,0.05,,,,,,,,,,,0.3896293123383304,0.6931020292102674
2962,train-load-0.5-scenario-73-retry-1,0.5,0.5,0.5,0.45,21.602859528067356,1.7069755210755189,0.29302447892448114,1.0,0.0,1.0,0.0,12,0,12,0,12,8,12,12,0.4544218182563782,0.05,,,,,,,,,,,0.3896293123383304,0.6931020292102674
2963,train-load-0.9-scenario-117-retry-3,0.9,0.9166666666666666,0.9166666666666666,0.55,10.461365254461096,0.46972309649778654,0.43936781259312263,0.7272727272727273,0.2727272727272727,0.7272727272727273,0.2727272727272727,8,3,8,3,11,4,11,8,0.37984463572502136,0.05,,,,,,,,,,,0.3896293123383304,0.6931020292102674
2964,train-load-0.7-scenario-372,0.7,0.641632,0.43883875000000006,0.641632,8.900615697753476,1.1688946221874636,0.8311053778125364,1.0,0.0,1.0,0.0,5,0,5,0,5,4,5,5,0.3307134211063385,0.05,,,,,,,,,,,0.3896293123383304,0.6931020292102674
2965,train-load-1.0-scenario-506,1.0,0.9088938,0.7865433333333333,0.9088938,15.269257975193403,1.016272047599458,0.3170612857338755,0.8333333333333334,0.16666666666666666,0.8333333333333334,0.16666666666666666,10,2,10,2,12,5,12,10,0.49133557081222534,0.05,,,,,,,,,,,0.3896293123383304,0.6931020292102674
2966,train-load-0.5-scenario-321,0.5,0.4767421666666667,0.4452291666666667,0.4767421666666667,14.749631486278808,1.4306100857129547,0.5693899142870454,1.0,0.0,1.0,0.0,8,0,8,0,8,6,8,8,0.18807575106620789,0.05,,,,,,,,,,,0.3896293123383304,0.6931020292102674
2967,train-load-0.5-scenario-229-retry-3,0.5,0.6,0.5,0.6,15.831162627672292,1.6376149316558473,0.36238506834415285,1.0,0.0,1.0,0.0,8,0,12,0,12,8,8,8,0.39417001605033875,0.05,,,,,,,,,,,0.3896293123383304,0.6931020292102674
2968,train-load-1.0-scenario-477-retry-3,1.0,1.1111111111111112,1.1111111111111112,0.8666666666666667,4.581217498672832,-0.4987451989899292,0.3448990451437754,0.46153846153846156,0.5384615384615384,0.46153846153846156,0.5384615384615384,6,7,6,7,13,6,13,6,0.2997424006462097,0.05,,,,,,,,,,,0.3896293123383304,0.6931020292102674
2969,train-load-0.8-scenario-742,0.8,0.736578,0.603428125,0.736578,14.280856171982368,1.6394173671058068,0.36058263289419323,1.0,0.0,1.0,0.0,7,0,7,0,7,4,7,7,0.430169939994812,0.05,,,,,,,,,,,0.3896293123383304,0.6931020292102674
2970,train-load-0.6-scenario-486,0.6,0.6875,0.6875,0.275,9.707851516032896,0.3540005700098686,0.5550903390810406,0.7272727272727273,0.2727272727272727,0.7272727272727273,0.2727272727272727,8,3,8,3,11,8,11,8,0.4007158875465393,0.05,,,,,,,,,,,0.3896293123383304,0.6931020292102674
2971,train-load-0.8-scenario-322,0.8,0.7042930555555555,0.7042930555555555,0.6267858333333334,13.36307437386562,0.9173651331919659,0.6826348668080342,0.9,0.1,0.8333333333333334,0.16666666666666666,9,1,10,2,12,6,10,9,0.32701390981674194,0.05,,,,,,,,,,,0.3896293123383304,0.6931020292102674
2972,train-hard-4gpu-4pod-2vgpu,0.25,0.25,0.16666666666666666,0.25,11.616666666666667,1.9166666666666665,0.08333333333333337,1.0,0.0,1.0,0.0,4,0,8,0,8,4,4,4,0.4742772579193115,0.05,,,,,,,,,,,0.3896293123383304,0.6931020292102674
2973,train-load-0.9-scenario-513,0.9,0.8216245714285715,0.4678533928571429,0.8216245714285715,10.130833612321936,0.5249503885080377,0.6750496114919624,0.8,0.2,0.7272727272727273,0.2727272727272727,8,2,8,3,11,7,10,8,0.3357713222503662,0.05,,,,,,,,,,,0.3896293123383304,0.6931020292102674
2974,train-load-0.7-scenario-238-retry-3,0.7,0.7395833333333334,0.7395833333333334,0.55,10.203335435170636,0.34822598363708634,0.9245012890901865,0.8181818181818182,0.18181818181818182,0.8181818181818182,0.18181818181818182,9,2,9,2,11,4,11,9,0.20030146837234497,0.05,,,,,,,,,,,0.3896293123383304,0.6931020292102674
2975,train-load-0.7-scenario-709-retry-2,0.7,0.65,0.52,0.65,22.20130443923822,1.6111506425675044,0.3888493574324955,1.0,0.0,1.0,0.0,13,0,13,0,13,5,13,13,0.34080395102500916,0.05,,,,,,,,,,,0.3896293123383304,0.6931020292102674
2976,train-load-0.8-scenario-201,0.8,0.704325125,0.611396875,0.704325125,19.476184341334353,1.1465165012154046,0.5677692130703098,0.9285714285714286,0.07142857142857142,0.9333333333333333,0.06666666666666667,13,1,14,1,15,8,14,13,0.3221169114112854,0.05,,,,,,,,,,,0.3896293123383304,0.6931020292102674
2977,train-load-0.7-scenario-114-retry-1,0.7,0.6875,0.6875,0.325,14.235935693873625,1.3761674196973352,0.6238325803026648,1.0,0.0,1.0,0.0,8,0,8,0,8,4,8,8,0.3843906819820404,0.05,,,,,,,,,,,0.3896293123383304,0.6931020292102674
2978,train-load-0.7-scenario-673,0.7,0.672543,0.31706944444444446,0.672543,10.838302459696129,1.327395895690809,0.672604104309191,1.0,0.0,1.0,0.0,6,0,8,0,8,6,6,6,0.21088388562202454,0.05,,,,,,,,,,,0.3896293123383304,0.6931020292102674
2979,train-load-0.8-scenario-551,0.8,0.6897827142857142,0.4294826785714286,0.6897827142857142,14.463873790542086,1.1209798605491175,0.47902013945088256,0.9,0.1,0.8181818181818182,0.18181818181818182,9,1,9,2,11,7,10,9,0.1577816754579544,0.05,,,,,,,,,,,0.3896293123383304,0.6931020292102674
2980,train-load-0.5-scenario-719-retry-3,0.5,0.5,0.20833333333333334,0.5,17.446394696179613,1.4986699481007566,0.5013300518992434,1.0,0.0,1.0,0.0,10,0,10,0,10,8,10,10,0.284597247838974,0.05,,,,,,,,,,,0.3896293123383304,0.6931020292102674
2981,train-load-0.9-scenario-63,0.9,0.8569535714285713,0.5894625,0.8569535714285713,14.573821903928366,0.9933093259760315,0.6430543103876047,0.9090909090909091,0.09090909090909091,0.8571428571428571,0.14285714285714285,10,1,12,2,14,7,11,10,0.16550078988075256,0.05,,,,,,,,,,,0.3896293123383304,0.6931020292102674
2982,train-load-0.8-scenario-245,0.8,0.7621849999999999,0.44750187500000005,0.7621849999999999,13.016830718608631,0.6318854411332648,0.7014478922000686,0.8333333333333334,0.16666666666666666,0.8461538461538461,0.15384615384615385,10,2,11,2,13,8,12,10,0.23121929168701172,0.05,,,,,,,,,,,0.3896293123383304,0.6931020292102674
2983,train-load-0.6-scenario-744,0.6,0.5,0.5,0.3875,17.582590238858472,1.5014816275971539,0.4985183724028461,1.0,0.0,1.0,0.0,10,0,10,0,10,8,10,10,0.38666391372680664,0.05,,,,,,,,,,,0.3896293123383304,0.6931020292102674
2984,train-load-0.8-scenario-497,0.8,0.9166666666666666,0.6333333333333333,0.9166666666666666,16.12508802780087,0.9606964518082874,0.423918932807097,0.8461538461538461,0.15384615384615385,0.75,0.25,11,2,12,4,16,6,13,11,0.34574389457702637,0.05,,,,,,,,,,,0.3896293123383304,0.6931020292102674
2985,train-load-0.6-scenario-132,0.6,0.5408951428571428,0.3990119047619048,0.5408951428571428,14.723278616671262,1.2644222598750576,0.7355777401249424,1.0,0.0,1.0,0.0,9,0,9,0,9,7,9,9,0.23936009407043457,0.05,,,,,,,,,,,0.3896293123383304,0.6931020292102674
2986,train-load-0.9-scenario-156-retry-1,0.9,1.0,0.14166666666666666,1.0,3.4604672265509997,-0.6004804120303385,0.6004804120303385,0.5,0.5,0.5,0.5,6,6,6,6,12,6,12,6,0.2945294976234436,0.05,,,,,,,,,,,0.3896293123383304,0.6931020292102674
2987,train-load-0.9-scenario-717-retry-3,0.9,0.8571428571428571,0.6666666666666666,0.8571428571428571,2.5657359503636465,-0.5298303785172622,0.30760815629503985,0.4444444444444444,0.5555555555555556,0.4444444444444444,0.5555555555555556,4,5,4,5,9,7,9,4,0.526954174041748,0.05,,,,,,,,,,,0.3896293123383304,0.6931020292102674
2988,train-load-0.7-scenario-478,0.7,0.6348435,0.6348435,0.6180384,13.333204639493903,1.4727208013001936,0.5272791986998064,1.0,0.0,1.0,0.0,7,0,9,0,9,5,7,7,0.28869619965553284,0.05,,,,,,,,,,,0.3896293123383304,0.6931020292102674
2989,train-load-0.6-scenario-255-retry-2,0.6,0.7142857142857143,0.7142857142857143,0.5357142857142857,19.41218948809814,1.0566630089890745,0.4100036576775922,0.8666666666666667,0.13333333333333333,0.8666666666666667,0.13333333333333333,13,2,13,2,15,7,15,13,0.2209349274635315,0.05,,,,,,,,,,,0.3896293123383304,0.6931020292102674
2990,train-load-1.0-scenario-221,1.0,0.889260625,0.49730052083333337,0.889260625,6.7647055580430955,-0.12306325019272535,1.0321541592836345,0.7272727272727273,0.2727272727272727,0.6923076923076923,0.3076923076923077,8,3,9,4,13,8,11,8,0.12801584601402283,0.05,,,,,,,,,,,0.3896293123383304,0.6931020292102674
2991,train-load-0.8-scenario-63-retry-2,0.8,0.9,0.6875,0.9,8.977720098831904,0.09801714237852888,0.36352131915993274,0.6153846153846154,0.38461538461538464,0.6153846153846154,0.38461538461538464,8,5,8,5,13,8,13,8,0.2136889547109604,0.05,,,,,,,,,,,0.3896293123383304,0.6931020292102674
2992,train-load-0.5-scenario-708-retry-1,0.5,0.5714285714285714,0.4,0.5714285714285714,13.159114546769775,1.0348991005158765,0.9651008994841235,1.0,0.0,1.0,0.0,9,0,9,0,9,7,9,9,0.4237222671508789,0.05,,,,,,,,,,,0.3896293123383304,0.6931020292102674
2993,train-load-0.9-scenario-297,0.9,0.8285714285714286,0.7428571428571429,0.8285714285714286,16.91447840883395,0.820377161092979,0.3796228389070211,0.8,0.2,0.8,0.2,12,3,12,3,15,7,15,12,0.2937917709350586,0.05,,,,,,,,,,,0.3896293123383304,0.6931020292102674
2994,train-load-0.6-scenario-494,0.6,0.6,0.6,0.375,15.995676579274726,1.4942698733134743,0.5057301266865257,1.0,0.0,1.0,0.0,9,0,9,0,9,6,9,9,0.42616766691207886,0.05,,,,,,,,,,,0.3896293123383304,0.6931020292102674
2995,train-load-0.6-scenario-152,0.6,0.5488580000000001,0.3163455729166667,0.5488580000000001,12.653240365689374,1.171468509432457,0.8285314905675429,1.0,0.0,1.0,0.0,8,0,8,0,8,8,8,8,0.46388474106788635,0.05,,,,,,,,,,,0.3896293123383304,0.6931020292102674
2996,train-load-0.6-scenario-100-retry-1,0.6,0.5834965,0.443530625,0.5834965,11.289101004456523,1.343691917828378,0.656308082171622,1.0,0.0,1.0,0.0,6,0,6,0,6,4,6,6,0.396093487739563,0.05,,,,,,,,,,,0.3896293123383304,0.6931020292102674
2997,train-load-0.5-scenario-455,0.5,0.4,0.3333333333333333,0.4,25.867793875344997,1.535056081685334,0.4649439183146661,1.0,0.0,1.0,0.0,16,0,16,0,16,8,16,16,0.3796927034854889,0.05,,,,,,,,,,,0.3896293123383304,0.6931020292102674
2998,train-load-0.6-scenario-643,0.6,0.5604144,0.3535858333333334,0.5604144,9.360660724488808,1.2346707772820793,0.7653292227179207,1.0,0.0,1.0,0.0,5,0,6,0,6,5,5,5,0.46398594975471497,0.05,,,,,,,,,,,0.3896293123383304,0.6931020292102674
2999,train-load-0.8-scenario-593-retry-3,0.8,0.8571428571428571,0.09523809523809523,0.8571428571428571,-1.9064258793877635,-1.2357511842344342,0.7357511842344342,0.375,0.625,0.375,0.625,3,5,3,5,8,7,8,3,0.44138798117637634,0.05,,,,,,,,,,,0.3896293123383304,0.6931020292102674
3000,train-load-0.5-scenario-216-retry-1,0.5,0.4,0.16666666666666666,0.4,25.77729056545295,1.5706043832696517,0.4293956167303483,1.0,0.0,1.0,0.0,16,0,16,0,16,4,16,16,0.2665000557899475,0.05,0.37009176079902195,0.5308419917415965,0.7252334381351546,0.2747665618648454,0.7107716886053168,0.2892283113946831,0.6627442334148439,0.683998042965458,0.2782864492296901,0.7155517478606125,0.3896293123383304,0.6931020292102674
3001,train-load-0.6-scenario-328,0.6,0.65,0.65,0.41875,24.45589311590262,1.5495703787180126,0.4504296212819874,1.0,0.0,1.0,0.0,15,0,15,0,15,8,15,15,0.19189873337745667,0.05,,,,,,,,,,,0.3896293123383304,0.6931020292102674
3002,train-load-0.6-scenario-665,0.6,0.531535875,0.3283265625,0.531535875,14.007381768589505,1.3437503445760681,0.6562496554239319,1.0,0.0,1.0,0.0,8,0,9,0,9,8,8,8,0.4106978178024292,0.05,,,,,,,,,,,0.3896293123383304,0.6931020292102674
3003,train-load-0.6-scenario-276,0.6,0.5700271666666666,0.5082708333333333,0.5700271666666666,16.08203949785045,1.283280726922907,0.716719273077093,1.0,0.0,1.0,0.0,10,0,10,0,10,6,10,10,0.11893297731876373,0.05,,,,,,,,,,,0.3896293123383304,0.6931020292102674
3004,train-load-0.6-scenario-417-retry-4,0.6,0.5,0.3869047619047619,0.5,17.778679201335812,1.5573346629579985,0.44266533704200145,1.0,0.0,1.0,0.0,10,0,10,0,10,7,10,10,0.33356761932373047,0.05,,,,,,,,,,,0.3896293123383304,0.6931020292102674
3005,train-load-0.9-scenario-746,0.9,0.9375,0.14375,0.9375,6.050189919258636,0.25688573462512576,0.7431142653748742,0.75,0.25,0.75,0.25,6,2,6,2,8,4,8,6,0.23354893922805786,0.05,,,,,,,,,,,0.3896293123383304,0.6931020292102674
3006,train-load-0.6-scenario-165,0.6,0.5517361428571428,0.44138035714285717,0.5517361428571428,12.722737355310397,1.3669083518503073,0.6330916481496927,1.0,0.0,1.0,0.0,7,0,9,0,9,7,7,7,0.22960101068019867,0.05,,,,,,,,,,,0.3896293123383304,0.6931020292102674
3007,train-load-0.7-scenario-94-retry-1,0.7,0.5928571428571429,0.5714285714285714,0.5928571428571429,21.769294758343296,1.5264477755792836,0.4735522244207163,1.0,0.0,1.0,0.0,13,0,13,0,13,7,13,13,0.3130553662776947,0.05,,,,,,,,,,,0.3896293123383304,0.6931020292102674
3008,train-load-1.0-scenario-255,1.0,0.938504875,0.838970625,0.938504875,14.030274634905798,0.31569272271105997,0.68430727728894,0.75,0.25,0.65,0.35,12,4,13,7,20,8,16,12,0.2576000988483429,0.05,,,,,,,,,,,0.3896293123383304,0.6931020292102674
3009,train-load-1.0-scenario-503,1.0,0.8883313999999999,0.5395409999999999,0.8883313999999999,10.393613776993433,0.8117329707299712,0.6882670292700288,0.875,0.125,0.7777777777777778,0.2222222222222222,7,1,7,2,9,5,8,7,0.5754762291908264,0.05,,,,,,,,,,,0.3896293123383304,0.6931020292102674
3010,train-load-0.6-scenario-219,0.6,0.625,0.625,0.5,12.450177643623524,0.8856754851282168,0.3143245148717832,0.8,0.2,0.8,0.2,8,2,8,2,10,8,10,8,0.11053869128227234,0.05,,,,,,,,,,,0.3896293123383304,0.6931020292102674
3011,train-load-0.9-scenario-277-retry-2,0.9,0.8333333333333334,0.6666666666666666,0.8333333333333334,7.269908179064593,0.13592195500053494,0.26407804499946497,0.6,0.4,0.6,0.4,6,4,6,4,10,6,10,6,0.3544497787952423,0.05,,,,,,,,,,,0.3896293123383304,0.6931020292102674
3012,train-load-0.8-scenario-736,0.8,0.6810932000000001,0.44109250000000005,0.6810932000000001,13.08853122418736,1.4417494413622345,0.5582505586377654,1.0,0.0,1.0,0.0,7,0,7,0,7,5,7,7,0.2515075206756592,0.05,,,,,,,,,,,0.3896293123383304,0.6931020292102674
3013,train-load-1.0-scenario-153-retry-1,1.0,1.1125,0.71875,1.1125,9.228611355385148,0.17941755801297077,0.2821209035254908,0.6153846153846154,0.38461538461538464,0.6153846153846154,0.38461538461538464,8,5,8,5,13,4,13,8,0.5207312107086182,0.05,,,,,,,,,,,0.3896293123383304,0.6931020292102674
3014,train-load-0.7-scenario-74,0.7,0.5950571428571428,0.5950571428571428,0.5727805714285714,17.496258514005984,1.317540337235204,0.6824596627647961,1.0,0.0,1.0,0.0,11,0,12,0,12,7,11,11,0.24250805377960205,0.05,,,,,,,,,,,0.3896293123383304,0.6931020292102674
3015,train-load-0.6-scenario-261,0.6,0.5,0.5,0.3,23.877293310285886,1.495973240724778,0.504026759275222,1.0,0.0,1.0,0.0,15,0,15,0,15,5,15,15,0.2628929018974304,0.05,,,,,,,,,,,0.3896293123383304,0.6931020292102674
3016,train-hard-4gpu-4pod-1vgpu,0.25,0.25,0.16666666666666666,0.25,11.544497883017963,1.9166666666666665,0.08333333333333337,1.0,0.0,1.0,0.0,4,0,4,0,4,4,4,4,0.31308266520500183,0.05,,,,,,,,,,,0.3896293123383304,0.6931020292102674
3017,train-load-0.6-scenario-589-retry-3,0.6,0.675,0.675,0.45,13.197278101837874,1.1159757506235444,0.4395798049320109,0.8888888888888888,0.1111111111111111,0.8888888888888888,0.1111111111111111,8,1,8,1,9,4,9,8,0.35954397916793823,0.05,,,,,,,,,,,0.3896293123383304,0.6931020292102674
3018,train-load-0.9-scenario-458,0.9,0.8358814999999999,0.61131046875,0.8358814999999999,11.040625534982352,0.4225705619042299,0.5774294380957701,0.75,0.25,0.7333333333333333,0.26666666666666666,9,3,11,4,15,8,12,9,0.20655474066734314,0.05,,,,,,,,,,,0.3896293123383304,0.6931020292102674
3019,train-load-0.6-scenario-13,0.6,0.5919144,0.5288016666666667,0.5919144,11.932685358858464,1.266083559310787,0.7339164406892128,1.0,0.0,1.0,0.0,7,0,8,0,8,5,7,7,0.37435677647590637,0.05,,,,,,,,,,,0.3896293123383304,0.6931020292102674
3020,train-load-0.6-scenario-541,0.6,0.70289475,0.32148125,0.70289475,2.896022100506234,0.08730494174964232,0.9126950582503577,0.75,0.25,0.6,0.4,3,1,3,2,5,4,4,3,0.12040628492832184,0.05,,,,,,,,,,,0.3896293123383304,0.6931020292102674
3021,train-load-0.6-scenario-118-retry-1,0.6,0.7,0.40476190476190477,0.7,6.537497865949131,0.23232732043799698,0.767672679562003,0.75,0.25,0.75,0.25,6,2,6,2,8,7,8,6,0.29680582880973816,0.05,,,,,,,,,,,0.3896293123383304,0.6931020292102674
3022,train-load-0.7-scenario-126-retry-1,0.7,0.65,0.5,0.65,11.830958831825331,1.012476053270134,0.4875239467298661,0.875,0.125,0.8,0.2,7,1,8,2,10,6,8,7,0.21463754773139954,0.05,,,,,,,,,,,0.3896293123383304,0.6931020292102674
3023,train-load-0.7-scenario-553,0.7,0.7359605,0.320150625,0.7359605,8.109059933340617,1.2803130102020153,0.7196869897979848,1.0,0.0,1.0,0.0,4,0,5,0,5,4,4,4,0.35033226013183594,0.05,,,,,,,,,,,0.3896293123383304,0.6931020292102674
3024,train-load-0.5-scenario-490,0.5,0.49868049999999997,0.3107713541666667,0.49868049999999997,13.197947248202684,1.2376116642759052,0.7623883357240948,1.0,0.0,1.0,0.0,8,0,9,0,9,8,8,8,0.20150519907474518,0.05,,,,,,,,,,,0.3896293123383304,0.6931020292102674
3025,train-load-0.7-scenario-371,0.7,0.6307670000000001,0.3940003125,0.6307670000000001,9.123069259250903,1.2037357971668121,0.7962642028331878,1.0,0.0,1.0,0.0,5,0,5,0,5,4,5,5,0.3560048043727875,0.05,,,,,,,,,,,0.3896293123383304,0.6931020292102674
3026,train-load-0.5-scenario-424,0.5,0.44104400000000005,0.19568,0.44104400000000005,6.879631131446975,1.2584555513324016,0.7415444486675985,1.0,0.0,1.0,0.0,3,0,4,0,4,5,3,3,0.31910109519958496,0.05,,,,,,,,,,,0.3896293123383304,0.6931020292102674
3027,train-load-0.9-scenario-116,0.9,0.8525324999999999,0.767416875,0.8525324999999999,4.978715673536086,0.1178359043983146,0.7393069527445426,0.7142857142857143,0.2857142857142857,0.5555555555555556,0.4444444444444444,5,2,5,4,9,4,7,5,0.12758909165859222,0.05,,,,,,,,,,,0.3896293123383304,0.6931020292102674
3028,train-hard-4gpu-12pod-small,0.375,0.375,0.25,0.375,20.117650992552726,1.5141560817564839,0.48584391824351614,1.0,0.0,1.0,0.0,12,0,12,0,12,4,12,12,0.19460299611091614,0.05,,,,,,,,,,,0.3896293123383304,0.6931020292102674
3029,train-load-0.7-scenario-521,0.7,0.6178708333333334,0.6178708333333334,0.4595392857142857,13.740417349326997,1.3514754075759647,0.6485245924240354,1.0,0.0,1.0,0.0,8,0,11,0,11,7,8,8,0.33514678478240967,0.05,,,,,,,,,,,0.3896293123383304,0.6931020292102674
3030,train-hard-4gpu-4pod-2vgpu,0.25,0.25,0.16666666666666666,0.25,11.616666666666667,1.9166666666666665,0.08333333333333337,1.0,0.0,1.0,0.0,4,0,8,0,8,4,4,4,0.4576551616191864,0.05,,,,,,,,,,,0.3896293123383304,0.6931020292102674
3031,train-load-0.8-scenario-328,0.8,0.755036,0.6652391071428572,0.755036,14.750966022623519,0.9878768818019359,0.6484867545617004,0.9090909090909091,0.09090909090909091,0.8461538461538461,0.15384615384615385,10,1,11,2,13,7,11,10,0.23960930109024048,0.05,,,,,,,,,,,0.3896293123383304,0.6931020292102674
3032,train-load-0.6-scenario-528,0.6,0.545229375,0.36129500000000003,0.545229375,16.70997358999587,1.3857990045486825,0.6142009954513175,1.0,0.0,1.0,0.0,10,0,10,0,10,8,10,10,0.3519967496395111,0.05,,,,,,,,,,,0.3896293123383304,0.6931020292102674
3033,train-load-0.7-scenario-272-retry-5,0.7,0.8,0.5,0.8,9.386004572737372,0.218980176485152,0.44768649018151463,0.6666666666666666,0.3333333333333333,0.6666666666666666,0.3333333333333333,8,4,8,4,12,6,12,8,0.4465690553188324,0.05,,,,,,,,,,,0.3896293123383304,0.6931020292102674
3034,train-load-0.8-scenario-704,0.8,0.6875,0.16875,0.6875,21.171371527601252,1.3477531247570127,0.6522468752429873,1.0,0.0,1.0,0.0,14,0,14,0,14,8,14,14,0.37137407064437866,0.05,,,,,,,,,,,0.3896293123383304,0.6931020292102674
3035,train-load-0.5-scenario-245,0.5,0.5833333333333334,0.5833333333333334,0.5,19.20199848810121,1.7612103303338034,0.23878966966619666,1.0,0.0,1.0,0.0,10,0,10,0,10,5,10,10,0.7233994007110596,0.05,,,,,,,,,,,0.3896293123383304,0.6931020292102674
3036,train-load-0.7-scenario-331-retry-4,0.7,0.8125,0.2125,0.8125,4.08283369046182,-0.25422032715506515,0.4764425493772875,0.5555555555555556,0.4444444444444444,0.5555555555555556,0.4444444444444444,5,4,5,4,9,8,9,5,0.3526458144187927,0.05,,,,,,,,,,,0.3896293123383304,0.6931020292102674
3037,train-load-0.6-scenario-83,0.6,0.6204332,0.3661566666666667,0.6204332,10.816359407814492,1.2561531017701866,0.7438468982298134,1.0,0.0,1.0,0.0,6,0,6,0,6,5,6,6,0.2597416639328003,0.05,,,,,,,,,,,0.3896293123383304,0.6931020292102674
3038,train-load-0.7-scenario-653,0.7,0.645361125,0.5059665625,0.645361125,15.444205981738314,1.084458756153803,0.5519048802098333,0.9090909090909091,0.09090909090909091,0.9166666666666666,0.08333333333333333,10,1,11,1,12,8,11,10,0.3171486556529999,0.05,,,,,,,,,,,0.3896293123383304,0.6931020292102674
3039,train-load-0.9-scenario-22,0.9,0.794902625,0.48697135416666665,0.794902625,16.34930838185444,0.9060741071659085,0.7862335851417839,0.9230769230769231,0.07692307692307693,0.8571428571428571,0.14285714285714285,12,1,12,2,14,8,13,12,0.5787462592124939,0.05,,,,,,,,,,,0.3896293123383304,0.6931020292102674
3040,train-load-0.8-scenario-709,0.8,0.7439453333333332,0.4712694444444445,0.7439453333333332,13.068211115301768,0.9309510705594304,0.6690489294405696,0.9,0.1,0.9,0.1,9,1,9,1,10,6,10,9,0.4239005148410797,0.05,,,,,,,,,,,0.3896293123383304,0.6931020292102674
3041,train-load-1.0-scenario-453-retry-1,1.0,0.9292824999999999,0.7636525,0.9292824999999999,6.661615545021994,-0.3022607803447914,0.763799241883253,0.6153846153846154,0.38461538461538464,0.5714285714285714,0.42857142857142855,8,5,8,6,14,6,13,8,0.2526051998138428,0.05,,,,,,,,,,,0.3896293123383304,0.6931020292102674
3042,train-load-0.9-scenario-461,0.9,0.87909425,0.4812234375,0.87909425,6.393682525931824,0.349939696704918,0.5072031604379392,0.7142857142857143,0.2857142857142857,0.7142857142857143,0.2857142857142857,5,2,5,2,7,4,7,5,0.3515267074108124,0.05,,,,,,,,,,,0.3896293123383304,0.6931020292102674
3043,train-load-0.9-scenario-556-retry-4,0.9,1.0,1.0,0.25,9.766051191091268,0.5797276638629898,0.6202723361370103,0.8,0.2,0.8,0.2,8,2,8,2,10,4,10,8,0.2557722330093384,0.05,,,,,,,,,,,0.3896293123383304,0.6931020292102674
3044,train-load-0.9-scenario-71-retry-1,0.9,0.8287842500000001,0.733028125,0.8287842500000001,6.08394143501541,0.30089806732316005,0.5562447898196972,0.7142857142857143,0.2857142857142857,0.625,0.375,5,2,5,3,8,4,7,5,0.3013579249382019,0.05,,,,,,,,,,,0.3896293123383304,0.6931020292102674
3045,train-hard-4gpu-8pod-1vgpu,0.5,0.5,0.3333333333333333,0.5,16.42232909936926,1.8333333333333335,0.16666666666666663,1.0,0.0,1.0,0.0,8,0,8,0,8,4,8,8,0.23568788170814514,0.05,,,,,,,,,,,0.3896293123383304,0.6931020292102674
3046,train-load-0.6-scenario-742-retry-1,0.6,0.6666666666666666,0.6666666666666666,0.4,7.151704804311698,0.30315313085461515,0.6968468691453849,0.75,0.25,0.75,0.25,6,2,6,2,8,8,8,6,0.2549746632575989,0.05,,,,,,,,,,,0.3896293123383304,0.6931020292102674
3047,train-hard-8gpu-16pod-1vgpu,0.5,0.5,0.3333333333333333,0.5,27.21738182198293,1.8333333333333335,0.16666666666666663,1.0,0.0,1.0,0.0,16,0,16,0,16,8,16,16,0.46385788917541504,0.05,,,,,,,,,,,0.3896293123383304,0.6931020292102674
3048,train-load-0.8-scenario-133,0.8,0.875,0.875,0.4,5.048506534931514,0.0019121355339188906,0.49808786446608105,0.625,0.375,0.5714285714285714,0.42857142857142855,5,3,8,6,14,8,8,5,0.21866688132286072,0.05,,,,,,,,,,,0.3896293123383304,0.6931020292102674
3049,train-load-0.5-scenario-544-retry-2,0.5,0.40476190476190477,0.40476190476190477,0.24285714285714285,26.808123721921877,1.5266190910567154,0.47338090894328455,1.0,0.0,1.0,0.0,17,0,17,0,17,7,17,17,0.43010634183883667,0.05,,,,,,,,,,,0.3896293123383304,0.6931020292102674
3050,train-load-0.8-scenario-158-retry-1,0.8,0.8214285714285714,0.35714285714285715,0.8214285714285714,13.35145611693392,0.42842004598242023,0.504913287350913,0.7333333333333333,0.26666666666666666,0.7333333333333333,0.26666666666666666,11,4,11,4,15,7,15,11,0.20245707035064697,0.05,,,,,,,,,,,0.3896293123383304,0.6931020292102674
3051,train-load-1.0-scenario-659,1.0,1.11609375,0.730159375,1.11609375,12.54307807715634,1.182899791905351,0.3171002080946489,0.875,0.125,0.8,0.2,7,1,8,2,10,4,8,7,0.36349374055862427,0.05,,,,,,,,,,,0.3896293123383304,0.6931020292102674
3052,train-load-0.6-scenario-472,0.6,0.5126924285714286,0.42958869047619047,0.5126924285714286,12.247666313574108,1.4660142076564306,0.5339857923435694,1.0,0.0,1.0,0.0,6,0,8,0,8,7,6,6,0.3691823482513428,0.05,,,,,,,,,,,0.3896293123383304,0.6931020292102674
3053,train-load-0.8-scenario-97-retry-3,0.8,0.73125,0.54375,0.73125,19.416002200837077,1.113798104052373,0.3528685626142939,0.8666666666666667,0.13333333333333333,0.8666666666666667,0.13333333333333333,13,2,13,2,15,8,15,13,0.36815837025642395,0.05,,,,,,,,,,,0.3896293123383304,0.6931020292102674
3054,train-load-0.9-scenario-281-retry-1,0.9,0.804688,0.7925607638888889,0.804688,11.671736396996245,0.3462597244881055,0.7306633524349715,0.7692307692307693,0.23076923076923078,0.7692307692307693,0.23076923076923078,10,3,10,3,13,6,13,10,0.6002411842346191,0.05,,,,,,,,,,,0.3896293123383304,0.6931020292102674
3055,train-load-1.0-scenario-431,1.0,0.8821033333333334,0.8821033333333334,0.7873654,15.004642360556296,0.9989656227433583,0.33436771058997516,0.8333333333333334,0.16666666666666666,0.8333333333333334,0.16666666666666666,10,2,10,2,12,5,12,10,0.2627313733100891,0.05,,,,,,,,,,,0.3896293123383304,0.6931020292102674
3056,train-load-1.0-scenario-406-retry-8,1.0,1.09375,0.525,1.09375,6.056490426996067,-0.3791821734883809,0.37918217348838085,0.5,0.5,0.5,0.5,7,7,7,7,14,8,14,7,0.533470869064331,0.05,,,,,,,,,,,0.3896293123383304,0.6931020292102674
3057,train-load-0.8-scenario-459-retry-1,0.8,0.9,0.9,0.225,11.39805311926536,0.8757005852878835,0.6798549702676719,0.8888888888888888,0.1111111111111111,0.8888888888888888,0.1111111111111111,8,1,8,1,9,4,9,8,0.47837767004966736,0.05,,,,,,,,,,,0.3896293123383304,0.6931020292102674
3058,train-load-0.7-scenario-367,0.7,0.7222222222222222,0.7222222222222222,0.625,25.515087947795685,1.605458307521521,0.39454169247847903,1.0,0.0,1.0,0.0,16,0,16,0,16,6,16,16,0.4575430750846863,0.05,,,,,,,,,,,0.3896293123383304,0.6931020292102674
3059,train-load-1.0-scenario-316-retry-3,1.0,0.9714285714285714,0.6666666666666666,0.9714285714285714,13.50306886061118,0.6904366099085959,0.6428967234247376,0.8333333333333334,0.16666666666666666,0.75,0.25,10,2,12,4,16,7,12,10,0.43105852603912354,0.05,,,,,,,,,,,0.3896293123383304,0.6931020292102674
3060,train-load-0.6-scenario-415,0.6,0.5776886666666666,0.5087520833333333,0.5776886666666666,14.715871983572605,1.486376636749748,0.513623363250252,1.0,0.0,1.0,0.0,8,0,8,0,8,6,8,8,0.3715220093727112,0.05,,,,,,,,,,,0.3896293123383304,0.6931020292102674
3061,train-load-0.7-scenario-122,0.7,0.6007895,0.5297824999999999,0.6007895,5.590069739184477,0.4610090742619233,0.7389909257380768,0.8,0.2,0.6666666666666666,0.3333333333333333,4,1,4,2,6,4,5,4,0.3187684714794159,0.05,,,,,,,,,,,0.3896293123383304,0.6931020292102674
3062,train-load-1.0-scenario-323,1.0,0.8854745,0.6704358333333332,0.8854745,5.947574639905755,-0.1939618159040878,0.7394163613586332,0.6363636363636364,0.36363636363636365,0.6666666666666666,0.3333333333333333,7,4,8,4,12,6,11,7,0.36787307262420654,0.05,,,,,,,,,,,0.3896293123383304,0.6931020292102674
3063,train-load-0.7-scenario-420,0.7,0.7666666666666667,0.31666666666666665,0.7666666666666667,12.834039361078824,0.9062752227171296,0.6937247772828705,0.9,0.1,0.9,0.1,9,1,9,1,10,6,10,9,0.4682196378707886,0.05,,,,,,,,,,,0.3896293123383304,0.6931020292102674
3064,train-load-0.6-scenario-201,0.6,0.625,0.325,0.625,15.182704078110799,1.3516771777490182,0.6483228222509819,1.0,0.0,1.0,0.0,9,0,13,0,13,8,9,9,0.2532227039337158,0.05,,,,,,,,,,,0.3896293123383304,0.6931020292102674
3065,train-load-0.5-scenario-737-retry-2,0.5,0.6,0.2777777777777778,0.6,16.758757538601515,1.3978057776327537,0.6021942223672463,1.0,0.0,1.0,0.0,10,0,10,0,10,6,10,10,0.5134508609771729,0.05,,,,,,,,,,,0.3896293123383304,0.6931020292102674
3066,train-load-0.5-scenario-349,0.5,0.42726385714285714,0.33268095238095235,0.42726385714285714,11.614123605807375,1.1832787659613855,0.8167212340386144,1.0,0.0,1.0,0.0,7,0,7,0,7,7,7,7,0.29180335998535156,0.05,,,,,,,,,,,0.3896293123383304,0.6931020292102674
3067,train-load-0.8-scenario-100,0.8,0.7857142857142857,0.7857142857142857,0.6142857142857143,18.387905865320192,0.9050702374739639,0.34492976252603613,0.8125,0.1875,0.8125,0.1875,13,3,13,3,16,7,16,13,0.3457232713699341,0.05,,,,,,,,,,,0.3896293123383304,0.6931020292102674
3068,train-load-0.6-scenario-230-retry-1,0.6,0.6857142857142857,0.5238095238095238,0.6857142857142857,8.528968015935966,0.29710641377459635,0.5028935862254036,0.7,0.3,0.7,0.3,7,3,7,3,10,7,10,7,0.27216285467147827,0.05,,,,,,,,,,,0.3896293123383304,0.6931020292102674
3069,train-load-0.7-scenario-645,0.7,0.6281270833333333,0.6281270833333333,0.42425250000000003,13.234697105592202,1.0689404767682316,0.486615078787324,0.8888888888888888,0.1111111111111111,0.8888888888888888,0.1111111111111111,8,1,8,1,9,6,9,8,0.25163203477859497,0.05,,,,,,,,,,,0.3896293123383304,0.6931020292102674
3070,train-load-0.9-scenario-510-retry-1,0.9,0.8072978333333333,0.7190504166666667,0.8072978333333333,12.776368218060643,0.7560185857483416,0.5167086869789311,0.8181818181818182,0.18181818181818182,0.8461538461538461,0.15384615384615385,9,2,11,2,13,6,11,9,0.30404555797576904,0.05,,,,,,,,,,,0.3896293123383304,0.6931020292102674
3071,train-load-0.5-scenario-108,0.5,0.44285714285714284,0.44285714285714284,0.32142857142857145,16.351871557101084,1.5357576010349672,0.46424239896503283,1.0,0.0,1.0,0.0,9,0,9,0,9,7,9,9,0.4671810269355774,0.05,,,,,,,,,,,0.3896293123383304,0.6931020292102674
3072,train-load-0.7-scenario-621,0.7,0.619727857142857,0.4708005952380952,0.619727857142857,11.40345723683959,1.0006834778870293,0.49931652211297073,0.875,0.125,0.9,0.1,7,1,9,1,10,7,8,7,0.37275034189224243,0.05,,,,,,,,,,,0.3896293123383304,0.6931020292102674
3073,train-load-0.8-scenario-376,0.8,0.7702196,0.40876250000000003,0.7702196,10.090405081271058,0.8155497799111195,0.6844502200888806,0.875,0.125,0.875,0.125,7,1,7,1,8,5,8,7,0.18584072589874268,0.05,,,,,,,,,,,0.3896293123383304,0.6931020292102674
3074,train-load-1.0-scenario-184,1.0,1.1111111111111112,1.1111111111111112,0.16666666666666666,-1.013355737354534,-1.1771989571659063,0.7771989571659065,0.4,0.6,0.4,0.6,4,6,4,6,10,6,10,4,0.298071026802063,0.05,,,,,,,,,,,0.3896293123383304,0.6931020292102674
3075,train-hard-4gpu-4pod-2vgpu,0.25,0.25,0.16666666666666666,0.25,11.616666666666667,1.9166666666666665,0.08333333333333337,1.0,0.0,1.0,0.0,4,0,8,0,8,4,4,4,0.4318234920501709,0.05,,,,,,,,,,,0.3896293123383304,0.6931020292102674
3076,train-load-0.7-scenario-105,0.7,0.601095625,0.601095625,0.52433675,13.876135078741925,1.7807517778939057,0.2192482221060942,1.0,0.0,1.0,0.0,6,0,7,0,7,4,6,6,0.6444628834724426,0.05,,,,,,,,,,,0.3896293123383304,0.6931020292102674
3077,train-load-0.9-scenario-682,0.9,1.0,0.76,1.0,3.9765086191983103,-0.3025246848476456,0.5247469070698679,0.5555555555555556,0.4444444444444444,0.5555555555555556,0.4444444444444444,5,4,5,4,9,5,9,5,0.45190542936325073,0.05,,,,,,,,,,,0.3896293123383304,0.6931020292102674
3078,train-load-0.6-scenario-77-retry-1,0.6,0.5625,0.3958333333333333,0.5625,4.808019559908683,-0.04356067332945168,0.5435606733294517,0.625,0.375,0.625,0.375,5,3,5,3,8,8,8,5,0.4595174789428711,0.05,,,,,,,,,,,0.3896293123383304,0.6931020292102674
3079,train-load-0.6-scenario-571,0.6,0.5459995,0.32371,0.5459995,13.551503412047964,1.2971479624705475,0.7028520375294525,1.0,0.0,1.0,0.0,8,0,10,0,10,8,8,8,0.4054638743400574,0.05,,,,,,,,,,,0.3896293123383304,0.6931020292102674
3080,train-load-0.6-scenario-175-retry-2,0.6,0.72,0.6,0.72,13.36641117743077,1.0822449438048038,0.47331061175075156,0.8888888888888888,0.1111111111111111,0.8888888888888888,0.1111111111111111,8,1,8,1,9,5,9,8,0.370028555393219,0.05,,,,,,,,,,,0.3896293123383304,0.6931020292102674
3081,train-load-0.8-scenario-137,0.8,0.7919733999999999,0.32233449999999997,0.7919733999999999,7.019430510531597,0.6027145435618497,0.7306187897714836,0.8333333333333334,0.16666666666666666,0.75,0.25,5,1,6,2,8,5,6,5,0.2584983706474304,0.05,,,,,,,,,,,0.3896293123383304,0.6931020292102674
3082,train-load-0.9-scenario-652-retry-6,0.9,1.0,1.0,0.88,10.944725713225584,0.5291278649228579,0.37996304416805127,0.7272727272727273,0.2727272727272727,0.7272727272727273,0.2727272727272727,8,3,8,3,11,5,11,8,0.3301961421966553,0.05,,,,,,,,,,,0.3896293123383304,0.6931020292102674
3083,train-load-1.0-scenario-499-retry-2,1.0,0.92307925,0.81248046875,0.92307925,11.37790106766113,-0.19910813698045648,0.7254239264541407,0.631578947368421,0.3684210526315789,0.6,0.4,12,7,12,8,20,8,19,12,0.3410610258579254,0.05,,,,,,,,,,,0.3896293123383304,0.6931020292102674
3084,train-load-0.6-scenario-608-retry-3,0.6,0.6571428571428571,0.40476190476190477,0.6571428571428571,15.28352423126158,1.5400113039568653,0.45998869604313486,1.0,0.0,1.0,0.0,8,0,11,0,11,7,8,8,0.17746251821517944,0.05,,,,,,,,,,,0.3896293123383304,0.6931020292102674
3085,train-load-0.8-scenario-453,0.8,0.7050735,0.3069125,0.7050735,11.369837688221203,1.1566983126939283,0.8433016873060717,1.0,0.0,1.0,0.0,7,0,8,0,8,6,7,7,0.38573628664016724,0.05,,,,,,,,,,,0.3896293123383304,0.6931020292102674
3086,train-load-0.5-scenario-385,0.5,0.522547125,0.3585630208333333,0.522547125,14.756503985727054,1.3111328838488923,0.6888671161511077,1.0,0.0,1.0,0.0,9,0,9,0,9,8,9,9,0.23395608365535736,0.05,,,,,,,,,,,0.3896293123383304,0.6931020292102674
3087,train-load-1.0-scenario-124,1.0,1.0,0.30952380952380953,1.0,15.477766023014173,0.6725353469927599,0.7560360815786686,0.8571428571428571,0.14285714285714285,0.7777777777777778,0.2222222222222222,12,2,14,4,18,7,14,12,0.5627110600471497,0.05,,,,,,,,,,,0.3896293123383304,0.6931020292102674
3088,train-load-1.0-scenario-273-retry-2,1.0,0.9523809523809523,0.9523809523809523,0.5714285714285714,-4.770743793298579,-1.906645987634727,0.706645987634727,0.2,0.8,0.2,0.8,2,8,2,8,10,7,10,2,0.3678596615791321,0.05,,,,,,,,,,,0.3896293123383304,0.6931020292102674
3089,train-load-0.7-scenario-465,0.7,0.75082525,0.47365124999999997,0.75082525,4.9179826101147635,0.33892457294316597,0.9944087603901675,0.8333333333333334,0.16666666666666666,0.8333333333333334,0.16666666666666666,5,1,5,1,6,4,6,5,0.23574213683605194,0.05,,,,,,,,,,,0.3896293123383304,0.6931020292102674
3090,train-load-0.6-scenario-578,0.6,0.529570875,0.3316453125,0.529570875,14.061993688277914,1.389169285159826,0.6108307148401739,1.0,0.0,1.0,0.0,8,0,10,0,10,8,8,8,0.2977626621723175,0.05,,,,,,,,,,,0.3896293123383304,0.6931020292102674
3091,train-load-1.0-scenario-704-retry-2,1.0,1.1166666666666667,0.43333333333333335,1.1166666666666667,6.604292402426988,-0.2534028196757335,0.40724897352188727,0.5384615384615384,0.46153846153846156,0.5384615384615384,0.46153846153846156,7,6,7,6,13,6,13,7,0.2974627614021301,0.05,,,,,,,,,,,0.3896293123383304,0.6931020292102674
3092,train-load-1.0-scenario-634-retry-3,1.0,1.0833333333333333,0.7222222222222222,1.0833333333333333,6.209561837442768,-0.0935209162441144,0.2753390980622962,0.5454545454545454,0.45454545454545453,0.5454545454545454,0.45454545454545453,6,5,6,5,11,6,11,6,0.38235822319984436,0.05,,,,,,,,,,,0.3896293123383304,0.6931020292102674
3093,train-load-1.0-scenario-533,1.0,1.0833333333333333,1.0833333333333333,0.6,9.427648109829587,0.554077644615802,0.5570334664953092,0.7777777777777778,0.2222222222222222,0.6923076923076923,0.3076923076923077,7,2,9,4,13,6,9,7,0.46859657764434814,0.05,,,,,,,,,,,0.3896293123383304,0.6931020292102674
3094,train-load-0.9-scenario-55-retry-4,0.9,0.87,0.7666666666666667,0.87,6.706446145236082,-0.12008275510083832,0.6655373005553837,0.6363636363636364,0.36363636363636365,0.6363636363636364,0.36363636363636365,7,4,7,4,11,5,11,7,0.5223666429519653,0.05,,,,,,,,,,,0.3896293123383304,0.6931020292102674
3095,train-load-0.9-scenario-690,0.9,0.8212354166666667,0.8212354166666667,0.541598,9.445569532751449,0.4917011070680668,0.6194100040430444,0.7777777777777778,0.2222222222222222,0.75,0.25,7,2,9,3,12,6,9,7,0.2423551380634308,0.05,,,,,,,,,,,0.3896293123383304,0.6931020292102674
3096,train-load-0.7-scenario-309,0.7,0.7777777777777778,0.7777777777777778,0.2833333333333333,7.451299200286496,0.36372905070196526,0.6362709492980347,0.75,0.25,0.75,0.25,6,2,6,2,8,6,8,6,0.333149790763855,0.05,,,,,,,,,,,0.3896293123383304,0.6931020292102674
3097,train-hard-8gpu-16pod-1vgpu,0.5,0.5,0.3333333333333333,0.5,26.092616392615852,1.625,0.375,1.0,0.0,1.0,0.0,16,0,16,0,16,8,16,16,0.31313270330429077,0.05,,,,,,,,,,,0.3896293123383304,0.6931020292102674
3098,train-load-0.5-scenario-342-retry-1,0.5,0.45,0.3055555555555556,0.45,14.05091277229906,1.3437831416450263,0.6562168583549737,1.0,0.0,1.0,0.0,8,0,8,0,8,6,8,8,0.652147650718689,0.05,,,,,,,,,,,0.3896293123383304,0.6931020292102674
3099,train-load-1.0-scenario-630-retry-1,1.0,0.9022922,0.8943717499999999,0.9022922,9.09861491362104,0.15372282200366572,0.5129438446630009,0.6666666666666666,0.3333333333333333,0.6153846153846154,0.38461538461538464,8,4,8,5,13,5,12,8,0.66576087474823,0.05,,,,,,,,,,,0.3896293123383304,0.6931020292102674
3100,train-load-0.9-scenario-54,0.9,1.0,1.0,0.45714285714285713,12.585926328326494,0.21423066706553762,0.5357693329344624,0.6875,0.3125,0.6875,0.3125,11,5,11,5,16,7,16,11,0.5722580552101135,0.05,0.3827476060759934,0.5179602406693292,0.7251769616863306,0.27482303831366933,0.7104692816870016,0.28953071831299837,0.6758690166125902,0.68677377530892,0.28776705493696103,0.723213444656565,0.3896293123383304,0.6931020292102674
3101,train-load-0.8-scenario-373,0.8,0.6861975714285714,0.5717460714285714,0.6861975714285714,12.224860553588993,0.9364988702993425,0.6190566852562129,0.8888888888888888,0.1111111111111111,0.8333333333333334,0.16666666666666666,8,1,10,2,12,7,9,8,0.40903007984161377,0.05,,,,,,,,,,,0.3896293123383304,0.6931020292102674
3102,train-load-1.0-scenario-60,1.0,0.9124953333333333,0.5966141666666667,0.9124953333333333,7.232019799748752,0.16323661136942935,0.6367633886305706,0.7,0.3,0.6363636363636364,0.36363636363636365,7,3,7,4,11,6,10,7,0.36534619331359863,0.05,,,,,,,,,,,0.3896293123383304,0.6931020292102674
3103,train-load-1.0-scenario-575-retry-2,1.0,0.9185040000000001,0.6561234375,0.9185040000000001,9.18326713056935,0.8307174306464121,0.5978539979250165,0.8571428571428571,0.14285714285714285,0.75,0.25,6,1,6,2,8,4,7,6,0.4022783935070038,0.05,,,,,,,,,,,0.3896293123383304,0.6931020292102674
3104,train-load-1.0-scenario-733-retry-10,1.0,1.0625,0.5729166666666666,1.0625,15.984081378675253,0.26490798059674725,0.5350920194032527,0.7,0.3,0.7,0.3,14,6,14,6,20,8,20,14,0.2938055992126465,0.05,,,,,,,,,,,0.3896293123383304,0.6931020292102674
3105,train-load-0.6-scenario-470,0.6,0.5182862500000001,0.3680240625,0.5182862500000001,15.107071703357816,1.334307553211627,0.6656924467883729,1.0,0.0,1.0,0.0,9,0,9,0,9,8,9,9,0.2597241997718811,0.05,,,,,,,,,,,0.3896293123383304,0.6931020292102674
3106,train-load-0.8-scenario-452-retry-4,0.8,0.9,0.9,0.36,4.180620692679194,-0.19485170966141174,0.417073931883634,0.5555555555555556,0.4444444444444444,0.5555555555555556,0.4444444444444444,5,4,5,4,9,5,9,5,0.3660622239112854,0.05,,,,,,,,,,,0.3896293123383304,0.6931020292102674
3107,train-load-0.8-scenario-324-retry-2,0.8,0.875,0.6125,0.875,2.9354516881771167,-0.7588124983040233,1.0921458316373567,0.5833333333333334,0.4166666666666667,0.5833333333333334,0.4166666666666667,7,5,7,5,12,8,12,7,0.48852992057800293,0.05,,,,,,,,,,,0.3896293123383304,0.6931020292102674
3108,train-load-1.0-scenario-367,1.0,0.9462716666666667,0.6449645833333334,0.9462716666666667,7.877561030738397,0.0528794067020919,0.8562115023888173,0.7272727272727273,0.2727272727272727,0.6666666666666666,0.3333333333333333,8,3,8,4,12,6,11,8,0.19227631390094757,0.05,,,,,,,,,,,0.3896293123383304,0.6931020292102674
3109,train-load-0.9-scenario-546,0.9,0.78877275,0.4295645833333333,0.78877275,7.019837459841191,0.6352308725193758,0.6981024608139577,0.8333333333333334,0.16666666666666666,0.8333333333333334,0.16666666666666666,5,1,5,1,6,4,6,5,0.3531368374824524,0.05,,,,,,,,,,,0.3896293123383304,0.6931020292102674
3110,train-load-0.8-scenario-354,0.8,0.88,0.6666666666666666,0.88,7.990667744677346,0.20035150235614352,0.5996484976438564,0.7,0.3,0.7,0.3,7,3,7,3,10,5,10,7,0.30710193514823914,0.05,,,,,,,,,,,0.3896293123383304,0.6931020292102674
3111,train-load-0.7-scenario-595-retry-5,0.7,0.73,0.73,0.54,21.916526530693787,1.1874292340513581,0.562570765948642,0.9375,0.0625,0.9375,0.0625,15,1,15,1,16,5,16,15,0.3483453094959259,0.05,,,,,,,,,,,0.3896293123383304,0.6931020292102674
3112,train-load-1.0-scenario-741,1.0,1.0666666666666667,0.9333333333333333,1.0666666666666667,16.347879590922194,0.7078661424888462,0.29213385751115395,0.75,0.25,0.75,0.25,12,4,12,4,16,6,16,12,0.1999952495098114,0.05,,,,,,,,,,,0.3896293123383304,0.6931020292102674
3113,train-load-0.7-scenario-92,0.7,0.6134715,0.51389921875,0.6134715,16.04054715614328,1.277503180671375,0.7224968193286249,1.0,0.0,1.0,0.0,10,0,12,0,12,8,10,10,0.24805566668510437,0.05,,,,,,,,,,,0.3896293123383304,0.6931020292102674
3114,train-load-0.5-scenario-573-retry-1,0.5,0.5266775714285714,0.31369071428571427,0.5266775714285714,12.746975380808468,1.3759443902233672,0.6240556097766328,1.0,0.0,1.0,0.0,7,0,8,0,8,7,7,7,0.49176743626594543,0.05,,,,,,,,,,,0.3896293123383304,0.6931020292102674
3115,train-load-0.6-scenario-373,0.6,0.5241990000000001,0.3893361111111111,0.5241990000000001,12.251450741993498,1.265518229954231,0.7344817700457691,1.0,0.0,1.0,0.0,7,0,8,0,8,6,7,7,0.302381694316864,0.05,,,,,,,,,,,0.3896293123383304,0.6931020292102674
3116,train-load-0.9-scenario-519,0.9,0.890206,0.41210104166666667,0.890206,3.74775712724157,0.025211408666377055,0.6414552580002896,0.6666666666666666,0.3333333333333333,0.6666666666666666,0.3333333333333333,4,2,4,2,6,4,6,4,0.21318264305591583,0.05,,,,,,,,,,,0.3896293123383304,0.6931020292102674
3117,train-load-1.0-scenario-570-retry-6,1.0,0.9666666666666667,0.6805555555555556,0.9666666666666667,1.5115860756231791,-0.6923765902730774,0.9145988124952997,0.5555555555555556,0.4444444444444444,0.5555555555555556,0.4444444444444444,5,4,5,4,9,6,9,5,0.33294880390167236,0.05,,,,,,,,,,,0.3896293123383304,0.6931020292102674
3118,train-load-0.9-scenario-551,0.9,1.0,0.16666666666666666,1.0,1.7892055280314945,-0.5398591520769809,0.5398591520769809,0.5,0.5,0.5,0.5,4,4,4,4,8,4,8,4,0.2807954251766205,0.05,,,,,,,,,,,0.3896293123383304,0.6931020292102674
3119,train-load-0.9-scenario-323,0.9,0.79997125,0.744218125,0.79997125,8.03889404170744,0.4830473710381773,0.5169526289618227,0.75,0.25,0.75,0.25,6,2,6,2,8,4,8,6,0.4392094612121582,0.05,,,,,,,,,,,0.3896293123383304,0.6931020292102674
3120,train-load-0.7-scenario-67,0.7,0.6309901666666666,0.33577291666666664,0.6309901666666666,10.948548917105704,1.2960290321463368,0.7039709678536632,1.0,0.0,1.0,0.0,6,0,7,0,7,6,6,6,0.18834125995635986,0.05,,,,,,,,,,,0.3896293123383304,0.6931020292102674
3121,train-load-0.6-scenario-688,0.6,0.524031875,0.29182625,0.524031875,13.74046440411836,1.3238827792407166,0.6761172207592834,1.0,0.0,1.0,0.0,8,0,8,0,8,8,8,8,0.28816157579421997,0.05,,,,,,,,,,,0.3896293123383304,0.6931020292102674
3122,train-load-0.5-scenario-114-retry-2,0.5,0.5714285714285714,0.5714285714285714,0.36428571428571427,9.75526543209167,0.6631547201141815,0.8368452798858185,0.875,0.125,0.8,0.2,7,1,8,2,10,7,8,7,0.2817593812942505,0.05,,,,,,,,,,,0.3896293123383304,0.6931020292102674
3123,train-hard-8gpu-16pod-1vgpu,0.5,0.5,0.3333333333333333,0.5,27.21738182198293,1.8333333333333335,0.16666666666666663,1.0,0.0,1.0,0.0,16,0,16,0,16,8,16,16,0.37916478514671326,0.05,,,,,,,,,,,0.3896293123383304,0.6931020292102674
3124,train-hard-4gpu-4pod-2vgpu,0.25,0.25,0.16666666666666666,0.25,11.616666666666667,1.9166666666666665,0.08333333333333337,1.0,0.0,1.0,0.0,4,0,8,0,8,4,4,4,0.32053396105766296,0.05,,,,,,,,,,,0.3896293123383304,0.6931020292102674
3125,train-load-1.0-scenario-359-retry-6,1.0,1.0,1.0,0.8,3.5601684432625014,-0.20144446315062603,0.20144446315062597,0.5,0.5,0.5,0.5,4,4,4,4,8,4,8,4,0.28611671924591064,0.05,,,,,,,,,,,0.3896293123383304,0.6931020292102674
3126,train-load-0.5-scenario-711-retry-1,0.5,0.6,0.5,0.6,16.85725867381772,1.5870866951844396,0.41291330481556043,1.0,0.0,1.0,0.0,9,0,9,0,9,6,9,9,0.48423969745635986,0.05,,,,,,,,,,,0.3896293123383304,0.6931020292102674
3127,train-load-0.5-scenario-480,0.5,0.6,0.2,0.6,17.79501699880089,1.3533922479466294,0.6466077520533706,1.0,0.0,1.0,0.0,11,0,11,0,11,4,11,11,0.20798179507255554,0.05,,,,,,,,,,,0.3896293123383304,0.6931020292102674
3128,train-load-0.6-scenario-27,0.6,0.53358575,0.37235375,0.53358575,4.049880276596629,0.3891078692040001,0.6108921307959999,0.75,0.25,0.6,0.4,3,1,3,2,5,4,4,3,0.36880770325660706,0.05,,,,,,,,,,,0.3896293123383304,0.6931020292102674
3129,train-load-0.9-scenario-553-retry-2,0.9,0.8214285714285714,0.5476190476190477,0.8214285714285714,25.480821666201955,0.907972937819608,0.3963748882673487,0.8260869565217391,0.17391304347826086,0.8260869565217391,0.17391304347826086,19,4,19,4,23,7,23,19,0.3821370005607605,0.05,,,,,,,,,,,0.3896293123383304,0.6931020292102674
3130,train-load-0.9-scenario-512,0.9,1.0,0.675,1.0,3.1171013993868932,-0.6896806782870271,0.6896806782870271,0.5,0.5,0.5,0.5,6,6,6,6,12,6,12,6,0.2866041958332062,0.05,,,,,,,,,,,0.3896293123383304,0.6931020292102674
3131,train-load-0.6-scenario-506,0.6,0.618819,0.562240625,0.618819,13.21825680613457,1.6587475630495514,0.3412524369504485,1.0,0.0,1.0,0.0,6,0,7,0,7,4,6,6,0.23098024725914001,0.05,,,,,,,,,,,0.3896293123383304,0.6931020292102674
3132,train-load-0.5-scenario-569,0.5,0.45191696428571426,0.45191696428571426,0.42440957142857144,13.243149709559376,1.203673425603925,0.796326574396075,1.0,0.0,1.0,0.0,8,0,9,0,9,7,8,8,0.25024157762527466,0.05,,,,,,,,,,,0.3896293123383304,0.6931020292102674
3133,train-load-0.7-scenario-447,0.7,0.7082957142857144,0.40652857142857146,0.7082957142857144,14.429841620930382,1.2569476410081275,0.7430523589918725,1.0,0.0,1.0,0.0,9,0,10,0,10,7,9,9,0.12319876253604889,0.05,,,,,,,,,,,0.3896293123383304,0.6931020292102674
3134,train-load-1.0-scenario-442,1.0,0.998314625,0.851348125,0.998314625,16.260801940418258,0.719758624750133,0.48024137524986715,0.8,0.2,0.7,0.3,12,3,14,6,20,8,15,12,0.26828235387802124,0.05,,,,,,,,,,,0.3896293123383304,0.6931020292102674
3135,train-load-1.0-scenario-379,1.0,0.9346028,0.63627,0.9346028,8.680903357317968,0.43339309833439965,0.6777180127767115,0.7777777777777778,0.2222222222222222,0.7,0.3,7,2,7,3,10,5,9,7,0.23297740519046783,0.05,,,,,,,,,,,0.3896293123383304,0.6931020292102674
3136,train-load-0.7-scenario-586-retry-3,0.7,0.8,0.3333333333333333,0.8,10.702690910709734,0.9433878487616107,0.5566121512383893,0.875,0.125,0.875,0.125,7,1,7,1,8,5,8,7,0.3983668088912964,0.05,,,,,,,,,,,0.3896293123383304,0.6931020292102674
3137,train-load-0.5-scenario-494,0.5,0.6125,0.240625,0.6125,10.183731483046719,0.7803016851884559,0.7196983148115442,0.875,0.125,0.8181818181818182,0.18181818181818182,7,1,9,2,11,8,8,7,0.4138697385787964,0.05,,,,,,,,,,,0.3896293123383304,0.6931020292102674
3138,train-load-0.8-scenario-142-retry-2,0.8,0.9,0.25,0.9,8.010578109562156,0.031495769887441516,0.6351708967792251,0.6666666666666666,0.3333333333333333,0.6666666666666666,0.3333333333333333,8,4,8,4,12,8,12,8,0.31588107347488403,0.05,,,,,,,,,,,0.3896293123383304,0.6931020292102674
3139,train-load-1.0-scenario-161-retry-5,1.0,0.96,0.2,0.96,23.851050621538565,0.5665582691646878,0.7667750641686457,0.8333333333333334,0.16666666666666666,0.8333333333333334,0.16666666666666666,20,4,20,4,24,5,24,20,0.3265233635902405,0.05,,,,,,,,,,,0.3896293123383304,0.6931020292102674
3140,train-load-0.6-scenario-639,0.6,0.57716975,0.5569854166666667,0.57716975,11.752236635279681,1.434789579838604,0.5652104201613961,1.0,0.0,1.0,0.0,6,0,6,0,6,4,6,6,0.35277873277664185,0.05,,,,,,,,,,,0.3896293123383304,0.6931020292102674
3141,train-load-0.9-scenario-255,0.9,0.8098681428571428,0.7178428571428572,0.8098681428571428,20.2748337522049,1.303515035952653,0.4107706783330614,0.9285714285714286,0.07142857142857142,0.8666666666666667,0.13333333333333333,13,1,13,2,15,7,14,13,0.3337281346321106,0.05,,,,,,,,,,,0.3896293123383304,0.6931020292102674
3142,train-load-0.6-scenario-122-retry-1,0.6,0.66,0.66,0.48,7.459327277206134,0.1846716872360683,0.9264394238750429,0.7777777777777778,0.2222222222222222,0.7777777777777778,0.2222222222222222,7,2,7,2,9,5,9,7,0.5016367435455322,0.05,,,,,,,,,,,0.3896293123383304,0.6931020292102674
3143,train-load-0.8-scenario-703-retry-1,0.8,0.8214285714285714,0.4857142857142857,0.8214285714285714,7.462079753581632,0.025180021874712133,0.5202745235798333,0.6363636363636364,0.36363636363636365,0.6363636363636364,0.36363636363636365,7,4,7,4,11,7,11,7,0.3701745867729187,0.05,,,,,,,,,,,0.3896293123383304,0.6931020292102674
3144,train-load-1.0-scenario-425,1.0,0.9,0.9,0.74375,11.0271531820097,0.28986364599769365,0.7870594309253833,0.7692307692307693,0.23076923076923078,0.6666666666666666,0.3333333333333333,10,3,12,6,18,8,13,10,0.33494362235069275,0.05,,,,,,,,,,,0.3896293123383304,0.6931020292102674
3145,train-load-0.9-scenario-396,0.9,0.7889363333333334,0.45567729166666665,0.7889363333333334,17.397555709107376,1.5586459808575248,0.44135401914247513,1.0,0.0,1.0,0.0,10,0,10,0,10,6,10,10,0.2922273278236389,0.05,,,,,,,,,,,0.3896293123383304,0.6931020292102674
3146,train-load-1.0-scenario-131-retry-3,1.0,0.94,0.94,0.9,14.085008586890826,0.4036126692375869,0.4199167425271191,0.7058823529411765,0.29411764705882354,0.7058823529411765,0.29411764705882354,12,5,12,5,17,5,17,12,0.42415061593055725,0.05,,,,,,,,,,,0.3896293123383304,0.6931020292102674
3147,train-hard-4gpu-4pod-1vgpu,0.25,0.25,0.16666666666666666,0.25,11.544497883017963,1.9166666666666665,0.08333333333333337,1.0,0.0,1.0,0.0,4,0,4,0,4,4,4,4,0.393187016248703,0.05,,,,,,,,,,,0.3896293123383304,0.6931020292102674
3148,train-load-0.6-scenario-535,0.6,0.62680825,0.4507453125,0.62680825,5.412901810816985,0.48005841147501416,0.7199415885249859,0.8,0.2,0.8333333333333334,0.16666666666666666,4,1,5,1,6,4,5,4,0.34277111291885376,0.05,,,,,,,,,,,0.3896293123383304,0.6931020292102674
3149,train-load-0.9-scenario-3-retry-1,0.9,0.9375,0.46875,0.9375,7.218802173065897,-0.31756538748363283,0.45089872081696614,0.5333333333333333,0.4666666666666667,0.5333333333333333,0.4666666666666667,8,7,8,7,15,8,15,8,0.35453322529792786,0.05,,,,,,,,,,,0.3896293123383304,0.6931020292102674
3150,train-load-1.0-scenario-747,1.0,0.97327575,0.60627,0.97327575,9.657032393686853,0.8688370276647978,0.5597344009066307,0.8571428571428571,0.14285714285714285,0.75,0.25,6,1,6,2,8,4,7,6,0.27862879633903503,0.05,,,,,,,,,,,0.3896293123383304,0.6931020292102674
3151,train-load-0.5-scenario-116,0.5,0.49682500000000007,0.43555357142857143,0.49682500000000007,12.879170995038402,1.3896793376142687,0.6103206623857315,1.0,0.0,1.0,0.0,7,0,8,0,8,7,7,7,0.2936146855354309,0.05,,,,,,,,,,,0.3896293123383304,0.6931020292102674
3152,train-load-0.9-scenario-526,0.9,0.858886111111111,0.858886111111111,0.6236483333333334,14.363102613924342,1.0938231260394848,0.5061768739605154,0.9,0.1,0.8461538461538461,0.15384615384615385,9,1,11,2,13,6,10,9,0.3100284934043884,0.05,,,,,,,,,,,0.3896293123383304,0.6931020292102674
3153,train-load-0.6-scenario-56-retry-1,0.6,0.6116176666666666,0.34779756944444445,0.6116176666666666,11.288503994256446,1.3239508963220061,0.6760491036779939,1.0,0.0,1.0,0.0,6,0,8,0,8,6,6,6,0.2335037887096405,0.05,,,,,,,,,,,0.3896293123383304,0.6931020292102674
3154,train-load-1.0-scenario-646,1.0,0.9476757499999999,0.7405193750000001,0.9476757499999999,10.458223999432153,-0.09008650169316579,0.8400865016931658,0.6875,0.3125,0.7058823529411765,0.29411764705882354,11,5,12,5,17,8,16,11,0.2954308092594147,0.05,,,,,,,,,,,0.3896293123383304,0.6931020292102674
3155,train-load-0.9-scenario-435-retry-1,0.9,1.0,0.3,1.0,-6.905308384250206,-2.301769461416735,0.3017694614167353,0.0,1.0,0.0,1.0,0,8,0,8,8,8,8,0,0.2128133475780487,0.05,,,,,,,,,,,0.3896293123383304,0.6931020292102674
3156,train-load-0.6-scenario-563,0.6,0.57907825,0.27331343750000003,0.57907825,11.24266616557221,1.3358467742988829,0.6641532257011171,1.0,0.0,1.0,0.0,6,0,8,0,8,8,6,6,0.23342660069465637,0.05,,,,,,,,,,,0.3896293123383304,0.6931020292102674
3157,train-load-1.0-scenario-654-retry-25,1.0,1.04,0.8666666666666667,1.04,4.521670562394963,-0.5138726732396832,0.3600265193935294,0.46153846153846156,0.5384615384615384,0.46153846153846156,0.5384615384615384,6,7,6,7,13,5,13,6,0.13891440629959106,0.05,,,,,,,,,,,0.3896293123383304,0.6931020292102674
3158,train-load-0.5-scenario-334,0.5,0.48039657142857145,0.4360297619047619,0.48039657142857145,12.511747413682162,1.3435936408790918,0.6564063591209083,1.0,0.0,1.0,0.0,7,0,8,0,8,7,7,7,0.3053593039512634,0.05,,,,,,,,,,,0.3896293123383304,0.6931020292102674
3159,train-load-0.9-scenario-478,0.9,1.0,1.0,0.6333333333333333,7.965348619633373,-0.08651841105400615,0.5480568725924677,0.6153846153846154,0.38461538461538464,0.6153846153846154,0.38461538461538464,8,5,8,5,13,6,13,8,0.17152754962444305,0.05,,,,,,,,,,,0.3896293123383304,0.6931020292102674
3160,train-hard-4gpu-8pod-1vgpu,0.5,0.5,0.3333333333333333,0.5,16.42232909936926,1.8333333333333335,0.16666666666666663,1.0,0.0,1.0,0.0,8,0,8,0,8,4,8,8,0.37237173318862915,0.05,,,,,,,,,,,0.3896293123383304,0.6931020292102674
3161,train-load-0.8-scenario-267,0.8,0.720223125,0.3848271875,0.720223125,14.172056688674138,0.927817698306963,0.7085459380566732,0.9090909090909091,0.09090909090909091,0.9090909090909091,0.09090909090909091,10,1,10,1,11,8,11,10,0.32329148054122925,0.05,,,,,,,,,,,0.3896293123383304,0.6931020292102674
3162,train-load-0.9-scenario-318,0.9,1.0104166666666667,1.0104166666666667,0.9,13.358665872713992,0.5796908708959518,0.27745198624690537,0.7142857142857143,0.2857142857142857,0.7142857142857143,0.2857142857142857,10,4,10,4,14,8,14,10,0.45323988795280457,0.05,,,,,,,,,,,0.3896293123383304,0.6931020292102674
3163,train-load-1.0-scenario-308-retry-6,1.0,1.1,0.15,1.1,7.215065482648706,-0.19865207910864102,0.19865207910864102,0.5,0.5,0.5,0.5,7,7,7,7,14,7,14,7,0.38235580921173096,0.05,,,,,,,,,,,0.3896293123383304,0.6931020292102674
3164,train-load-0.5-scenario-0-retry-3,0.5,0.4,0.3333333333333333,0.4,23.694311291433685,1.6043462791011742,0.3956537208988259,1.0,0.0,1.0,0.0,14,0,14,0,14,7,14,14,0.17710047960281372,0.05,,,,,,,,,,,0.3896293123383304,0.6931020292102674
3165,train-load-0.6-scenario-150,0.6,0.5765805,0.3247925,0.5765805,9.594942520577025,1.2677539106818276,0.7322460893181724,1.0,0.0,1.0,0.0,5,0,7,0,7,6,5,5,0.2359999567270279,0.05,,,,,,,,,,,0.3896293123383304,0.6931020292102674
3166,train-load-0.6-scenario-574-retry-3,0.6,0.5083333333333333,0.4791666666666667,0.5083333333333333,22.597867455918117,1.5017923658123755,0.4982076341876245,1.0,0.0,1.0,0.0,14,0,14,0,14,6,14,14,0.3640493154525757,0.05,,,,,,,,,,,0.3896293123383304,0.6931020292102674
3167,train-load-0.5-scenario-598,0.5,0.53715625,0.53715625,0.35831,10.445930671983733,1.4335940269873597,0.5664059730126402,1.0,0.0,1.0,0.0,5,0,5,0,5,4,5,5,0.3016541600227356,0.05,,,,,,,,,,,0.3896293123383304,0.6931020292102674
3168,train-load-0.7-scenario-527,0.7,0.6292928125,0.6292928125,0.5940198750000001,20.90392621203538,1.4293680067843624,0.5706319932156376,1.0,0.0,1.0,0.0,13,0,15,0,15,8,13,13,0.23852941393852234,0.05,,,,,,,,,,,0.3896293123383304,0.6931020292102674
3169,train-load-0.8-scenario-143-retry-4,0.8,0.9166666666666666,0.3055555555555556,0.9166666666666666,4.47484937545978,-0.3848293245667679,0.5666475063849497,0.5454545454545454,0.45454545454545453,0.5454545454545454,0.45454545454545453,6,5,6,5,11,6,11,6,0.4400036334991455,0.05,,,,,,,,,,,0.3896293123383304,0.6931020292102674
3170,train-load-0.5-scenario-426-retry-1,0.5,0.6,0.23809523809523808,0.6,19.162084357782653,1.4002259993498332,0.5997740006501668,1.0,0.0,1.0,0.0,12,0,12,0,12,7,12,12,0.3253225088119507,0.05,,,,,,,,,,,0.3896293123383304,0.6931020292102674
3171,train-load-0.9-scenario-265-retry-1,0.9,0.8333333333333334,0.5555555555555556,0.8333333333333334,24.01112360070041,1.071697227562231,0.32830277243776884,0.85,0.15,0.85,0.15,17,3,17,3,20,6,20,17,0.2816396653652191,0.05,,,,,,,,,,,0.3896293123383304,0.6931020292102674
3172,train-load-0.8-scenario-419,0.8,0.7517144,0.6251091666666667,0.7517144,10.980765733951852,0.9150397125264162,0.5849602874735839,0.875,0.125,0.7777777777777778,0.2222222222222222,7,1,7,2,9,5,8,7,0.16314318776130676,0.05,,,,,,,,,,,0.3896293123383304,0.6931020292102674
3173,train-load-0.7-scenario-25,0.7,0.6069565,0.57329125,0.6069565,17.401207119402688,1.4960104584503835,0.5039895415496164,1.0,0.0,1.0,0.0,10,0,11,0,11,6,10,10,0.33966684341430664,0.05,,,,,,,,,,,0.3896293123383304,0.6931020292102674
3174,train-load-0.7-scenario-299-retry-2,0.7,0.8,0.4444444444444444,0.8,8.722013827616259,0.5974909841404081,0.40250901585959187,0.75,0.25,0.75,0.25,6,2,6,2,8,6,8,6,0.44860103726387024,0.05,,,,,,,,,,,0.3896293123383304,0.6931020292102674
3175,train-load-0.9-scenario-729-retry-2,0.9,1.0,1.0,0.6666666666666666,5.947083106000132,-0.04192775234799462,0.44192775234799453,0.6,0.4,0.6,0.4,6,4,6,4,10,6,10,6,0.28872108459472656,0.05,,,,,,,,,,,0.3896293123383304,0.6931020292102674
3176,train-load-0.9-scenario-540-retry-9,0.9,0.9,0.265,0.9,11.93895421168147,0.38041404398503265,0.6965090329380443,0.7692307692307693,0.23076923076923078,0.7692307692307693,0.23076923076923078,10,3,10,3,13,5,13,10,0.3294442892074585,0.05,,,,,,,,,,,0.3896293123383304,0.6931020292102674
3177,train-load-0.7-scenario-569,0.7,0.8,0.06666666666666667,0.8,4.002994128707507,-0.15692094318597283,0.6569209431859728,0.625,0.375,0.625,0.375,5,3,5,3,8,5,8,5,0.20372498035430908,0.05,,,,,,,,,,,0.3896293123383304,0.6931020292102674
3178,train-load-0.7-scenario-23,0.7,0.73636625,0.512740625,0.73636625,3.268589585279375,0.17011260795506045,1.0298873920449396,0.8,0.2,0.8333333333333334,0.16666666666666666,4,1,5,1,6,4,5,4,0.28963375091552734,0.05,,,,,,,,,,,0.3896293123383304,0.6931020292102674
3179,train-load-0.9-scenario-533-retry-4,0.9,1.0,0.52,1.0,5.869659470384747,0.1352215285110996,0.36477847148890047,0.625,0.375,0.5,0.5,5,3,5,5,10,5,8,5,0.44235917925834656,0.05,,,,,,,,,,,0.3896293123383304,0.6931020292102674
3180,train-load-0.5-scenario-48-retry-2,0.5,0.5541666666666667,0.5541666666666667,0.43333333333333335,14.65800790769521,1.264453944302014,0.7355460556979859,1.0,0.0,1.0,0.0,9,0,13,0,13,6,9,9,0.48373690247535706,0.05,,,,,,,,,,,0.3896293123383304,0.6931020292102674
3181,train-load-1.0-scenario-250,1.0,0.9849668,0.6186932500000001,0.9849668,12.822848529867441,1.0603300989493665,0.495225456606189,0.8888888888888888,0.1111111111111111,0.8181818181818182,0.18181818181818182,8,1,9,2,11,5,9,8,0.3056475520133972,0.05,,,,,,,,,,,0.3896293123383304,0.6931020292102674
3182,train-load-0.8-scenario-45-retry-2,0.8,0.6875,0.057291666666666664,0.6875,9.563924233150992,0.3362477967713903,0.5728431123195189,0.7272727272727273,0.2727272727272727,0.7272727272727273,0.2727272727272727,8,3,8,3,11,8,11,8,0.24256794154644012,0.05,,,,,,,,,,,0.3896293123383304,0.6931020292102674
3183,train-load-0.9-scenario-655,0.9,0.860137,0.659071875,0.860137,9.343849651742547,0.6467196875787753,0.3532803124212246,0.75,0.25,0.75,0.25,6,2,6,2,8,4,8,6,0.32190650701522827,0.05,,,,,,,,,,,0.3896293123383304,0.6931020292102674
3184,train-load-0.7-scenario-95,0.7,0.6228899999999999,0.3995358333333333,0.6228899999999999,11.835213950898265,1.4383313423493762,0.5616686576506238,1.0,0.0,1.0,0.0,6,0,8,0,8,6,6,6,0.3386915326118469,0.05,,,,,,,,,,,0.3896293123383304,0.6931020292102674
3185,train-load-1.0-scenario-544,1.0,0.9188222857142858,0.5308503571428572,0.9188222857142858,12.080785046618804,0.4594602631770466,0.6174628137460304,0.7692307692307693,0.23076923076923078,0.7692307692307693,0.23076923076923078,10,3,10,3,13,7,13,10,0.309278666973114,0.05,,,,,,,,,,,0.3896293123383304,0.6931020292102674
3186,train-load-0.7-scenario-265-retry-3,0.7,0.5857142857142857,0.4857142857142857,0.5857142857142857,17.215834284420055,1.2746368404504462,0.7253631595495539,1.0,0.0,1.0,0.0,11,0,11,0,11,7,11,11,0.5089370012283325,0.05,,,,,,,,,,,0.3896293123383304,0.6931020292102674
3187,train-load-0.5-scenario-481,0.5,0.497656,0.3530778125,0.497656,14.185135250535486,1.2032520665107962,0.7967479334892038,1.0,0.0,1.0,0.0,9,0,9,0,9,8,9,9,0.23278799653053284,0.05,,,,,,,,,,,0.3896293123383304,0.6931020292102674
3188,train-load-0.7-scenario-523,0.7,0.6,0.6,0.6,20.802400784823604,1.586538262170281,0.41346173782971896,1.0,0.0,1.0,0.0,12,0,12,0,12,8,12,12,0.36549440026283264,0.05,,,,,,,,,,,0.3896293123383304,0.6931020292102674
3189,train-load-0.7-scenario-747,0.7,0.8,0.6,0.8,8.279004341742208,0.5132814143745041,0.48671858562549586,0.75,0.25,0.75,0.25,6,2,6,2,8,4,8,6,0.39568519592285156,0.05,,,,,,,,,,,0.3896293123383304,0.6931020292102674
3190,train-load-0.5-scenario-226-retry-6,0.5,0.4,0.16666666666666666,0.4,23.809203827329362,1.293167218138238,0.7068327818617619,1.0,0.0,1.0,0.0,16,0,16,0,16,8,16,16,0.3827389180660248,0.05,,,,,,,,,,,0.3896293123383304,0.6931020292102674
3191,train-load-1.0-scenario-408-retry-16,1.0,1.1125,1.1125,0.975,12.981502768036883,0.3754802877479187,0.7673768551092242,0.7857142857142857,0.21428571428571427,0.6842105263157895,0.3157894736842105,11,3,13,6,19,8,14,11,0.3776406943798065,0.05,,,,,,,,,,,0.3896293123383304,0.6931020292102674
3192,train-load-0.7-scenario-605,0.7,0.76,0.76,0.72,10.657301761774603,0.5851194397223789,0.6148805602776212,0.8,0.2,0.8,0.2,8,2,8,2,10,5,10,8,0.21455873548984528,0.05,,,,,,,,,,,0.3896293123383304,0.6931020292102674
3193,train-load-1.0-scenario-471-retry-7,1.0,1.0,1.0,0.8,3.220334822710658,-0.30651855379027415,0.3065185537902741,0.5,0.5,0.5,0.5,4,4,8,8,16,8,8,4,0.3576657772064209,0.05,,,,,,,,,,,0.3896293123383304,0.6931020292102674
3194,train-load-0.5-scenario-306,0.5,0.46286720000000003,0.24825208333333335,0.46286720000000003,10.484738963151393,1.395012706676345,0.604987293323655,1.0,0.0,1.0,0.0,5,0,5,0,5,5,5,5,0.5054548978805542,0.05,,,,,,,,,,,0.3896293123383304,0.6931020292102674
3195,train-load-0.6-scenario-115,0.6,0.6220698,0.3691333333333333,0.6220698,9.396362679881042,1.4555126567253382,0.5444873432746618,1.0,0.0,1.0,0.0,4,0,6,0,6,5,4,4,0.26428109407424927,0.05,,,,,,,,,,,0.3896293123383304,0.6931020292102674
3196,train-load-1.0-scenario-244-retry-4,1.0,0.95,0.95,0.8666666666666667,12.351482614675373,0.4969537706542453,0.5799693062688317,0.7692307692307693,0.23076923076923078,0.7058823529411765,0.29411764705882354,10,3,12,5,17,6,13,10,0.3459363877773285,0.05,,,,,,,,,,,0.3896293123383304,0.6931020292102674
3197,train-load-1.0-scenario-726-retry-2,1.0,0.9313664285714286,0.6025625,0.9313664285714286,9.386797172323963,0.11501443056698013,0.654216338663789,0.6923076923076923,0.3076923076923077,0.6,0.4,9,4,9,6,15,7,13,9,0.3458450138568878,0.05,,,,,,,,,,,0.3896293123383304,0.6931020292102674
3198,train-load-0.6-scenario-218,0.6,0.4857142857142857,0.4857142857142857,0.4857142857142857,27.324108142270774,1.5919721272060126,0.4080278727939874,1.0,0.0,1.0,0.0,17,0,17,0,17,7,17,17,0.15753445029258728,0.05,,,,,,,,,,,0.3896293123383304,0.6931020292102674
3199,train-load-0.5-scenario-243-retry-2,0.5,0.4,0.3,0.4,25.827437152401924,1.590351179990953,0.4096488200090469,1.0,0.0,1.0,0.0,16,0,16,0,16,8,16,16,0.32245415449142456,0.05,,,,,,,,,,,0.3896293123383304,0.6931020292102674
3200,train-load-0.6-scenario-442-retry-6,0.6,0.5,0.3333333333333333,0.5,23.220607345846833,1.618816161569817,0.3811838384301832,1.0,0.0,1.0,0.0,14,0,14,0,14,7,14,14,0.23999351263046265,0.05,0.3784092513821828,0.524855687024991,0.7258162346017935,0.2741837653982066,0.7110812047646284,0.28891879523537156,0.6825785450825672,0.7130152261145669,0.2677130415485838,0.7190366708786552,0.3896293123383304,0.6931020292102674
3201,train-load-1.0-scenario-573-retry-3,1.0,1.0,1.0,0.92,7.405660267399133,0.1804623694226546,0.21953763057734538,0.6,0.4,0.6,0.4,6,4,6,4,10,5,10,6,0.2951453924179077,0.05,,,,,,,,,,,0.3896293123383304,0.6931020292102674
3202,train-load-0.9-scenario-409,0.9,1.0,0.041666666666666664,1.0,-6.665884944289395,-2.2219616480964652,0.2219616480964652,0.0,1.0,0.0,1.0,0,8,0,8,8,8,8,0,0.28122788667678833,0.05,,,,,,,,,,,0.3896293123383304,0.6931020292102674
3203,train-load-0.8-scenario-2-retry-8,0.8,0.6875,0.6875,0.6875,14.012914189830795,0.8872631026027419,0.38546417012453105,0.8181818181818182,0.18181818181818182,0.8181818181818182,0.18181818181818182,9,2,9,2,11,4,11,9,0.42702919244766235,0.05,,,,,,,,,,,0.3896293123383304,0.6931020292102674
3204,train-load-0.7-scenario-242,0.7,0.7333333333333333,0.7333333333333333,0.5,10.885540396992901,0.8966940087671278,0.6033059912328722,0.875,0.125,0.875,0.125,7,1,7,1,8,5,8,7,0.27442705631256104,0.05,,,,,,,,,,,0.3896293123383304,0.6931020292102674
3205,train-load-0.9-scenario-508-retry-1,0.9,1.0,0.3333333333333333,1.0,3.5691120897683692,-0.5828656519779232,0.5828656519779232,0.5,0.5,0.5,0.5,6,6,6,6,12,6,12,6,0.3423992991447449,0.05,,,,,,,,,,,0.3896293123383304,0.6931020292102674
3206,train-load-0.5-scenario-283,0.5,0.478465,0.3687567857142857,0.478465,12.849144805671834,1.3763123320558877,0.6236876679441123,1.0,0.0,1.0,0.0,7,0,9,0,9,7,7,7,0.3550666570663452,0.05,,,,,,,,,,,0.3896293123383304,0.6931020292102674
3207,train-load-0.5-scenario-211,0.5,0.46625500000000003,0.2884421875,0.46625500000000003,10.095342310019998,1.1432852524924844,0.8567147475075158,1.0,0.0,1.0,0.0,6,0,8,0,8,8,6,6,0.2989571690559387,0.05,,,,,,,,,,,0.3896293123383304,0.6931020292102674
3208,train-load-0.8-scenario-280-retry-1,0.8,0.92,0.82,0.92,14.577300123400939,1.0451798543684596,0.22754741835881312,0.8181818181818182,0.18181818181818182,0.8181818181818182,0.18181818181818182,9,2,9,2,11,5,11,9,0.20210395753383636,0.05,,,,,,,,,,,0.3896293123383304,0.6931020292102674
3209,train-load-1.0-scenario-664-retry-1,1.0,0.8999915714285714,0.778573511904762,0.8999915714285714,12.810231308581955,0.23539918574427143,0.5146008142557286,0.6875,0.3125,0.6875,0.3125,11,5,11,5,16,7,16,11,0.15734952688217163,0.05,,,,,,,,,,,0.3896293123383304,0.6931020292102674
3210,train-load-0.9-scenario-493,0.9,0.8001038,0.520625,0.8001038,8.105610537433856,0.47521846109151156,0.5247815389084884,0.75,0.25,0.7777777777777778,0.2222222222222222,6,2,7,2,9,5,8,6,0.242634117603302,0.05,,,,,,,,,,,0.3896293123383304,0.6931020292102674
3211,train-load-1.0-scenario-465-retry-2,1.0,0.9166666666666666,0.9166666666666666,0.34375,3.6348562879477013,-0.5259701740626215,0.7077883558808032,0.5454545454545454,0.45454545454545453,0.5454545454545454,0.45454545454545453,6,5,6,5,11,8,11,6,0.2238892763853073,0.05,,,,,,,,,,,0.3896293123383304,0.6931020292102674
3212,train-load-0.8-scenario-290-retry-5,0.8,0.90625,0.6375,0.90625,18.5751984446685,0.5282640036235287,0.47173599637647123,0.75,0.25,0.75,0.25,15,5,15,5,20,8,20,15,0.288577139377594,0.05,,,,,,,,,,,0.3896293123383304,0.6931020292102674
3213,train-load-0.5-scenario-720-retry-4,0.5,0.4,0.4,0.2,22.529868995284943,1.4299319430638713,0.5700680569361287,1.0,0.0,1.0,0.0,14,0,14,0,14,7,14,14,0.36606788635253906,0.05,,,,,,,,,,,0.3896293123383304,0.6931020292102674
3214,train-load-0.7-scenario-676,0.7,0.646301,0.32054895833333336,0.646301,10.144621501537479,0.7827369538786653,0.7172630461213346,0.875,0.125,0.8888888888888888,0.1111111111111111,7,1,8,1,9,8,8,7,0.20509031414985657,0.05,,,,,,,,,,,0.3896293123383304,0.6931020292102674
3215,train-load-0.6-scenario-620-retry-5,0.6,0.6666666666666666,0.6666666666666666,0.26666666666666666,8.07884163817658,0.45202960070566844,0.5479703992943316,0.75,0.25,0.75,0.25,6,2,6,2,8,6,8,6,0.15451914072036743,0.05,,,,,,,,,,,0.3896293123383304,0.6931020292102674
3216,train-load-0.7-scenario-457,0.7,0.7775708,0.5810555000000001,0.7775708,11.365978734187419,1.0351554927628894,0.46484450723711057,0.875,0.125,0.8888888888888888,0.1111111111111111,7,1,8,1,9,5,8,7,0.18461236357688904,0.05,,,,,,,,,,,0.3896293123383304,0.6931020292102674
3217,train-load-0.5-scenario-531,0.5,0.46875,0.4270833333333333,0.46875,16.43007022097389,1.512622927953684,0.487377072046316,1.0,0.0,1.0,0.0,9,0,9,0,9,8,9,9,0.37057650089263916,0.05,,,,,,,,,,,0.3896293123383304,0.6931020292102674
3218,train-load-0.7-scenario-355,0.7,0.6557357500000001,0.5711115625,0.6557357500000001,13.575063199061207,0.808135727152244,0.8282279092113922,0.9090909090909091,0.09090909090909091,0.8461538461538461,0.15384615384615385,10,1,11,2,13,8,11,10,0.3066403865814209,0.05,,,,,,,,,,,0.3896293123383304,0.6931020292102674
3219,train-load-0.6-scenario-343-retry-2,0.6,0.4875,0.4875,0.3875,18.26353110721072,1.4439726727135116,0.5560273272864883,1.0,0.0,1.0,0.0,11,0,11,0,11,8,11,11,0.3017529845237732,0.05,,,,,,,,,,,0.3896293123383304,0.6931020292102674
3220,train-load-1.0-scenario-483-retry-2,1.0,0.975,0.975,0.6125,0.985135021633742,-0.6446682891334423,1.1446682891334423,0.625,0.375,0.625,0.375,5,3,5,3,8,4,8,5,0.2918446958065033,0.05,,,,,,,,,,,0.3896293123383304,0.6931020292102674
3221,train-load-0.6-scenario-406,0.6,0.5163264000000001,0.3210695833333333,0.5163264000000001,3.798048261946918,0.3572812598739119,0.6427187401260881,0.75,0.25,0.8,0.2,3,1,4,1,5,5,4,3,0.2263563871383667,0.05,,,,,,,,,,,0.3896293123383304,0.6931020292102674
3222,train-load-0.6-scenario-268-retry-1,0.6,0.72,0.45,0.72,9.79448418542768,0.5804266844341295,0.5306844266769817,0.7777777777777778,0.2222222222222222,0.7777777777777778,0.2222222222222222,7,2,7,2,9,5,9,7,0.4109739661216736,0.05,,,,,,,,,,,0.3896293123383304,0.6931020292102674
3223,train-load-0.8-scenario-393,0.8,0.7424071250000001,0.53966234375,0.7424071250000001,17.04068368714346,1.138105249601255,0.5285614170654116,0.9166666666666666,0.08333333333333333,0.8571428571428571,0.14285714285714285,11,1,12,2,14,8,12,11,0.3389389216899872,0.05,,,,,,,,,,,0.3896293123383304,0.6931020292102674
3224,train-load-0.8-scenario-735,0.8,0.7483114583333333,0.7483114583333333,0.589531,11.610991993485278,1.0440842872618552,0.45591571273814485,0.875,0.125,0.875,0.125,7,1,7,1,8,4,8,7,0.13288959860801697,0.05,,,,,,,,,,,0.3896293123383304,0.6931020292102674
3225,train-load-0.6-scenario-646,0.6,0.57951425,0.388845625,0.57951425,10.390035872476247,1.4059734798904882,0.5940265201095117,1.0,0.0,1.0,0.0,5,0,5,0,5,4,5,5,0.38373488187789917,0.05,,,,,,,,,,,0.3896293123383304,0.6931020292102674
3226,train-load-0.8-scenario-749-retry-4,0.8,0.92,0.7333333333333333,0.92,6.074409702239058,0.1252381864958736,0.3747618135041264,0.625,0.375,0.5454545454545454,0.45454545454545453,5,3,6,5,11,5,8,5,0.20097863674163818,0.05,,,,,,,,,,,0.3896293123383304,0.6931020292102674
3227,train-load-0.6-scenario-156,0.6,0.5810559523809524,0.5810559523809524,0.5531127142857143,15.406816373215289,1.4000081999842822,0.5999918000157177,1.0,0.0,1.0,0.0,9,0,11,0,11,7,9,9,0.35561543703079224,0.05,,,,,,,,,,,0.3896293123383304,0.6931020292102674
3228,train-load-0.7-scenario-551,0.7,0.5980215000000001,0.5536072916666667,0.5980215000000001,5.697711496057558,0.5042800113213152,0.6957199886786849,0.8,0.2,0.7142857142857143,0.2857142857142857,4,1,5,2,7,4,5,4,0.5167515873908997,0.05,,,,,,,,,,,0.3896293123383304,0.6931020292102674
3229,train-hard-4gpu-4pod-2vgpu,0.25,0.25,0.16666666666666666,0.25,11.616666666666667,1.9166666666666665,0.08333333333333337,1.0,0.0,1.0,0.0,4,0,8,0,8,4,4,4,0.306132048368454,0.05,,,,,,,,,,,0.3896293123383304,0.6931020292102674
3230,train-load-0.5-scenario-504-retry-5,0.5,0.6142857142857143,0.3333333333333333,0.6142857142857143,10.876854027769362,0.8923018720886908,0.6076981279113092,0.875,0.125,0.875,0.125,7,1,7,1,8,7,8,7,0.29838937520980835,0.05,,,,,,,,,,,0.3896293123383304,0.6931020292102674
3231,train-load-0.5-scenario-746,0.5,0.427326875,0.3564,0.427326875,15.535108305765874,1.4121744246503454,0.5878255753496546,1.0,0.0,1.0,0.0,9,0,9,0,9,8,9,9,0.35481056571006775,0.05,,,,,,,,,,,0.3896293123383304,0.6931020292102674
3232,train-load-0.6-scenario-354,0.6,0.6875,0.275,0.6875,18.606098322293835,1.4753949675953337,0.5246050324046663,1.0,0.0,1.0,0.0,11,0,11,0,11,4,11,11,0.29352378845214844,0.05,,,,,,,,,,,0.3896293123383304,0.6931020292102674
3233,train-load-0.9-scenario-576-retry-2,0.9,0.9166666666666666,0.9166666666666666,0.55,25.190897977251502,0.988986893153602,0.28374037957367093,0.8181818181818182,0.18181818181818182,0.8181818181818182,0.18181818181818182,18,4,18,4,22,4,22,18,0.337648868560791,0.05,,,,,,,,,,,0.3896293123383304,0.6931020292102674
3234,train-load-0.6-scenario-424,0.6,0.7142857142857143,0.7142857142857143,0.6785714285714286,15.444393217081062,1.282823283044051,0.3171767169559491,0.9,0.1,0.9,0.1,9,1,9,1,10,7,10,9,0.24672935903072357,0.05,,,,,,,,,,,0.3896293123383304,0.6931020292102674
3235,train-load-0.6-scenario-648,0.6,0.5189136666666667,0.43018680555555555,0.5189136666666667,10.731526628412368,1.2398606724960284,0.7601393275039716,1.0,0.0,1.0,0.0,6,0,8,0,8,6,6,6,0.5397646427154541,0.05,,,,,,,,,,,0.3896293123383304,0.6931020292102674
3236,train-load-1.0-scenario-720,1.0,1.1111111111111112,1.1111111111111112,0.4166666666666667,2.457538887820694,-0.6087049961068608,0.6087049961068608,0.5,0.5,0.5,0.5,5,5,5,5,10,6,10,5,0.244169682264328,0.05,,,,,,,,,,,0.3896293123383304,0.6931020292102674
3237,train-load-0.6-scenario-659,0.6,0.5,0.5,0.5,32.6969655549973,1.7642741329861615,0.23572586701383846,1.0,0.0,1.0,0.0,20,0,20,0,20,8,20,20,0.18847621977329254,0.05,,,,,,,,,,,0.3896293123383304,0.6931020292102674
3238,train-load-0.8-scenario-711,0.8,0.731077,0.4235864583333333,0.731077,9.866509724386969,1.2988232307829841,0.7011767692170159,1.0,0.0,1.0,0.0,5,0,6,0,6,4,5,5,0.36160165071487427,0.05,,,,,,,,,,,0.3896293123383304,0.6931020292102674
3239,train-load-0.9-scenario-157-retry-6,0.9,1.0,0.08333333333333333,1.0,4.342063980869826,-0.3228821490578123,0.7228821490578122,0.6,0.4,0.6,0.4,6,4,6,4,10,6,10,6,0.3446541130542755,0.05,,,,,,,,,,,0.3896293123383304,0.6931020292102674
3240,train-load-0.8-scenario-211-retry-2,0.8,0.9,0.9,0.225,8.004799252811518,0.36674260187888175,0.7443685092322294,0.7777777777777778,0.2222222222222222,0.7777777777777778,0.2222222222222222,7,2,7,2,9,4,9,7,0.22227582335472107,0.05,,,,,,,,,,,0.3896293123383304,0.6931020292102674
3241,train-hard-4gpu-4pod-1vgpu,0.25,0.25,0.16666666666666666,0.25,11.544497883017963,1.9166666666666665,0.08333333333333337,1.0,0.0,1.0,0.0,4,0,4,0,4,4,4,4,0.2030726969242096,0.05,,,,,,,,,,,0.3896293123383304,0.6931020292102674
3242,train-load-0.6-scenario-718-retry-1,0.6,0.5,0.4166666666666667,0.5,31.730774087472746,1.6318702780732814,0.3681297219267185,1.0,0.0,1.0,0.0,20,0,20,0,20,8,20,20,0.2892181873321533,0.05,,,,,,,,,,,0.3896293123383304,0.6931020292102674
3243,train-load-0.8-scenario-170,0.8,0.7670166,0.5067558333333333,0.7670166,12.853338199952828,1.3977755143010349,0.6022244856989653,1.0,0.0,1.0,0.0,7,0,9,0,9,5,7,7,0.4177433252334595,0.05,,,,,,,,,,,0.3896293123383304,0.6931020292102674
3244,train-load-0.6-scenario-553-retry-4,0.6,0.6428571428571429,0.5,0.6428571428571429,25.419003956649185,1.678687609043066,0.321312390956934,1.0,0.0,1.0,0.0,15,0,15,0,15,7,15,15,0.3000298738479614,0.05,,,,,,,,,,,0.3896293123383304,0.6931020292102674
3245,train-load-1.0-scenario-579,1.0,0.88505975,0.6888395833333334,0.88505975,11.517971597705863,0.9790149798193646,0.5209850201806353,0.875,0.125,0.7777777777777778,0.2222222222222222,7,1,7,2,9,4,8,7,0.3309869170188904,0.05,,,,,,,,,,,0.3896293123383304,0.6931020292102674
3246,train-load-0.9-scenario-580,0.9,0.9333333333333333,0.9333333333333333,0.84,-0.006829765914231567,-1.0080328148844682,1.0080328148844682,0.5,0.5,0.5,0.5,5,5,5,5,10,5,10,5,0.30763617157936096,0.05,,,,,,,,,,,0.3896293123383304,0.6931020292102674
3247,train-load-0.8-scenario-58,0.8,0.7137626,0.678938,0.7137626,16.104432338591934,1.5415400704010824,0.4584599295989175,1.0,0.0,1.0,0.0,9,0,9,0,9,5,9,9,0.22221316397190094,0.05,,,,,,,,,,,0.3896293123383304,0.6931020292102674
3248,train-load-0.7-scenario-574,0.7,0.6857142857142857,0.6857142857142857,0.5714285714285714,26.24134263341911,1.6320943448205854,0.36790565517941465,1.0,0.0,1.0,0.0,16,0,16,0,16,7,16,16,0.5593400001525879,0.05,,,,,,,,,,,0.3896293123383304,0.6931020292102674
3249,train-load-0.9-scenario-294,0.9,0.8517712857142857,0.6996016071428571,0.8517712857142857,18.34371028444999,1.2097694462965851,0.4825382460111075,0.9230769230769231,0.07692307692307693,0.8666666666666667,0.13333333333333333,12,1,13,2,15,7,13,12,0.346860408782959,0.05,,,,,,,,,,,0.3896293123383304,0.6931020292102674
3250,train-load-0.9-scenario-666,0.9,1.0,1.0,0.75,11.069133026194784,0.4612713423362208,0.20539532433044583,0.6666666666666666,0.3333333333333333,0.6666666666666666,0.3333333333333333,8,4,8,4,12,4,12,8,0.217188760638237,0.05,,,,,,,,,,,0.3896293123383304,0.6931020292102674
3251,train-load-0.9-scenario-661,0.9,0.83125,0.2625,0.83125,18.488802518638288,1.069049570910451,0.6452361433752634,0.9285714285714286,0.07142857142857142,0.9285714285714286,0.07142857142857142,13,1,13,1,14,8,14,13,0.32088616490364075,0.05,,,,,,,,,,,0.3896293123383304,0.6931020292102674
3252,train-load-0.8-scenario-209,0.8,0.7515360000000001,0.4772266666666667,0.7515360000000001,4.5601919871506915,0.03314622460077299,0.8239966325420842,0.7142857142857143,0.2857142857142857,0.75,0.25,5,2,6,2,8,5,7,5,0.18352001905441284,0.05,,,,,,,,,,,0.3896293123383304,0.6931020292102674
3253,train-load-0.8-scenario-168-retry-2,0.8,0.9,0.9,0.4125,8.930215581591048,0.47681703227371885,0.6342940788373923,0.7777777777777778,0.2222222222222222,0.7777777777777778,0.2222222222222222,7,2,7,2,9,8,9,7,0.2695821225643158,0.05,,,,,,,,,,,0.3896293123383304,0.6931020292102674
3254,train-load-0.5-scenario-599,0.5,0.45840857142857144,0.3116297619047619,0.45840857142857144,12.985054846968326,1.4126451371480098,0.5873548628519902,1.0,0.0,1.0,0.0,7,0,7,0,7,7,7,7,0.21417050063610077,0.05,,,,,,,,,,,0.3896293123383304,0.6931020292102674
3255,train-load-0.6-scenario-584,0.6,0.569963,0.44414714285714285,0.569963,15.732166830419832,1.4763213749302198,0.5236786250697804,1.0,0.0,1.0,0.0,9,0,9,0,9,7,9,9,0.39100152254104614,0.05,,,,,,,,,,,0.3896293123383304,0.6931020292102674
3256,train-load-0.7-scenario-307-retry-9,0.7,0.6,0.4,0.6,20.30405092460084,1.5073204236999338,0.49267957630006615,1.0,0.0,1.0,0.0,12,0,12,0,12,5,12,12,0.3324297070503235,0.05,,,,,,,,,,,0.3896293123383304,0.6931020292102674
3257,train-load-0.8-scenario-129-retry-1,0.8,0.9,0.5,0.9,6.847932512563717,-0.3008795608621606,0.5865938465764463,0.5714285714285714,0.42857142857142855,0.5714285714285714,0.42857142857142855,8,6,8,6,14,8,14,8,0.3258324861526489,0.05,,,,,,,,,,,0.3896293123383304,0.6931020292102674
3258,train-load-0.7-scenario-713,0.7,0.7333333333333333,0.7333333333333333,0.36666666666666664,18.13489636012587,1.503746991233419,0.49625300876658096,1.0,0.0,1.0,0.0,11,0,11,0,11,6,11,11,0.3460562825202942,0.05,,,,,,,,,,,0.3896293123383304,0.6931020292102674
3259,train-load-0.9-scenario-656-retry-3,0.9,0.8,0.8,0.6,22.18633675335815,1.0877801402356986,0.46777541531985667,0.8888888888888888,0.1111111111111111,0.8888888888888888,0.1111111111111111,16,2,16,2,18,6,18,16,0.24513563513755798,0.05,,,,,,,,,,,0.3896293123383304,0.6931020292102674
3260,train-load-1.0-scenario-639-retry-1,1.0,1.0833333333333333,1.0833333333333333,0.8666666666666667,4.836518550346251,-0.40787328439342274,0.25402713054726894,0.46153846153846156,0.5384615384615384,0.46153846153846156,0.5384615384615384,6,7,6,7,13,6,13,6,0.5844665765762329,0.05,,,,,,,,,,,0.3896293123383304,0.6931020292102674
3261,train-load-1.0-scenario-180-retry-2,1.0,0.9089913333333334,0.7384649305555555,0.9089913333333334,14.095057793077567,0.8028919869345981,0.5304413463987353,0.8333333333333334,0.16666666666666666,0.7142857142857143,0.2857142857142857,10,2,10,4,14,6,12,10,0.2954428791999817,0.05,,,,,,,,,,,0.3896293123383304,0.6931020292102674
3262,train-load-0.9-scenario-137-retry-1,0.9,1.0,0.06666666666666667,1.0,5.2844130701378464,0.11952042231725168,0.8804795776827483,0.75,0.25,0.75,0.25,6,2,6,2,8,6,8,6,0.23172050714492798,0.05,,,,,,,,,,,0.3896293123383304,0.6931020292102674
3263,train-load-1.0-scenario-76-retry-1,1.0,0.9333333333333333,0.7777777777777778,0.9333333333333333,8.24908277397979,-0.12255712283374909,0.40827140854803484,0.5714285714285714,0.42857142857142855,0.5714285714285714,0.42857142857142855,8,6,8,6,14,6,14,8,0.47432953119277954,0.05,,,,,,,,,,,0.3896293123383304,0.6931020292102674
3264,train-load-0.7-scenario-651-retry-1,0.7,0.8,0.8,0.64,6.188124667708376,0.2118544779585455,0.2881455220414545,0.625,0.375,0.625,0.375,5,3,5,3,8,5,8,5,0.4953908622264862,0.05,,,,,,,,,,,0.3896293123383304,0.6931020292102674
3265,train-load-0.7-scenario-32,0.7,0.6493635000000001,0.2590075,0.6493635000000001,9.037697743478331,1.4249486129977114,0.5750513870022886,1.0,0.0,1.0,0.0,4,0,5,0,5,4,4,4,0.14928576350212097,0.05,,,,,,,,,,,0.3896293123383304,0.6931020292102674
3266,train-load-0.8-scenario-557,0.8,0.9,0.6,0.9,7.164577259144742,0.23118945341915775,0.4354772132475088,0.6666666666666666,0.3333333333333333,0.6666666666666666,0.3333333333333333,6,3,6,3,9,6,9,6,0.40315282344818115,0.05,,,,,,,,,,,0.3896293123383304,0.6931020292102674
3267,train-load-0.9-scenario-303-retry-1,0.9,0.8409888,0.5516308333333334,0.8409888,6.828019574284388,0.3108542204728151,0.6891457795271849,0.75,0.25,0.6666666666666666,0.3333333333333333,6,2,6,3,9,5,8,6,0.4432556629180908,0.05,,,,,,,,,,,0.3896293123383304,0.6931020292102674
3268,train-load-0.7-scenario-152,0.7,0.6227043999999999,0.4252565,0.6227043999999999,7.954950771697613,0.5996669651750596,0.8289044633963689,0.8571428571428571,0.14285714285714285,0.8571428571428571,0.14285714285714285,6,1,6,1,7,5,7,6,0.44701650738716125,0.05,,,,,,,,,,,0.3896293123383304,0.6931020292102674
3269,train-load-0.9-scenario-252,0.9,1.0,0.6666666666666666,1.0,3.8395719517308318,-0.37284451787088735,0.37284451787088735,0.5,0.5,0.5,0.5,5,5,5,5,10,5,10,5,0.25215306878089905,0.05,,,,,,,,,,,0.3896293123383304,0.6931020292102674
3270,train-load-0.5-scenario-501-retry-2,0.5,0.44,0.44,0.44,19.980375695048252,1.6233829212493225,0.37661707875067757,1.0,0.0,1.0,0.0,11,0,11,0,11,5,11,11,0.24324113130569458,0.05,,,,,,,,,,,0.3896293123383304,0.6931020292102674
3271,train-load-0.5-scenario-646,0.5,0.441717,0.3235957142857143,0.441717,12.272378304592984,1.2974738361915612,0.7025261638084388,1.0,0.0,1.0,0.0,7,0,7,0,7,7,7,7,0.5295634269714355,0.05,,,,,,,,,,,0.3896293123383304,0.6931020292102674
3272,train-load-0.5-scenario-57,0.5,0.54,0.35,0.54,19.459254042440293,1.4337011104474653,0.5662988895525347,1.0,0.0,1.0,0.0,12,0,12,0,12,5,12,12,0.52646404504776,0.05,,,,,,,,,,,0.3896293123383304,0.6931020292102674
3273,train-load-0.8-scenario-98-retry-9,0.8,0.725,0.55,0.725,14.406851776744553,1.090405087310484,0.5095949126895162,0.9,0.1,0.9,0.1,9,1,9,1,10,4,10,9,0.4693520665168762,0.05,,,,,,,,,,,0.3896293123383304,0.6931020292102674
3274,train-load-1.0-scenario-117,1.0,0.8924694285714286,0.7082464285714286,0.8924694285714286,14.568842844610188,0.44877980068441103,0.551220199315589,0.75,0.25,0.75,0.25,12,4,12,4,16,7,16,12,0.3711806535720825,0.05,,,,,,,,,,,0.3896293123383304,0.6931020292102674
3275,train-load-1.0-scenario-27-retry-1,1.0,1.0833333333333333,1.0833333333333333,1.05,9.481935120748332,0.22781584356368245,0.4388508231029842,0.6666666666666666,0.3333333333333333,0.6666666666666666,0.3333333333333333,8,4,8,4,12,4,12,8,0.1427856981754303,0.05,,,,,,,,,,,0.3896293123383304,0.6931020292102674
3276,train-load-1.0-scenario-508-retry-5,1.0,0.9285714285714286,0.5571428571428572,0.9285714285714286,6.341376840107024,-0.26007372911593385,0.4139198829620876,0.5384615384615384,0.46153846153846156,0.5384615384615384,0.46153846153846156,7,6,7,6,13,7,13,7,0.2537052631378174,0.05,,,,,,,,,,,0.3896293123383304,0.6931020292102674
3277,train-load-0.9-scenario-648,0.9,0.9125,0.5625,0.9125,11.28847304448328,0.6831112516166898,0.5168887483833103,0.8,0.2,0.8,0.2,8,2,8,2,10,4,10,8,0.27501311898231506,0.05,,,,,,,,,,,0.3896293123383304,0.6931020292102674
3278,train-load-0.5-scenario-233-retry-4,0.5,0.55,0.1375,0.55,16.82907376672409,1.2369336750674933,0.7630663249325067,1.0,0.0,1.0,0.0,11,0,11,0,11,4,11,11,0.3730567693710327,0.05,,,,,,,,,,,0.3896293123383304,0.6931020292102674
3279,train-load-0.9-scenario-326-retry-1,0.9,0.9166666666666666,0.9166666666666666,0.46875,11.607731103895777,0.03527389210421261,0.5529614020134345,0.6470588235294118,0.35294117647058826,0.6470588235294118,0.35294117647058826,11,6,11,6,17,8,17,11,0.19867464900016785,0.05,,,,,,,,,,,0.3896293123383304,0.6931020292102674
3280,train-load-0.5-scenario-217,0.5,0.459605,0.22427678571428572,0.459605,8.633472408823469,1.3202927783380547,0.6797072216619453,1.0,0.0,1.0,0.0,4,0,6,0,6,7,4,4,0.2982636094093323,0.05,,,,,,,,,,,0.3896293123383304,0.6931020292102674
3281,train-load-0.5-scenario-534,0.5,0.6,0.6,0.54,17.51245415883796,1.6699844056947484,0.33001559430525174,1.0,0.0,1.0,0.0,9,0,9,0,9,5,9,9,0.1627742052078247,0.05,,,,,,,,,,,0.3896293123383304,0.6931020292102674
3282,train-load-0.6-scenario-78,0.6,0.5,0.5,0.45,19.05508622094199,1.3818432999563313,0.6181567000436687,1.0,0.0,1.0,0.0,12,0,12,0,12,8,12,12,0.3854858875274658,0.05,,,,,,,,,,,0.3896293123383304,0.6931020292102674
3283,train-load-0.6-scenario-339,0.6,0.5171091666666666,0.3099666666666667,0.5171091666666666,11.867814745791659,1.431718352199736,0.568281647800264,1.0,0.0,1.0,0.0,6,0,7,0,7,6,6,6,0.2219839245080948,0.05,,,,,,,,,,,0.3896293123383304,0.6931020292102674
3284,train-load-1.0-scenario-164-retry-8,1.0,1.0375,1.0,1.0375,7.2672916085706,0.06720395265089363,0.47825059280365173,0.6363636363636364,0.36363636363636365,0.6363636363636364,0.36363636363636365,7,4,7,4,11,4,11,7,0.25247934460639954,0.05,,,,,,,,,,,0.3896293123383304,0.6931020292102674
3285,train-load-0.5-scenario-687,0.5,0.443117375,0.255059375,0.443117375,10.071842893432716,1.32710055626703,0.6728994437329701,1.0,0.0,1.0,0.0,5,0,7,0,7,8,5,5,0.15423722565174103,0.05,,,,,,,,,,,0.3896293123383304,0.6931020292102674
3286,train-load-1.0-scenario-174-retry-9,1.0,0.9428571428571428,0.9428571428571428,0.7857142857142857,20.660142122081904,0.5899297232780463,0.31916118581286296,0.7272727272727273,0.2727272727272727,0.7272727272727273,0.2727272727272727,16,6,16,6,22,7,22,16,0.26830047369003296,0.05,,,,,,,,,,,0.3896293123383304,0.6931020292102674
3287,train-load-0.5-scenario-735,0.5,0.45300989583333334,0.45300989583333334,0.350918,14.9692041987547,1.3282588382919451,0.6717411617080548,1.0,0.0,1.0,0.0,9,0,10,0,10,8,9,9,0.17611947655677795,0.05,,,,,,,,,,,0.3896293123383304,0.6931020292102674
3288,train-load-0.9-scenario-62-retry-4,0.9,0.9666666666666667,0.9333333333333333,0.9666666666666667,8.893819228743856,0.5941383258229296,0.4058616741770703,0.75,0.25,0.6666666666666666,0.3333333333333333,6,2,8,4,12,6,8,6,0.32943418622016907,0.05,,,,,,,,,,,0.3896293123383304,0.6931020292102674
3289,train-load-0.9-scenario-664,0.9,0.9833333333333333,0.9833333333333333,0.96,9.86058577838869,0.5290526943533315,0.27094730564666847,0.7,0.3,0.7,0.3,7,3,7,3,10,5,10,7,0.31376296281814575,0.05,,,,,,,,,,,0.3896293123383304,0.6931020292102674
3290,train-load-0.6-scenario-460-retry-6,0.6,0.6875,0.6875,0.5625,17.474925111083728,1.6669833503569005,0.3330166496430994,1.0,0.0,1.0,0.0,9,0,9,0,9,4,9,9,0.20003992319107056,0.05,,,,,,,,,,,0.3896293123383304,0.6931020292102674
3291,train-load-0.9-scenario-707-retry-3,0.9,1.0,1.0,0.16666666666666666,4.458482182131573,-0.25776955302250726,0.6577695530225072,0.6,0.4,0.6,0.4,6,4,6,4,10,6,10,6,0.49034765362739563,0.05,,,,,,,,,,,0.3896293123383304,0.6931020292102674
3292,train-load-0.9-scenario-99,0.9,0.9260685,0.45284625,0.9260685,5.004744232931269,0.4585822442574764,0.7414177557425237,0.8,0.2,0.7142857142857143,0.2857142857142857,4,1,5,2,7,4,5,4,0.478456974029541,0.05,,,,,,,,,,,0.3896293123383304,0.6931020292102674
3293,train-load-0.6-scenario-71,0.6,0.5193742,0.4140041666666667,0.5193742,11.246356539359933,1.3194509573029842,0.6805490426970158,1.0,0.0,1.0,0.0,6,0,6,0,6,5,6,6,0.3405706286430359,0.05,,,,,,,,,,,0.3896293123383304,0.6931020292102674
3294,train-load-0.7-scenario-72,0.7,0.7328215,0.4616328125,0.7328215,5.3388809450088655,0.4626867955736733,0.7373132044263268,0.8,0.2,0.6666666666666666,0.3333333333333333,4,1,4,2,6,4,5,4,0.36461448669433594,0.05,,,,,,,,,,,0.3896293123383304,0.6931020292102674
3295,train-load-0.7-scenario-368-retry-1,0.7,0.6370861250000001,0.42577265625,0.6370861250000001,18.155936907517205,1.4115836199886251,0.5884163800113749,1.0,0.0,1.0,0.0,11,0,12,0,12,8,11,11,0.3499961495399475,0.05,,,,,,,,,,,0.3896293123383304,0.6931020292102674
3296,train-load-0.7-scenario-689,0.7,0.6306917142857144,0.5437221428571428,0.6306917142857144,12.625010875744794,0.8384011841018097,0.7615988158981902,0.9,0.1,0.8333333333333334,0.16666666666666666,9,1,10,2,12,7,10,9,0.1718713790178299,0.05,,,,,,,,,,,0.3896293123383304,0.6931020292102674
3297,train-load-0.9-scenario-566-retry-2,0.9,1.0,0.4,1.0,2.548796188762303,-0.6137932544354674,0.6137932544354674,0.5,0.5,0.5,0.5,5,5,5,5,10,5,10,5,0.20300695300102234,0.05,,,,,,,,,,,0.3896293123383304,0.6931020292102674
3298,train-load-0.7-scenario-311-retry-1,0.7,0.6,0.4125,0.6,14.219509239801582,0.9100047549186996,0.7263588814449368,0.9090909090909091,0.09090909090909091,0.9090909090909091,0.09090909090909091,10,1,10,1,11,8,11,10,0.2067212462425232,0.05,,,,,,,,,,,0.3896293123383304,0.6931020292102674
3299,train-load-0.6-scenario-500,0.6,0.5391505999999999,0.44925000000000004,0.5391505999999999,9.783482134297707,1.3272385830702798,0.6727614169297202,1.0,0.0,1.0,0.0,5,0,6,0,6,5,5,5,0.2790738046169281,0.05,,,,,,,,,,,0.3896293123383304,0.6931020292102674
3300,train-load-0.7-scenario-704,0.7,0.6189626666666667,0.4778097222222222,0.6189626666666667,14.462317077977676,1.4655089190551343,0.5344910809448657,1.0,0.0,1.0,0.0,8,0,10,0,10,6,8,8,0.2289382368326187,0.05,0.37664637264229583,0.5224936644701268,0.7247850092781057,0.27521499072189437,0.7098087096447073,0.29019129035529273,0.6534630954824233,0.6411080614373583,0.29310806968758296,0.7155295917321829,0.3896293123383304,0.6931020292102674
3301,train-load-0.7-scenario-703,0.7,0.67604825,0.36447421875,0.67604825,13.172589274856737,0.9479428940748453,0.6520571059251548,0.9,0.1,0.9,0.1,9,1,9,1,10,8,10,9,0.2264513075351715,0.05,,,,,,,,,,,0.3896293123383304,0.6931020292102674
3302,train-load-0.7-scenario-400,0.7,0.6354096428571429,0.6354096428571429,0.4976522857142857,15.386466452877592,1.398378950207221,0.6016210497927791,1.0,0.0,1.0,0.0,9,0,11,0,11,7,9,9,0.28921687602996826,0.05,,,,,,,,,,,0.3896293123383304,0.6931020292102674
3303,train-load-0.7-scenario-168,0.7,0.6067262857142857,0.33568535714285713,0.6067262857142857,14.35507736867015,1.4505222653211536,0.5494777346788464,1.0,0.0,1.0,0.0,8,0,8,0,8,7,8,8,0.34358811378479004,0.05,,,,,,,,,,,0.3896293123383304,0.6931020292102674
3304,train-load-1.0-scenario-97-retry-1,1.0,0.9146916,0.5004108333333334,0.9146916,10.582461705991424,0.8807236559981584,0.6192763440018416,0.875,0.125,0.7777777777777778,0.2222222222222222,7,1,7,2,9,5,8,7,0.22187232971191406,0.05,,,,,,,,,,,0.3896293123383304,0.6931020292102674
3305,train-load-0.7-scenario-312,0.7,0.70776725,0.39575187500000003,0.70776725,12.74043115069119,1.5877914992267874,0.4122085007732126,1.0,0.0,1.0,0.0,6,0,6,0,6,4,6,6,0.276895672082901,0.05,,,,,,,,,,,0.3896293123383304,0.6931020292102674
3306,train-load-1.0-scenario-449,1.0,0.9902945,0.6407275,0.9902945,2.2586721133194327,-0.39966183177656256,0.6853761174908483,0.5714285714285714,0.42857142857142855,0.6666666666666666,0.3333333333333333,4,3,6,3,9,4,7,4,0.34061360359191895,0.05,,,,,,,,,,,0.3896293123383304,0.6931020292102674
3307,train-load-0.9-scenario-64-retry-3,0.9,0.8333333333333334,0.8333333333333334,0.425,20.7226656611936,0.9508467024042637,0.5785650623016185,0.8823529411764706,0.11764705882352941,0.8823529411764706,0.11764705882352941,15,2,15,2,17,8,17,15,0.28563234210014343,0.05,,,,,,,,,,,0.3896293123383304,0.6931020292102674
3308,train-load-0.9-scenario-567-retry-1,0.9,1.0,1.0,0.5,2.1393355833047796,-0.4949890768356211,0.49498907683562116,0.5,0.5,0.5,0.5,4,4,8,8,16,8,8,4,0.2008170187473297,0.05,,,,,,,,,,,0.3896293123383304,0.6931020292102674
3309,train-load-0.6-scenario-664,0.6,0.7125794,0.41964,0.7125794,12.952905464060823,1.414427974159631,0.5855720258403689,1.0,0.0,1.0,0.0,7,0,8,0,8,5,7,7,0.4568239450454712,0.05,,,,,,,,,,,0.3896293123383304,0.6931020292102674
3310,train-load-0.9-scenario-28-retry-2,0.9,1.0,0.2,1.0,0.35537105210976927,-0.8061005994497239,0.8061005994497239,0.5,0.5,0.5,0.5,4,4,4,4,8,6,8,4,0.35321351885795593,0.05,,,,,,,,,,,0.3896293123383304,0.6931020292102674
3311,train-load-0.5-scenario-87,0.5,0.5714285714285714,0.5476190476190477,0.5714285714285714,22.348008669550346,1.6270785602835742,0.37292143971642566,1.0,0.0,1.0,0.0,13,0,13,0,13,7,13,13,0.444856733083725,0.05,,,,,,,,,,,0.3896293123383304,0.6931020292102674
3312,train-load-0.7-scenario-436,0.7,0.6038536666666667,0.5341008333333334,0.6038536666666667,16.581935328793318,1.5747573823345202,0.4252426176654797,1.0,0.0,1.0,0.0,9,0,10,0,10,6,9,9,0.3657594919204712,0.05,,,,,,,,,,,0.3896293123383304,0.6931020292102674
3313,train-load-0.6-scenario-533,0.6,0.5,0.3,0.5,25.801124857120705,1.5892896387713589,0.4107103612286412,1.0,0.0,1.0,0.0,16,0,16,0,16,8,16,16,0.3270839750766754,0.05,,,,,,,,,,,0.3896293123383304,0.6931020292102674
3314,train-load-1.0-scenario-209-retry-5,1.0,1.0625,1.0625,0.775,19.676045172040183,0.6117771023384643,0.5882228976615358,0.8,0.2,0.7142857142857143,0.2857142857142857,16,4,20,8,28,8,20,16,0.4010459780693054,0.05,,,,,,,,,,,0.3896293123383304,0.6931020292102674
3315,train-load-0.5-scenario-425,0.5,0.4339705,0.34127859374999997,0.4339705,12.208786151316307,1.082747737319657,0.917252262680343,1.0,0.0,1.0,0.0,8,0,9,0,9,8,8,8,0.49025410413742065,0.05,,,,,,,,,,,0.3896293123383304,0.6931020292102674
3316,train-load-1.0-scenario-291-retry-4,1.0,0.9625,0.9625,0.6125,7.183113448420002,-0.4555931912710063,0.5732402500945357,0.5294117647058824,0.47058823529411764,0.5294117647058824,0.47058823529411764,9,8,9,8,17,8,17,9,0.22508776187896729,0.05,,,,,,,,,,,0.3896293123383304,0.6931020292102674
3317,train-load-0.9-scenario-376,0.9,0.95,0.4791666666666667,0.95,12.536861974553588,0.9634880284939707,0.5920675270615847,0.8888888888888888,0.1111111111111111,0.8181818181818182,0.18181818181818182,8,1,9,2,11,4,9,8,0.15867239236831665,0.05,,,,,,,,,,,0.3896293123383304,0.6931020292102674
3318,train-load-0.6-scenario-701,0.6,0.631122125,0.30122,0.631122125,12.7610639527352,1.3811890370319744,0.6188109629680257,1.0,0.0,1.0,0.0,7,0,10,0,10,8,7,7,0.4160122871398926,0.05,,,,,,,,,,,0.3896293123383304,0.6931020292102674
3319,train-load-0.5-scenario-263-retry-1,0.5,0.5714285714285714,0.5714285714285714,0.5714285714285714,18.41077288567292,1.5956732388035721,0.40432676119642774,1.0,0.0,1.0,0.0,10,0,10,0,10,7,10,10,0.34207963943481445,0.05,,,,,,,,,,,0.3896293123383304,0.6931020292102674
3320,train-load-0.6-scenario-257,0.6,0.5893390000000001,0.4791479166666666,0.5893390000000001,2.7507339466315175,0.24641195196520516,0.4202547147014615,0.6666666666666666,0.3333333333333333,0.6,0.4,2,1,3,2,5,4,3,2,0.28851813077926636,0.05,,,,,,,,,,,0.3896293123383304,0.6931020292102674
3321,train-load-0.7-scenario-459,0.7,0.599164857142857,0.2988858928571429,0.599164857142857,6.033883326989642,0.3989876768266491,0.9343456565066843,0.8333333333333334,0.16666666666666666,0.75,0.25,5,1,6,2,8,7,6,5,0.34957486391067505,0.05,,,,,,,,,,,0.3896293123383304,0.6931020292102674
3322,train-load-0.5-scenario-583-retry-7,0.5,0.6,0.3,0.6,14.869122493495032,1.535129323267627,0.46487067673237287,1.0,0.0,1.0,0.0,8,0,8,0,8,8,8,8,0.4323193430900574,0.05,,,,,,,,,,,0.3896293123383304,0.6931020292102674
3323,train-load-0.9-scenario-486-retry-2,0.9,0.7993151785714286,0.7993151785714286,0.6791971428571428,18.72086941224568,0.9886333016325195,0.4780333650341473,0.8666666666666667,0.13333333333333333,0.8666666666666667,0.13333333333333333,13,2,13,2,15,7,15,13,0.2965328097343445,0.05,,,,,,,,,,,0.3896293123383304,0.6931020292102674
3324,train-load-0.9-scenario-700,0.9,0.84,0.84,0.42,26.315326901818356,1.0611059523155837,0.5579416667320354,0.9047619047619048,0.09523809523809523,0.9047619047619048,0.09523809523809523,19,2,19,2,21,5,21,19,0.32128578424453735,0.05,,,,,,,,,,,0.3896293123383304,0.6931020292102674
3325,train-load-0.9-scenario-692-retry-1,0.9,1.0,0.9583333333333334,1.0,16.403880559541967,0.33170717073436673,0.46829282926563326,0.7,0.3,0.7,0.3,14,6,14,6,20,8,20,14,0.23650094866752625,0.05,,,,,,,,,,,0.3896293123383304,0.6931020292102674
3326,train-load-0.5-scenario-315,0.5,0.5714285714285714,0.2642857142857143,0.5714285714285714,14.264626100991974,1.2175015520148798,0.7824984479851202,1.0,0.0,1.0,0.0,9,0,9,0,9,7,9,9,0.34957155585289,0.05,,,,,,,,,,,0.3896293123383304,0.6931020292102674
3327,train-load-0.8-scenario-222,0.8,0.7755035,0.6366447916666667,0.7755035,14.987286707843682,1.0596280160538416,0.5767356203097947,0.9090909090909091,0.09090909090909091,0.8333333333333334,0.16666666666666666,10,1,10,2,12,6,11,10,0.22784093022346497,0.05,,,,,,,,,,,0.3896293123383304,0.6931020292102674
3328,train-load-0.6-scenario-693,0.6,0.6750072916666666,0.6750072916666666,0.5637236666666666,6.52460763104242,0.3662532426447853,0.49088961449807195,0.7142857142857143,0.2857142857142857,0.5555555555555556,0.4444444444444444,5,2,5,4,9,6,7,5,0.26531901955604553,0.05,,,,,,,,,,,0.3896293123383304,0.6931020292102674
3329,train-load-0.7-scenario-71,0.7,0.604113,0.3413447916666667,0.604113,8.778188230081906,1.379011923745865,0.620988076254135,1.0,0.0,1.0,0.0,4,0,5,0,5,4,4,4,0.18961188197135925,0.05,,,,,,,,,,,0.3896293123383304,0.6931020292102674
3330,train-hard-4gpu-12pod-small,0.375,0.375,0.25,0.375,20.459548882551672,1.6198448184600855,0.38015518153991434,1.0,0.0,1.0,0.0,12,0,12,0,12,4,12,12,0.43665391206741333,0.05,,,,,,,,,,,0.3896293123383304,0.6931020292102674
3331,train-load-0.6-scenario-458,0.6,0.65625,0.1875,0.65625,20.35945281272528,1.1714524170322291,0.5618809163011043,0.9333333333333333,0.06666666666666667,0.9333333333333333,0.06666666666666667,14,1,14,1,15,8,15,14,0.1897234469652176,0.05,,,,,,,,,,,0.3896293123383304,0.6931020292102674
3332,train-load-0.5-scenario-594,0.5,0.6,0.17142857142857143,0.6,7.24823471986649,0.19251175252838737,0.4741549141382793,0.6666666666666666,0.3333333333333333,0.6666666666666666,0.3333333333333333,6,3,6,3,9,7,9,6,0.16932152211666107,0.05,,,,,,,,,,,0.3896293123383304,0.6931020292102674
3333,train-load-0.9-scenario-418,0.9,0.91404675,0.6708739583333333,0.91404675,7.671937650161495,0.42233458346028674,0.5776654165397133,0.75,0.25,0.6666666666666666,0.3333333333333333,6,2,6,3,9,4,8,6,0.1917540431022644,0.05,,,,,,,,,,,0.3896293123383304,0.6931020292102674
3334,train-load-0.5-scenario-537,0.5,0.48920437499999997,0.45691421875,0.48920437499999997,16.166880410928016,1.4867704804469635,0.5132295195530366,1.0,0.0,1.0,0.0,9,0,10,0,10,8,9,9,0.2690058946609497,0.05,,,,,,,,,,,0.3896293123383304,0.6931020292102674
3335,train-load-0.5-scenario-427-retry-12,0.5,0.5625,0.5625,0.275,17.9835612949485,1.4125579457995852,0.5874420542004148,1.0,0.0,1.0,0.0,11,0,11,0,11,8,11,11,0.2108275592327118,0.05,,,,,,,,,,,0.3896293123383304,0.6931020292102674
3336,train-load-0.6-scenario-400-retry-1,0.6,0.6217898333333334,0.40913784722222224,0.6217898333333334,13.516889414303943,1.5022779888562745,0.4977220111437256,1.0,0.0,1.0,0.0,7,0,8,0,8,6,7,7,0.3109356462955475,0.05,,,,,,,,,,,0.3896293123383304,0.6931020292102674
3337,train-load-1.0-scenario-683-retry-9,1.0,0.9166666666666666,0.18333333333333332,0.9166666666666666,21.496243021107663,0.5585675306294822,0.7141597420977907,0.8181818181818182,0.18181818181818182,0.8181818181818182,0.18181818181818182,18,4,18,4,22,6,22,18,0.2771472930908203,0.05,,,,,,,,,,,0.3896293123383304,0.6931020292102674
3338,train-load-0.5-scenario-744,0.5,0.52,0.52,0.26,20.816167787822877,1.4193699964792867,0.5806300035207133,1.0,0.0,1.0,0.0,13,0,13,0,13,5,13,13,0.2676611840724945,0.05,,,,,,,,,,,0.3896293123383304,0.6931020292102674
3339,train-load-1.0-scenario-115,1.0,0.9,0.6,0.9,2.775273761204368,-0.5144079292477266,0.5144079292477266,0.5,0.5,0.5,0.5,5,5,5,5,10,4,10,5,0.20142357051372528,0.05,,,,,,,,,,,0.3896293123383304,0.6931020292102674
3340,train-load-0.7-scenario-274,0.7,0.675,0.5208333333333334,0.675,11.109881291607508,0.8992735092186417,0.6007264907813583,0.875,0.125,0.8,0.2,7,1,8,2,10,8,8,7,0.13437044620513916,0.05,,,,,,,,,,,0.3896293123383304,0.6931020292102674
3341,train-load-1.0-scenario-400-retry-3,1.0,0.8858787499999999,0.59032765625,0.8858787499999999,12.05708269364995,0.6857211170910104,0.5870061556362625,0.8181818181818182,0.18181818181818182,0.7333333333333333,0.26666666666666666,9,2,11,4,15,8,11,9,0.27603644132614136,0.05,,,,,,,,,,,0.3896293123383304,0.6931020292102674
3342,train-load-0.9-scenario-189,0.9,0.8330202857142857,0.4909797619047619,0.8330202857142857,10.754736175555806,0.3785677028237515,0.6214322971762485,0.75,0.25,0.7692307692307693,0.23076923076923078,9,3,10,3,13,7,12,9,0.284723162651062,0.05,,,,,,,,,,,0.3896293123383304,0.6931020292102674
3343,train-load-0.7-scenario-66,0.7,0.8,0.16666666666666666,0.8,6.455423576207171,0.23229305081205442,0.7677069491879456,0.75,0.25,0.75,0.25,6,2,6,2,8,5,8,6,0.38301289081573486,0.05,,,,,,,,,,,0.3896293123383304,0.6931020292102674
3344,train-load-1.0-scenario-378-retry-1,1.0,0.9220294,0.41622833333333337,0.9220294,6.867725298595314,0.33821183826716017,0.6617881617328398,0.75,0.25,0.75,0.25,6,2,6,2,8,5,8,6,0.30959081649780273,0.05,,,,,,,,,,,0.3896293123383304,0.6931020292102674
3345,train-load-1.0-scenario-518,1.0,1.1111111111111112,1.1111111111111112,0.43333333333333335,4.960311929284983,-0.21501369825005479,0.6150136982500547,0.6,0.4,0.6,0.4,6,4,6,4,10,6,10,6,0.26420778036117554,0.05,,,,,,,,,,,0.3896293123383304,0.6931020292102674
3346,train-load-0.5-scenario-622-retry-1,0.5,0.6,0.6,0.40714285714285714,21.419779303744978,1.5170242574491692,0.48297574255083064,1.0,0.0,1.0,0.0,13,0,13,0,13,7,13,13,0.25571209192276,0.05,,,,,,,,,,,0.3896293123383304,0.6931020292102674
3347,train-load-0.7-scenario-646,0.7,0.6146085714285714,0.4148310714285714,0.6146085714285714,14.215777234433144,1.4579354327181675,0.5420645672818325,1.0,0.0,1.0,0.0,8,0,10,0,10,7,8,8,0.19475561380386353,0.05,,,,,,,,,,,0.3896293123383304,0.6931020292102674
3348,train-load-1.0-scenario-350-retry-1,1.0,0.8931004,0.6636858333333334,0.8931004,14.573044335730446,1.196267549113377,0.40373245088662324,0.9,0.1,0.8181818181818182,0.18181818181818182,9,1,9,2,11,5,10,9,0.19051283597946167,0.05,,,,,,,,,,,0.3896293123383304,0.6931020292102674
3349,train-load-0.5-scenario-601-retry-9,0.5,0.6,0.48,0.6,22.026813199701994,1.784836178435456,0.21516382156454394,1.0,0.0,1.0,0.0,12,0,12,0,12,5,12,12,0.4498685598373413,0.05,,,,,,,,,,,0.3896293123383304,0.6931020292102674
3350,train-load-0.5-scenario-535,0.5,0.4,0.4,0.4,22.228074661490055,1.8121798000924483,0.1878201999075518,1.0,0.0,1.0,0.0,12,0,12,0,12,6,12,12,0.19403856992721558,0.05,,,,,,,,,,,0.3896293123383304,0.6931020292102674
3351,train-load-1.0-scenario-551,1.0,1.0,0.8,1.0,12.063630017640143,0.22995845917989477,0.27004154082010523,0.625,0.375,0.625,0.375,10,6,10,6,16,4,16,10,0.41656747460365295,0.05,,,,,,,,,,,0.3896293123383304,0.6931020292102674
3352,train-load-0.6-scenario-26-retry-1,0.6,0.7,0.7,0.35,16.387679470480457,0.8266365159356232,0.6019349126358053,0.8571428571428571,0.14285714285714285,0.8571428571428571,0.14285714285714285,12,2,12,2,14,8,14,12,0.23684903979301453,0.05,,,,,,,,,,,0.3896293123383304,0.6931020292102674
3353,train-load-0.6-scenario-523-retry-3,0.6,0.6666666666666666,0.6666666666666666,0.5333333333333333,9.502043253612076,0.7211984066054735,0.2788015933945266,0.75,0.25,0.75,0.25,6,2,6,2,8,6,8,6,0.4859614372253418,0.05,,,,,,,,,,,0.3896293123383304,0.6931020292102674
3354,train-load-0.5-scenario-721-retry-8,0.5,0.5333333333333333,0.2777777777777778,0.5333333333333333,12.732146258436025,1.1320572308637127,0.8679427691362873,1.0,0.0,1.0,0.0,8,0,8,0,8,6,8,8,0.270061731338501,0.05,,,,,,,,,,,0.3896293123383304,0.6931020292102674
3355,train-load-0.8-scenario-316-retry-2,0.8,0.6857142857142857,0.5714285714285714,0.6857142857142857,20.80119736361414,1.5816852717525718,0.4183147282474281,1.0,0.0,1.0,0.0,12,0,12,0,12,7,12,12,0.6359886527061462,0.05,,,,,,,,,,,0.3896293123383304,0.6931020292102674
3356,train-load-1.0-scenario-454,1.0,0.880478375,0.6037372395833334,0.880478375,10.835312694088103,0.46564935983016753,0.8070779128971053,0.8181818181818182,0.18181818181818182,0.7333333333333333,0.26666666666666666,9,2,11,4,15,8,11,9,0.32219186425209045,0.05,,,,,,,,,,,0.3896293123383304,0.6931020292102674
3357,train-load-0.5-scenario-738,0.5,0.457127,0.283090625,0.457127,8.396658490059682,1.2456764017605535,0.7543235982394465,1.0,0.0,1.0,0.0,4,0,4,0,4,4,4,4,0.24234230816364288,0.05,,,,,,,,,,,0.3896293123383304,0.6931020292102674
3358,train-load-0.5-scenario-223,0.5,0.48817099999999997,0.424683,0.48817099999999997,11.08324864270061,1.561865555520336,0.43813444447966404,1.0,0.0,1.0,0.0,5,0,6,0,6,5,5,5,0.2038583606481552,0.05,,,,,,,,,,,0.3896293123383304,0.6931020292102674
3359,train-load-0.7-scenario-104,0.7,0.6166666666666667,0.48333333333333334,0.6166666666666667,19.855388094781425,1.6510418640297657,0.3489581359702342,1.0,0.0,1.0,0.0,11,0,11,0,11,6,11,11,0.3111306428909302,0.05,,,,,,,,,,,0.3896293123383304,0.6931020292102674
3360,train-load-0.5-scenario-582,0.5,0.40625,0.24375,0.40625,21.760821330938583,1.5207572882946376,0.47924271170536226,1.0,0.0,1.0,0.0,13,0,13,0,13,8,13,13,0.31698912382125854,0.05,,,,,,,,,,,0.3896293123383304,0.6931020292102674
3361,train-load-0.5-scenario-34,0.5,0.4418328333333333,0.34941944444444445,0.4418328333333333,11.093976980364069,1.3181417253272665,0.6818582746727335,1.0,0.0,1.0,0.0,6,0,7,0,7,6,6,6,0.5166420340538025,0.05,,,,,,,,,,,0.3896293123383304,0.6931020292102674
3362,train-load-0.8-scenario-399-retry-4,0.8,0.9,0.56,0.9,8.337922170849872,0.5086349932334988,0.49136500676650113,0.75,0.25,0.75,0.25,6,2,6,2,8,5,8,6,0.4164971709251404,0.05,,,,,,,,,,,0.3896293123383304,0.6931020292102674
3363,train-load-0.7-scenario-128-retry-2,0.7,0.8125,0.5416666666666666,0.8125,19.95097773274437,1.4317656061594874,0.2605420861482052,0.9230769230769231,0.07692307692307693,0.9230769230769231,0.07692307692307693,12,1,12,1,13,4,13,12,0.29502230882644653,0.05,,,,,,,,,,,0.3896293123383304,0.6931020292102674
3364,train-load-0.8-scenario-513,0.8,0.7375108,0.6581555,0.7375108,8.579490597257593,0.4281938204592709,0.6829172906518403,0.7777777777777778,0.2222222222222222,0.8,0.2,7,2,8,2,10,5,9,7,0.3865293562412262,0.05,,,,,,,,,,,0.3896293123383304,0.6931020292102674
3365,train-load-0.9-scenario-494,0.9,0.8890766666666667,0.6107607638888889,0.8890766666666667,5.174074398673347,-0.31436190011158927,0.8598164455661347,0.6363636363636364,0.36363636363636365,0.6363636363636364,0.36363636363636365,7,4,7,4,11,6,11,7,0.3405553102493286,0.05,,,,,,,,,,,0.3896293123383304,0.6931020292102674
3366,train-load-0.8-scenario-576,0.8,0.75,0.675,0.75,18.82444784621281,1.4565121093712456,0.2101545572954208,0.9166666666666666,0.08333333333333333,0.9166666666666666,0.08333333333333333,11,1,11,1,12,4,12,11,0.34624412655830383,0.05,,,,,,,,,,,0.3896293123383304,0.6931020292102674
3367,train-load-0.5-scenario-728,0.5,0.45085812500000005,0.22275208333333332,0.45085812500000005,10.547073931293172,1.224129252513695,0.7758707474863049,1.0,0.0,1.0,0.0,6,0,7,0,7,8,6,6,0.3442831337451935,0.05,,,,,,,,,,,0.3896293123383304,0.6931020292102674
3368,train-load-0.8-scenario-639,0.8,0.6875,0.4125,0.6875,10.485945087985915,0.480881414464426,0.42820949462648306,0.7272727272727273,0.2727272727272727,0.7272727272727273,0.2727272727272727,8,3,8,3,11,8,11,8,0.35641610622406006,0.05,,,,,,,,,,,0.3896293123383304,0.6931020292102674
3369,train-load-0.5-scenario-613,0.5,0.4593098333333333,0.25075416666666667,0.4593098333333333,8.981413559655348,1.3477580685655257,0.6522419314344743,1.0,0.0,1.0,0.0,4,0,6,0,6,6,4,4,0.48687243461608887,0.05,,,,,,,,,,,0.3896293123383304,0.6931020292102674
3370,train-load-0.5-scenario-590,0.5,0.6,0.45,0.6,17.397321835976296,1.1651580983617351,0.5015085683049314,0.9166666666666666,0.08333333333333333,0.9166666666666666,0.08333333333333333,11,1,11,1,12,8,12,11,0.28536778688430786,0.05,,,,,,,,,,,0.3896293123383304,0.6931020292102674
3371,train-load-0.5-scenario-688,0.5,0.5027088333333333,0.40637986111111113,0.5027088333333333,13.606917461221874,1.4909350657826566,0.5090649342173436,1.0,0.0,1.0,0.0,7,0,8,0,8,6,7,7,0.40163230895996094,0.05,,,,,,,,,,,0.3896293123383304,0.6931020292102674
3372,train-load-0.7-scenario-493-retry-4,0.7,0.6142857142857143,0.5642857142857143,0.6142857142857143,26.244417924624656,1.6089554320048793,0.39104456799512055,1.0,0.0,1.0,0.0,16,0,16,0,16,7,16,16,0.19034945964813232,0.05,,,,,,,,,,,0.3896293123383304,0.6931020292102674
3373,train-load-1.0-scenario-467-retry-1,1.0,0.910426,0.7268425000000001,0.910426,9.110767597127989,0.5377145205252244,0.5733965905858868,0.7777777777777778,0.2222222222222222,0.7272727272727273,0.2727272727272727,7,2,8,3,11,5,9,7,0.35230451822280884,0.05,,,,,,,,,,,0.3896293123383304,0.6931020292102674
3374,train-load-1.0-scenario-107,1.0,0.9060378333333333,0.8254111111111111,0.9060378333333333,11.893218189618437,0.5301542745102905,0.4698457254897095,0.75,0.25,0.6428571428571429,0.35714285714285715,9,3,9,5,14,6,12,9,0.2813998758792877,0.05,,,,,,,,,,,0.3896293123383304,0.6931020292102674
3375,train-load-0.5-scenario-193,0.5,0.5183019999999999,0.342975625,0.5183019999999999,11.574660826542928,1.5872159791332128,0.41278402086678734,1.0,0.0,1.0,0.0,5,0,5,0,5,4,5,5,0.14770500361919403,0.05,,,,,,,,,,,0.3896293123383304,0.6931020292102674
3376,train-hard-4gpu-4pod-1vgpu,0.25,0.25,0.16666666666666666,0.25,9.948919115490355,1.6220388411722717,0.3779611588277282,1.0,0.0,1.0,0.0,4,0,4,0,4,4,4,4,0.4129047989845276,0.05,,,,,,,,,,,0.3896293123383304,0.6931020292102674
3377,train-load-1.0-scenario-104,1.0,0.8820842857142857,0.7503479166666667,0.8820842857142857,7.613747440560133,-0.09056529774291067,0.7572319644095773,0.6666666666666666,0.3333333333333333,0.6,0.4,8,4,9,6,15,7,12,8,0.15873759984970093,0.05,,,,,,,,,,,0.3896293123383304,0.6931020292102674
3378,train-load-0.6-scenario-435,0.6,0.5419834000000001,0.34511074999999997,0.5419834000000001,9.830659552841013,1.138724314220448,0.861275685779552,1.0,0.0,1.0,0.0,6,0,6,0,6,5,6,6,0.4508548974990845,0.05,,,,,,,,,,,0.3896293123383304,0.6931020292102674
3379,train-load-0.6-scenario-347,0.6,0.5894535999999999,0.23031166666666666,0.5894535999999999,8.472190282121538,1.3034449135509119,0.6965550864490881,1.0,0.0,1.0,0.0,4,0,5,0,5,5,4,4,0.22530949115753174,0.05,,,,,,,,,,,0.3896293123383304,0.6931020292102674
3380,train-load-0.7-scenario-391,0.7,0.75,0.75,0.3,9.240619812960858,0.23766447487563191,0.42900219179103466,0.6666666666666666,0.3333333333333333,0.6666666666666666,0.3333333333333333,8,4,8,4,12,8,12,8,0.3067488670349121,0.05,,,,,,,,,,,0.3896293123383304,0.6931020292102674
3381,train-load-0.7-scenario-477,0.7,0.650636,0.38567078125,0.650636,15.128608424605638,1.151274349755449,0.848725650244551,1.0,0.0,1.0,0.0,10,0,11,0,11,8,10,10,0.21637985110282898,0.05,,,,,,,,,,,0.3896293123383304,0.6931020292102674
3382,train-load-0.9-scenario-437,0.9,0.7857142857142857,0.6071428571428571,0.7857142857142857,11.997315809261123,0.7573722081022717,0.4426277918977284,0.8,0.2,0.7333333333333333,0.26666666666666666,8,2,11,4,15,7,10,8,0.28594785928726196,0.05,,,,,,,,,,,0.3896293123383304,0.6931020292102674
3383,train-load-0.9-scenario-593,0.9,0.8262735000000001,0.41983812499999995,0.8262735000000001,9.119729383504215,0.8142511530853461,0.6143202754860824,0.8571428571428571,0.14285714285714285,0.8571428571428571,0.14285714285714285,6,1,6,1,7,4,7,6,0.28958451747894287,0.05,,,,,,,,,,,0.3896293123383304,0.6931020292102674
3384,train-load-0.5-scenario-284,0.5,0.5714285714285714,0.34285714285714286,0.5714285714285714,14.675089077320875,1.479899654248189,0.520100345751811,1.0,0.0,1.0,0.0,8,0,8,0,8,7,8,8,0.6396971344947815,0.05,,,,,,,,,,,0.3896293123383304,0.6931020292102674
3385,train-load-0.8-scenario-584-retry-1,0.8,0.875,0.875,0.875,13.016449332314,0.9424905438627126,0.2575094561372875,0.8,0.2,0.8,0.2,8,2,12,3,15,8,10,8,0.30023831129074097,0.05,,,,,,,,,,,0.3896293123383304,0.6931020292102674
3386,train-load-0.6-scenario-405,0.6,0.6060276041666667,0.6060276041666667,0.44089174999999997,3.829151716451373,0.3379225287024039,0.6620774712975961,0.75,0.25,0.6666666666666666,0.3333333333333333,3,1,4,2,6,4,4,3,0.11412502825260162,0.05,,,,,,,,,,,0.3896293123383304,0.6931020292102674
3387,train-load-0.5-scenario-21,0.5,0.5625,0.25,0.5625,16.465175926392178,1.3374593027787476,0.6625406972212524,1.0,0.0,1.0,0.0,10,0,10,0,10,8,10,10,0.3094523251056671,0.05,,,,,,,,,,,0.3896293123383304,0.6931020292102674
3388,train-load-0.9-scenario-349-retry-2,0.9,1.0,0.4,1.0,-6.9083486230557245,-2.3027828743519083,0.3027828743519082,0.0,1.0,0.0,1.0,0,8,0,8,8,8,8,0,0.24768829345703125,0.05,,,,,,,,,,,0.3896293123383304,0.6931020292102674
3389,train-load-0.8-scenario-335-retry-1,0.8,0.9,0.675,0.9,5.848218218185815,0.03511277880194463,0.1871094434202777,0.5555555555555556,0.4444444444444444,0.5555555555555556,0.4444444444444444,5,4,5,4,9,4,9,5,0.49357396364212036,0.05,,,,,,,,,,,0.3896293123383304,0.6931020292102674
3390,train-load-0.5-scenario-506,0.5,0.55,0.4583333333333333,0.55,15.444635924966457,1.6033977336936238,0.39660226630637624,1.0,0.0,1.0,0.0,8,0,8,0,8,6,8,8,0.6720021963119507,0.05,,,,,,,,,,,0.3896293123383304,0.6931020292102674
3391,train-load-1.0-scenario-11,1.0,1.0857142857142856,0.30952380952380953,1.0857142857142856,1.4585457450849746,-0.7866370627157229,0.386637062715723,0.4,0.6,0.4,0.6,4,6,4,6,10,7,10,4,0.3645778000354767,0.05,,,,,,,,,,,0.3896293123383304,0.6931020292102674
3392,train-load-0.9-scenario-43-retry-2,0.9,1.0,0.3333333333333333,1.0,4.836974138178585,-0.2422518057182239,0.6422518057182238,0.6,0.4,0.6,0.4,6,4,6,4,10,6,10,6,0.2068151831626892,0.05,,,,,,,,,,,0.3896293123383304,0.6931020292102674
3393,train-load-0.5-scenario-471,0.5,0.5571428571428572,0.45,0.5571428571428572,16.709442855810654,1.530743475213075,0.4692565247869249,1.0,0.0,1.0,0.0,9,0,9,0,9,7,9,9,0.41550835967063904,0.05,,,,,,,,,,,0.3896293123383304,0.6931020292102674
3394,train-load-0.7-scenario-655-retry-2,0.7,0.8,0.8,0.8,17.309910949173467,1.0839647560807697,0.30065062853461477,0.8461538461538461,0.15384615384615385,0.8461538461538461,0.15384615384615385,11,2,11,2,13,4,13,11,0.18379083275794983,0.05,,,,,,,,,,,0.3896293123383304,0.6931020292102674
3395,train-load-0.8-scenario-609,0.8,0.875,0.875,0.4875,9.629358680235757,0.5759857776614952,0.5351253334496161,0.7777777777777778,0.2222222222222222,0.7777777777777778,0.2222222222222222,7,2,7,2,9,4,9,7,0.22502382099628448,0.05,,,,,,,,,,,0.3896293123383304,0.6931020292102674
3396,train-load-0.5-scenario-325,0.5,0.40625,0.40625,0.40625,22.369270129711264,1.6018649907152476,0.39813500928475243,1.0,0.0,1.0,0.0,13,0,13,0,13,8,13,13,0.4704933762550354,0.05,,,,,,,,,,,0.3896293123383304,0.6931020292102674
3397,train-load-0.9-scenario-20,0.9,0.8319698,0.541607,0.8319698,10.406336810405332,0.8742466350967164,0.6257533649032835,0.875,0.125,0.8888888888888888,0.1111111111111111,7,1,8,1,9,5,8,7,0.21395647525787354,0.05,,,,,,,,,,,0.3896293123383304,0.6931020292102674
3398,train-load-1.0-scenario-296-retry-1,1.0,0.9305093750000001,0.9305093750000001,0.8989597500000001,7.5483754929621805,0.40966108246315036,0.5903389175368496,0.75,0.25,0.6,0.4,6,2,6,4,10,4,8,6,0.3566872179508209,0.05,,,,,,,,,,,0.3896293123383304,0.6931020292102674
3399,train-load-1.0-scenario-15-retry-1,1.0,0.9320982499999999,0.5588381250000001,0.9320982499999999,1.6046885325533349,-0.30415288824403586,0.7041528882440358,0.6,0.4,0.42857142857142855,0.5714285714285714,3,2,3,4,7,4,5,3,0.23590798676013947,0.05,,,,,,,,,,,0.3896293123383304,0.6931020292102674
3400,train-load-0.7-scenario-528-retry-2,0.7,0.8,0.3333333333333333,0.8,4.962026645518902,-0.006386712895117164,0.5063867128951172,0.625,0.375,0.625,0.375,5,3,5,3,8,4,8,5,0.08993890881538391,0.05,0.3802058914023976,0.521401329510273,0.7254018052281678,0.2745981947718324,0.7103869968053528,0.2896130031946473,0.6631414717269329,0.662171433979313,0.2943757558098433,0.7157965064635508,0.3896293123383304,0.6931020292102674
3401,train-load-0.9-scenario-744-retry-4,0.9,1.0,0.2,1.0,2.9021503599925396,-0.5157532179550107,0.5157532179550107,0.5,0.5,0.5,0.5,5,5,5,5,10,5,10,5,0.4658871293067932,0.05,,,,,,,,,,,0.3896293123383304,0.6931020292102674
3402,train-load-0.7-scenario-193-retry-2,0.7,0.7285714285714285,0.5714285714285714,0.7285714285714285,13.004079072162364,1.0246912319212562,0.5308643236342994,0.8888888888888888,0.1111111111111111,0.8333333333333334,0.16666666666666666,8,1,10,2,12,7,9,8,0.42762306332588196,0.05,,,,,,,,,,,0.3896293123383304,0.6931020292102674
3403,train-load-0.6-scenario-274,0.6,0.5234617142857143,0.3103764880952381,0.5234617142857143,12.71504743441892,1.3757055248986052,0.6242944751013948,1.0,0.0,1.0,0.0,7,0,7,0,7,7,7,7,0.26478520035743713,0.05,,,,,,,,,,,0.3896293123383304,0.6931020292102674
3404,train-load-0.7-scenario-209-retry-1,0.7,0.6,0.2916666666666667,0.6,15.997484966989484,1.2529409283073014,0.7470590716926986,1.0,0.0,1.0,0.0,10,0,10,0,10,8,10,10,0.3505266308784485,0.05,,,,,,,,,,,0.3896293123383304,0.6931020292102674
3405,train-load-0.9-scenario-569-retry-1,0.9,0.8962452,0.5379766666666667,0.8962452,6.445452062258148,0.126849480702369,0.5398171859642976,0.6666666666666666,0.3333333333333333,0.6666666666666666,0.3333333333333333,6,3,6,3,9,5,9,6,0.20053263008594513,0.05,,,,,,,,,,,0.3896293123383304,0.6931020292102674
3406,train-load-0.5-scenario-145-retry-3,0.5,0.525,0.45,0.525,16.60435023361218,1.555956169085163,0.4440438309148369,1.0,0.0,1.0,0.0,9,0,9,0,9,4,9,9,0.41862913966178894,0.05,,,,,,,,,,,0.3896293123383304,0.6931020292102674
3407,train-load-0.6-scenario-404-retry-1,0.6,0.62,0.62,0.51,15.240129171823353,1.5535703313866536,0.44642966861334643,1.0,0.0,1.0,0.0,8,0,9,0,9,5,8,8,0.4476306438446045,0.05,,,,,,,,,,,0.3896293123383304,0.6931020292102674
3408,train-load-0.8-scenario-24,0.8,0.9,0.9,0.9,11.747950299628222,0.9270438111360682,0.18406729997504298,0.7777777777777778,0.2222222222222222,0.7777777777777778,0.2222222222222222,7,2,7,2,9,4,9,7,0.20807048678398132,0.05,,,,,,,,,,,0.3896293123383304,0.6931020292102674
3409,train-load-0.7-scenario-107,0.7,0.6274332,0.53149125,0.6274332,11.697083181397158,1.1882354962331043,0.8117645037668957,1.0,0.0,1.0,0.0,7,0,8,0,8,5,7,7,0.37734994292259216,0.05,,,,,,,,,,,0.3896293123383304,0.6931020292102674
3410,train-load-0.8-scenario-250,0.8,0.68405825,0.344440625,0.68405825,9.737001796730699,1.3216858730052283,0.6783141269947717,1.0,0.0,1.0,0.0,5,0,5,0,5,4,5,5,0.4618060886859894,0.05,,,,,,,,,,,0.3896293123383304,0.6931020292102674
3411,train-load-0.6-scenario-550,0.6,0.48333333333333334,0.31666666666666665,0.48333333333333334,31.296423079176094,1.7606586414966636,0.2393413585033363,1.0,0.0,1.0,0.0,19,0,19,0,19,6,19,19,0.06164804846048355,0.05,,,,,,,,,,,0.3896293123383304,0.6931020292102674
3412,train-load-0.6-scenario-547,0.6,0.5589039583333333,0.5589039583333333,0.49132133333333333,12.31320497458813,0.929783393202913,0.6257721623526424,0.8888888888888888,0.1111111111111111,0.8888888888888888,0.1111111111111111,8,1,8,1,9,6,9,8,0.16791802644729614,0.05,,,,,,,,,,,0.3896293123383304,0.6931020292102674
3413,train-load-0.5-scenario-155,0.5,0.431911,0.2159708333333333,0.431911,7.438970818834911,1.1188714492737768,0.8811285507262231,1.0,0.0,1.0,0.0,4,0,5,0,5,7,4,4,0.33141762018203735,0.05,,,,,,,,,,,0.3896293123383304,0.6931020292102674
3414,train-load-0.9-scenario-678-retry-1,0.9,0.8416666666666667,0.6111111111111112,0.8416666666666667,14.260214377892524,1.1281353603536408,0.47186463964635916,0.9,0.1,0.8461538461538461,0.15384615384615385,9,1,11,2,13,6,10,9,0.42062801122665405,0.05,,,,,,,,,,,0.3896293123383304,0.6931020292102674
3415,train-load-0.6-scenario-359,0.6,0.6557108,0.4545666666666667,0.6557108,11.284132420255146,1.3410127112280135,0.6589872887719865,1.0,0.0,1.0,0.0,6,0,7,0,7,5,6,6,0.3307953476905823,0.05,,,,,,,,,,,0.3896293123383304,0.6931020292102674
3416,train-load-0.5-scenario-201,0.5,0.4368976,0.41733500000000007,0.4368976,12.774080031170268,1.5760714504628706,0.4239285495371295,1.0,0.0,1.0,0.0,6,0,6,0,6,5,6,6,0.4771502614021301,0.05,,,,,,,,,,,0.3896293123383304,0.6931020292102674
3417,train-load-0.6-scenario-545,0.6,0.5270124285714286,0.2720416666666667,0.5270124285714286,12.765530075893478,1.3964221774944092,0.6035778225055908,1.0,0.0,1.0,0.0,7,0,7,0,7,7,7,7,0.35372066497802734,0.05,,,,,,,,,,,0.3896293123383304,0.6931020292102674
3418,train-load-1.0-scenario-498-retry-1,1.0,1.0277777777777777,1.0277777777777777,0.9166666666666666,9.553107142699053,0.2675559378351702,0.39911072883149645,0.6666666666666666,0.3333333333333333,0.5882352941176471,0.4117647058823529,8,4,10,7,17,6,12,8,0.276531457901001,0.05,,,,,,,,,,,0.3896293123383304,0.6931020292102674
3419,train-load-0.9-scenario-392-retry-1,0.9,0.8,0.8,0.48,21.999382532797924,0.5337061370338758,0.46629386296612424,0.75,0.25,0.75,0.25,18,6,18,6,24,5,24,18,0.5022273063659668,0.05,,,,,,,,,,,0.3896293123383304,0.6931020292102674
3420,train-hard-8gpu-16pod-1vgpu,0.5,0.5,0.3333333333333333,0.5,25.82497163837644,1.625,0.375,1.0,0.0,1.0,0.0,16,0,16,0,16,8,16,16,0.39952296018600464,0.05,,,,,,,,,,,0.3896293123383304,0.6931020292102674
3421,train-load-0.8-scenario-428,0.8,0.7891196666666667,0.5967621527777778,0.7891196666666667,9.30904715236576,0.35692991049561407,0.843070089504386,0.8,0.2,0.7272727272727273,0.2727272727272727,8,2,8,3,11,6,10,8,0.3132375478744507,0.05,,,,,,,,,,,0.3896293123383304,0.6931020292102674
3422,train-load-0.5-scenario-741-retry-2,0.5,0.575,0.55,0.575,4.849779086757537,-0.15945608210867046,0.8261227487753371,0.6666666666666666,0.3333333333333333,0.6666666666666666,0.3333333333333333,6,3,6,3,9,6,9,6,0.302520215511322,0.05,,,,,,,,,,,0.3896293123383304,0.6931020292102674
3423,train-load-0.6-scenario-666,0.6,0.6333333333333333,0.6,0.6333333333333333,13.427163959810915,0.6805386261661559,0.6527947071671775,0.8333333333333334,0.16666666666666666,0.8333333333333334,0.16666666666666666,10,2,10,2,12,6,12,10,0.3078099489212036,0.05,,,,,,,,,,,0.3896293123383304,0.6931020292102674
3424,train-load-1.0-scenario-31,1.0,0.916066,0.743046,0.916066,8.371948323878524,0.32129027575789537,0.4787097242421045,0.7,0.3,0.6666666666666666,0.3333333333333333,7,3,8,4,12,5,10,7,0.26450788974761963,0.05,,,,,,,,,,,0.3896293123383304,0.6931020292102674
3425,train-load-1.0-scenario-235-retry-3,1.0,0.9758007499999999,0.790023125,0.9758007499999999,11.807853276857651,0.7806725893426799,0.41932741065732004,0.8,0.2,0.8,0.2,8,2,8,2,10,4,10,8,0.2576509416103363,0.05,,,,,,,,,,,0.3896293123383304,0.6931020292102674
3426,train-load-0.7-scenario-334-retry-1,0.7,0.75,0.5375,0.75,19.149016658791396,1.7989213251952252,0.20107867480477476,1.0,0.0,1.0,0.0,10,0,10,0,10,4,10,10,0.22424310445785522,0.05,,,,,,,,,,,0.3896293123383304,0.6931020292102674
3427,train-load-0.8-scenario-385,0.8,0.9,0.27,0.9,4.46470647438513,-0.21069739250122,0.4329196147234423,0.5555555555555556,0.4444444444444444,0.5555555555555556,0.4444444444444444,5,4,5,4,9,5,9,5,0.18991495668888092,0.05,,,,,,,,,,,0.3896293123383304,0.6931020292102674
3428,train-load-1.0-scenario-707,1.0,0.8907478333333334,0.7044570833333333,0.8907478333333334,11.563671035537983,0.35925072596710983,0.7176723509559672,0.7692307692307693,0.23076923076923078,0.7692307692307693,0.23076923076923078,10,3,10,3,13,6,13,10,0.17087912559509277,0.05,,,,,,,,,,,0.3896293123383304,0.6931020292102674
3429,train-load-0.9-scenario-82,0.9,0.8116328571428572,0.6115404761904761,0.8116328571428572,13.281867052620605,0.6826776807236172,0.6506556526097164,0.8333333333333334,0.16666666666666666,0.7857142857142857,0.21428571428571427,10,2,11,3,14,7,12,10,0.382455050945282,0.05,,,,,,,,,,,0.3896293123383304,0.6931020292102674
3430,train-load-0.7-scenario-494,0.7,0.7714285714285715,0.7714285714285715,0.5142857142857142,10.655412477801558,0.7632680911217746,0.34784301998933653,0.7777777777777778,0.2222222222222222,0.7777777777777778,0.2222222222222222,7,2,7,2,9,7,9,7,0.34547102451324463,0.05,,,,,,,,,,,0.3896293123383304,0.6931020292102674
3431,train-load-0.7-scenario-608-retry-1,0.7,0.8,0.8,0.64,11.784820195182128,0.7542860804057542,0.4457139195942459,0.8,0.2,0.8,0.2,8,2,8,2,10,5,10,8,0.2806919813156128,0.05,,,,,,,,,,,0.3896293123383304,0.6931020292102674
3432,train-load-0.5-scenario-137-retry-1,0.5,0.5666666666666667,0.4722222222222222,0.5666666666666667,9.065405732473932,0.6075125552349391,0.8924874447650609,0.875,0.125,0.875,0.125,7,1,7,1,8,6,8,7,0.2939467132091522,0.05,,,,,,,,,,,0.3896293123383304,0.6931020292102674
3433,train-load-0.7-scenario-20,0.7,0.6405185999999999,0.47952249999999996,0.6405185999999999,13.020982029213153,1.3975428084049843,0.6024571915950157,1.0,0.0,1.0,0.0,7,0,8,0,8,5,7,7,0.2802339792251587,0.05,,,,,,,,,,,0.3896293123383304,0.6931020292102674
3434,train-load-0.5-scenario-310,0.5,0.45714285714285713,0.34285714285714286,0.45714285714285713,15.00916358016023,1.514950197322161,0.48504980267783904,1.0,0.0,1.0,0.0,8,0,8,0,8,7,8,8,0.24052532017230988,0.05,,,,,,,,,,,0.3896293123383304,0.6931020292102674
3435,train-load-0.9-scenario-719,0.9,0.821013375,0.62220625,0.821013375,17.3875037545352,0.8140896734635719,0.6525769932030949,0.8666666666666667,0.13333333333333333,0.8666666666666667,0.13333333333333333,13,2,13,2,15,8,15,13,0.36416250467300415,0.05,,,,,,,,,,,0.3896293123383304,0.6931020292102674
3436,train-load-1.0-scenario-509,1.0,0.9178758333333333,0.640725,0.9178758333333333,11.17179999019416,0.5567329694929247,0.7159943032343481,0.8181818181818182,0.18181818181818182,0.8181818181818182,0.18181818181818182,9,2,9,2,11,6,11,9,0.19363202154636383,0.05,,,,,,,,,,,0.3896293123383304,0.6931020292102674
3437,train-load-0.5-scenario-419,0.5,0.47365199999999996,0.42420875,0.47365199999999996,9.627642089894765,1.2642476062184893,0.7357523937815108,1.0,0.0,1.0,0.0,5,0,7,0,7,6,5,5,0.2578065097332001,0.05,,,,,,,,,,,0.3896293123383304,0.6931020292102674
3438,train-load-0.6-scenario-346,0.6,0.5385361666666667,0.32152152777777776,0.5385361666666667,10.349816142087084,1.4066071991278868,0.5933928008721133,1.0,0.0,1.0,0.0,5,0,6,0,6,6,5,5,0.25943443179130554,0.05,,,,,,,,,,,0.3896293123383304,0.6931020292102674
3439,train-load-0.9-scenario-87-retry-1,0.9,0.8666666666666667,0.3055555555555556,0.8666666666666667,16.334696449228304,0.8490709833649929,0.5795004452064356,0.8571428571428571,0.14285714285714285,0.8571428571428571,0.14285714285714285,12,2,12,2,14,6,14,12,0.23177726566791534,0.05,,,,,,,,,,,0.3896293123383304,0.6931020292102674
3440,train-load-0.8-scenario-655,0.8,0.6892333333333334,0.6892333333333334,0.6111230000000001,13.865483122473865,1.5527632695793239,0.44723673042067624,1.0,0.0,1.0,0.0,7,0,9,0,9,5,7,7,0.2958502173423767,0.05,,,,,,,,,,,0.3896293123383304,0.6931020292102674
3441,train-load-0.9-scenario-555,0.9,0.828651,0.5832225,0.828651,9.773404063167728,0.5785979792797364,0.5325131318313748,0.7777777777777778,0.2222222222222222,0.7777777777777778,0.2222222222222222,7,2,7,2,9,5,9,7,0.3917064070701599,0.05,,,,,,,,,,,0.3896293123383304,0.6931020292102674
3442,train-load-0.6-scenario-396,0.6,0.5434415714285714,0.24165267857142858,0.5434415714285714,10.773493256059623,1.2389266087534918,0.7610733912465082,1.0,0.0,1.0,0.0,6,0,7,0,7,7,6,6,0.3061303198337555,0.05,,,,,,,,,,,0.3896293123383304,0.6931020292102674
3443,train-load-0.5-scenario-512,0.5,0.4281515714285714,0.34605839285714285,0.4281515714285714,10.76482991249945,1.454339649153309,0.5456603508466911,1.0,0.0,1.0,0.0,5,0,7,0,7,7,5,5,0.2909126877784729,0.05,,,,,,,,,,,0.3896293123383304,0.6931020292102674
3444,train-load-0.7-scenario-497,0.7,0.725,0.5,0.725,11.528876656408773,1.0313473595497817,0.4686526404502182,0.875,0.125,0.875,0.125,7,1,7,1,8,6,8,7,0.28667229413986206,0.05,,,,,,,,,,,0.3896293123383304,0.6931020292102674
3445,train-load-1.0-scenario-189-retry-2,1.0,0.940006375,0.7597384375,0.940006375,11.996640979221787,0.13925682306331755,0.6107431769366825,0.6875,0.3125,0.6470588235294118,0.35294117647058826,11,5,11,6,17,8,16,11,0.3070020079612732,0.05,,,,,,,,,,,0.3896293123383304,0.6931020292102674
3446,train-load-0.8-scenario-1,0.8,0.7428571428571429,0.6190476190476191,0.7428571428571429,27.76791795781199,1.7281930921797224,0.2718069078202776,1.0,0.0,1.0,0.0,17,0,17,0,17,7,17,17,0.3480362892150879,0.05,,,,,,,,,,,0.3896293123383304,0.6931020292102674
3447,train-load-0.8-scenario-198,0.8,0.6921825,0.3984284722222222,0.6921825,7.093111511343036,0.3271083378114761,0.6728916621885239,0.75,0.25,0.75,0.25,6,2,6,2,8,6,8,6,0.35615861415863037,0.05,,,,,,,,,,,0.3896293123383304,0.6931020292102674
3448,train-load-0.8-scenario-103,0.8,0.9142857142857143,0.9142857142857143,0.5714285714285714,8.628545258992473,-0.21643790670482965,0.46643790670482965,0.5625,0.4375,0.5625,0.4375,9,7,9,7,16,7,16,9,0.4032209515571594,0.05,,,,,,,,,,,0.3896293123383304,0.6931020292102674
3449,train-load-0.6-scenario-546,0.6,0.55517225,0.305525,0.55517225,6.9317560426928635,1.0260451010666582,0.9739548989333418,1.0,0.0,1.0,0.0,4,0,4,0,4,4,4,4,0.4162781834602356,0.05,,,,,,,,,,,0.3896293123383304,0.6931020292102674
3450,train-load-0.5-scenario-125,0.5,0.42666642857142856,0.40294583333333334,0.42666642857142856,11.331819207568891,1.3288905601472267,0.6711094398527733,1.0,0.0,1.0,0.0,6,0,7,0,7,7,6,6,0.08466742932796478,0.05,,,,,,,,,,,0.3896293123383304,0.6931020292102674
3451,train-load-0.6-scenario-369,0.6,0.6785714285714286,0.5428571428571428,0.6785714285714286,21.800604578941044,1.7612978221348503,0.2387021778651497,1.0,0.0,1.0,0.0,12,0,12,0,12,7,12,12,0.21956902742385864,0.05,,,,,,,,,,,0.3896293123383304,0.6931020292102674
3452,train-load-0.8-scenario-258,0.8,0.9166666666666666,0.3055555555555556,0.9166666666666666,4.50540363603253,-0.3516349053250335,0.5334530871432153,0.5454545454545454,0.45454545454545453,0.5454545454545454,0.45454545454545453,6,5,6,5,11,6,11,6,0.3780195713043213,0.05,,,,,,,,,,,0.3896293123383304,0.6931020292102674
3453,train-load-1.0-scenario-18-retry-1,1.0,0.9660991666666666,0.7152547916666666,0.9660991666666666,5.687375149453345,-0.4242512694028653,0.8857897309413268,0.6153846153846154,0.38461538461538464,0.6153846153846154,0.38461538461538464,8,5,8,5,13,6,13,8,0.2001459300518036,0.05,,,,,,,,,,,0.3896293123383304,0.6931020292102674
3454,train-load-0.7-scenario-379,0.7,0.59694225,0.39959125,0.59694225,11.022159048330149,1.5257219194260545,0.47427808057394544,1.0,0.0,1.0,0.0,5,0,5,0,5,4,5,5,0.2848779261112213,0.05,,,,,,,,,,,0.3896293123383304,0.6931020292102674
3455,train-load-1.0-scenario-673-retry-3,1.0,1.0625,0.4166666666666667,1.0625,7.541987027870156,0.24435114659245005,0.5556488534075499,0.7,0.3,0.7,0.3,7,3,7,3,10,4,10,7,0.31279462575912476,0.05,,,,,,,,,,,0.3896293123383304,0.6931020292102674
3456,train-load-0.6-scenario-194-retry-6,0.6,0.68,0.4,0.68,12.902004897900264,1.2215827008352598,0.7784172991647403,1.0,0.0,1.0,0.0,8,0,8,0,8,5,8,8,0.24131640791893005,0.05,,,,,,,,,,,0.3896293123383304,0.6931020292102674
3457,train-load-1.0-scenario-421,1.0,0.904832,0.58966765625,0.904832,14.002143527428318,0.6151844866188318,0.7694308979965527,0.8461538461538461,0.15384615384615385,0.8125,0.1875,11,2,13,3,16,8,13,11,0.10915609449148178,0.05,,,,,,,,,,,0.3896293123383304,0.6931020292102674
3458,train-load-0.7-scenario-187-retry-1,0.7,0.66,0.47,0.66,15.808956280350296,1.4784192874741982,0.5215807125258018,1.0,0.0,1.0,0.0,9,0,9,0,9,5,9,9,0.27851665019989014,0.05,,,,,,,,,,,0.3896293123383304,0.6931020292102674
3459,train-load-0.9-scenario-621-retry-1,0.9,1.0,0.5333333333333333,1.0,14.20541154653936,0.6390562522530927,0.5038008906040501,0.7857142857142857,0.21428571428571427,0.7857142857142857,0.21428571428571427,11,3,11,3,14,5,14,11,0.174813374876976,0.05,,,,,,,,,,,0.3896293123383304,0.6931020292102674
3460,train-load-0.7-scenario-638-retry-2,0.7,0.7738095238095238,0.7738095238095238,0.7071428571428572,12.713611776162452,0.9873956992345073,0.2126043007654927,0.8,0.2,0.8,0.2,8,2,8,2,10,7,10,8,0.28725600242614746,0.05,,,,,,,,,,,0.3896293123383304,0.6931020292102674
3461,train-load-0.5-scenario-572,0.5,0.5476190476190477,0.5476190476190477,0.25,13.582886550404364,1.3149858870189828,0.6850141129810172,1.0,0.0,1.0,0.0,8,0,8,0,8,7,8,8,0.42659154534339905,0.05,,,,,,,,,,,0.3896293123383304,0.6931020292102674
3462,train-load-0.6-scenario-539,0.6,0.6511411458333334,0.6511411458333334,0.513801,5.901131418212954,0.5748538084761085,0.6251461915238916,0.8,0.2,0.6666666666666666,0.3333333333333333,4,1,4,2,6,4,5,4,0.46510374546051025,0.05,,,,,,,,,,,0.3896293123383304,0.6931020292102674
3463,train-load-0.8-scenario-114,0.8,0.9,0.375,0.9,6.41481413970436,0.08441345029596292,0.5822532163707037,0.6666666666666666,0.3333333333333333,0.6666666666666666,0.3333333333333333,6,3,6,3,9,4,9,6,0.3904331922531128,0.05,,,,,,,,,,,0.3896293123383304,0.6931020292102674
3464,train-load-0.5-scenario-636,0.5,0.46897,0.46897,0.4069496666666667,10.29346505055507,1.3919048700466474,0.6080951299533526,1.0,0.0,1.0,0.0,5,0,7,0,7,6,5,5,0.4065271019935608,0.05,,,,,,,,,,,0.3896293123383304,0.6931020292102674
3465,train-load-1.0-scenario-620,1.0,0.9325910000000001,0.45135,0.9325910000000001,8.540166061536926,0.7494279724410075,0.679143456130421,0.8571428571428571,0.14285714285714285,0.8571428571428571,0.14285714285714285,6,1,6,1,7,4,7,6,0.2437872588634491,0.05,,,,,,,,,,,0.3896293123383304,0.6931020292102674
3466,train-load-0.6-scenario-409,0.6,0.7,0.13,0.7,14.994016824593203,1.3648321981525346,0.6351678018474654,1.0,0.0,1.0,0.0,9,0,9,0,9,5,9,9,0.4042436182498932,0.05,,,,,,,,,,,0.3896293123383304,0.6931020292102674
3467,train-load-0.7-scenario-353,0.7,0.69005675,0.43834625000000005,0.69005675,11.173258517706236,1.330305767971993,0.669694232028007,1.0,0.0,1.0,0.0,6,0,6,0,6,4,6,6,0.34881162643432617,0.05,,,,,,,,,,,0.3896293123383304,0.6931020292102674
3468,train-load-0.6-scenario-296,0.6,0.7142857142857143,0.2857142857142857,0.7142857142857143,8.528996292290206,0.2989441937602132,0.5010558062397867,0.7,0.3,0.7,0.3,7,3,7,3,10,7,10,7,0.39199626445770264,0.05,,,,,,,,,,,0.3896293123383304,0.6931020292102674
3469,train-load-0.9-scenario-288,0.9,0.8143028333333333,0.5794995833333334,0.8143028333333333,15.67302455622655,1.1342188193545308,0.5021448170091054,0.9090909090909091,0.09090909090909091,0.8333333333333334,0.16666666666666666,10,1,10,2,12,6,11,10,0.29509130120277405,0.05,,,,,,,,,,,0.3896293123383304,0.6931020292102674
3470,train-load-0.6-scenario-390,0.6,0.5,0.5,0.1,14.599255962358372,1.4658760088456684,0.5341239911543316,1.0,0.0,1.0,0.0,8,0,8,0,8,8,8,8,0.42190027236938477,0.05,,,,,,,,,,,0.3896293123383304,0.6931020292102674
3471,train-load-1.0-scenario-694,1.0,0.8847018000000001,0.5670474999999999,0.8847018000000001,11.450688492676846,0.6118638823175874,0.6608633904096854,0.8181818181818182,0.18181818181818182,0.8181818181818182,0.18181818181818182,9,2,9,2,11,5,11,9,0.19063174724578857,0.05,,,,,,,,,,,0.3896293123383304,0.6931020292102674
3472,train-load-1.0-scenario-700-retry-17,1.0,1.0,0.1,1.0,13.919743268909453,0.04015398028774886,0.7598460197122511,0.7,0.3,0.7,0.3,14,6,14,6,20,5,20,14,0.21474848687648773,0.05,,,,,,,,,,,0.3896293123383304,0.6931020292102674
3473,train-load-0.6-scenario-691-retry-1,0.6,0.5714285714285714,0.45714285714285713,0.5714285714285714,12.497752016148223,1.1568108439703173,0.34318915602968275,0.875,0.125,0.875,0.125,7,1,7,1,8,7,8,7,0.2233864665031433,0.05,,,,,,,,,,,0.3896293123383304,0.6931020292102674
3474,train-load-0.9-scenario-171,0.9,0.832665125,0.41496093749999996,0.832665125,11.502123275074135,0.3481354382053803,0.7287876387176967,0.7692307692307693,0.23076923076923078,0.7692307692307693,0.23076923076923078,10,3,10,3,13,8,13,10,0.4297924041748047,0.05,,,,,,,,,,,0.3896293123383304,0.6931020292102674
3475,train-load-0.7-scenario-171,0.7,0.7714285714285715,0.6428571428571429,0.7714285714285715,21.031959205573,1.376207027277313,0.3380786870084014,0.9285714285714286,0.07142857142857142,0.9285714285714286,0.07142857142857142,13,1,13,1,14,7,14,13,0.4044668674468994,0.05,,,,,,,,,,,0.3896293123383304,0.6931020292102674
3476,train-load-0.5-scenario-416,0.5,0.46433614285714286,0.3012827380952381,0.46433614285714286,12.999215878608256,1.4022005955348318,0.5977994044651683,1.0,0.0,1.0,0.0,7,0,8,0,8,7,7,7,0.5779474377632141,0.05,,,,,,,,,,,0.3896293123383304,0.6931020292102674
3477,train-load-0.7-scenario-740,0.7,0.6554438333333333,0.5796383333333334,0.6554438333333333,11.668577864817763,0.8610325520188945,0.6945230035366611,0.8888888888888888,0.1111111111111111,0.9,0.1,8,1,9,1,10,6,9,8,0.2579301595687866,0.05,,,,,,,,,,,0.3896293123383304,0.6931020292102674
3478,train-load-0.9-scenario-408-retry-1,0.9,0.8338285999999999,0.42241549999999994,0.8338285999999999,9.05265484182926,0.792465485394719,0.6361059431767095,0.8571428571428571,0.14285714285714285,0.75,0.25,6,1,6,2,8,5,7,6,0.23478393256664276,0.05,,,,,,,,,,,0.3896293123383304,0.6931020292102674
3479,train-load-0.5-scenario-571,0.5,0.6,0.6,0.15,18.128867509572487,1.2371560171129374,0.7628439828870626,1.0,0.0,1.0,0.0,12,0,12,0,12,8,12,12,0.375866174697876,0.05,,,,,,,,,,,0.3896293123383304,0.6931020292102674
3480,train-load-0.8-scenario-550-retry-10,0.8,0.8,0.8,0.64,8.488858131398786,0.5209970092215277,0.47900299077847236,0.75,0.25,0.75,0.25,6,2,6,2,8,5,8,6,0.2872476577758789,0.05,,,,,,,,,,,0.3896293123383304,0.6931020292102674
3481,train-load-0.5-scenario-302,0.5,0.4614928,0.22749666666666668,0.4614928,8.896450546007328,1.3308902249983883,0.6691097750016117,1.0,0.0,1.0,0.0,4,0,4,0,4,5,4,4,0.1950616091489792,0.05,,,,,,,,,,,0.3896293123383304,0.6931020292102674
3482,train-load-0.5-scenario-749-retry-2,0.5,0.5119047619047619,0.5119047619047619,0.15714285714285714,16.82741768992987,1.2104644636580946,0.7895355363419053,1.0,0.0,1.0,0.0,11,0,11,0,11,7,11,11,0.34598445892333984,0.05,,,,,,,,,,,0.3896293123383304,0.6931020292102674
3483,train-load-0.6-scenario-453,0.6,0.5800597916666667,0.5800597916666667,0.4838276666666667,16.16941882786095,1.509564439543606,0.4904355604563939,1.0,0.0,1.0,0.0,9,0,9,0,9,6,9,9,0.2785082459449768,0.05,,,,,,,,,,,0.3896293123383304,0.6931020292102674
3484,train-load-1.0-scenario-231,1.0,0.8924616666666666,0.5050333333333333,0.8924616666666666,10.38480458704229,0.699054843342753,0.41205626776835813,0.7777777777777778,0.2222222222222222,0.6666666666666666,0.3333333333333333,7,2,8,4,12,6,9,7,0.0952010452747345,0.05,,,,,,,,,,,0.3896293123383304,0.6931020292102674
3485,train-load-0.8-scenario-339-retry-2,0.8,0.9,0.9,0.75,12.3038199723069,0.5826207787780402,0.4173792212219599,0.75,0.25,0.75,0.25,9,3,9,3,12,4,12,9,0.2938010096549988,0.05,,,,,,,,,,,0.3896293123383304,0.6931020292102674
3486,train-load-0.7-scenario-623,0.7,0.59375,0.59375,0.225,26.156510599099224,1.2865628431243676,0.7134371568756324,1.0,0.0,1.0,0.0,18,0,18,0,18,8,18,18,0.1782747209072113,0.05,,,,,,,,,,,0.3896293123383304,0.6931020292102674
3487,train-load-1.0-scenario-253-retry-1,1.0,0.9129269999999999,0.5331026041666667,0.9129269999999999,13.336722987528798,0.5013053346641128,0.64155180819303,0.7857142857142857,0.21428571428571427,0.7333333333333333,0.26666666666666666,11,3,11,4,15,8,14,11,0.22324398159980774,0.05,,,,,,,,,,,0.3896293123383304,0.6931020292102674
3488,train-load-0.7-scenario-197-retry-3,0.7,0.8,0.8,0.65,9.400771131843387,0.16969284412603125,0.4969738225406354,0.6666666666666666,0.3333333333333333,0.6666666666666666,0.3333333333333333,8,4,8,4,12,6,12,8,0.3762596845626831,0.05,,,,,,,,,,,0.3896293123383304,0.6931020292102674
3489,train-load-0.7-scenario-610,0.7,0.7285714285714285,0.7142857142857143,0.7285714285714285,12.749093647276219,0.9934535946942639,0.5621019608612915,0.8888888888888888,0.1111111111111111,0.8333333333333334,0.16666666666666666,8,1,10,2,12,7,9,8,0.42536184191703796,0.05,,,,,,,,,,,0.3896293123383304,0.6931020292102674
3490,train-load-0.8-scenario-218-retry-1,0.8,0.9166666666666666,0.6111111111111112,0.9166666666666666,5.03139378014375,-0.35001010782423003,0.5318282896424118,0.5454545454545454,0.45454545454545453,0.5454545454545454,0.45454545454545453,6,5,6,5,11,6,11,6,0.5571854114532471,0.05,,,,,,,,,,,0.3896293123383304,0.6931020292102674
3491,train-load-0.9-scenario-334-retry-2,0.9,0.9642857142857143,0.7714285714285715,0.9642857142857143,7.392087409568553,-0.06827134751891417,0.4016046808522475,0.5833333333333334,0.4166666666666667,0.5833333333333334,0.4166666666666667,7,5,7,5,12,7,12,7,0.34107354283332825,0.05,,,,,,,,,,,0.3896293123383304,0.6931020292102674
3492,train-load-0.9-scenario-91,0.9,0.8579376,0.44185424999999995,0.8579376,9.98515920545707,0.8434039901324215,0.6565960098675785,0.875,0.125,0.8888888888888888,0.1111111111111111,7,1,8,1,9,5,8,7,0.4361095428466797,0.05,,,,,,,,,,,0.3896293123383304,0.6931020292102674
3493,train-load-0.8-scenario-475,0.8,0.7198724,0.37461300000000003,0.7198724,10.139574530367469,1.1650607745080985,0.8349392254919015,1.0,0.0,1.0,0.0,6,0,7,0,7,5,6,6,0.2163332998752594,0.05,,,,,,,,,,,0.3896293123383304,0.6931020292102674
3494,train-load-0.7-scenario-634,0.7,0.7229686666666667,0.41915416666666666,0.7229686666666667,9.859137501188313,0.7178095665315052,0.7821904334684948,0.875,0.125,0.7777777777777778,0.2222222222222222,7,1,7,2,9,6,8,7,0.31842461228370667,0.05,,,,,,,,,,,0.3896293123383304,0.6931020292102674
3495,train-load-0.9-scenario-747,0.9,0.780164,0.34569374999999997,0.780164,8.626881129401934,0.573623012212062,0.926376987787938,0.875,0.125,0.7777777777777778,0.2222222222222222,7,1,7,2,9,6,8,7,0.33473536372184753,0.05,,,,,,,,,,,0.3896293123383304,0.6931020292102674
3496,train-load-1.0-scenario-237-retry-2,1.0,0.957373,0.861931,0.957373,8.57234759592674,0.1562574717485541,0.7528334373423551,0.7272727272727273,0.2727272727272727,0.6666666666666666,0.3333333333333333,8,3,8,4,12,5,11,8,0.29145222902297974,0.05,,,,,,,,,,,0.3896293123383304,0.6931020292102674
3497,train-load-0.9-scenario-343,0.9,0.8432196666666667,0.5180802083333333,0.8432196666666667,9.862017602883773,0.5034964315578488,0.6965035684421512,0.8,0.2,0.8,0.2,8,2,8,2,10,6,10,8,0.353494256734848,0.05,,,,,,,,,,,0.3896293123383304,0.6931020292102674
3498,train-load-1.0-scenario-357-retry-1,1.0,0.8875,0.5125,0.8875,16.529785796484838,0.7544288926731876,0.4455711073268125,0.8,0.2,0.8,0.2,12,3,12,3,15,4,15,12,0.2817370295524597,0.05,,,,,,,,,,,0.3896293123383304,0.6931020292102674
3499,train-load-0.8-scenario-384,0.8,0.6926672857142857,0.4549307142857143,0.6926672857142857,12.698785861583366,0.8702802823231444,0.7297197176768557,0.9,0.1,0.9,0.1,9,1,9,1,10,7,10,9,0.418273389339447,0.05,,,,,,,,,,,0.3896293123383304,0.6931020292102674
