episode,scenario_id,target_load,actual_load,memory_load,core_load,reward,objective,balance_score,success_rate,failure_rate,vgpu_success_rate,vgpu_failure_rate,allocated_count,failure_count,allocated_vgpu_count,failure_vgpu_count,total_vgpu_count,num_gpus,num_pods,steps,loss,epsilon,eval_objective,eval_balance_score,eval_success_rate,eval_failure_rate,eval_vgpu_success_rate,eval_vgpu_failure_rate,eval_checkpoint_score,eval_conflict_objective,eval_conflict_intra_gpu_balance_score,eval_lowmid_objective,best_eval_objective,best_checkpoint_score
1,train-load-0.7-scenario-25,0.7,0.6069565,0.57329125,0.6069565,11.506134236108002,0.7108247677630571,0.4891752322369429,0.8,0.2,0.7272727272727273,0.2727272727272727,8,2,8,3,11,6,10,8,0.0,0.995,,,,,,,,,,,-1e+18,-1e+18
2,train-load-0.5-scenario-297-retry-1,0.5,0.40625,0.19270833333333334,0.40625,32.30267697110005,1.3182939584541935,0.6817060415458064,1.0,0.0,1.0,0.0,22,0,22,0,22,8,22,22,0.0,0.990025,,,,,,,,,,,-1e+18,-1e+18
3,train-load-0.5-scenario-571,0.5,0.6,0.6,0.15,18.409972297742897,1.1869608517888262,0.8130391482111738,1.0,0.0,1.0,0.0,12,0,12,0,12,8,12,12,0.0,0.985074875,,,,,,,,,,,-1e+18,-1e+18
4,train-load-0.5-scenario-273-retry-1,0.5,0.4,0.16666666666666666,0.4,24.37363030148108,1.2747064553368315,0.7252935446631685,1.0,0.0,1.0,0.0,16,0,16,0,16,8,16,16,0.0,0.9801495006250001,,,,,,,,,,,-1e+18,-1e+18
5,train-load-0.5-scenario-394,0.5,0.473155,0.33069166666666666,0.473155,8.453693102276823,1.2591797230378128,0.7408202769621872,1.0,0.0,1.0,0.0,4,0,4,0,4,4,4,4,0.0,0.9752487531218751,,,,,,,,,,,-1e+18,-1e+18
6,train-load-1.0-scenario-486,1.0,0.9000721666666668,0.4194439583333333,0.9000721666666668,2.9362023041314322,-0.2939573458586634,0.5796716315729491,0.5714285714285714,0.42857142857142855,0.4444444444444444,0.5555555555555556,4,3,4,5,9,6,7,4,0.0,0.9703725093562657,,,,,,,,,,,-1e+18,-1e+18
7,train-load-0.9-scenario-492,0.9,0.875,0.1875,0.875,19.449805316844074,0.8593863491841314,0.6406136508158686,0.875,0.125,0.875,0.125,14,2,14,2,16,6,16,14,0.0,0.9655206468094844,,,,,,,,,,,-1e+18,-1e+18
8,train-load-0.6-scenario-297-retry-2,0.6,0.65,0.65,0.65,13.60627784901978,0.5976183598837524,0.47930471703932465,0.7692307692307693,0.23076923076923078,0.7692307692307693,0.23076923076923078,10,3,10,3,13,8,13,10,0.0,0.960693043575437,,,,,,,,,,,-1e+18,-1e+18
9,train-load-0.5-scenario-371,0.5,0.5714285714285714,0.17142857142857143,0.5714285714285714,11.097896242002964,0.9089653025498006,0.5910346974501994,0.875,0.125,0.875,0.125,7,1,7,1,8,7,8,7,0.0,0.9558895783575597,,,,,,,,,,,-1e+18,-1e+18
10,train-load-0.6-scenario-307,0.6,0.6153772000000001,0.5454866666666667,0.6153772000000001,3.85388397838288,0.008658303651520538,0.6580083630151461,0.6666666666666666,0.3333333333333333,0.7142857142857143,0.2857142857142857,4,2,5,2,7,5,6,4,0.0,0.9511101304657719,,,,,,,,,,,-1e+18,-1e+18
11,train-load-0.7-scenario-87,0.7,0.7982455714285713,0.35117767857142856,0.7982455714285713,11.828868997940043,0.8391832012893937,0.7163723542661617,0.8888888888888888,0.1111111111111111,0.8,0.2,8,1,8,2,10,7,9,8,0.0,0.946354579813443,,,,,,,,,,,-1e+18,-1e+18
12,train-load-0.9-scenario-354,0.9,1.0,1.0,0.4166666666666667,5.449287145230664,-0.18001632677776336,0.5800163267777633,0.6,0.4,0.6,0.4,6,4,6,4,10,6,10,6,0.0,0.9416228069143757,,,,,,,,,,,-1e+18,-1e+18
13,train-load-0.5-scenario-543,0.5,0.5,0.5,0.375,20.06678648112233,1.4840668330665774,0.5159331669334225,1.0,0.0,1.0,0.0,12,0,12,0,12,8,12,12,0.0,0.9369146928798039,,,,,,,,,,,-1e+18,-1e+18
14,train-load-0.6-scenario-619,0.6,0.5979909999999999,0.5979909999999999,0.4335838,9.471410975642723,0.9943507205311932,1.0056492794688068,1.0,0.0,1.0,0.0,6,0,8,0,8,5,6,6,2.299612045288086,0.9322301194154049,,,,,,,,,,,-1e+18,-1e+18
15,train-load-1.0-scenario-476,1.0,0.88616775,0.3945208333333334,0.88616775,9.596486157339406,0.11615697083608778,0.8838430291639122,0.75,0.25,0.7692307692307693,0.23076923076923078,9,3,10,3,13,8,12,9,2.600234031677246,0.9275689688183278,,,,,,,,,,,-1e+18,-1e+18
16,train-load-1.0-scenario-546-retry-7,1.0,0.8916666666666667,0.6833333333333333,0.8916666666666667,23.718932335769384,1.4770141412470763,0.2729858587529236,0.9375,0.0625,0.9375,0.0625,15,1,15,1,16,6,16,15,1.9153274297714233,0.9229311239742362,,,,,,,,,,,-1e+18,-1e+18
17,train-load-0.6-scenario-189,0.6,0.5351126,0.4267533333333333,0.5351126,10.473071418471141,1.195620600399221,0.8043793996007792,1.0,0.0,1.0,0.0,6,0,6,0,6,5,6,6,2.4928183555603027,0.918316468354365,,,,,,,,,,,-1e+18,-1e+18
18,train-load-0.9-scenario-610-retry-11,0.9,1.0,0.6666666666666666,1.0,5.9543412831178255,-0.09374155216767599,0.4937415521676759,0.6,0.4,0.6,0.4,6,4,6,4,10,6,10,6,2.1135709285736084,0.9137248860125932,,,,,,,,,,,-1e+18,-1e+18
19,train-load-0.5-scenario-296-retry-2,0.5,0.5666666666666667,0.5666666666666667,0.36666666666666664,17.334047352660562,1.212751143385013,0.7872488566149869,1.0,0.0,1.0,0.0,11,0,11,0,11,6,11,11,2.1529593467712402,0.9091562615825302,,,,,,,,,,,-1e+18,-1e+18
20,train-load-0.5-scenario-544-retry-2,0.5,0.40476190476190477,0.40476190476190477,0.24285714285714285,26.18487176013223,1.3852520369713002,0.6147479630286998,1.0,0.0,1.0,0.0,17,0,17,0,17,7,17,17,1.0442872047424316,0.9046104802746175,,,,,,,,,,,-1e+18,-1e+18
21,train-load-0.6-scenario-320-retry-2,0.6,0.56,0.4666666666666667,0.56,23.6688575482287,1.5774736619870509,0.42252633801294903,1.0,0.0,1.0,0.0,14,0,14,0,14,5,14,14,1.870141625404358,0.9000874278732445,,,,,,,,,,,-1e+18,-1e+18
22,train-load-0.8-scenario-593-retry-3,0.8,0.8571428571428571,0.09523809523809523,0.8571428571428571,-1.627904142841445,-1.2357511842344342,0.7357511842344342,0.375,0.625,0.375,0.625,3,5,3,5,8,7,8,3,1.4519872665405273,0.8955869907338783,,,,,,,,,,,-1e+18,-1e+18
23,train-load-0.5-scenario-112,0.5,0.4381655,0.228914375,0.4381655,8.992481965792516,1.3204017436784228,0.6795982563215771,1.0,0.0,1.0,0.0,4,0,4,0,4,4,4,4,1.8983628749847412,0.8911090557802088,,,,,,,,,,,-1e+18,-1e+18
24,train-load-0.6-scenario-480,0.6,0.6797604166666668,0.6797604166666668,0.49096775000000004,7.4070586245758205,0.8061274555534793,0.3938725444465207,0.8,0.2,0.8333333333333334,0.16666666666666666,4,1,5,1,6,4,5,4,2.1656806468963623,0.8866535105013078,,,,,,,,,,,-1e+18,-1e+18
25,train-load-0.5-scenario-692,0.5,0.40625,0.1625,0.40625,21.318975968295526,1.4565331676280975,0.5434668323719025,1.0,0.0,1.0,0.0,13,0,13,0,13,8,13,13,0.975212037563324,0.8822202429488013,,,,,,,,,,,-1e+18,-1e+18
26,train-load-0.9-scenario-585-retry-1,0.9,1.0,0.2,1.0,2.6526887438754256,-0.638444407451005,0.638444407451005,0.5,0.5,0.5,0.5,5,5,5,5,10,5,10,5,1.044177770614624,0.8778091417340573,,,,,,,,,,,-1e+18,-1e+18
27,train-load-0.5-scenario-722,0.5,0.590890125,0.32226062499999997,0.590890125,8.628432213081178,0.6292111769158227,0.7993602516556058,0.8571428571428571,0.14285714285714285,0.8,0.2,6,1,8,2,10,8,7,6,0.75669264793396,0.8734200960253871,,,,,,,,,,,-1e+18,-1e+18
28,train-load-1.0-scenario-401,1.0,0.9287875000000001,0.5972760416666667,0.9287875000000001,8.531180191970327,0.06751393955898854,0.5991527271076781,0.6666666666666666,0.3333333333333333,0.6666666666666666,0.3333333333333333,8,4,8,4,12,6,12,8,0.7232022285461426,0.8690529955452602,,,,,,,,,,,-1e+18,-1e+18
29,train-load-0.8-scenario-134,0.8,0.8785714285714286,0.8095238095238095,0.8785714285714286,6.9030824174736,-0.045675009029821356,0.5911295544843668,0.6363636363636364,0.36363636363636365,0.6363636363636364,0.36363636363636365,7,4,7,4,11,7,11,7,1.1377439498901367,0.8647077305675338,,,,,,,,,,,-1e+18,-1e+18
30,train-load-0.9-scenario-18,0.9,0.8137455,0.5517440972222222,0.8137455,14.16534476825768,1.0760286864994564,0.5239713135005437,0.9,0.1,0.9090909090909091,0.09090909090909091,9,1,10,1,11,6,10,9,0.5817645788192749,0.8603841919146962,,,,,,,,,,,-1e+18,-1e+18
31,train-load-0.8-scenario-262,0.8,0.69874175,0.6619752604166667,0.69874175,15.101401692558687,0.7510610712288397,0.6335543133865449,0.8461538461538461,0.15384615384615385,0.8666666666666667,0.13333333333333333,11,2,13,2,15,8,13,11,1.3907639980316162,0.8560822709551227,,,,,,,,,,,-1e+18,-1e+18
32,train-load-0.7-scenario-153-retry-3,0.7,0.8,0.6666666666666666,0.8,7.918319795315333,0.4561604915966331,0.5438395084033669,0.75,0.25,0.75,0.25,6,2,6,2,8,4,8,6,1.6723463535308838,0.851801859600347,,,,,,,,,,,-1e+18,-1e+18
33,train-load-0.7-scenario-739,0.7,0.6758273749999999,0.5602240625,0.6758273749999999,16.3452872332816,0.7712781144239952,0.6572933141474332,0.8571428571428571,0.14285714285714285,0.8571428571428571,0.14285714285714285,12,2,12,2,14,8,14,12,1.419716477394104,0.8475428503023453,,,,,,,,,,,-1e+18,-1e+18
34,train-load-0.9-scenario-183,0.9,0.8072819999999999,0.44180583333333334,0.8072819999999999,11.253924036741042,0.9259515621456802,0.5740484378543197,0.875,0.125,0.8,0.2,7,1,8,2,10,6,8,7,0.9018281698226929,0.8433051360508336,,,,,,,,,,,-1e+18,-1e+18
35,train-load-0.9-scenario-656-retry-3,0.9,0.8,0.8,0.6,23.227494437366467,1.1059535609504234,0.4496019946051322,0.8888888888888888,0.1111111111111111,0.8888888888888888,0.1111111111111111,16,2,16,2,18,6,18,16,1.1073225736618042,0.8390886103705794,,,,,,,,,,,-1e+18,-1e+18
36,train-load-0.5-scenario-601-retry-9,0.5,0.6,0.48,0.6,21.92423310256499,1.784836178435456,0.21516382156454394,1.0,0.0,1.0,0.0,12,0,12,0,12,5,12,12,0.7202889919281006,0.8348931673187264,,,,,,,,,,,-1e+18,-1e+18
37,train-load-0.9-scenario-612-retry-2,0.9,0.83985925,0.768653125,0.83985925,17.512003396500244,0.7804535085882265,0.4695464914117735,0.8125,0.1875,0.8235294117647058,0.17647058823529413,13,3,14,3,17,8,16,13,0.638009786605835,0.8307187014821328,,,,,,,,,,,-1e+18,-1e+18
38,train-load-0.7-scenario-567-retry-3,0.7,0.8,0.2222222222222222,0.8,8.313867374716066,0.47682247664446076,0.5231775233555392,0.75,0.25,0.75,0.25,6,2,6,2,8,6,8,6,0.887554407119751,0.8265651079747222,,,,,,,,,,,-1e+18,-1e+18
39,train-load-0.7-scenario-686-retry-1,0.7,0.8,0.4,0.8,8.184258628948477,0.46366358857489853,0.5363364114251015,0.75,0.25,0.75,0.25,6,2,6,2,8,4,8,6,0.892760157585144,0.8224322824348486,,,,,,,,,,,-1e+18,-1e+18
40,train-load-0.7-scenario-195-retry-4,0.7,0.6,0.125,0.6,21.92918588067034,1.1431470603708311,0.8568529396291689,1.0,0.0,1.0,0.0,15,0,15,0,15,5,15,15,0.593211829662323,0.8183201210226743,,,,,,,,,,,-1e+18,-1e+18
41,train-load-0.9-scenario-46-retry-7,0.9,1.0,0.08333333333333333,1.0,4.315564214322491,-0.3724982701511004,0.7724982701511003,0.6,0.4,0.6,0.4,6,4,6,4,10,6,10,6,1.3881397247314453,0.8142285204175609,,,,,,,,,,,-1e+18,-1e+18
42,train-load-0.8-scenario-95,0.8,0.9,0.5333333333333333,0.9,1.4048218606251774,-0.6862722314213253,0.6862722314213253,0.5,0.5,0.5555555555555556,0.4444444444444444,4,4,5,4,9,6,8,4,1.5723659992218018,0.810157377815473,,,,,,,,,,,-1e+18,-1e+18
43,train-load-0.6-scenario-441,0.6,0.5296565714285714,0.44106874999999995,0.5296565714285714,10.011890054947974,0.6989818764166953,0.8010181235833047,0.875,0.125,0.8888888888888888,0.1111111111111111,7,1,8,1,9,7,8,7,1.4604125022888184,0.8061065909263957,,,,,,,,,,,-1e+18,-1e+18
44,train-load-1.0-scenario-568,1.0,0.9769955,0.608726736111111,0.9769955,12.905840465741193,0.7610735363477058,0.511653736379567,0.8181818181818182,0.18181818181818182,0.7692307692307693,0.23076923076923078,9,2,10,3,13,6,11,9,1.2754626274108887,0.8020760579717637,,,,,,,,,,,-1e+18,-1e+18
45,train-load-1.0-scenario-303-retry-1,1.0,1.0875,0.9375,1.0875,4.906001148670121,-0.12066447909992539,0.3428867013221477,0.5555555555555556,0.4444444444444444,0.5555555555555556,0.4444444444444444,5,4,5,4,9,4,9,5,1.7324577569961548,0.798065677681905,,,,,,,,,,,-1e+18,-1e+18
46,train-load-0.8-scenario-252,0.8,0.9,0.72,0.9,5.304450644513931,-0.02326345463722912,0.24548567685945144,0.5555555555555556,0.4444444444444444,0.5555555555555556,0.4444444444444444,5,4,5,4,9,5,9,5,1.06038498878479,0.7940753492934954,,,,,,,,,,,-1e+18,-1e+18
47,train-load-0.5-scenario-413,0.5,0.48069656250000004,0.48069656250000004,0.4341465,9.81045016635387,1.301364564250895,0.6986354357491049,1.0,0.0,1.0,0.0,5,0,5,0,5,4,5,5,1.3380634784698486,0.7901049725470279,,,,,,,,,,,-1e+18,-1e+18
48,train-load-0.9-scenario-713,0.9,0.976668,0.5958020833333334,0.976668,11.563129280740506,1.2048978559305055,0.22367357264092314,0.8571428571428571,0.14285714285714285,0.8888888888888888,0.1111111111111111,6,1,8,1,9,4,7,6,1.0178414583206177,0.7861544476842928,,,,,,,,,,,-1e+18,-1e+18
49,train-load-0.9-scenario-473,0.9,0.8297599999999999,0.5424583333333334,0.8297599999999999,3.583485949189225,-0.06754702766255194,0.7342136943292186,0.6666666666666666,0.3333333333333333,0.75,0.25,4,2,6,2,8,4,6,4,1.0638494491577148,0.7822236754458713,,,,,,,,,,,-1e+18,-1e+18
50,train-load-1.0-scenario-527-retry-1,1.0,0.9493678750000001,0.4429490625,0.9493678750000001,9.053520991420134,0.1897997087209582,0.719291200369951,0.7272727272727273,0.2727272727272727,0.6153846153846154,0.38461538461538464,8,3,8,5,13,8,11,8,0.5178389549255371,0.778312557068642,,,,,,,,,,,-1e+18,-1e+18
51,train-load-0.6-scenario-424,0.6,0.7142857142857143,0.7142857142857143,0.6785714285714286,5.950429952840268,-0.13398809586033322,0.5339880958603331,0.6,0.4,0.6,0.4,6,4,6,4,10,7,10,6,0.47464048862457275,0.7744209942832988,,,,,,,,,,,-1e+18,-1e+18
52,train-load-0.9-scenario-740,0.9,0.8316135,0.767801875,0.8316135,9.009516782834375,0.6241931528297431,0.3758068471702569,0.75,0.25,0.8,0.2,6,2,8,2,10,4,8,6,0.39323514699935913,0.7705488893118823,,,,,,,,,,,-1e+18,-1e+18
53,train-load-0.5-scenario-412-retry-3,0.5,0.5833333333333334,0.3194444444444444,0.5833333333333334,5.846565433204571,0.06578670554931565,0.43421329445068435,0.625,0.375,0.625,0.375,5,3,5,3,8,6,8,5,0.32221519947052,0.7666961448653229,,,,,,,,,,,-1e+18,-1e+18
54,train-load-0.6-scenario-119-retry-1,0.6,0.5333333333333333,0.5,0.5333333333333333,15.399144214037968,1.3258714194590644,0.6741285805409356,1.0,0.0,1.0,0.0,9,0,9,0,9,6,9,9,0.443013072013855,0.7628626641409962,,,,,,,,,,,-1e+18,-1e+18
55,train-load-0.5-scenario-71,0.5,0.46129116666666664,0.3019809027777778,0.46129116666666664,5.677201379452335,0.46225912731026597,0.7377408726897341,0.8,0.2,0.8333333333333334,0.16666666666666666,4,1,5,1,6,6,5,4,0.6291663646697998,0.7590483508202912,,,,,,,,,,,-1e+18,-1e+18
56,train-load-0.5-scenario-256-retry-1,0.5,0.5333333333333333,0.5333333333333333,0.4,14.065035450890598,1.3175526978602492,0.6824473021397509,1.0,0.0,1.0,0.0,8,0,8,0,8,5,8,8,0.8965362906455994,0.7552531090661897,,,,,,,,,,,-1e+18,-1e+18
57,train-load-0.7-scenario-643,0.7,0.6468907500000001,0.3099528125,0.6468907500000001,13.135983842568102,1.173316542103853,0.8266834578961471,1.0,0.0,1.0,0.0,8,0,9,0,9,8,8,8,0.4895072281360626,0.7514768435208588,,,,,,,,,,,-1e+18,-1e+18
58,train-load-0.9-scenario-664,0.9,0.9833333333333333,0.9833333333333333,0.96,9.546081391771843,0.49752149916375077,0.30247850083624905,0.7,0.3,0.7,0.3,7,3,7,3,10,5,10,7,0.6983199119567871,0.7477194593032545,,,,,,,,,,,-1e+18,-1e+18
59,train-load-1.0-scenario-116,1.0,0.884441125,0.8542639062499999,0.884441125,10.510258301126017,-0.014442197254646905,0.5144421972546469,0.625,0.375,0.631578947368421,0.3684210526315789,10,6,12,7,19,8,16,10,0.3953746557235718,0.7439808620067382,,,,,,,,,,,-1e+18,-1e+18
60,train-load-0.6-scenario-82-retry-6,0.6,0.5,0.23333333333333334,0.5,16.541541036348594,1.3314501018896636,0.6685498981103364,1.0,0.0,1.0,0.0,10,0,10,0,10,5,10,10,0.6027837991714478,0.7402609576967045,,,,,,,,,,,-1e+18,-1e+18
61,train-load-0.7-scenario-356,0.7,0.75,0.25,0.75,23.23404667011419,1.354931997773822,0.645068002226178,1.0,0.0,1.0,0.0,15,0,15,0,15,5,15,15,0.5306800603866577,0.736559652908221,,,,,,,,,,,-1e+18,-1e+18
62,train-load-0.6-scenario-423,0.6,0.5244219999999999,0.5244219999999999,0.4621902,11.967584836345196,1.3833026253145766,0.6166973746854235,1.0,0.0,1.0,0.0,6,0,8,0,8,5,6,6,0.9537649154663086,0.7328768546436799,,,,,,,,,,,-1e+18,-1e+18
63,train-load-0.9-scenario-90-retry-1,0.9,0.96875,0.2,0.96875,0.5736296625464723,-0.8967216240659523,0.67449940184373,0.4444444444444444,0.5555555555555556,0.4444444444444444,0.5555555555555556,4,5,4,5,9,8,9,4,1.0336863994598389,0.7292124703704616,,,,,,,,,,,-1e+18,-1e+18
64,train-load-1.0-scenario-348-retry-1,1.0,0.99848175,0.619901875,0.99848175,6.017298972586631,0.018762114685805242,0.6479045519808614,0.6666666666666666,0.3333333333333333,0.6666666666666666,0.3333333333333333,6,3,6,3,9,4,9,6,0.8776552677154541,0.7255664080186093,,,,,,,,,,,-1e+18,-1e+18
65,train-load-0.7-scenario-273-retry-1,0.7,0.7619047619047619,0.7619047619047619,0.22857142857142856,4.595776929644735,-0.11245919624292244,0.6124591962429224,0.625,0.375,0.625,0.375,5,3,5,3,8,7,8,5,0.5857865810394287,0.7219385759785162,,,,,,,,,,,-1e+18,-1e+18
66,train-load-0.7-scenario-678-retry-1,0.7,0.6,0.4,0.6,20.323433981813334,1.5566869341875766,0.4433130658124233,1.0,0.0,1.0,0.0,12,0,12,0,12,5,12,12,0.29541492462158203,0.7183288830986236,,,,,,,,,,,-1e+18,-1e+18
67,train-load-0.5-scenario-415,0.5,0.5714285714285714,0.22857142857142856,0.5714285714285714,11.805841009603935,1.048002790885072,0.4519972091149279,0.875,0.125,0.875,0.125,7,1,7,1,8,7,8,7,0.5968796610832214,0.7147372386831305,,,,,,,,,,,-1e+18,-1e+18
68,train-load-0.9-scenario-435-retry-1,0.9,1.0,0.3,1.0,-6.905308384250206,-2.301769461416735,0.3017694614167353,0.0,1.0,0.0,1.0,0,8,0,8,8,8,8,0,0.632411539554596,0.7111635524897149,,,,,,,,,,,-1e+18,-1e+18
69,train-load-0.5-scenario-669-retry-1,0.5,0.479875,0.34013229166666664,0.479875,11.285424603477713,1.5523821388692869,0.4476178611307132,1.0,0.0,1.0,0.0,5,0,5,0,5,4,5,5,0.623633861541748,0.7076077347272662,,,,,,,,,,,-1e+18,-1e+18
70,train-load-0.6-scenario-50,0.6,0.5165743333333332,0.48912534722222223,0.5165743333333332,13.431406861526902,1.2587941631741144,0.7412058368258856,1.0,0.0,1.0,0.0,8,0,8,0,8,6,8,8,0.3749135136604309,0.7040696960536299,,,,,,,,,,,-1e+18,-1e+18
71,train-load-0.7-scenario-663-retry-3,0.7,0.6,0.6,0.15,18.41914344738202,1.2073942419055739,0.7926057580944261,1.0,0.0,1.0,0.0,12,0,12,0,12,8,12,12,0.6988191604614258,0.7005493475733617,,,,,,,,,,,-1e+18,-1e+18
72,train-load-0.6-scenario-372-retry-1,0.6,0.5920854285714285,0.4972324404761905,0.5920854285714285,14.640748506443547,1.217915258337733,0.7820847416622669,1.0,0.0,1.0,0.0,9,0,10,0,10,7,9,9,0.3547021150588989,0.697046600835495,,,,,,,,,,,-1e+18,-1e+18
73,train-load-1.0-scenario-285,1.0,1.0357142857142858,0.7619047619047619,1.0357142857142858,14.862616102012364,0.309890391999859,0.4269517132632989,0.6842105263157895,0.3157894736842105,0.6842105263157895,0.3157894736842105,13,6,13,6,19,7,19,13,0.45390957593917847,0.6935613678313175,,,,,,,,,,,-1e+18,-1e+18
74,train-load-0.8-scenario-189,0.8,0.7589661999999999,0.6487041666666666,0.7589661999999999,16.553185899939344,1.6035693240427216,0.3964306759572784,1.0,0.0,1.0,0.0,9,0,10,0,10,5,9,9,0.4054408669471741,0.6900935609921609,,,,,,,,,,,-1e+18,-1e+18
75,train-load-0.6-scenario-267-retry-4,0.6,0.54375,0.5,0.54375,16.775780326873246,1.3722153226297698,0.6277846773702301,1.0,0.0,1.0,0.0,10,0,10,0,10,8,10,10,0.2419084906578064,0.6866430931872001,,,,,,,,,,,-1e+18,-1e+18
76,train-load-0.5-scenario-379,0.5,0.43300466666666665,0.3716204166666667,0.43300466666666665,9.604396675113897,0.978174665034286,1.021825334965714,1.0,0.0,1.0,0.0,6,0,7,0,7,6,6,6,0.2848138213157654,0.6832098777212641,,,,,,,,,,,-1e+18,-1e+18
77,train-load-0.6-scenario-440-retry-1,0.6,0.6666666666666666,0.6666666666666666,0.5,15.325162652216108,1.2793755210836546,0.32062447891634543,0.9,0.1,0.9,0.1,9,1,9,1,10,5,10,9,0.550879716873169,0.6797938283326578,,,,,,,,,,,-1e+18,-1e+18
78,train-load-0.5-scenario-232,0.5,0.5525275,0.35601302083333336,0.5525275,4.745849484448877,0.43952321883495415,0.5604767811650458,0.75,0.25,0.8,0.2,3,1,4,1,5,4,4,3,0.5580056309700012,0.6763948591909945,,,,,,,,,,,-1e+18,-1e+18
79,train-load-0.6-scenario-543-retry-1,0.6,0.6,0.6,0.3,19.69765847998221,1.407621309559585,0.5923786904404149,1.0,0.0,1.0,0.0,12,0,12,0,12,8,12,12,0.7404019832611084,0.6730128848950395,,,,,,,,,,,-1e+18,-1e+18
80,train-load-0.6-scenario-310,0.6,0.5406945000000001,0.43960437500000005,0.5406945000000001,8.719257841347298,1.0524599761556108,0.9475400238443891,1.0,0.0,1.0,0.0,5,0,5,0,5,4,5,5,0.31092363595962524,0.6696478204705644,,,,,,,,,,,-1e+18,-1e+18
81,train-load-1.0-scenario-644,1.0,0.92183775,0.776460625,0.92183775,8.769490362555857,0.6036810267680077,0.39631897323199217,0.75,0.25,0.7777777777777778,0.2222222222222222,6,2,7,2,9,4,8,6,0.5553949475288391,0.6662995813682115,,,,,,,,,,,-1e+18,-1e+18
82,train-load-0.7-scenario-249-retry-3,0.7,0.7619047619047619,0.7619047619047619,0.11428571428571428,6.873018160061487,0.2514814484871988,0.7485185515128012,0.75,0.25,0.75,0.25,6,2,6,2,8,7,8,6,0.8976434469223022,0.6629680834613705,,,,,,,,,,,-1e+18,-1e+18
83,train-load-0.8-scenario-197,0.8,0.7030302083333333,0.7030302083333333,0.679151,4.091933854179881,-0.09872666060448909,0.9558695177473463,0.7142857142857143,0.2857142857142857,0.7142857142857143,0.2857142857142857,5,2,5,2,7,4,7,5,0.67142254114151,0.6596532430440636,,,,,,,,,,,-1e+18,-1e+18
84,train-load-0.8-scenario-594,0.8,0.72501875,0.72501875,0.647019875,15.036907723408188,0.7709045701199633,0.6137108144954213,0.8461538461538461,0.15384615384615385,0.8666666666666667,0.13333333333333333,11,2,13,2,15,8,13,11,0.48640120029449463,0.6563549768288433,,,,,,,,,,,-1e+18,-1e+18
85,train-load-0.9-scenario-48-retry-9,0.9,0.85,0.525,0.85,11.677497150780653,0.8366158735069719,0.7189396820485836,0.8888888888888888,0.1111111111111111,0.8333333333333334,0.16666666666666666,8,1,10,2,12,6,9,8,0.46627935767173767,0.653073201944699,,,,,,,,,,,-1e+18,-1e+18
86,train-load-0.7-scenario-229-retry-1,0.7,0.5833333333333334,0.3888888888888889,0.5833333333333334,21.777001238863356,1.3341075049658455,0.6658924950341545,1.0,0.0,1.0,0.0,14,0,14,0,14,6,14,14,0.6498496532440186,0.6498078359349755,,,,,,,,,,,-1e+18,-1e+18
87,train-load-1.0-scenario-721-retry-8,1.0,1.02,0.18,1.02,12.39204230833889,0.5499517203213817,0.7833816130119517,0.8333333333333334,0.16666666666666666,0.8333333333333334,0.16666666666666666,10,2,10,2,12,5,12,10,0.3647361397743225,0.6465587967553006,,,,,,,,,,,-1e+18,-1e+18
88,train-load-0.9-scenario-596,0.9,0.8571428571428571,0.8571428571428571,0.8571428571428571,19.490408283397056,1.175397827536432,0.2912688391302346,0.8666666666666667,0.13333333333333333,0.8666666666666667,0.13333333333333333,13,2,13,2,15,7,15,13,0.5076280236244202,0.6433260027715241,,,,,,,,,,,-1e+18,-1e+18
89,train-load-0.6-scenario-209-retry-1,0.6,0.5625,0.5625,0.45,13.80623744246432,1.1859851844699856,0.36957037108556967,0.8888888888888888,0.1111111111111111,0.8888888888888888,0.1111111111111111,8,1,8,1,9,8,9,8,0.7731263041496277,0.6401093727576664,,,,,,,,,,,-1e+18,-1e+18
90,train-load-0.8-scenario-40,0.8,0.9166666666666666,0.9166666666666666,0.5333333333333333,6.173937187950879,-0.11511658617502907,0.2969347679932109,0.5454545454545454,0.45454545454545453,0.5454545454545454,0.45454545454545453,6,5,6,5,11,6,11,6,0.744097888469696,0.6369088258938781,,,,,,,,,,,-1e+18,-1e+18
91,train-load-0.6-scenario-212,0.6,0.6623542,0.28326549999999995,0.6623542,6.95813540753779,0.5515900456154976,0.7817432877178359,0.8333333333333334,0.16666666666666666,0.8333333333333334,0.16666666666666666,5,1,5,1,6,5,6,5,0.5732818841934204,0.6337242817644086,,,,,,,,,,,-1e+18,-1e+18
92,train-load-0.9-scenario-549-retry-1,0.9,0.9857142857142858,0.7428571428571429,0.9857142857142858,12.99766883300699,0.08445648260425964,0.582210184062407,0.6666666666666666,0.3333333333333333,0.6666666666666666,0.3333333333333333,12,6,12,6,18,7,18,12,0.5699303150177002,0.6305556603555866,,,,,,,,,,,-1e+18,-1e+18
93,train-load-1.0-scenario-511-retry-11,1.0,1.0,1.0,0.88125,9.953763988026203,-0.024637514833559915,0.6913041815002265,0.6666666666666666,0.3333333333333333,0.6666666666666666,0.3333333333333333,10,5,10,5,15,8,15,10,0.5792419910430908,0.6274028820538087,,,,,,,,,,,-1e+18,-1e+18
94,train-load-0.7-scenario-413,0.7,0.597523,0.5307471428571429,0.597523,13.721207595541692,0.9966593669398207,0.6033406330601794,0.9,0.1,0.9090909090909091,0.09090909090909091,9,1,10,1,11,7,10,9,0.546705961227417,0.6242658676435396,,,,,,,,,,,-1e+18,-1e+18
95,train-load-0.7-scenario-677,0.7,0.6172295714285714,0.3460925595238095,0.6172295714285714,13.26436328234372,1.4316489955762826,0.5683510044237174,1.0,0.0,1.0,0.0,7,0,8,0,8,7,7,7,0.3028642535209656,0.6211445383053219,,,,,,,,,,,-1e+18,-1e+18
96,train-load-0.7-scenario-107,0.7,0.6274332,0.53149125,0.6274332,7.827488629810952,0.540688083948346,0.8878833446230825,0.8571428571428571,0.14285714285714285,0.875,0.125,6,1,7,1,8,5,7,6,0.4819856584072113,0.6180388156137953,,,,,,,,,,,-1e+18,-1e+18
97,train-load-0.9-scenario-62-retry-4,0.9,0.9666666666666667,0.9333333333333333,0.9666666666666667,7.92137829084011,0.41802823479358864,0.5819717652064114,0.75,0.25,0.6666666666666666,0.3333333333333333,6,2,8,4,12,6,8,6,0.6733303666114807,0.6149486215357263,,,,,,,,,,,-1e+18,-1e+18
98,train-load-0.6-scenario-289,0.6,0.5130484,0.3492925,0.5130484,2.8410431765998774,0.2101089688696436,0.45655769779702304,0.6666666666666666,0.3333333333333333,0.6,0.4,2,1,3,2,5,5,3,2,0.7743515968322754,0.6118738784280476,,,,,,,,,,,-1e+18,-1e+18
99,train-load-0.5-scenario-619-retry-6,0.5,0.45,0.4375,0.45,15.442645175612132,1.1764986760584963,0.8235013239415037,1.0,0.0,1.0,0.0,10,0,10,0,10,8,10,10,0.5140419602394104,0.6088145090359074,,,,,,,,,,,-1e+18,-1e+18
100,train-load-0.6-scenario-57,0.6,0.609171,0.47111631944444443,0.609171,11.315205901025308,0.7559332798349122,0.7996222757206433,0.8888888888888888,0.1111111111111111,0.8888888888888888,0.1111111111111111,8,1,8,1,9,6,9,8,0.3248007893562317,0.6057704364907278,0.3411642476029005,0.5398740211732872,0.720259567194047,0.27974043280595307,0.7186017787587798,0.28139822124122016,0.3411642476029005,0.5865727604935783,0.24386724911414337,0.6554045291294387,0.3411642476029005,0.3411642476029005
101,train-load-0.7-scenario-146,0.7,0.6238668571428572,0.3429623214285714,0.6238668571428572,12.515194012013929,1.2877964228698462,0.7122035771301538,1.0,0.0,1.0,0.0,7,0,9,0,9,7,7,7,0.9409180879592896,0.6027415843082742,,,,,,,,,,,0.3411642476029005,0.3411642476029005
102,train-load-0.9-scenario-639,0.9,0.8128495,0.5855673611111111,0.8128495,8.286403623925922,0.49055137015472783,0.5094486298452722,0.75,0.25,0.7,0.3,6,2,7,3,10,6,8,6,0.7511760592460632,0.5997278763867329,,,,,,,,,,,0.3411642476029005,0.3411642476029005
103,train-load-0.6-scenario-746,0.6,0.526706,0.3356307291666667,0.526706,9.304319706282065,1.3761380720137026,0.6238619279862974,1.0,0.0,1.0,0.0,4,0,5,0,5,4,4,4,0.5536314249038696,0.5967292370047992,,,,,,,,,,,0.3411642476029005,0.3411642476029005
104,train-load-0.9-scenario-749-retry-3,0.9,1.0,1.0,0.8,3.1933235126494783,-0.35675415123633814,0.3567541512363382,0.5,0.5,0.5,0.5,4,4,4,4,8,4,8,4,1.0559234619140625,0.5937455908197752,,,,,,,,,,,0.3411642476029005,0.3411642476029005
105,train-load-0.6-scenario-639,0.6,0.57716975,0.5569854166666667,0.57716975,12.009173288848466,1.466151086402312,0.533848913597688,1.0,0.0,1.0,0.0,6,0,6,0,6,4,6,6,0.49390682578086853,0.5907768628656763,,,,,,,,,,,0.3411642476029005,0.3411642476029005
106,train-load-0.5-scenario-551,0.5,0.44587340000000003,0.44522600000000007,0.44587340000000003,9.483146430561566,1.1865057371585146,0.8134942628414855,1.0,0.0,1.0,0.0,5,0,6,0,6,5,5,5,0.9159613847732544,0.5878229785513479,,,,,,,,,,,0.3411642476029005,0.3411642476029005
107,train-load-0.7-scenario-24,0.7,0.7833333333333333,0.7833333333333333,0.5416666666666666,21.251362184535843,1.4042505953542954,0.31003511893141894,0.9285714285714286,0.07142857142857142,0.9285714285714286,0.07142857142857142,13,1,13,1,14,6,14,13,0.7926216125488281,0.5848838636585911,,,,,,,,,,,0.3411642476029005,0.3411642476029005
108,train-load-0.6-scenario-88,0.6,0.5256352,0.3867533333333333,0.5256352,10.76325884679369,1.1766992596339836,0.8233007403660164,1.0,0.0,1.0,0.0,6,0,6,0,6,5,6,6,0.7373967170715332,0.5819594443402982,,,,,,,,,,,0.3411642476029005,0.3411642476029005
109,train-load-0.8-scenario-670,0.8,0.693003875,0.46464687499999996,0.693003875,14.45039817113448,0.8826060544254097,0.7537575819382265,0.9090909090909091,0.09090909090909091,0.8333333333333334,0.16666666666666666,10,1,10,2,12,8,11,10,0.5943834185600281,0.5790496471185967,,,,,,,,,,,0.3411642476029005,0.3411642476029005
110,train-load-0.7-scenario-112-retry-2,0.7,0.75,0.39285714285714285,0.75,4.610084676647939,-0.20451316437263112,0.42673538659485344,0.5555555555555556,0.4444444444444444,0.5555555555555556,0.4444444444444444,5,4,5,4,9,7,9,5,0.9651641249656677,0.5761543988830038,,,,,,,,,,,0.3411642476029005,0.3411642476029005
111,train-load-0.9-scenario-517-retry-1,0.9,0.7978252499999999,0.410616875,0.7978252499999999,15.74823013015027,0.9460952631366862,0.7205714035299803,0.9166666666666666,0.08333333333333333,0.9166666666666666,0.08333333333333333,11,1,11,1,12,8,12,11,0.43841707706451416,0.5732736268885887,,,,,,,,,,,0.3411642476029005,0.3411642476029005
112,train-load-0.9-scenario-669,0.9,0.790149875,0.33215208333333335,0.790149875,11.428206094841093,0.8018385228044281,0.7537170327511273,0.8888888888888888,0.1111111111111111,0.8181818181818182,0.18181818181818182,8,1,9,2,11,8,9,8,0.8777360320091248,0.5704072587541458,,,,,,,,,,,0.3411642476029005,0.3411642476029005
113,train-load-0.5-scenario-435,0.5,0.4915535714285714,0.4915535714285714,0.32873814285714287,12.948563094012876,1.3416211553930248,0.6583788446069752,1.0,0.0,1.0,0.0,7,0,8,0,8,7,7,7,0.9517362117767334,0.567555222460375,,,,,,,,,,,0.3411642476029005,0.3411642476029005
114,train-load-0.6-scenario-314,0.6,0.5116838,0.3966833333333334,0.5116838,11.38532136752108,1.3372556468428964,0.6627443531571034,1.0,0.0,1.0,0.0,6,0,6,0,6,5,6,6,1.0747520923614502,0.5647174463480732,,,,,,,,,,,0.3411642476029005,0.3411642476029005
115,train-load-0.5-scenario-578,0.5,0.47843657142857143,0.26243809523809525,0.47843657142857143,10.271157119640323,1.1195741260839076,0.8804258739160924,1.0,0.0,1.0,0.0,6,0,7,0,7,7,6,6,0.5187992453575134,0.5618938591163328,,,,,,,,,,,0.3411642476029005,0.3411642476029005
116,train-load-0.6-scenario-552,0.6,0.5191795,0.23796770833333333,0.5191795,8.912600092400135,1.3465339912892016,0.6534660087107984,1.0,0.0,1.0,0.0,4,0,4,0,4,4,4,4,0.9177374243736267,0.5590843898207511,,,,,,,,,,,0.3411642476029005,0.3411642476029005
117,train-load-1.0-scenario-169-retry-2,1.0,1.1111111111111112,1.1111111111111112,0.6666666666666666,3.1575592275173063,-0.5454691523162202,0.5454691523162202,0.5,0.5,0.5,0.5,5,5,5,5,10,6,10,5,0.5329421162605286,0.5562889678716474,,,,,,,,,,,0.3411642476029005,0.3411642476029005
118,train-load-0.5-scenario-42,0.5,0.44464750000000003,0.44464750000000003,0.42002825,9.429947946880542,1.206129841173417,0.7938701588265831,1.0,0.0,1.0,0.0,5,0,5,0,5,4,5,5,0.8570810556411743,0.5535075230322891,,,,,,,,,,,0.3411642476029005,0.3411642476029005
119,train-load-1.0-scenario-521-retry-1,1.0,0.9080541666666666,0.7773758333333334,0.9080541666666666,13.899644522897898,0.8046723659109136,0.5286609674224199,0.8333333333333334,0.16666666666666666,0.7857142857142857,0.21428571428571427,10,2,11,3,14,6,12,10,0.38400551676750183,0.5507399854171277,,,,,,,,,,,0.3411642476029005,0.3411642476029005
120,train-load-0.5-scenario-100,0.5,0.43203099999999994,0.4170916666666667,0.43203099999999994,11.961800019873737,1.392155918621964,0.607844081378036,1.0,0.0,1.0,0.0,6,0,7,0,7,6,6,6,0.22401654720306396,0.547986285490042,,,,,,,,,,,0.3411642476029005,0.3411642476029005
121,train-load-0.6-scenario-269,0.6,0.609235,0.32338083333333334,0.609235,6.872734507591241,0.5425659486832888,0.7907673846500446,0.8333333333333334,0.16666666666666666,0.8333333333333334,0.16666666666666666,5,1,5,1,6,5,6,5,0.7013372182846069,0.5452463540625918,,,,,,,,,,,0.3411642476029005,0.3411642476029005
122,train-load-0.5-scenario-39,0.5,0.54,0.25,0.54,15.456478584247009,1.3618772990919905,0.6381227009080094,1.0,0.0,1.0,0.0,9,0,9,0,9,5,9,9,0.9752965569496155,0.5425201222922789,,,,,,,,,,,0.3411642476029005,0.3411642476029005
123,train-load-0.8-scenario-604,0.8,0.88,0.75,0.88,5.1345136167790315,-0.0572719096377331,0.5572719096377331,0.625,0.375,0.625,0.375,5,3,5,3,8,5,8,5,0.3158312439918518,0.5398075216808175,,,,,,,,,,,0.3411642476029005,0.3411642476029005
124,train-load-1.0-scenario-83-retry-10,1.0,1.0416666666666667,1.0416666666666667,1.025,9.041781034669803,0.17267498291440397,0.28886347862405765,0.6153846153846154,0.38461538461538464,0.6153846153846154,0.38461538461538464,8,5,8,5,13,4,13,8,1.0549757480621338,0.5371084840724134,,,,,,,,,,,0.3411642476029005,0.3411642476029005
125,train-load-0.5-scenario-126-retry-1,0.5,0.4,0.3333333333333333,0.4,27.167236098487933,1.7157949148298555,0.28420508517014453,1.0,0.0,1.0,0.0,16,0,16,0,16,8,16,16,1.0980875492095947,0.5344229416520513,,,,,,,,,,,0.3411642476029005,0.3411642476029005
126,train-load-0.9-scenario-169,0.9,1.0,0.7380952380952381,1.0,9.417330235023758,0.1413795382719465,0.32015892326651507,0.6153846153846154,0.38461538461538464,0.6153846153846154,0.38461538461538464,8,5,8,5,13,7,13,8,1.0402686595916748,0.531750826943791,,,,,,,,,,,0.3411642476029005,0.3411642476029005
127,train-load-0.7-scenario-308-retry-4,0.7,0.6291666666666667,0.6291666666666667,0.48333333333333334,26.81968425036328,1.5359426175641802,0.24183516021359752,0.9444444444444444,0.05555555555555555,0.9444444444444444,0.05555555555555555,17,1,17,1,18,6,18,17,0.7597479820251465,0.5290920728090721,,,,,,,,,,,0.3411642476029005,0.3411642476029005
128,train-load-1.0-scenario-284,1.0,1.1111111111111112,1.1111111111111112,0.8333333333333334,4.138953671548235,-0.37994848266102954,0.3799484826610295,0.5,0.5,0.5,0.5,5,5,10,10,20,6,10,5,0.5050517320632935,0.5264466124450268,,,,,,,,,,,0.3411642476029005,0.3411642476029005
129,train-load-0.9-scenario-455-retry-3,0.9,1.0,1.0,0.4,2.783994073103555,-0.3797164089667924,0.3797164089667923,0.5,0.5,0.5,0.5,4,4,4,4,8,4,8,4,0.6358006000518799,0.5238143793828016,,,,,,,,,,,0.3411642476029005,0.3411642476029005
130,train-load-0.7-scenario-453-retry-1,0.7,0.6875,0.275,0.6875,18.58511502498472,1.4401774811129489,0.5598225188870513,1.0,0.0,1.0,0.0,11,0,11,0,11,4,11,11,0.9853593707084656,0.5211953074858876,,,,,,,,,,,0.3411642476029005,0.3411642476029005
131,train-hard-4gpu-12pod-small,0.375,0.375,0.25,0.375,22.441746824526945,1.875,0.125,1.0,0.0,1.0,0.0,12,0,12,0,12,4,12,12,0.7839258313179016,0.5185893309484582,,,,,,,,,,,0.3411642476029005,0.3411642476029005
132,train-load-0.8-scenario-206-retry-1,0.8,0.7333333333333333,0.15,0.7333333333333333,3.642140345085562,-0.25894463845376436,0.2589446384537643,0.5,0.5,0.5,0.5,4,4,4,4,8,6,8,4,0.8617073893547058,0.5159963842937159,,,,,,,,,,,0.3411642476029005,0.3411642476029005
133,train-load-0.9-scenario-122-retry-1,0.9,0.9714285714285714,0.8857142857142857,0.9714285714285714,9.751574245897384,0.5827354869918433,0.5283756241192679,0.7777777777777778,0.2222222222222222,0.7142857142857143,0.2857142857142857,7,2,10,4,14,7,9,7,0.4529019296169281,0.5134164023722473,,,,,,,,,,,0.3411642476029005,0.3411642476029005
134,train-load-0.8-scenario-544,0.8,0.74121875,0.74121875,0.51664725,7.42649922598012,0.47485835170879453,0.3822845054340627,0.7142857142857143,0.2857142857142857,0.7142857142857143,0.2857142857142857,5,2,5,2,7,4,7,5,0.6812782883644104,0.510849320360386,,,,,,,,,,,0.3411642476029005,0.3411642476029005
135,train-load-1.0-scenario-396-retry-1,1.0,1.0857142857142856,0.5952380952380952,1.0857142857142856,3.144553948819261,-0.7296697626299222,0.5758236087837685,0.46153846153846156,0.5384615384615384,0.46153846153846156,0.5384615384615384,6,7,6,7,13,7,13,6,0.4557778835296631,0.5082950737585841,,,,,,,,,,,0.3411642476029005,0.3411642476029005
136,train-load-1.0-scenario-320,1.0,0.8894311428571429,0.5541214285714285,0.8894311428571429,14.512861206182887,0.8344658049058713,0.4988675284274622,0.8333333333333334,0.16666666666666666,0.7692307692307693,0.23076923076923078,10,2,10,3,13,7,12,10,0.7816849946975708,0.5057535983897912,,,,,,,,,,,0.3411642476029005,0.3411642476029005
137,train-load-0.6-scenario-531,0.6,0.6666666666666666,0.26666666666666666,0.6666666666666666,8.243535232081278,0.45254653411893564,0.5474534658810644,0.75,0.25,0.75,0.25,6,2,6,2,8,6,8,6,0.6361246109008789,0.5032248303978422,,,,,,,,,,,0.3411642476029005,0.3411642476029005
138,train-load-0.5-scenario-162,0.5,0.42784012499999996,0.2987622395833333,0.42784012499999996,12.372225453640329,1.246262804301533,0.7537371956984671,1.0,0.0,1.0,0.0,7,0,8,0,8,8,7,7,1.0730583667755127,0.500708706245853,,,,,,,,,,,0.3411642476029005,0.3411642476029005
139,train-load-0.6-scenario-205,0.6,0.5433979166666667,0.5433979166666667,0.49545216666666664,14.016545224361693,1.136213206267481,0.8637867937325189,1.0,0.0,1.0,0.0,9,0,9,0,9,6,9,9,0.9329313039779663,0.4982051627146237,,,,,,,,,,,0.3411642476029005,0.3411642476029005
140,train-load-0.7-scenario-650-retry-1,0.7,0.8,0.6666666666666666,0.8,18.69402658281681,1.7514874141330026,0.24851258586699748,1.0,0.0,1.0,0.0,10,0,10,0,10,5,10,10,0.5719307661056519,0.49571413690105054,,,,,,,,,,,0.3411642476029005,0.3411642476029005
141,train-load-0.7-scenario-152,0.7,0.6227043999999999,0.4252565,0.6227043999999999,9.824003869305349,0.863042996749611,0.5655284318218174,0.8571428571428571,0.14285714285714285,0.8571428571428571,0.14285714285714285,6,1,6,1,7,5,7,6,0.7878404855728149,0.4932355662165453,,,,,,,,,,,0.3411642476029005,0.3411642476029005
142,train-load-1.0-scenario-732,1.0,0.9088324285714285,0.5201844642857143,0.9088324285714285,9.284840439453689,0.14934286182054846,0.5173238048461182,0.6666666666666666,0.3333333333333333,0.6923076923076923,0.3076923076923077,8,4,9,4,13,7,12,8,0.8602601289749146,0.4907693883854626,,,,,,,,,,,0.3411642476029005,0.3411642476029005
143,train-load-0.9-scenario-646,0.9,1.0,0.3333333333333333,1.0,4.195106640327955,-0.5449349574050917,0.5449349574050917,0.5,0.5,0.5,0.5,6,6,6,6,12,6,12,6,0.6055609583854675,0.4883155414435353,,,,,,,,,,,0.3411642476029005,0.3411642476029005
144,train-load-1.0-scenario-745-retry-3,1.0,1.1,0.9166666666666666,1.1,13.630688840608302,-0.05454780968480444,0.4181841733211681,0.5909090909090909,0.4090909090909091,0.5909090909090909,0.4090909090909091,13,9,13,9,22,8,22,13,1.0004315376281738,0.4858739637363176,,,,,,,,,,,0.3411642476029005,0.3411642476029005
145,train-load-1.0-scenario-543-retry-1,1.0,0.89445325,0.5843489583333333,0.89445325,17.597900453123685,1.074401519462552,0.6179061728451404,0.9230769230769231,0.07692307692307693,0.875,0.125,12,1,14,2,16,8,13,12,1.1336328983306885,0.483444593917636,,,,,,,,,,,0.3411642476029005,0.3411642476029005
146,train-load-0.9-scenario-263,0.9,1.0,1.0,0.4,4.265920935674313,-0.5039175453757531,0.5039175453757531,0.5,0.5,0.5,0.5,6,6,6,6,12,6,12,6,0.6138200759887695,0.4810273709480478,,,,,,,,,,,0.3411642476029005,0.3411642476029005
147,train-load-0.8-scenario-611,0.8,0.7280679999999999,0.7280679999999999,0.6040178,9.653545462306663,0.5626792048543758,0.5484319062567353,0.7777777777777778,0.2222222222222222,0.7777777777777778,0.2222222222222222,7,2,7,2,9,5,9,7,1.1138932704925537,0.47862223409330756,,,,,,,,,,,0.3411642476029005,0.3411642476029005
148,train-load-0.8-scenario-14,0.8,0.7519601428571427,0.42379446428571427,0.7519601428571427,9.629525944442019,0.3569614694192692,0.8430385305807309,0.8,0.2,0.8,0.2,8,2,8,2,10,7,10,8,0.5793691873550415,0.47622912292284103,,,,,,,,,,,0.3411642476029005,0.3411642476029005
149,train-load-1.0-scenario-45,1.0,0.9397918,0.67272875,0.9397918,7.712892963793955,0.2817273430757131,0.38493932359095356,0.6666666666666666,0.3333333333333333,0.7,0.3,6,3,7,3,10,5,9,6,0.7951872944831848,0.4738479773082268,,,,,,,,,,,0.3411642476029005,0.3411642476029005
150,train-hard-8gpu-16pod-1vgpu,0.5,0.5,0.3333333333333333,0.5,27.30094972594918,1.8333333333333335,0.16666666666666663,1.0,0.0,1.0,0.0,16,0,16,0,16,8,16,16,1.1289176940917969,0.47147873742168567,,,,,,,,,,,0.3411642476029005,0.3411642476029005
151,train-load-0.9-scenario-732,0.9,0.9642857142857143,0.4142857142857143,0.9642857142857143,7.900937582114947,-0.09892228334036657,0.5604607448788281,0.6153846153846154,0.38461538461538464,0.6153846153846154,0.38461538461538464,8,5,8,5,13,7,13,8,0.664452314376831,0.46912134373457726,,,,,,,,,,,0.3411642476029005,0.3411642476029005
152,train-load-0.9-scenario-156-retry-1,0.9,1.0,0.14166666666666666,1.0,3.9100104618158364,-0.5974718449295657,0.5974718449295657,0.5,0.5,0.5,0.5,6,6,6,6,12,6,12,6,0.4149431586265564,0.46677573701590436,,,,,,,,,,,0.3411642476029005,0.3411642476029005
153,train-hard-4gpu-4pod-2vgpu,0.25,0.25,0.16666666666666666,0.25,11.670537217450562,1.9166666666666665,0.08333333333333337,1.0,0.0,1.0,0.0,4,0,8,0,8,4,4,4,0.740777850151062,0.46444185833082485,,,,,,,,,,,0.3411642476029005,0.3411642476029005
154,train-load-1.0-scenario-504,1.0,0.9785504999999999,0.8551390625,0.9785504999999999,4.298735240323627,-0.35237399191147634,0.7523739919114762,0.6,0.4,0.6,0.4,6,4,6,4,10,4,10,6,1.0628855228424072,0.46211964903917074,,,,,,,,,,,0.3411642476029005,0.3411642476029005
155,train-load-1.0-scenario-196,1.0,0.9,0.4875,0.9,-1.3272341081268317,-1.2459260498062403,0.5792593831395738,0.3333333333333333,0.6666666666666666,0.3333333333333333,0.6666666666666666,3,6,3,6,9,8,9,3,1.0936685800552368,0.4598090507939749,,,,,,,,,,,0.3411642476029005,0.3411642476029005
156,train-load-0.9-scenario-195-retry-2,0.9,1.0,0.46,1.0,9.582344762953632,0.24030364389725078,0.6687872651936584,0.7272727272727273,0.2727272727272727,0.7272727272727273,0.2727272727272727,8,3,8,3,11,5,11,8,0.9300785064697266,0.457510005540005,,,,,,,,,,,0.3411642476029005,0.3411642476029005
157,train-load-0.7-scenario-282-retry-5,0.7,0.8,0.75,0.8,9.374805075321508,0.5518775346721093,0.5592335764390018,0.7777777777777778,0.2222222222222222,0.8333333333333334,0.16666666666666666,7,2,10,2,12,6,9,7,0.36350250244140625,0.45522245551230495,,,,,,,,,,,0.3411642476029005,0.3411642476029005
158,train-load-1.0-scenario-270-retry-3,1.0,1.0,0.6,1.0,10.739782941735443,0.3236859068699578,0.6763140931300422,0.75,0.25,0.6923076923076923,0.3076923076923077,9,3,9,4,13,5,12,9,0.9810410141944885,0.4529463432347434,,,,,,,,,,,0.3411642476029005,0.3411642476029005
159,train-load-0.5-scenario-741-retry-2,0.5,0.575,0.55,0.575,5.856524079506082,-0.035221592473954844,0.7018882591406215,0.6666666666666666,0.3333333333333333,0.6666666666666666,0.3333333333333333,6,3,6,3,9,6,9,6,0.8875428438186646,0.4506816115185697,,,,,,,,,,,0.3411642476029005,0.3411642476029005
160,train-load-0.9-scenario-138,0.9,0.8217838571428572,0.3796467261904762,0.8217838571428572,8.65144887349743,0.5033659836639977,0.49663401633600235,0.75,0.25,0.7,0.3,6,2,7,3,10,7,8,6,0.8418756127357483,0.4484282034609769,,,,,,,,,,,0.3411642476029005,0.3411642476029005
161,train-load-0.9-scenario-380-retry-1,0.9,0.95,0.9444444444444444,0.95,14.04971149546748,0.7004761857143492,0.37644689120872776,0.7692307692307693,0.23076923076923078,0.7692307692307693,0.23076923076923078,10,3,10,3,13,6,13,10,0.6660767197608948,0.446186062443672,,,,,,,,,,,0.3411642476029005,0.3411642476029005
162,train-load-1.0-scenario-388,1.0,1.075,1.075,1.05,12.920068772725875,0.8197182552509846,0.45300901747628824,0.8181818181818182,0.18181818181818182,0.8181818181818182,0.18181818181818182,9,2,9,2,11,4,11,9,0.6543501615524292,0.4439551321314536,,,,,,,,,,,0.3411642476029005,0.3411642476029005
163,train-load-0.5-scenario-672,0.5,0.55,0.49375,0.55,4.387631411474428,-0.20712149998714402,0.707121499987144,0.625,0.375,0.7,0.3,5,3,7,3,10,8,8,5,1.3586361408233643,0.4417353564707963,,,,,,,,,,,0.3411642476029005,0.3411642476029005
164,train-load-0.7-scenario-101,0.7,0.5986694285714286,0.49193107142857145,0.5986694285714286,13.71176154416006,0.9648456629628581,0.6351543370371419,0.9,0.1,0.9090909090909091,0.09090909090909091,9,1,10,1,11,7,10,9,1.2570185661315918,0.43952667968844233,,,,,,,,,,,0.3411642476029005,0.3411642476029005
165,train-load-0.8-scenario-277-retry-6,0.8,0.9142857142857143,0.5428571428571428,0.9142857142857143,5.50513479722151,-0.17743778561639612,0.577437785616396,0.6,0.4,0.6,0.4,6,4,6,4,10,7,10,6,0.4156223237514496,0.43732904629000013,,,,,,,,,,,0.3411642476029005,0.3411642476029005
166,train-load-0.8-scenario-379,0.8,0.9,0.75,0.9,7.3304005783256,0.21008465874173265,0.456582007924934,0.6666666666666666,0.3333333333333333,0.6666666666666666,0.3333333333333333,6,3,6,3,9,4,9,6,0.48527026176452637,0.4351424010585501,,,,,,,,,,,0.3411642476029005,0.3411642476029005
167,train-load-0.5-scenario-545-retry-2,0.5,0.4,0.2,0.4,20.996703262520754,1.5929271175363648,0.40707288246363516,1.0,0.0,1.0,0.0,12,0,12,0,12,6,12,12,1.079280138015747,0.43296668905325736,,,,,,,,,,,0.3411642476029005,0.3411642476029005
168,train-load-1.0-scenario-130-retry-1,1.0,0.9285714285714286,0.9285714285714286,0.7142857142857143,23.7992488373855,1.0510205919775062,0.34897940802249383,0.85,0.15,0.85,0.15,17,3,17,3,20,7,20,17,0.663580596446991,0.43080185560799106,,,,,,,,,,,0.3411642476029005,0.3411642476029005
169,train-load-1.0-scenario-38,1.0,0.9040801666666666,0.6659493055555555,0.9040801666666666,8.308330103578609,0.14095751947046942,0.404497025984076,0.6363636363636364,0.36363636363636365,0.5833333333333334,0.4166666666666667,7,4,7,5,12,6,11,7,0.47793126106262207,0.4286478463299511,,,,,,,,,,,0.3411642476029005,0.3411642476029005
170,train-load-1.0-scenario-11,1.0,1.0857142857142856,0.30952380952380953,1.0857142857142856,0.7239602277291883,-0.9443218540431294,0.5443218540431295,0.4,0.6,0.4,0.6,4,6,4,6,10,7,10,4,0.6184324026107788,0.42650460709830135,,,,,,,,,,,0.3411642476029005,0.3411642476029005
171,train-load-0.9-scenario-438-retry-2,0.9,0.9285714285714286,0.30952380952380953,0.9285714285714286,5.901215731152723,-0.3731003469206541,0.5269465007668078,0.5384615384615384,0.46153846153846156,0.5384615384615384,0.46153846153846156,7,6,7,6,13,7,13,7,1.195939540863037,0.42437208406280985,,,,,,,,,,,0.3411642476029005,0.3411642476029005
172,train-load-0.9-scenario-304-retry-1,0.9,1.0,0.4166666666666667,1.0,4.263162634549531,-0.2761406257603506,0.4983628479825729,0.5555555555555556,0.4444444444444444,0.5555555555555556,0.4444444444444444,5,4,5,4,9,6,9,5,0.5131455659866333,0.4222502236424958,,,,,,,,,,,0.3411642476029005,0.3411642476029005
173,train-load-0.5-scenario-337-retry-2,0.5,0.5625,0.5625,0.28125,13.442062820882027,1.1046193483685385,0.45093620718701694,0.8888888888888888,0.1111111111111111,0.8888888888888888,0.1111111111111111,8,1,8,1,9,8,9,8,0.9707034826278687,0.42013897252428334,,,,,,,,,,,0.3411642476029005,0.3411642476029005
174,train-load-0.7-scenario-104,0.7,0.6166666666666667,0.48333333333333334,0.6166666666666667,19.397156722040933,1.564665948493384,0.435334051506616,1.0,0.0,1.0,0.0,11,0,11,0,11,6,11,11,1.1978187561035156,0.4180382776616619,,,,,,,,,,,0.3411642476029005,0.3411642476029005
175,train-load-0.7-scenario-188,0.7,0.6189626666666667,0.52857125,0.6189626666666667,14.457146117534776,1.395045523375459,0.6049544766245408,1.0,0.0,1.0,0.0,8,0,9,0,9,6,8,8,0.9449894428253174,0.4159480862733536,,,,,,,,,,,0.3411642476029005,0.3411642476029005
176,train-load-0.9-scenario-252,0.9,1.0,0.6666666666666666,1.0,3.929516773233827,-0.37284451787088735,0.37284451787088735,0.5,0.5,0.5,0.5,5,5,5,5,10,5,10,5,1.00209379196167,0.41386834584198684,,,,,,,,,,,0.3411642476029005,0.3411642476029005
177,train-load-0.6-scenario-24,0.6,0.66875,0.3541666666666667,0.66875,11.430912794905796,0.7883598457904729,0.7671957097650826,0.8888888888888888,0.1111111111111111,0.8888888888888888,0.1111111111111111,8,1,8,1,9,8,9,8,0.7416353821754456,0.4117990041127769,,,,,,,,,,,0.3411642476029005,0.3411642476029005
178,train-load-0.8-scenario-52-retry-2,0.8,0.75,0.5,0.75,15.408977541764495,0.9408841285809584,0.3924492047523751,0.8333333333333334,0.16666666666666666,0.8333333333333334,0.16666666666666666,10,2,10,2,12,4,12,10,0.8212089538574219,0.40974000909221303,,,,,,,,,,,0.3411642476029005,0.3411642476029005
179,train-hard-4gpu-12pod-small,0.375,0.375,0.25,0.375,21.64625169569208,1.7276860872528026,0.2723139127471974,1.0,0.0,1.0,0.0,12,0,12,0,12,4,12,12,0.7230732440948486,0.40769130904675194,,,,,,,,,,,0.3411642476029005,0.3411642476029005
180,train-load-1.0-scenario-494,1.0,0.8890664285714286,0.8890664285714286,0.8873781428571429,16.406898902606713,0.642935154598191,0.35706484540180905,0.75,0.25,0.7222222222222222,0.2777777777777778,12,4,13,5,18,7,16,12,1.0107817649841309,0.40565285250151817,,,,,,,,,,,0.3411642476029005,0.3411642476029005
181,train-load-0.6-scenario-210,0.6,0.6268835,0.5261510416666667,0.6268835,10.417313042795996,1.6194144070532208,0.38058559294677907,1.0,0.0,1.0,0.0,4,0,7,0,7,4,4,4,0.5338208079338074,0.4036245882390106,,,,,,,,,,,0.3411642476029005,0.3411642476029005
182,train-load-1.0-scenario-726-retry-2,1.0,0.9313664285714286,0.6025625,0.9313664285714286,10.477121125437609,0.20574900498230864,0.5634817642484605,0.6923076923076923,0.3076923076923077,0.7333333333333333,0.26666666666666666,9,4,11,4,15,7,13,9,0.9392315149307251,0.4016064652978155,,,,,,,,,,,0.3411642476029005,0.3411642476029005
183,train-load-0.9-scenario-128-retry-7,0.9,0.9583333333333334,0.9583333333333334,0.925,7.903848263745601,0.072258823137477,0.47319572231706836,0.6363636363636364,0.36363636363636365,0.6153846153846154,0.38461538461538464,7,4,16,10,26,8,11,7,0.9413731098175049,0.3995984329713264,,,,,,,,,,,0.3411642476029005,0.3411642476029005
184,train-load-0.8-scenario-719-retry-2,0.8,0.9083333333333333,0.5916666666666667,0.9083333333333333,9.535780768744466,0.5678125487242132,0.543298562386898,0.7777777777777778,0.2222222222222222,0.7777777777777778,0.2222222222222222,7,2,7,2,9,6,9,7,0.855819582939148,0.3976004408064698,,,,,,,,,,,0.3411642476029005,0.3411642476029005
185,train-load-0.5-scenario-533,0.5,0.4542151666666666,0.4117076388888889,0.4542151666666666,11.111212189069496,1.2720686742637104,0.7279313257362896,1.0,0.0,1.0,0.0,6,0,7,0,7,6,6,6,0.6372200846672058,0.39561243860243744,,,,,,,,,,,0.3411642476029005,0.3411642476029005
186,train-load-0.8-scenario-386-retry-1,0.8,0.7098125000000001,0.470221875,0.7098125000000001,15.029429347664621,0.9893388372166594,0.6470247991469767,0.9090909090909091,0.09090909090909091,0.9230769230769231,0.07692307692307693,10,1,12,1,13,8,11,10,1.7659027576446533,0.3936343764094253,,,,,,,,,,,0.3411642476029005,0.3411642476029005
187,train-load-0.6-scenario-143,0.6,0.5145671875,0.5145671875,0.506776875,17.707448094916433,1.294832538007594,0.705167461992406,1.0,0.0,1.0,0.0,11,0,11,0,11,8,11,11,1.3111017942428589,0.39166620452737816,,,,,,,,,,,0.3411642476029005,0.3411642476029005
188,train-load-0.9-scenario-665,0.9,0.9215257142857143,0.7156360714285714,0.9215257142857143,9.339071285190423,0.05187986868817884,0.7173509005425903,0.6923076923076923,0.3076923076923077,0.7333333333333333,0.26666666666666666,9,4,11,4,15,7,13,9,1.7255733013153076,0.3897078735047413,,,,,,,,,,,0.3411642476029005,0.3411642476029005
189,train-load-1.0-scenario-57-retry-2,1.0,1.05,1.05,1.05,14.60580166364554,0.10738119122953171,0.3688092849609446,0.6190476190476191,0.38095238095238093,0.6190476190476191,0.38095238095238093,13,8,13,8,21,8,21,13,0.23536452651023865,0.3877593341372176,,,,,,,,,,,0.3411642476029005,0.3411642476029005
190,train-load-0.5-scenario-119,0.5,0.5625,0.28125,0.5625,13.388422161777935,1.1015129938387749,0.45404256171678076,0.8888888888888888,0.1111111111111111,0.8888888888888888,0.1111111111111111,8,1,8,1,9,8,9,8,1.2636408805847168,0.3858205374665315,,,,,,,,,,,0.3411642476029005,0.3411642476029005
191,train-load-0.7-scenario-387-retry-1,0.7,0.8,0.8,0.8,12.459493912202719,0.6150380496661834,0.3849619503338165,0.75,0.25,0.75,0.25,9,3,9,3,12,6,12,9,0.9339832663536072,0.38389143477919885,,,,,,,,,,,0.3411642476029005,0.3411642476029005
192,train-load-0.8-scenario-99,0.8,0.692815,0.30696124999999996,0.692815,5.411275926399012,0.4538726047463134,0.7461273952536867,0.8,0.2,0.8,0.2,4,1,4,1,5,4,5,4,0.8546142578125,0.3819719776053028,,,,,,,,,,,0.3411642476029005,0.3411642476029005
193,train-load-1.0-scenario-211-retry-2,1.0,0.9832068,0.5807191666666667,0.9832068,7.2510081792091,0.20233795368300056,0.46432871298366607,0.6666666666666666,0.3333333333333333,0.7,0.3,6,3,7,3,10,5,9,6,0.7150596976280212,0.3800621177172763,,,,,,,,,,,0.3411642476029005,0.3411642476029005
194,train-load-0.6-scenario-511,0.6,0.5182608,0.44386600000000004,0.5182608,12.625060809506008,1.3108135582937233,0.6891864417062766,1.0,0.0,1.0,0.0,7,0,7,0,7,5,7,7,0.9542710781097412,0.37816180712868996,,,,,,,,,,,0.3411642476029005,0.3411642476029005
195,train-load-0.9-scenario-401-retry-1,0.9,1.0,0.18333333333333332,1.0,3.60142370540481,-0.447647394632286,0.447647394632286,0.5,0.5,0.5,0.5,5,5,5,5,10,5,10,5,1.2026479244232178,0.37627099809304654,,,,,,,,,,,0.3411642476029005,0.3411642476029005
196,train-load-0.6-scenario-411-retry-2,0.6,0.7142857142857143,0.6857142857142857,0.7142857142857143,10.320721029896358,0.4245479376421203,0.4845429714487889,0.7272727272727273,0.2727272727272727,0.7272727272727273,0.2727272727272727,8,3,8,3,11,7,11,8,0.5655307769775391,0.3743896431025813,,,,,,,,,,,0.3411642476029005,0.3411642476029005
197,train-load-0.7-scenario-94-retry-1,0.7,0.5928571428571429,0.5714285714285714,0.5928571428571429,21.81763331569557,1.5646320344274836,0.43536796557251645,1.0,0.0,1.0,0.0,13,0,13,0,13,7,13,13,1.4437249898910522,0.37251769488706843,,,,,,,,,,,0.3411642476029005,0.3411642476029005
198,train-load-0.9-scenario-519,0.9,0.890206,0.41210104166666667,0.890206,7.765797056329955,0.6790409844672161,0.6542923488661173,0.8333333333333334,0.16666666666666666,0.8333333333333334,0.16666666666666666,5,1,5,1,6,4,6,5,0.8825825452804565,0.3706551064126331,,,,,,,,,,,0.3411642476029005,0.3411642476029005
199,train-load-0.5-scenario-558,0.5,0.4557066,0.245549,0.4557066,7.915482828835537,1.3631969898586611,0.6368030101413389,1.0,0.0,1.0,0.0,3,0,4,0,4,5,3,3,0.976908802986145,0.36880183088056995,,,,,,,,,,,0.3411642476029005,0.3411642476029005
200,train-load-1.0-scenario-192-retry-2,1.0,1.1071428571428572,0.7857142857142857,1.1071428571428572,8.552241552868917,0.056744503317981976,0.6099221633486847,0.6666666666666666,0.3333333333333333,0.5882352941176471,0.4117647058823529,8,4,10,7,17,7,12,8,0.6024497747421265,0.3669578217261671,0.426319076754765,0.5078821139704083,0.7335502976812934,0.2664497023187067,0.7251164980218718,0.2748835019781282,0.426319076754765,0.6440216371226783,0.22093813810652102,0.7314758566160274,0.426319076754765,0.426319076754765
201,train-load-0.7-scenario-119-retry-2,0.7,0.6071428571428571,0.39285714285714285,0.6071428571428571,16.602390097468085,1.336407240610983,0.6635927593890169,1.0,0.0,1.0,0.0,10,0,10,0,10,7,10,10,0.916752815246582,0.36512303261753626,,,,,,,,,,,0.426319076754765,0.426319076754765
202,train-load-0.8-scenario-57-retry-10,0.8,0.9166666666666666,0.9166666666666666,0.4583333333333333,5.502990446174903,-0.22228845997302826,0.40410664179121,0.5454545454545454,0.45454545454545453,0.5454545454545454,0.45454545454545453,6,5,6,5,11,6,11,6,0.3662872910499573,0.3632974174544486,,,,,,,,,,,0.426319076754765,0.426319076754765
203,train-load-0.9-scenario-78,0.9,0.975,0.75,0.975,12.528125892142317,0.9374367189395397,0.26256328106046045,0.8,0.2,0.8,0.2,8,2,8,2,10,6,10,8,1.2548155784606934,0.3614809303671764,,,,,,,,,,,0.426319076754765,0.426319076754765
204,train-load-0.5-scenario-221,0.5,0.4466630952380952,0.4466630952380952,0.4175417142857143,13.889056060454442,1.3036072693680716,0.6963927306319284,1.0,0.0,1.0,0.0,8,0,8,0,8,7,8,8,1.061384677886963,0.3596735257153405,,,,,,,,,,,0.426319076754765,0.426319076754765
205,train-load-0.5-scenario-553-retry-3,0.5,0.4,0.2,0.4,30.446215250083554,1.3787183234878801,0.6212816765121199,1.0,0.0,1.0,0.0,20,0,20,0,20,5,20,20,0.7013464570045471,0.3578751580867638,,,,,,,,,,,0.426319076754765,0.426319076754765
206,train-load-0.5-scenario-294,0.5,0.5625,0.45,0.5625,16.053890911039563,1.423543539322333,0.576456460677667,1.0,0.0,1.0,0.0,9,0,9,0,9,4,9,9,1.0672416687011719,0.35608578229633,,,,,,,,,,,0.426319076754765,0.426319076754765
207,train-load-0.9-scenario-203,0.9,0.9192052,0.7426155,0.9192052,9.73114849917621,0.5437081929653502,0.5674029181457609,0.7777777777777778,0.2222222222222222,0.75,0.25,7,2,9,3,12,5,9,7,0.7795175313949585,0.3543053533848483,,,,,,,,,,,0.426319076754765,0.426319076754765
208,train-load-0.6-scenario-657,0.6,0.55214125,0.4545190625,0.55214125,13.704290740599314,0.9889628520973985,0.6110371479026017,0.9,0.1,0.9090909090909091,0.09090909090909091,9,1,10,1,11,8,10,9,0.5370489358901978,0.35253382661792404,,,,,,,,,,,0.426319076754765,0.426319076754765
209,train-load-0.5-scenario-425,0.5,0.4339705,0.34127859374999997,0.4339705,14.117824348923532,1.3223232612812836,0.6776767387187165,1.0,0.0,1.0,0.0,8,0,9,0,9,8,8,8,0.8524354696273804,0.3507711574848344,,,,,,,,,,,0.426319076754765,0.426319076754765
210,train-load-0.7-scenario-594,0.7,0.6632785,0.6632785,0.5487398000000001,10.49930406669494,0.820122254136066,0.679877745863934,0.875,0.125,0.875,0.125,7,1,7,1,8,5,8,7,0.5822151899337769,0.34901730169741024,,,,,,,,,,,0.426319076754765,0.426319076754765
211,train-load-0.7-scenario-521,0.7,0.6178708333333334,0.6178708333333334,0.4595392857142857,9.813919452819375,0.6841247522090903,0.8158752477909097,0.875,0.125,0.8181818181818182,0.18181818181818182,7,1,9,2,11,7,8,7,1.029935598373413,0.3472722151889232,,,,,,,,,,,0.426319076754765,0.426319076754765
212,train-load-0.8-scenario-126-retry-3,0.8,0.8,0.4,0.8,15.342882008046967,0.4914471955395523,0.5085528044604477,0.75,0.25,0.75,0.25,12,4,12,4,16,8,16,12,0.7463002800941467,0.3455358541129786,,,,,,,,,,,0.426319076754765,0.426319076754765
213,train-load-0.6-scenario-384-retry-1,0.6,0.6666666666666666,0.2222222222222222,0.6666666666666666,8.046123850313803,0.40790794798057695,0.592092052019423,0.75,0.25,0.75,0.25,6,2,6,2,8,6,8,6,0.4916155934333801,0.3438081748424137,,,,,,,,,,,0.426319076754765,0.426319076754765
214,train-load-1.0-scenario-485-retry-1,1.0,1.1083333333333334,0.7777777777777778,1.1083333333333334,12.289606133321868,0.3524473826626262,0.504695474480231,0.7142857142857143,0.2857142857142857,0.7142857142857143,0.2857142857142857,10,4,10,4,14,6,14,10,0.6291865706443787,0.3420891339682016,,,,,,,,,,,0.426319076754765,0.426319076754765
215,train-load-1.0-scenario-128,1.0,0.9432136000000001,0.5540008333333334,0.9432136000000001,4.146710430491552,0.041472391352954885,0.6251942753137117,0.6666666666666666,0.3333333333333333,0.7,0.3,4,2,7,3,10,5,6,4,1.1057016849517822,0.3403786882983606,,,,,,,,,,,0.426319076754765,0.426319076754765
216,train-load-1.0-scenario-430,1.0,0.9287231250000001,0.7348651041666666,0.9287231250000001,14.212791227702414,0.389527165590174,0.610472834409826,0.75,0.25,0.7222222222222222,0.2777777777777778,12,4,13,5,18,8,16,12,0.6778462529182434,0.3386767948568688,,,,,,,,,,,0.426319076754765,0.426319076754765
217,train-load-0.6-scenario-220-retry-1,0.6,0.5766844999999999,0.3247096875,0.5766844999999999,9.491671152954058,1.4276665344840063,0.5723334655159938,1.0,0.0,1.0,0.0,4,0,4,0,4,4,4,4,1.2925782203674316,0.33698341088258443,,,,,,,,,,,0.426319076754765,0.426319076754765
218,train-load-0.8-scenario-129-retry-1,0.8,0.9,0.5,0.9,11.348506943089937,0.1819679760732026,0.6751748810696546,0.7142857142857143,0.2857142857142857,0.7142857142857143,0.2857142857142857,10,4,10,4,14,8,14,10,0.4931154251098633,0.3352984938281715,,,,,,,,,,,0.426319076754765,0.426319076754765
219,train-load-0.9-scenario-330,0.9,0.7858891666666666,0.6393627083333333,0.7858891666666666,6.397666641888348,-0.0801950174749867,0.8801950174749866,0.7,0.3,0.7272727272727273,0.2727272727272727,7,3,8,3,11,6,10,7,0.4029836058616638,0.33362200135903064,,,,,,,,,,,0.426319076754765,0.426319076754765
220,train-load-0.5-scenario-52,0.5,0.46355799999999997,0.18262708333333333,0.46355799999999997,9.216269648121756,1.1495251886608644,0.8504748113391356,1.0,0.0,1.0,0.0,5,0,5,0,5,6,5,5,0.9268014430999756,0.33195389135223546,,,,,,,,,,,0.426319076754765,0.426319076754765
221,train-load-0.6-scenario-686,0.6,0.5167707142857143,0.4531556547619048,0.5167707142857143,14.178747683200731,1.1349366345849554,0.8650633654150446,1.0,0.0,1.0,0.0,9,0,9,0,9,7,9,9,0.698326826095581,0.3302941218954743,,,,,,,,,,,0.426319076754765,0.426319076754765
222,train-load-1.0-scenario-514-retry-21,1.0,1.1,0.44,1.1,2.789332531834378,-0.6191953868051093,0.43737720498692756,0.45454545454545453,0.5454545454545454,0.45454545454545453,0.5454545454545454,5,6,5,6,11,5,11,5,0.6585557460784912,0.32864265128599696,,,,,,,,,,,0.426319076754765,0.426319076754765
223,train-load-1.0-scenario-10-retry-9,1.0,1.0,0.625,1.0,3.694043456194149,-0.46139359564347115,0.46139359564347115,0.5,0.5,0.5,0.5,5,5,10,10,20,8,10,5,0.5425018072128296,0.326999438029567,,,,,,,,,,,0.426319076754765,0.426319076754765
224,train-load-0.6-scenario-179,0.6,0.7,0.6111111111111112,0.7,18.38036379687209,1.6929050096820966,0.3070949903179035,1.0,0.0,1.0,0.0,10,0,10,0,10,6,10,10,0.9885225296020508,0.3253644408394192,,,,,,,,,,,0.426319076754765,0.426319076754765
225,train-load-0.5-scenario-684,0.5,0.5714285714285714,0.19047619047619047,0.5714285714285714,11.558266956689867,0.99027473142861,0.50972526857139,0.875,0.125,0.875,0.125,7,1,7,1,8,7,8,7,0.6139973402023315,0.3237376186352221,,,,,,,,,,,0.426319076754765,0.426319076754765
226,train-load-0.8-scenario-630,0.8,0.7259303333333333,0.7049034722222223,0.7259303333333333,9.465465403238406,0.5211886453120081,0.589922465799103,0.7777777777777778,0.2222222222222222,0.8181818181818182,0.18181818181818182,7,2,9,2,11,6,9,7,0.704443097114563,0.322118930542046,,,,,,,,,,,0.426319076754765,0.426319076754765
227,train-load-0.6-scenario-660,0.6,0.521473,0.5059357142857144,0.521473,14.382710651166013,1.0829146419957194,0.5170853580042807,0.9,0.1,0.9,0.1,9,1,9,1,10,7,10,9,0.8101392984390259,0.32050833588933575,,,,,,,,,,,0.426319076754765,0.426319076754765
228,train-load-0.7-scenario-154,0.7,0.6265786666666667,0.5354014583333334,0.6265786666666667,8.857186331799188,0.5847957792302878,0.4152042207697122,0.75,0.25,0.7777777777777778,0.2222222222222222,6,2,7,2,9,6,8,6,0.7975348830223083,0.31890579420988907,,,,,,,,,,,0.426319076754765,0.426319076754765
229,train-load-0.8-scenario-588,0.8,0.787769,0.32875225,0.787769,9.115268379154532,0.7434500129550766,0.6851214156163519,0.8571428571428571,0.14285714285714285,0.8571428571428571,0.14285714285714285,6,1,6,1,7,5,7,6,0.43669357895851135,0.3173112652388396,,,,,,,,,,,0.426319076754765,0.426319076754765
230,train-load-0.5-scenario-431,0.5,0.465265,0.40918312500000004,0.465265,8.719713938024768,1.257508840841483,0.742491159158517,1.0,0.0,1.0,0.0,4,0,5,0,5,4,4,4,0.5844663381576538,0.3157247089126454,,,,,,,,,,,0.426319076754765,0.426319076754765
231,train-load-0.6-scenario-326-retry-3,0.6,0.6285714285714286,0.15714285714285714,0.6285714285714286,18.207850749247086,1.3327748368302692,0.6672251631697308,1.0,0.0,1.0,0.0,11,0,11,0,11,7,11,11,0.3871533274650574,0.3141460853680822,,,,,,,,,,,0.426319076754765,0.426319076754765
232,train-load-0.6-scenario-291,0.6,0.6187096875,0.6187096875,0.5159815,14.122470019633813,1.536904844940091,0.4630951550599089,1.0,0.0,1.0,0.0,7,0,7,0,7,4,7,7,0.8356075286865234,0.3125753549412418,,,,,,,,,,,0.426319076754765,0.426319076754765
233,train-load-1.0-scenario-184,1.0,1.1111111111111112,1.1111111111111112,0.16666666666666666,-0.7230793085445741,-1.1771989571659063,0.7771989571659065,0.4,0.6,0.4,0.6,4,6,4,6,10,6,10,4,0.6842113733291626,0.31101247816653554,,,,,,,,,,,0.426319076754765,0.426319076754765
234,train-load-0.5-scenario-72,0.5,0.44732976190476187,0.44732976190476187,0.43013942857142856,12.744411870357135,1.309349810095196,0.6906501899048041,1.0,0.0,1.0,0.0,7,0,8,0,8,7,7,7,1.487155795097351,0.30945741577570285,,,,,,,,,,,0.426319076754765,0.426319076754765
235,train-load-0.5-scenario-23,0.5,0.4,0.3333333333333333,0.4,26.700403267253556,1.6356366562567688,0.3643633437432313,1.0,0.0,1.0,0.0,16,0,16,0,16,4,16,16,1.193820595741272,0.3079101286968243,,,,,,,,,,,0.426319076754765,0.426319076754765
236,train-load-0.8-scenario-78,0.8,0.8857142857142857,0.2619047619047619,0.8857142857142857,-3.626096607142242,-1.6157444981274636,0.6157444981274636,0.25,0.75,0.25,0.75,2,6,2,6,8,7,8,2,1.0186406373977661,0.3063705780533402,,,,,,,,,,,0.426319076754765,0.426319076754765
237,train-load-0.7-scenario-430,0.7,0.6601672,0.42713075000000006,0.6601672,9.485092813830956,0.810497490062969,0.6180739385084595,0.8571428571428571,0.14285714285714285,0.875,0.125,6,1,7,1,8,5,7,6,0.652134358882904,0.30483872516307353,,,,,,,,,,,0.426319076754765,0.426319076754765
238,train-load-0.7-scenario-108,0.7,0.7777777777777778,0.7777777777777778,0.7666666666666667,15.054676849196673,0.9465706311202549,0.38676270221307874,0.8333333333333334,0.16666666666666666,0.8333333333333334,0.16666666666666666,10,2,10,2,12,6,12,10,0.935640811920166,0.3033145315372582,,,,,,,,,,,0.426319076754765,0.426319076754765
239,train-load-0.7-scenario-409,0.7,0.6,0.3,0.6,24.68115322763289,1.559356260943741,0.440643739056259,1.0,0.0,1.0,0.0,15,0,15,0,15,5,15,15,1.1260643005371094,0.3017979588795719,,,,,,,,,,,0.426319076754765,0.426319076754765
240,train-hard-4gpu-4pod-2vgpu,0.25,0.25,0.16666666666666666,0.25,10.933967653714573,1.7693527539194693,0.23064724608053075,1.0,0.0,1.0,0.0,4,0,8,0,8,4,4,4,0.7515283823013306,0.30028896908517405,,,,,,,,,,,0.426319076754765,0.426319076754765
241,train-load-1.0-scenario-160,1.0,0.93582975,0.71565703125,0.93582975,19.750767296253784,0.9006980516607666,0.3934195953980569,0.8235294117647058,0.17647058823529413,0.8333333333333334,0.16666666666666666,14,3,15,3,18,8,17,14,0.9582512974739075,0.2987875242397482,,,,,,,,,,,0.426319076754765,0.426319076754765
242,train-load-0.5-scenario-438,0.5,0.5833333333333334,0.3888888888888889,0.5833333333333334,23.095888253160645,1.4938138744370617,0.5061861255629384,1.0,0.0,1.0,0.0,14,0,14,0,14,6,14,14,0.9797729253768921,0.29729358661854943,,,,,,,,,,,0.426319076754765,0.426319076754765
243,train-load-0.8-scenario-331-retry-3,0.8,0.7875,0.75,0.7875,22.870026319670966,1.0571834766139432,0.4983720789416121,0.8888888888888888,0.1111111111111111,0.8888888888888888,0.1111111111111111,16,2,16,2,18,8,18,16,0.5366961359977722,0.29580711868545667,,,,,,,,,,,0.426319076754765,0.426319076754765
244,train-load-0.5-scenario-666-retry-6,0.5,0.5,0.5,0.5,16.00641860901962,1.6728494747158824,0.3271505252841176,1.0,0.0,1.0,0.0,8,0,8,0,8,8,8,8,1.3061530590057373,0.2943280830920294,,,,,,,,,,,0.426319076754765,0.426319076754765
245,train-load-1.0-scenario-398-retry-1,1.0,0.8914085,0.46557916666666666,0.8914085,6.000823580279897,0.2569738752813252,0.600168981861532,0.7142857142857143,0.2857142857142857,0.7142857142857143,0.2857142857142857,5,2,5,2,7,4,7,5,1.0158600807189941,0.29285644267656924,,,,,,,,,,,0.426319076754765,0.426319076754765
246,train-load-0.6-scenario-493,0.6,0.548765,0.3344375,0.548765,10.441036547756838,1.153303695369658,0.8466963046303418,1.0,0.0,1.0,0.0,6,0,6,0,6,5,6,6,0.6392309665679932,0.2913921604631864,,,,,,,,,,,0.426319076754765,0.426319076754765
247,train-load-0.7-scenario-200,0.7,0.6981916666666667,0.6981916666666667,0.6242205,12.724870113938021,1.413168479799464,0.586831520200536,1.0,0.0,1.0,0.0,7,0,7,0,7,4,7,7,0.7891129851341248,0.28993519966087045,,,,,,,,,,,0.426319076754765,0.426319076754765
248,train-load-1.0-scenario-577-retry-4,1.0,1.1166666666666667,0.9666666666666667,1.1166666666666667,10.387811306303025,0.07199631630845593,0.5946703503582107,0.6666666666666666,0.3333333333333333,0.6666666666666666,0.3333333333333333,10,5,10,5,15,6,15,10,0.8695208430290222,0.2884855236625661,,,,,,,,,,,0.426319076754765,0.426319076754765
249,train-load-0.7-scenario-295-retry-1,0.7,0.6190476190476191,0.6190476190476191,0.17142857142857143,16.254552983376225,0.9684278793251163,0.6982387873415504,0.9166666666666666,0.08333333333333333,0.9166666666666666,0.08333333333333333,11,1,11,1,12,7,12,11,1.1809654235839844,0.28704309604425327,,,,,,,,,,,0.426319076754765,0.426319076754765
250,train-load-1.0-scenario-206,1.0,0.9457788333333333,0.6526908333333333,0.9457788333333333,14.775259253235708,0.8838505807997106,0.4494827525336228,0.8333333333333334,0.16666666666666666,0.8461538461538461,0.15384615384615385,10,2,11,2,13,6,12,10,0.7447924017906189,0.285607880564032,,,,,,,,,,,0.426319076754765,0.426319076754765
251,train-load-0.7-scenario-161,0.7,0.6719069999999999,0.271390625,0.6719069999999999,15.162017287949809,1.1139934377137517,0.8860065622862483,1.0,0.0,1.0,0.0,10,0,10,0,10,8,10,10,0.9485201835632324,0.28417984116121187,,,,,,,,,,,0.426319076754765,0.426319076754765
252,train-load-0.6-scenario-617,0.6,0.6173865,0.29915138888888887,0.6173865,13.439555532629779,1.4356339217528296,0.5643660782471704,1.0,0.0,1.0,0.0,7,0,7,0,7,6,7,7,0.6087007522583008,0.2827589419554058,,,,,,,,,,,0.426319076754765,0.426319076754765
253,train-load-0.8-scenario-211-retry-2,0.8,0.9,0.9,0.225,8.457911348033058,0.36674260187888175,0.7443685092322294,0.7777777777777778,0.2222222222222222,0.7777777777777778,0.2222222222222222,7,2,7,2,9,4,9,7,0.37685900926589966,0.28134514724562876,,,,,,,,,,,0.426319076754765,0.426319076754765
254,train-load-1.0-scenario-118,1.0,0.9375,0.16666666666666666,0.9375,-1.9171946681867322,-1.3038273946294712,0.19271628351836,0.2222222222222222,0.7777777777777778,0.2222222222222222,0.7777777777777778,2,7,2,7,9,8,9,2,1.3623186349868774,0.2799384215094006,,,,,,,,,,,0.426319076754765,0.426319076754765
255,train-load-0.8-scenario-688,0.8,0.8017186000000001,0.55684,0.8017186000000001,11.877466254836024,0.8951715868021087,0.6603839687534467,0.8888888888888888,0.1111111111111111,0.8888888888888888,0.1111111111111111,8,1,8,1,9,5,9,8,0.7643169164657593,0.27853872940185365,,,,,,,,,,,0.426319076754765,0.426319076754765
256,train-load-0.5-scenario-593-retry-4,0.5,0.5714285714285714,0.45714285714285713,0.5714285714285714,12.37158500960119,1.1114962508395543,0.38850374916044583,0.875,0.125,0.875,0.125,7,1,7,1,8,7,8,7,1.2004951238632202,0.27714603575484437,,,,,,,,,,,0.426319076754765,0.426319076754765
257,train-load-0.6-scenario-549,0.6,0.6666666666666666,0.6666666666666666,0.3333333333333333,8.83687388652455,0.5962473202006102,0.40375267979938984,0.75,0.25,0.75,0.25,6,2,6,2,8,6,8,6,0.8456833362579346,0.2757603055760701,,,,,,,,,,,0.426319076754765,0.426319076754765
258,train-load-1.0-scenario-235-retry-3,1.0,0.9758007499999999,0.790023125,0.9758007499999999,8.110155612228006,0.2121063535046982,0.5878936464953017,0.7,0.3,0.7,0.3,7,3,7,3,10,4,10,7,1.1257407665252686,0.2743815040481898,,,,,,,,,,,0.426319076754765,0.426319076754765
259,train-load-0.8-scenario-351-retry-1,0.8,0.9,0.75,0.9,21.93884434571389,1.0222141254902735,0.31111920784306,0.8333333333333334,0.16666666666666666,0.8333333333333334,0.16666666666666666,15,3,15,3,18,4,18,15,0.8385712504386902,0.2730095965279488,,,,,,,,,,,0.426319076754765,0.426319076754765
260,train-load-0.8-scenario-659,0.8,0.748587,0.44372468749999994,0.748587,9.146417803994696,0.2866865965449874,0.9133134034550127,0.8,0.2,0.75,0.25,8,2,9,3,12,8,10,8,1.3907101154327393,0.27164454854530906,,,,,,,,,,,0.426319076754765,0.426319076754765
261,train-load-0.9-scenario-471-retry-4,0.9,1.0,1.0,0.55,8.089252740153935,-0.05281512956946843,0.51435359110793,0.6153846153846154,0.38461538461538464,0.6153846153846154,0.38461538461538464,8,5,8,5,13,7,13,8,0.9425455927848816,0.2702863258025825,,,,,,,,,,,0.426319076754765,0.426319076754765
262,train-load-0.8-scenario-746-retry-2,0.8,0.9166666666666666,0.9166666666666666,0.2,16.350928324428704,1.0123339851863482,0.6543326814803183,0.9166666666666666,0.08333333333333333,0.9166666666666666,0.08333333333333333,11,1,11,1,12,6,12,11,1.0194697380065918,0.2689348941735696,,,,,,,,,,,0.426319076754765,0.426319076754765
263,train-load-0.5-scenario-101-retry-3,0.5,0.4,0.2,0.4,25.62127777112229,1.462909753925247,0.537090246074753,1.0,0.0,1.0,0.0,16,0,16,0,16,8,16,16,0.8870474100112915,0.26759021970270175,,,,,,,,,,,0.426319076754765,0.426319076754765
264,train-load-0.5-scenario-635,0.5,0.5371865,0.46224010416666667,0.5371865,8.6107480184689,1.3023307036131895,0.6976692963868106,1.0,0.0,1.0,0.0,4,0,5,0,5,4,4,4,0.6605794429779053,0.2662522686041882,,,,,,,,,,,0.426319076754765,0.426319076754765
265,train-load-0.8-scenario-483,0.8,0.7803452,0.7263084999999999,0.7803452,5.674540193504426,0.17618634749086537,0.6809565096519918,0.7142857142857143,0.2857142857142857,0.6,0.4,5,2,6,4,10,5,7,5,0.6204015016555786,0.2649210072611673,,,,,,,,,,,0.426319076754765,0.426319076754765
266,train-load-0.7-scenario-715-retry-1,0.7,0.6,0.6,0.36,16.93412554748165,1.600963291274923,0.39903670872507696,1.0,0.0,1.0,0.0,9,0,9,0,9,5,9,9,0.5140537023544312,0.26359640222486147,,,,,,,,,,,0.426319076754765,0.426319076754765
267,train-load-0.6-scenario-352-retry-2,0.6,0.625,0.625,0.6,16.105655615941448,1.4501756675914943,0.5498243324085058,1.0,0.0,1.0,0.0,9,0,9,0,9,4,9,9,0.8566082715988159,0.26227842021373715,,,,,,,,,,,0.426319076754765,0.426319076754765
268,train-load-0.8-scenario-284-retry-2,0.8,0.7,0.5238095238095238,0.7,17.771590807230965,1.582579043245397,0.4174209567546031,1.0,0.0,1.0,0.0,10,0,10,0,10,7,10,10,0.8992698192596436,0.2609670281126685,,,,,,,,,,,0.426319076754765,0.426319076754765
269,train-load-1.0-scenario-576-retry-1,1.0,0.925844,0.4472596875,0.925844,9.045213912503964,0.1923044908569913,0.7167864182339179,0.7272727272727273,0.2727272727272727,0.6923076923076923,0.3076923076923077,8,3,9,4,13,8,11,8,0.8928614854812622,0.25966219297210513,,,,,,,,,,,0.426319076754765,0.426319076754765
270,train-load-0.8-scenario-146,0.8,0.70909475,0.57568125,0.70909475,8.625771318341002,0.8661792635524639,0.4671540697808696,0.8333333333333334,0.16666666666666666,0.8571428571428571,0.14285714285714285,5,1,6,1,7,4,6,5,1.1153175830841064,0.2583638820072446,,,,,,,,,,,0.426319076754765,0.426319076754765
271,train-load-1.0-scenario-478,1.0,0.9438852857142856,0.847329761904762,0.9438852857142856,6.6887840709610975,-0.35488197125352905,0.6405962569678147,0.5714285714285714,0.42857142857142855,0.5882352941176471,0.4117647058823529,8,6,10,7,17,7,14,8,0.5997720956802368,0.2570720625972084,,,,,,,,,,,0.426319076754765,0.426319076754765
272,train-load-0.8-scenario-359,0.8,0.73516225,0.429611875,0.73516225,12.364578691949314,0.660346012032747,0.6123812606945257,0.8181818181818182,0.18181818181818182,0.8333333333333334,0.16666666666666666,9,2,10,2,12,8,11,9,1.010416865348816,0.25578670228422234,,,,,,,,,,,0.426319076754765,0.426319076754765
273,train-load-0.5-scenario-14-retry-3,0.5,0.41,0.09,0.41,15.313182964083708,1.30134822857476,0.69865177142524,1.0,0.0,1.0,0.0,9,0,9,0,9,5,9,9,1.014711618423462,0.25450776877280124,,,,,,,,,,,0.426319076754765,0.426319076754765
274,train-load-0.5-scenario-268,0.5,0.4603915,0.2564771875,0.4603915,9.015637956328922,1.3509135114424016,0.6490864885575984,1.0,0.0,1.0,0.0,4,0,4,0,4,4,4,4,0.8524606823921204,0.2532352299289372,,,,,,,,,,,0.426319076754765,0.426319076754765
275,train-load-0.6-scenario-213,0.6,0.7142857142857143,0.15714285714285714,0.7142857142857143,14.657086427468686,0.927142828271599,0.7092208080920374,0.9090909090909091,0.09090909090909091,0.9090909090909091,0.09090909090909091,10,1,10,1,11,7,11,10,0.5042814016342163,0.2519690537792925,,,,,,,,,,,0.426319076754765,0.426319076754765
276,train-load-0.6-scenario-202,0.6,0.52165975,0.308321875,0.52165975,8.855097380378293,1.5430894658867849,0.4569105341132152,1.0,0.0,1.0,0.0,3,0,4,0,4,4,3,3,0.9070628881454468,0.2507092085103961,,,,,,,,,,,0.426319076754765,0.426319076754765
277,train-load-0.6-scenario-431,0.6,0.5924776666666667,0.5421308333333333,0.5924776666666667,13.5480732559994,1.2830147830426255,0.7169852169573745,1.0,0.0,1.0,0.0,8,0,10,0,10,6,8,8,1.1537675857543945,0.2494556624678441,,,,,,,,,,,0.426319076754765,0.426319076754765
278,train-load-0.9-scenario-197-retry-5,0.9,1.0,1.0,0.625,19.329267098793235,0.559668619579087,0.44033138042091313,0.75,0.25,0.75,0.25,15,5,15,5,20,8,20,15,1.1840639114379883,0.24820838415550486,,,,,,,,,,,0.426319076754765,0.426319076754765
279,train-load-0.8-scenario-706,0.8,0.7332247023809524,0.7332247023809524,0.6542928571428571,15.068313461945696,0.9652377230385585,0.6711259133250778,0.9090909090909091,0.09090909090909091,0.8461538461538461,0.15384615384615385,10,1,11,2,13,7,11,10,0.5608265399932861,0.24696734223472733,,,,,,,,,,,0.426319076754765,0.426319076754765
280,train-load-1.0-scenario-150,1.0,1.02516,0.7642116666666666,1.02516,8.305572956408419,0.03897162105659813,0.6276950456100685,0.6666666666666666,0.3333333333333333,0.6428571428571429,0.35714285714285715,8,4,9,5,14,6,12,8,0.5907557606697083,0.2457325055235537,,,,,,,,,,,0.426319076754765,0.426319076754765
281,train-load-0.5-scenario-263-retry-1,0.5,0.5714285714285714,0.5714285714285714,0.5714285714285714,18.411520477787835,1.5956732388035721,0.40432676119642774,1.0,0.0,1.0,0.0,10,0,10,0,10,7,10,10,0.9894886612892151,0.24450384299593592,,,,,,,,,,,0.426319076754765,0.426319076754765
282,train-load-1.0-scenario-1,1.0,0.8821434285714286,0.7003766071428572,0.8821434285714286,8.024202216607327,-0.05476392698260624,0.5163023885210678,0.6153846153846154,0.38461538461538464,0.6666666666666666,0.3333333333333333,8,5,10,5,15,7,13,8,0.7120295763015747,0.24328132378095624,,,,,,,,,,,0.426319076754765,0.426319076754765
283,train-load-0.5-scenario-683-retry-4,0.5,0.4642857142857143,0.18571428571428572,0.4642857142857143,21.853155233178775,1.5071226002759528,0.49287739972404715,1.0,0.0,1.0,0.0,13,0,13,0,13,7,13,13,1.056257963180542,0.24206491716205145,,,,,,,,,,,0.426319076754765,0.426319076754765
284,train-load-0.7-scenario-718-retry-1,0.7,0.75,0.3,0.75,15.553928970424368,1.0517680821820425,0.5845955541815937,0.9090909090909091,0.09090909090909091,0.9090909090909091,0.09090909090909091,10,1,10,1,11,5,11,10,0.7981085777282715,0.2408545925762412,,,,,,,,,,,0.426319076754765,0.426319076754765
285,train-load-0.6-scenario-706-retry-1,0.6,0.5120074285714286,0.2853517857142857,0.5120074285714286,11.862834220081162,1.179943714112302,0.8200562858876981,1.0,0.0,1.0,0.0,7,0,7,0,7,7,7,7,0.7951488494873047,0.23965031961336,,,,,,,,,,,0.426319076754765,0.426319076754765
286,train-load-0.6-scenario-260,0.6,0.6534285999999999,0.3731033333333333,0.6534285999999999,10.935651054632084,1.4787503322286493,0.5212496677713508,1.0,0.0,1.0,0.0,5,0,6,0,6,5,5,5,0.2739110589027405,0.2384520680152932,,,,,,,,,,,0.426319076754765,0.426319076754765
287,train-load-0.6-scenario-180,0.6,0.6,0.6,0.375,16.52508476034332,1.51681204541149,0.4831879545885101,1.0,0.0,1.0,0.0,9,0,9,0,9,6,9,9,0.5446832180023193,0.23725980767521673,,,,,,,,,,,0.426319076754765,0.426319076754765
288,train-load-0.9-scenario-388-retry-3,0.9,0.8,0.475,0.8,6.208400910798407,-0.09559862538403885,0.49559862538403876,0.6,0.4,0.6,0.4,6,4,6,4,10,8,10,6,0.5397290587425232,0.23607350863684065,,,,,,,,,,,0.426319076754765,0.426319076754765
289,train-load-0.5-scenario-726-retry-4,0.5,0.4,0.4,0.24,21.878086254469693,1.7140962876825832,0.28590371231741696,1.0,0.0,1.0,0.0,12,0,12,0,12,5,12,12,0.9277692437171936,0.23489314109365644,,,,,,,,,,,0.426319076754765,0.426319076754765
290,train-load-0.7-scenario-54,0.7,0.7792504,0.4114108333333333,0.7792504,8.713636759063204,0.8384367167160176,0.494896616617316,0.8333333333333334,0.16666666666666666,0.75,0.25,5,1,6,2,8,5,6,5,0.8734044432640076,0.23371867538818816,,,,,,,,,,,0.426319076754765,0.426319076754765
291,train-load-0.9-scenario-117-retry-3,0.9,0.9166666666666666,0.9166666666666666,0.55,10.777186074925812,0.46972309649778654,0.43936781259312263,0.7272727272727273,0.2727272727272727,0.7272727272727273,0.2727272727272727,8,3,8,3,11,4,11,8,0.6042189002037048,0.23255008201124722,,,,,,,,,,,0.426319076754765,0.426319076754765
292,train-load-0.7-scenario-399,0.7,0.607748,0.35891375000000003,0.607748,10.975299227841699,1.2662902219718655,0.7337097780281344,1.0,0.0,1.0,0.0,6,0,7,0,7,6,6,6,1.0749030113220215,0.231387331601191,,,,,,,,,,,0.426319076754765,0.426319076754765
293,train-load-0.7-scenario-526-retry-6,0.7,0.7142857142857143,0.5,0.7142857142857143,5.518919112057635,-0.05435796765318446,0.27658018987540683,0.5555555555555556,0.4444444444444444,0.5555555555555556,0.4444444444444444,5,4,5,4,9,7,9,5,1.2715399265289307,0.23023039494318503,,,,,,,,,,,0.426319076754765,0.426319076754765
294,train-load-1.0-scenario-213-retry-4,1.0,1.0,1.0,0.75,9.87346377249752,-0.01593828709713274,0.4159382870971327,0.6,0.4,0.6,0.4,9,6,9,6,15,5,15,9,0.37758708000183105,0.2290792429684691,,,,,,,,,,,0.426319076754765,0.426319076754765
295,train-load-0.9-scenario-352,0.9,0.8,0.5142857142857142,0.8,9.418579006440694,0.2024645391472054,0.4642021275194612,0.6666666666666666,0.3333333333333333,0.6666666666666666,0.3333333333333333,8,4,8,4,12,7,12,8,0.623501181602478,0.22793384675362674,,,,,,,,,,,0.426319076754765,0.426319076754765
296,train-load-0.7-scenario-466-retry-6,0.7,0.5833333333333334,0.3888888888888889,0.5833333333333334,23.899914707386824,1.6452924880926219,0.35470751190737815,1.0,0.0,1.0,0.0,14,0,14,0,14,6,14,14,0.7392648458480835,0.22679417751985861,,,,,,,,,,,0.426319076754765,0.426319076754765
297,train-load-1.0-scenario-77-retry-16,1.0,1.07,0.36666666666666664,1.07,5.794040171885666,-0.07810710639177365,0.7447737730584403,0.6666666666666666,0.3333333333333333,0.6666666666666666,0.3333333333333333,6,3,6,3,9,5,9,6,0.5663556456565857,0.22566020663225933,,,,,,,,,,,0.426319076754765,0.426319076754765
298,train-load-0.6-scenario-137-retry-1,0.6,0.6875,0.4583333333333333,0.6875,10.746372778566517,0.4904238730100554,0.41866703608085376,0.7272727272727273,0.2727272727272727,0.7272727272727273,0.2727272727272727,8,3,8,3,11,8,11,8,0.887044370174408,0.22453190559909803,,,,,,,,,,,0.426319076754765,0.426319076754765
299,train-hard-8gpu-16pod-1vgpu,0.5,0.5,0.3333333333333333,0.5,26.300715155316258,1.625,0.375,1.0,0.0,1.0,0.0,16,0,16,0,16,8,16,16,1.0755183696746826,0.22340924607110255,,,,,,,,,,,0.426319076754765,0.426319076754765
300,train-load-0.5-scenario-723-retry-4,0.5,0.6,0.25,0.6,19.47922006573588,1.3575053385621505,0.6424946614378496,1.0,0.0,1.0,0.0,12,0,12,0,12,4,12,12,0.7168868184089661,0.22229219984074702,0.3864257954179969,0.5289549345587607,0.7288451824941894,0.2711548175058106,0.7197842080876727,0.28021579191232737,0.3864257954179969,0.6035410366754157,0.25952005608071904,0.7094760183213823,0.426319076754765,0.426319076754765
301,train-load-0.6-scenario-711,0.6,0.6639987142857142,0.35788125,0.6639987142857142,13.282354543273524,1.4325520720897038,0.5674479279102961,1.0,0.0,1.0,0.0,7,0,9,0,9,7,7,7,0.9807984828948975,0.2211807388415433,,,,,,,,,,,0.426319076754765,0.426319076754765
302,train-load-0.9-scenario-325,0.9,0.95,0.9166666666666666,0.95,9.916302748119703,0.6279102572380992,0.4832008538730119,0.7777777777777778,0.2222222222222222,0.7777777777777778,0.2222222222222222,7,2,7,2,9,4,9,7,0.9625450372695923,0.22007483514733558,,,,,,,,,,,0.426319076754765,0.426319076754765
303,train-load-1.0-scenario-463,1.0,0.9136586666666666,0.5542824999999999,0.9136586666666666,12.079645607581186,0.6447877122486921,0.6279395604785807,0.8181818181818182,0.18181818181818182,0.8181818181818182,0.18181818181818182,9,2,9,2,11,6,11,9,0.8441302180290222,0.2189744609715989,,,,,,,,,,,0.426319076754765,0.426319076754765
304,train-load-0.9-scenario-583,0.9,1.0,1.0,0.975,7.78321625841254,-0.21319962659961833,0.34653295993295163,0.5333333333333333,0.4666666666666667,0.5333333333333333,0.4666666666666667,8,7,8,7,15,6,15,8,0.6377183198928833,0.2178795886667409,,,,,,,,,,,0.426319076754765,0.426319076754765
305,train-load-0.7-scenario-355,0.7,0.6557357500000001,0.5711115625,0.6557357500000001,14.081905924131066,0.8476879087042495,0.7886757276593868,0.9090909090909091,0.09090909090909091,0.8461538461538461,0.15384615384615385,10,1,11,2,13,8,11,10,0.6501550674438477,0.2167901907234072,,,,,,,,,,,0.426319076754765,0.426319076754765
306,train-load-0.9-scenario-692-retry-1,0.9,1.0,0.9583333333333334,1.0,19.894599646009745,0.6990717207280313,0.3009282792719688,0.75,0.25,0.75,0.25,15,5,15,5,20,8,20,15,0.9261753559112549,0.21570623976979014,,,,,,,,,,,0.426319076754765,0.426319076754765
307,train-load-0.5-scenario-407-retry-1,0.5,0.5833333333333334,0.19444444444444445,0.5833333333333334,22.56881098522174,1.434396735463944,0.565603264536056,1.0,0.0,1.0,0.0,14,0,14,0,14,6,14,14,0.5421028733253479,0.21462770857094118,,,,,,,,,,,0.426319076754765,0.426319076754765
308,train-load-0.5-scenario-730,0.5,0.5247061666666666,0.3143697916666667,0.5247061666666666,11.206906235445341,1.2557261471647485,0.7442738528352515,1.0,0.0,1.0,0.0,6,0,6,0,6,6,6,6,0.9564989805221558,0.21355457002808648,,,,,,,,,,,0.426319076754765,0.426319076754765
309,train-load-0.9-scenario-191,0.9,0.8655648571428571,0.6764648214285713,0.8655648571428571,12.711260790660448,0.6227348575030933,0.37726514249690657,0.75,0.25,0.7857142857142857,0.21428571428571427,9,3,11,3,14,7,12,9,0.8302438259124756,0.21248679717794605,,,,,,,,,,,0.426319076754765,0.426319076754765
310,train-load-0.5-scenario-478,0.5,0.5100064,0.39195,0.5100064,11.13689633290632,1.2907921687459798,0.7092078312540202,1.0,0.0,1.0,0.0,6,0,6,0,6,5,6,6,0.47937846183776855,0.21142436319205632,,,,,,,,,,,0.426319076754765,0.426319076754765
311,train-load-1.0-scenario-271,1.0,0.887251,0.5405803571428572,0.887251,14.848159112392457,0.648688818863352,0.49416832399379085,0.7857142857142857,0.21428571428571427,0.7857142857142857,0.21428571428571427,11,3,11,3,14,7,14,11,0.9223908185958862,0.21036724137609603,,,,,,,,,,,0.426319076754765,0.426319076754765
312,train-load-0.8-scenario-118-retry-5,0.8,0.8833333333333333,0.5555555555555556,0.8833333333333333,7.225157285133458,0.0785721593219334,0.7214278406780665,0.7,0.3,0.7,0.3,7,3,7,3,10,6,10,7,0.8106865882873535,0.20931540516921554,,,,,,,,,,,0.426319076754765,0.426319076754765
313,train-load-0.8-scenario-143-retry-4,0.8,0.9166666666666666,0.3055555555555556,0.9166666666666666,4.870286094652375,-0.3848293245667679,0.5666475063849497,0.5454545454545454,0.45454545454545453,0.5454545454545454,0.45454545454545453,6,5,6,5,11,6,11,6,1.3128745555877686,0.20826882814336947,,,,,,,,,,,0.426319076754765,0.426319076754765
314,train-load-0.8-scenario-201,0.8,0.704325125,0.611396875,0.704325125,16.88281963782805,0.8538328610633593,0.5747385675080692,0.8571428571428571,0.14285714285714285,0.8666666666666667,0.13333333333333333,12,2,13,2,15,8,14,12,0.4698776602745056,0.20722748400265262,,,,,,,,,,,0.426319076754765,0.426319076754765
315,train-load-0.5-scenario-73-retry-1,0.5,0.5,0.5,0.45,21.34087358085577,1.6547075427612912,0.34529245723870894,1.0,0.0,1.0,0.0,12,0,12,0,12,8,12,12,0.7015920281410217,0.20619134658263935,,,,,,,,,,,0.426319076754765,0.426319076754765
316,train-load-0.7-scenario-259-retry-5,0.7,0.8166666666666667,0.6944444444444444,0.8166666666666667,4.672965374273147,-0.11777788370867937,0.6177778837086794,0.625,0.375,0.625,0.375,5,3,5,3,8,6,8,5,1.182693600654602,0.20516038984972615,,,,,,,,,,,0.426319076754765,0.426319076754765
317,train-load-0.9-scenario-631-retry-4,0.9,0.78,0.68,0.78,18.783310130744862,1.3956725901204918,0.27099407654617474,0.9166666666666666,0.08333333333333333,0.9166666666666666,0.08333333333333333,11,1,11,1,12,5,12,11,0.5117018222808838,0.2041345879004775,,,,,,,,,,,0.426319076754765,0.426319076754765
318,train-load-0.9-scenario-483,0.9,0.9569106666666666,0.5562225000000001,0.9569106666666666,9.089521450972788,0.4582557723548617,0.6528553387562495,0.7777777777777778,0.2222222222222222,0.6666666666666666,0.3333333333333333,7,2,8,4,12,6,9,7,1.1016838550567627,0.2031139149609751,,,,,,,,,,,0.426319076754765,0.426319076754765
319,train-load-0.6-scenario-271-retry-1,0.6,0.5416666666666666,0.3611111111111111,0.5416666666666666,21.731372743286652,1.4920003764625391,0.5079996235374609,1.0,0.0,1.0,0.0,13,0,13,0,13,6,13,13,0.6288985013961792,0.20209834538617025,,,,,,,,,,,0.426319076754765,0.426319076754765
320,train-load-0.7-scenario-714-retry-1,0.7,0.8,0.32,0.8,5.0057169163960635,-0.02769833176951053,0.5276983317695105,0.625,0.375,0.625,0.375,5,3,5,3,8,5,8,5,0.45862436294555664,0.2010878536592394,,,,,,,,,,,0.426319076754765,0.426319076754765
321,train-load-1.0-scenario-353-retry-4,1.0,1.075,0.66875,1.075,4.815446921749328,-0.06377982497527102,0.563779824975271,0.625,0.375,0.6666666666666666,0.3333333333333333,5,3,6,3,9,4,8,5,0.5904287099838257,0.2000824143909432,,,,,,,,,,,0.426319076754765,0.426319076754765
322,train-load-0.7-scenario-688,0.7,0.6063955000000001,0.5455579861111111,0.6063955000000001,14.281881971827922,1.4207721116676888,0.5792278883323111,1.0,0.0,1.0,0.0,8,0,9,0,9,6,8,8,1.3616493940353394,0.19908200231898848,,,,,,,,,,,0.426319076754765,0.426319076754765
323,train-load-1.0-scenario-301-retry-1,1.0,1.075,0.65,1.075,6.880087325505839,0.03489368780133517,0.36510631219866474,0.6,0.4,0.42857142857142855,0.5714285714285714,6,4,6,8,14,8,10,6,0.48056137561798096,0.19808659230739353,,,,,,,,,,,0.426319076754765,0.426319076754765
324,train-load-0.5-scenario-196,0.5,0.486344,0.27415729166666664,0.486344,8.079800077057019,1.135309110462749,0.8646908895372508,1.0,0.0,1.0,0.0,4,0,4,0,4,4,4,4,0.8496243953704834,0.19709615934585656,,,,,,,,,,,0.426319076754765,0.426319076754765
325,train-load-0.9-scenario-681,0.9,1.0,0.5,1.0,8.261005560335054,0.20625746352972396,0.593742536470276,0.7,0.3,0.7,0.3,7,3,7,3,10,4,10,7,0.854674220085144,0.19611067854912728,,,,,,,,,,,0.426319076754765,0.426319076754765
326,train-load-0.8-scenario-242,0.8,0.7217694,0.4499241666666667,0.7217694,10.915847890190467,1.2908821164114297,0.7091178835885704,1.0,0.0,1.0,0.0,6,0,8,0,8,5,6,6,0.6363446712493896,0.19513012515638165,,,,,,,,,,,0.426319076754765,0.426319076754765
327,train-load-1.0-scenario-735-retry-1,1.0,1.0,0.625,1.0,17.15154687402338,0.8338914010486936,0.36610859895130654,0.8,0.2,0.8,0.2,12,3,12,3,15,4,15,12,0.7657594680786133,0.19415447453059972,,,,,,,,,,,0.426319076754765,0.426319076754765
328,train-load-1.0-scenario-380,1.0,0.8933404285714286,0.4349628571428571,0.8933404285714286,14.959613437411557,1.0152099038379492,0.6211537325256871,0.9090909090909091,0.09090909090909091,0.8461538461538461,0.15384615384615385,10,1,11,2,13,7,11,10,0.7027713060379028,0.19318370215794672,,,,,,,,,,,0.426319076754765,0.426319076754765
329,train-load-0.5-scenario-146-retry-7,0.5,0.5476190476190477,0.5476190476190477,0.17857142857142858,13.116385154838813,1.1691043630420106,0.8308956369579894,1.0,0.0,1.0,0.0,8,0,8,0,8,7,8,8,0.646514892578125,0.192217783647157,,,,,,,,,,,0.426319076754765,0.426319076754765
330,train-load-0.7-scenario-561-retry-1,0.7,0.65,0.225,0.65,7.217844504601652,0.09750725072424293,0.30249274927575703,0.6,0.4,0.6,0.4,6,4,6,4,10,8,10,6,0.7021369934082031,0.1912566947289212,,,,,,,,,,,0.426319076754765,0.426319076754765
331,train-load-0.5-scenario-716,0.5,0.48858098958333335,0.48858098958333335,0.43936099999999995,14.513117307783622,1.1891768384074122,0.8108231615925879,1.0,0.0,1.0,0.0,9,0,10,0,10,8,9,9,0.8809394836425781,0.1903004112552766,,,,,,,,,,,0.426319076754765,0.426319076754765
332,train-load-0.6-scenario-309-retry-1,0.6,0.6,0.2,0.6,20.242058773263622,1.4977846729888293,0.5022153270111708,1.0,0.0,1.0,0.0,12,0,12,0,12,5,12,12,1.5121424198150635,0.18934890919900021,,,,,,,,,,,0.426319076754765,0.426319076754765
333,train-load-0.9-scenario-494,0.9,0.8890766666666667,0.6107607638888889,0.8890766666666667,11.471909548555438,0.5250992229503693,0.7476280497769036,0.8181818181818182,0.18181818181818182,0.8181818181818182,0.18181818181818182,9,2,9,2,11,6,11,9,0.7924020886421204,0.18840216465300522,,,,,,,,,,,0.426319076754765,0.426319076754765
334,train-load-0.6-scenario-319,0.6,0.55128275,0.3699134375,0.55128275,15.256903279681273,1.3524399324067073,0.6475600675932927,1.0,0.0,1.0,0.0,9,0,10,0,10,8,9,9,0.49740487337112427,0.18746015382974018,,,,,,,,,,,0.426319076754765,0.426319076754765
335,train-load-1.0-scenario-80,1.0,0.8870254166666667,0.8870254166666667,0.68872,12.788309164437294,0.5208587038913842,0.5560643730316928,0.7692307692307693,0.23076923076923078,0.7692307692307693,0.23076923076923078,10,3,10,3,13,6,13,10,0.9538601636886597,0.1865228530605915,,,,,,,,,,,0.426319076754765,0.426319076754765
336,train-load-0.6-scenario-621,0.6,0.5846032857142857,0.42943511904761905,0.5846032857142857,13.820681596813396,1.3027742739524228,0.6972257260475772,1.0,0.0,1.0,0.0,8,0,9,0,9,7,8,8,0.4866282641887665,0.18559023879528855,,,,,,,,,,,0.426319076754765,0.426319076754765
337,train-load-0.7-scenario-353,0.7,0.69005675,0.43834625000000005,0.69005675,11.570175027833491,1.376393162743535,0.6236068372564649,1.0,0.0,1.0,0.0,6,0,6,0,6,4,6,6,0.9869639873504639,0.1846622876013121,,,,,,,,,,,0.426319076754765,0.426319076754765
338,train-load-1.0-scenario-314-retry-1,1.0,1.05,0.2916666666666667,1.05,6.7467829485573505,-0.3651611816383481,0.6508754673526338,0.5714285714285714,0.42857142857142855,0.5714285714285714,0.42857142857142855,8,6,8,6,14,8,14,8,0.41696861386299133,0.18373897616330553,,,,,,,,,,,0.426319076754765,0.426319076754765
339,train-load-0.6-scenario-10,0.6,0.5569920138888889,0.5569920138888889,0.3816473333333333,7.0841171169186605,0.557721936813024,0.7756113965203095,0.8333333333333334,0.16666666666666666,0.75,0.25,5,1,6,2,8,6,6,5,0.6046406626701355,0.182820281282489,,,,,,,,,,,0.426319076754765,0.426319076754765
340,train-load-0.9-scenario-269,0.9,0.8531792500000001,0.5768062500000001,0.8531792500000001,5.910575067117044,0.22982587142239774,0.6273169857204595,0.7142857142857143,0.2857142857142857,0.625,0.375,5,2,5,3,8,4,7,5,0.6561592817306519,0.18190617987607657,,,,,,,,,,,0.426319076754765,0.426319076754765
341,train-load-0.7-scenario-605,0.7,0.76,0.76,0.72,11.710702539495877,0.7447892598550768,0.45521074014492324,0.8,0.2,0.8,0.2,8,2,8,2,10,5,10,8,1.0542230606079102,0.18099664897669618,,,,,,,,,,,0.426319076754765,0.426319076754765
342,train-load-0.9-scenario-670-retry-4,0.9,0.8095238095238095,0.8095238095238095,0.5714285714285714,18.676672038799932,1.2684150661857903,0.42389262612190215,0.9230769230769231,0.07692307692307693,0.9230769230769231,0.07692307692307693,12,1,12,1,13,7,13,12,0.9209560751914978,0.1800916657318127,,,,,,,,,,,0.426319076754765,0.426319076754765
343,train-load-0.5-scenario-300-retry-1,0.5,0.4083333333333333,0.19166666666666668,0.4083333333333333,19.131070722822457,1.4967120744720444,0.5032879255279556,1.0,0.0,1.0,0.0,11,0,11,0,11,6,11,11,1.2478764057159424,0.17919120740315364,,,,,,,,,,,0.426319076754765,0.426319076754765
344,train-load-1.0-scenario-199,1.0,1.1,1.1,0.425,7.477575378780342,0.32014448303796195,0.679855516962038,0.75,0.25,0.75,0.25,6,2,12,4,16,8,8,6,0.6698260307312012,0.17829525136613786,,,,,,,,,,,0.426319076754765,0.426319076754765
345,train-hard-4gpu-8pod-1vgpu,0.5,0.5,0.3333333333333333,0.5,16.58899576603593,1.8333333333333335,0.16666666666666663,1.0,0.0,1.0,0.0,8,0,8,0,8,4,8,8,0.8980289697647095,0.17740377510930716,,,,,,,,,,,0.426319076754765,0.426319076754765
346,train-load-0.8-scenario-290-retry-5,0.8,0.90625,0.6375,0.90625,18.612873287855813,0.43014756345588256,0.5698524365441174,0.75,0.25,0.75,0.25,15,5,15,5,20,8,20,15,1.441620111465454,0.17651675623376062,,,,,,,,,,,0.426319076754765,0.426319076754765
347,train-load-1.0-scenario-121,1.0,1.00952125,0.5868709375,1.00952125,12.502871115078483,0.32685833188491237,0.8159988109722305,0.7857142857142857,0.21428571428571427,0.6875,0.3125,11,3,11,5,16,8,14,11,0.6766066551208496,0.1756341724525918,,,,,,,,,,,0.426319076754765,0.426319076754765
348,train-load-0.8-scenario-360,0.8,0.68,0.68,0.34,26.579683653236714,1.4163961791849737,0.5836038208150263,1.0,0.0,1.0,0.0,17,0,17,0,17,5,17,17,0.6005439758300781,0.17475600159032884,,,,,,,,,,,0.426319076754765,0.426319076754765
349,train-load-0.6-scenario-48,0.6,0.6875,0.2875,0.6875,13.997945007025926,1.3202744589624165,0.6797255410375834,1.0,0.0,1.0,0.0,8,0,8,0,8,4,8,8,0.9410550594329834,0.17388222158237718,,,,,,,,,,,0.426319076754765,0.426319076754765
350,train-load-0.6-scenario-528,0.6,0.545229375,0.36129500000000003,0.545229375,16.886899217379682,1.3839869659279742,0.6160130340720257,1.0,0.0,1.0,0.0,10,0,10,0,10,8,10,10,0.7678202390670776,0.1730128104744653,,,,,,,,,,,0.426319076754765,0.426319076754765
351,train-load-1.0-scenario-316-retry-3,1.0,0.9714285714285714,0.6666666666666666,0.9714285714285714,14.325972132953044,0.7772419883764987,0.5560913449568347,0.8333333333333334,0.16666666666666666,0.75,0.25,10,2,12,4,16,7,12,10,0.8092266321182251,0.17214774642209296,,,,,,,,,,,0.426319076754765,0.426319076754765
352,train-load-0.9-scenario-409,0.9,1.0,0.041666666666666664,1.0,-6.665884944289395,-2.2219616480964652,0.2219616480964652,0.0,1.0,0.0,1.0,0,8,0,8,8,8,8,0,0.6540743112564087,0.1712870076899825,,,,,,,,,,,0.426319076754765,0.426319076754765
353,train-load-0.9-scenario-149,0.9,0.84444275,0.6918114583333334,0.84444275,3.9118809121385008,-0.14004808923357193,0.4257623749478576,0.5714285714285714,0.42857142857142855,0.5,0.5,4,3,4,4,8,4,7,4,0.32549259066581726,0.17043057265153258,,,,,,,,,,,0.426319076754765,0.426319076754765
354,train-load-0.7-scenario-271,0.7,0.7571428571428571,0.37142857142857144,0.7571428571428571,10.73610439517364,0.8771032738084958,0.6228967261915042,0.875,0.125,0.875,0.125,7,1,7,1,8,7,8,7,0.9178233742713928,0.16957841978827493,,,,,,,,,,,0.426319076754765,0.426319076754765
355,train-load-0.8-scenario-557,0.8,0.9,0.6,0.9,7.277819195815122,0.23118945341915775,0.4354772132475088,0.6666666666666666,0.3333333333333333,0.6666666666666666,0.3333333333333333,6,3,6,3,9,6,9,6,0.7835480570793152,0.16873052768933355,,,,,,,,,,,0.426319076754765,0.426319076754765
356,train-load-1.0-scenario-210,1.0,0.9018123333333333,0.7344491666666666,0.9018123333333333,11.10190327147334,0.3806435981605546,0.6193564018394454,0.75,0.25,0.6923076923076923,0.3076923076923077,9,3,9,4,13,6,12,9,0.3125755488872528,0.1678868750508869,,,,,,,,,,,0.426319076754765,0.426319076754765
357,train-load-1.0-scenario-240-retry-6,1.0,1.1,1.1,0.6875,11.208796797837294,0.5679240712366767,0.3411668378542325,0.7272727272727273,0.2727272727272727,0.7272727272727273,0.2727272727272727,8,3,8,3,11,4,11,8,1.1326794624328613,0.16704744067563246,,,,,,,,,,,0.426319076754765,0.426319076754765
358,train-load-1.0-scenario-148-retry-4,1.0,0.95625,0.5875,0.95625,8.019474021265216,-0.08482670540613413,0.5463651669445957,0.6153846153846154,0.38461538461538464,0.6153846153846154,0.38461538461538464,8,5,8,5,13,8,13,8,0.7044565677642822,0.1662122034722543,,,,,,,,,,,0.426319076754765,0.426319076754765
359,train-load-0.7-scenario-279-retry-9,0.7,0.8125,0.3958333333333333,0.8125,9.497137762390741,0.3044775239112205,0.6046133851796887,0.7272727272727273,0.2727272727272727,0.7272727272727273,0.2727272727272727,8,3,8,3,11,8,11,8,1.5401818752288818,0.16538114245489302,,,,,,,,,,,0.426319076754765,0.426319076754765
360,train-load-0.6-scenario-304,0.6,0.6333333333333333,0.3888888888888889,0.6333333333333333,15.153675580077554,1.5316884929417778,0.4683115070582222,1.0,0.0,1.0,0.0,8,0,8,0,8,6,8,8,0.925003170967102,0.16455423674261854,,,,,,,,,,,0.426319076754765,0.426319076754765
361,train-hard-4gpu-4pod-1vgpu,0.25,0.25,0.16666666666666666,0.25,10.032252448823687,1.6220388411722717,0.3779611588277282,1.0,0.0,1.0,0.0,4,0,4,0,4,4,4,4,0.7168074250221252,0.16373146555890544,,,,,,,,,,,0.426319076754765,0.426319076754765
362,train-load-0.8-scenario-329-retry-1,0.8,0.9,0.9,0.3,6.611527043776969,0.09155128987542416,0.5751153767912425,0.6666666666666666,0.3333333333333333,0.6666666666666666,0.3333333333333333,6,3,6,3,9,6,9,6,0.5710444450378418,0.16291280823111093,,,,,,,,,,,0.426319076754765,0.426319076754765
363,train-load-0.9-scenario-109-retry-4,0.9,0.9928571428571429,0.6904761904761905,0.9928571428571429,12.945448472141432,0.7693586072449,0.5033686654823728,0.8181818181818182,0.18181818181818182,0.7142857142857143,0.2857142857142857,9,2,10,4,14,7,11,9,1.797418475151062,0.16209824418995536,,,,,,,,,,,0.426319076754765,0.426319076754765
364,train-load-0.7-scenario-223,0.7,0.6751004285714285,0.41146142857142853,0.6751004285714285,13.069533472452077,0.8613443383337349,0.7386556616662652,0.9,0.1,0.9,0.1,9,1,9,1,10,7,10,9,0.2855350077152252,0.16128775296900558,,,,,,,,,,,0.426319076754765,0.426319076754765
365,train-load-1.0-scenario-263-retry-4,1.0,1.0833333333333333,0.3333333333333333,1.0833333333333333,3.864226589060504,-0.5167752862092109,0.6985934680273926,0.5454545454545454,0.45454545454545453,0.5454545454545454,0.45454545454545453,6,5,6,5,11,6,11,6,0.29819154739379883,0.16048131420416054,,,,,,,,,,,0.426319076754765,0.426319076754765
366,train-load-0.8-scenario-644,0.8,0.8340299999999999,0.8340299999999999,0.7193407999999999,11.726018146589855,0.6863334715035858,0.9136665284964143,0.9,0.1,0.8181818181818182,0.18181818181818182,9,1,9,2,11,5,10,9,0.9135118722915649,0.15967890763313974,,,,,,,,,,,0.426319076754765,0.426319076754765
367,train-load-0.7-scenario-168,0.7,0.6067262857142857,0.33568535714285713,0.6067262857142857,14.374108393025821,1.4159542738609792,0.5840457261390208,1.0,0.0,1.0,0.0,8,0,8,0,8,7,8,8,1.024639368057251,0.15888051309497406,,,,,,,,,,,0.426319076754765,0.426319076754765
368,train-load-0.5-scenario-98,0.5,0.4375,0.175,0.4375,22.675294814980084,1.4131691868916219,0.5868308131083781,1.0,0.0,1.0,0.0,14,0,14,0,14,8,14,14,0.7290961742401123,0.1580861105294992,,,,,,,,,,,0.426319076754765,0.426319076754765
369,train-load-0.8-scenario-83-retry-4,0.8,0.90625,0.4791666666666667,0.90625,4.315016210084768,-0.38494991738375706,0.2031317355655753,0.45454545454545453,0.5454545454545454,0.45454545454545453,0.5454545454545454,5,6,5,6,11,8,11,5,0.5537154674530029,0.1572956799768517,,,,,,,,,,,0.426319076754765,0.426319076754765
370,train-load-0.7-scenario-441-retry-3,0.7,0.8125,0.5,0.8125,14.990614525399945,1.170240490661971,0.42975950933802903,0.9,0.1,0.9,0.1,9,1,9,1,10,4,10,9,1.195607304573059,0.15650920157696743,,,,,,,,,,,0.426319076754765,0.426319076754765
371,train-load-0.9-scenario-233-retry-3,0.9,1.02,1.02,0.75,14.70728986655829,0.5293304993361082,0.40400283399722503,0.7333333333333333,0.26666666666666666,0.7333333333333333,0.26666666666666666,11,4,11,4,15,5,15,11,1.0309395790100098,0.1557266555690826,,,,,,,,,,,0.426319076754765,0.426319076754765
372,train-load-0.6-scenario-141,0.6,0.5,0.0625,0.5,22.254335715735046,1.1479337499468372,0.8520662500531627,1.0,0.0,1.0,0.0,15,0,15,0,15,6,15,15,1.086581826210022,0.1549480222912372,,,,,,,,,,,0.426319076754765,0.426319076754765
373,train-load-0.6-scenario-654,0.6,0.7142857142857143,0.7142857142857143,0.35714285714285715,9.262777477845983,0.3948481692755016,0.40515183072449834,0.7,0.3,0.7,0.3,7,3,7,3,10,7,10,7,0.9654808640480042,0.15417328217978102,,,,,,,,,,,0.426319076754765,0.426319076754765
374,train-load-0.7-scenario-2-retry-2,0.7,0.8,0.8,0.3,10.442456412504958,0.7906183099927566,0.7093816900072434,0.875,0.125,0.8333333333333334,0.16666666666666666,7,1,10,2,12,6,8,7,0.7405154705047607,0.1534024157688821,,,,,,,,,,,0.426319076754765,0.426319076754765
375,train-load-0.6-scenario-245,0.6,0.72,0.36,0.72,9.652317883395636,0.5525442520134711,0.55856685909764,0.7777777777777778,0.2222222222222222,0.7777777777777778,0.2222222222222222,7,2,7,2,9,5,9,7,0.7947573661804199,0.1526354036900377,,,,,,,,,,,0.426319076754765,0.426319076754765
376,train-load-0.9-scenario-443,0.9,0.8207178333333334,0.699384375,0.8207178333333334,10.226190311523379,0.5036126472888204,0.6963873527111797,0.8,0.2,0.75,0.25,8,2,9,3,12,6,10,8,0.8253175020217896,0.1518722266715875,,,,,,,,,,,0.426319076754765,0.426319076754765
377,train-load-1.0-scenario-453-retry-1,1.0,0.9292824999999999,0.7636525,0.9292824999999999,6.252045880399706,-0.4043582606961279,0.8658967222345895,0.6153846153846154,0.38461538461538464,0.6428571428571429,0.35714285714285715,8,5,9,5,14,6,13,8,0.7732290029525757,0.15111286553822956,,,,,,,,,,,0.426319076754765,0.426319076754765
378,train-load-0.5-scenario-264-retry-7,0.5,0.575,0.4375,0.575,15.696104990998595,1.5841235605262842,0.4158764394737158,1.0,0.0,1.0,0.0,8,0,8,0,8,4,8,8,1.189407467842102,0.15035730121053842,,,,,,,,,,,0.426319076754765,0.426319076754765
379,train-load-0.9-scenario-613,0.9,0.9285714285714286,0.6357142857142857,0.9285714285714286,10.731003651980577,0.3358618583769122,0.6641381416230878,0.75,0.25,0.75,0.25,9,3,9,3,12,7,12,9,0.8267279863357544,0.14960551470448571,,,,,,,,,,,0.426319076754765,0.426319076754765
380,train-load-0.8-scenario-408,0.8,0.685384,0.4880939285714286,0.685384,13.187987046008242,0.8902296067869908,0.7097703932130094,0.9,0.1,0.9090909090909091,0.09090909090909091,9,1,10,1,11,7,10,9,0.988782525062561,0.14885748713096328,,,,,,,,,,,0.426319076754765,0.426319076754765
381,train-load-0.7-scenario-727,0.7,0.6434114583333332,0.6434114583333332,0.6320896666666667,13.485402824740024,0.8467895655607839,0.42593770716648893,0.8181818181818182,0.18181818181818182,0.8181818181818182,0.18181818181818182,9,2,9,2,11,6,11,9,0.9732779264450073,0.14811319969530845,,,,,,,,,,,0.426319076754765,0.426319076754765
382,train-load-1.0-scenario-607-retry-11,1.0,1.08,1.08,0.85,3.3598512599296044,-0.5564651744437056,0.3746469926255238,0.45454545454545453,0.5454545454545454,0.45454545454545453,0.5454545454545454,5,6,5,6,11,5,11,5,0.7049115300178528,0.1473726336968319,,,,,,,,,,,0.426319076754765,0.426319076754765
383,train-load-0.5-scenario-704-retry-5,0.5,0.42857142857142855,0.2857142857142857,0.42857142857142855,20.13397035139637,1.4464927738048585,0.5535072261951416,1.0,0.0,1.0,0.0,12,0,12,0,12,7,12,12,0.8444528579711914,0.14663577052834775,,,,,,,,,,,0.426319076754765,0.426319076754765
384,train-load-0.5-scenario-40-retry-8,0.5,0.5625,0.225,0.5625,12.766908700863695,0.9994447006395833,0.556110854915972,0.8888888888888888,0.1111111111111111,0.8888888888888888,0.1111111111111111,8,1,8,1,9,8,9,8,1.178633451461792,0.14590259167570602,,,,,,,,,,,0.426319076754765,0.426319076754765
385,train-load-0.6-scenario-558,0.6,0.5597835999999999,0.41015583333333333,0.5597835999999999,10.998305183550993,1.2591101797985766,0.7408898202014232,1.0,0.0,1.0,0.0,6,0,6,0,6,5,6,6,0.8156131505966187,0.1451730787173275,,,,,,,,,,,0.426319076754765,0.426319076754765
386,train-load-0.5-scenario-388,0.5,0.4398845,0.21012999999999998,0.4398845,10.27540432326928,1.1403494612336602,0.8596505387663398,1.0,0.0,1.0,0.0,6,0,6,0,6,8,6,6,0.7946300506591797,0.14444721332374086,,,,,,,,,,,0.426319076754765,0.426319076754765
387,train-load-0.6-scenario-633,0.6,0.5258161458333334,0.5258161458333334,0.42663225,15.758600819870853,1.2007926397189268,0.7992073602810732,1.0,0.0,1.0,0.0,10,0,10,0,10,8,10,10,1.6604938507080078,0.14372497725712216,,,,,,,,,,,0.426319076754765,0.426319076754765
388,train-load-0.7-scenario-429-retry-3,0.7,0.6428571428571429,0.19285714285714287,0.6428571428571429,10.089381264720444,0.6538732337077351,0.45723787740337607,0.7777777777777778,0.2222222222222222,0.7777777777777778,0.2222222222222222,7,2,7,2,9,7,9,7,0.9051938652992249,0.14300635237083656,,,,,,,,,,,0.426319076754765,0.426319076754765
389,train-load-0.9-scenario-348,0.9,0.8679851666666667,0.7912298611111112,0.8679851666666667,14.177080683260602,0.8151278286026999,0.5182055047306335,0.8333333333333334,0.16666666666666666,0.7333333333333333,0.26666666666666666,10,2,11,4,15,6,12,10,0.7042973041534424,0.14229132060898236,,,,,,,,,,,0.426319076754765,0.426319076754765
390,train-load-0.5-scenario-351-retry-2,0.5,0.6,0.5,0.6,21.56729715966987,1.5574305014639678,0.4425694985360322,1.0,0.0,1.0,0.0,13,0,13,0,13,8,13,13,0.7749782800674438,0.14157986400593744,,,,,,,,,,,0.426319076754765,0.426319076754765
391,train-load-0.7-scenario-244,0.7,0.8142857142857143,0.35714285714285715,0.8142857142857143,9.77303289705468,0.5935926422808455,0.5175184688302656,0.7777777777777778,0.2222222222222222,0.7777777777777778,0.2222222222222222,7,2,7,2,9,7,9,7,1.110534429550171,0.14087196468590776,,,,,,,,,,,0.426319076754765,0.426319076754765
392,train-hard-8gpu-16pod-1vgpu,0.5,0.5,0.3333333333333333,0.5,27.38404848864959,1.8333333333333335,0.16666666666666663,1.0,0.0,1.0,0.0,16,0,16,0,16,8,16,16,1.2451398372650146,0.14016760486247823,,,,,,,,,,,0.426319076754765,0.426319076754765
393,train-load-1.0-scenario-604-retry-3,1.0,1.1,1.03125,1.1,8.117227378762966,0.1565202993338689,0.3889342461206765,0.6363636363636364,0.36363636363636365,0.6363636363636364,0.36363636363636365,7,4,7,4,11,4,11,7,0.5605756044387817,0.13946676683816583,,,,,,,,,,,0.426319076754765,0.426319076754765
394,train-hard-4gpu-4pod-1vgpu,0.25,0.25,0.16666666666666666,0.25,10.095766523780444,1.6220388411722717,0.3779611588277282,1.0,0.0,1.0,0.0,4,0,4,0,4,4,4,4,1.4693470001220703,0.138769433003975,,,,,,,,,,,0.426319076754765,0.426319076754765
395,train-load-0.6-scenario-705,0.6,0.6333333333333333,0.5555555555555556,0.6333333333333333,7.488571367991037,0.3178582330463924,0.6821417669536076,0.75,0.25,0.75,0.25,6,2,6,2,8,6,8,6,0.7599613666534424,0.13807558583895513,,,,,,,,,,,0.426319076754765,0.426319076754765
396,train-load-0.7-scenario-494,0.7,0.7714285714285715,0.7714285714285715,0.5142857142857142,10.770477262967752,0.7632680911217746,0.34784301998933653,0.7777777777777778,0.2222222222222222,0.7777777777777778,0.2222222222222222,7,2,7,2,9,7,9,7,1.0835270881652832,0.13738520790976036,,,,,,,,,,,0.426319076754765,0.426319076754765
397,train-load-0.9-scenario-427,0.9,0.7857142857142857,0.3142857142857143,0.7857142857142857,7.470156382643291,0.013570749734488574,0.5318837957200568,0.6363636363636364,0.36363636363636365,0.6363636363636364,0.36363636363636365,7,4,7,4,11,7,11,7,0.8677900433540344,0.13669828187021155,,,,,,,,,,,0.426319076754765,0.426319076754765
398,train-load-0.9-scenario-725-retry-2,0.9,1.0166666666666666,0.8333333333333334,1.0166666666666666,5.832152483024942,-0.18361885137252587,0.36543703319070764,0.5454545454545454,0.45454545454545453,0.5454545454545454,0.45454545454545453,6,5,6,5,11,6,11,6,0.9399334192276001,0.13601479046086049,,,,,,,,,,,0.426319076754765,0.426319076754765
399,train-load-0.6-scenario-412-retry-1,0.6,0.4875,0.4,0.4875,16.06747190229909,1.2201818007702954,0.7798181992297046,1.0,0.0,1.0,0.0,10,0,10,0,10,8,10,10,1.1154353618621826,0.1353347165085562,,,,,,,,,,,0.426319076754765,0.426319076754765
400,train-load-0.6-scenario-341,0.6,0.6480859999999999,0.41711875,0.6480859999999999,7.809773037620875,1.3537075416347442,0.6462924583652558,1.0,0.0,1.0,0.0,3,0,6,0,6,4,3,3,1.0229201316833496,0.1346580429260134,0.37722987875176583,0.5266204676820747,0.7259625866084602,0.2740374133915398,0.7156270927902937,0.2843729072097062,0.37722987875176583,0.6434116942814507,0.27114405724180995,0.7036410254484007,0.426319076754765,0.426319076754765
401,train-load-0.8-scenario-77,0.8,0.875,0.45,0.875,1.6975793276215296,-0.7390867672802434,0.33908676728024345,0.4,0.6,0.4,0.6,4,6,4,6,10,8,10,4,0.7805045247077942,0.13398475271138335,,,,,,,,,,,0.426319076754765,0.426319076754765
402,train-load-0.5-scenario-686,0.5,0.4690976785714286,0.4690976785714286,0.4367948571428571,12.621209794594849,1.5423391248596365,0.45766087514036335,1.0,0.0,1.0,0.0,6,0,9,0,9,7,6,6,1.111526608467102,0.13331482894782642,,,,,,,,,,,0.426319076754765,0.426319076754765
403,train-load-0.6-scenario-497-retry-5,0.6,0.5333333333333333,0.5333333333333333,0.5333333333333333,15.662752521501913,1.600633176100557,0.39936682389944306,1.0,0.0,1.0,0.0,8,0,8,0,8,6,8,8,1.2883827686309814,0.13264825480308728,,,,,,,,,,,0.426319076754765,0.426319076754765
404,train-load-0.9-scenario-598,0.9,1.0,0.2,1.0,4.414696695970472,-0.15956669837199833,0.6595666983719983,0.625,0.375,0.625,0.375,5,3,5,3,8,5,8,5,0.7084313035011292,0.13198501352907185,,,,,,,,,,,0.426319076754765,0.426319076754765
405,train-load-1.0-scenario-182,1.0,0.96,0.96,0.96,10.543174878368653,0.3988152992906592,0.2678513673760074,0.6666666666666666,0.3333333333333333,0.6666666666666666,0.3333333333333333,8,4,8,4,12,5,12,8,1.2902072668075562,0.1313250884614265,,,,,,,,,,,0.426319076754765,0.426319076754765
406,train-load-0.7-scenario-190,0.7,0.625,0.10416666666666667,0.625,16.105550360323836,1.2587379601113997,0.7412620398886003,1.0,0.0,1.0,0.0,10,0,10,0,10,8,10,10,0.5587468147277832,0.13066846301911936,,,,,,,,,,,0.426319076754765,0.426319076754765
407,train-load-0.8-scenario-585,0.8,0.7,0.7,0.7,25.95962677406314,1.6323910836364675,0.3676089163635325,1.0,0.0,1.0,0.0,16,0,16,0,16,8,16,16,0.9336275458335876,0.13001512070402377,,,,,,,,,,,0.426319076754765,0.426319076754765
408,train-load-0.6-scenario-74,0.6,0.64,0.34,0.64,17.035987855673387,1.4195015632078942,0.5804984367921058,1.0,0.0,1.0,0.0,10,0,10,0,10,5,10,10,0.3875519633293152,0.12936504510050365,,,,,,,,,,,0.426319076754765,0.426319076754765
409,train-load-0.8-scenario-1,0.8,0.7428571428571429,0.6190476190476191,0.7428571428571429,28.123843796991128,1.710243108860785,0.2897568911392149,1.0,0.0,1.0,0.0,17,0,17,0,17,7,17,17,0.8133580684661865,0.12871821987500112,,,,,,,,,,,0.426319076754765,0.426319076754765
410,train-load-0.5-scenario-732,0.5,0.451813,0.31026354166666664,0.451813,14.139450201463525,1.3597137122724021,0.6402862877275978,1.0,0.0,1.0,0.0,8,0,8,0,8,8,8,8,0.5607426166534424,0.12807462877562611,,,,,,,,,,,0.426319076754765,0.426319076754765
411,train-load-0.5-scenario-288,0.5,0.4379836666666666,0.31962625,0.4379836666666666,10.365519726119144,1.3737724327952503,0.6262275672047497,1.0,0.0,1.0,0.0,5,0,6,0,6,6,5,5,1.2018091678619385,0.12743425563174798,,,,,,,,,,,0.426319076754765,0.426319076754765
412,train-load-0.6-scenario-607,0.6,0.5625,0.525,0.5625,14.498644697733676,1.4803762594959444,0.5196237405040557,1.0,0.0,1.0,0.0,8,0,8,0,8,8,8,8,1.0680115222930908,0.12679708435358925,,,,,,,,,,,0.426319076754765,0.426319076754765
413,train-load-0.7-scenario-676,0.7,0.646301,0.32054895833333336,0.646301,13.951793549486048,1.3435591936133078,0.6564408063866922,1.0,0.0,1.0,0.0,8,0,9,0,9,8,8,8,0.8105971813201904,0.1261630989318213,,,,,,,,,,,0.426319076754765,0.426319076754765
414,train-load-0.9-scenario-637-retry-1,0.9,0.8666666666666667,0.8666666666666667,0.825,7.880381553922033,0.06260068165448651,0.4828538638000589,0.6363636363636364,0.36363636363636365,0.6363636363636364,0.36363636363636365,7,4,7,4,11,6,11,7,1.3428726196289062,0.1255322834371622,,,,,,,,,,,0.426319076754765,0.426319076754765
415,train-load-0.7-scenario-592-retry-1,0.7,0.75,0.5375,0.75,17.669726443539,1.0121245089774265,0.41644691959400193,0.8571428571428571,0.14285714285714285,0.8571428571428571,0.14285714285714285,12,2,12,2,14,8,14,12,1.0942412614822388,0.12490462201997637,,,,,,,,,,,0.426319076754765,0.426319076754765
416,train-load-0.5-scenario-225,0.5,0.42544620000000005,0.3186475,0.42544620000000005,9.491301241723937,1.2087865655620673,0.7912134344379328,1.0,0.0,1.0,0.0,5,0,5,0,5,5,5,5,1.7704931497573853,0.1242800989098765,,,,,,,,,,,0.426319076754765,0.426319076754765
417,train-load-1.0-scenario-579,1.0,0.88505975,0.6888395833333334,0.88505975,11.962527982355201,1.065134005061743,0.434865994938257,0.875,0.125,0.7777777777777778,0.2222222222222222,7,1,7,2,9,4,8,7,1.4600226879119873,0.12365869841532712,,,,,,,,,,,0.426319076754765,0.426319076754765
418,train-load-1.0-scenario-397,1.0,0.9061668749999999,0.9061668749999999,0.89789025,1.251802776030384,-0.8718857980785628,0.8718857980785628,0.5,0.5,0.5,0.5,5,5,5,5,10,4,10,5,0.7018860578536987,0.12304040492325048,,,,,,,,,,,0.426319076754765,0.426319076754765
419,train-load-0.7-scenario-488,0.7,0.6794291666666668,0.29680069444444446,0.6794291666666668,11.633520059264367,1.3848795930584383,0.6151204069415617,1.0,0.0,1.0,0.0,6,0,8,0,8,6,6,6,1.0535757541656494,0.12242520289863423,,,,,,,,,,,0.426319076754765,0.426319076754765
420,train-hard-4gpu-4pod-2vgpu,0.25,0.25,0.16666666666666666,0.25,11.7,1.9166666666666665,0.08333333333333337,1.0,0.0,1.0,0.0,4,0,8,0,8,4,4,4,0.8231381177902222,0.12181307688414106,,,,,,,,,,,0.426319076754765,0.426319076754765
421,train-load-1.0-scenario-693-retry-13,1.0,1.0571428571428572,0.7619047619047619,1.0571428571428572,9.726367148311805,0.47451623361356166,0.3254837663864383,0.7,0.3,0.5384615384615384,0.46153846153846156,7,3,7,6,13,7,10,7,0.32852697372436523,0.12120401149972035,,,,,,,,,,,0.426319076754765,0.426319076754765
422,train-load-0.9-scenario-168,0.9,0.8147347142857143,0.5378154761904762,0.8147347142857143,16.31044600499983,1.0576209274811947,0.6090457391854718,0.9166666666666666,0.08333333333333333,0.9230769230769231,0.07692307692307693,11,1,12,1,13,7,12,11,1.0189423561096191,0.12059799144222175,,,,,,,,,,,0.426319076754765,0.426319076754765
423,train-load-0.9-scenario-556-retry-4,0.9,1.0,1.0,0.25,10.431318367537553,0.5797276638629898,0.6202723361370103,0.8,0.2,0.8,0.2,8,2,8,2,10,4,10,8,0.38178783655166626,0.11999500148501063,,,,,,,,,,,0.426319076754765,0.426319076754765
424,train-load-0.5-scenario-700,0.5,0.4125,0.4125,0.275,34.961839126792356,1.6461039661709975,0.3538960338290025,1.0,0.0,1.0,0.0,22,0,22,0,22,8,22,22,0.37891536951065063,0.11939502647758558,,,,,,,,,,,0.426319076754765,0.426319076754765
425,train-load-0.5-scenario-198-retry-4,0.5,0.5,0.4,0.5,15.970750899634965,1.6297363576484245,0.3702636423515756,1.0,0.0,1.0,0.0,8,0,16,0,16,8,8,8,0.814476490020752,0.11879805134519765,,,,,,,,,,,0.426319076754765,0.426319076754765
426,train-load-0.6-scenario-261,0.6,0.5,0.5,0.3,25.214689516052413,1.6258620894627747,0.3741379105372254,1.0,0.0,1.0,0.0,15,0,15,0,15,5,15,15,0.6445441246032715,0.11820406108847166,,,,,,,,,,,0.426319076754765,0.426319076754765
427,train-load-0.9-scenario-505-retry-1,0.9,1.0,0.2,1.0,3.6405143459032026,-0.6370598102394911,0.6370598102394911,0.5,0.5,0.5,0.5,6,6,6,6,12,6,12,6,1.0601226091384888,0.1176130407830293,,,,,,,,,,,0.426319076754765,0.426319076754765
428,train-load-0.7-scenario-77,0.7,0.604764,0.3942452380952381,0.604764,11.06136926908419,1.2798838931334169,0.7201161068665831,1.0,0.0,1.0,0.0,6,0,8,0,8,7,6,6,0.8293054103851318,0.11702497557911415,,,,,,,,,,,0.426319076754765,0.426319076754765
429,train-load-0.9-scenario-633,0.9,0.8333333333333334,0.8333333333333334,0.5833333333333334,10.760609588018454,0.5655841115128774,0.6344158884871227,0.8,0.2,0.7692307692307693,0.23076923076923078,8,2,10,3,13,6,10,8,0.7754719257354736,0.11643985070121858,,,,,,,,,,,0.426319076754765,0.426319076754765
430,train-load-0.5-scenario-449,0.5,0.4485845,0.31725755208333334,0.4485845,14.820708590595498,1.2489904570036863,0.7510095429963137,1.0,0.0,1.0,0.0,9,0,9,0,9,8,9,9,1.1244425773620605,0.11585765144771248,,,,,,,,,,,0.426319076754765,0.426319076754765
431,train-load-0.6-scenario-325,0.6,0.5562588,0.38327399999999995,0.5562588,10.915746598510166,1.232803058971407,0.7671969410285931,1.0,0.0,1.0,0.0,6,0,6,0,6,5,6,6,0.8124874234199524,0.11527836319047392,,,,,,,,,,,0.426319076754765,0.426319076754765
432,train-load-0.6-scenario-587-retry-1,0.6,0.7083333333333334,0.7083333333333334,0.55,14.754592949182273,1.2964226858070944,0.2591328697484609,0.8888888888888888,0.1111111111111111,0.8666666666666667,0.13333333333333333,8,1,13,2,15,6,9,8,0.9926782846450806,0.11470197137452155,,,,,,,,,,,0.426319076754765,0.426319076754765
433,train-load-1.0-scenario-147-retry-1,1.0,0.91378175,0.499979375,0.91378175,4.369799644443715,0.08424449938290957,0.5824221672837571,0.6666666666666666,0.3333333333333333,0.7142857142857143,0.2857142857142857,4,2,5,2,7,4,6,4,1.2243173122406006,0.11412846151764894,,,,,,,,,,,0.426319076754765,0.426319076754765
434,train-load-1.0-scenario-458-retry-1,1.0,0.888342375,0.527634375,0.888342375,17.94013364657142,0.9025796139192859,0.5640870527473809,0.8666666666666667,0.13333333333333333,0.8666666666666667,0.13333333333333333,13,2,13,2,15,8,15,13,0.6750396490097046,0.1135578192100607,,,,,,,,,,,0.426319076754765,0.426319076754765
435,train-load-0.8-scenario-640-retry-2,0.8,0.8142857142857143,0.35714285714285715,0.8142857142857143,12.126959599663625,0.4219709124405024,0.911362420892831,0.8333333333333334,0.16666666666666666,0.8333333333333334,0.16666666666666666,10,2,10,2,12,7,12,10,0.6690319180488586,0.11299003011401039,,,,,,,,,,,0.426319076754765,0.426319076754765
436,train-load-0.5-scenario-636,0.5,0.46897,0.46897,0.4069496666666667,9.677806416765012,1.241547689726048,0.7584523102739519,1.0,0.0,1.0,0.0,5,0,7,0,7,6,5,5,0.47788625955581665,0.11242507996344034,,,,,,,,,,,0.426319076754765,0.426319076754765
437,train-load-0.9-scenario-167-retry-4,0.9,1.0,1.0,0.5,9.452965489143997,-0.07217603293755792,0.47217603293755783,0.6,0.4,0.6,0.4,9,6,9,6,15,6,15,9,0.738842248916626,0.11186295456362313,,,,,,,,,,,0.426319076754765,0.426319076754765
438,train-load-0.8-scenario-701,0.8,0.7666666666666667,0.38333333333333336,0.7666666666666667,34.94520638510357,1.5229499874172507,0.47705001258274926,1.0,0.0,1.0,0.0,23,0,23,0,23,6,23,23,0.7835613489151001,0.11130363979080501,,,,,,,,,,,0.426319076754765,0.426319076754765
439,train-load-0.7-scenario-477,0.7,0.650636,0.38567078125,0.650636,15.623000655171744,1.2005788300404718,0.7994211699595282,1.0,0.0,1.0,0.0,10,0,11,0,11,8,10,10,0.6278820037841797,0.11074712159185099,,,,,,,,,,,0.426319076754765,0.426319076754765
440,train-load-0.8-scenario-595-retry-4,0.8,0.9166666666666666,0.9166666666666666,0.6875,11.340090797993982,0.5759120732955938,0.3331788357953154,0.7272727272727273,0.2727272727272727,0.7272727272727273,0.2727272727272727,8,3,16,6,22,8,11,8,1.0943286418914795,0.11019338598389174,,,,,,,,,,,0.426319076754765,0.426319076754765
441,train-load-0.6-scenario-178,0.6,0.5874706,0.435475,0.5874706,13.646767866088165,1.4898941482490011,0.510105851750999,1.0,0.0,1.0,0.0,7,0,7,0,7,5,7,7,0.39314132928848267,0.10964241905397228,,,,,,,,,,,0.426319076754765,0.426319076754765
442,train-load-0.7-scenario-333,0.7,0.65717875,0.3211510416666667,0.65717875,8.79701812122112,1.3423709675649866,0.6576290324350132,1.0,0.0,1.0,0.0,4,0,5,0,5,4,4,4,0.9123469591140747,0.10909420695870241,,,,,,,,,,,0.426319076754765,0.426319076754765
443,train-load-0.9-scenario-260-retry-2,0.9,0.9625,0.5833333333333334,0.9625,10.800218158748544,0.5341014112157234,0.3749894978751857,0.7272727272727273,0.2727272727272727,0.7272727272727273,0.2727272727272727,8,3,8,3,11,4,11,8,0.5840132236480713,0.1085487359239089,,,,,,,,,,,0.426319076754765,0.426319076754765
444,train-load-1.0-scenario-535,1.0,1.0833333333333333,1.0833333333333333,1.0833333333333333,1.2814863053232233,-1.1377920818214011,0.7377920818214012,0.4,0.6,0.4,0.6,6,9,6,9,15,6,15,6,0.9557132720947266,0.10800599224428936,,,,,,,,,,,0.426319076754765,0.426319076754765
445,train-load-1.0-scenario-679,1.0,0.9916666666666667,0.9916666666666667,0.9916666666666667,11.466841501913642,0.18156622545708756,0.6755766316857696,0.7142857142857143,0.2857142857142857,0.7142857142857143,0.2857142857142857,10,4,10,4,14,6,14,10,0.6890678405761719,0.10746596228306791,,,,,,,,,,,0.426319076754765,0.426319076754765
446,train-load-0.5-scenario-629-retry-1,0.5,0.48343600000000003,0.27004812499999997,0.48343600000000003,7.562922907547495,1.3441408886835646,0.6558591113164354,1.0,0.0,1.0,0.0,3,0,4,0,4,4,3,3,0.833636999130249,0.10692863247165257,,,,,,,,,,,0.426319076754765,0.426319076754765
447,train-load-0.8-scenario-137,0.8,0.7919733999999999,0.32233449999999997,0.7919733999999999,7.814186893293549,0.6946990977059968,0.6386342356273367,0.8333333333333334,0.16666666666666666,0.75,0.25,5,1,6,2,8,5,6,5,0.6717545390129089,0.1063939893092943,,,,,,,,,,,0.426319076754765,0.426319076754765
448,train-load-0.8-scenario-289,0.8,0.71963575,0.6399207812500001,0.71963575,17.10574146369727,1.1292623921032334,0.537404274563433,0.9166666666666666,0.08333333333333333,0.9285714285714286,0.07142857142857142,11,1,13,1,14,8,12,11,0.8983569145202637,0.10586201936274783,,,,,,,,,,,0.426319076754765,0.426319076754765
449,train-load-0.5-scenario-320,0.5,0.5,0.3333333333333333,0.5,19.818379478473503,1.381917522569015,0.618082477430985,1.0,0.0,1.0,0.0,12,0,12,0,12,6,12,12,0.42627042531967163,0.10533270926593409,,,,,,,,,,,0.426319076754765,0.426319076754765
450,train-load-0.8-scenario-115,0.8,0.68,0.5666666666666667,0.68,27.750659931129633,1.6044407030541474,0.39555929694585257,1.0,0.0,1.0,0.0,17,0,17,0,17,5,17,17,0.7089405059814453,0.10480604571960442,,,,,,,,,,,0.426319076754765,0.426319076754765
451,train-load-0.8-scenario-739-retry-3,0.8,0.9,0.14,0.9,4.294264681218962,-0.24286607976837282,0.4650883019905952,0.5555555555555556,0.4444444444444444,0.5555555555555556,0.4444444444444444,5,4,5,4,9,5,9,5,0.6236039400100708,0.1042820154910064,,,,,,,,,,,0.426319076754765,0.426319076754765
452,train-load-0.7-scenario-70-retry-3,0.7,0.75,0.45,0.75,18.125685740104934,1.6532155448686843,0.34678445513131584,1.0,0.0,1.0,0.0,10,0,10,0,10,5,10,10,1.0282068252563477,0.10376060541355137,,,,,,,,,,,0.426319076754765,0.426319076754765
453,train-load-0.6-scenario-59,0.6,0.604597,0.48125062500000004,0.604597,1.3640455639355247,-0.07250940456535848,0.7391760712320251,0.6666666666666666,0.3333333333333333,0.6,0.4,2,1,3,2,5,4,3,2,0.302500456571579,0.1032418023864836,,,,,,,,,,,0.426319076754765,0.426319076754765
454,train-load-1.0-scenario-62,1.0,0.9410761999999999,0.482916,0.9410761999999999,7.954524438508613,0.4455880743363767,0.5544119256636233,0.75,0.25,0.7777777777777778,0.2222222222222222,6,2,7,2,9,5,8,6,0.782123327255249,0.10272559337455119,,,,,,,,,,,0.426319076754765,0.426319076754765
455,train-load-1.0-scenario-490,1.0,1.0,1.0,0.9285714285714286,12.523764455070234,0.908973011037255,0.29102698896274504,0.8,0.2,0.7333333333333333,0.26666666666666666,8,2,11,4,15,7,10,8,0.6548134088516235,0.10221196540767843,,,,,,,,,,,0.426319076754765,0.426319076754765
456,train-load-0.7-scenario-499,0.7,0.666509,0.5092708333333333,0.666509,9.28400160755682,0.7815793495004869,0.6469920790709416,0.8571428571428571,0.14285714285714285,0.7777777777777778,0.2222222222222222,6,1,7,2,9,6,7,6,0.7312374114990234,0.10170090558064004,,,,,,,,,,,0.426319076754765,0.426319076754765
457,train-load-0.8-scenario-286-retry-2,0.8,0.9166666666666666,0.9166666666666666,0.3,9.200753181995516,0.21965060141814152,0.6894403076727676,0.7272727272727273,0.2727272727272727,0.7272727272727273,0.2727272727272727,8,3,8,3,11,8,11,8,0.9229444265365601,0.10119240105273684,,,,,,,,,,,0.426319076754765,0.426319076754765
458,train-load-0.8-scenario-324-retry-2,0.8,0.875,0.6125,0.875,3.6753963082728385,-0.706204030328811,1.0395373636621443,0.5833333333333334,0.4166666666666667,0.5833333333333334,0.4166666666666667,7,5,7,5,12,8,12,7,0.45665907859802246,0.10068643904747315,,,,,,,,,,,0.426319076754765,0.426319076754765
459,train-load-0.8-scenario-531-retry-1,0.8,0.8958333333333334,0.8958333333333334,0.775,2.6448361329019643,-0.6674336678456405,0.4856154860274587,0.45454545454545453,0.5454545454545454,0.5333333333333333,0.4666666666666667,5,6,8,7,15,8,11,5,0.7149316072463989,0.10018300685223579,,,,,,,,,,,0.426319076754765,0.426319076754765
460,train-load-0.5-scenario-430-retry-3,0.5,0.45,0.40625,0.45,13.245619359074812,1.1630131345649262,0.8369868654350737,1.0,0.0,1.0,0.0,8,0,8,0,8,8,8,8,0.5328049659729004,0.0996820918179746,,,,,,,,,,,0.426319076754765,0.426319076754765
461,train-load-1.0-scenario-329-retry-2,1.0,1.1125,1.0,1.1125,2.1125582307460125,-0.5892946806607008,0.36707245843847847,0.4444444444444444,0.5555555555555556,0.4444444444444444,0.5555555555555556,4,5,4,5,9,4,9,4,0.8802600502967834,0.09918368135888474,,,,,,,,,,,0.426319076754765,0.426319076754765
462,train-load-1.0-scenario-258,1.0,0.96690425,0.4234791666666667,0.96690425,3.964303557580287,0.0016396352774149525,0.6650270313892517,0.6666666666666666,0.3333333333333333,0.5714285714285714,0.42857142857142855,4,2,4,3,7,4,6,4,0.5258934497833252,0.09868776295209031,,,,,,,,,,,0.426319076754765,0.426319076754765
463,train-load-1.0-scenario-96-retry-4,1.0,1.1166666666666667,0.9861111111111112,1.1166666666666667,8.356600884009195,-0.28865904412524557,0.6886590441252455,0.6,0.4,0.6,0.4,9,6,9,6,15,6,15,9,0.6065397262573242,0.09819432413732986,,,,,,,,,,,0.426319076754765,0.426319076754765
464,train-load-0.8-scenario-449,0.8,0.8888888888888888,0.8888888888888888,0.5333333333333333,4.807826787474204,-0.11073200822839513,0.6107320082283951,0.625,0.375,0.625,0.375,5,3,5,3,8,6,8,5,0.4518377184867859,0.09770335251664321,,,,,,,,,,,0.426319076754765,0.426319076754765
465,train-load-0.5-scenario-530,0.5,0.43794675,0.350445,0.43794675,9.44328849844088,1.23721186434912,0.7627881356508801,1.0,0.0,1.0,0.0,5,0,5,0,5,4,5,5,0.8480057120323181,0.09721483575406,,,,,,,,,,,0.426319076754765,0.426319076754765
466,train-load-0.7-scenario-719,0.7,0.7833333333333333,0.7833333333333333,0.7333333333333333,17.220504300536565,1.2340218432992185,0.43264482336744814,0.9166666666666666,0.08333333333333333,0.9166666666666666,0.08333333333333333,11,1,11,1,12,6,12,11,0.6218584775924683,0.09672876157528969,,,,,,,,,,,0.426319076754765,0.426319076754765
467,train-load-0.8-scenario-748,0.8,0.6809388571428572,0.47026232142857144,0.6809388571428572,13.730198889294279,0.99324140044178,0.6067585995582201,0.9,0.1,0.9090909090909091,0.09090909090909091,9,1,10,1,11,7,10,9,0.8457629680633545,0.09624511776741324,,,,,,,,,,,0.426319076754765,0.426319076754765
468,train-load-0.6-scenario-256,0.6,0.5188674,0.39761,0.5188674,8.350097091305228,1.2712624419637981,0.7287375580362018,1.0,0.0,1.0,0.0,4,0,6,0,6,5,4,4,1.4805387258529663,0.09576389217857617,,,,,,,,,,,0.426319076754765,0.426319076754765
469,train-load-0.7-scenario-253-retry-3,0.7,0.74,0.48333333333333334,0.74,6.418009062217401,0.18663868902026337,0.8133613109797366,0.75,0.25,0.75,0.25,6,2,6,2,8,5,8,6,0.4980255365371704,0.09528507271768329,,,,,,,,,,,0.426319076754765,0.426319076754765
470,train-load-0.5-scenario-135,0.5,0.43057187499999994,0.43057187499999994,0.4135185,9.803490436766886,1.2692275235877566,0.7307724764122434,1.0,0.0,1.0,0.0,5,0,5,0,5,4,5,5,1.1684486865997314,0.09480864735409487,,,,,,,,,,,0.426319076754765,0.426319076754765
471,train-load-0.8-scenario-584-retry-1,0.8,0.875,0.875,0.875,11.300191491779124,0.6651676051724004,0.5348323948275998,0.8,0.2,0.7333333333333333,0.26666666666666666,8,2,11,4,15,8,10,8,0.4441119432449341,0.0943346041173244,,,,,,,,,,,0.426319076754765,0.426319076754765
472,train-load-0.7-scenario-560,0.7,0.61105325,0.5742215625,0.61105325,20.972462566342085,1.2537922479490415,0.7462077520509585,1.0,0.0,1.0,0.0,14,0,14,0,14,8,14,14,1.0770516395568848,0.09386293109673778,,,,,,,,,,,0.426319076754765,0.426319076754765
473,train-load-0.9-scenario-733,0.9,0.8013057142857143,0.7155392857142857,0.8013057142857143,16.831303058901135,1.1126703851976956,0.553996281468971,0.9166666666666666,0.08333333333333333,0.8571428571428571,0.14285714285714285,11,1,12,2,14,7,12,11,0.435011625289917,0.09339361644125409,,,,,,,,,,,0.426319076754765,0.426319076754765
474,train-load-0.5-scenario-283,0.5,0.478465,0.3687567857142857,0.478465,12.325479946726729,1.2335977367414703,0.7664022632585297,1.0,0.0,1.0,0.0,7,0,9,0,9,7,7,7,0.2736203670501709,0.09292664835904782,,,,,,,,,,,0.426319076754765,0.426319076754765
475,train-load-0.5-scenario-356,0.5,0.46387942857142855,0.3833067857142857,0.46387942857142855,14.755694474334543,1.4526559198280715,0.5473440801719284,1.0,0.0,1.0,0.0,8,0,9,0,9,7,8,8,0.40487760305404663,0.09246201511725258,,,,,,,,,,,0.426319076754765,0.426319076754765
476,train-load-0.9-scenario-476,0.9,0.79301,0.4212020833333333,0.79301,7.016837011484602,0.5316734303520814,0.8016599029812521,0.8333333333333334,0.16666666666666666,0.75,0.25,5,1,6,2,8,5,6,5,0.7520716786384583,0.09199970504166631,,,,,,,,,,,0.426319076754765,0.426319076754765
477,train-load-0.8-scenario-493,0.8,0.8928571428571429,0.3,0.8928571428571429,12.35645210629265,0.4295641782374372,0.6473588986856398,0.7692307692307693,0.23076923076923078,0.7692307692307693,0.23076923076923078,10,3,10,3,13,7,13,10,0.9030553698539734,0.09153970651645797,,,,,,,,,,,0.426319076754765,0.426319076754765
478,train-load-0.9-scenario-161,0.9,0.8202572,0.6943858333333334,0.8202572,13.685294400043542,1.1731937759750366,0.3823617795805187,0.8888888888888888,0.1111111111111111,0.9,0.1,8,1,9,1,10,5,9,8,0.48695746064186096,0.09108200798387568,,,,,,,,,,,0.426319076754765,0.426319076754765
479,train-load-0.9-scenario-287-retry-3,0.9,0.8142857142857143,0.8142857142857143,0.42857142857142855,9.30539730803223,0.21929464504451068,0.44737202162215595,0.6666666666666666,0.3333333333333333,0.6666666666666666,0.3333333333333333,8,4,8,4,12,7,12,8,1.0506138801574707,0.0906265979439563,,,,,,,,,,,0.426319076754765,0.426319076754765
480,train-load-0.5-scenario-695,0.5,0.5000651666666667,0.20229826388888889,0.5000651666666667,4.937611522300436,0.33210348812958546,0.8678965118704146,0.8,0.2,0.8,0.2,4,1,4,1,5,6,5,4,0.746945858001709,0.09017346495423652,,,,,,,,,,,0.426319076754765,0.426319076754765
481,train-load-0.7-scenario-621,0.7,0.619727857142857,0.4708005952380952,0.619727857142857,11.615679493919421,1.014319393864525,0.485680606135475,0.875,0.125,0.9,0.1,7,1,9,1,10,7,8,7,0.5378822088241577,0.08972259762946533,,,,,,,,,,,0.426319076754765,0.426319076754765
482,train-load-0.9-scenario-282-retry-1,0.9,0.92,0.5333333333333333,0.92,4.291412175157586,-0.33482765694580063,0.33482765694580063,0.5,0.5,0.5,0.5,5,5,5,5,10,5,10,5,0.6883372664451599,0.089273984641318,,,,,,,,,,,0.426319076754765,0.426319076754765
483,train-load-0.9-scenario-650-retry-1,0.9,1.0,1.0,0.8,3.513972469602513,-0.2678616512009484,0.26786165120094846,0.5,0.5,0.5,0.5,4,4,4,4,8,4,8,4,0.8610488176345825,0.0888276147181114,,,,,,,,,,,0.426319076754765,0.426319076754765
484,train-load-1.0-scenario-283,1.0,0.9294793333333333,0.6595816666666666,0.9294793333333333,13.6014234617045,0.7540028909967869,0.5793304423365466,0.8333333333333334,0.16666666666666666,0.8333333333333334,0.16666666666666666,10,2,10,2,12,6,12,10,0.7735971212387085,0.08838347664452084,,,,,,,,,,,0.426319076754765,0.426319076754765
485,train-load-0.6-scenario-327,0.6,0.5359026041666667,0.5359026041666667,0.479666,13.115497564515682,1.621628131861501,0.3783718681384991,1.0,0.0,1.0,0.0,6,0,6,0,6,4,6,6,0.6102964878082275,0.08794155926129824,,,,,,,,,,,0.426319076754765,0.426319076754765
486,train-load-0.7-scenario-699,0.7,0.6430224000000001,0.41642375,0.6430224000000001,6.950319307888341,0.7147616140348679,0.48523838596513225,0.8,0.2,0.7142857142857143,0.2857142857142857,4,1,5,2,7,5,5,4,1.358939528465271,0.08750185146499175,,,,,,,,,,,0.426319076754765,0.426319076754765
487,train-load-0.9-scenario-658,0.9,1.0,1.0,0.5,8.234818968392023,0.23234283054624905,0.5676571694537509,0.7,0.3,0.7,0.3,7,3,7,3,10,4,10,7,0.5141096711158752,0.08706434220766679,,,,,,,,,,,0.426319076754765,0.426319076754765
488,train-load-0.8-scenario-220,0.8,0.6854264999999999,0.4294395833333333,0.6854264999999999,16.511364721153157,1.0195103402611772,0.6471563264054894,0.9166666666666666,0.08333333333333333,0.9166666666666666,0.08333333333333333,11,1,11,1,12,8,12,11,0.7462193369865417,0.08662902049662846,,,,,,,,,,,0.426319076754765,0.426319076754765
489,train-load-0.8-scenario-375,0.8,0.92,0.7666666666666667,0.92,13.741125587271622,0.9143585337130086,0.35836873901426436,0.8181818181818182,0.18181818181818182,0.8181818181818182,0.18181818181818182,9,2,9,2,11,5,11,9,0.9509962797164917,0.08619587539414532,,,,,,,,,,,0.426319076754765,0.426319076754765
490,train-load-0.5-scenario-15,0.5,0.4492542857142857,0.4492542857142857,0.3574835714285714,11.536935663921927,1.0999424043983996,0.9000575956016004,1.0,0.0,1.0,0.0,7,0,8,0,8,7,7,7,0.5955811142921448,0.08576489601717459,,,,,,,,,,,0.426319076754765,0.426319076754765
491,train-load-0.9-scenario-738,0.9,0.8161596249999999,0.7511084375,0.8161596249999999,14.181922711247154,0.5353270777113153,0.6075300651458276,0.7857142857142857,0.21428571428571427,0.8235294117647058,0.17647058823529413,11,3,14,3,17,8,14,11,0.40108197927474976,0.08533607153708872,,,,,,,,,,,0.426319076754765,0.426319076754765
492,train-load-0.5-scenario-247,0.5,0.45740519999999996,0.21215150000000002,0.45740519999999996,9.291183597816602,1.4106886441233513,0.5893113558766487,1.0,0.0,1.0,0.0,4,0,4,0,4,5,4,4,0.7717976570129395,0.08490939117940327,,,,,,,,,,,0.426319076754765,0.426319076754765
493,train-load-0.7-scenario-568,0.7,0.6666666666666666,0.3333333333333333,0.6666666666666666,14.312702600071798,1.0665159513724423,0.5334840486275577,0.9,0.1,0.9,0.1,9,1,9,1,10,6,10,9,1.1310302019119263,0.08448484422350626,,,,,,,,,,,0.426319076754765,0.426319076754765
494,train-load-0.6-scenario-482,0.6,0.5,0.3,0.5,31.857445050802404,1.624515380068531,0.3754846199314691,1.0,0.0,1.0,0.0,20,0,20,0,20,8,20,20,1.0906577110290527,0.08406242000238873,,,,,,,,,,,0.426319076754765,0.426319076754765
495,train-load-0.7-scenario-193-retry-2,0.7,0.7285714285714285,0.5714285714285714,0.7285714285714285,13.117670647176315,1.0671155794800051,0.48843997607555045,0.8888888888888888,0.1111111111111111,0.8333333333333334,0.16666666666666666,8,1,10,2,12,7,9,8,0.8139928579330444,0.08364210790237678,,,,,,,,,,,0.426319076754765,0.426319076754765
496,train-load-0.8-scenario-672-retry-2,0.8,0.825,0.22916666666666666,0.825,9.502641903106712,0.2737822340112137,0.6353086750796955,0.7272727272727273,0.2727272727272727,0.7272727272727273,0.2727272727272727,8,3,8,3,11,8,11,8,1.019968867301941,0.0832238973628649,,,,,,,,,,,0.426319076754765,0.426319076754765
497,train-load-0.6-scenario-122-retry-1,0.6,0.66,0.66,0.48,12.116545219609808,0.8530599625130392,0.7024955930425164,0.8888888888888888,0.1111111111111111,0.8888888888888888,0.1111111111111111,8,1,8,1,9,5,9,8,0.9631446599960327,0.08280777787605056,,,,,,,,,,,0.426319076754765,0.426319076754765
498,train-load-0.8-scenario-224-retry-2,0.8,0.9,0.9,0.75,10.39669672649326,0.4280010728542968,0.23866559381236996,0.6666666666666666,0.3333333333333333,0.6666666666666666,0.3333333333333333,8,4,8,4,12,8,12,8,0.670728862285614,0.08239373898667031,,,,,,,,,,,0.426319076754765,0.426319076754765
499,train-load-1.0-scenario-215-retry-1,1.0,0.9142857142857143,0.9142857142857143,0.5714285714285714,8.421321348302813,0.5045296830876718,0.4954703169123282,0.75,0.25,0.75,0.25,6,2,12,4,16,7,8,6,0.8697198033332825,0.08198177029173696,,,,,,,,,,,0.426319076754765,0.426319076754765
500,train-load-0.8-scenario-13,0.8,0.8132244000000001,0.4440455,0.8132244000000001,6.20316664364216,0.5765679492490295,0.6234320507509705,0.8,0.2,0.7142857142857143,0.2857142857142857,4,1,5,2,7,5,5,4,0.3917010426521301,0.08157186144027828,0.38397966900130126,0.5168883090797258,0.7252169945202568,0.27478300547974327,0.7142920239720908,0.28570797602790926,0.38397966900130126,0.5650953699236672,0.2694432609785486,0.7107738541737114,0.426319076754765,0.426319076754765
501,train-load-0.7-scenario-732,0.7,0.6252006666666667,0.5575506944444445,0.6252006666666667,11.725928256454438,1.0207292387199072,0.47927076128009277,0.875,0.125,0.8888888888888888,0.1111111111111111,7,1,8,1,9,6,8,7,1.0556635856628418,0.0811640021330769,,,,,,,,,,,0.426319076754765,0.426319076754765
502,train-load-0.7-scenario-733-retry-2,0.7,0.8,0.8,0.4,13.38646455337048,0.8977852064875771,0.702214793512423,0.9,0.1,0.8333333333333334,0.16666666666666666,9,1,10,2,12,7,10,9,1.7094330787658691,0.08075818212241151,,,,,,,,,,,0.426319076754765,0.426319076754765
503,train-load-0.5-scenario-82-retry-2,0.5,0.5428571428571428,0.2857142857142857,0.5428571428571428,18.099073095271834,1.1485130027763404,0.8514869972236596,1.0,0.0,1.0,0.0,12,0,12,0,12,7,12,12,0.8447685241699219,0.08035439121179945,,,,,,,,,,,0.426319076754765,0.426319076754765
504,train-load-0.9-scenario-28-retry-2,0.9,1.0,0.2,1.0,0.7334112328854885,-0.8061005994497239,0.8061005994497239,0.5,0.5,0.5,0.5,4,4,4,4,8,6,8,4,1.0694859027862549,0.07995261925574046,,,,,,,,,,,0.426319076754765,0.426319076754765
505,train-load-0.9-scenario-209,0.9,0.7971996875,0.7971996875,0.788597625,18.21580513856204,0.8512574020467221,0.3987425979532778,0.8125,0.1875,0.7777777777777778,0.2222222222222222,13,3,14,4,18,8,16,13,1.1845628023147583,0.07955285615946175,,,,,,,,,,,0.426319076754765,0.426319076754765
506,train-load-0.7-scenario-350,0.7,0.7,0.7,0.51875,9.544481692143481,0.340512302547306,0.859487697452694,0.8,0.2,0.6923076923076923,0.3076923076923077,8,2,9,4,13,8,10,8,0.7471362352371216,0.07915509187866444,,,,,,,,,,,0.426319076754765,0.426319076754765
507,train-load-0.8-scenario-562,0.8,0.7067021250000001,0.35164453125,0.7067021250000001,9.64586500126606,0.6524474636548934,0.8475525363451066,0.875,0.125,0.8,0.2,7,1,8,2,10,8,8,7,1.6268606185913086,0.07875931641927113,,,,,,,,,,,0.426319076754765,0.426319076754765
508,train-hard-8gpu-16pod-1vgpu,0.5,0.5,0.3333333333333333,0.5,26.22437019192715,1.625,0.375,1.0,0.0,1.0,0.0,16,0,16,0,16,8,16,16,0.5854137539863586,0.07836551983717477,,,,,,,,,,,0.426319076754765,0.426319076754765
509,train-load-0.8-scenario-566,0.8,0.6890491428571428,0.5093464285714285,0.6890491428571428,13.160922822243199,0.9107482413860277,0.6892517586139725,0.9,0.1,0.8181818181818182,0.18181818181818182,9,1,9,2,11,7,10,9,0.6978395581245422,0.07797369223798889,,,,,,,,,,,0.426319076754765,0.426319076754765
510,train-load-0.5-scenario-487,0.5,0.44750959999999995,0.356309,0.44750959999999995,9.966859168506353,1.3076929088918028,0.6923070911081972,1.0,0.0,1.0,0.0,5,0,5,0,5,5,5,5,0.452616810798645,0.07758382377679894,,,,,,,,,,,0.426319076754765,0.426319076754765
511,train-load-0.5-scenario-622-retry-1,0.5,0.6,0.6,0.40714285714285714,22.075866421864912,1.5426600261084764,0.4573399738915237,1.0,0.0,1.0,0.0,13,0,13,0,13,7,13,13,1.4373586177825928,0.07719590465791494,,,,,,,,,,,0.426319076754765,0.426319076754765
512,train-load-0.7-scenario-287-retry-7,0.7,0.64,0.64,0.32,26.521583533224323,1.6101895866606124,0.38981041333938765,1.0,0.0,1.0,0.0,16,0,16,0,16,5,16,16,0.8879462480545044,0.07680992513462537,,,,,,,,,,,0.426319076754765,0.426319076754765
513,train-load-0.5-scenario-595,0.5,0.6,0.6,0.3375,20.280620702781544,1.4754445710689454,0.5245554289310546,1.0,0.0,1.0,0.0,12,0,12,0,12,8,12,12,0.9016181230545044,0.07642587550895225,,,,,,,,,,,0.426319076754765,0.426319076754765
514,train-load-0.9-scenario-375-retry-5,0.9,0.96,0.96,0.76,-0.8995965261425198,-1.1003351962824433,1.1003351962824433,0.5,0.5,0.5,0.5,4,4,5,5,10,5,8,4,0.8528107404708862,0.07604374613140748,,,,,,,,,,,0.426319076754765,0.426319076754765
515,train-load-1.0-scenario-93,1.0,0.88,0.7333333333333333,0.88,28.16365005190098,1.213024773345387,0.24152068120006775,0.8636363636363636,0.13636363636363635,0.8636363636363636,0.13636363636363635,19,3,19,3,22,5,22,19,0.7122161388397217,0.07566352740075044,,,,,,,,,,,0.426319076754765,0.426319076754765
516,train-load-0.6-scenario-669,0.6,0.5626026249999999,0.42194140625,0.5626026249999999,14.6921090130519,0.8916518564388094,0.744711779924827,0.9090909090909091,0.09090909090909091,0.9090909090909091,0.09090909090909091,10,1,10,1,11,8,11,10,0.8724446296691895,0.07528520976374668,,,,,,,,,,,0.426319076754765,0.426319076754765
517,train-load-0.9-scenario-338-retry-4,0.9,0.8333333333333334,0.6666666666666666,0.8333333333333334,6.755275990905217,0.06152140812905604,0.33847859187094387,0.6,0.4,0.6,0.4,6,4,6,4,10,6,10,6,0.9183613657951355,0.07490878371492794,,,,,,,,,,,0.426319076754765,0.426319076754765
518,train-load-0.5-scenario-166,0.5,0.5714285714285714,0.5714285714285714,0.4857142857142857,10.899973944042864,0.8851933068008506,0.6148066931991494,0.875,0.125,0.875,0.125,7,1,7,1,8,7,8,7,1.1422302722930908,0.0745342397963533,,,,,,,,,,,0.426319076754765,0.426319076754765
519,train-load-0.8-scenario-426,0.8,0.7595486,0.6459704166666668,0.7595486,13.575988380699364,0.9361640967190612,0.6638359032809389,0.9,0.1,0.9,0.1,9,1,9,1,10,5,10,9,0.8824388384819031,0.07416156859737154,,,,,,,,,,,0.426319076754765,0.426319076754765
520,train-load-0.9-scenario-280-retry-9,0.9,0.9666666666666667,0.75,0.9666666666666667,4.114220785935999,-0.39321114439004035,0.7932111443900403,0.6,0.4,0.6,0.4,6,4,6,4,10,6,10,6,1.10076904296875,0.07379076075438468,,,,,,,,,,,0.426319076754765,0.426319076754765
521,train-load-0.9-scenario-606-retry-1,0.9,0.925,0.4791666666666667,0.925,7.684991085228446,0.049842553682641455,0.495611991771904,0.6363636363636364,0.36363636363636365,0.6363636363636364,0.36363636363636365,7,4,7,4,11,8,11,7,0.5297729969024658,0.07342180695061275,,,,,,,,,,,0.426319076754765,0.426319076754765
522,train-load-0.5-scenario-384,0.5,0.6071428571428571,0.32857142857142857,0.6071428571428571,5.711514872005431,0.05643927486696687,0.4435607251330332,0.625,0.375,0.625,0.375,5,3,5,3,8,7,8,5,0.9746243357658386,0.07305469791585968,,,,,,,,,,,0.426319076754765,0.426319076754765
523,train-load-0.8-scenario-235-retry-1,0.8,0.9,0.9,0.9,20.337113554561338,0.9352307823387556,0.17588032877235554,0.7777777777777778,0.2222222222222222,0.7777777777777778,0.2222222222222222,14,4,14,4,18,5,18,14,0.6195736527442932,0.07268942442628039,,,,,,,,,,,0.426319076754765,0.426319076754765
524,train-load-0.9-scenario-528,0.9,0.8857142857142857,0.8142857142857143,0.8857142857142857,22.3735180955306,1.2768862021624834,0.25252556254339886,0.8823529411764706,0.11764705882352941,0.8823529411764706,0.11764705882352941,15,2,15,2,17,7,17,15,1.1662392616271973,0.07232597730414898,,,,,,,,,,,0.426319076754765,0.426319076754765
525,train-load-0.8-scenario-488,0.8,0.698022625,0.51535625,0.698022625,13.851151342604329,0.6914785442466134,0.6418547890867201,0.8333333333333334,0.16666666666666666,0.7857142857142857,0.21428571428571427,10,2,11,3,14,8,12,10,0.5606665015220642,0.07196434741762824,,,,,,,,,,,0.426319076754765,0.426319076754765
526,train-load-0.6-scenario-450-retry-2,0.6,0.6875,0.4583333333333333,0.6875,20.542245325362533,1.731733192064291,0.2682668079357089,1.0,0.0,1.0,0.0,11,0,11,0,11,4,11,11,1.138245701789856,0.0716045256805401,,,,,,,,,,,0.426319076754765,0.426319076754765
527,train-load-1.0-scenario-741,1.0,1.0666666666666667,0.9333333333333333,1.0666666666666667,15.403395032188618,0.5804775908980657,0.41952240910193433,0.75,0.25,0.75,0.25,12,4,12,4,16,6,16,12,1.0496878623962402,0.0712465030521374,,,,,,,,,,,0.426319076754765,0.426319076754765
528,train-load-1.0-scenario-280-retry-14,1.0,0.9333333333333333,0.6666666666666666,0.9333333333333333,17.15525599997796,0.7308727361303926,0.5191272638696074,0.8125,0.1875,0.8125,0.1875,13,3,13,3,16,6,16,13,1.0030205249786377,0.0708902705368767,,,,,,,,,,,0.426319076754765,0.426319076754765
529,train-load-0.8-scenario-18,0.8,0.85,0.83,0.85,0.7085825097139078,-0.7911873518034787,0.7911873518034787,0.5,0.5,0.5,0.5,4,4,4,4,8,5,8,4,0.7112591862678528,0.07053581918419231,,,,,,,,,,,0.426319076754765,0.426319076754765
530,train-load-0.9-scenario-106-retry-1,0.9,1.0,0.8,1.0,7.756145470209797,0.39328652339239656,0.6067134766076034,0.75,0.25,0.6666666666666666,0.3333333333333333,6,2,8,4,12,7,8,6,0.7412696480751038,0.07018314008827135,,,,,,,,,,,0.426319076754765,0.426319076754765
531,train-load-0.5-scenario-49,0.5,0.43013321428571427,0.43013321428571427,0.39164642857142856,13.586154776402992,1.4823727026466533,0.5176272973533467,1.0,0.0,1.0,0.0,7,0,8,0,8,7,7,7,1.1187734603881836,0.06983222438783,,,,,,,,,,,0.426319076754765,0.426319076754765
532,train-load-0.7-scenario-744-retry-3,0.7,0.6,0.3,0.6,19.677020628141282,1.3819107696554465,0.6180892303445535,1.0,0.0,1.0,0.0,12,0,12,0,12,8,12,12,0.6105912923812866,0.06948306326589085,,,,,,,,,,,0.426319076754765,0.426319076754765
533,train-load-0.5-scenario-110-retry-2,0.5,0.5,0.4166666666666667,0.5,17.922661300146626,1.5448487098949308,0.4551512901050693,1.0,0.0,1.0,0.0,10,0,10,0,10,4,10,10,0.9451978206634521,0.0691356479495614,,,,,,,,,,,0.426319076754765,0.426319076754765
534,train-hard-4gpu-4pod-1vgpu,0.25,0.25,0.16666666666666666,0.25,11.627831216351296,1.9166666666666665,0.08333333333333337,1.0,0.0,1.0,0.0,4,0,4,0,4,4,4,4,1.0613878965377808,0.06878996970981359,,,,,,,,,,,0.426319076754765,0.426319076754765
535,train-load-0.7-scenario-416,0.7,0.6944444444444444,0.6944444444444444,0.48333333333333334,22.126031771894745,1.5860492275225793,0.41395077247742074,1.0,0.0,1.0,0.0,13,0,13,0,13,6,13,13,0.8441359996795654,0.06844601986126451,,,,,,,,,,,0.426319076754765,0.426319076754765
536,train-load-0.9-scenario-166-retry-3,0.9,1.0,0.25,1.0,-6.682372845967441,-2.2274576153224803,0.22745761532248032,0.0,1.0,0.0,1.0,0,8,0,8,8,8,8,0,0.7670714259147644,0.06810378976195819,,,,,,,,,,,0.426319076754765,0.426319076754765
537,train-load-0.6-scenario-550,0.6,0.48333333333333334,0.31666666666666665,0.48333333333333334,30.01823479228221,1.5738026226714854,0.4261973773285146,1.0,0.0,1.0,0.0,19,0,19,0,19,6,19,19,0.502472996711731,0.0677632708131484,,,,,,,,,,,0.426319076754765,0.426319076754765
538,train-load-0.7-scenario-463,0.7,0.6009371666666666,0.4493770833333333,0.6009371666666666,14.537125181728968,1.436108654389765,0.5638913456102351,1.0,0.0,1.0,0.0,8,0,9,0,9,6,8,8,0.7523082494735718,0.06742445445908266,,,,,,,,,,,0.426319076754765,0.426319076754765
539,train-load-0.8-scenario-318,0.8,0.85,0.7083333333333334,0.85,17.88687842198815,0.7277203182745785,0.3311032111371862,0.7647058823529411,0.23529411764705882,0.7647058823529411,0.23529411764705882,13,4,13,4,17,4,17,13,0.8624844551086426,0.06708733218678724,,,,,,,,,,,0.426319076754765,0.426319076754765
540,train-load-1.0-scenario-361,1.0,1.0278475714285713,0.709439880952381,1.0278475714285713,13.68697531078817,0.4594160195659713,0.6834411232911716,0.7857142857142857,0.21428571428571427,0.6875,0.3125,11,3,11,5,16,7,14,11,1.0262768268585205,0.0667518955258533,,,,,,,,,,,0.426319076754765,0.426319076754765
541,train-load-0.5-scenario-457,0.5,0.6,0.6,0.4,16.460660196429714,1.7352639880627794,0.26473601193722057,1.0,0.0,1.0,0.0,8,0,8,0,8,4,8,8,1.0074787139892578,0.06641813604822402,,,,,,,,,,,0.426319076754765,0.426319076754765
542,train-load-0.7-scenario-580,0.7,0.595365,0.5612729166666667,0.595365,13.46252528895962,1.505822596073949,0.4941774039260508,1.0,0.0,1.0,0.0,7,0,8,0,8,5,7,7,0.7848023176193237,0.0660860453679829,,,,,,,,,,,0.426319076754765,0.426319076754765
543,train-load-0.6-scenario-655,0.6,0.54831325,0.2891215625,0.54831325,13.641115841078715,1.242044314442695,0.7579556855573051,1.0,0.0,1.0,0.0,8,0,8,0,8,8,8,8,1.0189731121063232,0.06575561514114299,,,,,,,,,,,0.426319076754765,0.426319076754765
544,train-load-0.8-scenario-344,0.8,0.6895722500000001,0.51660625,0.6895722500000001,2.9201700706761993,-0.17701804735128857,0.8436847140179552,0.6666666666666666,0.3333333333333333,0.6666666666666666,0.3333333333333333,4,2,4,2,6,4,6,4,1.2282905578613281,0.06542683706543727,,,,,,,,,,,0.426319076754765,0.426319076754765
545,train-load-1.0-scenario-137,1.0,0.8802965714285713,0.813729761904762,0.8802965714285713,16.14314788893769,0.6474196160749941,0.35258038392500596,0.75,0.25,0.75,0.25,12,4,12,4,16,7,16,12,1.1550991535186768,0.06509970288011008,,,,,,,,,,,0.426319076754765,0.426319076754765
546,train-load-0.6-scenario-286,0.6,0.5915956666666666,0.53179375,0.5915956666666666,12.921144223758425,1.1649191461901274,0.8350808538098726,1.0,0.0,1.0,0.0,8,0,9,0,9,6,8,8,1.044058918952942,0.06477420436570952,,,,,,,,,,,0.426319076754765,0.426319076754765
547,train-load-1.0-scenario-261-retry-6,1.0,0.9428571428571428,0.9428571428571428,0.7071428571428572,19.792915975301433,0.4366407547688784,0.47245015432203075,0.7272727272727273,0.2727272727272727,0.7272727272727273,0.2727272727272727,16,6,16,6,22,7,22,16,0.9616751074790955,0.06445033334388098,,,,,,,,,,,0.426319076754765,0.426319076754765
548,train-load-0.6-scenario-158,0.6,0.5543732857142858,0.2632330357142857,0.5543732857142858,12.47769891585627,1.2812133512033632,0.7187866487966368,1.0,0.0,1.0,0.0,7,0,7,0,7,7,7,7,0.8287495970726013,0.06412808167716157,,,,,,,,,,,0.426319076754765,0.426319076754765
549,train-hard-4gpu-8pod-1vgpu,0.5,0.5,0.3333333333333333,0.5,16.58899576603593,1.8333333333333335,0.16666666666666663,1.0,0.0,1.0,0.0,8,0,8,0,8,4,8,8,1.586097002029419,0.06380744126877576,,,,,,,,,,,0.426319076754765,0.426319076754765
550,train-load-0.5-scenario-144-retry-1,0.5,0.5875,0.2625,0.5875,8.398401186339871,0.4746015259614833,0.5253984740385167,0.75,0.25,0.75,0.25,6,2,6,2,8,8,8,6,0.6982687711715698,0.06348840406243188,,,,,,,,,,,0.426319076754765,0.426319076754765
551,train-load-0.6-scenario-167,0.6,0.71875,0.19791666666666666,0.71875,8.329396445913376,0.1582511119643778,0.3872034334901676,0.6363636363636364,0.36363636363636365,0.6363636363636364,0.36363636363636365,7,4,7,4,11,8,11,7,0.6022278666496277,0.06317096204211972,,,,,,,,,,,0.426319076754765,0.426319076754765
552,train-load-1.0-scenario-422-retry-1,1.0,0.9642857142857143,0.12857142857142856,0.9642857142857143,5.266537201766143,-0.14708799497050384,0.8137546616371705,0.6666666666666666,0.3333333333333333,0.6666666666666666,0.3333333333333333,6,3,6,3,9,7,9,6,0.960115909576416,0.06285510723190912,,,,,,,,,,,0.426319076754765,0.426319076754765
553,train-load-0.8-scenario-185,0.8,0.7168191666666667,0.7168191666666667,0.6658172,4.701518500974744,-0.19071746027193748,0.8573841269386041,0.6666666666666666,0.3333333333333333,0.6666666666666666,0.3333333333333333,6,3,6,3,9,5,9,6,1.229097604751587,0.06254083169574957,,,,,,,,,,,0.426319076754765,0.426319076754765
554,train-load-0.8-scenario-216,0.8,0.7167082,0.41731083333333335,0.7167082,4.460605720594032,-0.03029014093937643,0.8874329980822336,0.7142857142857143,0.2857142857142857,0.7142857142857143,0.2857142857142857,5,2,5,2,7,5,7,5,0.7369558811187744,0.062228127537270826,,,,,,,,,,,0.426319076754765,0.426319076754765
555,train-load-0.6-scenario-670,0.6,0.6107119999999999,0.4558534722222222,0.6107119999999999,7.51636721330658,0.3605983247895084,0.6394016752104916,0.75,0.25,0.75,0.25,6,2,6,2,8,6,8,6,1.4410089254379272,0.06191698689958447,,,,,,,,,,,0.426319076754765,0.426319076754765
556,train-load-0.6-scenario-737,0.6,0.5506224285714285,0.41824047619047616,0.5506224285714285,15.827256608623927,1.2342118512832005,0.7657881487167995,1.0,0.0,1.0,0.0,10,0,10,0,10,7,10,10,1.3357125520706177,0.061607401965086545,,,,,,,,,,,0.426319076754765,0.426319076754765
557,train-load-0.8-scenario-579,0.8,0.7551297499999999,0.34547291666666663,0.7551297499999999,13.350430724869252,0.910271489389894,0.6897285106101061,0.9,0.1,0.9,0.1,9,1,9,1,10,8,10,9,0.6225187182426453,0.06129936495526111,,,,,,,,,,,0.426319076754765,0.426319076754765
558,train-load-0.6-scenario-258,0.6,0.6421155000000001,0.54780875,0.6421155000000001,8.724866854776153,1.5244926342154,0.47550736578460007,1.0,0.0,1.0,0.0,3,0,6,0,6,4,3,3,0.973797082901001,0.0609928681304848,,,,,,,,,,,0.426319076754765,0.426319076754765
559,train-load-1.0-scenario-331,1.0,0.8814136,0.35999775,0.8814136,10.75296551652169,0.9041099506280024,0.5958900493719976,0.875,0.125,0.7777777777777778,0.2222222222222222,7,1,7,2,9,5,8,7,1.2645938396453857,0.060687903789832374,,,,,,,,,,,0.426319076754765,0.426319076754765
560,train-load-0.5-scenario-130,0.5,0.49797232142857145,0.49797232142857145,0.3947578571428571,14.095910734666694,1.329305914410373,0.6706940855896271,1.0,0.0,1.0,0.0,8,0,9,0,9,7,8,8,0.9060704112052917,0.06038446427088321,,,,,,,,,,,0.426319076754765,0.426319076754765
561,train-load-0.8-scenario-63-retry-2,0.8,0.9,0.6875,0.9,9.208979217798415,0.14746307953698523,0.31407538200147633,0.6153846153846154,0.38461538461538464,0.6153846153846154,0.38461538461538464,8,5,8,5,13,8,13,8,0.5625239014625549,0.06008254194952879,,,,,,,,,,,0.426319076754765,0.426319076754765
562,train-load-0.6-scenario-71,0.6,0.5193742,0.4140041666666667,0.5193742,11.23368587999024,1.291961876721945,0.708038123278055,1.0,0.0,1.0,0.0,6,0,6,0,6,5,6,6,0.8714486360549927,0.05978212923978115,,,,,,,,,,,0.426319076754765,0.426319076754765
563,train-load-0.8-scenario-568,0.8,0.9,0.9,0.375,6.530265247976475,0.07053980595117293,0.5961268607154937,0.6666666666666666,0.3333333333333333,0.6666666666666666,0.3333333333333333,6,3,6,3,9,6,9,6,0.7242839336395264,0.05948321859358224,,,,,,,,,,,0.426319076754765,0.426319076754765
564,train-load-0.5-scenario-602,0.5,0.47478216666666667,0.33510972222222224,0.47478216666666667,6.40492230975712,0.44574221088569527,0.8875911224476382,0.8333333333333334,0.16666666666666666,0.8571428571428571,0.14285714285714285,5,1,6,1,7,6,6,5,0.8116306066513062,0.05918580250061433,,,,,,,,,,,0.426319076754765,0.426319076754765
565,train-load-0.6-scenario-125-retry-1,0.6,0.7166666666666667,0.5166666666666667,0.7166666666666667,20.789951612096445,1.4641629802483105,0.5358370197516895,1.0,0.0,1.0,0.0,13,0,13,0,13,6,13,13,0.5881847143173218,0.058889873488111255,,,,,,,,,,,0.426319076754765,0.426319076754765
566,train-load-0.7-scenario-515-retry-2,0.7,0.7833333333333333,0.75,0.7833333333333333,18.959003672425414,1.5267129838460247,0.13995368282064188,0.9166666666666666,0.08333333333333333,0.9166666666666666,0.08333333333333333,11,1,11,1,12,6,12,11,0.9819116592407227,0.058595424120670696,,,,,,,,,,,0.426319076754765,0.426319076754765
567,train-load-0.6-scenario-406,0.6,0.5163264000000001,0.3210695833333333,0.5163264000000001,0.1439493236373972,-0.5020906705013527,0.5020906705013527,0.5,0.5,0.6,0.4,2,2,3,2,5,5,4,2,0.4831201732158661,0.05830244700006734,,,,,,,,,,,0.426319076754765,0.426319076754765
568,train-load-0.8-scenario-428,0.8,0.7891196666666667,0.5967621527777778,0.7891196666666667,13.449510628227243,0.9079636225319601,0.69203637746804,0.9,0.1,0.8181818181818182,0.18181818181818182,9,1,9,2,11,6,10,9,0.7484312057495117,0.058010934765067,,,,,,,,,,,0.426319076754765,0.426319076754765
569,train-load-1.0-scenario-597-retry-6,1.0,1.0857142857142856,0.6428571428571429,1.0857142857142856,-1.5271452214149548,-1.303144032043336,0.5031440320433362,0.3,0.7,0.42857142857142855,0.5714285714285714,3,7,6,8,14,7,10,3,0.5363062620162964,0.05772088009124167,,,,,,,,,,,0.426319076754765,0.426319076754765
570,train-load-0.8-scenario-212,0.8,0.7411101428571428,0.5302978571428572,0.7411101428571428,10.96336321050666,0.3122605099832326,0.6877394900167674,0.75,0.25,0.75,0.25,9,3,9,3,12,7,12,9,1.0299499034881592,0.05743227569078546,,,,,,,,,,,0.426319076754765,0.426319076754765
571,train-load-0.6-scenario-251,0.6,0.5564263333333334,0.44561541666666665,0.5564263333333334,14.213683186886687,1.4090845000201484,0.5909154999798517,1.0,0.0,1.0,0.0,8,0,8,0,8,6,8,8,0.9825021028518677,0.05714511431233153,,,,,,,,,,,0.426319076754765,0.426319076754765
572,train-load-0.9-scenario-532-retry-1,0.9,0.7951104999999999,0.7951104999999999,0.7205876,7.821928413478532,0.1739224329954755,0.6260775670045244,0.7,0.3,0.6363636363636364,0.36363636363636365,7,3,7,4,11,5,10,7,0.938206136226654,0.05685938874076987,,,,,,,,,,,0.426319076754765,0.426319076754765
573,train-load-0.9-scenario-159,0.9,1.0,0.6,1.0,2.5374520798154467,-0.4509436799151779,0.4509436799151779,0.5,0.5,0.5,0.5,4,4,4,4,8,4,8,4,0.8723396062850952,0.056575091797066025,,,,,,,,,,,0.426319076754765,0.426319076754765
574,train-load-0.7-scenario-230,0.7,0.659442875,0.353655625,0.659442875,12.936179164913126,0.8320739197424563,0.7679260802575438,0.9,0.1,0.8181818181818182,0.18181818181818182,9,1,9,2,11,8,10,9,0.8065916895866394,0.056292216338080694,,,,,,,,,,,0.426319076754765,0.426319076754765
575,train-load-0.9-scenario-371-retry-3,0.9,1.0,1.0,0.4,9.721541931870195,0.04590923594856211,0.5255193354800094,0.6428571428571429,0.35714285714285715,0.6428571428571429,0.35714285714285715,9,5,9,5,14,7,14,9,0.6656789183616638,0.05601075525639029,,,,,,,,,,,0.426319076754765,0.426319076754765
576,train-load-0.5-scenario-103,0.5,0.48493725,0.334830625,0.48493725,15.126324328694883,1.3055828717553501,0.6944171282446499,1.0,0.0,1.0,0.0,9,0,9,0,9,8,9,9,0.7874246835708618,0.05573070148010834,,,,,,,,,,,0.426319076754765,0.426319076754765
577,train-load-1.0-scenario-533,1.0,1.0833333333333333,1.0833333333333333,0.6,9.497711912423702,0.5236739801904899,0.5874371309206212,0.7777777777777778,0.2222222222222222,0.6923076923076923,0.3076923076923077,7,2,9,4,13,6,9,7,0.6373471021652222,0.0554520479727078,,,,,,,,,,,0.426319076754765,0.426319076754765
578,train-load-0.8-scenario-603,0.8,0.6955103333333333,0.45985208333333333,0.6955103333333333,10.795669384098804,0.8325124246064544,0.6674875753935456,0.875,0.125,0.7777777777777778,0.2222222222222222,7,1,7,2,9,6,8,7,1.1362221240997314,0.05517478773284426,,,,,,,,,,,0.426319076754765,0.426319076754765
579,train-load-0.8-scenario-532,0.8,0.7002512500000001,0.7002512500000001,0.6971646666666668,10.465900821680654,0.38632465947294903,0.8864026132543238,0.8181818181818182,0.18181818181818182,0.8333333333333334,0.16666666666666666,9,2,10,2,12,6,11,9,0.8284621238708496,0.05489891379418004,,,,,,,,,,,0.426319076754765,0.426319076754765
580,train-load-1.0-scenario-426,1.0,0.8825374,0.5618475,0.8825374,7.244913803708084,0.17269344153292598,0.9384176695781852,0.7777777777777778,0.2222222222222222,0.7777777777777778,0.2222222222222222,7,2,7,2,9,5,9,7,1.2470073699951172,0.05462441922520914,,,,,,,,,,,0.426319076754765,0.426319076754765
581,train-load-1.0-scenario-300-retry-10,1.0,0.9625,0.6875,0.9625,26.064471620271654,1.0690457568983422,0.38549969764711234,0.8636363636363636,0.13636363636363635,0.8636363636363636,0.13636363636363635,19,3,19,3,22,8,22,19,0.5356186628341675,0.0543512971290831,,,,,,,,,,,0.426319076754765,0.426319076754765
582,train-load-0.5-scenario-113-retry-2,0.5,0.6,0.5989583333333334,0.6,11.531243740447536,0.6998375501873827,0.5001624498126173,0.8,0.2,0.8,0.2,8,2,8,2,10,8,10,8,0.612515926361084,0.05407954064343768,,,,,,,,,,,0.426319076754765,0.426319076754765
583,train-load-0.9-scenario-566-retry-2,0.9,1.0,0.4,1.0,2.8318128447235944,-0.6137932544354674,0.6137932544354674,0.5,0.5,0.5,0.5,5,5,5,5,10,5,10,5,0.6780321598052979,0.05380914294022049,,,,,,,,,,,0.426319076754765,0.426319076754765
584,train-load-0.6-scenario-146-retry-4,0.6,0.5,0.5,0.3,29.030185766318226,1.5713277820541232,0.42867221794587684,1.0,0.0,1.0,0.0,18,0,18,0,18,6,18,18,1.323077917098999,0.05354009722551939,,,,,,,,,,,0.426319076754765,0.426319076754765
585,train-load-0.8-scenario-421-retry-5,0.8,0.7142857142857143,0.2857142857142857,0.7142857142857143,30.228309717145976,1.4296089236976048,0.5703910763023952,1.0,0.0,1.0,0.0,20,0,20,0,20,7,20,20,0.6831740140914917,0.05327239673939179,,,,,,,,,,,0.426319076754765,0.426319076754765
586,train-load-0.7-scenario-90-retry-1,0.7,0.75,0.75,0.6166666666666667,16.330654471988876,0.7576227635084812,0.6709486650629473,0.8571428571428571,0.14285714285714285,0.8571428571428571,0.14285714285714285,12,2,12,2,14,6,14,12,0.6957281827926636,0.053006034755694834,,,,,,,,,,,0.426319076754765,0.426319076754765
587,train-load-0.5-scenario-331,0.5,0.5416666666666666,0.35833333333333334,0.5416666666666666,6.807980763447739,0.20499045498836144,0.7950095450116386,0.75,0.25,0.75,0.25,6,2,6,2,8,6,8,6,0.4181114137172699,0.052741004581916356,,,,,,,,,,,0.426319076754765,0.426319076754765
588,train-load-0.8-scenario-361,0.8,0.720015625,0.46682291666666664,0.720015625,14.372471586925313,0.864421373403693,0.7719422629599433,0.9090909090909091,0.09090909090909091,0.8333333333333334,0.16666666666666666,10,1,10,2,12,8,11,10,0.5752450823783875,0.052477299559006776,,,,,,,,,,,0.426319076754765,0.426319076754765
589,train-load-1.0-scenario-695-retry-4,1.0,1.03125,0.6125,1.03125,6.983452499170838,-0.3053908803308315,0.5911051660451172,0.5714285714285714,0.42857142857142855,0.5714285714285714,0.42857142857142855,8,6,8,6,14,8,14,8,0.8586241006851196,0.052214913061211746,,,,,,,,,,,0.426319076754765,0.426319076754765
590,train-load-0.6-scenario-218,0.6,0.4857142857142857,0.4857142857142857,0.4857142857142857,27.80331315379178,1.625223506972156,0.3747764930278442,1.0,0.0,1.0,0.0,17,0,17,0,17,7,17,17,1.0403298139572144,0.05195383849590569,,,,,,,,,,,0.426319076754765,0.426319076754765
591,train-load-0.8-scenario-472,0.8,0.6835025,0.47477864583333335,0.6835025,15.085832336252453,0.7225156967979054,0.6620996878174793,0.8461538461538461,0.15384615384615385,0.8571428571428571,0.14285714285714285,11,2,12,2,14,8,13,11,0.7598698139190674,0.05169406930342616,,,,,,,,,,,0.426319076754765,0.426319076754765
592,train-load-0.5-scenario-699-retry-1,0.5,0.425,0.3020833333333333,0.425,18.514589816718594,1.3766817476080324,0.6233182523919676,1.0,0.0,1.0,0.0,11,0,11,0,11,4,11,11,0.5081884860992432,0.05143559895690903,,,,,,,,,,,0.426319076754765,0.426319076754765
593,train-load-0.5-scenario-0-retry-3,0.5,0.4,0.3333333333333333,0.4,23.212955536294597,1.5145285768612293,0.4854714231387707,1.0,0.0,1.0,0.0,14,0,14,0,14,7,14,14,0.8175687789916992,0.051178420962124486,,,,,,,,,,,0.426319076754765,0.426319076754765
594,train-load-1.0-scenario-144-retry-1,1.0,1.0625,0.5833333333333334,1.0625,2.620951810960975,-0.4522219017077128,0.4522219017077128,0.5,0.5,0.5,0.5,4,4,4,4,8,4,8,4,0.8134347200393677,0.05092252885731386,,,,,,,,,,,0.426319076754765,0.426319076754765
595,train-load-1.0-scenario-273-retry-2,1.0,0.9523809523809523,0.9523809523809523,0.5714285714285714,-4.740163575283321,-1.906645987634727,0.706645987634727,0.2,0.8,0.2,0.8,2,8,2,8,10,7,10,2,0.9888561367988586,0.05066791621302729,,,,,,,,,,,0.426319076754765,0.426319076754765
596,train-load-0.5-scenario-20,0.5,0.4782641666666667,0.37889930555555557,0.4782641666666667,10.541234287746782,1.181335566379171,0.8186644336208291,1.0,0.0,1.0,0.0,6,0,7,0,7,6,6,6,1.1201610565185547,0.05041457663196215,,,,,,,,,,,0.426319076754765,0.426319076754765
597,train-load-0.9-scenario-64-retry-3,0.9,0.8333333333333334,0.8333333333333334,0.425,24.102956272561602,1.2393261900994654,0.5253796922534757,0.9411764705882353,0.058823529411764705,0.9411764705882353,0.058823529411764705,16,1,16,1,17,8,17,16,1.264596939086914,0.050162503748802344,,,,,,,,,,,0.426319076754765,0.426319076754765
598,train-load-0.8-scenario-114,0.8,0.9,0.375,0.9,6.627786402590308,0.08441345029596292,0.5822532163707037,0.6666666666666666,0.3333333333333333,0.6666666666666666,0.3333333333333333,6,3,6,3,9,4,9,6,1.3028773069381714,0.05,,,,,,,,,,,0.426319076754765,0.426319076754765
599,train-load-1.0-scenario-330-retry-3,1.0,1.05,0.5476190476190477,1.05,2.39472663284266,-0.6854618717490106,0.6854618717490106,0.5,0.5,0.5,0.5,5,5,6,6,12,7,10,5,0.8295501470565796,0.05,,,,,,,,,,,0.426319076754765,0.426319076754765
600,train-load-0.6-scenario-4,0.6,0.535875,0.535875,0.5118695,6.503599112207345,0.655470685738255,0.5445293142617451,0.8,0.2,0.8333333333333334,0.16666666666666666,4,1,5,1,6,4,5,4,0.9527460336685181,0.05,0.3829679141986111,0.5122477196219642,0.7238039084551439,0.27619609154485614,0.7141242739387588,0.2858757260612412,0.3829679141986111,0.6871314274819383,0.236020955989717,0.7052351479779788,0.426319076754765,0.426319076754765
601,train-load-1.0-scenario-333-retry-2,1.0,0.9400301666666667,0.7445138888888889,0.9400301666666667,10.336945614017612,0.4107707075794289,0.4983202015114803,0.7272727272727273,0.2727272727272727,0.6428571428571429,0.35714285714285715,8,3,9,5,14,6,11,8,0.7806850075721741,0.05,,,,,,,,,,,0.426319076754765,0.426319076754765
602,train-load-0.9-scenario-157-retry-6,0.9,1.0,0.08333333333333333,1.0,4.718901313090904,-0.3228821490578123,0.7228821490578122,0.6,0.4,0.6,0.4,6,4,6,4,10,6,10,6,0.8628896474838257,0.05,,,,,,,,,,,0.426319076754765,0.426319076754765
603,train-load-0.7-scenario-142,0.7,0.8,0.26666666666666666,0.8,5.685041185321835,0.09142598330106444,0.40857401669893556,0.625,0.375,0.625,0.375,5,3,5,3,8,5,8,5,1.218811273574829,0.05,,,,,,,,,,,0.426319076754765,0.426319076754765
604,train-load-0.7-scenario-276,0.7,0.607036,0.3981820833333333,0.607036,13.071361544138677,1.3794495007558925,0.6205504992441075,1.0,0.0,1.0,0.0,7,0,8,0,8,6,7,7,0.6368658542633057,0.05,,,,,,,,,,,0.426319076754765,0.426319076754765
605,train-load-0.7-scenario-628,0.7,0.78125,0.453125,0.78125,6.2685154590713665,-0.3374423093174296,1.0041089759840962,0.6666666666666666,0.3333333333333333,0.6666666666666666,0.3333333333333333,8,4,8,4,12,8,12,8,1.272857666015625,0.05,,,,,,,,,,,0.426319076754765,0.426319076754765
606,train-load-0.7-scenario-72,0.7,0.7328215,0.4616328125,0.7328215,6.198110867724397,0.5977370097210165,0.6022629902789836,0.8,0.2,0.8333333333333334,0.16666666666666666,4,1,5,1,6,4,5,4,0.21530002355575562,0.05,,,,,,,,,,,0.426319076754765,0.426319076754765
607,train-load-0.5-scenario-192,0.5,0.43333333333333335,0.21666666666666667,0.43333333333333335,21.581991889230515,1.479659357441827,0.520340642558173,1.0,0.0,1.0,0.0,13,0,13,0,13,6,13,13,1.2088295221328735,0.05,,,,,,,,,,,0.426319076754765,0.426319076754765
608,train-load-0.9-scenario-336-retry-9,0.9,1.0,1.0,0.15,6.275365510333225,0.02221751218864665,0.64444915447802,0.6666666666666666,0.3333333333333333,0.6666666666666666,0.3333333333333333,6,3,6,3,9,6,9,6,0.713051974773407,0.05,,,,,,,,,,,0.426319076754765,0.426319076754765
609,train-load-0.6-scenario-63-retry-3,0.6,0.5208333333333334,0.5208333333333334,0.45625,26.231299784201177,1.5600786352352953,0.43992136476470467,1.0,0.0,1.0,0.0,16,0,16,0,16,8,16,16,0.9990196228027344,0.05,,,,,,,,,,,0.426319076754765,0.426319076754765
610,train-load-0.6-scenario-749,0.6,0.72,0.54,0.72,16.663661945057935,1.594733268194498,0.405266731805502,1.0,0.0,1.0,0.0,9,0,9,0,9,5,9,9,0.7745463848114014,0.05,,,,,,,,,,,0.426319076754765,0.426319076754765
611,train-load-0.6-scenario-631,0.6,0.6875,0.6875,0.1375,9.916370674384392,0.3216100950148135,0.5874808140760956,0.7272727272727273,0.2727272727272727,0.7272727272727273,0.2727272727272727,8,3,8,3,11,8,11,8,1.3620682954788208,0.05,,,,,,,,,,,0.426319076754765,0.426319076754765
612,train-load-0.8-scenario-689-retry-3,0.8,0.875,0.875,0.6125,11.774837631182358,0.2422092220372778,0.6149336351055794,0.7142857142857143,0.2857142857142857,0.7142857142857143,0.2857142857142857,10,4,10,4,14,8,14,10,0.45127183198928833,0.05,,,,,,,,,,,0.426319076754765,0.426319076754765
613,train-load-1.0-scenario-131-retry-3,1.0,0.94,0.94,0.9,13.530453939302596,0.22629630282248592,0.59723310894222,0.7058823529411765,0.29411764705882354,0.7058823529411765,0.29411764705882354,12,5,12,5,17,5,17,12,0.41479194164276123,0.05,,,,,,,,,,,0.426319076754765,0.426319076754765
614,train-load-0.8-scenario-267,0.8,0.720223125,0.3848271875,0.720223125,12.019799863898664,0.5988875216906661,0.6738397510366068,0.8181818181818182,0.18181818181818182,0.8181818181818182,0.18181818181818182,9,2,9,2,11,8,11,9,0.6264487504959106,0.05,,,,,,,,,,,0.426319076754765,0.426319076754765
615,train-load-0.6-scenario-608-retry-3,0.6,0.6571428571428571,0.40476190476190477,0.6571428571428571,15.408663705554375,1.5495143929364843,0.4504856070635157,1.0,0.0,1.0,0.0,8,0,11,0,11,7,8,8,0.8932591676712036,0.05,,,,,,,,,,,0.426319076754765,0.426319076754765
616,train-load-0.9-scenario-383,0.9,0.83152025,0.41497604166666663,0.83152025,8.216561324401443,0.6201292227726745,0.808442205798754,0.8571428571428571,0.14285714285714285,0.8571428571428571,0.14285714285714285,6,1,6,1,7,4,7,6,0.9441381692886353,0.05,,,,,,,,,,,0.426319076754765,0.426319076754765
617,train-load-0.6-scenario-43-retry-2,0.6,0.6375,0.39375,0.6375,18.948087896935466,1.3520573003396505,0.6479426996603495,1.0,0.0,1.0,0.0,12,0,12,0,12,8,12,12,0.8097809553146362,0.05,,,,,,,,,,,0.426319076754765,0.426319076754765
618,train-load-0.9-scenario-558-retry-4,0.9,1.0,1.0,1.0,3.348132098730132,-0.32159054580630386,0.32159054580630386,0.5,0.5,0.5,0.5,4,4,8,8,16,8,8,4,0.7152897715568542,0.05,,,,,,,,,,,0.426319076754765,0.426319076754765
619,train-load-0.5-scenario-180,0.5,0.4375,0.175,0.4375,22.27217920295287,1.365752852298128,0.6342471477018721,1.0,0.0,1.0,0.0,14,0,14,0,14,8,14,14,0.70256507396698,0.05,,,,,,,,,,,0.426319076754765,0.426319076754765
620,train-load-0.9-scenario-127,0.9,0.81525175,0.5898213541666667,0.81525175,7.623718427383876,0.6831673389304715,0.6501659944028619,0.8333333333333334,0.16666666666666666,0.7142857142857143,0.2857142857142857,5,1,5,2,7,4,6,5,0.8597140908241272,0.05,,,,,,,,,,,0.426319076754765,0.426319076754765
621,train-load-0.6-scenario-721,0.6,0.54016,0.3539760416666667,0.54016,5.2914902605717264,0.5721424759516007,0.4278575240483994,0.75,0.25,0.6,0.4,3,1,3,2,5,4,4,3,0.6881108283996582,0.05,,,,,,,,,,,0.426319076754765,0.426319076754765
622,train-load-0.5-scenario-657,0.5,0.48444680000000007,0.20369049999999997,0.48444680000000007,8.105971911886332,1.2130043667804242,0.7869956332195758,1.0,0.0,1.0,0.0,4,0,4,0,4,5,4,4,0.5845636129379272,0.05,,,,,,,,,,,0.426319076754765,0.426319076754765
623,train-load-0.5-scenario-589,0.5,0.5242442708333334,0.5242442708333334,0.503612625,14.977435603612376,1.2686656320399115,0.7313343679600887,1.0,0.0,1.0,0.0,9,0,12,0,12,8,9,9,0.43417373299598694,0.05,,,,,,,,,,,0.426319076754765,0.426319076754765
624,train-load-0.5-scenario-639-retry-6,0.5,0.40625,0.08125,0.40625,21.4734837320065,1.46703170239462,0.53296829760538,1.0,0.0,1.0,0.0,13,0,13,0,13,8,13,13,0.7580033540725708,0.05,,,,,,,,,,,0.426319076754765,0.426319076754765
625,train-load-0.7-scenario-638-retry-2,0.7,0.7738095238095238,0.7738095238095238,0.7071428571428572,12.689011622402067,0.9873956992345073,0.2126043007654927,0.8,0.2,0.8,0.2,8,2,8,2,10,7,10,8,0.478014200925827,0.05,,,,,,,,,,,0.426319076754765,0.426319076754765
626,train-load-0.9-scenario-442-retry-2,0.9,0.8,0.5,0.8,12.072464884352463,0.5830325806106336,0.4169674193893663,0.75,0.25,0.75,0.25,9,3,9,3,12,6,12,9,1.2052332162857056,0.05,,,,,,,,,,,0.426319076754765,0.426319076754765
627,train-load-0.7-scenario-377-retry-1,0.7,0.75,0.5625,0.75,23.173062581157044,1.445987839684098,0.28734549364923534,0.9333333333333333,0.06666666666666667,0.9333333333333333,0.06666666666666667,14,1,14,1,15,4,15,14,0.7441171407699585,0.05,,,,,,,,,,,0.426319076754765,0.426319076754765
628,train-load-1.0-scenario-468-retry-3,1.0,1.04318375,0.751754375,1.04318375,9.368195387135918,0.5386623258194241,0.5724487852916871,0.7777777777777778,0.2222222222222222,0.7777777777777778,0.2222222222222222,7,2,7,2,9,4,9,7,0.5223981738090515,0.05,,,,,,,,,,,0.426319076754765,0.426319076754765
629,train-load-0.8-scenario-598-retry-2,0.8,0.9,0.075,0.9,2.7732117019182683,-0.5434476297067596,0.765669851928982,0.5555555555555556,0.4444444444444444,0.5555555555555556,0.4444444444444444,5,4,5,4,9,5,9,5,0.6038943529129028,0.05,,,,,,,,,,,0.426319076754765,0.426319076754765
630,train-load-0.9-scenario-305,0.9,0.9090312500000001,0.4976921875,0.9090312500000001,2.4375424997797257,-0.1649143800277434,0.5649143800277433,0.6,0.4,0.5714285714285714,0.42857142857142855,3,2,4,3,7,4,5,3,0.24488922953605652,0.05,,,,,,,,,,,0.426319076754765,0.426319076754765
631,train-load-1.0-scenario-357-retry-1,1.0,0.8875,0.5125,0.8875,16.928977838195088,0.7594065305634258,0.4405934694365742,0.8,0.2,0.8,0.2,12,3,12,3,15,4,15,12,0.9111138582229614,0.05,,,,,,,,,,,0.426319076754765,0.426319076754765
632,train-load-0.6-scenario-84-retry-1,0.6,0.5,0.125,0.5,29.805893996346697,1.3536801331892783,0.6463198668107217,1.0,0.0,1.0,0.0,20,0,20,0,20,8,20,20,0.7661184668540955,0.05,,,,,,,,,,,0.426319076754765,0.426319076754765
633,train-load-1.0-scenario-42-retry-6,1.0,0.9333333333333333,0.9333333333333333,0.7,10.218883629097837,0.11910407481755947,0.45232449661101204,0.6428571428571429,0.35714285714285715,0.6428571428571429,0.35714285714285715,9,5,9,5,14,5,14,9,0.5386183261871338,0.05,,,,,,,,,,,0.426319076754765,0.426319076754765
634,train-load-0.8-scenario-597-retry-1,0.8,0.9142857142857143,0.9142857142857143,0.5714285714285714,15.870847365650006,0.5469010149307758,0.4530989850692243,0.75,0.25,0.75,0.25,12,4,12,4,16,7,16,12,0.28791889548301697,0.05,,,,,,,,,,,0.426319076754765,0.426319076754765
635,train-load-1.0-scenario-33-retry-1,1.0,1.0,0.28125,1.0,6.7550088102693255,-0.09869803222449947,0.8986980322244994,0.7,0.3,0.6,0.4,7,3,9,6,15,8,10,7,0.802480161190033,0.05,,,,,,,,,,,0.426319076754765,0.426319076754765
636,train-load-0.9-scenario-4-retry-1,0.9,1.0,0.65625,1.0,11.19517694039543,0.6527786085201773,0.5472213914798226,0.8,0.2,0.7333333333333333,0.26666666666666666,8,2,11,4,15,8,10,8,0.9731727838516235,0.05,,,,,,,,,,,0.426319076754765,0.426319076754765
637,train-load-0.8-scenario-655,0.8,0.6892333333333334,0.6892333333333334,0.6111230000000001,8.925153855790134,0.7291888604781512,0.6993825680932773,0.8571428571428571,0.14285714285714285,0.7777777777777778,0.2222222222222222,6,1,7,2,9,5,7,6,0.7962594032287598,0.05,,,,,,,,,,,0.426319076754765,0.426319076754765
638,train-load-0.7-scenario-96,0.7,0.7116816,0.5931479166666667,0.7116816,15.491348191177941,1.4045773985783812,0.5954226014216187,1.0,0.0,1.0,0.0,9,0,9,0,9,5,9,9,0.76883864402771,0.05,,,,,,,,,,,0.426319076754765,0.426319076754765
639,train-load-0.8-scenario-304,0.8,0.875,0.7,0.875,19.63794268353207,0.5613166522396449,0.2958262049032123,0.7142857142857143,0.2857142857142857,0.7142857142857143,0.2857142857142857,15,6,15,6,21,6,21,15,0.6478086709976196,0.05,,,,,,,,,,,0.426319076754765,0.426319076754765
640,train-load-1.0-scenario-558-retry-7,1.0,1.1,0.7333333333333333,1.1,6.368335171190621,0.20637370071452765,0.29362629928547235,0.625,0.375,0.625,0.375,5,3,5,3,8,5,8,5,0.8064562082290649,0.05,,,,,,,,,,,0.426319076754765,0.426319076754765
641,train-load-0.7-scenario-573,0.7,0.6492835714285714,0.6492835714285714,0.5863094285714286,15.727809636870237,0.9416665465326018,0.7250001201340647,0.9166666666666666,0.08333333333333333,0.9166666666666666,0.08333333333333333,11,1,11,1,12,7,12,11,0.5461360216140747,0.05,,,,,,,,,,,0.426319076754765,0.426319076754765
642,train-load-1.0-scenario-557,1.0,1.10414175,0.9199458333333334,1.10414175,4.465566997636396,-0.1288647539688652,0.6288647539688652,0.625,0.375,0.45454545454545453,0.5454545454545454,5,3,5,6,11,4,8,5,0.36707475781440735,0.05,,,,,,,,,,,0.426319076754765,0.426319076754765
643,train-hard-4gpu-4pod-2vgpu,0.25,0.25,0.16666666666666666,0.25,11.7,1.9166666666666665,0.08333333333333337,1.0,0.0,1.0,0.0,4,0,8,0,8,4,4,4,0.41133928298950195,0.05,,,,,,,,,,,0.426319076754765,0.426319076754765
644,train-load-0.5-scenario-184,0.5,0.4784528571428572,0.3394457142857143,0.4784528571428572,11.351164408570671,1.3257396772738888,0.6742603227261112,1.0,0.0,1.0,0.0,6,0,7,0,7,7,6,6,0.9766006469726562,0.05,,,,,,,,,,,0.426319076754765,0.426319076754765
645,train-load-0.9-scenario-237,0.9,0.7862058749999999,0.5633296875,0.7862058749999999,19.170500161351328,1.136552919489755,0.5777327947959594,0.9285714285714286,0.07142857142857142,0.8666666666666667,0.13333333333333333,13,1,13,2,15,8,14,13,0.8327707052230835,0.05,,,,,,,,,,,0.426319076754765,0.426319076754765
646,train-load-0.9-scenario-373,0.9,0.782224625,0.6236153124999999,0.782224625,17.833588499597553,0.8288037427174346,0.6378629239492322,0.8666666666666667,0.13333333333333333,0.8125,0.1875,13,2,13,3,16,8,15,13,0.9542115926742554,0.05,,,,,,,,,,,0.426319076754765,0.426319076754765
647,train-load-0.9-scenario-318,0.9,1.0104166666666667,1.0104166666666667,0.9,13.243576698141712,0.5968876057017043,0.260255251441153,0.7142857142857143,0.2857142857142857,0.7142857142857143,0.2857142857142857,10,4,10,4,14,8,14,10,0.7021878957748413,0.05,,,,,,,,,,,0.426319076754765,0.426319076754765
648,train-load-0.6-scenario-499,0.6,0.6,0.5555555555555556,0.6,16.75168802587771,1.6014100671798828,0.3985899328201172,1.0,0.0,1.0,0.0,9,0,9,0,9,6,9,9,0.95868980884552,0.05,,,,,,,,,,,0.426319076754765,0.426319076754765
649,train-load-0.9-scenario-447-retry-1,0.9,0.8021780000000001,0.6535616666666667,0.8021780000000001,14.209250330728125,1.0750019416065,0.5249980583935002,0.9,0.1,0.8181818181818182,0.18181818181818182,9,1,9,2,11,6,10,9,0.6507143974304199,0.05,,,,,,,,,,,0.426319076754765,0.426319076754765
650,train-load-0.5-scenario-352,0.5,0.4377415625,0.4377415625,0.36395262500000003,15.99254042982165,1.4463903635065338,0.5536096364934663,1.0,0.0,1.0,0.0,9,0,9,0,9,8,9,9,0.4916781187057495,0.05,,,,,,,,,,,0.426319076754765,0.426319076754765
651,train-hard-4gpu-4pod-1vgpu,0.25,0.25,0.16666666666666666,0.25,11.627831216351296,1.9166666666666665,0.08333333333333337,1.0,0.0,1.0,0.0,4,0,4,0,4,4,4,4,0.6898924112319946,0.05,,,,,,,,,,,0.426319076754765,0.426319076754765
652,train-load-0.5-scenario-557-retry-5,0.5,0.45,0.09375,0.45,16.502900368075338,1.5088605868513372,0.49113941314866283,1.0,0.0,1.0,0.0,9,0,9,0,9,4,9,9,0.17174753546714783,0.05,,,,,,,,,,,0.426319076754765,0.426319076754765
653,train-load-0.9-scenario-547-retry-1,0.9,1.0,1.0,0.5,10.98323029269422,0.10636114490252735,0.5603055217641393,0.6666666666666666,0.3333333333333333,0.6666666666666666,0.3333333333333333,10,5,10,5,15,6,15,10,0.3709314465522766,0.05,,,,,,,,,,,0.426319076754765,0.426319076754765
654,train-load-0.7-scenario-132-retry-4,0.7,0.8125,0.5416666666666666,0.8125,16.858663286557288,0.9926179127391257,0.3919974718762589,0.8461538461538461,0.15384615384615385,0.8461538461538461,0.15384615384615385,11,2,11,2,13,4,13,11,0.35768207907676697,0.05,,,,,,,,,,,0.426319076754765,0.426319076754765
655,train-load-0.8-scenario-675,0.8,0.701293,0.3679346875,0.701293,12.711811616909042,0.9785167516032881,0.5770388039522675,0.8888888888888888,0.1111111111111111,0.8333333333333334,0.16666666666666666,8,1,10,2,12,8,9,8,0.39270323514938354,0.05,,,,,,,,,,,0.426319076754765,0.426319076754765
656,train-load-0.6-scenario-444,0.6,0.5218291666666667,0.5218291666666667,0.4862245,15.776660430535575,1.1975958099165216,0.8024041900834784,1.0,0.0,1.0,0.0,10,0,11,0,11,8,10,10,0.5371171236038208,0.05,,,,,,,,,,,0.426319076754765,0.426319076754765
657,train-load-1.0-scenario-636,1.0,0.9776323333333333,0.38556125,0.9776323333333333,4.311901567210946,-0.1922792995503988,0.6922792995503988,0.625,0.375,0.6,0.4,5,3,6,4,10,6,8,5,0.8133202791213989,0.05,,,,,,,,,,,0.426319076754765,0.426319076754765
658,train-load-0.9-scenario-39-retry-1,0.9,0.7881643333333334,0.45781145833333337,0.7881643333333334,12.857601433253043,1.0263406257861614,0.5292149297693942,0.8888888888888888,0.1111111111111111,0.8,0.2,8,1,8,2,10,6,9,8,0.9568519592285156,0.05,,,,,,,,,,,0.426319076754765,0.426319076754765
659,train-load-0.6-scenario-659,0.6,0.5,0.5,0.5,32.83629976608665,1.7642741329861615,0.23572586701383846,1.0,0.0,1.0,0.0,20,0,20,0,20,8,20,20,0.6392743587493896,0.05,,,,,,,,,,,0.426319076754765,0.426319076754765
660,train-load-1.0-scenario-704-retry-2,1.0,1.1166666666666667,0.43333333333333335,1.1166666666666667,6.957937253330865,-0.2032903924211007,0.35713654626725444,0.5384615384615384,0.46153846153846156,0.5384615384615384,0.46153846153846156,7,6,7,6,13,6,13,7,0.6928349733352661,0.05,,,,,,,,,,,0.426319076754765,0.426319076754765
661,train-load-0.7-scenario-13,0.7,0.74656425,0.3476671875,0.74656425,5.737668375558904,0.4742814404954995,0.7257185595045006,0.8,0.2,0.6666666666666666,0.3333333333333333,4,1,4,2,6,4,5,4,0.4026546776294708,0.05,,,,,,,,,,,0.426319076754765,0.426319076754765
662,train-hard-8gpu-16pod-1vgpu,0.5,0.5,0.3333333333333333,0.5,27.38404848864959,1.8333333333333335,0.16666666666666663,1.0,0.0,1.0,0.0,16,0,16,0,16,8,16,16,0.9390487670898438,0.05,,,,,,,,,,,0.426319076754765,0.426319076754765
663,train-load-0.9-scenario-350-retry-1,0.9,0.85,0.7083333333333334,0.85,22.72593562328092,1.171603302554416,0.3578084621514662,0.8823529411764706,0.11764705882352941,0.8823529411764706,0.11764705882352941,15,2,15,2,17,4,17,15,0.6899062395095825,0.05,,,,,,,,,,,0.426319076754765,0.426319076754765
664,train-load-0.7-scenario-564,0.7,0.5989583333333334,0.5989583333333334,0.2,22.944191130433282,1.2325418958293162,0.5174581041706838,0.9375,0.0625,0.9375,0.0625,15,1,15,1,16,8,16,15,1.081040859222412,0.05,,,,,,,,,,,0.426319076754765,0.426319076754765
665,train-load-0.6-scenario-152,0.6,0.5488580000000001,0.3163455729166667,0.5488580000000001,12.715171539425981,1.108860883237716,0.891139116762284,1.0,0.0,1.0,0.0,8,0,8,0,8,8,8,8,0.5201598405838013,0.05,,,,,,,,,,,0.426319076754765,0.426319076754765
666,train-load-0.8-scenario-551,0.8,0.6897827142857142,0.4294826785714286,0.6897827142857142,13.99729778859196,1.0271575171806542,0.5728424828193459,0.9,0.1,0.8181818181818182,0.18181818181818182,9,1,9,2,11,7,10,9,1.3382145166397095,0.05,,,,,,,,,,,0.426319076754765,0.426319076754765
667,train-load-0.7-scenario-562,0.7,0.7714285714285715,0.32142857142857145,0.7714285714285715,9.129208664273394,0.46315730111602793,0.6479538099950832,0.7777777777777778,0.2222222222222222,0.7777777777777778,0.2222222222222222,7,2,7,2,9,7,9,7,0.5347215533256531,0.05,,,,,,,,,,,0.426319076754765,0.426319076754765
668,train-load-1.0-scenario-21-retry-10,1.0,0.9166666666666666,0.9166666666666666,0.4166666666666667,5.6307314628036025,-0.13866149758587565,0.5386614975858756,0.6,0.4,0.6,0.4,6,4,6,4,10,6,10,6,0.6211683750152588,0.05,,,,,,,,,,,0.426319076754765,0.426319076754765
669,train-load-1.0-scenario-744-retry-3,1.0,1.0625,0.5833333333333334,1.0625,6.222085726821298,0.15266879703266123,0.34733120296733877,0.625,0.375,0.625,0.375,5,3,5,3,8,4,8,5,0.2813163101673126,0.05,,,,,,,,,,,0.426319076754765,0.426319076754765
670,train-load-0.5-scenario-742-retry-1,0.5,0.45,0.45,0.3,21.737764865097603,1.682974225262064,0.3170257747379359,1.0,0.0,1.0,0.0,12,0,12,0,12,4,12,12,0.6844738721847534,0.05,,,,,,,,,,,0.426319076754765,0.426319076754765
671,train-load-0.9-scenario-150-retry-2,0.9,1.0,0.2777777777777778,1.0,5.6730078011561575,-0.1132713423210221,0.513271342321022,0.6,0.4,0.6,0.4,6,4,6,4,10,6,10,6,0.9976818561553955,0.05,,,,,,,,,,,0.426319076754765,0.426319076754765
672,train-load-0.8-scenario-467,0.8,0.713368,0.4828194444444444,0.713368,9.330461966318964,0.7835436039510214,0.645027824620407,0.8571428571428571,0.14285714285714285,0.7777777777777778,0.2222222222222222,6,1,7,2,9,6,7,6,0.5422620177268982,0.05,,,,,,,,,,,0.426319076754765,0.426319076754765
673,train-load-0.8-scenario-200,0.8,0.7142857142857143,0.7142857142857143,0.42857142857142855,19.946333443662894,1.1021434212604477,0.36452324540621894,0.8666666666666667,0.13333333333333333,0.8666666666666667,0.13333333333333333,13,2,13,2,15,7,15,13,0.2716456651687622,0.05,,,,,,,,,,,0.426319076754765,0.426319076754765
674,train-load-1.0-scenario-165,1.0,0.92741125,0.92741125,0.730282,9.429803723268043,0.1721086165829252,0.4945580500837414,0.6666666666666666,0.3333333333333333,0.6666666666666666,0.3333333333333333,8,4,8,4,12,5,12,8,0.5674341320991516,0.05,,,,,,,,,,,0.426319076754765,0.426319076754765
675,train-hard-8gpu-16pod-1vgpu,0.5,0.5,0.3333333333333333,0.5,27.38404848864959,1.8333333333333335,0.16666666666666663,1.0,0.0,1.0,0.0,16,0,16,0,16,8,16,16,0.5160900354385376,0.05,,,,,,,,,,,0.426319076754765,0.426319076754765
676,train-load-0.9-scenario-460-retry-4,0.9,1.0,0.4,1.0,4.694392192125898,-0.08087986229267585,0.5808798622926759,0.625,0.375,0.625,0.375,5,3,5,3,8,5,8,5,0.802728533744812,0.05,,,,,,,,,,,0.426319076754765,0.426319076754765
677,train-load-0.8-scenario-522-retry-2,0.8,0.8833333333333333,0.4444444444444444,0.8833333333333333,10.569512707284982,0.574771455171274,0.625228544828726,0.8,0.2,0.8,0.2,8,2,8,2,10,6,10,8,0.5941751003265381,0.05,,,,,,,,,,,0.426319076754765,0.426319076754765
678,train-load-0.8-scenario-430-retry-1,0.8,0.8666666666666667,0.3625,0.8666666666666667,12.364790206083876,0.9302743501772027,0.6252812053783527,0.8888888888888888,0.1111111111111111,0.9090909090909091,0.09090909090909091,8,1,10,1,11,6,9,8,0.5555729866027832,0.05,,,,,,,,,,,0.426319076754765,0.426319076754765
679,train-load-1.0-scenario-70-retry-5,1.0,0.8888888888888888,0.8888888888888888,0.85,11.548798612194128,0.2580410578262531,0.5991017993166041,0.7142857142857143,0.2857142857142857,0.7142857142857143,0.2857142857142857,10,4,10,4,14,6,14,10,0.22667129337787628,0.05,,,,,,,,,,,0.426319076754765,0.426319076754765
680,train-load-0.7-scenario-139-retry-1,0.7,0.5833333333333334,0.3888888888888889,0.5833333333333334,23.928455722785664,1.6245551884551368,0.3754448115448633,1.0,0.0,1.0,0.0,14,0,14,0,14,6,14,14,0.5504316091537476,0.05,,,,,,,,,,,0.426319076754765,0.426319076754765
681,train-load-0.9-scenario-163-retry-3,0.9,0.875,0.875,0.8,7.2938686278009115,0.3312197469975051,0.6687802530024949,0.75,0.25,0.6666666666666666,0.3333333333333333,6,2,6,3,9,4,8,6,0.4798048734664917,0.05,,,,,,,,,,,0.426319076754765,0.426319076754765
682,train-load-1.0-scenario-243,1.0,0.88251875,0.88251875,0.841040625,16.4284757243659,0.5392590847086295,0.5195644447031351,0.7647058823529411,0.23529411764705882,0.7368421052631579,0.2631578947368421,13,4,14,5,19,8,17,13,0.49629878997802734,0.05,,,,,,,,,,,0.426319076754765,0.426319076754765
683,train-load-0.9-scenario-11,0.9,0.8965868333333333,0.6062889583333334,0.8965868333333333,8.832944273408245,0.2896050583676001,0.5103949416323998,0.7,0.3,0.6363636363636364,0.36363636363636365,7,3,7,4,11,6,10,7,0.3235038220882416,0.05,,,,,,,,,,,0.426319076754765,0.426319076754765
684,train-load-0.8-scenario-169-retry-1,0.8,0.8571428571428571,0.8571428571428571,0.5571428571428572,7.977178796018848,0.04506107343922083,0.2882722598941126,0.5833333333333334,0.4166666666666667,0.5833333333333334,0.4166666666666667,7,5,7,5,12,7,12,7,0.5441610813140869,0.05,,,,,,,,,,,0.426319076754765,0.426319076754765
685,train-load-0.8-scenario-264,0.8,0.6973718,0.3994683333333333,0.6973718,8.018937780367906,0.5738828983182216,0.8546885302532069,0.8571428571428571,0.14285714285714285,0.8571428571428571,0.14285714285714285,6,1,6,1,7,5,7,6,0.7355455160140991,0.05,,,,,,,,,,,0.426319076754765,0.426319076754765
686,train-load-0.5-scenario-362,0.5,0.6,0.6,0.2,14.484933768796452,1.3970741927654695,0.6029258072345305,1.0,0.0,1.0,0.0,8,0,8,0,8,8,8,8,0.8756145238876343,0.05,,,,,,,,,,,0.426319076754765,0.426319076754765
687,train-load-0.5-scenario-176-retry-3,0.5,0.42857142857142855,0.17857142857142858,0.42857142857142855,23.91970499063344,1.4419563327748919,0.558043667225108,1.0,0.0,1.0,0.0,15,0,15,0,15,7,15,15,0.9584258794784546,0.05,,,,,,,,,,,0.426319076754765,0.426319076754765
688,train-load-0.7-scenario-189,0.7,0.75,0.025,0.75,9.423886635527314,0.6096142244020575,0.8903857755979425,0.875,0.125,0.875,0.125,7,1,7,1,8,8,8,7,0.7768190503120422,0.05,,,,,,,,,,,0.426319076754765,0.426319076754765
689,train-load-0.5-scenario-391,0.5,0.478635625,0.2696630208333333,0.478635625,12.568703641946597,1.0869034609702761,0.9130965390297238,1.0,0.0,1.0,0.0,8,0,8,0,8,8,8,8,0.7805079221725464,0.05,,,,,,,,,,,0.426319076754765,0.426319076754765
690,train-load-0.7-scenario-231-retry-1,0.7,0.8,0.4166666666666667,0.8,7.375236999366773,0.2169084143515303,0.44975825231513633,0.6666666666666666,0.3333333333333333,0.6666666666666666,0.3333333333333333,6,3,6,3,9,6,9,6,0.4729354679584503,0.05,,,,,,,,,,,0.426319076754765,0.426319076754765
691,train-load-0.7-scenario-226-retry-11,0.7,0.8,0.64,0.8,6.30157187451303,0.19313341632195313,0.3068665836780469,0.625,0.375,0.625,0.375,5,3,5,3,8,5,8,5,0.5847406387329102,0.05,,,,,,,,,,,0.426319076754765,0.426319076754765
692,train-load-0.6-scenario-579-retry-3,0.6,0.5857142857142857,0.5714285714285714,0.5857142857142857,18.634701578795198,1.6561552904672077,0.3438447095327923,1.0,0.0,1.0,0.0,10,0,10,0,10,7,10,10,0.2403479516506195,0.05,,,,,,,,,,,0.426319076754765,0.426319076754765
693,train-load-0.9-scenario-74,0.9,0.8315207142857142,0.6245017857142857,0.8315207142857142,9.051686977464133,-0.03742332315799812,0.8066540923887673,0.6923076923076923,0.3076923076923077,0.6923076923076923,0.3076923076923077,9,4,9,4,13,7,13,9,0.5435726642608643,0.05,,,,,,,,,,,0.426319076754765,0.426319076754765
694,train-load-1.0-scenario-492-retry-5,1.0,1.0833333333333333,0.375,1.0833333333333333,10.461198223264494,0.5354400980085213,0.6645599019914787,0.8,0.2,0.7333333333333333,0.26666666666666666,8,2,11,4,15,6,10,8,0.6562445163726807,0.05,,,,,,,,,,,0.426319076754765,0.426319076754765
695,train-load-1.0-scenario-183-retry-7,1.0,1.0625,1.0625,0.425,5.9251652873573635,-0.6018881031357664,0.48424104431223686,0.47058823529411764,0.5294117647058824,0.47058823529411764,0.5294117647058824,8,9,8,9,17,8,17,8,0.31546497344970703,0.05,,,,,,,,,,,0.426319076754765,0.426319076754765
696,train-load-1.0-scenario-262-retry-2,1.0,0.9125211666666666,0.6770279166666667,0.9125211666666666,6.4025688126751525,-0.1671960134770898,0.7126505589316352,0.6363636363636364,0.36363636363636365,0.5384615384615384,0.46153846153846156,7,4,7,6,13,6,11,7,0.6245822310447693,0.05,,,,,,,,,,,0.426319076754765,0.426319076754765
697,train-load-0.5-scenario-472,0.5,0.471676,0.3375790625,0.471676,13.719387904716818,1.2786871853431134,0.7213128146568865,1.0,0.0,1.0,0.0,8,0,9,0,9,8,8,8,0.7086219787597656,0.05,,,,,,,,,,,0.426319076754765,0.426319076754765
698,train-load-0.5-scenario-43,0.5,0.46875,0.15625,0.46875,23.367434072789642,1.3248768147911556,0.6751231852088444,1.0,0.0,1.0,0.0,15,0,15,0,15,8,15,15,0.8702484369277954,0.05,,,,,,,,,,,0.426319076754765,0.426319076754765
699,train-load-0.9-scenario-37,0.9,0.99375,0.3645833333333333,0.99375,10.210076163059476,0.40709675067381523,0.5019941584170939,0.7272727272727273,0.2727272727272727,0.7272727272727273,0.2727272727272727,8,3,8,3,11,8,11,8,0.8907890319824219,0.05,,,,,,,,,,,0.426319076754765,0.426319076754765
700,train-load-0.7-scenario-348,0.7,0.617630875,0.48344453125,0.617630875,15.337339843655798,0.8763465124067223,0.7903201542599443,0.9166666666666666,0.08333333333333333,0.9166666666666666,0.08333333333333333,11,1,11,1,12,8,12,11,0.5670230388641357,0.05,0.3706363058063401,0.5072254425208514,0.719465437081798,0.2805345629182021,0.708684723022535,0.291315276977465,0.3706363058063401,0.5398998452090608,0.2667664607951643,0.7016262404731813,0.426319076754765,0.426319076754765
701,train-load-0.9-scenario-695-retry-3,0.9,1.0,1.0,0.3,5.821428561663767,-0.3352141790977582,0.6685475124310916,0.5833333333333334,0.4166666666666667,0.5833333333333334,0.4166666666666667,7,5,7,5,12,8,12,7,0.7145748138427734,0.05,,,,,,,,,,,0.426319076754765,0.426319076754765
702,train-load-0.5-scenario-131,0.5,0.5625,0.4895833333333333,0.5625,21.900506813613433,1.7742011201736902,0.22579887982630967,1.0,0.0,1.0,0.0,12,0,12,0,12,4,12,12,0.5232386589050293,0.05,,,,,,,,,,,0.426319076754765,0.426319076754765
703,train-load-0.8-scenario-130,0.8,0.71512875,0.71512875,0.6926281666666667,13.544388349694616,0.9703131179444024,0.6296868820555976,0.9,0.1,0.8181818181818182,0.18181818181818182,9,1,9,2,11,6,10,9,0.6916229128837585,0.05,,,,,,,,,,,0.426319076754765,0.426319076754765
704,train-load-0.6-scenario-397-retry-3,0.6,0.6428571428571429,0.10714285714285714,0.6428571428571429,9.054373718542154,0.4352985794266132,0.675812531684498,0.7777777777777778,0.2222222222222222,0.7777777777777778,0.2222222222222222,7,2,7,2,9,7,9,7,0.5221431255340576,0.05,,,,,,,,,,,0.426319076754765,0.426319076754765
705,train-load-0.9-scenario-504,0.9,0.8134125,0.8134125,0.7510618333333333,13.084152671970482,0.7413015003649134,0.5314257723623594,0.8181818181818182,0.18181818181818182,0.6923076923076923,0.3076923076923077,9,2,9,4,13,6,11,9,0.6909921169281006,0.05,,,,,,,,,,,0.426319076754765,0.426319076754765
706,train-load-0.6-scenario-465-retry-2,0.6,0.625,0.625,0.125,10.861374540517025,0.53586427907887,0.66413572092113,0.8,0.2,0.8,0.2,8,2,8,2,10,8,10,8,0.24730968475341797,0.05,,,,,,,,,,,0.426319076754765,0.426319076754765
707,train-load-0.5-scenario-22-retry-3,0.5,0.5,0.16666666666666666,0.5,20.408827141188947,1.4772861878029284,0.5227138121970716,1.0,0.0,1.0,0.0,12,0,12,0,12,6,12,12,0.42497503757476807,0.05,,,,,,,,,,,0.426319076754765,0.426319076754765
708,train-load-0.6-scenario-25,0.6,0.5298247142857143,0.22678690476190477,0.5298247142857143,7.29976112191779,0.7961673563434669,0.4038326436565331,0.8,0.2,0.7142857142857143,0.2857142857142857,4,1,5,2,7,7,5,4,0.7825478315353394,0.05,,,,,,,,,,,0.426319076754765,0.426319076754765
709,train-load-0.8-scenario-540,0.8,0.77823725,0.40948229166666666,0.77823725,4.678418659206558,0.4773130811509907,0.5226869188490093,0.75,0.25,0.8,0.2,3,1,4,1,5,4,4,3,0.4867083430290222,0.05,,,,,,,,,,,0.426319076754765,0.426319076754765
710,train-load-0.8-scenario-142-retry-2,0.8,0.9,0.25,0.9,8.365484843480585,0.031495769887441516,0.6351708967792251,0.6666666666666666,0.3333333333333333,0.6666666666666666,0.3333333333333333,8,4,8,4,12,8,12,8,0.845757007598877,0.05,,,,,,,,,,,0.426319076754765,0.426319076754765
711,train-load-0.9-scenario-249-retry-1,0.9,0.8,0.8,0.5,20.152726335241546,1.2468469947693355,0.46743871951637883,0.9285714285714286,0.07142857142857142,0.9285714285714286,0.07142857142857142,13,1,13,1,14,7,14,13,0.615666925907135,0.05,,,,,,,,,,,0.426319076754765,0.426319076754765
712,train-load-0.9-scenario-671-retry-3,0.9,1.02,0.66,1.02,6.534711817965201,0.07310814437173829,0.5935585222949283,0.6666666666666666,0.3333333333333333,0.6666666666666666,0.3333333333333333,6,3,6,3,9,5,9,6,0.531676173210144,0.05,,,,,,,,,,,0.426319076754765,0.426319076754765
713,train-hard-4gpu-12pod-small,0.375,0.375,0.25,0.375,22.441746824526945,1.875,0.125,1.0,0.0,1.0,0.0,12,0,12,0,12,4,12,12,0.642716646194458,0.05,,,,,,,,,,,0.426319076754765,0.426319076754765
714,train-load-0.8-scenario-227-retry-6,0.8,0.7714285714285715,0.4142857142857143,0.7714285714285715,8.501594591355401,0.16806837913055883,0.37738616632398664,0.6363636363636364,0.36363636363636365,0.6363636363636364,0.36363636363636365,7,4,7,4,11,7,11,7,0.5129920244216919,0.05,,,,,,,,,,,0.426319076754765,0.426319076754765
715,train-load-0.8-scenario-480,0.8,0.7962605,0.42220593749999996,0.7962605,8.799587417494362,0.8828909168886685,0.4504424164446649,0.8333333333333334,0.16666666666666666,0.8333333333333334,0.16666666666666666,5,1,5,1,6,4,6,5,0.3581186532974243,0.05,,,,,,,,,,,0.426319076754765,0.426319076754765
716,train-load-0.8-scenario-45-retry-2,0.8,0.6875,0.057291666666666664,0.6875,9.948014226986508,0.3362477967713903,0.5728431123195189,0.7272727272727273,0.2727272727272727,0.7272727272727273,0.2727272727272727,8,3,8,3,11,8,11,8,0.4266829490661621,0.05,,,,,,,,,,,0.426319076754765,0.426319076754765
717,train-load-0.9-scenario-79,0.9,0.9283995,0.54401875,0.9283995,3.8265950971207725,0.05163803553150248,0.34836196446849743,0.6,0.4,0.5714285714285714,0.42857142857142855,3,2,4,3,7,4,5,3,0.4247426986694336,0.05,,,,,,,,,,,0.426319076754765,0.426319076754765
718,train-load-0.5-scenario-202,0.5,0.46441857142857146,0.3540692857142857,0.46441857142857146,13.284651780256524,1.1867970802536703,0.8132029197463297,1.0,0.0,1.0,0.0,8,0,8,0,8,7,8,8,0.41088324785232544,0.05,,,,,,,,,,,0.426319076754765,0.426319076754765
719,train-load-0.7-scenario-32,0.7,0.6493635000000001,0.2590075,0.6493635000000001,4.6579331190199635,0.4444042780721431,0.5555957219278569,0.75,0.25,0.6,0.4,3,1,3,2,5,4,4,3,0.6309658885002136,0.05,,,,,,,,,,,0.426319076754765,0.426319076754765
720,train-load-0.9-scenario-591-retry-2,0.9,1.0166666666666666,0.9333333333333333,1.0166666666666666,6.148221859431952,-0.06905539308206177,0.25087357490024353,0.5454545454545454,0.45454545454545453,0.5454545454545454,0.45454545454545453,6,5,6,5,11,6,11,6,0.5178862810134888,0.05,,,,,,,,,,,0.426319076754765,0.426319076754765
721,train-load-0.8-scenario-377-retry-4,0.8,0.9,0.9,0.85,12.151097218052115,0.8418253454820247,0.3581746545179754,0.8,0.2,0.8,0.2,8,2,8,2,10,5,10,8,0.6771824955940247,0.05,,,,,,,,,,,0.426319076754765,0.426319076754765
722,train-load-0.6-scenario-199,0.6,0.5121544,0.3856191666666667,0.5121544,7.627623836465261,0.6655404674475007,0.6677928658858326,0.8333333333333334,0.16666666666666666,0.8333333333333334,0.16666666666666666,5,1,5,1,6,5,6,5,0.594874382019043,0.05,,,,,,,,,,,0.426319076754765,0.426319076754765
723,train-load-1.0-scenario-99-retry-1,1.0,0.9339352,0.6118933333333333,0.9339352,9.275685100177503,0.47426187739607395,0.6368492337150372,0.7777777777777778,0.2222222222222222,0.7,0.3,7,2,7,3,10,5,9,7,0.5283217430114746,0.05,,,,,,,,,,,0.426319076754765,0.426319076754765
724,train-load-0.5-scenario-143-retry-5,0.5,0.525,0.4375,0.525,13.75366412526241,1.1643105836356091,0.3912449719199461,0.8888888888888888,0.1111111111111111,0.8888888888888888,0.1111111111111111,8,1,8,1,9,8,9,8,1.0009881258010864,0.05,,,,,,,,,,,0.426319076754765,0.426319076754765
725,train-load-0.5-scenario-104,0.5,0.48332371428571425,0.24992428571428568,0.48332371428571425,6.75694605548932,0.6678793291230077,0.5321206708769923,0.8,0.2,0.8333333333333334,0.16666666666666666,4,1,5,1,6,7,5,4,0.36484450101852417,0.05,,,,,,,,,,,0.426319076754765,0.426319076754765
726,train-load-0.9-scenario-534-retry-1,0.9,0.8125,0.15625,0.8125,15.724117953086159,0.3812207049323276,0.677602824479437,0.7647058823529411,0.23529411764705882,0.7647058823529411,0.23529411764705882,13,4,13,4,17,8,17,13,0.6178731322288513,0.05,,,,,,,,,,,0.426319076754765,0.426319076754765
727,train-load-0.9-scenario-81-retry-2,0.9,1.0,0.16666666666666666,1.0,2.1122721640716504,-0.5812606834988782,0.5812606834988782,0.5,0.5,0.5,0.5,4,4,4,4,8,4,8,4,0.4143865704536438,0.05,,,,,,,,,,,0.426319076754765,0.426319076754765
728,train-load-0.7-scenario-741,0.7,0.624185625,0.60727515625,0.624185625,16.2232918430306,1.018436947363713,0.6482297193029536,0.9166666666666666,0.08333333333333333,0.9230769230769231,0.07692307692307693,11,1,12,1,13,8,12,11,0.6793802976608276,0.05,,,,,,,,,,,0.426319076754765,0.426319076754765
729,train-load-0.9-scenario-680,0.9,0.8687325,0.6829359375,0.8687325,11.940001967825213,1.241510261600229,0.1870611669711998,0.8571428571428571,0.14285714285714285,0.875,0.125,6,1,7,1,8,4,7,6,0.7997154593467712,0.05,,,,,,,,,,,0.426319076754765,0.426319076754765
730,train-load-1.0-scenario-100-retry-6,1.0,1.0166666666666666,1.0166666666666666,0.6333333333333333,22.628700308409023,0.9407975852709273,0.42762346736065165,0.8421052631578947,0.15789473684210525,0.76,0.24,16,3,19,6,25,6,19,16,0.4509016275405884,0.05,,,,,,,,,,,0.426319076754765,0.426319076754765
731,train-load-0.7-scenario-574,0.7,0.6857142857142857,0.6857142857142857,0.5714285714285714,26.546422212467387,1.6320943448205854,0.36790565517941465,1.0,0.0,1.0,0.0,16,0,16,0,16,7,16,16,0.46072185039520264,0.05,,,,,,,,,,,0.426319076754765,0.426319076754765
732,train-load-0.7-scenario-213,0.7,0.6249092857142856,0.41971374999999994,0.6249092857142856,12.77093740535033,0.9853496505703164,0.570205904985239,0.8888888888888888,0.1111111111111111,0.8,0.2,8,1,8,2,10,7,9,8,0.5647490620613098,0.05,,,,,,,,,,,0.426319076754765,0.426319076754765
733,train-load-1.0-scenario-713-retry-1,1.0,1.1,0.31666666666666665,1.1,4.154701692128871,-0.30602166441344303,0.5282438866356653,0.5555555555555556,0.4444444444444444,0.5555555555555556,0.4444444444444444,5,4,5,4,9,5,9,5,0.5378228425979614,0.05,,,,,,,,,,,0.426319076754765,0.426319076754765
734,train-load-0.8-scenario-635,0.8,0.68,0.5333333333333333,0.68,18.665125679808643,1.450284853023637,0.5497151469763631,1.0,0.0,1.0,0.0,11,0,11,0,11,5,11,11,0.5199747681617737,0.05,,,,,,,,,,,0.426319076754765,0.426319076754765
735,train-load-0.5-scenario-266-retry-1,0.5,0.425,0.4,0.425,7.672950207742245,0.37561409143173763,0.6243859085682624,0.75,0.25,0.75,0.25,6,2,6,2,8,8,8,6,0.6625946760177612,0.05,,,,,,,,,,,0.426319076754765,0.426319076754765
736,train-load-0.9-scenario-514,0.9,0.7857142857142857,0.7857142857142857,0.15714285714285714,7.064818649009338,-0.04336656217869217,0.5888211076332376,0.6363636363636364,0.36363636363636365,0.6363636363636364,0.36363636363636365,7,4,7,4,11,7,11,7,0.8099285364151001,0.05,,,,,,,,,,,0.426319076754765,0.426319076754765
737,train-load-0.5-scenario-693,0.5,0.5893932500000001,0.343153125,0.5893932500000001,9.41572364905339,1.4513029660431784,0.5486970339568215,1.0,0.0,1.0,0.0,4,0,5,0,5,4,4,4,0.5628738403320312,0.05,,,,,,,,,,,0.426319076754765,0.426319076754765
738,train-load-0.9-scenario-452,0.9,0.8464028125,0.8464028125,0.75065325,7.692208127690184,0.4398443300277568,0.5601556699722432,0.75,0.25,0.6666666666666666,0.3333333333333333,6,2,6,3,9,4,8,6,0.34050819277763367,0.05,,,,,,,,,,,0.426319076754765,0.426319076754765
739,train-load-0.9-scenario-23,0.9,0.829962375,0.4835084375,0.829962375,16.187299380996272,0.9561494115462218,0.710517255120445,0.9166666666666666,0.08333333333333333,0.8461538461538461,0.15384615384615385,11,1,11,2,13,8,12,11,0.7158597111701965,0.05,,,,,,,,,,,0.426319076754765,0.426319076754765
740,train-load-0.8-scenario-441,0.8,0.6817221428571429,0.6817221428571429,0.6276041428571428,8.896084368819892,0.3233378551731415,0.4766621448268584,0.7,0.3,0.6923076923076923,0.3076923076923077,7,3,9,4,13,7,10,7,0.5505696535110474,0.05,,,,,,,,,,,0.426319076754765,0.426319076754765
741,train-load-0.5-scenario-364,0.5,0.5714285714285714,0.5714285714285714,0.2857142857142857,17.133356493443813,1.3870298623612713,0.6129701376387288,1.0,0.0,1.0,0.0,10,0,10,0,10,7,10,10,0.5147839784622192,0.05,,,,,,,,,,,0.426319076754765,0.426319076754765
742,train-load-0.9-scenario-258-retry-1,0.9,0.7926638333333333,0.72383625,0.7926638333333333,15.333994025513329,0.8218791095075828,0.5627362751078018,0.8461538461538461,0.15384615384615385,0.8461538461538461,0.15384615384615385,11,2,11,2,13,6,13,11,0.5781314373016357,0.05,,,,,,,,,,,0.426319076754765,0.426319076754765
743,train-load-0.7-scenario-93-retry-5,0.7,0.7857142857142857,0.7857142857142857,0.6285714285714286,8.717559490390812,0.2592693757265845,0.2861851697279609,0.6363636363636364,0.36363636363636365,0.6363636363636364,0.36363636363636365,7,4,7,4,11,7,11,7,0.5256822109222412,0.05,,,,,,,,,,,0.426319076754765,0.426319076754765
744,train-hard-4gpu-4pod-1vgpu,0.25,0.25,0.16666666666666666,0.25,11.627831216351296,1.9166666666666665,0.08333333333333337,1.0,0.0,1.0,0.0,4,0,4,0,4,4,4,4,0.7403478622436523,0.05,,,,,,,,,,,0.426319076754765,0.426319076754765
745,train-load-0.6-scenario-680,0.6,0.4857142857142857,0.45714285714285713,0.4857142857142857,11.543471910851274,0.9434484613457323,0.5565515386542678,0.875,0.125,0.875,0.125,7,1,7,1,8,7,8,7,0.6245986223220825,0.05,,,,,,,,,,,0.426319076754765,0.426319076754765
746,train-load-0.9-scenario-236,0.9,0.8080048750000001,0.4204234375,0.8080048750000001,13.818917904256558,0.8297002149603971,0.806663421403239,0.9090909090909091,0.09090909090909091,0.8333333333333334,0.16666666666666666,10,1,10,2,12,8,11,10,0.11204126477241516,0.05,,,,,,,,,,,0.426319076754765,0.426319076754765
747,train-load-1.0-scenario-370-retry-6,1.0,1.075,0.8229166666666666,1.075,9.662562812760893,-0.24206585671123826,0.34732901460597515,0.5263157894736842,0.47368421052631576,0.5263157894736842,0.47368421052631576,10,9,10,9,19,8,19,10,0.2800571322441101,0.05,,,,,,,,,,,0.426319076754765,0.426319076754765
748,train-load-1.0-scenario-708-retry-1,1.0,1.0416666666666667,1.0416666666666667,0.65,7.262880645625934,0.01463564645306048,0.5308188990014849,0.6363636363636364,0.36363636363636365,0.6363636363636364,0.36363636363636365,7,4,7,4,11,6,11,7,0.8184512257575989,0.05,,,,,,,,,,,0.426319076754765,0.426319076754765
749,train-load-1.0-scenario-202-retry-5,1.0,1.1,0.9333333333333333,1.1,5.570068154120483,-0.2072686368043214,0.6072686368043213,0.6,0.4,0.6,0.4,6,4,6,4,10,5,10,6,0.8010753989219666,0.05,,,,,,,,,,,0.426319076754765,0.426319076754765
750,train-load-0.6-scenario-601,0.6,0.6069159999999999,0.27050124999999997,0.6069159999999999,12.020328106477116,1.407584879455426,0.592415120544574,1.0,0.0,1.0,0.0,6,0,6,0,6,5,6,6,1.1017780303955078,0.05,,,,,,,,,,,0.426319076754765,0.426319076754765
751,train-load-0.9-scenario-66,0.9,0.8666666666666667,0.7222222222222222,0.8666666666666667,8.081610471580317,0.003823766296172315,0.6628429003704943,0.6666666666666666,0.3333333333333333,0.6666666666666666,0.3333333333333333,8,4,8,4,12,6,12,8,0.5582176446914673,0.05,,,,,,,,,,,0.426319076754765,0.426319076754765
752,train-load-0.6-scenario-498,0.6,0.5101222857142858,0.2269327380952381,0.5101222857142858,11.129722419224795,1.2656715841746038,0.7343284158253962,1.0,0.0,1.0,0.0,6,0,6,0,6,7,6,6,0.4783315360546112,0.05,,,,,,,,,,,0.426319076754765,0.426319076754765
753,train-load-0.8-scenario-673-retry-1,0.8,0.7291666666666666,0.7291666666666666,0.475,25.479941022493204,1.2255745335256878,0.353372834895365,0.8947368421052632,0.10526315789473684,0.8947368421052632,0.10526315789473684,17,2,17,2,19,8,19,17,1.0029664039611816,0.05,,,,,,,,,,,0.426319076754765,0.426319076754765
754,train-load-0.8-scenario-96,0.8,0.7234139999999999,0.5128334375,0.7234139999999999,3.9235555630544137,0.019951937931569352,0.6467147287350973,0.6666666666666666,0.3333333333333333,0.6666666666666666,0.3333333333333333,4,2,4,2,6,4,6,4,1.076886534690857,0.05,,,,,,,,,,,0.426319076754765,0.426319076754765
755,train-load-0.5-scenario-92-retry-1,0.5,0.5357142857142857,0.5357142857142857,0.44285714285714284,14.783208515843658,1.4924023140124916,0.5075976859875084,1.0,0.0,1.0,0.0,8,0,11,0,11,7,8,8,0.6100261211395264,0.05,,,,,,,,,,,0.426319076754765,0.426319076754765
756,train-load-1.0-scenario-71,1.0,0.9213144285714284,0.39687857142857147,0.9213144285714284,10.367852380892364,0.2539431107903909,0.7460568892096091,0.75,0.25,0.75,0.25,9,3,9,3,12,7,12,9,0.7134056091308594,0.05,,,,,,,,,,,0.426319076754765,0.426319076754765
757,train-load-0.7-scenario-115,0.7,0.8175609999999999,0.30272499999999997,0.8175609999999999,4.05367723205859,0.34250395573061987,0.6574960442693801,0.75,0.25,0.6666666666666666,0.3333333333333333,3,1,4,2,6,4,4,3,0.49162325263023376,0.05,,,,,,,,,,,0.426319076754765,0.426319076754765
758,train-load-0.6-scenario-589-retry-3,0.6,0.675,0.675,0.45,13.487401163662975,1.1159757506235444,0.4395798049320109,0.8888888888888888,0.1111111111111111,0.8888888888888888,0.1111111111111111,8,1,8,1,9,4,9,8,0.8146229982376099,0.05,,,,,,,,,,,0.426319076754765,0.426319076754765
759,train-load-0.6-scenario-683,0.6,0.6916085,0.3597659375,0.6916085,5.195865663937611,0.37764380233520256,0.8223561976647975,0.8,0.2,0.8,0.2,4,1,4,1,5,4,5,4,1.251667857170105,0.05,,,,,,,,,,,0.426319076754765,0.426319076754765
760,train-load-1.0-scenario-159,1.0,0.9202881666666667,0.7755486111111112,0.9202881666666667,13.60112051277316,0.6295687075163391,0.44735436940673784,0.7692307692307693,0.23076923076923078,0.7142857142857143,0.2857142857142857,10,3,10,4,14,6,13,10,0.5197200775146484,0.05,,,,,,,,,,,0.426319076754765,0.426319076754765
761,train-load-0.5-scenario-212,0.5,0.6,0.6,0.51,12.219824830987765,1.0793121375782975,0.4206878624217026,0.875,0.125,0.875,0.125,7,1,7,1,8,5,8,7,0.4383275806903839,0.05,,,,,,,,,,,0.426319076754765,0.426319076754765
762,train-hard-4gpu-4pod-2vgpu,0.25,0.25,0.16666666666666666,0.25,11.7,1.9166666666666665,0.08333333333333337,1.0,0.0,1.0,0.0,4,0,8,0,8,4,4,4,0.3653268814086914,0.05,,,,,,,,,,,0.426319076754765,0.426319076754765
763,train-load-0.8-scenario-23-retry-1,0.8,0.9142857142857143,0.10119047619047619,0.9142857142857143,14.92624407467149,0.3009391468878808,0.7578843825238838,0.7647058823529411,0.23529411764705882,0.7647058823529411,0.23529411764705882,13,4,13,4,17,7,17,13,0.36708134412765503,0.05,,,,,,,,,,,0.426319076754765,0.426319076754765
764,train-load-0.7-scenario-591,0.7,0.7161142,0.6402265,0.7161142,8.411269040265438,0.5304521403750884,0.46954785962491175,0.75,0.25,0.6666666666666666,0.3333333333333333,6,2,6,3,9,5,8,6,0.7865405082702637,0.05,,,,,,,,,,,0.426319076754765,0.426319076754765
765,train-load-0.8-scenario-135,0.8,0.7027925,0.5710402777777778,0.7027925,13.03829490320372,0.934297141173497,0.6657028588265032,0.9,0.1,0.9,0.1,9,1,9,1,10,6,10,9,0.959617018699646,0.05,,,,,,,,,,,0.426319076754765,0.426319076754765
766,train-load-0.5-scenario-321,0.5,0.4767421666666667,0.4452291666666667,0.4767421666666667,10.306487491748376,0.7414346404393977,0.7585653595606023,0.875,0.125,0.875,0.125,7,1,7,1,8,6,8,7,0.8857184052467346,0.05,,,,,,,,,,,0.426319076754765,0.426319076754765
767,train-load-0.9-scenario-291,0.9,0.925,0.55,0.925,15.58154790729162,0.09963514860308909,0.7003648513969108,0.7,0.3,0.7,0.3,14,6,14,6,20,8,20,14,1.027329683303833,0.05,,,,,,,,,,,0.426319076754765,0.426319076754765
768,train-load-0.7-scenario-97,0.7,0.6187343999999999,0.5782741666666666,0.6187343999999999,13.893771772468845,1.538934917993253,0.461065082006747,1.0,0.0,1.0,0.0,7,0,8,0,8,5,7,7,0.6969318985939026,0.05,,,,,,,,,,,0.426319076754765,0.426319076754765
769,train-load-0.6-scenario-371,0.6,0.7142857142857143,0.6666666666666666,0.7142857142857143,10.044911877433442,0.6378662381296569,0.47324487298145423,0.7777777777777778,0.2222222222222222,0.7777777777777778,0.2222222222222222,7,2,7,2,9,7,9,7,0.3936772346496582,0.05,,,,,,,,,,,0.426319076754765,0.426319076754765
770,train-load-0.5-scenario-108,0.5,0.44285714285714284,0.44285714285714284,0.32142857142857145,16.701011221161586,1.5647988720708652,0.4352011279291348,1.0,0.0,1.0,0.0,9,0,9,0,9,7,9,9,0.9825559854507446,0.05,,,,,,,,,,,0.426319076754765,0.426319076754765
771,train-load-0.7-scenario-604-retry-3,0.7,0.6785714285714286,0.42857142857142855,0.6785714285714286,14.544143797149893,1.0830806428132276,0.5169193571867724,0.9,0.1,0.9,0.1,9,1,9,1,10,7,10,9,0.537665843963623,0.05,,,,,,,,,,,0.426319076754765,0.426319076754765
772,train-load-0.9-scenario-346-retry-1,0.9,0.7896403750000001,0.7855196875,0.7896403750000001,20.817185976661463,1.135131310975132,0.3648686890248681,0.875,0.125,0.8333333333333334,0.16666666666666666,14,2,15,3,18,8,16,14,0.692229151725769,0.05,,,,,,,,,,,0.426319076754765,0.426319076754765
773,train-load-0.6-scenario-492,0.6,0.5581681666666666,0.43629125,0.5581681666666666,10.802402950448926,0.8736140231696052,0.6263859768303949,0.875,0.125,0.875,0.125,7,1,7,1,8,6,8,7,0.49360907077789307,0.05,,,,,,,,,,,0.426319076754765,0.426319076754765
774,train-load-0.9-scenario-690,0.9,0.8212354166666667,0.8212354166666667,0.541598,7.27959949404619,0.17352733451158042,0.4931393321550862,0.6666666666666666,0.3333333333333333,0.5833333333333334,0.4166666666666667,6,3,7,5,12,6,9,6,1.163844347000122,0.05,,,,,,,,,,,0.426319076754765,0.426319076754765
775,train-load-0.7-scenario-690-retry-1,0.7,0.5833333333333334,0.5555555555555556,0.5833333333333334,14.530289778594966,1.0855082647375374,0.5144917352624628,0.9,0.1,0.9,0.1,9,1,9,1,10,6,10,9,0.7475808262825012,0.05,,,,,,,,,,,0.426319076754765,0.426319076754765
776,train-load-0.8-scenario-447-retry-1,0.8,0.875,0.875,0.5125,5.337514140432349,-0.15889550357554205,0.8255621702422087,0.6666666666666666,0.3333333333333333,0.6666666666666666,0.3333333333333333,6,3,6,3,9,4,9,6,0.9170820713043213,0.05,,,,,,,,,,,0.426319076754765,0.426319076754765
777,train-load-0.6-scenario-536,0.6,0.5604607500000001,0.26251796875,0.5604607500000001,10.829232499016502,0.6418199983581585,0.913735557197397,0.8888888888888888,0.1111111111111111,0.8888888888888888,0.1111111111111111,8,1,8,1,9,8,9,8,0.9526293277740479,0.05,,,,,,,,,,,0.426319076754765,0.426319076754765
778,train-load-0.6-scenario-387-retry-2,0.6,0.55,0.4125,0.55,19.464750900934437,1.571293765771656,0.4287062342283441,1.0,0.0,1.0,0.0,11,0,11,0,11,8,11,11,0.6596341133117676,0.05,,,,,,,,,,,0.426319076754765,0.426319076754765
779,train-load-1.0-scenario-241-retry-10,1.0,1.0,0.5125,1.0,19.111155679895596,0.5370051173275094,0.46299488267249056,0.75,0.25,0.75,0.25,15,5,15,5,20,8,20,15,0.3716988265514374,0.05,,,,,,,,,,,0.426319076754765,0.426319076754765
780,train-hard-4gpu-12pod-small,0.375,0.375,0.25,0.375,22.441746824526945,1.875,0.125,1.0,0.0,1.0,0.0,12,0,12,0,12,4,12,12,0.8211587071418762,0.05,,,,,,,,,,,0.426319076754765,0.426319076754765
781,train-load-0.6-scenario-715-retry-2,0.6,0.7142857142857143,0.2,0.7142857142857143,18.28934838874658,1.1285349014180062,0.5637727908896861,0.9230769230769231,0.07692307692307693,0.9230769230769231,0.07692307692307693,12,1,12,1,13,7,13,12,0.5269783139228821,0.05,,,,,,,,,,,0.426319076754765,0.426319076754765
782,train-load-0.6-scenario-3,0.6,0.56118875,0.238265,0.56118875,2.759866557066722,0.18902003050816107,0.47764663615850556,0.6666666666666666,0.3333333333333333,0.5,0.5,2,1,2,2,4,4,3,2,0.7396905422210693,0.05,,,,,,,,,,,0.426319076754765,0.426319076754765
783,train-load-0.6-scenario-55-retry-2,0.6,0.52,0.235,0.52,15.06415275162318,1.2900706232368664,0.7099293767631336,1.0,0.0,1.0,0.0,9,0,9,0,9,5,9,9,0.8176762461662292,0.05,,,,,,,,,,,0.426319076754765,0.426319076754765
784,train-load-0.5-scenario-402,0.5,0.4,0.3,0.4,20.849475158431133,1.5639031754825656,0.43609682451743437,1.0,0.0,1.0,0.0,12,0,12,0,12,6,12,12,0.7067337036132812,0.05,,,,,,,,,,,0.426319076754765,0.426319076754765
785,train-load-1.0-scenario-556-retry-2,1.0,0.9166666666666666,0.9166666666666666,0.7333333333333333,6.085884222629919,-0.12358090378328046,0.30539908560146223,0.5454545454545454,0.45454545454545453,0.5454545454545454,0.45454545454545453,6,5,6,5,11,6,11,6,1.1058268547058105,0.05,,,,,,,,,,,0.426319076754765,0.426319076754765
786,train-hard-8gpu-16pod-1vgpu,0.5,0.5,0.3333333333333333,0.5,27.38404848864959,1.8333333333333335,0.16666666666666663,1.0,0.0,1.0,0.0,16,0,16,0,16,8,16,16,0.5163723826408386,0.05,,,,,,,,,,,0.426319076754765,0.426319076754765
787,train-load-0.6-scenario-107-retry-1,0.6,0.5226575,0.5226575,0.46902879999999997,12.304331614264257,1.5000272538349313,0.4999727461650687,1.0,0.0,1.0,0.0,6,0,7,0,7,5,6,6,0.7767175436019897,0.05,,,,,,,,,,,0.426319076754765,0.426319076754765
788,train-load-1.0-scenario-632,1.0,0.91636,0.6349511904761905,0.91636,15.439193236333207,0.8205888702568738,0.5640265143585108,0.8461538461538461,0.15384615384615385,0.8,0.2,11,2,12,3,15,7,13,11,0.8308220505714417,0.05,,,,,,,,,,,0.426319076754765,0.426319076754765
789,train-load-1.0-scenario-27-retry-1,1.0,1.0833333333333333,1.0833333333333333,1.05,10.732291407810624,0.42422111971208143,0.24244554695458512,0.6666666666666666,0.3333333333333333,0.6666666666666666,0.3333333333333333,8,4,8,4,12,4,12,8,0.9523870944976807,0.05,,,,,,,,,,,0.426319076754765,0.426319076754765
790,train-load-1.0-scenario-621-retry-5,1.0,1.1071428571428572,0.23214285714285715,1.1071428571428572,1.848224338518478,-0.7532195175482699,0.7532195175482699,0.5,0.5,0.5333333333333333,0.4666666666666667,5,5,8,7,15,7,10,5,0.7751392722129822,0.05,,,,,,,,,,,0.426319076754765,0.426319076754765
791,train-load-0.5-scenario-445,0.5,0.48428985714285716,0.2907889285714286,0.48428985714285716,13.182146497209096,1.4078771442331472,0.5921228557668528,1.0,0.0,1.0,0.0,7,0,7,0,7,7,7,7,0.815095067024231,0.05,,,,,,,,,,,0.426319076754765,0.426319076754765
792,train-load-1.0-scenario-76-retry-1,1.0,0.9333333333333333,0.7777777777777778,0.9333333333333333,8.28608091779285,-0.12255712283374909,0.40827140854803484,0.5714285714285714,0.42857142857142855,0.5714285714285714,0.42857142857142855,8,6,8,6,14,6,14,8,1.2262332439422607,0.05,,,,,,,,,,,0.426319076754765,0.426319076754765
793,train-hard-8gpu-16pod-1vgpu,0.5,0.5,0.3333333333333333,0.5,27.38404848864959,1.8333333333333335,0.16666666666666663,1.0,0.0,1.0,0.0,16,0,16,0,16,8,16,16,0.7514714002609253,0.05,,,,,,,,,,,0.426319076754765,0.426319076754765
794,train-load-0.5-scenario-606-retry-1,0.5,0.4,0.32,0.4,14.662527417111685,1.4032250946299085,0.5967749053700915,1.0,0.0,1.0,0.0,8,0,8,0,8,5,8,8,0.47626930475234985,0.05,,,,,,,,,,,0.426319076754765,0.426319076754765
795,train-load-0.8-scenario-710,0.8,0.8916666666666667,0.4722222222222222,0.8916666666666667,5.933017708321204,-0.031028280223930005,0.6976949468905966,0.6666666666666666,0.3333333333333333,0.6666666666666666,0.3333333333333333,6,3,6,3,9,6,9,6,0.6962777376174927,0.05,,,,,,,,,,,0.426319076754765,0.426319076754765
796,train-load-0.8-scenario-97-retry-3,0.8,0.73125,0.54375,0.73125,22.283648921244698,1.3961772270954835,0.33715610623784975,0.9333333333333333,0.06666666666666667,0.9333333333333333,0.06666666666666667,14,1,14,1,15,8,15,14,0.910003662109375,0.05,,,,,,,,,,,0.426319076754765,0.426319076754765
797,train-load-0.8-scenario-356,0.8,0.8285714285714286,0.8285714285714286,0.8285714285714286,10.139597495595066,0.1035681610293605,0.2964318389706394,0.6,0.4,0.6,0.4,9,6,9,6,15,7,15,9,0.6511648893356323,0.05,,,,,,,,,,,0.426319076754765,0.426319076754765
798,train-load-0.9-scenario-366-retry-1,0.9,1.0,1.0,0.8333333333333334,6.679920084162536,0.04994311048217348,0.3500568895178264,0.6,0.4,0.6,0.4,6,4,6,4,10,6,10,6,1.0190191268920898,0.05,,,,,,,,,,,0.426319076754765,0.426319076754765
799,train-load-0.6-scenario-685,0.6,0.5714285714285714,0.5595238095238095,0.5714285714285714,16.55697245339379,1.3696425346004748,0.6303574653995253,1.0,0.0,1.0,0.0,10,0,10,0,10,7,10,10,0.5385290384292603,0.05,,,,,,,,,,,0.426319076754765,0.426319076754765
800,train-load-0.5-scenario-97,0.5,0.444653125,0.34375093749999996,0.444653125,9.635632600404413,0.8373733617516387,0.5911980668197899,0.8571428571428571,0.14285714285714285,0.875,0.125,6,1,7,1,8,8,7,6,0.6421223878860474,0.05,0.367821181039518,0.5131711327104821,0.7202480784375,0.2797519215625,0.708258924882006,0.2917410751179939,0.367821181039518,0.58908785399799,0.2683303167598166,0.7000421939165095,0.426319076754765,0.426319076754765
801,train-load-1.0-scenario-616-retry-8,1.0,1.0875,0.6625,1.0875,8.34474125225861,0.5372143650729155,0.4627856349270846,0.75,0.25,0.75,0.25,6,2,6,2,8,4,8,6,0.7199451923370361,0.05,,,,,,,,,,,0.426319076754765,0.426319076754765
802,train-load-0.5-scenario-86,0.5,0.519193,0.2588121875,0.519193,10.731442475449356,1.2001142826408668,0.7998857173591332,1.0,0.0,1.0,0.0,6,0,8,0,8,8,6,6,0.16571016609668732,0.05,,,,,,,,,,,0.426319076754765,0.426319076754765
803,train-load-1.0-scenario-698-retry-5,1.0,1.1,0.45,1.1,8.997752164811779,0.14376410564549025,0.5229025610211764,0.6666666666666666,0.3333333333333333,0.6666666666666666,0.3333333333333333,8,4,8,4,12,4,12,8,0.7971773743629456,0.05,,,,,,,,,,,0.426319076754765,0.426319076754765
804,train-load-1.0-scenario-310,1.0,0.9052653333333335,0.7567753472222223,0.9052653333333335,8.969403179067777,0.1412615298840837,0.5254051367825829,0.6666666666666666,0.3333333333333333,0.6153846153846154,0.38461538461538464,8,4,8,5,13,6,12,8,0.7198818325996399,0.05,,,,,,,,,,,0.426319076754765,0.426319076754765
805,train-load-1.0-scenario-420-retry-1,1.0,0.9494589999999999,0.3776246875,0.9494589999999999,5.6144127642807655,0.18528176741004976,0.6718610897328074,0.7142857142857143,0.2857142857142857,0.7142857142857143,0.2857142857142857,5,2,5,2,7,4,7,5,0.32229340076446533,0.05,,,,,,,,,,,0.426319076754765,0.426319076754765
806,train-hard-4gpu-4pod-1vgpu,0.25,0.25,0.16666666666666666,0.25,11.627831216351296,1.9166666666666665,0.08333333333333337,1.0,0.0,1.0,0.0,4,0,4,0,4,4,4,4,0.8531416654586792,0.05,,,,,,,,,,,0.426319076754765,0.426319076754765
807,train-load-0.7-scenario-470-retry-1,0.7,0.6150806249999999,0.6150806249999999,0.5276265,11.375394157741738,1.2842296618637474,0.7157703381362526,1.0,0.0,1.0,0.0,6,0,7,0,7,4,6,6,1.050292730331421,0.05,,,,,,,,,,,0.426319076754765,0.426319076754765
808,train-load-0.9-scenario-102-retry-2,0.9,0.8285714285714286,0.35714285714285715,0.8285714285714286,20.968087573935208,0.9765809902961662,0.5528307744097161,0.8823529411764706,0.11764705882352941,0.8823529411764706,0.11764705882352941,15,2,15,2,17,7,17,15,0.47653400897979736,0.05,,,,,,,,,,,0.426319076754765,0.426319076754765
809,train-load-0.8-scenario-384,0.8,0.6926672857142857,0.4549307142857143,0.6926672857142857,16.437139253255268,1.3427388134249083,0.6572611865750917,1.0,0.0,1.0,0.0,10,0,10,0,10,7,10,10,0.8886376619338989,0.05,,,,,,,,,,,0.426319076754765,0.426319076754765
810,train-load-0.5-scenario-44,0.5,0.58047,0.2926328125,0.58047,3.3743814607070233,0.1991733068283581,0.8008266931716419,0.75,0.25,0.75,0.25,3,1,3,1,4,4,4,3,0.4714817404747009,0.05,,,,,,,,,,,0.426319076754765,0.426319076754765
811,train-load-0.8-scenario-70-retry-5,0.8,0.76,0.19,0.76,28.166407169157644,1.2647733239822754,0.7352266760177246,1.0,0.0,1.0,0.0,19,0,19,0,19,5,19,19,0.5789675712585449,0.05,,,,,,,,,,,0.426319076754765,0.426319076754765
812,train-load-0.6-scenario-315,0.6,0.554471130952381,0.554471130952381,0.4424922857142857,13.597896645777041,1.274611371898808,0.7253886281011921,1.0,0.0,1.0,0.0,8,0,9,0,9,7,8,8,0.7693744897842407,0.05,,,,,,,,,,,0.426319076754765,0.426319076754765
813,train-load-1.0-scenario-447-retry-4,1.0,1.1142857142857143,1.1142857142857143,0.9714285714285714,13.063877650983684,0.5799075895543601,0.4970154873687168,0.7692307692307693,0.23076923076923078,0.6470588235294118,0.35294117647058826,10,3,11,6,17,7,13,10,0.5462938547134399,0.05,,,,,,,,,,,0.426319076754765,0.426319076754765
814,train-load-0.7-scenario-79,0.7,0.627264375,0.48091046875,0.627264375,15.17843198146518,0.9964414642825548,0.6399221720810815,0.9090909090909091,0.09090909090909091,0.9166666666666666,0.08333333333333333,10,1,11,1,12,8,11,10,0.6077595353126526,0.05,,,,,,,,,,,0.426319076754765,0.426319076754765
815,train-load-0.5-scenario-61,0.5,0.4509381666666667,0.4355895833333333,0.4509381666666667,7.70333638827774,0.6502817663437814,0.683051566989552,0.8333333333333334,0.16666666666666666,0.7142857142857143,0.2857142857142857,5,1,5,2,7,6,6,5,0.6985921859741211,0.05,,,,,,,,,,,0.426319076754765,0.426319076754765
816,train-load-1.0-scenario-256-retry-2,1.0,1.1111111111111112,1.1111111111111112,0.3333333333333333,4.746767707398828,-0.29387480542429234,0.6938748054242923,0.6,0.4,0.6,0.4,6,4,6,4,10,6,10,6,0.8367711305618286,0.05,,,,,,,,,,,0.426319076754765,0.426319076754765
817,train-load-0.7-scenario-603,0.7,0.665458,0.3062654166666666,0.665458,6.279090427511395,0.5855157407205349,0.6144842592794652,0.8,0.2,0.8333333333333334,0.16666666666666666,4,1,5,1,6,5,5,4,0.5315367579460144,0.05,,,,,,,,,,,0.426319076754765,0.426319076754765
818,train-load-0.5-scenario-243-retry-2,0.5,0.4,0.3,0.4,26.888215636822494,1.6829370639830015,0.31706293601699864,1.0,0.0,1.0,0.0,16,0,16,0,16,8,16,16,1.159824013710022,0.05,,,,,,,,,,,0.426319076754765,0.426319076754765
819,train-hard-4gpu-12pod-small,0.375,0.375,0.25,0.375,22.395778062990146,1.875,0.125,1.0,0.0,1.0,0.0,12,0,12,0,12,4,12,12,0.4257432222366333,0.05,,,,,,,,,,,0.426319076754765,0.426319076754765
820,train-load-0.8-scenario-11,0.8,0.6937190000000001,0.34016874999999996,0.6937190000000001,3.8630294366330173,0.2669922983697649,0.7330077016302351,0.75,0.25,0.8,0.2,3,1,4,1,5,4,4,3,0.616392195224762,0.05,,,,,,,,,,,0.426319076754765,0.426319076754765
821,train-load-0.9-scenario-84-retry-1,0.9,1.0,0.2642857142857143,1.0,5.480546755024912,-0.13293611613917933,0.799602782805846,0.6666666666666666,0.3333333333333333,0.5384615384615384,0.46153846153846156,6,3,7,6,13,7,9,6,0.5551912784576416,0.05,,,,,,,,,,,0.426319076754765,0.426319076754765
822,train-load-0.8-scenario-265,0.8,0.7873075,0.603281875,0.7873075,13.13738727309137,0.8992730647616769,0.7007269352383232,0.9,0.1,0.8181818181818182,0.18181818181818182,9,1,9,2,11,6,10,9,0.6727293729782104,0.05,,,,,,,,,,,0.426319076754765,0.426319076754765
823,train-load-1.0-scenario-207-retry-1,1.0,0.9124694,0.6162765,0.9124694,9.689264374365415,0.5994463742672729,0.5116647368438384,0.7777777777777778,0.2222222222222222,0.7,0.3,7,2,7,3,10,5,9,7,0.6439806222915649,0.05,,,,,,,,,,,0.426319076754765,0.426319076754765
824,train-load-0.8-scenario-174,0.8,0.747148,0.4771465,0.747148,7.910679420196434,0.7258712386483714,0.607462094684962,0.8333333333333334,0.16666666666666666,0.8571428571428571,0.14285714285714285,5,1,6,1,7,5,6,5,0.7451310753822327,0.05,,,,,,,,,,,0.426319076754765,0.426319076754765
825,train-load-0.8-scenario-282,0.8,0.84,0.72,0.84,8.183677306250587,0.44350439640786,0.55649560359214,0.75,0.25,0.6,0.4,6,2,6,4,10,5,8,6,0.8858785629272461,0.05,,,,,,,,,,,0.426319076754765,0.426319076754765
826,train-load-1.0-scenario-670-retry-1,1.0,0.8890131250000001,0.5697083333333334,0.8890131250000001,14.957182068778051,0.5058785308880039,0.6941214691119961,0.8,0.2,0.8,0.2,12,3,12,3,15,8,15,12,0.5343101024627686,0.05,,,,,,,,,,,0.426319076754765,0.426319076754765
827,train-load-0.7-scenario-278-retry-1,0.7,0.8,0.5,0.8,14.674148537556102,1.1275957364324654,0.4724042635675348,0.9,0.1,0.9,0.1,9,1,9,1,10,5,10,9,0.4824160039424896,0.05,,,,,,,,,,,0.426319076754765,0.426319076754765
828,train-load-0.8-scenario-141,0.8,0.9,0.125,0.9,5.589694233339488,-0.10589945728427608,0.7725661239509427,0.6666666666666666,0.3333333333333333,0.6666666666666666,0.3333333333333333,6,3,6,3,9,6,9,6,0.6690576672554016,0.05,,,,,,,,,,,0.426319076754765,0.426319076754765
829,train-load-1.0-scenario-149,1.0,0.914625875,0.74345640625,0.914625875,15.996299615436001,0.46947008305268934,0.5893534463590753,0.7647058823529411,0.23529411764705882,0.6842105263157895,0.3157894736842105,13,4,13,6,19,8,17,13,0.7614628076553345,0.05,,,,,,,,,,,0.426319076754765,0.426319076754765
830,train-load-0.8-scenario-326,0.8,0.704580875,0.6658165625000001,0.704580875,19.298160048735205,1.1255758504928148,0.5887098637928997,0.9285714285714286,0.07142857142857142,0.8666666666666667,0.13333333333333333,13,1,13,2,15,8,14,13,0.6158004999160767,0.05,,,,,,,,,,,0.426319076754765,0.426319076754765
831,train-load-0.8-scenario-658-retry-1,0.8,0.8857142857142857,0.6142857142857143,0.8857142857142857,12.974482071316187,0.8013807143811765,0.4713465583460963,0.8181818181818182,0.18181818181818182,0.75,0.25,9,2,12,4,16,7,11,9,0.7128693461418152,0.05,,,,,,,,,,,0.426319076754765,0.426319076754765
832,train-load-0.5-scenario-651-retry-4,0.5,0.45,0.16666666666666666,0.45,14.500740035504318,1.400358148444234,0.599641851555766,1.0,0.0,1.0,0.0,8,0,8,0,8,4,8,8,0.8957377672195435,0.05,,,,,,,,,,,0.426319076754765,0.426319076754765
833,train-load-0.8-scenario-625,0.8,0.78296,0.5458791666666667,0.78296,8.72904474247564,0.11934257451950625,0.7897483345714029,0.7272727272727273,0.2727272727272727,0.75,0.25,8,3,9,3,12,7,11,8,1.0169576406478882,0.05,,,,,,,,,,,0.426319076754765,0.426319076754765
834,train-load-0.5-scenario-554,0.5,0.42857142857142855,0.21428571428571427,0.42857142857142855,24.447359056487507,1.5049622324363354,0.4950377675636646,1.0,0.0,1.0,0.0,15,0,15,0,15,7,15,15,0.7543175220489502,0.05,,,,,,,,,,,0.426319076754765,0.426319076754765
835,train-load-0.5-scenario-238,0.5,0.42,0.42,0.28,24.092869872714182,1.6263757766671498,0.37362422333285017,1.0,0.0,1.0,0.0,14,0,14,0,14,5,14,14,0.774011492729187,0.05,,,,,,,,,,,0.426319076754765,0.426319076754765
836,train-hard-4gpu-12pod-small,0.375,0.375,0.25,0.375,22.441746824526945,1.875,0.125,1.0,0.0,1.0,0.0,12,0,12,0,12,4,12,12,0.46871912479400635,0.05,,,,,,,,,,,0.426319076754765,0.426319076754765
837,train-load-0.5-scenario-419,0.5,0.47365199999999996,0.42420875,0.47365199999999996,10.745112202613992,1.418106347026357,0.5818936529736429,1.0,0.0,1.0,0.0,5,0,7,0,7,6,5,5,0.48447245359420776,0.05,,,,,,,,,,,0.426319076754765,0.426319076754765
838,train-load-1.0-scenario-179-retry-15,1.0,1.1,0.43333333333333335,1.1,8.626235256828759,-0.2512668000902105,1.1084096572330677,0.7142857142857143,0.2857142857142857,0.7142857142857143,0.2857142857142857,10,4,10,4,14,6,14,10,0.8059075474739075,0.05,,,,,,,,,,,0.426319076754765,0.426319076754765
839,train-load-0.6-scenario-418,0.6,0.5167841666666666,0.4790006944444445,0.5167841666666666,14.105868763875792,1.3406415097588906,0.6593584902411094,1.0,0.0,1.0,0.0,8,0,8,0,8,6,8,8,0.8072949647903442,0.05,,,,,,,,,,,0.426319076754765,0.426319076754765
840,train-load-0.5-scenario-251-retry-2,0.5,0.5,0.5,0.5,25.799782705321544,1.735364086406832,0.26463591359316807,1.0,0.0,1.0,0.0,15,0,15,0,15,6,15,15,0.7164357900619507,0.05,,,,,,,,,,,0.426319076754765,0.426319076754765
841,train-load-0.6-scenario-277,0.6,0.6111111111111112,0.6111111111111112,0.5666666666666667,12.506482083310136,1.1456049474499217,0.3543950525500782,0.875,0.125,0.7777777777777778,0.2222222222222222,7,1,7,2,9,6,8,7,0.9545912146568298,0.05,,,,,,,,,,,0.426319076754765,0.426319076754765
842,train-load-0.6-scenario-736,0.6,0.553068,0.2536475,0.553068,8.729488679935905,1.2982095433427525,0.7017904566572476,1.0,0.0,1.0,0.0,4,0,5,0,5,5,4,4,0.6392483115196228,0.05,,,,,,,,,,,0.426319076754765,0.426319076754765
843,train-load-0.9-scenario-256,0.9,0.912078875,0.4720598958333333,0.912078875,17.79571227577143,1.1153951065804781,0.5769125857272142,0.9230769230769231,0.07692307692307693,0.8571428571428571,0.14285714285714285,12,1,12,2,14,8,13,12,0.5801628828048706,0.05,,,,,,,,,,,0.426319076754765,0.426319076754765
844,train-load-0.6-scenario-200-retry-5,0.6,0.6666666666666666,0.6666666666666666,0.26666666666666666,8.12919740346496,0.44741263514456264,0.5525873648554374,0.75,0.25,0.75,0.25,6,2,6,2,8,6,8,6,0.7787790298461914,0.05,,,,,,,,,,,0.426319076754765,0.426319076754765
845,train-load-0.7-scenario-102,0.7,0.8,0.5166666666666667,0.8,11.514770288980968,0.9996851574315131,0.5003148425684869,0.875,0.125,0.8,0.2,7,1,8,2,10,5,8,7,0.892040491104126,0.05,,,,,,,,,,,0.426319076754765,0.426319076754765
846,train-load-0.8-scenario-53-retry-5,0.8,0.6875,0.11458333333333333,0.6875,17.040712214410814,1.1725882026703662,0.8274117973296338,1.0,0.0,1.0,0.0,11,0,11,0,11,4,11,11,0.6665155291557312,0.05,,,,,,,,,,,0.426319076754765,0.426319076754765
847,train-load-0.8-scenario-392,0.8,0.7,0.7,0.4375,13.524593350000147,0.677058906335289,0.6562744269980446,0.8333333333333334,0.16666666666666666,0.8571428571428571,0.14285714285714285,10,2,12,2,14,8,12,10,0.7434597611427307,0.05,,,,,,,,,,,0.426319076754765,0.426319076754765
848,train-load-0.7-scenario-1,0.7,0.7796215,0.5940046875,0.7796215,6.128852662490615,0.281290452281696,0.5758524048611612,0.7142857142857143,0.2857142857142857,0.7142857142857143,0.2857142857142857,5,2,5,2,7,4,7,5,0.4525933563709259,0.05,,,,,,,,,,,0.426319076754765,0.426319076754765
849,train-load-0.6-scenario-437,0.6,0.5621744,0.3545785,0.5621744,12.442028725342926,1.5091817571797916,0.4908182428202085,1.0,0.0,1.0,0.0,6,0,6,0,6,5,6,6,0.6108596324920654,0.05,,,,,,,,,,,0.426319076754765,0.426319076754765
850,train-load-0.6-scenario-109-retry-4,0.6,0.6714285714285714,0.6714285714285714,0.36428571428571427,24.045727805763736,1.4737869499371596,0.5262130500628405,1.0,0.0,1.0,0.0,15,0,15,0,15,7,15,15,0.2478978931903839,0.05,,,,,,,,,,,0.426319076754765,0.426319076754765
851,train-load-0.7-scenario-100,0.7,0.597954,0.5778465625,0.597954,6.383464365450408,0.47798449569513096,0.8553488376382025,0.8333333333333334,0.16666666666666666,0.7142857142857143,0.2857142857142857,5,1,5,2,7,4,6,5,0.5105829238891602,0.05,,,,,,,,,,,0.426319076754765,0.426319076754765
852,train-load-1.0-scenario-175-retry-2,1.0,1.08,1.08,1.08,4.905518056518894,-0.17551092797127232,0.3977331501934946,0.5555555555555556,0.4444444444444444,0.4166666666666667,0.5833333333333334,5,4,5,7,12,5,9,5,0.7825008034706116,0.05,,,,,,,,,,,0.426319076754765,0.426319076754765
853,train-load-0.9-scenario-20,0.9,0.8319698,0.541607,0.8319698,7.049797246594368,0.3065485879538776,0.6934514120461224,0.75,0.25,0.7777777777777778,0.2222222222222222,6,2,7,2,9,5,8,6,0.8951863050460815,0.05,,,,,,,,,,,0.426319076754765,0.426319076754765
854,train-load-0.6-scenario-7,0.6,0.6105840625,0.6105840625,0.443069,10.736694335036713,1.4032448394671653,0.5967551605328347,1.0,0.0,1.0,0.0,5,0,6,0,6,4,5,5,0.4336159825325012,0.05,,,,,,,,,,,0.426319076754765,0.426319076754765
855,train-load-1.0-scenario-290,1.0,0.884559,0.6157390625,0.884559,5.7483776484146105,0.2402933787166981,0.6168494784261591,0.7142857142857143,0.2857142857142857,0.625,0.375,5,2,5,3,8,4,7,5,0.4227086305618286,0.05,,,,,,,,,,,0.426319076754765,0.426319076754765
856,train-load-0.9-scenario-567-retry-1,0.9,1.0,1.0,0.5,2.392354399979771,-0.4949890768356211,0.49498907683562116,0.5,0.5,0.5,0.5,4,4,8,8,16,8,8,4,0.8380929231643677,0.05,,,,,,,,,,,0.426319076754765,0.426319076754765
857,train-load-0.8-scenario-153,0.8,0.9,0.5625,0.9,6.913666935522433,0.11964566289873346,0.5470210037679332,0.6666666666666666,0.3333333333333333,0.6666666666666666,0.3333333333333333,6,3,6,3,9,4,9,6,0.7188080549240112,0.05,,,,,,,,,,,0.426319076754765,0.426319076754765
858,train-load-0.7-scenario-12,0.7,0.6015752,0.5944404999999999,0.6015752,12.853797742281479,1.3983768378583854,0.6016231621416146,1.0,0.0,1.0,0.0,7,0,8,0,8,5,7,7,0.23855841159820557,0.05,,,,,,,,,,,0.426319076754765,0.426319076754765
859,train-load-0.9-scenario-301-retry-5,0.9,1.0,1.0,0.9333333333333333,7.799801690005577,0.16946689379216695,0.630533106207833,0.7,0.3,0.5714285714285714,0.42857142857142855,7,3,8,6,14,6,10,7,0.7572767734527588,0.05,,,,,,,,,,,0.426319076754765,0.426319076754765
860,train-load-0.6-scenario-586,0.6,0.5,0.25,0.5,32.327793353616336,1.6870160866658443,0.31298391333415565,1.0,0.0,1.0,0.0,20,0,20,0,20,6,20,20,0.8589109182357788,0.05,,,,,,,,,,,0.426319076754765,0.426319076754765
861,train-load-0.5-scenario-8-retry-1,0.5,0.575,0.4583333333333333,0.575,11.62688268432791,1.0080147643055226,0.4919852356944774,0.875,0.125,0.7777777777777778,0.2222222222222222,7,1,7,2,9,8,8,7,0.43171682953834534,0.05,,,,,,,,,,,0.426319076754765,0.426319076754765
862,train-load-0.8-scenario-251,0.8,0.7751941666666666,0.5299944444444444,0.7751941666666666,10.715043224189214,0.5248472844531463,0.6751527155468537,0.8,0.2,0.8,0.2,8,2,8,2,10,6,10,8,0.637245774269104,0.05,,,,,,,,,,,0.426319076754765,0.426319076754765
863,train-load-0.6-scenario-610-retry-3,0.6,0.5,0.5,0.5,26.508238387719473,1.8109444247615853,0.18905557523841465,1.0,0.0,1.0,0.0,15,0,15,0,15,6,15,15,0.678773045539856,0.05,,,,,,,,,,,0.426319076754765,0.426319076754765
864,train-load-0.8-scenario-89-retry-1,0.8,0.6857142857142857,0.2857142857142857,0.6857142857142857,16.696046542342,1.0359689363062732,0.6306977303603933,0.9166666666666666,0.08333333333333333,0.9166666666666666,0.08333333333333333,11,1,11,1,12,7,12,11,0.22974742949008942,0.05,,,,,,,,,,,0.426319076754765,0.426319076754765
865,train-load-1.0-scenario-194,1.0,1.05,0.6,1.05,8.247116801330433,0.48244397391941274,0.5175560260805873,0.75,0.25,0.6666666666666666,0.3333333333333333,6,2,8,4,12,4,8,6,0.3828156292438507,0.05,,,,,,,,,,,0.426319076754765,0.426319076754765
866,train-load-0.8-scenario-708,0.8,0.75,0.375,0.75,21.40514606322265,1.194768684264024,0.5385646490693093,0.9333333333333333,0.06666666666666667,0.9333333333333333,0.06666666666666667,14,1,14,1,15,4,15,14,0.8040585517883301,0.05,,,,,,,,,,,0.426319076754765,0.426319076754765
867,train-load-1.0-scenario-496,1.0,1.01056075,0.678005,1.01056075,9.438624922149074,0.57141089734486,0.5397002137662512,0.7777777777777778,0.2222222222222222,0.7777777777777778,0.2222222222222222,7,2,7,2,9,4,9,7,0.5653462409973145,0.05,,,,,,,,,,,0.426319076754765,0.426319076754765
868,train-load-1.0-scenario-393,1.0,0.8948748333333333,0.8704902777777778,0.8948748333333333,16.87330349187758,0.8582924239714659,0.3417075760285341,0.8,0.2,0.8,0.2,12,3,12,3,15,6,15,12,0.6381802558898926,0.05,,,,,,,,,,,0.426319076754765,0.426319076754765
869,train-load-0.6-scenario-533,0.6,0.5,0.3,0.5,26.155487578643534,1.5892896387713589,0.4107103612286412,1.0,0.0,1.0,0.0,16,0,16,0,16,8,16,16,0.4261343777179718,0.05,,,,,,,,,,,0.426319076754765,0.426319076754765
870,train-load-0.7-scenario-575,0.7,0.69379075,0.5644322916666666,0.69379075,5.7696631401812954,0.18495472265395563,0.6721881344889016,0.7142857142857143,0.2857142857142857,0.7142857142857143,0.2857142857142857,5,2,5,2,7,4,7,5,0.6430861949920654,0.05,,,,,,,,,,,0.426319076754765,0.426319076754765
871,train-load-1.0-scenario-296-retry-1,1.0,0.9305093750000001,0.9305093750000001,0.8989597500000001,3.33246049632508,-0.3063616948280683,0.8063616948280683,0.625,0.375,0.5,0.5,5,3,5,5,10,4,8,5,1.0900839567184448,0.05,,,,,,,,,,,0.426319076754765,0.426319076754765
872,train-load-0.8-scenario-166,0.8,0.9166666666666666,0.9166666666666666,0.55,7.343770696403475,0.00892227442420146,0.536532271030344,0.6363636363636364,0.36363636363636365,0.6363636363636364,0.36363636363636365,7,4,7,4,11,8,11,7,1.033891201019287,0.05,,,,,,,,,,,0.426319076754765,0.426319076754765
873,train-load-0.6-scenario-155,0.6,0.5178200000000001,0.31527333333333335,0.5178200000000001,10.09046302545324,1.104085851058989,0.895914148941011,1.0,0.0,1.0,0.0,6,0,6,0,6,6,6,6,0.6729540228843689,0.05,,,,,,,,,,,0.426319076754765,0.426319076754765
874,train-load-0.8-scenario-188-retry-1,0.8,0.6833333333333333,0.6833333333333333,0.65,18.77287771517081,1.5145134403872005,0.48548655961279963,1.0,0.0,1.0,0.0,11,0,18,0,18,6,11,11,0.7595844268798828,0.05,,,,,,,,,,,0.426319076754765,0.426319076754765
875,train-load-0.6-scenario-481,0.6,0.4895833333333333,0.4895833333333333,0.45,15.43744630182244,1.385997969353438,0.6140020306465618,1.0,0.0,1.0,0.0,9,0,9,0,9,8,9,9,0.5723580718040466,0.05,,,,,,,,,,,0.426319076754765,0.426319076754765
876,train-load-0.5-scenario-228-retry-2,0.5,0.5571428571428572,0.35714285714285715,0.5571428571428572,12.444931191790166,1.076921310409829,0.923078689590171,1.0,0.0,1.0,0.0,8,0,8,0,8,7,8,8,0.8812854886054993,0.05,,,,,,,,,,,0.426319076754765,0.426319076754765
877,train-load-0.6-scenario-150,0.6,0.5765805,0.3247925,0.5765805,9.403354513565727,1.1995424364464904,0.8004575635535096,1.0,0.0,1.0,0.0,5,0,7,0,7,6,5,5,1.0771950483322144,0.05,,,,,,,,,,,0.426319076754765,0.426319076754765
878,train-load-1.0-scenario-585-retry-4,1.0,1.0,0.6666666666666666,1.0,18.893929182251227,0.2588609269142006,0.40780573975246603,0.6666666666666666,0.3333333333333333,0.6666666666666666,0.3333333333333333,16,8,16,8,24,6,24,16,0.4894647002220154,0.05,,,,,,,,,,,0.426319076754765,0.426319076754765
879,train-load-0.5-scenario-689-retry-4,0.5,0.5952380952380952,0.5952380952380952,0.4,12.974499801592469,0.8199788184908929,0.7800211815091072,0.9,0.1,0.9,0.1,9,1,9,1,10,7,10,9,0.33015888929367065,0.05,,,,,,,,,,,0.426319076754765,0.426319076754765
880,train-load-0.5-scenario-514,0.5,0.6,0.08333333333333333,0.6,13.773118681501982,1.2943704930730022,0.7056295069269978,1.0,0.0,1.0,0.0,8,0,8,0,8,8,8,8,0.13725236058235168,0.05,,,,,,,,,,,0.426319076754765,0.426319076754765
881,train-load-0.8-scenario-499,0.8,0.8695512857142856,0.6126916666666666,0.8695512857142856,12.300544119038438,0.6426471488746345,0.6300801238526383,0.8181818181818182,0.18181818181818182,0.75,0.25,9,2,9,3,12,7,11,9,0.8477956056594849,0.05,,,,,,,,,,,0.426319076754765,0.426319076754765
882,train-load-0.6-scenario-585,0.6,0.4857142857142857,0.10119047619047619,0.4857142857142857,25.468484081573532,1.245224603903892,0.7547753960961081,1.0,0.0,1.0,0.0,17,0,17,0,17,7,17,17,0.9354732632637024,0.05,,,,,,,,,,,0.426319076754765,0.426319076754765
883,train-load-0.5-scenario-585,0.5,0.46875133333333335,0.4016341666666667,0.46875133333333335,10.870948190653259,1.2360184887490027,0.7639815112509973,1.0,0.0,1.0,0.0,6,0,7,0,7,6,6,6,0.4824419915676117,0.05,,,,,,,,,,,0.426319076754765,0.426319076754765
884,train-load-1.0-scenario-569,1.0,0.9049917857142857,0.9049917857142857,0.8142097142857143,8.788956502807583,-0.08665702373610673,0.6580855951646782,0.6428571428571429,0.35714285714285715,0.625,0.375,9,5,10,6,16,7,14,9,0.4897615611553192,0.05,,,,,,,,,,,0.426319076754765,0.426319076754765
885,train-load-0.7-scenario-380-retry-1,0.7,0.7916666666666666,0.5,0.7916666666666666,9.057118840969299,0.35960895822962624,0.4403910417703737,0.7,0.3,0.7,0.3,7,3,7,3,10,6,10,7,0.614530086517334,0.05,,,,,,,,,,,0.426319076754765,0.426319076754765
886,train-load-0.7-scenario-659-retry-2,0.7,0.7785714285714286,0.6285714285714286,0.7785714285714286,14.387251948127602,1.0938189557156248,0.5061810442843752,0.9,0.1,0.8571428571428571,0.14285714285714285,9,1,12,2,14,7,10,9,1.7197363376617432,0.05,,,,,,,,,,,0.426319076754765,0.426319076754765
887,train-load-0.6-scenario-594,0.6,0.538271,0.29285989583333333,0.538271,4.786698216074097,0.4916366885838962,0.5083633114161038,0.75,0.25,0.75,0.25,3,1,3,1,4,4,4,3,0.6842615604400635,0.05,,,,,,,,,,,0.426319076754765,0.426319076754765
888,train-load-0.7-scenario-53,0.7,0.6534645714285715,0.45354285714285714,0.6534645714285715,13.183697306813459,0.8599358015285345,0.7400641984714655,0.9,0.1,0.9,0.1,9,1,9,1,10,7,10,9,0.6630525588989258,0.05,,,,,,,,,,,0.426319076754765,0.426319076754765
889,train-load-1.0-scenario-347-retry-7,1.0,1.1,1.1,0.8,1.9454843922751732,-0.6640043649843209,0.264004364984321,0.4,0.6,0.5,0.5,4,6,8,8,16,8,10,4,0.8806136846542358,0.05,,,,,,,,,,,0.426319076754765,0.426319076754765
890,train-load-1.0-scenario-295-retry-13,1.0,1.0285714285714285,0.6285714285714286,1.0285714285714285,9.874619175652338,0.2634276320144364,0.4032390346522302,0.6666666666666666,0.3333333333333333,0.6666666666666666,0.3333333333333333,8,4,8,4,12,7,12,8,0.7284749150276184,0.05,,,,,,,,,,,0.426319076754765,0.426319076754765
891,train-load-0.9-scenario-726-retry-6,0.9,0.9857142857142858,0.9285714285714286,0.9857142857142858,7.927479690370246,-0.19546530696074282,0.3287986402940761,0.5333333333333333,0.4666666666666667,0.5333333333333333,0.4666666666666667,8,7,8,7,15,7,15,8,0.7066192626953125,0.05,,,,,,,,,,,0.426319076754765,0.426319076754765
892,train-load-0.9-scenario-468-retry-1,0.9,0.8631496,0.7788933333333333,0.8631496,4.525951935749603,-0.28444947241778096,0.9511161390844476,0.6666666666666666,0.3333333333333333,0.5454545454545454,0.45454545454545453,6,3,6,5,11,5,9,6,0.23333775997161865,0.05,,,,,,,,,,,0.426319076754765,0.426319076754765
893,train-load-0.9-scenario-657-retry-8,0.9,1.0125,0.675,1.0125,7.069558128867979,0.28463773015094573,0.7153622698490543,0.75,0.25,0.75,0.25,6,2,6,2,8,4,8,6,0.5314597487449646,0.05,,,,,,,,,,,0.426319076754765,0.426319076754765
894,train-load-1.0-scenario-630-retry-1,1.0,0.9022922,0.8943717499999999,0.9022922,8.850518018433814,0.08800820955373967,0.578658457112927,0.6666666666666666,0.3333333333333333,0.6153846153846154,0.38461538461538464,8,4,8,5,13,5,12,8,0.4716916084289551,0.05,,,,,,,,,,,0.426319076754765,0.426319076754765
895,train-hard-4gpu-4pod-2vgpu,0.25,0.25,0.16666666666666666,0.25,11.7,1.9166666666666665,0.08333333333333337,1.0,0.0,1.0,0.0,4,0,8,0,8,4,4,4,0.4545583426952362,0.05,,,,,,,,,,,0.426319076754765,0.426319076754765
896,train-load-0.5-scenario-731,0.5,0.612293,0.26490125,0.612293,4.337696923370832,0.4050569318641637,0.5949430681358363,0.75,0.25,0.75,0.25,3,1,3,1,4,4,4,3,0.8100792169570923,0.05,,,,,,,,,,,0.426319076754765,0.426319076754765
897,train-load-1.0-scenario-308-retry-6,1.0,1.1,0.15,1.1,6.648207529830523,-0.2975683662363314,0.2975683662363314,0.5,0.5,0.5,0.5,7,7,7,7,14,7,14,7,0.44979241490364075,0.05,,,,,,,,,,,0.426319076754765,0.426319076754765
898,train-load-0.8-scenario-476-retry-3,0.8,0.8571428571428571,0.2571428571428571,0.8571428571428571,6.770087486056626,0.252009308708643,0.747990691291357,0.75,0.25,0.75,0.25,6,2,6,2,8,7,8,6,0.36826908588409424,0.05,,,,,,,,,,,0.426319076754765,0.426319076754765
899,train-load-0.5-scenario-36-retry-3,0.5,0.6,0.20714285714285716,0.6,18.624615622671737,1.4514230782375437,0.5485769217624563,1.0,0.0,1.0,0.0,11,0,11,0,11,7,11,11,0.9004083275794983,0.05,,,,,,,,,,,0.426319076754765,0.426319076754765
900,train-load-0.8-scenario-245,0.8,0.7621849999999999,0.44750187500000005,0.7621849999999999,12.543422385067371,0.546548813198251,0.7867845201350824,0.8333333333333334,0.16666666666666666,0.7692307692307693,0.23076923076923078,10,2,10,3,13,8,12,10,0.7664333581924438,0.05,0.3638777119941426,0.5139582810585438,0.7194589982631717,0.2805410017368284,0.7079535498457037,0.2920464501542962,0.3638777119941426,0.5612207778189147,0.25184835043252046,0.6975634734291569,0.426319076754765,0.426319076754765
901,train-load-0.7-scenario-39,0.7,0.8,0.8,0.64,6.117982521094662,0.16940867619402789,0.3305913238059721,0.625,0.375,0.625,0.375,5,3,5,3,8,5,8,5,0.5206499695777893,0.05,,,,,,,,,,,0.426319076754765,0.426319076754765
902,train-load-1.0-scenario-748,1.0,0.9474654,0.7513216666666668,0.9474654,13.63623655351224,0.8936285983378142,0.37909867438945855,0.8181818181818182,0.18181818181818182,0.8181818181818182,0.18181818181818182,9,2,9,2,11,5,11,9,0.6758944988250732,0.05,,,,,,,,,,,0.426319076754765,0.426319076754765
903,train-load-0.5-scenario-392-retry-4,0.5,0.6,0.6,0.2,14.195403973031986,1.3722664149996573,0.6277335850003427,1.0,0.0,1.0,0.0,8,0,8,0,8,8,8,8,0.6027555465698242,0.05,,,,,,,,,,,0.426319076754765,0.426319076754765
904,train-load-1.0-scenario-265,1.0,0.9148668333333334,0.6226797916666666,0.9148668333333334,10.421639697029626,0.3002308394296238,0.6997691605703762,0.75,0.25,0.6923076923076923,0.3076923076923077,9,3,9,4,13,6,12,9,0.3630884885787964,0.05,,,,,,,,,,,0.426319076754765,0.426319076754765
905,train-load-0.5-scenario-483,0.5,0.40625,0.06770833333333333,0.40625,21.268166686267616,1.3922796632956613,0.6077203367043388,1.0,0.0,1.0,0.0,13,0,13,0,13,8,13,13,0.32209694385528564,0.05,,,,,,,,,,,0.426319076754765,0.426319076754765
906,train-load-0.5-scenario-47-retry-2,0.5,0.43125,0.3,0.43125,25.40358931189605,1.6445282110657704,0.3554717889342296,1.0,0.0,1.0,0.0,15,0,15,0,15,8,15,15,1.076461911201477,0.05,,,,,,,,,,,0.426319076754765,0.426319076754765
907,train-load-0.9-scenario-548,0.9,0.8049395833333333,0.8049395833333333,0.5549492500000001,6.7377526935461525,0.23685623164799696,0.763143768352003,0.75,0.25,0.75,0.25,6,2,6,2,8,4,8,6,0.9404538869857788,0.05,,,,,,,,,,,0.426319076754765,0.426319076754765
908,train-load-0.9-scenario-415-retry-3,0.9,0.88125,0.459375,0.88125,4.572080031696,-0.1915636155180389,0.41378583774026123,0.5555555555555556,0.4444444444444444,0.6666666666666666,0.3333333333333333,5,4,10,5,15,8,9,5,0.3547135591506958,0.05,,,,,,,,,,,0.426319076754765,0.426319076754765
909,train-load-0.8-scenario-425-retry-2,0.8,0.9,0.625,0.9,9.4874679228136,0.4754413718581453,0.32455862814185465,0.7,0.3,0.7,0.3,7,3,7,3,10,4,10,7,0.7576244473457336,0.05,,,,,,,,,,,0.426319076754765,0.426319076754765
910,train-load-1.0-scenario-298-retry-2,1.0,1.0857142857142856,0.2976190476190476,1.0857142857142856,-1.77646783275725,-1.3552065901587618,0.5552065901587618,0.3,0.7,0.3,0.7,3,7,3,7,10,7,10,3,0.6809662580490112,0.05,,,,,,,,,,,0.426319076754765,0.426319076754765
911,train-load-1.0-scenario-441-retry-1,1.0,0.919086375,0.5102290625,0.919086375,12.352616807177121,0.6549946554921185,0.6177326172351543,0.8181818181818182,0.18181818181818182,0.7142857142857143,0.2857142857142857,9,2,10,4,14,8,11,9,0.8036007881164551,0.05,,,,,,,,,,,0.426319076754765,0.426319076754765
912,train-load-1.0-scenario-365-retry-2,1.0,1.1,1.1,0.18333333333333332,4.150644708710131,-0.48963977189977537,0.6714579537179571,0.5454545454545454,0.45454545454545453,0.5454545454545454,0.45454545454545453,6,5,6,5,11,6,11,6,0.3960026502609253,0.05,,,,,,,,,,,0.426319076754765,0.426319076754765
913,train-load-0.5-scenario-521-retry-4,0.5,0.5714285714285714,0.5714285714285714,0.2857142857142857,11.729924632212882,1.0276850943940754,0.47231490560592465,0.875,0.125,0.875,0.125,7,1,7,1,8,7,8,7,0.4078305959701538,0.05,,,,,,,,,,,0.426319076754765,0.426319076754765
914,train-load-0.7-scenario-162-retry-1,0.7,0.8,0.52,0.8,11.739362889389051,1.0440736869434781,0.4559263130565218,0.875,0.125,0.875,0.125,7,1,7,1,8,5,8,7,1.121009111404419,0.05,,,,,,,,,,,0.426319076754765,0.426319076754765
915,train-load-1.0-scenario-525,1.0,0.9509855,0.5002635416666666,0.9509855,8.666139220115719,0.682878135156034,0.7456932934153945,0.8571428571428571,0.14285714285714285,0.75,0.25,6,1,6,2,8,4,7,6,0.8631079196929932,0.05,,,,,,,,,,,0.426319076754765,0.426319076754765
916,train-load-0.6-scenario-233,0.6,0.5,0.5,0.425,19.460198124038,1.5503394888736977,0.44966051112630223,1.0,0.0,1.0,0.0,11,0,11,0,11,6,11,11,1.046177864074707,0.05,,,,,,,,,,,0.426319076754765,0.426319076754765
917,train-load-0.8-scenario-506,0.8,0.7905465625,0.7905465625,0.7273497499999999,6.722659338491654,0.34167872914241937,0.5154641280004378,0.7142857142857143,0.2857142857142857,0.625,0.375,5,2,5,3,8,4,7,5,0.36150097846984863,0.05,,,,,,,,,,,0.426319076754765,0.426319076754765
918,train-load-0.8-scenario-163,0.8,0.7023426,0.6635080000000001,0.7023426,9.947264092904494,0.5893731202116383,0.5217379908994727,0.7777777777777778,0.2222222222222222,0.8,0.2,7,2,8,2,10,5,9,7,0.9140517711639404,0.05,,,,,,,,,,,0.426319076754765,0.426319076754765
919,train-load-0.7-scenario-205,0.7,0.6015771428571428,0.2371025,0.6015771428571428,8.272534342222187,0.7712501611896574,0.5620831721436761,0.8333333333333334,0.16666666666666666,0.7142857142857143,0.2857142857142857,5,1,5,2,7,7,6,5,0.7405095100402832,0.05,,,,,,,,,,,0.426319076754765,0.426319076754765
920,train-load-0.6-scenario-165,0.6,0.5517361428571428,0.44138035714285717,0.5517361428571428,8.793536540153582,0.6833839307304159,0.7451874978410126,0.8571428571428571,0.14285714285714285,0.7777777777777778,0.2222222222222222,6,1,7,2,9,7,7,6,0.8971589803695679,0.05,,,,,,,,,,,0.426319076754765,0.426319076754765
921,train-load-0.7-scenario-360,0.7,0.775,0.425,0.775,17.147543174008486,0.8581398328307105,0.570431595740718,0.8571428571428571,0.14285714285714285,0.8571428571428571,0.14285714285714285,12,2,12,2,14,8,14,12,0.31655627489089966,0.05,,,,,,,,,,,0.426319076754765,0.426319076754765
922,train-load-0.9-scenario-174,0.9,0.85,0.07291666666666667,0.85,1.932048794669527,-0.7148885592678329,0.314888559267833,0.4,0.6,0.4,0.6,4,6,4,6,10,8,10,4,0.42043250799179077,0.05,,,,,,,,,,,0.426319076754765,0.426319076754765
923,train-load-0.8-scenario-600-retry-9,0.8,0.68,0.5666666666666667,0.68,28.218071188316284,1.659679027280594,0.34032097271940615,1.0,0.0,1.0,0.0,17,0,17,0,17,5,17,17,1.214989423751831,0.05,,,,,,,,,,,0.426319076754765,0.426319076754765
924,train-load-0.7-scenario-267-retry-4,0.7,0.65,0.2708333333333333,0.65,21.489319672757954,1.4735720919851651,0.5264279080148347,1.0,0.0,1.0,0.0,13,0,13,0,13,4,13,13,0.9195696711540222,0.05,,,,,,,,,,,0.426319076754765,0.426319076754765
925,train-load-0.7-scenario-632,0.7,0.6421453333333333,0.45828541666666667,0.6421453333333333,14.91686636951804,1.4880447202435036,0.5119552797564964,1.0,0.0,1.0,0.0,8,0,9,0,9,6,8,8,0.6404649019241333,0.05,,,,,,,,,,,0.426319076754765,0.426319076754765
926,train-load-1.0-scenario-634-retry-3,1.0,1.0833333333333333,0.7222222222222222,1.0833333333333333,5.638680434101886,-0.21649462283034482,0.3983128046485266,0.5454545454545454,0.45454545454545453,0.5454545454545454,0.45454545454545453,6,5,6,5,11,6,11,6,0.3885757029056549,0.05,,,,,,,,,,,0.426319076754765,0.426319076754765
927,train-load-0.6-scenario-592,0.6,0.5,0.4166666666666667,0.5,32.1976754095141,1.6676242249682784,0.33237577503172155,1.0,0.0,1.0,0.0,20,0,20,0,20,8,20,20,0.9780226945877075,0.05,,,,,,,,,,,0.426319076754765,0.426319076754765
928,train-load-1.0-scenario-473-retry-14,1.0,1.1,0.7875,1.1,6.230816157962771,-0.31258386571704455,0.46643001956319824,0.5384615384615384,0.46153846153846156,0.5384615384615384,0.46153846153846156,7,6,7,6,13,8,13,7,0.598222017288208,0.05,,,,,,,,,,,0.426319076754765,0.426319076754765
929,train-load-0.6-scenario-714,0.6,0.6045318,0.5288991666666667,0.6045318,7.36623986414657,0.31454653654873543,0.6854534634512646,0.75,0.25,0.75,0.25,6,2,6,2,8,5,8,6,0.5925227403640747,0.05,,,,,,,,,,,0.426319076754765,0.426319076754765
930,train-load-1.0-scenario-326,1.0,0.9562507499999999,0.85497625,0.9562507499999999,7.016279311728396,0.17499997261209632,0.4916666940545703,0.6666666666666666,0.3333333333333333,0.6,0.4,6,3,6,4,10,4,9,6,1.0182604789733887,0.05,,,,,,,,,,,0.426319076754765,0.426319076754765
931,train-load-0.6-scenario-702,0.6,0.5825642857142856,0.5825642857142856,0.527482,12.418161499983857,0.9185100094912285,0.637045546064327,0.8888888888888888,0.1111111111111111,0.8,0.2,8,1,8,2,10,7,9,8,1.0945024490356445,0.05,,,,,,,,,,,0.426319076754765,0.426319076754765
932,train-load-1.0-scenario-335,1.0,0.9433549999999999,0.46797109374999996,0.9433549999999999,13.335983135043616,0.6394225214413705,0.693910811891963,0.8333333333333334,0.16666666666666666,0.8,0.2,10,2,12,3,15,8,12,10,0.7863796949386597,0.05,,,,,,,,,,,0.426319076754765,0.426319076754765
933,train-load-0.9-scenario-3-retry-1,0.9,0.9375,0.46875,0.9375,7.341566826462483,-0.31756538748363283,0.45089872081696614,0.5333333333333333,0.4666666666666667,0.5333333333333333,0.4666666666666667,8,7,8,7,15,8,15,8,1.2312207221984863,0.05,,,,,,,,,,,0.426319076754765,0.426319076754765
934,train-load-0.9-scenario-175,0.9,0.8571428571428571,0.2857142857142857,0.8571428571428571,25.95199889670102,0.7012470456667086,0.6320862876666249,0.8333333333333334,0.16666666666666666,0.8333333333333334,0.16666666666666666,20,4,20,4,24,7,24,20,0.26809996366500854,0.05,,,,,,,,,,,0.426319076754765,0.426319076754765
935,train-load-0.5-scenario-78-retry-1,0.5,0.6,0.15,0.6,12.216418537030368,0.8876807325779786,0.6678748229775768,0.8888888888888888,0.1111111111111111,0.8888888888888888,0.1111111111111111,8,1,8,1,9,6,9,8,1.021065354347229,0.05,,,,,,,,,,,0.426319076754765,0.426319076754765
936,train-load-0.5-scenario-642-retry-2,0.5,0.6,0.3,0.6,20.7693649258677,1.631192386106653,0.36880761389334693,1.0,0.0,1.0,0.0,12,0,12,0,12,4,12,12,0.8663471937179565,0.05,,,,,,,,,,,0.426319076754765,0.426319076754765
937,train-load-0.9-scenario-344-retry-1,0.9,1.0,1.0,0.4,3.131264387687732,-0.5502087519606407,0.5502087519606407,0.5,0.5,0.5,0.5,5,5,5,5,10,5,10,5,0.7593501806259155,0.05,,,,,,,,,,,0.426319076754765,0.426319076754765
938,train-load-0.5-scenario-729-retry-1,0.5,0.4166666666666667,0.4166666666666667,0.35,17.405504863649647,1.4172548575700321,0.5827451424299679,1.0,0.0,1.0,0.0,10,0,10,0,10,7,10,10,0.8719601631164551,0.05,,,,,,,,,,,0.426319076754765,0.426319076754765
939,train-load-0.8-scenario-208,0.8,0.7208695,0.7208695,0.6775327999999999,9.674518902602273,0.5685564558654979,0.5425546552456133,0.7777777777777778,0.2222222222222222,0.7,0.3,7,2,7,3,10,5,9,7,0.7209653854370117,0.05,,,,,,,,,,,0.426319076754765,0.426319076754765
940,train-load-0.7-scenario-481,0.7,0.6283650000000001,0.42243624999999996,0.6283650000000001,11.317411497852682,0.9643960589369502,0.5356039410630499,0.875,0.125,0.875,0.125,7,1,7,1,8,6,8,7,0.5033096075057983,0.05,,,,,,,,,,,0.426319076754765,0.426319076754765
941,train-load-0.7-scenario-446-retry-2,0.7,0.8,0.32,0.8,4.985785189716328,-0.03732602947901609,0.5373260294790161,0.625,0.375,0.625,0.375,5,3,5,3,8,5,8,5,0.7099908590316772,0.05,,,,,,,,,,,0.426319076754765,0.426319076754765
942,train-load-0.7-scenario-208-retry-1,0.7,0.8,0.5333333333333333,0.8,5.562567302436414,0.08382208912270106,0.416177910877299,0.625,0.375,0.625,0.375,5,3,5,3,8,5,8,5,1.3368278741836548,0.05,,,,,,,,,,,0.426319076754765,0.426319076754765
943,train-load-0.8-scenario-641-retry-1,0.8,0.9,0.675,0.9,10.394308291857506,0.7049180140807307,0.4061930970303804,0.7777777777777778,0.2222222222222222,0.7777777777777778,0.2222222222222222,7,2,14,4,18,8,9,7,0.5751892924308777,0.05,,,,,,,,,,,0.426319076754765,0.426319076754765
944,train-load-0.6-scenario-76,0.6,0.565496,0.3996495833333333,0.565496,14.872596775444721,1.4514630739370342,0.5485369260629659,1.0,0.0,1.0,0.0,8,0,8,0,8,6,8,8,0.889255940914154,0.05,,,,,,,,,,,0.426319076754765,0.426319076754765
945,train-load-0.8-scenario-465,0.8,0.875,0.575,0.875,7.309581150111745,0.23235825558487455,0.4343084110817921,0.6666666666666666,0.3333333333333333,0.6666666666666666,0.3333333333333333,6,3,6,3,9,4,9,6,0.6199749708175659,0.05,,,,,,,,,,,0.426319076754765,0.426319076754765
946,train-load-0.5-scenario-30,0.5,0.5131911428571428,0.21793553571428573,0.5131911428571428,6.317787201259641,0.5980179051747979,0.6019820948252022,0.8,0.2,0.8333333333333334,0.16666666666666666,4,1,5,1,6,7,5,4,0.4467698633670807,0.05,,,,,,,,,,,0.426319076754765,0.426319076754765
947,train-load-0.6-scenario-464-retry-1,0.6,0.7083333333333334,0.45416666666666666,0.7083333333333334,12.961136256685206,1.0064212065442604,0.5491343490112952,0.8888888888888888,0.1111111111111111,0.8333333333333334,0.16666666666666666,8,1,10,2,12,6,9,8,0.742499589920044,0.05,,,,,,,,,,,0.426319076754765,0.426319076754765
948,train-load-1.0-scenario-573-retry-3,1.0,1.0,1.0,0.92,4.443184961818947,-0.2988956050008349,0.29889560500083484,0.5,0.5,0.5,0.5,5,5,5,5,10,5,10,5,1.263901948928833,0.05,,,,,,,,,,,0.426319076754765,0.426319076754765
949,train-load-0.9-scenario-119-retry-2,0.9,0.98,0.98,0.94,0.7413862939172131,-0.8798225228850564,0.657600300662834,0.4444444444444444,0.5555555555555556,0.4,0.6,4,5,4,6,10,5,9,4,0.6155458688735962,0.05,,,,,,,,,,,0.426319076754765,0.426319076754765
950,train-load-0.8-scenario-677-retry-2,0.8,0.9142857142857143,0.5142857142857142,0.9142857142857143,8.44905553935017,0.5272244755215776,0.4727755244784224,0.75,0.25,0.6666666666666666,0.3333333333333333,6,2,8,4,12,7,8,6,0.685081422328949,0.05,,,,,,,,,,,0.426319076754765,0.426319076754765
951,train-load-0.6-scenario-0,0.6,0.60437,0.304595,0.60437,7.316090513821663,1.0887874175200034,0.9112125824799967,1.0,0.0,1.0,0.0,4,0,4,0,4,4,4,4,0.7375527620315552,0.05,,,,,,,,,,,0.426319076754765,0.426319076754765
952,train-load-0.8-scenario-278,0.8,0.7081053333333334,0.5585935416666667,0.7081053333333334,14.593370179144838,0.9491985763120159,0.6871650600516204,0.9090909090909091,0.09090909090909091,0.9090909090909091,0.09090909090909091,10,1,10,1,11,6,11,10,0.9165842533111572,0.05,,,,,,,,,,,0.426319076754765,0.426319076754765
953,train-load-0.7-scenario-589,0.7,0.59375,0.53125,0.59375,22.894534956650833,1.489150809325234,0.5108491906747662,1.0,0.0,1.0,0.0,14,0,14,0,14,8,14,14,0.7707204222679138,0.05,,,,,,,,,,,0.426319076754765,0.426319076754765
954,train-load-0.6-scenario-49-retry-1,0.6,0.625,0.625,0.6125,16.544719838432897,1.7388347147311989,0.26116528526880123,1.0,0.0,1.0,0.0,8,0,8,0,8,4,8,8,0.7682027816772461,0.05,,,,,,,,,,,0.426319076754765,0.426319076754765
955,train-load-1.0-scenario-471-retry-7,1.0,1.0,1.0,0.8,3.3164405653936493,-0.30651855379027415,0.3065185537902741,0.5,0.5,0.5,0.5,4,4,8,8,16,8,8,4,1.1471551656723022,0.05,,,,,,,,,,,0.426319076754765,0.426319076754765
956,train-load-0.6-scenario-405,0.6,0.6060276041666667,0.6060276041666667,0.44089174999999997,3.22435235440045,0.17992062272201037,0.8200793772779896,0.75,0.25,0.6666666666666666,0.3333333333333333,3,1,4,2,6,4,4,3,1.091596007347107,0.05,,,,,,,,,,,0.426319076754765,0.426319076754765
957,train-load-1.0-scenario-305-retry-2,1.0,1.0006115,0.459691875,1.0006115,1.2788130473412085,-0.5476811817907163,0.5476811817907163,0.5,0.5,0.42857142857142855,0.5714285714285714,3,3,3,4,7,4,6,3,0.8393718600273132,0.05,,,,,,,,,,,0.426319076754765,0.426319076754765
958,train-load-0.5-scenario-170,0.5,0.4780811428571428,0.33249196428571426,0.4780811428571428,13.505278964977869,1.280248384297233,0.719751615702767,1.0,0.0,1.0,0.0,8,0,8,0,8,7,8,8,0.6570900082588196,0.05,,,,,,,,,,,0.426319076754765,0.426319076754765
959,train-load-0.8-scenario-232-retry-1,0.8,0.9,0.3,0.9,3.5915273066413493,-0.3965311832533496,0.6187534054755719,0.5555555555555556,0.4444444444444444,0.5555555555555556,0.4444444444444444,5,4,5,4,9,5,9,5,1.1902186870574951,0.05,,,,,,,,,,,0.426319076754765,0.426319076754765
960,train-load-1.0-scenario-115,1.0,0.9,0.6,0.9,8.487211626299395,0.3005388978856518,0.49946110211434813,0.7,0.3,0.7,0.3,7,3,7,3,10,4,10,7,0.6661093235015869,0.05,,,,,,,,,,,0.426319076754765,0.426319076754765
961,train-load-0.6-scenario-434-retry-3,0.6,0.5,0.375,0.5,32.02043443684312,1.667628375662249,0.33237162433775114,1.0,0.0,1.0,0.0,20,0,20,0,20,8,20,20,1.151646614074707,0.05,,,,,,,,,,,0.426319076754765,0.426319076754765
962,train-load-0.6-scenario-634-retry-1,0.6,0.7083333333333334,0.5555555555555556,0.7083333333333334,13.25648965235127,0.856380176373075,0.7436198236269251,0.9,0.1,0.9,0.1,9,1,9,1,10,6,10,9,1.4284412860870361,0.05,,,,,,,,,,,0.426319076754765,0.426319076754765
963,train-load-1.0-scenario-306-retry-1,1.0,1.05,1.05,0.6,23.23171507337841,0.780361507014316,0.45773373108092213,0.8095238095238095,0.19047619047619047,0.7333333333333333,0.26666666666666666,17,4,22,8,30,8,21,17,0.704586386680603,0.05,,,,,,,,,,,0.426319076754765,0.426319076754765
964,train-load-1.0-scenario-470,1.0,1.0666666666666667,0.3333333333333333,1.0666666666666667,23.345724158541312,0.5281492991074188,0.6385173675592478,0.7916666666666666,0.20833333333333334,0.7916666666666666,0.20833333333333334,19,5,19,5,24,6,24,19,0.9024317264556885,0.05,,,,,,,,,,,0.426319076754765,0.426319076754765
965,train-load-0.7-scenario-629,0.7,0.6690053333333332,0.6492486111111111,0.6690053333333332,12.812448436305605,1.0315095037873894,0.5240460517681659,0.8888888888888888,0.1111111111111111,0.8181818181818182,0.18181818181818182,8,1,9,2,11,6,9,8,0.7959860563278198,0.05,,,,,,,,,,,0.426319076754765,0.426319076754765
966,train-load-0.6-scenario-311,0.6,0.6785714285714286,0.44285714285714284,0.6785714285714286,16.507916001608102,1.573562886898391,0.42643711310160903,1.0,0.0,1.0,0.0,9,0,9,0,9,7,9,9,0.6521599292755127,0.05,,,,,,,,,,,0.426319076754765,0.426319076754765
967,train-load-0.5-scenario-167,0.5,0.45584525,0.38312343749999994,0.45584525,13.986607382344225,1.317015167063125,0.6829848329368751,1.0,0.0,1.0,0.0,8,0,9,0,9,8,8,8,0.8497744798660278,0.05,,,,,,,,,,,0.426319076754765,0.426319076754765
968,train-load-0.9-scenario-215,0.9,0.8,0.7,0.8,18.32763399336442,1.3592843310590983,0.30738233560756817,0.9166666666666666,0.08333333333333333,0.9166666666666666,0.08333333333333333,11,1,11,1,12,4,12,11,0.5867722034454346,0.05,,,,,,,,,,,0.426319076754765,0.426319076754765
969,train-load-0.6-scenario-447-retry-1,0.6,0.6666666666666666,0.6666666666666666,0.5,16.30136760387437,1.708317692902664,0.29168230709733595,1.0,0.0,1.0,0.0,8,0,16,0,16,8,8,8,1.3164818286895752,0.05,,,,,,,,,,,0.426319076754765,0.426319076754765
970,train-load-0.7-scenario-512,0.7,0.80625,0.80625,0.7875,6.514950928318263,0.0764676856547587,0.5901989810119079,0.6666666666666666,0.3333333333333333,0.6,0.4,6,3,9,6,15,8,9,6,0.4153134226799011,0.05,,,,,,,,,,,0.426319076754765,0.426319076754765
971,train-load-0.7-scenario-38,0.7,0.6524232,0.5182410000000001,0.6524232,13.296263835675234,1.4118330261240368,0.5881669738759631,1.0,0.0,1.0,0.0,7,0,8,0,8,5,7,7,0.6049482822418213,0.05,,,,,,,,,,,0.426319076754765,0.426319076754765
972,train-load-0.8-scenario-186,0.8,0.88,0.22,0.88,22.587762026661892,0.5730087936635504,0.6997184790637224,0.8181818181818182,0.18181818181818182,0.8181818181818182,0.18181818181818182,18,4,18,4,22,5,22,18,0.9635282158851624,0.05,,,,,,,,,,,0.426319076754765,0.426319076754765
973,train-load-0.5-scenario-122-retry-2,0.5,0.5625,0.1125,0.5625,12.300956743076835,0.92164611003396,0.6339094455215954,0.8888888888888888,0.1111111111111111,0.8888888888888888,0.1111111111111111,8,1,8,1,9,8,9,8,0.7729949951171875,0.05,,,,,,,,,,,0.426319076754765,0.426319076754765
974,train-load-0.8-scenario-346,0.8,0.6967528333333333,0.49743,0.6967528333333333,10.253976221574996,0.7705324690506681,0.7294675309493319,0.875,0.125,0.8,0.2,7,1,8,2,10,6,8,7,1.1895136833190918,0.05,,,,,,,,,,,0.426319076754765,0.426319076754765
975,train-load-1.0-scenario-336-retry-1,1.0,0.952744,0.5729109375,0.952744,7.0736526314774,0.2843694616163708,0.7156305383836292,0.75,0.25,0.75,0.25,6,2,6,2,8,4,8,6,0.6691498756408691,0.05,,,,,,,,,,,0.426319076754765,0.426319076754765
976,train-load-0.9-scenario-358-retry-1,0.9,0.9666666666666667,0.4444444444444444,0.9666666666666667,7.503032382717381,0.1378843005812299,0.66211569941877,0.7,0.3,0.7,0.3,7,3,7,3,10,6,10,7,1.0974023342132568,0.05,,,,,,,,,,,0.426319076754765,0.426319076754765
977,train-load-0.9-scenario-508-retry-1,0.9,1.0,0.3333333333333333,1.0,3.9266493493117567,-0.5828656519779232,0.5828656519779232,0.5,0.5,0.5,0.5,6,6,6,6,12,6,12,6,1.0208419561386108,0.05,,,,,,,,,,,0.426319076754765,0.426319076754765
978,train-load-0.8-scenario-299,0.8,0.6848602,0.611239,0.6848602,9.597904803073963,0.6651462924824465,0.8348537075175535,0.875,0.125,0.7777777777777778,0.2222222222222222,7,1,7,2,9,5,8,7,1.2424507141113281,0.05,,,,,,,,,,,0.426319076754765,0.426319076754765
979,train-load-0.8-scenario-521-retry-2,0.8,0.9142857142857143,0.9142857142857143,0.6928571428571428,7.077242919253312,-0.2485587488518085,0.7100972103902701,0.6153846153846154,0.38461538461538464,0.6153846153846154,0.38461538461538464,8,5,8,5,13,7,13,8,1.0513396263122559,0.05,,,,,,,,,,,0.426319076754765,0.426319076754765
980,train-load-0.9-scenario-620,0.9,0.79013925,0.6791603125,0.79013925,14.865856988045254,0.6459006553688205,0.4969564874883223,0.7857142857142857,0.21428571428571427,0.8235294117647058,0.17647058823529413,11,3,14,3,17,8,14,11,0.294377863407135,0.05,,,,,,,,,,,0.426319076754765,0.426319076754765
981,train-load-0.6-scenario-741,0.6,0.5368892857142857,0.5368892857142857,0.477895,17.117810190199833,1.4366705845063181,0.5633294154936819,1.0,0.0,1.0,0.0,10,0,10,0,10,7,10,10,0.6063305139541626,0.05,,,,,,,,,,,0.426319076754765,0.426319076754765
982,train-load-1.0-scenario-30-retry-2,1.0,0.8995805,0.5794621527777778,0.8995805,9.302321097198043,0.05838090497979187,0.7108498642509773,0.6923076923076923,0.3076923076923077,0.6923076923076923,0.3076923076923077,9,4,9,4,13,6,13,9,0.792040228843689,0.05,,,,,,,,,,,0.426319076754765,0.426319076754765
983,train-load-0.8-scenario-256-retry-1,0.8,0.9,0.9,0.45,9.880150699945697,0.5996874155411962,0.511423695569915,0.7777777777777778,0.2222222222222222,0.7777777777777778,0.2222222222222222,7,2,7,2,9,4,9,7,0.6590486764907837,0.05,,,,,,,,,,,0.426319076754765,0.426319076754765
984,train-load-1.0-scenario-590,1.0,0.8870075,0.4198015625,0.8870075,5.2490893731914285,0.5847379003658877,0.4152620996341124,0.75,0.25,0.7142857142857143,0.2857142857142857,3,1,5,2,7,4,4,3,0.7530935406684875,0.05,,,,,,,,,,,0.426319076754765,0.426319076754765
985,train-load-1.0-scenario-234,1.0,0.9053006666666666,0.5955625,0.9053006666666666,12.296075182447755,0.6461448616411801,0.6265824110860927,0.8181818181818182,0.18181818181818182,0.8333333333333334,0.16666666666666666,9,2,10,2,12,6,11,9,0.6906309127807617,0.05,,,,,,,,,,,0.426319076754765,0.426319076754765
986,train-load-0.9-scenario-449,0.9,0.919760857142857,0.6477628571428572,0.919760857142857,10.839755565864127,0.351984663745616,0.648015336254384,0.75,0.25,0.7142857142857143,0.2857142857142857,9,3,10,4,14,7,12,9,0.5990655422210693,0.05,,,,,,,,,,,0.426319076754765,0.426319076754765
987,train-load-0.5-scenario-88,0.5,0.546999,0.3100375,0.546999,9.949691013784252,1.5273272905795743,0.4726727094204256,1.0,0.0,1.0,0.0,4,0,6,0,6,5,4,4,1.3796403408050537,0.05,,,,,,,,,,,0.426319076754765,0.426319076754765
988,train-load-0.5-scenario-250,0.5,0.508861,0.27154618055555557,0.508861,11.739600146993693,1.4121564187418918,0.5878435812581082,1.0,0.0,1.0,0.0,6,0,6,0,6,6,6,6,1.2253715991973877,0.05,,,,,,,,,,,0.426319076754765,0.426319076754765
989,train-load-0.7-scenario-737,0.7,0.6366017500000001,0.29887864583333335,0.6366017500000001,15.198401114963342,1.3299518958574592,0.6700481041425408,1.0,0.0,1.0,0.0,9,0,9,0,9,8,9,9,0.9259922504425049,0.05,,,,,,,,,,,0.426319076754765,0.426319076754765
990,train-load-0.9-scenario-747,0.9,0.780164,0.34569374999999997,0.780164,10.70194097977568,0.8622152469087665,0.6377847530912335,0.875,0.125,0.7777777777777778,0.2222222222222222,7,1,7,2,9,6,8,7,0.6521213054656982,0.05,,,,,,,,,,,0.426319076754765,0.426319076754765
991,train-load-0.6-scenario-525,0.6,0.6,0.40476190476190477,0.6,11.651131049303498,1.0382655075707363,0.46173449242926373,0.875,0.125,0.875,0.125,7,1,7,1,8,7,8,7,0.34426870942115784,0.05,,,,,,,,,,,0.426319076754765,0.426319076754765
992,train-load-1.0-scenario-152-retry-1,1.0,0.88172775,0.70890078125,0.88172775,20.64908774077973,0.9054800862591961,0.6239316784466863,0.8823529411764706,0.11764705882352941,0.8333333333333334,0.16666666666666666,15,2,15,3,18,8,17,15,0.5967544317245483,0.05,,,,,,,,,,,0.426319076754765,0.426319076754765
993,train-load-0.6-scenario-708,0.6,0.4857142857142857,0.40476190476190477,0.4857142857142857,28.146302769407285,1.652935509692012,0.34706449030798797,1.0,0.0,1.0,0.0,17,0,17,0,17,7,17,17,0.8265668749809265,0.05,,,,,,,,,,,0.426319076754765,0.426319076754765
994,train-load-0.6-scenario-470,0.6,0.5182862500000001,0.3680240625,0.5182862500000001,14.876215909677207,1.2576168301271893,0.7423831698728107,1.0,0.0,1.0,0.0,9,0,9,0,9,8,9,9,0.9454412460327148,0.05,,,,,,,,,,,0.426319076754765,0.426319076754765
995,train-load-0.5-scenario-715-retry-1,0.5,0.55,0.55,0.34375,18.501489946063053,1.384909845153769,0.6150901548462311,1.0,0.0,1.0,0.0,11,0,11,0,11,8,11,11,0.7558223009109497,0.05,,,,,,,,,,,0.426319076754765,0.426319076754765
996,train-load-0.9-scenario-225-retry-14,0.9,0.9,0.75,0.9,10.392686483217691,0.4065970030764353,0.26006966359023126,0.6666666666666666,0.3333333333333333,0.6666666666666666,0.3333333333333333,8,4,8,4,12,8,12,8,0.8725641369819641,0.05,,,,,,,,,,,0.426319076754765,0.426319076754765
997,train-load-1.0-scenario-379,1.0,0.9346028,0.63627,0.9346028,7.958352329396224,0.28173214927042434,0.8293789618406868,0.7777777777777778,0.2222222222222222,0.7,0.3,7,2,7,3,10,5,9,7,1.092102289199829,0.05,,,,,,,,,,,0.426319076754765,0.426319076754765
998,train-load-1.0-scenario-534,1.0,0.9348442,0.75090875,0.9348442,6.54886990109766,-0.09708360677332128,0.8970836067733212,0.7,0.3,0.6363636363636364,0.36363636363636365,7,3,7,4,11,5,10,7,0.8210004568099976,0.05,,,,,,,,,,,0.426319076754765,0.426319076754765
999,train-load-0.7-scenario-98,0.7,0.6970219999999999,0.5035705357142858,0.6970219999999999,16.268034419376455,1.2905304382942946,0.7094695617057054,1.0,0.0,1.0,0.0,10,0,11,0,11,7,10,10,0.612955629825592,0.05,,,,,,,,,,,0.426319076754765,0.426319076754765
1000,train-load-0.7-scenario-642,0.7,0.647916,0.35807625,0.647916,9.350002861402894,1.2478070328892554,0.7521929671107446,1.0,0.0,1.0,0.0,5,0,5,0,5,4,5,5,0.8970227241516113,0.05,0.35735539065892336,0.52897247756255,0.7215819670553684,0.2784180329446317,0.709378838181859,0.29062116181814096,0.35735539065892336,0.6321428317520564,0.25670599623287055,0.6898292714345009,0.426319076754765,0.426319076754765
1001,train-load-0.6-scenario-104-retry-3,0.6,0.6,0.6,0.36,16.11619717422484,1.428184276721161,0.571815723278839,1.0,0.0,1.0,0.0,9,0,9,0,9,5,9,9,0.8534547686576843,0.05,,,,,,,,,,,0.426319076754765,0.426319076754765
1002,train-load-0.8-scenario-649-retry-5,0.8,0.80625,0.5125,0.80625,10.577226650721856,0.5722533252748451,0.627746674725155,0.8,0.2,0.8,0.2,8,2,8,2,10,8,10,8,1.2582945823669434,0.05,,,,,,,,,,,0.426319076754765,0.426319076754765
1003,train-load-0.5-scenario-649-retry-1,0.5,0.45714285714285713,0.44285714285714284,0.45714285714285713,12.401119163746294,0.9447173777504317,0.6108381778051238,0.8888888888888888,0.1111111111111111,0.8888888888888888,0.1111111111111111,8,1,8,1,9,7,9,8,0.787006676197052,0.05,,,,,,,,,,,0.426319076754765,0.426319076754765
1004,train-load-1.0-scenario-612-retry-2,1.0,0.9092774285714286,0.6270460714285715,0.9092774285714286,15.768757088855775,0.8554070339126378,0.5292083507027466,0.8461538461538461,0.15384615384615385,0.7857142857142857,0.21428571428571427,11,2,11,3,14,7,13,11,0.9771978259086609,0.05,,,,,,,,,,,0.426319076754765,0.426319076754765
1005,train-load-0.6-scenario-745,0.6,0.5693108,0.3158479166666667,0.5693108,9.449369132874406,1.2208925065671767,0.7791074934328234,1.0,0.0,1.0,0.0,5,0,6,0,6,5,5,5,0.8110257387161255,0.05,,,,,,,,,,,0.426319076754765,0.426319076754765
1006,train-load-0.9-scenario-405,0.9,0.7857058333333333,0.7857058333333333,0.7042725,14.896228060407413,1.1545960515660718,0.44540394843392817,0.9,0.1,0.8461538461538461,0.15384615384615385,9,1,11,2,13,6,10,9,0.3958597481250763,0.05,,,,,,,,,,,0.426319076754765,0.426319076754765
1007,train-load-1.0-scenario-491-retry-2,1.0,0.8974981666666667,0.7498499999999999,0.8974981666666667,14.108467300080966,0.8099521045617448,0.5233812287715885,0.8333333333333334,0.16666666666666666,0.7692307692307693,0.23076923076923078,10,2,10,3,13,6,12,10,0.5380716323852539,0.05,,,,,,,,,,,0.426319076754765,0.426319076754765
1008,train-load-0.6-scenario-358-retry-3,0.6,0.4875,0.4875,0.325,22.33431851306078,1.5925189557311878,0.40748104426881215,1.0,0.0,1.0,0.0,13,0,13,0,13,8,13,13,1.0196263790130615,0.05,,,,,,,,,,,0.426319076754765,0.426319076754765
1009,train-load-0.9-scenario-321,0.9,1.0,1.0,0.4,2.5381762721368846,-0.46556166731948856,0.46556166731948856,0.5,0.5,0.5,0.5,4,4,8,8,16,8,8,4,0.41763901710510254,0.05,,,,,,,,,,,0.426319076754765,0.426319076754765
1010,train-load-0.9-scenario-231-retry-2,0.9,0.7833333333333333,0.4166666666666667,0.7833333333333333,15.624258792841713,1.108267046499498,0.5280965898641383,0.9090909090909091,0.09090909090909091,0.8666666666666667,0.13333333333333333,10,1,13,2,15,6,11,10,0.66033935546875,0.05,,,,,,,,,,,0.426319076754765,0.426319076754765
1011,train-load-0.9-scenario-555,0.9,0.828651,0.5832225,0.828651,10.16439690561274,0.6484795708518212,0.4626315402592899,0.7777777777777778,0.2222222222222222,0.7777777777777778,0.2222222222222222,7,2,7,2,9,5,9,7,0.7145726680755615,0.05,,,,,,,,,,,0.426319076754765,0.426319076754765
1012,train-load-0.7-scenario-518-retry-1,0.7,0.6,0.6,0.5,23.109124055102257,1.6874909120816743,0.31250908791832566,1.0,0.0,1.0,0.0,13,0,13,0,13,6,13,13,0.8500180244445801,0.05,,,,,,,,,,,0.426319076754765,0.426319076754765
1013,train-load-0.8-scenario-541-retry-7,0.8,0.9,0.9,0.6,12.12897008507137,0.5249162168070529,0.47508378319294703,0.75,0.25,0.75,0.25,9,3,9,3,12,4,12,9,0.9597967267036438,0.05,,,,,,,,,,,0.426319076754765,0.426319076754765
1014,train-load-0.7-scenario-354,0.7,0.8,0.6666666666666666,0.8,11.736908274889934,0.4889354453349063,0.5110645546650937,0.75,0.25,0.75,0.25,9,3,9,3,12,6,12,9,0.9486732482910156,0.05,,,,,,,,,,,0.426319076754765,0.426319076754765
1015,train-load-0.9-scenario-10-retry-3,0.9,0.9875,0.9,0.9875,11.394971503395258,0.6547274454041552,0.25436346368675394,0.7272727272727273,0.2727272727272727,0.7272727272727273,0.2727272727272727,8,3,8,3,11,4,11,8,1.1612439155578613,0.05,,,,,,,,,,,0.426319076754765,0.426319076754765
1016,train-load-0.6-scenario-473,0.6,0.5497142,0.49144625000000003,0.5497142,12.060252119668448,1.3952356021122772,0.6047643978877228,1.0,0.0,1.0,0.0,6,0,7,0,7,5,6,6,0.9012778997421265,0.05,,,,,,,,,,,0.426319076754765,0.426319076754765
1017,train-load-0.8-scenario-648-retry-1,0.8,0.75,0.25,0.75,33.11640925248053,1.2676226044030126,0.5657107289303209,0.9583333333333334,0.041666666666666664,0.9583333333333334,0.041666666666666664,23,1,23,1,24,8,24,23,0.5918578505516052,0.05,,,,,,,,,,,0.426319076754765,0.426319076754765
1018,train-load-0.8-scenario-436-retry-1,0.8,0.875,0.875,0.5357142857142857,6.506849075153509,0.04288623470320074,0.6237804319634659,0.6666666666666666,0.3333333333333333,0.6,0.4,6,3,9,6,15,7,9,6,1.147038459777832,0.05,,,,,,,,,,,0.426319076754765,0.426319076754765
1019,train-load-0.9-scenario-609-retry-7,0.9,1.0,1.0,0.4,4.788611480638017,-0.4586878089135731,0.45868780891357314,0.5,0.5,0.5,0.5,6,6,6,6,12,6,12,6,0.9928594827651978,0.05,,,,,,,,,,,0.426319076754765,0.426319076754765
1020,train-load-0.9-scenario-564,0.9,1.0,0.8541666666666666,1.0,7.970032163041157,-0.33956539934933505,0.589565399349335,0.5625,0.4375,0.5625,0.4375,9,7,9,7,16,4,16,9,0.9190897941589355,0.05,,,,,,,,,,,0.426319076754765,0.426319076754765
1021,train-load-1.0-scenario-683-retry-9,1.0,0.9166666666666666,0.18333333333333332,0.9166666666666666,22.56560173506715,0.5585675306294822,0.7141597420977907,0.8181818181818182,0.18181818181818182,0.8181818181818182,0.18181818181818182,18,4,18,4,22,6,22,18,0.6337454915046692,0.05,,,,,,,,,,,0.426319076754765,0.426319076754765
1022,train-load-0.7-scenario-486,0.7,0.6166563333333334,0.4311302083333333,0.6166563333333334,10.198166758634033,0.7165630602099116,0.7834369397900884,0.875,0.125,0.8888888888888888,0.1111111111111111,7,1,8,1,9,6,8,7,0.6988763809204102,0.05,,,,,,,,,,,0.426319076754765,0.426319076754765
1023,train-load-0.9-scenario-709,0.9,0.8664984,0.567875,0.8664984,8.030958699853969,0.2759286249235129,0.8351824861875983,0.7777777777777778,0.2222222222222222,0.7,0.3,7,2,7,3,10,5,9,7,0.6523619890213013,0.05,,,,,,,,,,,0.426319076754765,0.426319076754765
1024,train-load-1.0-scenario-91-retry-15,1.0,0.9714285714285714,0.5928571428571429,0.9714285714285714,24.51685918211538,0.6768689056981234,0.4897977609685431,0.7916666666666666,0.20833333333333334,0.7916666666666666,0.20833333333333334,19,5,19,5,24,7,24,19,0.832659125328064,0.05,,,,,,,,,,,0.426319076754765,0.426319076754765
1025,train-load-0.6-scenario-117,0.6,0.5663535714285715,0.5364207142857143,0.5663535714285715,17.533263987454596,1.4928115739902332,0.5071884260097667,1.0,0.0,1.0,0.0,10,0,11,0,11,7,10,10,0.9889333248138428,0.05,,,,,,,,,,,0.426319076754765,0.426319076754765
1026,train-load-0.6-scenario-100-retry-1,0.6,0.5834965,0.443530625,0.5834965,10.750112759611955,1.2158897140414222,0.7841102859585777,1.0,0.0,1.0,0.0,6,0,6,0,6,4,6,6,0.632150411605835,0.05,,,,,,,,,,,0.426319076754765,0.426319076754765
1027,train-load-0.9-scenario-45-retry-3,0.9,0.85,0.2125,0.85,17.089554992467917,0.5894866461868294,0.4693368832249351,0.7647058823529411,0.23529411764705882,0.7647058823529411,0.23529411764705882,13,4,13,4,17,4,17,13,1.1501429080963135,0.05,,,,,,,,,,,0.426319076754765,0.426319076754765
1028,train-load-0.9-scenario-412-retry-1,0.9,0.8125,0.5833333333333334,0.8125,13.390303774373374,0.8882908682867053,0.3844364044405675,0.8181818181818182,0.18181818181818182,0.8181818181818182,0.18181818181818182,9,2,9,2,11,8,11,9,0.5513824820518494,0.05,,,,,,,,,,,0.426319076754765,0.426319076754765
1029,train-load-0.9-scenario-193,0.9,0.818213,0.5251541666666667,0.818213,11.79394307807495,0.8790419235248984,0.6765136320306571,0.8888888888888888,0.1111111111111111,0.8181818181818182,0.18181818181818182,8,1,9,2,11,6,9,8,0.9895312190055847,0.05,,,,,,,,,,,0.426319076754765,0.426319076754765
1030,train-load-0.5-scenario-81,0.5,0.6,0.45,0.6,20.1502052719386,1.4881276483003973,0.5118723516996027,1.0,0.0,1.0,0.0,12,0,12,0,12,8,12,12,0.4030689001083374,0.05,,,,,,,,,,,0.426319076754765,0.426319076754765
1031,train-load-0.5-scenario-441,0.5,0.51875,0.4,0.51875,13.899102409919255,1.3249080316321447,0.6750919683678552,1.0,0.0,1.0,0.0,8,0,8,0,8,8,8,8,0.5733606815338135,0.05,,,,,,,,,,,0.426319076754765,0.426319076754765
1032,train-hard-4gpu-4pod-1vgpu,0.25,0.25,0.16666666666666666,0.25,11.627831216351296,1.9166666666666665,0.08333333333333337,1.0,0.0,1.0,0.0,4,0,4,0,4,4,4,4,0.6678896546363831,0.05,,,,,,,,,,,0.426319076754765,0.426319076754765
1033,train-load-0.5-scenario-28,0.5,0.54600425,0.3034088541666667,0.54600425,6.454996945738291,0.6556424802247757,0.5443575197752243,0.8,0.2,0.8,0.2,4,1,4,1,5,4,5,4,1.0015771389007568,0.05,,,,,,,,,,,0.426319076754765,0.426319076754765
1034,train-load-0.5-scenario-138-retry-4,0.5,0.5833333333333334,0.5833333333333334,0.4375,23.506731127951916,1.5839209305810271,0.4160790694189729,1.0,0.0,1.0,0.0,14,0,14,0,14,8,14,14,1.05110764503479,0.05,,,,,,,,,,,0.426319076754765,0.426319076754765
1035,train-load-0.8-scenario-700,0.8,0.74,0.74,0.36,14.04591693476291,0.4348401154872555,0.7080170273698874,0.7857142857142857,0.21428571428571427,0.7857142857142857,0.21428571428571427,11,3,11,3,14,5,14,11,0.5227508544921875,0.05,,,,,,,,,,,0.426319076754765,0.426319076754765
1036,train-load-0.7-scenario-352,0.7,0.624647875,0.4106330729166667,0.624647875,18.22322078224307,1.3917408286926412,0.6082591713073588,1.0,0.0,1.0,0.0,11,0,11,0,11,8,11,11,0.5911170840263367,0.05,,,,,,,,,,,0.426319076754765,0.426319076754765
1037,train-load-0.7-scenario-618,0.7,0.60508575,0.33072708333333334,0.60508575,9.48467503672298,1.4496329962458934,0.5503670037541066,1.0,0.0,1.0,0.0,4,0,5,0,5,4,4,4,0.9541703462600708,0.05,,,,,,,,,,,0.426319076754765,0.426319076754765
1038,train-load-0.6-scenario-716,0.6,0.6833333333333333,0.5166666666666667,0.6833333333333333,11.950470930336493,1.1067099487198775,0.39329005128012257,0.875,0.125,0.875,0.125,7,1,7,1,8,6,8,7,0.6559670567512512,0.05,,,,,,,,,,,0.426319076754765,0.426319076754765
1039,train-load-0.5-scenario-748,0.5,0.461018,0.39347552083333337,0.461018,10.13182552720193,0.9093814440025029,0.5191899845689256,0.8571428571428571,0.14285714285714285,0.7777777777777778,0.2222222222222222,6,1,7,2,9,8,7,6,0.7680535912513733,0.05,,,,,,,,,,,0.426319076754765,0.426319076754765
1040,train-load-0.6-scenario-111,0.6,0.5288816666666667,0.3493077083333333,0.5288816666666667,12.02094387505025,1.2112748374629687,0.7887251625370313,1.0,0.0,1.0,0.0,7,0,7,0,7,6,7,7,0.48852625489234924,0.05,,,,,,,,,,,0.426319076754765,0.426319076754765
1041,train-hard-4gpu-4pod-2vgpu,0.25,0.25,0.16666666666666666,0.25,11.7,1.9166666666666665,0.08333333333333337,1.0,0.0,1.0,0.0,4,0,8,0,8,4,4,4,1.1418707370758057,0.05,,,,,,,,,,,0.426319076754765,0.426319076754765
1042,train-load-0.6-scenario-348,0.6,0.67033725,0.41002453125000005,0.67033725,9.207689733185616,0.75611672283724,0.6724547057341885,0.8571428571428571,0.14285714285714285,0.8,0.2,6,1,8,2,10,8,7,6,0.5889029502868652,0.05,,,,,,,,,,,0.426319076754765,0.426319076754765
1043,train-load-0.9-scenario-146-retry-4,0.9,0.8571428571428571,0.8571428571428571,0.5142857142857142,19.20672130008537,0.7259140270158693,0.3851970840952418,0.7777777777777778,0.2222222222222222,0.7777777777777778,0.2222222222222222,14,4,14,4,18,7,18,14,0.7167264223098755,0.05,,,,,,,,,,,0.426319076754765,0.426319076754765
1044,train-load-0.8-scenario-261,0.8,0.9,0.75,0.9,7.556118059984775,0.2675841966358474,0.3990824700308192,0.6666666666666666,0.3333333333333333,0.6666666666666666,0.3333333333333333,6,3,6,3,9,4,9,6,0.7974327802658081,0.05,,,,,,,,,,,0.426319076754765,0.426319076754765
1045,train-load-0.7-scenario-665-retry-1,0.7,0.74375,0.3645833333333333,0.74375,19.63226118098705,1.1498049565547386,0.5644807577309757,0.9285714285714286,0.07142857142857142,0.9285714285714286,0.07142857142857142,13,1,13,1,14,8,14,13,0.4902518391609192,0.05,,,,,,,,,,,0.426319076754765,0.426319076754765
1046,train-load-1.0-scenario-529-retry-1,1.0,0.920017,0.6995394642857142,0.920017,14.23428980984369,0.2423691414618816,0.5811602703028244,0.7058823529411765,0.29411764705882354,0.7058823529411765,0.29411764705882354,12,5,12,5,17,7,17,12,1.007629632949829,0.05,,,,,,,,,,,0.426319076754765,0.426319076754765
1047,train-load-0.9-scenario-660-retry-7,0.9,1.0,1.0,0.8166666666666667,3.7856268090246146,-0.6554872217035289,0.3697729359892432,0.42857142857142855,0.5714285714285714,0.4,0.6,6,8,6,9,15,6,14,6,0.5567464232444763,0.05,,,,,,,,,,,0.426319076754765,0.426319076754765
1048,train-load-0.7-scenario-684,0.7,0.6,0.6,0.5142857142857142,14.017921416177845,1.0169425006831718,0.5830574993168283,0.9,0.1,0.9,0.1,9,1,9,1,10,7,10,9,0.4468059837818146,0.05,,,,,,,,,,,0.426319076754765,0.426319076754765
1049,train-load-1.0-scenario-22,1.0,0.9003112857142856,0.6569239285714286,0.9003112857142856,19.303768208877777,1.3479904802578937,0.34431721204979854,0.9230769230769231,0.07692307692307693,0.8666666666666667,0.13333333333333333,12,1,13,2,15,7,13,12,0.6049180030822754,0.05,,,,,,,,,,,0.426319076754765,0.426319076754765
1050,train-load-0.6-scenario-40,0.6,0.6666666666666666,0.6666666666666666,0.2,10.450619750544986,0.797443848784823,0.702556151215177,0.875,0.125,0.875,0.125,7,1,7,1,8,8,8,7,1.1854841709136963,0.05,,,,,,,,,,,0.426319076754765,0.426319076754765
1051,train-load-0.6-scenario-399,0.6,0.5608995,0.4216815625,0.5608995,14.98287227176058,1.0814454189328822,0.918554581067118,1.0,0.0,1.0,0.0,10,0,11,0,11,8,10,10,1.1612560749053955,0.05,,,,,,,,,,,0.426319076754765,0.426319076754765
1052,train-load-0.7-scenario-571,0.7,0.6084627499999999,0.4015333333333333,0.6084627499999999,9.36889478703895,1.2279374826390406,0.7720625173609594,1.0,0.0,1.0,0.0,5,0,5,0,5,4,5,5,0.6154643893241882,0.05,,,,,,,,,,,0.426319076754765,0.426319076754765
1053,train-load-0.5-scenario-111-retry-6,0.5,0.6,0.5,0.6,13.233769855430525,1.114930093842729,0.44062546171282657,0.8888888888888888,0.1111111111111111,0.8888888888888888,0.1111111111111111,8,1,8,1,9,7,9,8,0.6329171657562256,0.05,,,,,,,,,,,0.426319076754765,0.426319076754765
1054,train-load-1.0-scenario-220-retry-3,1.0,1.0875,1.0875,0.575,15.62284504254254,0.2702493881889634,0.46659271707419453,0.6842105263157895,0.3157894736842105,0.5714285714285714,0.42857142857142855,13,6,16,12,28,8,19,13,1.2805911302566528,0.05,,,,,,,,,,,0.426319076754765,0.426319076754765
1055,train-load-1.0-scenario-675-retry-10,1.0,1.0,1.0,1.0,14.520407668273904,0.5011326396916318,0.2488673603083682,0.6875,0.3125,0.6875,0.3125,11,5,11,5,16,4,16,11,0.46422335505485535,0.05,,,,,,,,,,,0.426319076754765,0.426319076754765
1056,train-load-0.7-scenario-487-retry-3,0.7,0.8142857142857143,0.6190476190476191,0.8142857142857143,5.982763511467504,-0.29705399250895137,0.6303873258422847,0.5833333333333334,0.4166666666666667,0.5833333333333334,0.4166666666666667,7,5,7,5,12,7,12,7,0.4513532221317291,0.05,,,,,,,,,,,0.426319076754765,0.426319076754765
1057,train-load-0.6-scenario-293,0.6,0.5241841428571429,0.4256132142857143,0.5241841428571429,15.38085719777883,1.3997775705489646,0.6002224294510354,1.0,0.0,1.0,0.0,9,0,9,0,9,7,9,9,0.6723530888557434,0.05,,,,,,,,,,,0.426319076754765,0.426319076754765
1058,train-hard-4gpu-8pod-1vgpu,0.5,0.5,0.3333333333333333,0.5,16.58899576603593,1.8333333333333335,0.16666666666666663,1.0,0.0,1.0,0.0,8,0,8,0,8,4,8,8,0.6202590465545654,0.05,,,,,,,,,,,0.426319076754765,0.426319076754765
1059,train-load-0.8-scenario-599,0.8,0.890149,0.5056714999999999,0.890149,11.0993259829362,0.9227218536954376,0.5772781463045624,0.875,0.125,0.7777777777777778,0.2222222222222222,7,1,7,2,9,5,8,7,0.8612279891967773,0.05,,,,,,,,,,,0.426319076754765,0.426319076754765
1060,train-load-0.5-scenario-54,0.5,0.45093049999999996,0.3706240625,0.45093049999999996,9.825682828568828,0.7090963169697669,0.7909036830302331,0.875,0.125,0.875,0.125,7,1,7,1,8,8,8,7,0.2628715932369232,0.05,,,,,,,,,,,0.426319076754765,0.426319076754765
1061,train-load-0.5-scenario-583-retry-7,0.5,0.6,0.3,0.6,15.08293292625198,1.535129323267627,0.46487067673237287,1.0,0.0,1.0,0.0,8,0,8,0,8,8,8,8,0.5361606478691101,0.05,,,,,,,,,,,0.426319076754765,0.426319076754765
1062,train-load-0.8-scenario-368,0.8,0.78917925,0.6839237499999999,0.78917925,12.13354249972371,1.089944607505317,0.4100553924946831,0.875,0.125,0.875,0.125,7,1,7,1,8,4,8,7,0.901777982711792,0.05,,,,,,,,,,,0.426319076754765,0.426319076754765
1063,train-load-0.7-scenario-705,0.7,0.76011575,0.359230625,0.76011575,5.569466591245531,0.5887596785163094,0.4112403214836906,0.75,0.25,0.8,0.2,3,1,4,1,5,4,4,3,0.38462844491004944,0.05,,,,,,,,,,,0.426319076754765,0.426319076754765
1064,train-load-0.9-scenario-158-retry-1,0.9,1.0,1.0,0.62,3.8856329112783405,-0.4482135151603689,0.4482135151603689,0.5,0.5,0.5,0.5,5,5,5,5,10,5,10,5,0.5713610649108887,0.05,,,,,,,,,,,0.426319076754765,0.426319076754765
1065,train-load-0.5-scenario-507-retry-2,0.5,0.4166666666666667,0.25,0.4166666666666667,16.21942158776415,1.2917361267244958,0.7082638732755042,1.0,0.0,1.0,0.0,10,0,10,0,10,6,10,10,0.4105367660522461,0.05,,,,,,,,,,,0.426319076754765,0.426319076754765
1066,train-load-0.7-scenario-612,0.7,0.7356416666666666,0.7356416666666666,0.593892,14.376320577916832,1.6888830653528561,0.31111693464714385,1.0,0.0,1.0,0.0,7,0,8,0,8,4,7,7,0.8064478635787964,0.05,,,,,,,,,,,0.426319076754765,0.426319076754765
1067,train-load-0.9-scenario-148-retry-7,0.9,1.0,0.4,1.0,6.196910350726701,-0.5027091803549997,0.5027091803549997,0.5,0.5,0.5,0.5,8,8,8,8,16,8,16,8,0.454784631729126,0.05,,,,,,,,,,,0.426319076754765,0.426319076754765
1068,train-load-0.9-scenario-14,0.9,0.9166666666666666,0.9166666666666666,0.5333333333333333,17.00677236041803,1.1823194341135317,0.4843472325531348,0.9166666666666666,0.08333333333333333,0.9166666666666666,0.08333333333333333,11,1,11,1,12,6,12,11,0.646234393119812,0.05,,,,,,,,,,,0.426319076754765,0.426319076754765
1069,train-load-0.6-scenario-329,0.6,0.58358175,0.36738437500000004,0.58358175,9.076225868435284,1.3575437028253092,0.6424562971746908,1.0,0.0,1.0,0.0,4,0,5,0,5,4,4,4,0.810297966003418,0.05,,,,,,,,,,,0.426319076754765,0.426319076754765
1070,train-load-0.7-scenario-606,0.7,0.76875,0.2125,0.76875,12.089692309553168,0.8887506880722565,0.6668048674832989,0.8888888888888888,0.1111111111111111,0.8888888888888888,0.1111111111111111,8,1,8,1,9,8,9,8,0.8719961643218994,0.05,,,,,,,,,,,0.426319076754765,0.426319076754765
1071,train-load-0.8-scenario-534,0.8,0.8214285714285714,0.32857142857142857,0.8214285714285714,24.86262070639673,0.7694873405147684,0.534860485572188,0.8260869565217391,0.17391304347826086,0.8260869565217391,0.17391304347826086,19,4,19,4,23,7,23,19,1.1108942031860352,0.05,,,,,,,,,,,0.426319076754765,0.426319076754765
1072,train-load-0.9-scenario-413-retry-2,0.9,0.95,0.5833333333333334,0.95,6.735264726746532,-0.00625809954345935,0.8062580995434593,0.7,0.3,0.7,0.3,7,3,7,3,10,5,10,7,1.0642118453979492,0.05,,,,,,,,,,,0.426319076754765,0.426319076754765
1073,train-load-0.5-scenario-205,0.5,0.46638749999999995,0.41820125,0.46638749999999995,10.432773971012379,1.383175391578269,0.6168246084217309,1.0,0.0,1.0,0.0,5,0,7,0,7,6,5,5,0.7762072682380676,0.05,,,,,,,,,,,0.426319076754765,0.426319076754765
1074,train-load-0.9-scenario-392-retry-1,0.9,0.8,0.8,0.48,22.922038530409385,0.5337061370338758,0.46629386296612424,0.75,0.25,0.75,0.25,18,6,18,6,24,5,24,18,0.7025545835494995,0.05,,,,,,,,,,,0.426319076754765,0.426319076754765
1075,train-load-1.0-scenario-324,1.0,0.8815281428571429,0.7888771428571429,0.8815281428571429,14.396948247201404,0.6022859039394952,0.5405712389176477,0.7857142857142857,0.21428571428571427,0.75,0.25,11,3,12,4,16,7,14,11,0.8917449712753296,0.05,,,,,,,,,,,0.426319076754765,0.426319076754765
1076,train-load-0.9-scenario-300-retry-10,0.9,1.0,1.0,1.0,3.894179206051146,-0.15917013172997585,0.15917013172997585,0.5,0.5,0.5,0.5,4,4,4,4,8,4,8,4,0.5743086338043213,0.05,,,,,,,,,,,0.426319076754765,0.426319076754765
1077,train-load-0.6-scenario-93-retry-1,0.6,0.7142857142857143,0.6547619047619048,0.7142857142857143,7.017537324004643,0.029648857975355214,0.7703511420246447,0.7,0.3,0.7,0.3,7,3,7,3,10,7,10,7,0.7536686658859253,0.05,,,,,,,,,,,0.426319076754765,0.426319076754765
1078,train-load-0.5-scenario-310,0.5,0.45714285714285713,0.34285714285714286,0.45714285714285713,14.902826786507923,1.493529715232642,0.5064702847673579,1.0,0.0,1.0,0.0,8,0,8,0,8,7,8,8,0.7136379480361938,0.05,,,,,,,,,,,0.426319076754765,0.426319076754765
1079,train-load-0.9-scenario-416,0.9,0.849593625,0.6076721875000001,0.849593625,11.262198443269703,0.21032691698783212,0.6468159401550251,0.7142857142857143,0.2857142857142857,0.75,0.25,10,4,12,4,16,8,14,10,0.6507468223571777,0.05,,,,,,,,,,,0.426319076754765,0.426319076754765
1080,train-load-0.8-scenario-724-retry-1,0.8,0.775,0.3020833333333333,0.775,11.564065299245629,0.2970917624212236,0.7798313145018534,0.7692307692307693,0.23076923076923078,0.7692307692307693,0.23076923076923078,10,3,10,3,13,8,13,10,1.0328152179718018,0.05,,,,,,,,,,,0.426319076754765,0.426319076754765
1081,train-load-0.8-scenario-550-retry-10,0.8,0.8,0.8,0.64,8.53470491301265,0.5270099892665892,0.47299001073341096,0.75,0.25,0.75,0.25,6,2,6,2,8,5,8,6,0.19316333532333374,0.05,,,,,,,,,,,0.426319076754765,0.426319076754765
1082,train-load-0.6-scenario-599,0.6,0.5783604,0.323304,0.5783604,11.059365297679985,1.267186475196133,0.732813524803867,1.0,0.0,1.0,0.0,6,0,6,0,6,5,6,6,0.7944084405899048,0.05,,,,,,,,,,,0.426319076754765,0.426319076754765
1083,train-load-1.0-scenario-661,1.0,0.8953500000000001,0.6533041666666667,0.8953500000000001,9.494903281622687,0.3039884782521862,0.605102430838723,0.7272727272727273,0.2727272727272727,0.6428571428571429,0.35714285714285715,8,3,9,5,14,6,11,8,0.9147900342941284,0.05,,,,,,,,,,,0.426319076754765,0.426319076754765
1084,train-load-0.5-scenario-140-retry-5,0.5,0.4166666666666667,0.4166666666666667,0.325,19.33575571226345,1.3494977575497702,0.6505022424502298,1.0,0.0,1.0,0.0,12,0,12,0,12,8,12,12,0.7052140235900879,0.05,,,,,,,,,,,0.426319076754765,0.426319076754765
1085,train-load-0.9-scenario-748-retry-2,0.9,1.0,0.16666666666666666,1.0,5.212821923781862,-0.2121863471156249,0.6121863471156248,0.6,0.4,0.6,0.4,6,4,6,4,10,6,10,6,0.8047682046890259,0.05,,,,,,,,,,,0.426319076754765,0.426319076754765
1086,train-hard-4gpu-12pod-small,0.375,0.375,0.25,0.375,22.441746824526945,1.875,0.125,1.0,0.0,1.0,0.0,12,0,12,0,12,4,12,12,0.79566490650177,0.05,,,,,,,,,,,0.426319076754765,0.426319076754765
1087,train-load-0.7-scenario-535,0.7,0.6,0.16666666666666666,0.6,14.403162946773548,1.3978217733600407,0.6021782266399593,1.0,0.0,1.0,0.0,8,0,8,0,8,8,8,8,0.6917508244514465,0.05,,,,,,,,,,,0.426319076754765,0.426319076754765
1088,train-load-0.9-scenario-490,0.9,0.7954685714285714,0.6622619642857144,0.7954685714285714,18.63085617048928,1.2205203258015445,0.47178736650614783,0.9230769230769231,0.07692307692307693,0.8571428571428571,0.14285714285714285,12,1,12,2,14,7,13,12,0.8146342039108276,0.05,,,,,,,,,,,0.426319076754765,0.426319076754765
1089,train-load-0.7-scenario-122,0.7,0.6007895,0.5297824999999999,0.6007895,5.7014290505029095,0.4610090742619233,0.7389909257380768,0.8,0.2,0.6666666666666666,0.3333333333333333,4,1,4,2,6,4,5,4,0.7023407220840454,0.05,,,,,,,,,,,0.426319076754765,0.426319076754765
1090,train-load-0.6-scenario-2-retry-1,0.6,0.5,0.5,0.3,36.75731217000752,1.5542609818347215,0.44573901816527844,1.0,0.0,1.0,0.0,24,0,24,0,24,8,24,24,0.5499338507652283,0.05,,,,,,,,,,,0.426319076754765,0.426319076754765
1091,train-load-0.6-scenario-540,0.6,0.5915130000000001,0.30926200000000004,0.5915130000000001,7.91941270522832,0.6946658483076249,0.6386674850257086,0.8333333333333334,0.16666666666666666,0.8333333333333334,0.16666666666666666,5,1,5,1,6,5,6,5,0.4530353546142578,0.05,,,,,,,,,,,0.426319076754765,0.426319076754765
1092,train-load-0.7-scenario-41-retry-1,0.7,0.6,0.48,0.6,20.925845431793377,1.6041631141675943,0.39583688583240584,1.0,0.0,1.0,0.0,12,0,12,0,12,5,12,12,0.5116798281669617,0.05,,,,,,,,,,,0.426319076754765,0.426319076754765
1093,train-load-0.8-scenario-140-retry-5,0.8,0.9,0.9,0.9,7.180780536688425,0.1962310354977198,0.47043563116894677,0.6666666666666666,0.3333333333333333,0.6666666666666666,0.3333333333333333,6,3,6,3,9,4,9,6,0.9500136375427246,0.05,,,,,,,,,,,0.426319076754765,0.426319076754765
1094,train-load-0.5-scenario-182,0.5,0.47289250000000005,0.47289250000000005,0.3517012,10.06438528109475,1.333871550121668,0.6661284498783319,1.0,0.0,1.0,0.0,5,0,6,0,6,5,5,5,0.8149591684341431,0.05,,,,,,,,,,,0.426319076754765,0.426319076754765
1095,train-load-1.0-scenario-519,1.0,1.0857142857142856,0.4523809523809524,1.0857142857142856,10.186713831219686,-0.31807120891069807,0.6338606825949087,0.5789473684210527,0.42105263157894735,0.5789473684210527,0.42105263157894735,11,8,11,8,19,7,19,11,0.659864604473114,0.05,,,,,,,,,,,0.426319076754765,0.426319076754765
1096,train-load-0.9-scenario-136,0.9,0.895280875,0.56138296875,0.895280875,17.186334800029837,0.9064773387149069,0.5220940898565217,0.8571428571428571,0.14285714285714285,0.8,0.2,12,2,12,3,15,8,14,12,0.7031491994857788,0.05,,,,,,,,,,,0.426319076754765,0.426319076754765
1097,train-load-0.5-scenario-145-retry-3,0.5,0.525,0.45,0.525,16.241100870225907,1.5473852828713812,0.4526147171286188,1.0,0.0,1.0,0.0,9,0,9,0,9,4,9,9,0.5520985126495361,0.05,,,,,,,,,,,0.426319076754765,0.426319076754765
1098,train-load-0.9-scenario-552,0.9,0.840625,0.840625,0.8336562,9.727839524133614,0.42509630491622075,0.7749036950837793,0.8,0.2,0.6666666666666666,0.3333333333333333,8,2,8,4,12,5,10,8,0.5933021306991577,0.05,,,,,,,,,,,0.426319076754765,0.426319076754765
1099,train-load-0.6-scenario-378,0.6,0.6666666666666666,0.6666666666666666,0.5714285714285714,21.488722543267123,1.724111809009505,0.2758881909904952,1.0,0.0,1.0,0.0,12,0,12,0,12,7,12,12,0.4871448874473572,0.05,,,,,,,,,,,0.426319076754765,0.426319076754765
1100,train-load-1.0-scenario-44,1.0,0.943413375,0.7465421874999999,0.943413375,17.432555753992627,0.7158683041357037,0.5341316958642964,0.8125,0.1875,0.7222222222222222,0.2777777777777778,13,3,13,5,18,8,16,13,0.8576631546020508,0.05,0.35053875936289064,0.5263131886520174,0.7192129870037269,0.280787012996273,0.7064294533283169,0.29357054667168314,0.35053875936289064,0.5505299891415698,0.24085824926371763,0.6733496760853873,0.426319076754765,0.426319076754765
1101,train-load-0.7-scenario-552-retry-5,0.7,0.6,0.5,0.6,21.84877963623449,1.7115400663126348,0.2884599336873652,1.0,0.0,1.0,0.0,12,0,12,0,12,4,12,12,1.036142349243164,0.05,,,,,,,,,,,0.426319076754765,0.426319076754765
1102,train-load-1.0-scenario-728-retry-6,1.0,1.1111111111111112,1.1111111111111112,0.38333333333333336,3.5426905616237496,-0.5640184754398573,0.745836657258039,0.5454545454545454,0.45454545454545453,0.5454545454545454,0.45454545454545453,6,5,6,5,11,6,11,6,1.1795936822891235,0.05,,,,,,,,,,,0.426319076754765,0.426319076754765
1103,train-load-0.5-scenario-16,0.5,0.4,0.3333333333333333,0.4,18.296064447723012,1.5860224332009858,0.4139775667990142,1.0,0.0,1.0,0.0,10,0,10,0,10,5,10,10,0.815168023109436,0.05,,,,,,,,,,,0.426319076754765,0.426319076754765
1104,train-load-0.8-scenario-65-retry-1,0.8,0.8333333333333334,0.3333333333333333,0.8333333333333334,5.750448315567496,-0.14393898191541044,0.5439389819154103,0.6,0.4,0.6,0.4,6,4,6,4,10,6,10,6,0.7502883076667786,0.05,,,,,,,,,,,0.426319076754765,0.426319076754765
1105,train-load-0.6-scenario-161,0.6,0.5,0.5,0.5,15.98700332425279,1.6754095301770517,0.32459046982294837,1.0,0.0,1.0,0.0,8,0,8,0,8,8,8,8,0.48325878381729126,0.05,,,,,,,,,,,0.426319076754765,0.426319076754765
1106,train-load-0.6-scenario-313-retry-3,0.6,0.5,0.5,0.5,33.3987668608856,1.8334323016010665,0.16656769839893348,1.0,0.0,1.0,0.0,20,0,20,0,20,8,20,20,0.6775842308998108,0.05,,,,,,,,,,,0.426319076754765,0.426319076754765
1107,train-load-0.5-scenario-463-retry-2,0.5,0.6,0.5,0.6,16.50957564476577,1.5757167253865714,0.42428327461342863,1.0,0.0,1.0,0.0,9,0,9,0,9,7,9,9,0.5501551628112793,0.05,,,,,,,,,,,0.426319076754765,0.426319076754765
1108,train-load-0.9-scenario-697,0.9,0.8715470000000001,0.4916158333333333,0.8715470000000001,5.8865773904032785,-0.03724061190096006,0.7039072785676267,0.6666666666666666,0.3333333333333333,0.7,0.3,6,3,7,3,10,6,9,6,0.6493253707885742,0.05,,,,,,,,,,,0.426319076754765,0.426319076754765
1109,train-load-0.8-scenario-42,0.8,0.8714285714285714,0.8285714285714286,0.8714285714285714,5.169591758091446,-0.022173187469721856,0.5221731874697219,0.625,0.375,0.6363636363636364,0.36363636363636365,5,3,7,4,11,7,8,5,1.2804124355316162,0.05,,,,,,,,,,,0.426319076754765,0.426319076754765
1110,train-load-0.8-scenario-413,0.8,0.721735625,0.721735625,0.6921685,11.874129260350657,1.086628502507136,0.4133714974928639,0.875,0.125,0.875,0.125,7,1,7,1,8,4,8,7,0.7406978607177734,0.05,,,,,,,,,,,0.426319076754765,0.426319076754765
1111,train-load-0.5-scenario-437,0.5,0.5377834,0.26697666666666664,0.5377834,5.656093729075629,0.4683597752233145,0.7316402247766856,0.8,0.2,0.8,0.2,4,1,4,1,5,5,5,4,0.7219892144203186,0.05,,,,,,,,,,,0.426319076754765,0.426319076754765
1112,train-load-0.5-scenario-2,0.5,0.5512440000000001,0.22677,0.5512440000000001,9.094172618055525,1.3745492198068086,0.6254507801931914,1.0,0.0,1.0,0.0,4,0,4,0,4,4,4,4,0.30524685978889465,0.05,,,,,,,,,,,0.426319076754765,0.426319076754765
1113,train-load-0.5-scenario-194-retry-1,0.5,0.5714285714285714,0.5714285714285714,0.5714285714285714,15.083941617923136,1.55890708341071,0.4410929165892902,1.0,0.0,1.0,0.0,8,0,10,0,10,7,8,8,0.5674403309822083,0.05,,,,,,,,,,,0.426319076754765,0.426319076754765
1114,train-load-0.9-scenario-571,0.9,0.8348988749999999,0.47460125,0.8348988749999999,11.572195977137934,0.4405483493128287,0.5594516506871713,0.75,0.25,0.6923076923076923,0.3076923076923077,9,3,9,4,13,8,12,9,0.6481783986091614,0.05,,,,,,,,,,,0.426319076754765,0.426319076754765
1115,train-load-0.7-scenario-381,0.7,0.7168632,0.3338316666666667,0.7168632,10.023944666797686,1.3077128030395586,0.6922871969604414,1.0,0.0,1.0,0.0,5,0,6,0,6,5,5,5,0.7587615251541138,0.05,,,,,,,,,,,0.426319076754765,0.426319076754765
1116,train-load-0.7-scenario-444,0.7,0.65,0.38125,0.65,6.938517501704492,0.12880467447491484,0.5378619921917518,0.6666666666666666,0.3333333333333333,0.6666666666666666,0.3333333333333333,6,3,6,3,9,8,9,6,0.4773072600364685,0.05,,,,,,,,,,,0.426319076754765,0.426319076754765
1117,train-load-0.8-scenario-259,0.8,0.6920106666666667,0.3022489583333333,0.6920106666666667,10.747073318970969,1.2265402141438546,0.7734597858561455,1.0,0.0,1.0,0.0,6,0,7,0,7,6,6,6,0.6999377012252808,0.05,,,,,,,,,,,0.426319076754765,0.426319076754765
1118,train-load-0.6-scenario-61-retry-3,0.6,0.7,0.28,0.7,17.498229134900097,0.907934489029046,0.5206369395423824,0.8571428571428571,0.14285714285714285,0.8571428571428571,0.14285714285714285,12,2,12,2,14,5,14,12,0.9089725017547607,0.05,,,,,,,,,,,0.426319076754765,0.426319076754765
1119,train-load-0.8-scenario-255,0.8,0.9166666666666666,0.6666666666666666,0.9166666666666666,6.400814033741396,0.036638465212733395,0.3633615347872665,0.6,0.4,0.6,0.4,6,4,6,4,10,6,10,6,0.8286536931991577,0.05,,,,,,,,,,,0.426319076754765,0.426319076754765
1120,train-load-0.8-scenario-316-retry-2,0.8,0.6857142857142857,0.5714285714285714,0.6857142857142857,20.67957902953355,1.5816852717525718,0.4183147282474281,1.0,0.0,1.0,0.0,12,0,12,0,12,7,12,12,0.5645148754119873,0.05,,,,,,,,,,,0.426319076754765,0.426319076754765
1121,train-load-0.6-scenario-11-retry-5,0.6,0.64,0.26666666666666666,0.64,14.502560934091823,1.4190080452014144,0.5809919547985857,1.0,0.0,1.0,0.0,8,0,8,0,8,5,8,8,0.3188384175300598,0.05,,,,,,,,,,,0.426319076754765,0.426319076754765
1122,train-load-1.0-scenario-687-retry-4,1.0,1.0,0.6666666666666666,1.0,3.6105742109868446,-0.4326795803121031,0.432679580312103,0.5,0.5,0.5,0.5,5,5,5,5,10,5,10,5,0.35363370180130005,0.05,,,,,,,,,,,0.426319076754765,0.426319076754765
1123,train-load-0.8-scenario-168-retry-2,0.8,0.9,0.9,0.4125,9.027101059693223,0.4636650473508208,0.6474460637602903,0.7777777777777778,0.2222222222222222,0.7777777777777778,0.2222222222222222,7,2,7,2,9,8,9,7,0.6338634490966797,0.05,,,,,,,,,,,0.426319076754765,0.426319076754765
1124,train-load-0.9-scenario-712-retry-1,0.9,0.824690375,0.7144052083333333,0.824690375,18.520339330962535,0.7777702255483088,0.5163474215105145,0.8235294117647058,0.17647058823529413,0.7777777777777778,0.2222222222222222,14,3,14,4,18,8,17,14,0.6292247772216797,0.05,,,,,,,,,,,0.426319076754765,0.426319076754765
1125,train-load-1.0-scenario-586-retry-2,1.0,0.9,0.9,0.9,14.804833470229562,0.30843269289848685,0.3582339737681798,0.6666666666666666,0.3333333333333333,0.6666666666666666,0.3333333333333333,12,6,12,6,18,4,18,12,0.915489673614502,0.05,,,,,,,,,,,0.426319076754765,0.426319076754765
1126,train-load-0.8-scenario-41-retry-7,0.8,0.87,0.2,0.87,8.837868573799632,0.4150277315131441,0.6960833795979671,0.7777777777777778,0.2222222222222222,0.7777777777777778,0.2222222222222222,7,2,7,2,9,5,9,7,0.9457054138183594,0.05,,,,,,,,,,,0.426319076754765,0.426319076754765
1127,train-load-1.0-scenario-631-retry-4,1.0,1.0416666666666667,1.0416666666666667,0.875,8.91110991734699,0.31577110814244347,0.48422889185755646,0.7,0.3,0.6,0.4,7,3,9,6,15,4,10,7,0.6583490371704102,0.05,,,,,,,,,,,0.426319076754765,0.426319076754765
1128,train-load-0.7-scenario-742,0.7,0.638610125,0.41523177083333335,0.638610125,9.106725449328888,0.44960536840656273,0.6615057427045484,0.7777777777777778,0.2222222222222222,0.7272727272727273,0.2727272727272727,7,2,8,3,11,8,9,7,0.6666828989982605,0.05,,,,,,,,,,,0.426319076754765,0.426319076754765
1129,train-load-0.5-scenario-270,0.5,0.4578494791666667,0.4578494791666667,0.43494999999999995,8.878490726536189,1.1132759673225452,0.8867240326774548,1.0,0.0,1.0,0.0,5,0,5,0,5,4,5,5,0.7281887531280518,0.05,,,,,,,,,,,0.426319076754765,0.426319076754765
1130,train-load-1.0-scenario-725,1.0,0.8877321666666668,0.5941145833333333,0.8877321666666668,17.018085172839463,1.1730272951809717,0.49363937148569476,0.9166666666666666,0.08333333333333333,0.8461538461538461,0.15384615384615385,11,1,11,2,13,6,12,11,0.8852951526641846,0.05,,,,,,,,,,,0.426319076754765,0.426319076754765
1131,train-load-0.6-scenario-456,0.6,0.5895276250000001,0.25671875,0.5895276250000001,10.337973834496854,0.7897804848969825,0.7102195151030176,0.875,0.125,0.875,0.125,7,1,7,1,8,8,8,7,0.9407253265380859,0.05,,,,,,,,,,,0.426319076754765,0.426319076754765
1132,train-load-0.5-scenario-1,0.5,0.56,0.56,0.46,19.68994852754733,1.6295307186032022,0.3704692813967977,1.0,0.0,1.0,0.0,11,0,11,0,11,5,11,11,1.110465168952942,0.05,,,,,,,,,,,0.426319076754765,0.426319076754765
1133,train-load-0.6-scenario-184,0.6,0.5,0.3333333333333333,0.5,26.251747717360928,1.5901816097584303,0.40981839024156985,1.0,0.0,1.0,0.0,16,0,16,0,16,8,16,16,0.7427008152008057,0.05,,,,,,,,,,,0.426319076754765,0.426319076754765
1134,train-load-0.9-scenario-428,0.9,0.9,0.9,0.9,7.267478077840117,0.2579457147177564,0.4087209519489102,0.6666666666666666,0.3333333333333333,0.6666666666666666,0.3333333333333333,6,3,6,3,9,4,9,6,1.0477757453918457,0.05,,,,,,,,,,,0.426319076754765,0.426319076754765
1135,train-load-0.7-scenario-703,0.7,0.67604825,0.36447421875,0.67604825,10.850432692163007,0.5565551287290026,0.6434448712709975,0.8,0.2,0.8,0.2,8,2,8,2,10,8,10,8,1.326321005821228,0.05,,,,,,,,,,,0.426319076754765,0.426319076754765
1136,train-load-0.8-scenario-122-retry-5,0.8,0.8571428571428571,0.8571428571428571,0.6857142857142857,7.577773020337658,-0.034876910161196206,0.3682102434945296,0.5833333333333334,0.4166666666666667,0.5833333333333334,0.4166666666666667,7,5,7,5,12,7,12,7,1.4013795852661133,0.05,,,,,,,,,,,0.426319076754765,0.426319076754765
1137,train-load-0.7-scenario-290-retry-2,0.7,0.8095238095238095,0.8095238095238095,0.6285714285714286,9.92881066006408,0.3859320390679368,0.5231588700229723,0.7272727272727273,0.2727272727272727,0.7272727272727273,0.2727272727272727,8,3,8,3,11,7,11,8,0.7746720314025879,0.05,,,,,,,,,,,0.426319076754765,0.426319076754765
1138,train-load-0.6-scenario-191-retry-1,0.6,0.5,0.5,0.3125,17.99235997594372,1.5252508347916494,0.47474916520835075,1.0,0.0,1.0,0.0,10,0,10,0,10,8,10,10,1.0201382637023926,0.05,,,,,,,,,,,0.426319076754765,0.426319076754765
1139,train-load-0.9-scenario-17,0.9,0.8828646,0.698252,0.8828646,9.319819553757519,0.40217015021067726,0.3978298497893228,0.7,0.3,0.6363636363636364,0.36363636363636365,7,3,7,4,11,5,10,7,0.7039086818695068,0.05,,,,,,,,,,,0.426319076754765,0.426319076754765
1140,train-load-0.8-scenario-214-retry-5,0.8,0.7142857142857143,0.5285714285714286,0.7142857142857143,21.447821923167666,1.2913873233315676,0.4419460100017657,0.9333333333333333,0.06666666666666667,0.9333333333333333,0.06666666666666667,14,1,14,1,15,7,15,14,0.6543991565704346,0.05,,,,,,,,,,,0.426319076754765,0.426319076754765
1141,train-load-0.7-scenario-240-retry-1,0.7,0.8,0.7375,0.8,11.005055095225142,0.633012924188522,0.5669870758114781,0.8,0.2,0.8,0.2,8,2,8,2,10,4,10,8,0.779517412185669,0.05,,,,,,,,,,,0.426319076754765,0.426319076754765
1142,train-load-0.8-scenario-694-retry-4,0.8,0.9,0.375,0.9,7.165105428860917,0.18203131773084769,0.48463534893581894,0.6666666666666666,0.3333333333333333,0.6666666666666666,0.3333333333333333,6,3,6,3,9,4,9,6,0.4688110947608948,0.05,,,,,,,,,,,0.426319076754765,0.426319076754765
1143,train-load-0.7-scenario-691,0.7,0.6149239999999999,0.5381817708333333,0.6149239999999999,7.375208040394204,0.6254326278324853,0.7079007055008482,0.8333333333333334,0.16666666666666666,0.8333333333333334,0.16666666666666666,5,1,5,1,6,4,6,5,0.6720159649848938,0.05,,,,,,,,,,,0.426319076754765,0.426319076754765
1144,train-load-1.0-scenario-88,1.0,0.8989434,0.7603300000000001,0.8989434,14.683184583684277,1.002999138154334,0.6333644982093022,0.9090909090909091,0.09090909090909091,0.8333333333333334,0.16666666666666666,10,1,10,2,12,5,11,10,0.8454892635345459,0.05,,,,,,,,,,,0.426319076754765,0.426319076754765
1145,train-load-0.7-scenario-713,0.7,0.7333333333333333,0.7333333333333333,0.36666666666666664,18.584601994183934,1.503746991233419,0.49625300876658096,1.0,0.0,1.0,0.0,11,0,11,0,11,6,11,11,0.8664488792419434,0.05,,,,,,,,,,,0.426319076754765,0.426319076754765
1146,train-load-0.7-scenario-270,0.7,0.6008416,0.29185,0.6008416,11.482531134091118,1.3431374609076978,0.6568625390923022,1.0,0.0,1.0,0.0,6,0,6,0,6,5,6,6,0.9467228055000305,0.05,,,,,,,,,,,0.426319076754765,0.426319076754765
1147,train-hard-4gpu-8pod-1vgpu,0.5,0.5,0.3333333333333333,0.5,16.58899576603593,1.8333333333333335,0.16666666666666663,1.0,0.0,1.0,0.0,8,0,8,0,8,4,8,8,0.6658583879470825,0.05,,,,,,,,,,,0.426319076754765,0.426319076754765
1148,train-load-0.5-scenario-661,0.5,0.6,0.3333333333333333,0.6,11.004644180027157,0.8991816431396857,0.6008183568603143,0.875,0.125,0.875,0.125,7,1,7,1,8,6,8,7,0.724578857421875,0.05,,,,,,,,,,,0.426319076754765,0.426319076754765
1149,train-load-0.9-scenario-414,0.9,0.8758007142857144,0.3236154761904762,0.8758007142857144,10.087515653911886,0.7547149368923127,0.7452850631076873,0.875,0.125,0.8,0.2,7,1,8,2,10,7,8,7,0.594803512096405,0.05,,,,,,,,,,,0.426319076754765,0.426319076754765
1150,train-load-0.6-scenario-503,0.6,0.48,0.48,0.24,21.090813869963586,1.6000858097335877,0.3999141902664124,1.0,0.0,1.0,0.0,12,0,12,0,12,5,12,12,0.47191521525382996,0.05,,,,,,,,,,,0.426319076754765,0.426319076754765
1151,train-load-0.9-scenario-135,0.9,0.9583333333333334,0.15,0.9583333333333334,2.7377471574852095,-0.5471537933139891,0.7693760155362114,0.5555555555555556,0.4444444444444444,0.5555555555555556,0.4444444444444444,5,4,5,4,9,6,9,5,0.4581652283668518,0.05,,,,,,,,,,,0.426319076754765,0.426319076754765
1152,train-load-0.9-scenario-200,0.9,0.8044456,0.6075379166666667,0.8044456,14.612477428372856,1.1207561328909197,0.4792438671090804,0.9,0.1,0.9,0.1,9,1,9,1,10,5,10,9,0.7073116898536682,0.05,,,,,,,,,,,0.426319076754765,0.426319076754765
1153,train-load-0.9-scenario-182,0.9,0.791737,0.5488392857142858,0.791737,14.183339625940466,1.0566493144880253,0.5433506855119746,0.9,0.1,0.9166666666666666,0.08333333333333333,9,1,11,1,12,7,10,9,0.4571598172187805,0.05,,,,,,,,,,,0.426319076754765,0.426319076754765
1154,train-load-0.6-scenario-64,0.6,0.675,0.6375,0.675,16.838717145266266,1.6068367326486646,0.3931632673513354,1.0,0.0,1.0,0.0,9,0,9,0,9,4,9,9,0.4330914318561554,0.05,,,,,,,,,,,0.426319076754765,0.426319076754765
1155,train-load-1.0-scenario-501-retry-4,1.0,1.0833333333333333,1.0833333333333333,0.9833333333333333,9.166154948052515,-0.13895965996248738,0.3889596599624873,0.5625,0.4375,0.5625,0.4375,9,7,9,7,16,6,16,9,0.42642703652381897,0.05,,,,,,,,,,,0.426319076754765,0.426319076754765
1156,train-load-0.8-scenario-213,0.8,0.7398354166666666,0.7398354166666666,0.5498517142857143,12.091284291445584,0.6206421146925275,0.6520851580347453,0.8181818181818182,0.18181818181818182,0.7692307692307693,0.23076923076923078,9,2,10,3,13,7,11,9,0.5650240182876587,0.05,,,,,,,,,,,0.426319076754765,0.426319076754765
1157,train-load-0.5-scenario-733,0.5,0.493117,0.3583203125,0.493117,10.836277976834515,1.2325768449616012,0.7674231550383988,1.0,0.0,1.0,0.0,6,0,9,0,9,8,6,6,0.597775399684906,0.05,,,,,,,,,,,0.426319076754765,0.426319076754765
1158,train-hard-8gpu-16pod-1vgpu,0.5,0.5,0.3333333333333333,0.5,27.38404848864959,1.8333333333333335,0.16666666666666663,1.0,0.0,1.0,0.0,16,0,16,0,16,8,16,16,0.7426920533180237,0.05,,,,,,,,,,,0.426319076754765,0.426319076754765
1159,train-load-0.6-scenario-448,0.6,0.51772925,0.2784890625,0.51772925,7.594966530536452,0.3294881788168239,0.6705118211831761,0.75,0.25,0.75,0.25,6,2,6,2,8,8,8,6,1.0038516521453857,0.05,,,,,,,,,,,0.426319076754765,0.426319076754765
1160,train-load-0.5-scenario-5,0.5,0.5714285714285714,0.38095238095238093,0.5714285714285714,12.403606859400547,1.1347039256262739,0.36529607437372624,0.875,0.125,0.875,0.125,7,1,7,1,8,7,8,7,0.8302443027496338,0.05,,,,,,,,,,,0.426319076754765,0.426319076754765
1161,train-load-1.0-scenario-307-retry-1,1.0,0.8919255,0.4867673611111111,0.8919255,9.939034882012464,0.42435524354019083,0.7756447564598092,0.8,0.2,0.7272727272727273,0.2727272727272727,8,2,8,3,11,6,10,8,1.0585955381393433,0.05,,,,,,,,,,,0.426319076754765,0.426319076754765
1162,train-load-0.7-scenario-217,0.7,0.65,0.3333333333333333,0.65,16.626173187647325,1.3824424896933516,0.6175575103066484,1.0,0.0,1.0,0.0,10,0,10,0,10,5,10,10,0.7691066265106201,0.05,,,,,,,,,,,0.426319076754765,0.426319076754765
1163,train-load-1.0-scenario-209-retry-5,1.0,1.0625,1.0625,0.775,17.914946594717758,0.3768227427647446,0.6231772572352554,0.75,0.25,0.6428571428571429,0.35714285714285715,15,5,18,10,28,8,20,15,0.49651604890823364,0.05,,,,,,,,,,,0.426319076754765,0.426319076754765
1164,train-load-1.0-scenario-95,1.0,1.0046591428571428,0.7095335714285714,1.0046591428571428,9.555741280133347,0.1067239184011396,0.6625068508296296,0.6923076923076923,0.3076923076923077,0.625,0.375,9,4,10,6,16,7,13,9,0.399882972240448,0.05,,,,,,,,,,,0.426319076754765,0.426319076754765
1165,train-hard-4gpu-8pod-1vgpu,0.5,0.5,0.3333333333333333,0.5,16.49705824296233,1.8333333333333335,0.16666666666666663,1.0,0.0,1.0,0.0,8,0,8,0,8,4,8,8,0.9212968349456787,0.05,,,,,,,,,,,0.426319076754765,0.426319076754765
1166,train-load-0.6-scenario-305,0.6,0.6666666666666666,0.6666666666666666,0.5333333333333333,15.077003282784137,1.2241642493839124,0.37583575061608776,0.9,0.1,0.9,0.1,9,1,9,1,10,6,10,9,0.7604110240936279,0.05,,,,,,,,,,,0.426319076754765,0.426319076754765
1167,train-load-0.8-scenario-347-retry-3,0.8,0.75,0.16666666666666666,0.75,15.753395054307877,0.9494232872075384,0.7172433794591281,0.9166666666666666,0.08333333333333333,0.9166666666666666,0.08333333333333333,11,1,11,1,12,6,12,11,0.3686089515686035,0.05,,,,,,,,,,,0.426319076754765,0.426319076754765
1168,train-load-0.7-scenario-36,0.7,0.5833333333333334,0.3888888888888889,0.5833333333333334,23.1984535433689,1.5076255715899607,0.4923744284100393,1.0,0.0,1.0,0.0,14,0,14,0,14,6,14,14,0.7640697956085205,0.05,,,,,,,,,,,0.426319076754765,0.426319076754765
1169,train-load-0.8-scenario-515-retry-1,0.8,0.8125,0.8125,0.45,10.874581303271798,0.5941165403757228,0.9614390151798327,0.8888888888888888,0.1111111111111111,0.8181818181818182,0.18181818181818182,8,1,9,2,11,4,9,8,1.2736070156097412,0.05,,,,,,,,,,,0.426319076754765,0.426319076754765
1170,train-load-0.6-scenario-175-retry-2,0.6,0.72,0.6,0.72,13.090972193355059,1.0822449438048038,0.47331061175075156,0.8888888888888888,0.1111111111111111,0.8888888888888888,0.1111111111111111,8,1,8,1,9,5,9,8,0.6335083246231079,0.05,,,,,,,,,,,0.426319076754765,0.426319076754765
1171,train-load-1.0-scenario-671-retry-1,1.0,0.908413,0.8033858333333334,0.908413,10.67975779394812,0.5048155670632433,0.4042753420276658,0.7272727272727273,0.2727272727272727,0.6666666666666666,0.3333333333333333,8,3,8,4,12,5,11,8,0.7651504278182983,0.05,,,,,,,,,,,0.426319076754765,0.426319076754765
1172,train-load-0.9-scenario-229,0.9,0.8791092,0.7676929166666666,0.8791092,10.339130890496914,0.41642505762606563,0.49266585146484354,0.7272727272727273,0.2727272727272727,0.75,0.25,8,3,9,3,12,5,11,8,0.6548262238502502,0.05,,,,,,,,,,,0.426319076754765,0.426319076754765
1173,train-load-0.7-scenario-595-retry-5,0.7,0.73,0.73,0.54,23.229376288784866,1.2903566819723442,0.45964331802765585,0.9375,0.0625,0.9375,0.0625,15,1,15,1,16,5,16,15,0.9945340156555176,0.05,,,,,,,,,,,0.426319076754765,0.426319076754765
1174,train-load-1.0-scenario-19-retry-11,1.0,0.9333333333333333,0.9333333333333333,0.23333333333333334,10.802346846372746,0.14093206596795127,0.7162107911749059,0.7142857142857143,0.2857142857142857,0.7142857142857143,0.2857142857142857,10,4,10,4,14,6,14,10,0.9109055399894714,0.05,,,,,,,,,,,0.426319076754765,0.426319076754765
1175,train-load-0.8-scenario-546,0.8,0.6869111250000001,0.5432364583333333,0.6869111250000001,18.20710444532493,1.1309580230748315,0.5613496692328608,0.9230769230769231,0.07692307692307693,0.9230769230769231,0.07692307692307693,12,1,12,1,13,8,13,12,1.130541205406189,0.05,,,,,,,,,,,0.426319076754765,0.426319076754765
1176,train-load-0.7-scenario-125-retry-3,0.7,0.6583333333333333,0.5083333333333333,0.6583333333333333,21.417862645853745,1.5058029028412383,0.4941970971587618,1.0,0.0,1.0,0.0,13,0,13,0,13,6,13,13,0.7342574596405029,0.05,,,,,,,,,,,0.426319076754765,0.426319076754765
1177,train-load-0.8-scenario-225-retry-1,0.8,0.8571428571428571,0.6285714285714286,0.8571428571428571,5.2600639665968085,-0.0187271632552648,0.5187271632552648,0.625,0.375,0.5,0.5,5,3,6,6,12,7,8,5,0.6386638879776001,0.05,,,,,,,,,,,0.426319076754765,0.426319076754765
1178,train-load-0.5-scenario-659,0.5,0.5014615,0.37707604166666664,0.5014615,12.763626060769173,1.3486166817581329,0.6513833182418672,1.0,0.0,1.0,0.0,7,0,7,0,7,6,7,7,0.815862774848938,0.05,,,,,,,,,,,0.426319076754765,0.426319076754765
1179,train-load-1.0-scenario-92-retry-4,1.0,0.95,0.95,0.5428571428571428,7.513240106844014,-0.26562371396874473,1.034854483199514,0.6923076923076923,0.3076923076923077,0.6923076923076923,0.3076923076923077,9,4,9,4,13,7,13,9,0.7568098306655884,0.05,,,,,,,,,,,0.426319076754765,0.426319076754765
1180,train-load-0.5-scenario-511-retry-2,0.5,0.5714285714285714,0.38095238095238093,0.5714285714285714,12.50304373000134,1.1613063859124053,0.3386936140875946,0.875,0.125,0.875,0.125,7,1,7,1,8,7,8,7,0.9362356662750244,0.05,,,,,,,,,,,0.426319076754765,0.426319076754765
1181,train-load-0.7-scenario-50,0.7,0.6046288571428572,0.4873846428571429,0.6046288571428572,14.627196117100825,1.2401067311835774,0.7598932688164226,1.0,0.0,1.0,0.0,9,0,10,0,10,7,9,9,1.6546210050582886,0.05,,,,,,,,,,,0.426319076754765,0.426319076754765
1182,train-load-0.5-scenario-259-retry-9,0.5,0.575,0.19791666666666666,0.575,14.1479247073669,1.3511347826457114,0.6488652173542885,1.0,0.0,1.0,0.0,8,0,8,0,8,8,8,8,1.107203483581543,0.05,,,,,,,,,,,0.426319076754765,0.426319076754765
1183,train-load-0.5-scenario-567-retry-6,0.5,0.56,0.14,0.56,21.25297113159425,1.2691771355529666,0.7308228644470335,1.0,0.0,1.0,0.0,14,0,14,0,14,5,14,14,0.7765954732894897,0.05,,,,,,,,,,,0.426319076754765,0.426319076754765
1184,train-load-0.7-scenario-78-retry-3,0.7,0.8,0.8,0.34,5.710235315312177,0.09999715839902867,0.4000028416009714,0.625,0.375,0.625,0.375,5,3,5,3,8,5,8,5,0.7248545289039612,0.05,,,,,,,,,,,0.426319076754765,0.426319076754765
1185,train-load-0.8-scenario-107,0.8,0.7654005208333333,0.7654005208333333,0.58697175,4.618520285317901,-0.04075800610231339,0.8979008632451706,0.7142857142857143,0.2857142857142857,0.625,0.375,5,2,5,3,8,4,7,5,1.003218173980713,0.05,,,,,,,,,,,0.426319076754765,0.426319076754765
1186,train-load-0.8-scenario-500,0.8,0.7048496666666667,0.47070972222222224,0.7048496666666667,10.62533807817221,0.8407297243064877,0.6592702756935124,0.875,0.125,0.7777777777777778,0.2222222222222222,7,1,7,2,9,6,8,7,0.39506521821022034,0.05,,,,,,,,,,,0.426319076754765,0.426319076754765
1187,train-load-0.7-scenario-149,0.7,0.6181598214285715,0.6181598214285715,0.612615,19.052250346928894,1.5712135722724994,0.42878642772750075,1.0,0.0,1.0,0.0,11,0,12,0,12,7,11,11,0.7008265852928162,0.05,,,,,,,,,,,0.426319076754765,0.426319076754765
1188,train-load-1.0-scenario-63,1.0,0.9998157999999999,0.8267722499999999,0.9998157999999999,5.484604499823652,-0.34018860106717164,0.885643146521717,0.6363636363636364,0.36363636363636365,0.5384615384615384,0.46153846153846156,7,4,7,6,13,5,11,7,0.9943968653678894,0.05,,,,,,,,,,,0.426319076754765,0.426319076754765
1189,train-load-0.7-scenario-185,0.7,0.6484758,0.31206249999999996,0.6484758,9.064513213090684,1.1227812090483362,0.8772187909516638,1.0,0.0,1.0,0.0,5,0,6,0,6,5,5,5,0.4958365857601166,0.05,,,,,,,,,,,0.426319076754765,0.426319076754765
1190,train-load-0.6-scenario-479,0.6,0.6071428571428571,0.3333333333333333,0.6071428571428571,5.066019453837672,-0.06876650557066788,0.5687665055706679,0.625,0.375,0.625,0.375,5,3,5,3,8,7,8,5,1.2419828176498413,0.05,,,,,,,,,,,0.426319076754765,0.426319076754765
1191,train-load-0.8-scenario-22,0.8,0.7063581250000001,0.7063581250000001,0.6644785,6.379700873281224,0.3270238063106463,0.5301190508322109,0.7142857142857143,0.2857142857142857,0.7142857142857143,0.2857142857142857,5,2,5,2,7,4,7,5,1.069385290145874,0.05,,,,,,,,,,,0.426319076754765,0.426319076754765
1192,train-load-0.7-scenario-707,0.7,0.625,0.1875,0.625,10.832802870784665,0.5907890649979338,0.6092109350020662,0.8,0.2,0.8,0.2,8,2,8,2,10,8,10,8,0.25191807746887207,0.05,,,,,,,,,,,0.426319076754765,0.426319076754765
1193,train-load-0.5-scenario-662,0.5,0.5528143999999999,0.2585441666666667,0.5528143999999999,5.551460675371719,0.48635808356150545,0.7136419164384946,0.8,0.2,0.8,0.2,4,1,4,1,5,5,5,4,0.9039574861526489,0.05,,,,,,,,,,,0.426319076754765,0.426319076754765
1194,train-load-0.7-scenario-614,0.7,0.675,0.3125,0.675,19.582557263804446,1.4238140327901987,0.5761859672098012,1.0,0.0,1.0,0.0,12,0,12,0,12,8,12,12,1.256352186203003,0.05,,,,,,,,,,,0.426319076754765,0.426319076754765
1195,train-load-0.9-scenario-705,0.9,0.78125,0.3333333333333333,0.78125,14.93761167605004,0.4857515340523956,0.5142484659476044,0.75,0.25,0.75,0.25,12,4,12,4,16,8,16,12,0.8702558279037476,0.05,,,,,,,,,,,0.426319076754765,0.426319076754765
1196,train-load-1.0-scenario-289-retry-6,1.0,0.88,0.355,0.88,28.421333591096484,1.1159992490448476,0.5203643873187885,0.9090909090909091,0.09090909090909091,0.9090909090909091,0.09090909090909091,20,2,20,2,22,5,22,20,0.45697903633117676,0.05,,,,,,,,,,,0.426319076754765,0.426319076754765
1197,train-load-0.6-scenario-340,0.6,0.539448125,0.34081812499999997,0.539448125,12.75913429494205,1.3267050555314799,0.6732949444685201,1.0,0.0,1.0,0.0,7,0,9,0,9,8,7,7,0.8164294362068176,0.05,,,,,,,,,,,0.426319076754765,0.426319076754765
1198,train-load-0.8-scenario-159,0.8,0.688513875,0.40506770833333333,0.688513875,14.451971359501613,0.9000040938042881,0.7363595425593481,0.9090909090909091,0.09090909090909091,0.9166666666666666,0.08333333333333333,10,1,11,1,12,8,11,10,0.7872950434684753,0.05,,,,,,,,,,,0.426319076754765,0.426319076754765
1199,train-load-0.8-scenario-466-retry-3,0.8,0.8571428571428571,0.8571428571428571,0.32142857142857145,7.793174998131444,0.1492772032487778,0.6507227967512221,0.7,0.3,0.7,0.3,7,3,7,3,10,7,10,7,0.9452961683273315,0.05,,,,,,,,,,,0.426319076754765,0.426319076754765
